date,sentiment_mean,sentiment_std,sentiment_polarity,weighted_sentiment,sentiment_momentum,sentiment_volatility,sentiment_rsi,sentiment_macd,sentiment_rate_of_change,sentiment_acceleration,sentiment_ma_7d,sentiment_ma_14d,sentiment_trend_7d,sentiment_trend_14d,article_count,article_count_ma_7d,relevance_mean,source_count,Technology_sentiment_score,Finance_sentiment_score,Financial Markets_sentiment_score,Earnings_sentiment_score,Economy - Macro_sentiment_score,Manufacturing_sentiment_score
2024-01-01,0.1077265217391304,0.1255278898969792,neutral,0.0213451531541966,0.0,0.1255278898969792,50.0,0.0,0.0,0.0,0.1077265217391304,0.1077265217391304,0.0,0.0,23,23.0,0.1981420434782609,10,0.0,0.0,0.0,0.0,0.0,0.0
2024-01-02,0.1148685399999999,0.1500113509542215,neutral,0.0190655471504339,0.0071420182608695,0.1377696204256003,50.0,0.0,0.0662976780979209,0.0,0.1112975308695652,0.1112975308695652,0.0,0.0,50,36.5,0.1659771,13,0.0,0.0,0.0,0.0,0.0,0.0
2024-01-03,0.1134078208955223,0.1553563262543246,neutral,0.0172187534555722,-0.0014607191044776,0.1436318557018417,50.0,0.0,-0.0127164418079798,-0.0086027373653471,0.1120009608782176,0.1120009608782176,0.0,0.0,67,46.666666666666664,0.1518303880597015,18,0.0,0.0,0.0,0.0,0.0,0.0
2024-01-04,0.14193895,0.1444107898582759,neutral,0.0316520611646518,0.0285311291044776,0.1438265892409503,50.0,0.0,0.2515799076217335,0.0299918482089552,0.1194854581586632,0.1194854581586632,0.0,0.0,80,55.0,0.2229977125,24,0.0,0.0,0.0,0.0,0.0,0.0
2024-01-05,0.114180420289855,0.1746920875598318,neutral,0.0209205949819771,-0.0277585297101449,0.1499996889047266,50.0,0.0,-0.1955666834941707,-0.0562896588146225,0.1184244505849015,0.1184244505849015,0.0,0.0,69,57.8,0.1832240144927536,12,0.0,0.0,0.0,0.0,0.0,0.0
2024-01-06,0.0710367,0.1456096067077631,neutral,0.01000152693246,-0.043143720289855,0.1540160322668834,50.0,0.0,-0.3778556794617824,-0.0153851905797101,0.1105264921540846,0.1105264921540846,0.0,0.0,20,51.5,0.1407938,7,0.0,0.0,0.0,0.0,0.0,0.0
2024-01-07,0.0958153333333333,0.0914765114849122,neutral,0.0124717509633611,0.0247786333333333,0.1423090643730215,50.0,0.0,0.3488145329573773,0.0679223536231884,0.1084248980368344,0.1084248980368344,0.0,0.0,24,47.57142857142857,0.1301644583333333,10,0.0,0.0,0.0,0.0,0.0,0.0
2024-01-08,0.1462908227848101,0.1793662114654133,neutral,0.0252169805737902,0.0504754894514768,0.1471110414152392,50.0,0.0,0.5267997062211003,0.0256968561181434,0.1139340839005029,0.1131581386303314,0.0385643010456796,0.0,79,55.57142857142857,0.1723756835443038,17,0.0,0.0,0.0,0.0,0.0,0.0
2024-01-09,0.1197787692307692,0.1332750960592728,neutral,0.0261574857202721,-0.0265120535540408,0.1448839026554386,50.0,0.0,-0.1812284123457246,-0.0769875430055176,0.1146355452191843,0.1138937642526022,0.0049102292307692,0.0,78,59.57142857142857,0.2183816538461538,22,0.0,0.0,0.0,0.0,0.0,0.0
2024-01-10,0.0884607887323943,0.1372892768824713,neutral,0.0149025567412156,-0.0313179804983748,0.1374033405199665,50.0,0.0,-0.2614652053907546,-0.0048059269443339,0.1110716834815945,0.1113504667005814,-0.024947032163128,0.0,71,60.142857142857146,0.1684651126760563,18,0.0,0.0,0.0,0.0,0.0,0.0
2024-01-11,0.1274470897435897,0.1676210094411877,neutral,0.0301207863682662,0.0389863010111953,0.1418056210666514,50.0,0.0,0.440718442259588,0.0703042815095702,0.1090014177306788,0.1128137960681276,-0.0144918602564102,0.0,78,59.857142857142854,0.2363395384615385,19,0.0,0.0,0.0,0.0,0.0,0.0
2024-01-12,0.0803685178571428,0.1090203253373159,neutral,0.0128361080598772,-0.0470785718864468,0.1453143838371322,50.0,0.0,-0.3693969943226169,-0.0860648728976422,0.104171145954577,0.1101100228838789,-0.0338119024327122,0.0,56,58.0,0.159715625,19,0.0,0.0,0.0,0.0,0.0,0.0
2024-01-13,0.11913796,0.2531907802653432,neutral,0.0196044896698063,0.0387694421428571,0.1600792975971182,50.0,0.0,0.482395883071663,0.085848014029304,0.1110427545260056,0.110804479585119,0.04810126,0.0,25,58.714285714285715,0.1645528399999999,8,0.0,0.0,0.0,0.0,0.0,0.0
2024-01-14,0.0800827619047619,0.1419979692308678,neutral,0.0101571827022448,-0.039055198095238,0.1618238722314372,50.0,0.0,-0.3278148970759453,-0.0778246402380952,0.108795244321924,0.1086100711793792,-0.0157325714285714,0.0,21,58.285714285714285,0.1268335714285714,8,0.0,0.0,0.0,0.0,0.0,0.0
2024-01-15,0.0984488032786885,0.1511797009795318,neutral,0.0165427349127274,0.0183660413739266,0.1646019570508493,50.0,0.0,0.2293382612823513,0.0574212394691647,0.1019606701067638,0.1079473770036334,-0.0478420195061215,-0.0092777184604419,61,55.714285714285715,0.1680338852459016,20,0.0,0.0,0.0,0.0,0.0,0.0
2024-01-16,0.1461708780487804,0.1511258210372485,neutral,0.0372312467378137,0.0477220747700919,0.1613029193700615,50.0,0.0,0.4847400189822568,0.0293560333961653,0.1057309713664797,0.110183258292832,0.0263921088180112,0.0313023380487804,82,56.285714285714285,0.2547104268292682,19,0.0,0.0,0.0,0.0,0.0,0.0
2024-01-17,0.1320087999999999,0.1672284397770405,neutral,0.0275771218022299,-0.0141620780487805,0.1729445422580064,50.0,0.0,-0.0968871381073205,-0.0618841528188724,0.1119521158332804,0.1115118996574375,0.0435480112676056,0.0186009791044775,80,57.57142857142857,0.2089036624999999,19,0.0,0.0,0.0,0.0,0.0,0.0
2024-01-18,0.1227466056338028,0.1528849279082127,neutral,0.022830170202413,-0.0092621943661971,0.1528833717865803,50.0,0.0,-0.0701634615737523,0.0048998836825833,0.1112806181033109,0.1101410179169948,-0.0047004841097869,-0.0191923443661971,71,56.57142857142857,0.1859943098591549,18,0.0,0.0,0.0,0.0,0.0,0.0
2024-01-19,0.1102377638888889,0.1352572513011225,neutral,0.0230044869980158,-0.0125088417449139,0.1515352282006312,50.0,0.0,-0.1019078424232137,-0.0032466473787167,0.1155476532507032,0.1098593996026401,0.029869246031746,-0.0039426564009661,72,58.857142857142854,0.2086806388888888,19,0.0,0.0,0.0,0.0,0.0,0.0
2024-01-20,0.1068903157894736,0.1600920651956251,neutral,0.021341287263457,-0.0033474480994152,0.1533177010438499,50.0,0.0,-0.0303657111803281,0.0091613936454987,0.1137979897920566,0.1124203721590311,-0.0122476442105263,0.0358536157894736,38,60.714285714285715,0.199655947368421,14,0.0,0.0,0.0,0.0,0.0,0.0
2024-01-21,0.1399735652173913,0.0956000502908892,neutral,0.0176576895954026,0.0330832494279176,0.142212546894578,50.0,0.0,0.309506517812866,0.0364306975273328,0.1223538188367179,0.1155745315793209,0.0598908033126293,0.0441582318840579,23,61.0,0.1261501739130434,8,0.0,0.0,0.0,0.0,0.0,0.0
2024-01-22,0.1122795753424657,0.1394166917978576,neutral,0.0168865235973918,-0.0276939898749255,0.1366501972987414,50.0,0.0,-0.1978515717015162,-0.0607772393028431,0.1243296434172575,0.1131451567620106,0.0138307720637772,-0.0340112474423443,73,62.714285714285715,0.1503971095890411,18,0.0,0.0,0.0,0.0,0.0,0.0
2024-01-23,0.1473685285714285,0.1627374835217947,neutral,0.0260244295135132,0.0350889532289628,0.1386207084214578,50.0,0.0,0.3125141248703287,0.0627829431038883,0.1245007363490644,0.115115853857772,0.001197650522648,0.0275897593406593,70,61.0,0.1765942142857142,17,0.0,0.0,0.0,0.0,0.0,0.0
2024-01-24,0.177754912087912,0.1830940506429929,bullish,0.0461304078468639,0.0303863835164835,0.1481880682898319,50.0,0.0,0.2061931662821443,-0.0047025697124793,0.1310358952187661,0.1214940055260233,0.0457461120879121,0.0892941233555177,91,62.57142857142857,0.259516923076923,18,0.0,0.0,0.0,0.0,0.0,0.0
2024-01-25,0.1471836057692307,0.1541093767898995,neutral,0.0375377039849306,-0.0305713063186812,0.1469915306086868,50.0,0.0,-0.1719857187606813,-0.0609576898351648,0.134526895238113,0.1229037566707119,0.0244370001354279,0.019736516025641,104,67.28571428571429,0.2550399807692308,22,0.0,0.0,0.0,0.0,0.0,0.0
2024-01-26,0.0939064050632911,0.1709479603402007,neutral,0.0177499414378195,-0.0532772007059396,0.1620611126185491,50.0,0.0,-0.3619778196592966,-0.0227058943872583,0.1321938439773133,0.1238707486140082,-0.0163313588255977,0.0135378872061482,79,68.28571428571429,0.1890173670886075,21,0.0,0.0,0.0,0.0,0.0,0.0
2024-01-27,0.0545351999999999,0.1719235153944431,neutral,0.007884162589632,-0.0393712050632911,0.1685624773378662,50.0,0.0092777184604419,-0.4192600604480142,0.0139059956426484,0.1247145417216742,0.1192562657568654,-0.0523551157894736,-0.06460276,25,66.42857142857143,0.14457016,10,0.0,0.0,0.0,0.0,0.0,0.0
2024-01-28,0.1035542142857142,0.127469039386435,neutral,0.0145910032980153,0.0490190142857143,0.1615087885107942,50.0,-0.0313023380487804,0.8988509125429871,0.0883902193490054,0.1195117773028632,0.1209327980697906,-0.036419350931677,0.0234714523809523,28,67.14285714285714,0.1409020714285714,9,0.0,0.0,0.0,0.0,0.0,0.0
2024-01-29,0.1201290967741935,0.1273862625662137,neutral,0.0232228842222643,0.0165748824884792,0.1503672308954384,50.0,-0.0186009791044775,0.1600599512323839,-0.032444131797235,0.1206331375073957,0.1224813904623266,0.0078495214317278,0.021680293495505,93,70.0,0.193316064516129,20,0.0,0.0,0.0,0.0,0.0,0.0
2024-01-30,0.1123992123893805,0.1638455647920501,neutral,0.0251212667404082,-0.007729884384813,0.1523144684958685,50.0,0.0191923443661971,-0.06434647884969,-0.0243047668732922,0.1156375209099603,0.1200691286295123,-0.034969316182048,-0.0337716656593999,113,76.14285714285714,0.2235003805309734,23,0.0,0.0,0.0,0.0,0.0,0.0
2024-01-31,0.1186068839285714,0.1648059846208877,neutral,0.0276686318856877,0.0062076715391908,0.151086073352006,50.0,0.0039426564009661,0.0552287814765628,0.0139375559240038,0.1071878026014831,0.1191118489101246,-0.0591480281593406,-0.0134019160714285,112,79.14285714285714,0.2332801517857143,20,0.0,0.0,0.0,0.0,0.0,0.0
2024-02-01,0.1068861651376146,0.1527065246407676,neutral,0.0170533993492426,-0.0117207187909567,0.1472426752012708,50.0,-0.0358536157894736,-0.0988198863568097,-0.0179283903301476,0.101431025368395,0.117978960303254,-0.0402974406316161,-0.0158604404961881,109,79.85714285714286,0.1595473027522936,21,0.0,0.0,0.0,0.0,0.0,0.0
2024-02-02,0.1129907594936708,0.1262169050521927,neutral,0.0189528769119932,0.0061045943560562,0.1469922483344224,50.0,-0.0441582318840579,0.0571130449688845,0.0178253131470129,0.1041573617155922,0.1181756028464527,0.0190843544303797,0.0027529956047819,79,79.85714285714286,0.1677382911392405,17,0.0,0.0,0.0,0.0,0.0,0.0
2024-02-03,0.1064142142857142,0.1307243224879309,neutral,0.0159756442143996,-0.0065765452079566,0.1476598603187658,50.0,0.0340112474423443,-0.0582042747338554,-0.0126811395640128,0.1115686494706942,0.1181415955961842,0.0518790142857142,-0.0004761015037594,42,82.28571428571429,0.1501269761904761,11,0.0,0.0,0.0,0.0,0.0,0.0
2024-02-04,0.107672375,0.1633808430672794,neutral,0.0191125150284947,0.0012581607142857,0.1475669159738117,50.0,-0.0275897593406593,0.0118232392423407,0.0078347059222423,0.1121569581441636,0.1158343677235134,0.0041181607142857,-0.0323011902173912,24,81.71428571428571,0.1775062083333333,9,0.0,0.0,0.0,0.0,0.0,0.0
2024-02-05,0.0959045813953488,0.1211717310924473,neutral,0.0147419147403693,-0.0117677936046511,0.1388400652681236,50.0,-0.0892941233555177,-0.109292598074958,-0.0130259543189368,0.1086963130900429,0.1146647252987193,-0.0242245153788447,-0.0163749939471169,86,80.71428571428571,0.1537143953488372,18,0.0,0.0,0.0,0.0,0.0,0.0
2024-02-06,0.1275739186046511,0.1762739370302548,neutral,0.0230939054394645,0.0316693372093023,0.143553547746021,50.0,-0.019736516025641,0.3302171465485193,0.0434371308139534,0.110864128263653,0.1132508245868066,0.0151747062152706,-0.0197946099667774,86,76.85714285714286,0.1810237209302325,18,0.0,0.0,0.0,0.0,0.0,0.0
2024-02-07,0.1161275851063829,0.1555052089166223,neutral,0.0210133853569873,-0.0114463334982681,0.1494112085189069,50.0,-0.0135378872061482,-0.0897231473600815,-0.0431156707075704,0.1105099427176261,0.1088488726595546,-0.0024792988221884,-0.0616273269815291,94,74.28571428571429,0.1809508510638298,18,0.0,0.0,0.0,0.0,0.0,0.0
2024-02-08,0.1123679687499999,0.1376116148552993,neutral,0.0184373597224934,-0.0037596163563829,0.1507886669923806,50.0,0.06460276,-0.0323748776222191,0.0076867171418851,0.1112930575193954,0.1063620414438952,0.0054818036123853,-0.0348156370192307,96,72.42857142857143,0.1640802083333333,21,0.0,0.0,0.0,0.0,0.0,0.0
2024-02-09,0.1258160266666666,0.1366388739946022,neutral,0.0238382468217888,0.0134480579166666,0.1454402731778452,50.0,-0.0234714523809523,0.119678748902068,0.0172076742730496,0.1131252385441091,0.1086413001298506,0.0128252671729957,0.0319096216033755,75,71.85714285714286,0.18946908,22,0.0,0.0,0.0,0.0,0.0,0.0
2024-02-10,0.1104046428571428,0.1581359040821145,neutral,0.018084469765102,-0.0154113838095237,0.1528331077757786,50.0,-0.021680293495505,-0.1224914203526253,-0.0288594417261904,0.1136952997685989,0.1126319746196466,0.0039904285714285,0.0558694428571428,28,69.85714285714286,0.1638017142857142,8,0.0,0.0,0.0,0.0,0.0,0.0
2024-02-11,0.1589522692307692,0.1456735072475589,bullish,0.0277913981587721,0.0485476263736263,0.1467130218192394,50.0,0.0337716656593999,0.439724499960062,0.0639590101831501,0.1210209989444231,0.1165889785442933,0.0512798942307692,0.0553980549450549,26,70.14285714285714,0.1748411538461538,5,0.0,0.0,0.0,0.0,0.0,0.0
2024-02-12,0.1062081923076923,0.1333048902603583,neutral,0.0185565537490769,-0.0527440769230769,0.1422729580879866,50.0,0.0134019160714285,-0.3318233654563454,-0.1012917032967033,0.1224929433604721,0.1155946282252575,0.0103036109123434,-0.0139209044665012,78,69.0,0.1747186666666667,16,0.0,0.0,0.0,0.0,0.0,0.0
2024-02-13,0.1437082195121951,0.1605763795527605,neutral,0.0271661426512986,0.0375000272045028,0.1468659110274789,50.0,0.0158604404961881,0.3530803640444488,0.0902441041275797,0.1247978434901213,0.1178309858768871,0.0161343009075439,0.0313090071228145,82,68.42857142857143,0.1890368048780487,20,0.0,0.0,0.0,0.0,0.0,0.0
2024-02-14,0.0936005443037974,0.1452907947501251,neutral,0.0145612897600317,-0.0501076752083976,0.1485962951785835,50.0,-0.0027529956047819,-0.3486764736107909,-0.0876077024129004,0.1215796948040376,0.1160448187608319,-0.0225270408025855,-0.0250063396247739,79,66.28571428571429,0.1555684303797468,22,0.0,0.0,0.0,0.0,0.0,0.0
2024-02-15,0.1254955434782609,0.1631397555066769,neutral,0.0269932306664354,0.0318949991744634,0.149597065463496,50.0,0.0004761015037594,0.3407565566172612,0.082002674382861,0.1234550626223606,0.117374060070878,0.0131275747282608,0.0186093783406462,92,65.71428571428571,0.2150931413043478,19,0.0,0.0,0.0,0.0,0.0,0.0
2024-02-16,0.069477875,0.1208789552047911,neutral,0.0098151689293468,-0.0560176684782608,0.1446381550549424,50.0,0.0323011902173912,-0.4463717748508305,-0.0879126676527243,0.1154067552414082,0.1142659968927587,-0.0563381516666666,-0.0435128844936709,80,66.42857142857143,0.141270425,20,0.0,0.0,0.0,0.0,0.0,0.0
2024-02-17,0.0758569117647058,0.1119776745685489,neutral,0.0104948862928157,0.0063790367647058,0.1403727119165805,50.0,0.0163749939471169,0.0918139301857734,0.0623967052429667,0.1104713650853458,0.1120833324269724,-0.0345477310924369,-0.0305573025210083,34,67.28571428571429,0.1383510882352941,10,0.0,0.0,0.0,0.0,0.0,0.0
2024-02-18,0.0860820357142857,0.1311994300322088,neutral,0.0111105038214566,0.0102251239495798,0.1344973220124702,50.0,0.0197946099667774,0.1347948883194227,0.0038460871848739,0.1000613317258482,0.1105411653351356,-0.0728702335164835,-0.0215903392857142,28,67.57142857142857,0.1290687857142857,11,0.0,0.0,0.0,0.0,0.0,0.0
2024-02-19,0.087527396226415,0.1279414679641466,neutral,0.0117724067176276,0.0014453605121293,0.1310274566552745,50.0,0.0616273269815291,0.0167905010625755,-0.0087797634374504,0.09739264657138,0.1099427949659261,-0.0186807960812772,-0.0083771851689337,53,64.0,0.134499679245283,19,0.0,0.0,0.0,0.0,0.0,0.0
2024-02-20,0.1351169,0.1351589483452255,neutral,0.020416251415985,0.0475895037735849,0.1254312952229842,50.0,0.0348156370192307,0.5437098077324363,0.0461441432614555,0.096165315212495,0.1104815793513081,-0.0085913195121951,0.0075429813953488,80,63.714285714285715,0.15110065,21,0.0,0.0,0.0,0.0,0.0,0.0
2024-02-21,0.1139804444444444,0.1175330030817652,neutral,0.0158385465235358,-0.0211364555555555,0.124762104798379,50.0,-0.0319096216033755,-0.156430879894044,-0.0687259593291404,0.0990767295183017,0.1103282121611697,0.0203799001406469,-0.0021471406619385,90,65.28571428571429,0.1389584555555555,22,0.0,0.0,0.0,0.0,0.0,0.0
2024-02-22,0.1306544893617021,0.1533674148071866,neutral,0.0200829098994354,0.0166740449172576,0.1330400528461066,50.0,-0.0558694428571428,0.1462886462544441,0.0378105004728132,0.0998137217873647,0.1116343922048627,0.0051589458834412,0.0182865206117021,94,65.57142857142857,0.1537100638297872,27,0.0,0.0,0.0,0.0,0.0,0.0
2024-02-23,0.0984064255319148,0.1177023081483595,neutral,0.0114520592869221,-0.0322480638297872,0.1303406284693367,50.0,-0.0553980549450549,-0.246819408864797,-0.0489221087470449,0.1039463718633526,0.1096765635523804,0.0289285505319149,-0.0274096011347517,94,67.57142857142857,0.1163751170212765,22,0.0,0.0,0.0,0.0,0.0,0.0
2024-02-24,0.0973046428571428,0.1068577993961771,neutral,0.0191659252204464,-0.001101782674772,0.1261238947557428,50.0,0.0139209044665012,-0.0111962472858512,0.0311462811550152,0.1070103334479864,0.1087408492666661,0.0214477310924369,-0.0131,28,66.71428571428571,0.19696825,10,0.0,0.0,0.0,0.0,0.0,0.0
2024-02-25,0.070040625,0.1213286349020753,neutral,0.0091215365117187,-0.0272640178571428,0.1233578320671127,50.0,-0.0313090071228145,-0.2801923634535131,-0.0261622351823708,0.1047187033459456,0.1023900175358969,-0.0160414107142857,-0.0889116442307692,24,66.14285714285714,0.1302320833333333,10,0.0,0.0,0.0,0.0,0.0,0.0
2024-02-26,0.1160324905660377,0.1274286458793794,neutral,0.0174935322595133,0.0459918655660377,0.1253369606266356,50.0,0.0250063396247739,0.6566455620011635,0.0732558834231806,0.1087908596801774,0.1030917531257787,0.0285050943396226,0.0098242982583454,106,73.71428571428571,0.1507640849056603,20,0.0,0.0,0.0,0.0,0.0,0.0
2024-02-27,0.1153162906976744,0.1325321021105156,neutral,0.0205554921972648,-0.0007161998683633,0.1211698980873014,50.0,-0.0186093783406462,-0.0061724079597834,-0.046708065434401,0.1059622012084166,0.1010637582104558,-0.0198006093023255,-0.0283919288145206,86,74.57142857142857,0.1782531511627907,22,0.0,0.0,0.0,0.0,0.0,0.0
2024-02-28,0.0984554583333333,0.1590992249071673,neutral,0.017148496890029,-0.016860832364341,0.1294492814390629,50.0,0.0435128844936709,-0.1462137939256583,-0.0161446324959777,0.1037443460496864,0.1014105377839941,-0.0155249861111111,0.0048549140295358,96,75.42857142857143,0.1741751770833333,24,0.0,0.0,0.0,0.0,0.0,0.0
2024-02-29,0.1064772602739726,0.1341956705338459,neutral,0.0180142240061174,0.0080218019406392,0.1349168556665967,50.0,0.0305573025210083,0.081476457236941,0.0248826343049803,0.1002904561800108,0.1000520889836878,-0.0241772290877295,-0.0190182832042882,73,72.42857142857143,0.1691837671232876,19,0.0,0.0,0.0,0.0,0.0,0.0
2024-03-01,0.1304411134020618,0.1322584591525778,neutral,0.0284317223447788,0.0239638531280892,0.1371028205166972,50.0,0.0215903392857142,0.2250607600761773,0.0159420511874499,0.1048668401614604,0.1044066060124065,0.0320346878701469,0.0609632384020618,97,72.85714285714286,0.2179659587628866,22,0.0,0.0,0.0,0.0,0.0,0.0
2024-03-02,0.1133945454545454,0.1402214712258992,neutral,0.0210100197138843,-0.0170465679475163,0.1396613855860012,50.0,0.0083771851689337,-0.1306840113743382,-0.0410104210756056,0.107165397675375,0.1070878655616807,0.0160899025974025,0.0375376336898395,33,73.57142857142857,0.1852824545454545,11,0.0,0.0,0.0,0.0,0.0,0.0
2024-03-03,0.0912760714285714,0.1127553063939551,neutral,0.0127141406365178,-0.022118474025974,0.1357060264426891,50.0,-0.0075429813953488,-0.1950576541165314,-0.0050719060784576,0.1101990328794566,0.1074588681127011,0.0212354464285714,0.0051940357142857,28,74.14285714285714,0.1392932499999999,8,0.0,0.0,0.0,0.0,0.0,0.0
2024-03-04,0.1187540232558139,0.1427422274132415,neutral,0.0227846633437755,0.0274779518272425,0.1324346269439039,50.0,0.0021471406619385,0.3010422271377615,0.0495964258532165,0.1105878232637104,0.1096893414719439,0.0027215326897762,0.0312266270293988,86,71.28571428571429,0.1918643488372093,20,0.0,0.0,0.0,0.0,0.0,0.0
2024-03-05,0.0977534375,0.154893406839103,neutral,0.0143296910661406,-0.0210005857558139,0.1365741742049553,50.0,-0.0182865206117021,-0.176841046560381,-0.0484785375830565,0.1080788442354712,0.1070205227219439,-0.0175628531976744,-0.0373634625,80,70.42857142857143,0.14659015,21,0.0,0.0,0.0,0.0,0.0,0.0
2024-03-06,0.0744422429906542,0.1401420588579331,neutral,0.0127668210183526,-0.0233111945093457,0.1381508941460264,50.0,0.0274096011347517,-0.2384693071212539,-0.0023106087535318,0.1046483849008027,0.1041963654752446,-0.0240132153426791,-0.0395382014537902,107,72.0,0.1714996822429906,19,0.0,0.0,0.0,0.0,0.0,0.0
2024-03-07,0.1223122236842105,0.1616589514508119,neutral,0.0192055426127202,0.0478699806935563,0.1424383901910089,50.0,0.0131,0.6430486074897839,0.0711811752029021,0.1069105225308367,0.1036004893554237,0.0158349634102379,-0.0083422656774916,76,72.42857142857143,0.1570206315789473,21,0.0,0.0,0.0,0.0,0.0,0.0
2024-03-08,0.0745385882352941,0.1445597919996846,neutral,0.0136933470252422,-0.0477736354489164,0.1487992873121548,50.0,0.0889116442307692,-0.3905875799646963,-0.0956436161424727,0.0989244475070128,0.1018956438342366,-0.0559025251667677,-0.0238678372966207,68,68.28571428571429,0.1837081617647059,16,0.0,0.0,0.0,0.0,0.0,0.0
2024-03-09,0.1003986857142857,0.1826020025587264,neutral,0.0199266607010155,0.0258600974789915,0.1567712423412518,50.0,-0.0098242982583454,0.346935702583468,0.073633732927908,0.0970678961155471,0.102116646895461,-0.0129958597402597,0.0030940428571428,35,68.57142857142857,0.1984753142857142,9,0.0,0.0,0.0,0.0,0.0,0.0
2024-03-10,0.0888044249999999,0.1326602190050045,neutral,0.0111884339839799,-0.0115942607142857,0.1523246047744321,50.0,0.0283919288145206,-0.1154821961243659,-0.0374543581932773,0.0967148037686083,0.1034569183240325,-0.0024716464285714,0.0187637999999999,40,70.28571428571429,0.1259895999999999,11,0.0,0.0,0.0,0.0,0.0,0.0
2024-03-11,0.1177388253968254,0.1927231675088138,neutral,0.0208144900185719,0.0289344003968254,0.1628408265046083,50.0,-0.0048549140295358,0.3258216062637127,0.0405286611111111,0.0965697755030385,0.1035787993833745,-0.0010151978589885,0.0017063348307876,63,67.0,0.1767852698412698,16,0.0,0.0,0.0,0.0,0.0,0.0
2024-03-12,0.1230663421052631,0.165059292404764,neutral,0.0215810805388583,0.0053275167084377,0.1635208946953987,50.0,0.0190182832042882,0.0452485973975191,-0.0236068836883876,0.1001859047323618,0.1041323744839165,0.0253129046052631,0.0077500514075887,76,66.42857142857143,0.1753613552631578,15,0.0,0.0,0.0,0.0,0.0,0.0
2024-03-13,0.0993495316455696,0.1472180494495813,neutral,0.01459041939873,-0.0237168104596935,0.164052546185378,50.0,-0.0609632384020618,-0.1927156528257554,-0.0290443271681313,0.1037440888259212,0.104196236863362,0.0249072886549154,0.0008940733122362,79,62.42857142857143,0.1468594683544304,19,0.0,0.0,0.0,0.0,0.0,0.0
2024-03-14,0.1170947466666666,0.1373562266421908,neutral,0.0191562868198951,0.017745215021097,0.1550033910020709,50.0,-0.0375376336898395,0.1786139776119253,0.0414620254807905,0.1029987349662721,0.1049546287485544,-0.0052174770175438,0.010617486392694,75,62.285714285714285,0.1635964666666667,18,0.0,0.0,0.0,0.0,0.0,0.0
2024-03-15,0.0904668947368421,0.1540320716471371,neutral,0.014762533106331,-0.0266278519298245,0.1592777615304974,50.0,-0.0051940357142857,-0.2274043258800159,-0.0443730669509216,0.1052742073236361,0.1020993274153244,0.0159283065015479,-0.0399742186652197,76,63.42857142857143,0.1631816052631579,16,0.0,0.0,0.0,0.0,0.0,0.0
2024-03-16,0.1256349069767442,0.1682926030016957,neutral,0.0198451671928815,0.0351680122399021,0.1543916486290738,50.0,-0.0312266270293988,0.3887390226248157,0.0617958641697266,0.1088793817897016,0.1029736389526243,0.0252362212624584,0.0122403615221987,43,64.57142857142857,0.1579590232558139,12,0.0,0.0,0.0,0.0,0.0,0.0
2024-03-17,0.1342466333333333,0.103271299694804,neutral,0.0211616011047022,0.0086117263565891,0.1420340500870818,50.0,0.0373634625,0.0685456499616241,-0.0265562858833129,0.1153711258373206,0.1060429648029645,0.0454422083333333,0.0429705619047619,30,63.142857142857146,0.1576322666666666,9,0.0,0.0,0.0,0.0,0.0,0.0
2024-03-18,0.090505975,0.1225205172628396,neutral,0.0111565866888984,-0.0437406583333333,0.1370945436497334,50.0,0.0395382014537902,-0.3258231305117769,-0.0523523846899224,0.1114807186377741,0.1040252470704063,-0.0272328503968253,-0.0282480482558139,80,65.57142857142857,0.1232690625,18,0.0,0.0,0.0,0.0,0.0,0.0
2024-03-19,0.0986433999999999,0.141956120283548,neutral,0.0181019632957058,0.0081374249999999,0.1380145223780048,50.0,0.0083422656774916,0.0899103622716621,0.0518780833333333,0.1079917269084508,0.1040888158204063,-0.0244229421052631,0.0008899624999999,85,66.85714285714286,0.1835091176470588,21,0.0,0.0,0.0,0.0,0.0,0.0
2024-03-20,0.0932933333333333,0.1256061403196515,neutral,0.0157029693075925,-0.0053500666666666,0.1323293361125078,50.0,0.0238678372966207,-0.0542364381871128,-0.0134874916666666,0.1071265557209885,0.1054353222734548,-0.0060561983122362,0.0188510903426791,72,65.85714285714286,0.1683182361111111,17,0.0,0.0,0.0,0.0,0.0,0.0
2024-03-21,0.0836788988764045,0.1493422315178405,neutral,0.0130209462602605,-0.0096144344569288,0.1285392618157367,50.0,-0.0030940428571428,-0.103055964594778,-0.0042643677902621,0.1023528631795225,0.1026757990728973,-0.0334158477902621,-0.038633324807806,89,67.85714285714286,0.1556060898876404,17,0.0,0.0,0.0,0.0,0.0,0.0
2024-03-22,0.1079074823529411,0.1557238951312479,neutral,0.0204474523060484,0.0242285834765366,0.1390297809030255,50.0,-0.0187637999999999,0.2895423314821912,0.0338430179334655,0.104844375696108,0.105059291509872,0.017440587616099,0.033368894117647,85,69.14285714285714,0.1894905882352941,18,0.0,0.0,0.0,0.0,0.0,0.0
2024-03-23,0.116291409090909,0.1358559633150244,neutral,0.0127278462842623,0.0083839267379679,0.1416968701134625,50.0,-0.0017063348307876,0.0776955087372528,-0.0158446567385687,0.1035095902838459,0.1061944860367737,-0.0093434978858351,0.0158927233766233,22,66.14285714285714,0.1094478636363636,7,0.0,0.0,0.0,0.0,0.0,0.0
2024-03-24,0.1009029375,0.1160294502718299,neutral,0.0145988829484101,-0.015388471590909,0.1365115361111188,50.0,-0.0077500514075887,-0.1323268134009743,-0.0237723983288769,0.0987462051647983,0.1070586655010594,-0.0333436958333333,0.0120985125,32,66.42857142857143,0.1446824375,8,0.0,0.0,0.0,0.0,0.0,0.0
2024-03-25,0.1223355769230769,0.1250954119857463,neutral,0.0170025529402613,0.0214326394230769,0.1364093904443378,50.0,-0.0008940733122362,0.2124084784258826,0.036821111013986,0.1032932911538092,0.1073870048957917,0.0318296019230769,0.0045967515262515,78,66.14285714285714,0.1389828974358974,16,0.0,0.0,0.0,0.0,0.0,0.0
2024-03-26,0.1528463150684931,0.1669929100384435,bullish,0.0304604280622293,0.0305107381454162,0.1399395261484584,50.0,-0.010617486392694,0.2494020048199141,0.0090780987223392,0.1110365647350225,0.1095141458217367,0.0542029150684931,0.0297799729632299,73,64.42857142857143,0.1992879452054794,15,0.0,0.0,0.0,0.0,0.0,0.0
2024-03-27,0.1345741954022988,0.1404925029135122,neutral,0.0210780777964922,-0.0182721196661942,0.1368932477049113,50.0,0.0399742186652197,-0.1195456996003223,-0.0487828578116105,0.1169338307448748,0.1120301932329316,0.0412808620689655,0.0352246637567292,87,66.57142857142857,0.1566279310344827,16,0.0,0.0,0.0,0.0,0.0,0.0
2024-03-28,0.115262484375,0.1500175854814437,neutral,0.0170720938683215,-0.0193117110272988,0.1397255721381951,50.0,-0.0122403615221987,-0.1435023331892716,-0.0010395913611045,0.1214457715303884,0.1118993173549554,0.0315835854985954,-0.0018322622916666,64,63.0,0.148114921875,14,0.0,0.0,0.0,0.0,0.0,0.0
2024-03-29,0.0979343214285714,0.0874904469278423,neutral,0.0123043772052729,-0.0173281629464285,0.1340177714693976,50.0,-0.0429705619047619,-0.1503365387306106,0.0019835480808702,0.1200210342554784,0.1124327049757932,-0.0099731609243697,0.0074674266917293,28,54.857142857142854,0.1256390714285714,11,0.0,0.0,0.0,0.0,0.0,0.0
2024-03-30,0.0701946363636363,0.122190493427094,neutral,0.0130531425156239,-0.027739685064935,0.1334367877576671,50.0,0.0282480482558139,-0.2832478405965885,-0.0104115221185064,0.1134357810087252,0.1084726856462855,-0.0460967727272727,-0.0554402706131078,22,54.857142857142854,0.185956409090909,7,0.0,0.0,0.0,0.0,0.0,0.0
2024-03-31,0.1737001785714285,0.1340637015048784,bullish,0.0358397067305102,0.1035055422077921,0.1268509460509541,50.0,-0.0008899624999999,1.4745505863381352,0.1312452272727272,0.1238353868760721,0.1112907960204352,0.0727972410714285,0.0394535452380952,28,54.285714285714285,0.2063308571428571,7,0.0,0.0,0.0,0.0,0.0,0.0
2024-04-01,0.1278466307692307,0.1540051541037435,neutral,0.0317139027231043,-0.0458535478021977,0.1295534762890004,50.0,-0.0188510903426791,-0.2639810055425015,-0.1493590900099899,0.1246226802826655,0.1139579857182374,0.0055110538461538,0.0373406557692307,65,52.42857142857143,0.2480620923076923,17,0.0,0.0,0.0,0.0,0.0,0.0
2024-04-02,0.1330525921052631,0.1349894586413006,neutral,0.0243221416373582,0.0052059613360323,0.1265478509209718,50.0,0.038633324807806,0.0407203639603876,0.0510595091382301,0.1217950055736327,0.1164157851543276,-0.0197937229632299,0.0344091921052631,76,52.857142857142854,0.1828009605263157,15,0.0,0.0,0.0,0.0,0.0,0.0
2024-04-03,0.1098827971014492,0.1403481379415634,neutral,0.0237765988872421,-0.0231697950038138,0.137119389123716,50.0,-0.033368894117647,-0.1741401248724514,-0.0283757563398462,0.1182676629592256,0.1176007468520502,-0.0246913983008495,0.0165894637681159,69,50.285714285714285,0.2163814492753623,16,0.0,0.0,0.0,0.0,0.0,0.0
2024-04-04,0.100832804347826,0.1512698210350732,neutral,0.0170888652946488,-0.0090499927536232,0.1429352546453118,50.0,-0.0158927233766233,-0.0823604148451718,0.0141198022501906,0.1162062800982008,0.1188260258142946,-0.0144296800271739,0.0171539054714215,46,47.714285714285715,0.1694772391304347,16,0.0,0.0,0.0,0.0,0.0,0.0
2024-04-05,0.0411097333333333,0.1346639224045747,neutral,0.0065283332238022,-0.0597230710144927,0.1430552988252511,50.0,-0.0120985125,-0.5922980264287407,-0.0506730782608695,0.108088481798881,0.1140547580271797,-0.056824588095238,-0.0667977490196078,60,52.285714285714285,0.1588026166666666,15,0.0,0.0,0.0,0.0,0.0,0.0
2024-04-06,0.1371259444444444,0.0967958547766272,neutral,0.0168751910460308,0.0960162111111111,0.1316134389598278,50.0,-0.0045967515262515,2.335607733880811,0.1557392821256038,0.1176500972389965,0.1155429391238608,0.066931308080808,0.0208345353535353,18,51.714285714285715,0.1230634444444444,7,0.0,0.0,0.0,0.0,0.0,0.0
2024-04-07,0.1141330769230769,0.0936920632215655,neutral,0.0171637359631952,-0.0229928675213675,0.1233539598758808,50.0,-0.0297799729632299,-0.1676770038997465,-0.1190090786324786,0.1091405112892319,0.116487949082652,-0.0595671016483516,0.0132301394230769,26,51.42857142857143,0.1503835384615384,8,0.0,0.0,0.0,0.0,0.0,0.0
2024-04-08,0.1078871688311688,0.1611149939094992,neutral,0.0197983309171138,-0.0062459080919081,0.127507331069468,50.0,-0.0352246637567292,-0.0547247849641142,0.0167469594294594,0.1062891595837945,0.11545591993323,-0.0199594619380619,-0.0144484080919081,77,53.142857142857146,0.1835095974025974,16,0.0,0.0,0.0,0.0,0.0,0.0
2024-04-09,0.0996700151515151,0.1611359715979493,neutral,0.0158088453416946,-0.0082171536796536,0.1294805611820432,50.0,0.0018322622916666,-0.0761643276830499,-0.0019712455877455,0.1015202200189734,0.111657612796303,-0.033382576953748,-0.0531762999169779,66,51.714285714285715,0.1586118484848485,18,0.0,0.0,0.0,0.0,0.0,0.0
2024-04-10,0.1264384390243902,0.1622213411699131,neutral,0.0229664523027269,0.0267684238728751,0.1349920449351109,50.0,-0.0074674266917293,0.2685704806223077,0.0349855775525287,0.1038853117222507,0.1110764873407381,0.0165556419229409,-0.0081357563779085,82,53.57142857142857,0.1816413780487805,17,0.0,0.0,0.0,0.0,0.0,0.0
2024-04-11,0.108562223880597,0.138834756584049,neutral,0.0176795461174323,-0.0178762151437932,0.1433998252965952,50.0,0.0554402706131078,-0.1413827573460068,-0.0446446390166683,0.1049895145126465,0.1105978973054236,0.0077294195327709,-0.0067002604944029,67,56.57142857142857,0.1628517313432835,15,0.0,0.0,0.0,0.0,0.0,0.0
2024-04-12,0.0963150769230769,0.1654852007626208,neutral,0.0146375171552189,-0.01224714695752,0.1577584528048063,50.0,-0.0394535452380952,-0.112812233572059,0.0056290681862731,0.1128759921683242,0.1104822369836026,0.0552053435897436,-0.0016192445054944,52,55.42857142857143,0.1519753461538461,15,0.0,0.0,0.0,0.0,0.0,0.0
2024-04-13,0.128711875,0.1879207842454327,neutral,0.0251404753685416,0.032396798076923,0.163119610871993,50.0,-0.0373406557692307,0.3363626870463605,0.0446439450344431,0.1116739822476892,0.1146620397433429,-0.0084140694444444,0.0585172386363636,24,56.285714285714285,0.1953236666666666,7,0.0,0.0,0.0,0.0,0.0,0.0
2024-04-14,0.13282196875,0.1176958844007298,neutral,0.0144753366202812,0.0041100937499999,0.1544315934325491,50.0,-0.0344091921052631,0.0319325139968631,-0.028286704326923,0.1143438239372497,0.1117421676132408,0.018688891826923,-0.0408782098214285,32,57.142857142857146,0.108983,10,0.0,0.0,0.0,0.0,0.0,0.0
2024-04-15,0.086783,0.1422863279422661,neutral,0.0127420636442318,-0.0460389687499999,0.1504445907870197,50.0,-0.0165894637681159,-0.3466216408571341,-0.0501490624999999,0.1113289426756541,0.1088090511297243,-0.0211041688311688,-0.0410636307692307,69,56.0,0.1468267246376811,16,0.0,0.0,0.0,0.0,0.0,0.0
2024-04-16,0.1630590833333333,0.2147427988006242,bullish,0.0375526133330127,0.0762760833333333,0.1656261992303347,50.0,-0.0171539054714215,0.8789288608752097,0.1223150520833333,0.1203845238444853,0.1109523719317293,0.0633890681818181,0.0300064912280701,72,56.857142857142854,0.2303006527777777,17,0.0,0.0,0.0,0.0,0.0,0.0
2024-04-17,0.0824721081081081,0.1674908846636521,neutral,0.0154240751983476,-0.0805869752252252,0.166027336010541,50.0,0.0667977490196078,-0.4942194790859052,-0.1568630585585585,0.1141036194278736,0.1089944655750621,-0.0439663309162821,-0.0274106889933411,74,55.714285714285715,0.1870217162162162,16,0.0,0.0,0.0,0.0,0.0,0.0
2024-04-18,0.1162448823529411,0.1522162695322491,neutral,0.0216692358711487,0.033772774244833,0.1588864330679043,50.0,-0.0208345353535353,0.4095054075804902,0.1143597494700582,0.1152011420667799,0.1100953282897132,0.0076826584723441,0.015412078005115,68,55.857142857142854,0.1864102352941176,17,0.0,0.0,0.0,0.0,0.0,0.0
2024-04-19,0.085711724137931,0.1310594984696475,neutral,0.0139023352544114,-0.0305331582150101,0.1615591558816878,50.0,-0.0132301394230769,-0.2626623864808582,-0.0643059324598432,0.1136863773831876,0.1132811847757559,-0.0106033527851459,0.0446019908045976,58,56.714285714285715,0.1621987586206896,13,0.0,0.0,0.0,0.0,0.0,0.0
2024-04-20,0.0934743043478261,0.0925959436768326,neutral,0.0123799888420378,0.007762580209895,0.1516210790286011,50.0,0.0144484080919081,0.0905661423564783,0.0382957384249052,0.1086524387185914,0.1101632104831403,-0.0352375706521739,-0.0436516400966183,23,56.57142857142857,0.1324426956521739,8,0.0,0.0,0.0,0.0,0.0,0.0
2024-04-21,0.0792224,0.1101315860844513,neutral,0.01166151945496,-0.014251904347826,0.1306988364853665,50.0,0.0531762999169779,-0.1524686858839142,-0.0220144845577211,0.1009953574685913,0.1076695907029205,-0.0535995687499999,-0.0349106769230769,40,57.714285714285715,0.147199775,10,0.0,0.0,0.0,0.0,0.0,0.0
2024-04-22,0.1402937282608695,0.1823935796043911,neutral,0.0306160975024363,0.0610713282608695,0.1336793754735143,50.0,0.0081357563779085,0.7708846015883082,0.0753232326086956,0.1086397472201442,0.1099843449478991,0.0535107282608695,0.0324065594297007,92,61.0,0.2182285543478261,16,0.0,0.0,0.0,0.0,0.0,0.0
2024-04-23,0.1181111917808219,0.1483644822985363,neutral,0.0236262007439543,-0.0221825364800476,0.1329090180267718,50.0,0.0067002604944029,-0.1581149546386014,-0.0832538647409172,0.1022186198554997,0.1113015718499925,-0.0449478915525114,0.0184411766293067,73,61.142857142857146,0.2000335479452054,18,0.0,0.0,0.0,0.0,0.0,0.0
2024-04-24,0.0906482374999999,0.1677544309743416,neutral,0.0164396312207271,-0.0274629542808219,0.1402480045277106,50.0,0.0016192445054944,-0.2325177984130811,-0.0052804178007742,0.1033866383400556,0.1087451288839646,0.0081761293918918,-0.0357902015243902,80,62.0,0.181356325,18,0.0,0.0,0.0,0.0,0.0,0.0
2024-04-25,0.1012828888888888,0.142506106227154,neutral,0.0211161187655514,0.0106346513888888,0.1502300370377749,50.0,-0.0585172386363636,0.117317795493695,0.0380976056697108,0.1012492107023339,0.1082251763845569,-0.0149619934640522,-0.0072793349917081,108,67.71428571428571,0.208486537037037,18,0.0,0.0,0.0,0.0,0.0,0.0
2024-04-26,0.1585095737704918,0.1744876695746778,bullish,0.0401021413093947,0.0572266848816029,0.1631012537358202,50.0,0.0408782098214285,0.5650182919286864,0.046592033492714,0.1116489035069854,0.1126676404450865,0.0727978496325607,0.0621944968474148,122,76.85714285714286,0.2529950737704918,23,0.0,0.0,0.0,0.0,0.0,0.0
2024-04-27,0.152525294117647,0.1403516592724037,bullish,0.023954142301557,-0.0059842796528447,0.1546928696694227,50.0,0.0410636307692307,-0.0377534271936751,-0.0632109645344476,0.1200847591883884,0.1143685989534899,0.0590509897698209,0.023813419117647,34,78.42857142857143,0.157050294117647,10,0.0,0.0,0.0,0.0,0.0,0.0
2024-04-28,0.0863526875,0.1527528866244194,neutral,0.0135229819797031,-0.066172606617647,0.1555705505345993,50.0,-0.0300064912280701,-0.433846772762859,-0.0601883269648023,0.1211033716883884,0.1110493645784899,0.0071302874999999,-0.0464692812499999,32,77.28571428571429,0.15660175,9,0.0,0.0,0.0,0.0,0.0,0.0
2024-04-29,0.1011683486238532,0.1875733081236051,neutral,0.0187808384058328,0.0148156611238532,0.159534325964452,50.0,0.0274106889933411,0.1715715115855915,0.0809882677415002,0.1155140317402432,0.1120768894801937,-0.0391253796370163,0.0143853486238532,109,79.71428571428571,0.1856394678899082,16,0.0,0.0,0.0,0.0,0.0,0.0
2024-04-30,0.1221501808510638,0.1743155173334405,neutral,0.0230118751694719,0.0209818322272106,0.1658962081857093,50.0,-0.015412078005115,0.2073952230378069,0.0061661711033574,0.1160910301788492,0.1091548250171744,0.0040389890702419,-0.0409089024822694,94,82.71428571428571,0.1883900212765957,19,0.0,0.0,0.0,0.0,0.0,0.0
2024-05-01,0.1273272073170731,0.1461203242574578,neutral,0.0272451528453765,0.0051770264660093,0.1602227391222653,50.0,-0.0446019908045976,0.0423824707416651,-0.0158048057612013,0.1213308830098597,0.1123587606749576,0.0366789698170731,0.044855099208965,82,83.0,0.2139774634146341,19,0.0,0.0,0.0,0.0,0.0,0.0
2024-05-02,0.1528510253164557,0.179484779237896,bullish,0.0291959814741871,0.0255238179993825,0.1680493631153637,50.0,0.0436516400966183,0.2004584765282924,0.0203467915333731,0.1286977596423692,0.1149734851723515,0.0515681364275668,0.0366061429635145,79,78.85714285714286,0.1910093924050633,18,0.0,0.0,0.0,0.0,0.0,0.0
2024-05-03,0.0772892857142857,0.1803708510046705,neutral,0.0124273100218877,-0.0755617396021699,0.173572955991414,50.0,0.0349106769230769,-0.4943489220679444,-0.1010855576015525,0.1170948613486255,0.1143718824278055,-0.081220288056206,-0.0084224384236453,70,71.42857142857143,0.1607895571428571,15,0.0,0.0,0.0,0.0,0.0,0.0
2024-05-04,0.1070503939393939,0.1209317645991271,neutral,0.0144247583595674,0.0297611082251082,0.1602446472865184,50.0,-0.0324065594297007,0.3850612403784619,0.1053228478272781,0.1105984470374465,0.1153416031129175,-0.0454749001782531,0.0135760895915678,33,71.28571428571429,0.1347473636363636,10,0.0,0.0,0.0,0.0,0.0,0.0
2024-05-05,0.1127765199999999,0.1371268110467217,neutral,0.0143637092928271,0.005726126060606,0.1528069060291746,50.0,-0.0184411766293067,0.0534900045659605,-0.0240349821645021,0.1143732802517322,0.1177383259700603,0.0264238324999999,0.0335541199999999,25,70.28571428571429,0.1273643599999999,7,0.0,0.0,0.0,0.0,0.0,0.0
2024-05-06,0.1212522222222222,0.1986359326404715,neutral,0.026377698483287,0.0084757022222222,0.1633100277057774,50.0,0.0357902015243902,0.0751548480323938,0.0027495761616161,0.1172424050514992,0.1163782183958712,0.020083873598369,-0.0190415060386473,72,65.0,0.2175440416666666,16,0.0,0.0,0.0,0.0,0.0,0.0
2024-05-07,0.077187404040404,0.1904135596033934,neutral,0.0157028752729649,-0.0440648181818181,0.1654957837788769,50.0,0.0072793349917081,-0.3634145203628466,-0.0525405204040404,0.1108191512214049,0.1134550907001271,-0.0449627768106598,-0.0409237877404178,99,65.71428571428571,0.2034383131313131,22,0.0,0.0,0.0,0.0,0.0,0.0
2024-05-08,0.1343453720930232,0.1955530689115629,neutral,0.0231444848848531,0.0571579680526192,0.1685322273602553,50.0,-0.0621944968474148,0.7405090087328192,0.1012227862344373,0.1118217461893978,0.1165763145996287,0.00701816477595,0.0436971345930232,86,66.28571428571429,0.1722760116279069,20,0.0,0.0,0.0,0.0,0.0,0.0
2024-05-09,0.1487226172839506,0.1832488976973373,neutral,0.0287350108554019,0.0143772451909273,0.1809956539798974,50.0,-0.023813419117647,0.1070170484248038,-0.0427807228616918,0.1112319736133256,0.1199648666278474,-0.004128408032505,0.0474397283950617,81,66.57142857142857,0.1932121111111111,17,0.0,0.0,0.0,0.0,0.0,0.0
2024-05-10,0.0923628181818181,0.1146255361557945,neutral,0.0170103846549669,-0.0563597991021324,0.1764953990017119,50.0,0.0464692812499999,-0.3789591666109987,-0.0707370442930598,0.1133853353944017,0.1152400983715136,0.0150735324675324,-0.0661467555886736,55,64.42857142857143,0.1841691818181818,14,0.0,0.0,0.0,0.0,0.0,0.0
2024-05-11,0.056104909090909,0.2190369145178847,neutral,0.0093457542887355,-0.0362579090909091,0.1805755953771946,50.0,-0.0143853486238532,-0.3925595797600569,0.0201018900112233,0.1061074089874753,0.1083529280124609,-0.0509454848484848,-0.0964203850267379,22,62.857142857142854,0.1665764090909091,10,0.0,0.0,0.0,0.0,0.0,0.0
2024-05-12,0.07806371875,0.1047906740310705,neutral,0.0092089329518164,0.0219588096590909,0.16345101826273,50.0,0.0409089024822694,0.3913883832074329,0.05821671875,0.1011484373803324,0.1077608588160323,-0.0347128012499999,-0.00828896875,32,63.857142857142854,0.117966875,9,0.0,0.0,0.0,0.0,0.0,0.0
2024-05-13,0.1297514556962025,0.1698792453483444,neutral,0.0243509681266351,0.0516877369462025,0.1583162535500863,50.0,-0.044855099208965,0.6621224017233043,0.0297289272871116,0.1023626135909011,0.1098025093212001,0.0084992334739803,0.0285831070723493,79,64.85714285714286,0.1876739493670886,19,0.0,0.0,0.0,0.0,0.0,0.0
2024-05-14,0.0710142183908046,0.1090042882122582,neutral,0.0081035230649223,-0.0587372373053979,0.1434673316530705,50.0,-0.0366061429635145,-0.4526903917203374,-0.1104249742516004,0.1014807299266726,0.1061499405740387,-0.0061731856495994,-0.0511359624602592,87,63.142857142857146,0.1141112758620689,22,0.0,0.0,0.0,0.0,0.0,0.0
2024-05-15,0.0963498354430379,0.1376526225549933,neutral,0.0142440084218657,0.0253356170522333,0.1480727489329102,50.0,0.0084224384236453,0.3567682307338329,0.0840728543576313,0.0960527961195318,0.1039372711544648,-0.0379955366499852,-0.0309773718740351,79,62.142857142857146,0.1478363544303797,18,0.0,0.0,0.0,0.0,0.0,0.0
2024-05-16,0.104073606741573,0.14765781773362,neutral,0.0200000869455944,0.007723771298535,0.1337969295760573,50.0,-0.0135760895915678,0.0801638244945561,-0.0176118457536983,0.0896743660420493,0.1004531698276875,-0.0446490105423775,-0.0487774185748826,89,63.285714285714285,0.1921725168539325,21,0.0,0.0,0.0,0.0,0.0,0.0
2024-05-17,0.0676991948051948,0.1482790693362952,neutral,0.0131446840362229,-0.0363744119363782,0.1424946086371022,50.0,-0.0335541199999999,-0.3495065951418418,-0.0440981832349132,0.0861509912739603,0.099768163334181,-0.0246636233766233,-0.0095900909090909,77,66.42857142857143,0.1941630779220779,19,0.0,0.0,0.0,0.0,0.0,0.0
2024-05-18,0.1269276086956521,0.1404580639811752,neutral,0.022694005240964,0.0592284138904573,0.1366103723636684,50.0,0.0190415060386473,0.8748761940358045,0.0956028258268355,0.0962685197889235,0.1011879643881994,0.070822699604743,0.0198772147562582,23,66.57142857142857,0.1787948695652174,7,0.0,0.0,0.0,0.0,0.0,0.0
2024-05-19,0.11984809375,0.113035175869986,neutral,0.0168868922843564,-0.0070795149456521,0.1374165498952139,50.0,0.0409237877404178,-0.0557760050662222,-0.0663079288361095,0.102237716217495,0.1016930767989137,0.041784375,0.00707157375,32,66.57142857142857,0.14090246875,9,0.0,0.0,0.0,0.0,0.0,0.0
2024-05-20,0.114628702970297,0.1244660762793255,neutral,0.0215030485784278,-0.0052193907797029,0.1347792406400804,50.0,-0.0436971345930232,-0.0435500525405976,0.0018601241659492,0.100077322970937,0.101219968280919,-0.0151227527259055,-0.0066235192519251,101,69.71428571428571,0.1875886930693069,18,0.0,0.0,0.0,0.0,0.0,0.0
2024-05-21,0.1584603301886792,0.1651286256438971,bullish,0.0354327732765138,0.0438316272183822,0.1382734022221358,50.0,-0.0474397283950617,0.382379160564523,0.0490510179980852,0.1125696246563477,0.1070251772915101,0.0874461117978746,0.0812729261482752,106,72.42857142857143,0.2236065849056603,19,0.0,0.0,0.0,0.0,0.0,0.0
2024-05-22,0.1238296635514018,0.1369542693557001,neutral,0.0242645475598473,-0.0346306666372773,0.1360084422260168,50.0,0.0661467555886736,-0.2185447082941359,-0.0784622938556596,0.116495314386114,0.1062740552528229,0.0274798281083639,-0.0105157085416213,107,76.42857142857143,0.1959510093457943,19,0.0,0.0,0.0,0.0,0.0,0.0
2024-05-23,0.1262639684210526,0.1377488804709074,neutral,0.0232760488547258,0.0024343048696507,0.1354666055239632,50.0,0.0964203850267379,0.0196584953866105,0.0370649715069281,0.1196653660546111,0.1046698660483302,0.0221903616794796,-0.0224586488628979,95,77.28571428571429,0.184344347368421,18,0.0,0.0,0.0,0.0,0.0,0.0
2024-05-24,0.1048460655737705,0.1231352838933488,neutral,0.0161004763677049,-0.0214179028472821,0.1374866271286358,50.0,0.00828896875,-0.1696279874228238,-0.0238522077169329,0.1249720618786933,0.1055615265763268,0.0371468707685756,0.0124832473919523,61,75.0,0.153563,13,0.0,0.0,0.0,0.0,0.0,0.0
2024-05-25,0.0976743333333333,0.113431681046493,neutral,0.0156918653705079,-0.0071717322404371,0.1352797480820693,50.0,-0.0285831070723493,-0.0684024927515385,0.0142461706068449,0.1207930225412192,0.1085307711650714,-0.0292532753623188,0.0415694242424242,21,74.71428571428571,0.1606549523809523,8,0.0,0.0,0.0,0.0,0.0,0.0
2024-05-26,0.1282569375,0.1412377178762783,neutral,0.0291614592370312,0.0305826041666666,0.1305015665285455,50.0,0.0511359624602592,0.3131078874354573,0.0377543364071038,0.1219942859340763,0.1121160010757856,0.00840884375,0.05019321875,32,74.71428571428571,0.2273675,10,0.0,0.0,0.0,0.0,0.0,0.0
2024-05-27,0.0600912571428571,0.1186434709778301,neutral,0.0081966723872767,-0.0681656803571428,0.1268394068529716,50.0,0.0309773718740351,-0.531477530072343,-0.0987482845238095,0.1142032222444421,0.1071402726076896,-0.0545374458274398,-0.0696601985533453,35,65.28571428571429,0.1364037428571428,11,0.0,0.0,0.0,0.0,0.0,0.0
2024-05-28,0.1369390348837209,0.1481276148558435,neutral,0.0207038493073,0.0768477777408637,0.1289151537299588,50.0,0.0487774185748826,1.2788512238672385,0.1450134580980066,0.1111287514865909,0.1118491880714693,-0.0215212953049583,0.0659248164929163,86,62.42857142857143,0.1511902674418604,18,0.0,0.0,0.0,0.0,0.0,0.0
2024-05-29,0.1025536233766233,0.1201623115269551,neutral,0.014783008915443,-0.0343854115070975,0.12832055925668,50.0,0.0095900909090909,-0.2511001449389155,-0.1112331892479613,0.1080893171759082,0.1122923157810111,-0.0212760401747784,0.0062037879335854,77,58.142857142857146,0.1441490649350649,18,0.0,0.0,0.0,0.0,0.0,0.0
2024-05-30,0.0711524146341463,0.1564554730453704,neutral,0.0097241861830925,-0.031401208742477,0.1369253176564555,50.0,-0.0198772147562582,-0.3061930696213196,0.0029842027646204,0.1002162380634931,0.1099408020590521,-0.0551115537869063,-0.0329211921074266,82,56.285714285714285,0.136666987804878,18,0.0,0.0,0.0,0.0,0.0,0.0
2024-05-31,0.11369890625,0.1484918718114044,neutral,0.0195755122643359,0.0425464916158536,0.1383761484434807,50.0,-0.00707157375,0.5979627231854394,0.0739477003583306,0.1014809295886687,0.113226495733681,0.0088528406762294,0.0459997114448051,64,56.714285714285715,0.17216975,15,0.0,0.0,0.0,0.0,0.0,0.0
2024-06-01,0.0248935384615384,0.131587915229395,neutral,0.0027864821637869,-0.0888053677884615,0.1409650372937937,50.0,0.0066235192519251,-0.7810573620927997,-0.1313518594043152,0.0910836731784123,0.1059383478598157,-0.0727807948717948,-0.1020340702341137,26,57.42857142857143,0.1119359615384615,7,0.0,0.0,0.0,0.0,0.0,0.0
2024-06-02,0.1331017575757575,0.1153335474485389,neutral,0.0209650635384738,0.1082082191142191,0.1344062238123328,50.0,-0.0812729261482752,4.346839613878326,0.1970135869026806,0.0917757903320919,0.1068850381330841,0.0048448200757575,0.0132536638257575,33,57.57142857142857,0.1575115454545454,10,0.0,0.0,0.0,0.0,0.0,0.0
2024-06-03,0.0732208028169014,0.1276088973471699,neutral,0.0133158784799414,-0.0598809547588561,0.1358955409763758,50.0,0.0105157085416213,-0.4498885352792858,-0.1680891738730752,0.0936514397140983,0.1039273309792701,0.0131295456740442,-0.0414079001533956,71,62.714285714285715,0.1818592253521126,18,0.0,0.0,0.0,0.0,0.0,0.0
2024-06-04,0.0943276404494382,0.1526349802154449,neutral,0.0155855186225678,0.0211068376325368,0.1351314424103906,50.0,0.0224586488628979,0.2882628545512855,0.0809877923913929,0.0875640976520579,0.0993464245693244,-0.0426113944342827,-0.064132689739241,89,63.142857142857146,0.1652274831460674,17,0.0,0.0,0.0,0.0,0.0,0.0
2024-06-05,0.0926518947368421,0.1382384791381983,neutral,0.012315320326018,-0.0016757457125961,0.1330807638757494,50.0,-0.0124832473919523,-0.0177651609285652,-0.0227825833451329,0.086149564989232,0.0971194410825701,-0.0099017286397812,-0.0311777688145597,76,63.0,0.1329203289473684,17,0.0,0.0,0.0,0.0,0.0,0.0
2024-06-06,0.1444758709677419,0.1384788189105204,neutral,0.0266668171973416,0.0518239762308998,0.1344589446119745,50.0,-0.0415694242424242,0.5593407061787001,0.0534997219434959,0.0966243444654599,0.0984202912644765,0.0733234563335956,0.0182119025466893,93,64.57142857142857,0.1845762688172043,23,0.0,0.0,0.0,0.0,0.0,0.0
2024-06-07,0.0923846219512195,0.1297969971706188,neutral,0.0135875099592196,-0.0520912490165224,0.1373516345563905,50.0,-0.05019321875,-0.3605532790188417,-0.1039152252474222,0.0935794467084913,0.09753018814858,-0.0213142842987804,-0.012461443622551,82,67.14285714285714,0.1470754512195121,18,0.0,0.0,0.0,0.0,0.0,0.0
2024-06-08,0.1309878636363636,0.127598033797844,neutral,0.0211646022267975,0.0386032416851441,0.1373494618465253,50.0,0.0696601985533453,0.4178535439104489,0.0906944907016665,0.1087357788763234,0.0999097260273679,0.1060943251748251,0.0333135303030303,22,66.57142857142857,0.1615768181818181,8,0.0,0.0,0.0,0.0,0.0,0.0
2024-06-09,0.1493541379310344,0.1291264946437418,neutral,0.0174553837601307,0.0183662742946708,0.1326477647321847,50.0,-0.0659248164929163,0.1402135570792846,-0.0202369673904733,0.1110575474985059,0.1014166689152989,0.0162523803552769,0.0210972004310344,29,66.0,0.116872448275862,8,0.0,0.0,0.0,0.0,0.0,0.0
2024-06-10,0.1155332342342342,0.1516212819247623,neutral,0.0220855984704029,-0.0338209036968002,0.1353243252894975,50.0,-0.0062037879335854,-0.2264477179227355,-0.052187177991471,0.1171021805581248,0.1053768101361115,0.0423124314173328,0.0554419770913771,111,71.71428571428571,0.1911622972972972,21,0.0,0.0,0.0,0.0,0.0,0.0
2024-06-11,0.0940252164948453,0.1375173054035099,neutral,0.0156740006816943,-0.0215080177393888,0.1351320225880954,50.0,0.0329211921074266,-0.1861630368261233,0.0123128859574113,0.1170589771360401,0.102311537394049,-0.0003024239545928,-0.0429138183888755,97,72.85714285714286,0.1666999690721649,18,0.0,0.0,0.0,0.0,0.0,0.0
2024-06-12,0.1254134033613445,0.1504638614155909,neutral,0.0224793081434224,0.0313881868664991,0.1392653954370898,50.0,-0.0459997114448051,0.3338273288444908,0.052896204605888,0.1217391926538262,0.1039443788215291,0.0327615086245024,0.0228597799847211,119,79.0,0.1792416722689075,22,0.0,0.0,0.0,0.0,0.0,0.0
2024-06-13,0.0969801785714285,0.1349360513955434,neutral,0.0158779850654804,-0.0284332247899159,0.1407329989566297,50.0,0.1020340702341137,-0.2267159970772293,-0.0598214116564151,0.1149540937400671,0.1057892191027635,-0.0474956923963133,0.0258277639372822,84,77.71428571428571,0.1637240238095238,19,0.0,0.0,0.0,0.0,0.0,0.0
2024-06-14,0.0752139506172839,0.1383981644134868,neutral,0.0120496565300457,-0.0217662279541446,0.1425873329105787,50.0,-0.0132536638257575,-0.2244399657205538,0.0066669968357713,0.1125011406923621,0.1030402937004267,-0.0171706713339355,-0.038484955632716,81,77.57142857142857,0.160205074074074,16,0.0,0.0,0.0,0.0,0.0,0.0
2024-06-15,0.1074470909090909,0.1196486288508819,neutral,0.0139696602651652,0.0322331402918069,0.1361928022958026,50.0,0.0414079001533956,0.4285526824115506,0.0539993682459515,0.1091381731598945,0.108936976018109,-0.0235407727272727,0.0825535524475524,22,77.57142857142857,0.1300143181818182,7,0.0,0.0,0.0,0.0,0.0,0.0
2024-06-16,0.0976285185185185,0.077195318837434,neutral,0.0107332359354732,-0.0098185723905723,0.1241284049825874,50.0,0.064132689739241,-0.0913805325718842,-0.0420517126823793,0.1017487989581065,0.1064031732283062,-0.0517256194125159,-0.035473239057239,27,77.28571428571429,0.1099395555555555,7,0.0,0.0,0.0,0.0,0.0,0.0
2024-06-17,0.1425204691358024,0.1592301516333422,neutral,0.0284893403193369,0.0448919506172839,0.1258816630261377,50.0,0.0311777688145597,0.4598241507553828,0.0547105230078563,0.1056041182297592,0.111353149393942,0.0269872349015682,0.069299666318901,81,73.0,0.1998964814814814,16,0.0,0.0,0.0,0.0,0.0,0.0
2024-06-18,0.1449746382978723,0.1347301782203494,neutral,0.0253464588973689,0.0024541691620698,0.1258404883910989,50.0,-0.0182119025466893,0.0172197662339392,-0.042437781455214,0.112882607058763,0.1149707920974016,0.0509494218030269,0.0506469978484341,94,72.57142857142857,0.174833744680851,20,0.0,0.0,0.0,0.0,0.0,0.0
2024-06-19,0.1308092407407407,0.1607110368617145,neutral,0.0194444690354026,-0.0141653975571315,0.1303030628807444,50.0,0.012461443622551,-0.0977094871451007,-0.0166195667192014,0.1136534409701053,0.1176963168119658,0.0053958373793961,0.0381573460038986,54,63.285714285714285,0.1486475185185185,13,0.0,0.0,0.0,0.0,0.0,0.0
2024-06-20,0.1580688404255319,0.1397835917762023,bullish,0.0264791977625629,0.0272595996847911,0.1343300554658085,50.0,-0.0333135303030303,0.2083920029688017,0.0414249972419227,0.1223803926635486,0.1186672432018079,0.0610886618541033,0.0135929694577899,94,64.71428571428571,0.1675168723404255,19,0.0,0.0,0.0,0.0,0.0,0.0
2024-06-21,0.0812432535211267,0.1212561118670157,neutral,0.0103561587695915,-0.0768255869044051,0.1431422140717248,50.0,-0.0210972004310344,-0.486026130751548,-0.1040851865891963,0.1232417216498119,0.117871431171087,0.0060293029038428,-0.0111413684300927,71,63.285714285714285,0.127471,17,0.0,0.0,0.0,0.0,0.0,0.0
2024-06-22,0.1271689583333333,0.130279731410824,neutral,0.0203203172546701,0.0459257048122065,0.1373521300272212,50.0,-0.0554419770913771,0.565286381597998,0.1227512917166117,0.1260591312818466,0.1175986522208705,0.0197218674242424,-0.0038189053030303,24,63.57142857142857,0.1597899166666666,5,0.0,0.0,0.0,0.0,0.0,0.0
2024-06-23,0.1034049722222222,0.1095344083007673,neutral,0.015692379539402,-0.0237639861111111,0.1323129760433047,50.0,0.0429138183888755,-0.1868693934633113,-0.0696896909233176,0.1268843389538042,0.1143165689559554,0.0057764537037037,-0.0459491657088122,36,64.85714285714286,0.1517565277777778,11,0.0,0.0,0.0,0.0,0.0,0.0
2024-06-24,0.1288063181818182,0.1238033030748818,neutral,0.0193079539020234,0.0254013459595959,0.1249314292859382,50.0,-0.0228597799847211,0.245649173475017,0.049165332070707,0.1249251745318065,0.1152646463807828,-0.0137141509539842,0.0132730839475839,66,62.714285714285715,0.1498991212121212,19,0.0,0.0,0.0,0.0,0.0,0.0
2024-06-25,0.1161829761904762,0.13611252778704,neutral,0.0199229876006094,-0.012623341991342,0.1241972164881057,50.0,-0.0258277639372822,-0.098002506162185,-0.0380246879509379,0.1208120799450356,0.1168473435018993,-0.0287916621073961,0.0221577596956308,84,61.285714285714285,0.1714794047619047,17,0.0,0.0,0.0,0.0,0.0,0.0
2024-06-26,0.1206448470588235,0.1578766880051904,neutral,0.0216701252354236,0.0044618708683473,0.1315213317157407,50.0,0.038484955632716,0.0384038265729422,0.0170852128596893,0.1193600237047617,0.1165067323374335,-0.0101643936819172,-0.004768556302521,85,65.71428571428571,0.1796191529411764,17,0.0,0.0,0.0,0.0,0.0,0.0
2024-06-27,0.111504808219178,0.193729218219347,neutral,0.0180872224355691,-0.0091400388396454,0.1442112290774453,50.0,-0.0825535524475524,-0.0757598775452794,-0.0136019097079927,0.112708019103854,0.1175442058837013,-0.0465640322063538,0.0145246296477495,73,62.714285714285715,0.1622102465753424,18,0.0,0.0,0.0,0.0,0.0,0.0
2024-06-28,0.1338226842105263,0.15643662461557,neutral,0.0282370817471292,0.0223178759913482,0.1535916723404058,50.0,0.035473239057239,0.2001516916425645,0.0314579148309936,0.1202193663451968,0.1217305439975044,0.0525794306893995,0.0586087335932423,57,60.714285714285715,0.2110037017543859,16,0.0,0.0,0.0,0.0,0.0,0.0
2024-06-29,0.0712892272727272,0.1599363271391319,neutral,0.0089460527262603,-0.062533456937799,0.1608182771532559,50.0,-0.069299666318901,-0.4672859261993509,-0.0848513329291472,0.1122365476222531,0.1191478394520498,-0.055879731060606,-0.0361578636363636,22,60.42857142857143,0.1254895454545454,6,0.0,0.0,0.0,0.0,0.0,0.0
2024-06-30,0.1284880666666666,0.1644044388325858,neutral,0.01789764245588,0.0571988393939394,0.166476659362365,50.0,-0.0506469978484341,0.8023489885101007,0.1197322963317384,0.1158198468286023,0.1213520928912033,0.0250830944444444,0.0308595481481481,30,59.57142857142857,0.1392942,8,0.0,0.0,0.0,0.0,0.0,0.0
2024-07-01,0.099601390625,0.0932003146150111,neutral,0.0133816958339453,-0.0288866760416666,0.1535413846843292,50.0,-0.0381573460038986,-0.2248199135613632,-0.0860855154356061,0.1116477143204854,0.1182864444261459,-0.0292049275568182,-0.0429190785108024,64,59.285714285714285,0.1343525,16,0.0,0.0,0.0,0.0,0.0,0.0
2024-07-02,0.1566198493150685,0.1550981281332412,bullish,0.0267889992165481,0.0570184586900685,0.145815166667108,50.0,-0.0135929694577899,0.572466492006557,0.0859051347317352,0.1174244104811414,0.1191182452130885,0.0404368731245923,0.0116452110171961,73,57.714285714285715,0.1710447260273972,16,0.0,0.0,0.0,0.0,0.0,0.0
2024-07-03,0.1560281694915254,0.1574702760084508,bullish,0.0322879140400746,-0.000591679823543,0.1460218969456841,50.0,0.0111413684300927,-0.0037778086630182,-0.0576101385136115,0.1224791708286703,0.120919597266716,0.0353833224327019,0.0252189287507846,59,54.0,0.2069364406779661,15,0.0,0.0,0.0,0.0,0.0,0.0
2024-07-04,0.0838648863636363,0.1486177826470987,neutral,0.0140189401754519,-0.072163283127889,0.1437581880472775,50.0,0.0038189053030303,-0.4625016326414607,-0.0715716033043459,0.1185306105635929,0.1156193148337235,-0.0276399218555417,-0.0742039540618955,44,49.857142857142854,0.1671610227272727,14,0.0,0.0,0.0,0.0,0.0,0.0
2024-07-05,0.1289387659574468,0.1070749823604352,neutral,0.0172358127247777,0.0450738795938104,0.1322922967528474,50.0,0.0459491657088122,0.5374583040436143,0.1172371627216994,0.1178329079560101,0.1190261371506035,-0.0048839182530795,0.04769551243632,47,48.42857142857143,0.1336744042553191,11,0.0,0.0,0.0,0.0,0.0,0.0
2024-07-06,0.0989541538461538,0.1031846082391863,neutral,0.0110188799525207,-0.0299846121112929,0.1342891554776824,50.0,-0.0132730839475839,-0.2325492406309262,-0.0750584917051034,0.1217850403236425,0.1170107939729478,0.0276649265734265,-0.0282148044871795,13,47.142857142857146,0.1113533846153846,5,0.0,0.0,0.0,0.0,0.0,0.0
2024-07-07,0.15523155,0.1499676144998874,bullish,0.0250445382513075,0.0562773961538461,0.1332630527510117,50.0,-0.0221577596956308,0.5687219178422955,0.0862620082651391,0.1256055379426901,0.1207126923856462,0.0267434833333333,0.0518265777777777,20,45.714285714285715,0.16133665,6,0.0,0.0,0.0,0.0,0.0,0.0
2024-07-08,0.1290238059701492,0.1411942237227638,neutral,0.0195307475413176,-0.0262077440298507,0.1300078422938743,50.0,0.004768556302521,-0.1688300092980501,-0.0824851401836969,0.1298087401348543,0.1207282272276698,0.0294224153451492,0.000217487788331,67,46.142857142857146,0.1513732089552238,16,0.0,0.0,0.0,0.0,0.0,0.0
2024-07-09,0.1392940727272727,0.1773965173475275,neutral,0.028196807813998,0.0102702667571234,0.1357635892339601,50.0,-0.0145246296477495,0.0795997814504061,0.0364780107869742,0.1273336291937406,0.122379019837441,-0.0173257765877957,0.0231110965367965,55,43.57142857142857,0.2024264727272727,15,0.0,0.0,0.0,0.0,0.0,0.0
2024-07-10,0.1183138222222222,0.1594256671344013,neutral,0.0252532242916271,-0.0209802505050505,0.1462337261887533,50.0,-0.0586087335932423,-0.1506184010150112,-0.0312505172621739,0.1219458652981258,0.1222125180633981,-0.0377143472693032,-0.0023310248366013,90,48.0,0.2134427222222222,21,0.0,0.0,0.0,0.0,0.0,0.0
2024-07-11,0.1401149777777778,0.1766594861154115,neutral,0.023923975471993,0.0218011555555555,0.1609287017639983,50.0,0.0361578636363636,0.1842654995509118,0.042781406060606,0.1299815926430032,0.124256101603298,0.0562500914141414,0.0286101695585997,90,54.57142857142857,0.1707453111111111,18,0.0,0.0,0.0,0.0,0.0,0.0
2024-07-12,0.077215525,0.098059936981521,neutral,0.0091166652322068,-0.0628994527777778,0.150547166260325,50.0,-0.0308595481481481,-0.4489131267432112,-0.0847006083333333,0.1225925582205108,0.1202127330882605,-0.0517232409574468,-0.0566071592105263,40,53.57142857142857,0.118067775,14,0.0,0.0,0.0,0.0,0.0,0.0
2024-07-13,0.0480349583333333,0.1993435445653251,neutral,0.008306607287776,-0.0291805666666666,0.1621770304288373,50.0,0.0429190785108024,-0.3779106166365723,0.0337188861111111,0.115318387432965,0.1185517138783037,-0.0509191955128205,-0.0232542689393939,24,55.142857142857146,0.172928375,6,0.0,0.0,0.0,0.0,0.0,0.0
2024-07-14,0.1138755357142857,0.16721836511236,neutral,0.0206083810568877,0.0658405773809523,0.1601413999818038,50.0,-0.0116452110171961,1.3706804307824925,0.095021144047619,0.1094103853921487,0.1175079616674194,-0.0413560142857142,-0.0146125309523809,28,56.285714285714285,0.1809728571428571,6,0.0,0.0,0.0,0.0,0.0,0.0
2024-07-15,0.1211401454545454,0.1526768975274519,neutral,0.0236714936423061,0.0072646097402597,0.1587916460604139,50.0,-0.0252189287507846,0.063794296946156,-0.0585759676406926,0.1082841481756339,0.1190464441552441,-0.0078836605156037,0.0215387548295454,55,54.57142857142857,0.1954058545454545,13,0.0,0.0,0.0,0.0,0.0,0.0
2024-07-16,0.0872300172413793,0.1298694039500183,neutral,0.0123005333340107,-0.0339101282131661,0.1494336296273352,50.0,0.0742039540618955,-0.2799247770912575,-0.0411747379534258,0.1008464259633633,0.114090027578552,-0.0520640554858934,-0.0693898320736891,58,55.0,0.1410126206896551,12,0.0,0.0,0.0,0.0,0.0,0.0
2024-07-17,0.1539689365079365,0.1515226122618042,bullish,0.0260076751299949,0.0667389192665572,0.1601261646833919,50.0,-0.04769551243632,0.7650912080170753,0.1006490474797233,0.1059400137184654,0.1139429395082956,0.0356551142857143,-0.0020592329835888,63,51.142857142857146,0.1689150793650793,15,0.0,0.0,0.0,0.0,0.0,0.0
2024-07-18,0.1504988936170212,0.1412119625206137,bullish,0.0277180696898325,-0.0034700428909152,0.1484998482744496,50.0,0.0282148044871795,-0.0225372920643405,-0.0702089621574724,0.1074234302669288,0.118702511454966,0.0103839158392434,0.0666340072533848,47,45.0,0.1841745744680851,7,0.0,0.0,0.0,0.0,0.0,0.0
2024-07-19,-0.0648228412698412,0.211775545396551,neutral,-0.0183611860592232,-0.2153217348868625,0.1574112843312878,50.0,-0.0518265777777777,-1.430719719673141,-0.2118516919959472,0.0871322350855229,0.1048623966530168,-0.1420383662698412,-0.193761607227288,63,48.285714285714285,0.2832517936507936,10,0.0,0.0,0.0,0.0,0.0,0.0
2024-07-20,-0.0024708695652173,0.2388629335372645,neutral,-0.0006231289179395,0.0623519717046238,0.1746484915332503,50.0,-0.000217487788331,-0.9618827327402732,0.2776737065914864,0.0799171168143013,0.0976177521236332,-0.0505058278985507,-0.1014250234113712,23,48.142857142857146,0.2521901304347826,7,0.0,0.0,0.0,0.0,0.0,0.0
2024-07-21,0.1036829130434782,0.1479991352357761,neutral,0.01933581292962,0.1061537826086956,0.1782744377904019,50.0,-0.0231110965367965,-42.96211508006337,0.0438018109040717,0.0784610278613288,0.0939357066267388,-0.0101926226708074,-0.0515486369565217,23,47.42857142857143,0.1864898695652173,5,0.0,0.0,0.0,0.0,0.0,0.0
2024-07-22,0.0459971176470588,0.1800104301526605,neutral,0.0084780633600126,-0.0576857953964194,0.1839720013685732,50.0,0.0023310248366013,-0.556367425481473,-0.1638395780051151,0.0677263096031165,0.0880052288893752,-0.0751430278074866,-0.0830266883230904,51,46.857142857142854,0.1843172745098039,10,0.0,0.0,0.0,0.0,0.0,0.0
2024-07-23,0.1039837368421052,0.1431755726394203,neutral,0.0164916984366602,0.0579866191950464,0.1843647233923345,50.0,-0.0286101695585997,1.2606576707693828,0.1156724145914658,0.0701196981175059,0.0854830620404346,0.0167537196007259,-0.0353103358851674,57,46.714285714285715,0.1585988245614035,8,0.0,0.0,0.0,0.0,0.0,0.0
2024-07-24,0.0751929183673469,0.1923938350843174,neutral,0.0169612880798134,-0.0287908184747583,0.1804883813298878,50.0,0.0566071592105263,-0.2768780902582479,-0.0867774376698047,0.0588659812402788,0.0824029974793721,-0.0787760181405895,-0.0431209038548752,49,44.714285714285715,0.2255702857142857,8,0.0,0.0,0.0,0.0,0.0,0.0
2024-07-25,0.0891525686274509,0.1093666345826285,neutral,0.0141793087353237,0.013959650260104,0.1545891215389606,50.0,0.0232542689393939,0.1856511299628731,0.0427504687348623,0.050102220527483,0.0787628253972059,-0.0613463249895702,-0.0509624091503268,51,45.285714285714285,0.159045431372549,7,0.0,0.0,0.0,0.0,0.0,0.0
2024-07-26,0.0691074038461538,0.1530792504709743,neutral,0.0125190135289423,-0.0200451647812971,0.1556051445860002,50.0,0.0146125309523809,-0.2248411357059321,-0.0340048150414011,0.0692351126869109,0.0781836738862169,0.1339302451159951,-0.0081081211538461,52,43.714285714285715,0.1811529999999999,8,0.0,0.0,0.0,0.0,0.0,0.0
2024-07-27,0.1381748125,0.140520270874214,neutral,0.0191817038208749,0.0690674086538461,0.1477071127303109,50.0,-0.0215387548295454,0.9994212603848244,0.0891125734351432,0.089327352981942,0.0846222348981216,0.1406456820652173,0.0901398541666666,16,42.714285714285715,0.138822,4,0.0,0.0,0.0,0.0,0.0,0.0
2024-07-28,0.1095202352941176,0.1370939825514459,neutral,0.0160994681458685,-0.0286545772058823,0.146490794712716,50.0,0.0693898320736891,-0.2073791647510456,-0.0977219858597284,0.0901612561606047,0.0843111420109668,0.0058373222506393,-0.004355300420168,17,41.857142857142854,0.1469999411764705,3,0.0,0.0,0.0,0.0,0.0,0.0
2024-07-29,0.1134059038461538,0.152973895412059,neutral,0.0233434625241612,0.0038856685520361,0.1386068067782643,50.0,0.0020592329835888,0.0354790011325412,0.0325402457579185,0.0997910827604755,0.083758696181796,0.067408786199095,-0.0077342416083916,52,42.0,0.205839923076923,7,0.0,0.0,0.0,0.0,0.0,0.0
2024-07-30,0.059291904109589,0.1631901576114643,neutral,0.0133706240851043,-0.0541139997365648,0.1493715113840315,50.0,-0.0666340072533848,-0.4771709223355401,-0.0579996682886009,0.0934065352272589,0.0817631166723824,-0.0446918327325162,-0.0279381131317902,73,44.285714285714285,0.2255050547945205,9,0.0,0.0,0.0,0.0,0.0,0.0
2024-07-31,0.1053824680851063,0.1700733157826512,neutral,0.0255476531253055,0.0460905639755173,0.1527703244463669,50.0,0.193761607227288,0.7773500390597727,0.1002045637120821,0.0977193280440816,0.0782926546421802,0.0301895497177594,-0.0485864684228301,94,50.714285714285715,0.2424279255319149,9,0.0,0.0,0.0,0.0,0.0,0.0
2024-08-01,0.0790865714285714,0.2151992086912125,neutral,0.0146698547529115,-0.0262958966565349,0.1677061120097666,50.0,0.1014250234113712,-0.2495281913050139,-0.0723864606320522,0.0962813284442417,0.0731917744858624,-0.0100659971988795,-0.0714123221884498,42,49.42857142857143,0.1854910952380952,5,0.0,0.0,0.0,0.0,0.0,0.0
2024-08-02,0.0949056101694915,0.1406788841477979,neutral,0.0155548300441413,0.01581903874092,0.168423092329037,50.0,0.0515486369565217,0.2000218046524797,0.042114935397455,0.0999667864904328,0.0846009495886719,0.0257982063233376,0.1597284514393327,59,50.42857142857143,0.1638978983050847,8,0.0,0.0,0.0,0.0,0.0,0.0
2024-08-03,0.0544833333333333,0.0882618415778069,neutral,0.0095005463842592,-0.0404222768361581,0.1554806815621865,50.0,0.0830266883230904,-0.4259208361230512,-0.0562413155770782,0.0880108608951947,0.0886691069385683,-0.0836914791666666,0.0569542028985507,18,50.714285714285715,0.1743752777777777,5,0.0,0.0,0.0,0.0,0.0,0.0
2024-08-04,0.13862575,0.1185370291467262,neutral,0.0224872684534166,0.0841424166666666,0.1465500558692389,50.0,0.0353103358851674,1.5443698378709083,0.1245646935028248,0.0921687915674636,0.0911650238640342,0.0291055147058823,0.0349428369565217,12,50.0,0.1622156666666666,2,0.0,0.0,0.0,0.0,0.0,0.0
2024-08-05,0.071611679245283,0.18645210436265,neutral,0.0143084837181957,-0.0670140707547169,0.1498258135852387,50.0,0.0431209038548752,-0.4834171916452533,-0.1511564874213836,0.0861981880530535,0.0929946354067645,-0.0417942246008708,0.0256145615982241,53,50.142857142857146,0.1998065660377358,8,0.0,0.0,0.0,0.0,0.0,0.0
2024-08-06,0.0995393124999999,0.1883134797618233,neutral,0.0199527775410299,0.0279276332547169,0.1444486677993608,50.0,0.0509624091503268,0.3899871298794679,0.0949417040094339,0.0919478178231122,0.0926771765251855,0.0402474083904109,-0.0044444243421052,48,46.57142857142857,0.2004512291666666,9,0.0,0.0,0.0,0.0,0.0,0.0
2024-08-07,0.0547865128205128,0.1539761099521391,neutral,0.0089288937373477,-0.0447527996794871,0.1471081129602291,50.0,0.0081081211538461,-0.4495992443135185,-0.0726804329342041,0.0847198242138845,0.0912195761289831,-0.0505959552645935,-0.0204064055468341,39,38.714285714285715,0.1629761282051282,10,0.0,0.0,0.0,0.0,0.0,0.0
2024-08-08,0.1319157368421052,0.1810627712341305,neutral,0.0228431168266168,0.0771292240215924,0.1656682988914938,50.0,-0.0901398541666666,1.4078140777873012,0.1218820237010795,0.0922668478443894,0.0942740881443155,0.0528291654135338,0.0427631682146542,57,40.857142857142854,0.1731644561403508,9,0.0,0.0,0.0,0.0,0.0,0.0
2024-08-09,0.1207968717948717,0.1423972779731668,neutral,0.0180998006135042,-0.0111188650472334,0.1704403486567819,50.0,0.004355300420168,-0.0842876317367808,-0.0882480890688258,0.095965599505158,0.0979661929977954,0.0258912616253802,0.0516894679487179,39,38.0,0.1498366666666666,7,0.0,0.0,0.0,0.0,0.0,0.0
2024-08-10,0.1167265882352941,0.1428098086705088,neutral,0.0168594871670034,-0.0040702835595776,0.1617118895183537,50.0,0.0077342416083916,-0.0336952728915821,0.0070485814876558,0.1048574930625809,0.0964341769788878,0.0622432549019607,-0.0214482242647058,17,37.857142857142854,0.1444357058823529,4,0.0,0.0,0.0,0.0,0.0,0.0
2024-08-11,0.1158960454545454,0.180253026093475,neutral,0.0204145563386095,-0.0008305427807486,0.1600997987846841,50.0,0.0279381131317902,-0.0071152836153701,0.003239740778829,0.1016103924132303,0.096889591990347,-0.0227297045454545,0.0063758101604278,22,39.285714285714285,0.1761454090909091,3,0.0,0.0,0.0,0.0,0.0,0.0
2024-08-12,0.1586220263157894,0.1457873906534438,bullish,0.0212460721377763,0.042725980861244,0.158462054924945,50.0,0.0485864684228301,0.3686577975432406,0.0435565236419926,0.1140404419947312,0.1001193150238924,0.0870103470705064,0.0452161224696356,38,37.142857142857146,0.1339415,8,0.0,0.0,0.0,0.0,0.0,0.0
2024-08-13,0.1320854411764705,0.1553522095960505,neutral,0.0170846341224956,-0.0265365851393188,0.153319942597329,50.0,0.0714123221884498,-0.16729445308238,-0.0692625660005629,0.1186898889485127,0.1053188533858125,0.0325461286764705,0.0727935370668815,34,35.142857142857146,0.1293453235294117,4,0.0,0.0,0.0,0.0,0.0,0.0
2024-08-14,0.0726948157894736,0.2512720274708059,neutral,0.0153407525416662,-0.0593906253869969,0.1750948924968568,50.0,-0.1597284514393327,-0.4496379378227539,-0.032854040247678,0.1212482179440786,0.1029840210789816,0.0179083029689608,-0.0326876522956326,38,35.0,0.2110295263157894,8,0.0,0.0,0.0,0.0,0.0,0.0
2024-08-15,0.08108515,0.1752333837411169,neutral,0.01161898305004,0.0083903342105263,0.1815796075109784,50.0,-0.0569542028985507,0.1154186047437686,0.0677809595975232,0.1139867055380635,0.1031267766912265,-0.0508305868421052,0.0019985785714285,40,32.57142857142857,0.1432936,6,0.0,0.0,0.0,0.0,0.0,0.0
2024-08-16,0.0896693181818181,0.1136220770563899,neutral,0.0164491231417871,0.0085841681818181,0.1682534177035614,50.0,-0.0349428369565217,0.1058660948622303,0.0001938339712918,0.1095399121647702,0.1027527558349641,-0.0311275536130535,-0.0052362919876733,22,30.142857142857142,0.1834420454545454,7,0.0,0.0,0.0,0.0,0.0,0.0
2024-08-17,0.06606775,0.231053358972482,neutral,0.0117516565080468,-0.0236015681818181,0.1853066113673691,50.0,-0.0256145615982241,-0.2632067318049904,-0.0321857363636363,0.1023029352740139,0.1035802141682974,-0.0506588382352941,0.0115844166666666,16,30.0,0.1778728125,3,0.0,0.0,0.0,0.0,0.0,0.0
2024-08-18,0.05857425,0.1363048114534374,neutral,0.0050785705195312,-0.0074935,0.1814971317388465,50.0,0.0044444243421052,-0.1134214499509973,0.0161080681818181,0.094114107351936,0.0978622498825831,-0.0573217954545454,-0.0800515,8,28.0,0.086703125,2,0.0,0.0,0.0,0.0,0.0,0.0
2024-08-19,0.0758538235294117,0.1544962250578292,neutral,0.0116194738608044,0.0172795735294117,0.1621419712562511,50.0,0.0204064055468341,0.2950028985332593,0.0247730735294117,0.0822900783824534,0.0981652601885923,-0.0827682027863777,0.0042421442841287,34,27.428571428571427,0.1531824411764706,6,0.0,0.0,0.0,0.0,0.0,0.0
2024-08-20,0.0781999166666666,0.1135539547755351,neutral,0.0095931769493032,0.0023460931372548,0.1498060854631347,50.0,-0.0427631682146542,0.0309291348556111,-0.0149334803921568,0.0745921463096243,0.0966410176290685,-0.0538855245098039,-0.0213393958333333,36,27.714285714285715,0.1226750277777777,9,0.0,0.0,0.0,0.0,0.0,0.0
2024-08-21,0.084910175,0.140812638407482,neutral,0.0119053702654862,0.0067102583333333,0.1552441977333531,50.0,-0.0516894679487179,0.0858090215356155,0.0043641651960784,0.0763371976254138,0.0987927077847462,0.0122153592105263,0.0301236621794871,40,28.0,0.14021135,7,0.0,0.0,0.0,0.0,0.0,0.0
2024-08-22,0.0433719210526315,0.1330590492619991,neutral,0.006049631967788,-0.0415382539473684,0.1356453357912566,50.0,0.0214482242647058,-0.4892023122949449,-0.0482485122807017,0.0709495934900754,0.0924681495140695,-0.0377132289473684,-0.0885438157894736,38,27.714285714285715,0.1394826842105263,6,0.0,0.0,0.0,0.0,0.0,0.0
2024-08-23,0.1273557837837837,0.1518744251764403,neutral,0.0199436507028283,0.0839838627311521,0.1387592585358572,50.0,-0.0063758101604278,1.9363648345029092,0.1255221166785206,0.0763333742903562,0.0929366432275632,0.0376864656019655,0.0065589119889119,37,29.857142857142858,0.1565979189189189,7,0.0,0.0,0.0,0.0,0.0,0.0
2024-08-24,0.1406220555555555,0.1556489424972946,neutral,0.0240219735733611,0.0132662717717718,0.1389898020237502,50.0,-0.0452161224696356,0.1041670144662956,-0.0707175909593803,0.0869839893697213,0.0946434623218676,0.0745543055555555,0.0238954673202614,18,30.142857142857142,0.1708265,3,0.0,0.0,0.0,0.0,0.0,0.0
2024-08-25,0.1679251428571428,0.2111398257046581,bullish,0.035180053546204,0.0273030873015872,0.1585069762095748,50.0,-0.0727935370668815,0.1941593528392184,0.0140368155298154,0.1026055454921703,0.0983598264220531,0.1093508928571428,0.0520290974025973,14,31.0,0.2094984285714285,2,0.0,0.0,0.0,0.0,0.0,0.0
2024-08-26,0.0808476578947368,0.0810202899780236,neutral,0.0082333574019743,-0.087077484962406,0.1465485065236831,50.0,0.0326876522956326,-0.5185494172036198,-0.1143805722639933,0.1033189504015024,0.0928045143919779,0.004993834365325,-0.0777743684210526,38,31.571428571428573,0.1018379210526315,4,0.0,0.0,0.0,0.0,0.0,0.0
2024-08-27,0.12462144,0.1814432891905684,neutral,0.0226992993026688,0.0437737821052631,0.156225354509397,50.0,-0.0019985785714285,0.5414353766717195,0.1308512670676691,0.1099505965919786,0.0922713714508014,0.0464215233333333,-0.0074640011764705,50,33.57142857142857,0.18214602,6,0.0,0.0,0.0,0.0,0.0,0.0
2024-08-28,0.0855537115384615,0.124467252883819,neutral,0.0127366541505022,-0.0390677284615384,0.1507439200508727,50.0,0.0052362919876733,-0.3134912296113611,-0.0828415105668016,0.1100425303831874,0.0931898640043006,0.0006435365384615,0.0128588957489878,52,35.285714285714285,0.1488731923076923,8,0.0,0.0,0.0,0.0,0.0,0.0
2024-08-29,0.09510125,0.1533071673295708,neutral,0.0133638713469531,0.0095475384615384,0.150275565017328,50.0,-0.0115844166666666,0.1115970106948109,0.0486152669230769,0.1174324345185258,0.0941910140043006,0.0517293289473684,0.0140161,48,36.714285714285715,0.1405225625,8,0.0,0.0,0.0,0.0,0.0,0.0
2024-08-30,0.0940731627906976,0.1604054971114397,neutral,0.0148988984139199,-0.0010280872093023,0.1401286992986843,50.0,0.0800515,-0.0108104489615261,-0.0105756256708408,0.1126777743766563,0.0945055743335063,-0.033282620993086,0.0044038446088794,43,37.57142857142857,0.1583756511627907,10,0.0,0.0,0.0,0.0,0.0,0.0
2024-08-31,0.1135305833333333,0.1736090427616856,neutral,0.0132275144903402,0.0194574205426356,0.1586464498554167,50.0,-0.0042421442841287,0.2068328518509179,0.0204855077519379,0.108807564059196,0.0978957767144586,-0.0270914722222222,0.0474628333333333,12,36.714285714285715,0.1165105833333333,3,0.0,0.0,0.0,0.0,0.0,0.0
2024-09-01,0.1160855,0.1536055468259994,neutral,0.015612251830875,0.0025549166666666,0.1530789013825029,50.0,0.0213393958333333,0.0225042150903538,-0.0169025038759689,0.1014019007938899,0.1020037231430301,-0.0518396428571428,0.0575112499999999,8,35.857142857142854,0.13448925,3,0.0,0.0,0.0,0.0,0.0,0.0
2024-09-02,0.13477208,0.1374781881163093,neutral,0.0223146930742048,0.01868658,0.155681088429001,50.0,-0.0301236621794871,0.1609725590189992,0.0161316633333333,0.1091053896660703,0.1062121700337864,0.0539244221052631,0.0589182564705882,25,34.0,0.1655735599999999,5,0.0,0.0,0.0,0.0,0.0,0.0
2024-09-03,0.1100206,0.1316324034175843,neutral,0.0187517607025133,-0.02475148,0.1513461356466036,50.0,0.0885438157894736,-0.183654359270852,-0.04343806,0.107019555380356,0.1084850759861673,-0.01460084,0.0318206833333333,30,31.142857142857142,0.1704386333333333,7,0.0,0.0,0.0,0.0,0.0,0.0
2024-09-04,0.053725976744186,0.1424626154756612,neutral,0.0077179527126506,-0.0562946232558139,0.1477575593194479,50.0,-0.0065589119889119,-0.5116734798375391,-0.0315431432558139,0.102472736124031,0.1062576332536092,-0.0318277347942755,-0.0311841982558139,43,29.857142857142858,0.1436540232558139,9,0.0,0.0,0.0,0.0,0.0,0.0
2024-09-05,0.0855125208333333,0.142114142366454,neutral,0.0108057237792026,0.0317865440891472,0.1414585792404016,50.0,-0.0238954673202614,0.5916419954633412,0.0880811673449612,0.10110291767165,0.1092676760950879,-0.0095887291666666,0.0421405997807017,48,29.857142857142858,0.1263642291666666,7,0.0,0.0,0.0,0.0,0.0,0.0
2024-09-06,0.08998990625,0.1049677616805118,neutral,0.0110445343108613,0.0044773854166666,0.1317310222113041,50.0,-0.0520290974025973,0.052359413253566,-0.0273091586724806,0.1005195953086932,0.1065986848426748,-0.0040832565406976,-0.0373658775337837,32,28.285714285714285,0.1227308125,8,0.0,0.0,0.0,0.0,0.0,0.0
2024-09-07,0.1225359,0.1208959655483911,neutral,0.01611136323252,0.03254599375,0.1284145776977205,50.0,0.0777743684210526,0.3616627142558002,0.0280686083333333,0.101806069118217,0.1053068165887065,0.0090053166666666,-0.0180861555555555,10,28.0,0.1314828,4,0.0,0.0,0.0,0.0,0.0,0.0
2024-09-08,0.0758828333333333,0.1537869461204708,neutral,0.0073889391301666,-0.0466530666666666,0.1328454862382978,50.0,0.0074640011764705,-0.3807297834076926,-0.0791990604166666,0.0960628310229789,0.0987323659084344,-0.0402026666666666,-0.0920423095238095,12,28.571428571428573,0.097373,3,0.0,0.0,0.0,0.0,0.0,0.0
2024-09-09,0.0895936666666666,0.1237619194731023,neutral,0.016491582242202,0.0137108333333333,0.129105347037786,50.0,-0.0128588957489878,0.1806842566500548,0.0603639,0.0896087719753599,0.0993570808207151,-0.0451784133333333,0.0087460087719298,33,29.714285714285715,0.1840708484848484,6,0.0,0.0,0.0,0.0,0.0,0.0
2024-09-10,0.1303569555555555,0.1360555311501279,neutral,0.0184741008366963,0.0407632888888889,0.1278936247945208,50.0,-0.0140161,0.4549795806499221,0.0270524555555555,0.0925139656261535,0.0997667605032548,0.0203363555555555,0.0057355155555555,45,31.857142857142858,0.1417193333333333,4,0.0,0.0,0.0,0.0,0.0,0.0
2024-09-11,0.1000240208333333,0.1474370401430675,neutral,0.014935249209763,-0.0303329347222222,0.1363874804870319,50.0,-0.0044038446088794,-0.2326913404271314,-0.0710962236111111,0.0991279719246031,0.100800354024317,0.0462980440891473,0.0144703092948717,48,32.57142857142857,0.149316625,8,0.0,0.0,0.0,0.0,0.0,0.0
2024-09-12,0.0726398679245283,0.1457926840845533,neutral,0.0130797402030224,-0.027384152908805,0.1413668241942643,50.0,-0.0474628333333333,-0.2737757658676243,0.0029487818134171,0.0972890215090596,0.0991959695903548,-0.012872652908805,-0.0224613820754717,53,33.285714285714285,0.1800628301886792,10,0.0,0.0,0.0,0.0,0.0,0.0
2024-09-13,0.1023531666666666,0.1598187400258716,neutral,0.0160712468765138,0.0297132987421383,0.1425731829753445,50.0,-0.0575112499999999,0.4090494599055441,0.0570974516509434,0.0990552015685834,0.0997873984386383,0.0123632604166666,0.0082800038759689,36,33.857142857142854,0.1570175833333333,7,0.0,0.0,0.0,0.0,0.0,0.0
2024-09-14,0.1544920714285714,0.1443250881029268,bullish,0.0197980044614999,0.0521389047619047,0.1466858167013094,50.0,-0.0589182564705882,0.5094019702556483,0.0224256060197663,0.1036203689155221,0.1027132190168696,0.0319561714285714,0.040961488095238,14,34.42857142857143,0.1281489999999999,2,0.0,0.0,0.0,0.0,0.0,0.0
2024-09-15,0.0894047,0.1078340320678546,neutral,0.0092737707216,-0.0650873714285714,0.1410415168848548,50.0,-0.0318206833333333,-0.421299105039602,-0.1172262761904761,0.1055520641536174,0.1008074475882981,0.0135218666666666,-0.0266807999999999,10,34.142857142857146,0.103728,2,0.0,0.0,0.0,0.0,0.0,0.0
2024-09-16,0.1360702058823529,0.1868040397856241,neutral,0.0287496374725666,0.0466655058823529,0.1489149168133661,50.0,0.0311841982558139,0.5219580836617419,0.1117528773109243,0.1121915697558583,0.1009001708656091,0.0464765392156862,0.0012981258823529,34,34.285714285714285,0.2112853235294117,7,0.0,0.0,0.0,0.0,0.0,0.0
2024-09-17,0.1582876721311475,0.1714980705062228,bullish,0.0263880054821101,0.0222174662487945,0.1540559940977,50.0,-0.0421405997807017,0.1632794343532038,-0.0244480396335583,0.1161816721238,0.1043478188749768,0.0279307165755919,0.0482670721311475,61,36.57142857142857,0.1667091639344262,8,0.0,0.0,0.0,0.0,0.0,0.0
2024-09-18,0.1190443191489361,0.1814381350014027,neutral,0.0214763702289714,-0.0392433529822113,0.1583798730928062,50.0,0.0373658775337837,-0.2479242536948595,-0.0614608192310059,0.1188988575974575,0.1090134147610303,0.0190202983156028,0.0653183424047501,47,36.42857142857143,0.1804065106382978,7,0.0,0.0,0.0,0.0,0.0,0.0
2024-09-19,0.1285,0.1554947188323026,neutral,0.0181240848076923,0.0094556808510638,0.1606137992386814,50.0,0.0180861555555555,0.079429920878743,0.0486990338332752,0.1268788764653821,0.1120839489872208,0.0558601320754717,0.0429874791666666,39,34.42857142857143,0.1410434615384615,7,0.0,0.0,0.0,0.0,0.0,0.0
2024-09-20,0.1793182045454545,0.1914968936581599,bullish,0.0402587301025,0.0508182045454545,0.1773463715567425,50.0,0.0920423095238095,0.3954724089140431,0.0413625236943907,0.1378738818766375,0.1184645417226104,0.0769650378787878,0.0893282982954545,44,35.57142857142857,0.22451,9,0.0,0.0,0.0,0.0,0.0,0.0
2024-09-21,0.1650957391304348,0.1780716684334038,bullish,0.0328624647915765,-0.0142224654150197,0.1755998972862984,50.0,-0.0087460087719298,-0.0793141190046577,-0.0650406699604743,0.1393886915483322,0.1215045302319272,0.0106036677018633,0.0425598391304347,23,36.857142857142854,0.1990509565217391,5,0.0,0.0,0.0,0.0,0.0,0.0
2024-09-22,0.1270231999999999,0.2830652244007848,neutral,0.0367049414299999,-0.0380725391304348,0.1979133280652108,50.0,-0.0057355155555555,-0.2306088535716564,-0.023850073715415,0.1447627629769037,0.1251574135652605,0.0376184999999999,0.0511403666666666,10,36.857142857142854,0.2889625,2,0.0,0.0,0.0,0.0,0.0,0.0
2024-09-23,0.1529686727272727,0.2270064847071843,bullish,0.0345267315586856,0.0259454727272727,0.2070269980063671,50.0,-0.0144703092948717,0.2042577476183309,0.0640180118577075,0.1471768296690351,0.1296841997124467,0.0168984668449198,0.063375006060606,55,39.857142857142854,0.2257111272727272,10,0.0,0.0,0.0,0.0,0.0,0.0
2024-09-24,0.140693175,0.1623980282498224,neutral,0.0220665848840325,-0.0122754977272727,0.2084076598898711,50.0,0.0224613820754717,-0.0802484424321224,-0.0382209704545455,0.1446633300788711,0.1304225011013356,-0.0175944971311475,0.0103362194444444,40,36.857142857142854,0.1568419,6,0.0,0.0,0.0,0.0,0.0,0.0
2024-09-25,0.0933577619047619,0.208063100031159,neutral,0.0192533490619274,-0.0473354130952381,0.2117209011644709,50.0,-0.0082800038759689,-0.3364442738266309,-0.0350599153679653,0.140993821901132,0.1299463397492948,-0.0256865572441742,-0.0066662589285714,42,36.142857142857146,0.2062319047619047,7,0.0,0.0,0.0,0.0,0.0,0.0
2024-09-26,0.111905675,0.0998854624520037,neutral,0.0140350474952712,0.018547913095238,0.1960836599681908,50.0,-0.040961488095238,0.1986756399983065,0.0658833261904762,0.1386232040439891,0.1327510402546856,-0.016594325,0.0392658070754717,40,36.285714285714285,0.12541855,5,0.0,0.0,0.0,0.0,0.0,0.0
2024-09-27,0.135586606060606,0.1063437197587201,neutral,0.0248753843548539,0.023680931060606,0.1607393590397779,50.0,0.0266807999999999,0.2116151040651517,0.0051330179653679,0.1323758328318679,0.1351248573542527,-0.0437315984848485,0.0332334393939393,33,34.714285714285715,0.1834649090909091,6,0.0,0.0,0.0,0.0,0.0,0.0
2024-09-28,0.0996948125,0.1257875106938781,neutral,0.0137363625073515,-0.035891793560606,0.1404955642371166,50.0,-0.0012981258823529,-0.264714890382039,-0.059572724621212,0.1230328433132343,0.1312107674307833,-0.0654009266304347,-0.0547972589285714,16,33.714285714285715,0.1377841249999999,2,0.0,0.0,0.0,0.0,0.0,0.0
2024-09-29,0.2000870666666666,0.1612536998421461,bullish,0.05301338845264,0.1003922541666666,0.1402666985555814,50.0,-0.0482670721311475,1.006995766872691,0.1362840477272727,0.1334705385513296,0.1391166507641166,0.0730638666666667,0.1106823666666666,15,34.42857142857143,0.2649516,4,0.0,0.0,0.0,0.0,0.0,0.0
2024-09-30,0.1184942222222222,0.1269556575530131,neutral,0.0161909934716707,-0.0815928444444444,0.1240452100599522,50.0,-0.0653183424047501,-0.407786699079223,-0.1819850986111111,0.1285456170506081,0.1378612233598216,-0.0344744505050505,-0.0175759836601307,27,30.428571428571427,0.1366395185185185,8,0.0,0.0,0.0,0.0,0.0,0.0
2024-10-01,0.0896587857142857,0.1844240977952231,neutral,0.0105291531486454,-0.0288354365079365,0.1409529371285961,50.0,-0.0429874791666666,-0.2433488820565358,0.0527574079365079,0.1212549900097918,0.1329591600443314,-0.0510343892857142,-0.0686288864168618,28,28.714285714285715,0.1174358214285714,5,0.0,0.0,0.0,0.0,0.0,0.0
2024-10-02,0.1269679655172413,0.1260333391432835,neutral,0.0234773838114506,0.0373091798029556,0.1448908610055088,50.0,-0.0893282982954545,0.4161240809333315,0.0661446163108921,0.1260564476687174,0.1335251347849247,0.0336102036124794,0.0079236463683052,29,26.857142857142858,0.1849079310344827,5,0.0,0.0,0.0,0.0,0.0,0.0
2024-10-03,0.17739015,0.1822066387280999,bullish,0.0396047368850175,0.0504221844827586,0.1561746866123531,50.0,-0.0425598391304347,0.3971252455479539,0.0131130046798029,0.1354113726687174,0.1370172883563532,0.065484475,0.0488901499999999,40,26.857142857142858,0.22326345,7,0.0,0.0,0.0,0.0,0.0,0.0
2024-10-04,0.1221805,0.1774154256936281,neutral,0.0247581403073875,-0.05520965,0.1594070317826495,50.0,-0.0511403666666666,-0.3112328954003365,-0.1056318344827586,0.1334962146600594,0.1329360237459636,-0.013406106060606,-0.0571377045454545,40,27.857142857142858,0.202635775,6,0.0,0.0,0.0,0.0,0.0,0.0
2024-10-05,0.0857874285714285,0.1803117240252346,neutral,0.0194371273090612,-0.0363930714285714,0.1700782450770938,50.0,-0.063375006060606,-0.2978631731624229,0.0188165785714285,0.1315094455274063,0.1272711444203203,-0.0139073839285714,-0.0793083105590062,7,26.571428571428573,0.2265731428571428,2,0.0,0.0,0.0,0.0,0.0,0.0
2024-10-06,0.1471053846153846,0.1465991878840275,neutral,0.0209959894405917,0.061317956043956,0.1625132630948547,50.0,-0.0103362194444444,0.7147662200050828,0.0977110274725274,0.1239406338057946,0.1287055861785621,-0.052981682051282,0.0200821846153846,13,26.285714285714285,0.1427275384615384,2,0.0,0.0,0.0,0.0,0.0,0.0
2024-10-07,0.078145,0.1767789791666761,neutral,0.0106751976842647,-0.0689603846153846,0.1726623910995332,50.0,0.0066662589285714,-0.4687821917306798,-0.1302783406593406,0.11817645920262,0.123361038126614,-0.0403492222222222,-0.0748236727272727,34,27.285714285714285,0.1366075588235294,3,0.0,0.0,0.0,0.0,0.0,0.0
2024-10-08,0.1243525111111111,0.1465634825638895,neutral,0.0239736829656454,0.0462075111111111,0.1655337598666912,50.0,-0.0392658070754717,0.5913047682015626,0.1151678957264957,0.1231327056878808,0.1221938478488363,0.0346937253968254,-0.0163406638888888,45,29.714285714285715,0.1927880888888888,6,0.0,0.0,0.0,0.0,0.0,0.0
2024-10-09,0.1148335348837209,0.177352560763038,neutral,0.0155059428393282,-0.0095189762273901,0.1655211868805731,50.0,-0.0332334393939393,-0.0765483233296737,-0.0557264873385013,0.1213992155973779,0.1237278316330476,-0.0121344306335204,0.021475772978959,43,31.714285714285715,0.1350297441860465,9,0.0,0.0,0.0,0.0,0.0,0.0
2024-10-10,0.1331515999999999,0.1448236127217678,neutral,0.0242204691098199,0.018318065116279,0.1584235646198798,50.0,0.0547972589285714,0.1595184293057572,0.0278370413436692,0.115079422740235,0.1252453977044762,-0.04423855,0.0212459249999999,40,31.714285714285715,0.18190145,7,0.0,0.0,0.0,0.0,0.0,0.0
2024-10-11,0.1224437142857143,0.1594254912686733,neutral,0.0222553753392244,-0.0107078857142856,0.160988825296809,50.0,-0.1106823666666666,-0.0804187536183244,-0.0290259508305647,0.1151170247810513,0.1243066197205553,0.0002632142857142,-0.0131428917748917,42,32.0,0.1817600476190476,7,0.0,0.0,0.0,0.0,0.0,0.0
2024-10-12,0.0663747777777777,0.2325361604029455,neutral,0.0137253674225802,-0.0560689365079365,0.1721402615440629,50.0,0.0175759836601307,-0.4579160052030385,-0.0453610507936508,0.1123437889533869,0.1219266172403966,-0.0194126507936508,-0.0333200347222222,9,32.285714285714285,0.2067858888888888,2,0.0,0.0,0.0,0.0,0.0,0.0
2024-10-13,0.1006558125,0.1683822490902643,neutral,0.0117477034425703,0.0342810347222222,0.1765040148493378,50.0,0.0686288864168618,0.5164768285476578,0.0903499712301587,0.1057081357940463,0.1148243847999204,-0.0464495721153846,-0.0994312541666666,16,32.714285714285715,0.116711625,4,0.0,0.0,0.0,0.0,0.0,0.0
2024-10-14,0.1783622333333333,0.1525493409327377,bullish,0.0361058609482588,0.0777064208333333,0.1715433708832777,50.0,-0.0079236463683052,0.77200132712985,0.0434253861111111,0.1200248834130939,0.1191006713078569,0.1002172333333333,0.0598680111111111,30,32.142857142857146,0.2024299666666666,8,0.0,0.0,0.0,0.0,0.0,0.0
2024-10-15,0.0859222,0.158707614783981,neutral,0.01613561348126,-0.0924400333333333,0.1743201712957204,50.0,-0.0488901499999999,-0.51827133808409,-0.1701464541666666,0.1145348389686494,0.1188337723282651,-0.0384303111111111,-0.0037365857142857,40,31.428571428571427,0.1877933,8,0.0,0.0,0.0,0.0,0.0,0.0
2024-10-16,0.1378750909090909,0.1537610536491405,neutral,0.019188715640876,0.0519528909090909,0.1731872837718138,50.0,0.0571377045454545,0.6046503803334984,0.1443929242424242,0.1178264898294166,0.1196128527133972,0.0230415560253699,0.0109071253918495,44,31.571428571428573,0.1391746363636363,6,0.0,0.0,0.0,0.0,0.0,0.0
2024-10-17,0.12063,0.1310680229623374,neutral,0.0194727799977272,-0.0172450909090909,0.1528936562836921,50.0,0.0793083105590062,-0.1250776394443983,-0.0691979818181818,0.1160376898294166,0.1155585562848258,-0.0125215999999999,-0.0567601499999999,44,32.142857142857146,0.1614256818181818,5,0.0,0.0,0.0,0.0,0.0,0.0
2024-10-18,0.1420775641025641,0.1440653131974293,neutral,0.0222189820129026,0.0214475641025641,0.1480302691051252,50.0,-0.0200821846153846,0.1777962704349176,0.038692655011655,0.118842525517538,0.1169797751492947,0.0196338498168498,0.0198970641025641,39,31.714285714285715,0.156386282051282,6,0.0,0.0,0.0,0.0,0.0,0.0
2024-10-19,0.1773174375,0.1498364421885716,bullish,0.0282943661844374,0.0352398733974358,0.147487689356292,50.0,0.0748236727272727,0.2480326406215456,0.0137923092948717,0.1346914769064269,0.1235176329299069,0.1109426597222222,0.0915300089285714,16,32.714285714285715,0.159569,4,0.0,0.0,0.0,0.0,0.0,0.0
2024-10-20,0.1038464210526315,0.0943223557825419,neutral,0.0107077028555567,-0.0734710164473684,0.1346106375560041,50.0,0.0163406638888888,-0.4143473844605296,-0.1087108898448043,0.1351472781282314,0.1204277069611388,0.0031906085526315,-0.043258963562753,19,33.142857142857146,0.103110947368421,2,0.0,0.0,0.0,0.0,0.0,0.0
2024-10-21,0.11807596875,0.1318850291336345,neutral,0.0195460265060712,0.0142295476973684,0.1302354326529029,50.0,-0.021475772978959,0.1370249215440615,0.0877005641447368,0.1265349546163266,0.1232799190147102,-0.0602862645833333,0.0399309687499999,32,33.42857142857143,0.16553771875,6,0.0,0.0,0.0,0.0,0.0,0.0
2024-10-22,0.1366385777777778,0.1472657677173682,neutral,0.0263440149607664,0.0185626090277778,0.1334749816039091,50.0,-0.0212459249999999,0.1572090343555008,0.0043330613304093,0.1337801514417234,0.1241574952051864,0.0507163777777777,0.0122860666666666,45,34.142857142857146,0.1928007111111111,7,0.0,0.0,0.0,0.0,0.0,0.0
2024-10-23,0.1177102682926829,0.1833656465254635,neutral,0.0193823680038596,-0.0189283094850948,0.1413350482695159,50.0,0.0131428917748917,-0.1385282970075914,-0.0374909185128726,0.1308994624965223,0.1243629761629694,-0.020164822616408,0.0028767334089619,41,33.714285714285715,0.1646616585365853,7,0.0,0.0,0.0,0.0,0.0,0.0
2024-10-24,0.0994236279069767,0.1370049312803885,neutral,0.0151717750938496,-0.0182866403857061,0.1387687460878793,50.0,0.0333200347222222,-0.1553529751562284,0.0006416690993887,0.1278699807689476,0.1219538352991821,-0.0212063720930232,-0.0337279720930232,43,33.57142857142857,0.1525972790697674,9,0.0,0.0,0.0,0.0,0.0,0.0
2024-10-25,0.1327720943396226,0.1629860251363316,neutral,0.0274849884155446,0.0333484664326458,0.1525014799586372,50.0,0.0994312541666666,0.3354179196100906,0.051635106818352,0.1265406279456702,0.1226915767316041,-0.0093054697629414,0.0103283800539083,53,35.57142857142857,0.2070087735849056,7,0.0,0.0,0.0,0.0,0.0,0.0
2024-10-26,0.141328,0.1189024892222614,neutral,0.0241716261991111,0.0085559056603773,0.1499049719763626,50.0,-0.0598680111111111,0.0644405415379822,-0.0247925607722685,0.1213992797313845,0.1280453783189057,-0.0359894375,0.0749532222222222,9,34.57142857142857,0.1710321111111111,4,0.0,0.0,0.0,0.0,0.0,0.0
2024-10-27,0.1154935,0.1343115710756151,neutral,0.0146172976789687,-0.0258345,0.147314132648012,50.0,0.0037365857142857,-0.1827981716291181,-0.0343904056603773,0.1230631481524371,0.1291052131403342,0.0116470789473684,0.0148376875,16,34.142857142857146,0.1265638124999999,2,0.0,0.0,0.0,0.0,0.0,0.0
2024-10-28,0.1348999298245614,0.1849804288436308,neutral,0.0294756086333468,0.0194064298245613,0.1476370891116454,50.0,-0.0109071253918495,0.1680304937036403,0.0452409298245614,0.1254665711630888,0.1260007628897077,0.0168239610745613,-0.0434623035087719,57,37.714285714285715,0.2184998070175438,10,0.0,0.0,0.0,0.0,0.0,0.0
2024-10-29,0.0981962280701754,0.144302471796226,neutral,0.0163323498145044,-0.0367037017543859,0.149096597214813,50.0,0.0567601499999999,-0.2720809551355546,-0.0561101315789473,0.1199748069191456,0.1268774791804345,-0.0384423497076023,0.0122740280701754,57,39.42857142857143,0.166323596491228,8,0.0,0.0,0.0,0.0,0.0,0.0
2024-10-30,0.0682570612244898,0.119621240269271,neutral,0.0098130683450212,-0.0299391668456856,0.1404236402414009,50.0,-0.0198970641025641,-0.3048912105288786,0.0067645349087003,0.1129100630522608,0.1219047627743915,-0.0494532070681931,-0.0696180296846011,49,40.57142857142857,0.1437663469387755,6,0.0,0.0,0.0,0.0,0.0,0.0
2024-10-31,0.1550155,0.1814697093653022,bullish,0.0372363922847589,0.0867584387755102,0.152937084270009,50.0,-0.0915300089285714,1.271054411354914,0.1166976056211958,0.1208517590655498,0.1243608699172487,0.0555918720930232,0.0343855,56,42.42857142857143,0.2402107678571428,10,0.0,0.0,0.0,0.0,0.0,0.0
2024-11-01,0.1308953043478261,0.1379321651938403,neutral,0.0192531399081134,-0.0241201956521739,0.1536612030936541,50.0,0.043258963562753,-0.1555986056373324,-0.1108786344276841,0.1205836462095789,0.1235621370776246,-0.0018767899917965,-0.011182259754738,46,41.42857142857143,0.1470880869565217,7,0.0,0.0,0.0,0.0,0.0,0.0
2024-11-02,0.0326387272727272,0.3461974868522564,neutral,0.0088673279984958,-0.0982565770750988,0.1859046146953792,50.0,-0.0399309687499999,-0.7506501288541498,-0.0741363814229249,0.10505660724854,0.1132279434899622,-0.1086892727272727,-0.1446787102272727,11,41.714285714285715,0.2716811818181818,3,0.0,0.0,0.0,0.0,0.0,0.0
2024-11-03,0.120369909090909,0.1396381952650882,neutral,0.019365953563909,0.0877311818181818,0.1849717593891516,50.0,-0.0122860666666666,2.687947390996752,0.1859877588932806,0.1057532371186698,0.1144081926355535,0.004876409090909,0.0165234880382775,11,41.0,0.1608869999999999,3,0.0,0.0,0.0,0.0,0.0,0.0
2024-11-04,0.1159836666666666,0.1541240264953403,neutral,0.0168909977793703,-0.0043862424242424,0.1918723166343655,50.0,-0.0028767334089619,-0.0364396920905681,-0.0921174242424242,0.1030509138103991,0.1142587424867439,-0.0189162631578947,-0.0020923020833333,45,39.285714285714285,0.1456325555555555,7,0.0,0.0,0.0,0.0,0.0,0.0
2024-11-05,0.0916925319148936,0.1417613781547758,neutral,0.0153903905387066,-0.024291134751773,0.1839306503922602,50.0,0.0337279720930232,-0.2094358235938944,-0.0199048923275306,0.1021218143596446,0.1110483106393951,-0.0065036961552818,-0.0449460458628841,47,37.857142857142854,0.1678478085106383,6,0.0,0.0,0.0,0.0,0.0,0.0
2024-11-06,0.1387511666666666,0.2099079415799636,neutral,0.0300083788384404,0.047058634751773,0.1983258056694848,50.0,-0.0103283800539083,0.5132221105580501,0.0713497695035461,0.1121924008513842,0.1125512319518225,0.0704941054421768,0.0210408983739837,42,36.857142857142854,0.2162747857142857,7,0.0,0.0,0.0,0.0,0.0,0.0
2024-11-07,0.1213075777777777,0.2064321642593395,neutral,0.0216039819261466,-0.0174435888888889,0.1703727411509015,50.0,-0.0749532222222222,-0.1257185024670464,-0.0645022236406619,0.1073769833910667,0.1141143712283083,-0.0337079222222222,0.021883949870801,45,35.285714285714285,0.1780926,5,0.0,0.0,0.0,0.0,0.0,0.0
2024-11-08,0.1130424642857142,0.1402286465044862,neutral,0.0114706005264604,-0.0082651134920634,0.1704908313987811,50.0,-0.0148376875,-0.0681335300190749,0.0091784753968254,0.1048265776679079,0.1127051119387434,-0.0178528400621118,-0.0197296300539083,28,32.714285714285715,0.1014716071428571,6,0.0,0.0,0.0,0.0,0.0,0.0
2024-11-09,0.1431790666666667,0.131776144245495,neutral,0.0292242029351644,0.0301366023809524,0.166021254948812,50.0,0.0434623035087719,0.2665954123645278,0.0384017158730159,0.1206180547241849,0.1128373309863624,0.1105403393939394,0.0018510666666666,15,33.285714285714285,0.2041094666666666,2,0.0,0.0,0.0,0.0,0.0,0.0
2024-11-10,0.16056825,0.1417480997506909,bullish,0.026360355795625,0.0173891833333333,0.166018599267995,50.0,-0.0122740280701754,0.1214505984580611,-0.012747419047619,0.126360674854055,0.1160569559863624,0.0401983409090909,0.04507475,12,33.42857142857143,0.1641691666666666,2,0.0,0.0,0.0,0.0,0.0,0.0
2024-11-11,0.1585653513513513,0.1664925278655699,bullish,0.0268040455577837,-0.0020028986486486,0.1573355165251163,50.0,0.0696180296846011,-0.0124738150203955,-0.0193920819819819,0.1324437726661529,0.117747343238276,0.0425816846846846,0.0236654215267899,37,32.285714285714285,0.169041,6,0.0,0.0,0.0,0.0,0.0,0.0
2024-11-12,0.1134404358974359,0.1008301195807751,neutral,0.0146797043414543,-0.0451249154539154,0.1362151075894034,50.0,-0.0343855,-0.2845824454670871,-0.0431220168052668,0.1355506160922303,0.1188362152259375,0.0217479039825422,0.0152442078272604,39,31.142857142857142,0.1294045128205128,6,0.0,0.0,0.0,0.0,0.0,0.0
2024-11-13,0.11419203125,0.1236503846437502,neutral,0.0176244659046435,0.000751595352564,0.1328994552172562,50.0,0.011182259754738,0.0066254624871473,0.0458765108064795,0.1320421681755637,0.1221172845134739,-0.0245591354166666,0.0459349700255102,32,29.714285714285715,0.15434059375,6,0.0,0.0,0.0,0.0,0.0,0.0
2024-11-14,0.1154687222222222,0.2102771452996003,neutral,0.024092481534912,0.0012766909722222,0.1485996554280773,50.0,0.1446787102272727,0.0111802107226481,0.0005250956196581,0.1312080459533414,0.1192925146722041,-0.0058388555555555,-0.0395467777777777,36,28.428571428571427,0.2086494166666666,7,0.0,0.0,0.0,0.0,0.0,0.0
2024-11-15,0.1336995483870967,0.1774362870162769,neutral,0.025990368444718,0.0182308261648745,0.1557372928811944,50.0,-0.0165234880382775,0.1578854066626709,0.0169541351926523,0.1341590579678247,0.1194928178178663,0.0206570841013824,0.0028042440392706,31,28.857142857142858,0.1943938387096774,4,0.0,0.0,0.0,0.0,0.0,0.0
2024-11-16,0.1310578,0.0955438699962097,neutral,0.0151968137518899,-0.0026417483870967,0.1415475613073224,50.0,0.0020923020833333,-0.0197588430100614,-0.0208725745519713,0.1324274484440151,0.1265227515841,-0.0121212666666666,0.0984190727272727,20,29.571428571428573,0.1159550499999999,4,0.0,0.0,0.0,0.0,0.0,0.0
2024-11-17,0.1445702,0.1237796615349226,neutral,0.00786435865364,0.0135124,0.1461374696981519,50.0,0.0449460458628841,0.103102600531979,0.0161541483870967,0.1301420127297294,0.1282513437918922,-0.0159980499999999,0.0242002909090909,5,28.571428571428573,0.0543981999999999,1,0.0,0.0,0.0,0.0,0.0,0.0
2024-11-18,0.1098902352941176,0.1844025932216031,neutral,0.0185115272658131,-0.0346799647058823,0.1582879114137225,50.0,-0.0210408983739837,-0.2398832173288987,-0.0481923647058823,0.1231884247215532,0.127816098693853,-0.0486751160572337,-0.006093431372549,34,28.142857142857142,0.1684547058823529,6,0.0,0.0,0.0,0.0,0.0,0.0
2024-11-19,0.1514136304347826,0.2064596829967707,bullish,0.0389255379013983,0.0415233951406649,0.1575244189531566,50.0,-0.021883949870801,0.3778624645722974,0.0762033598465473,0.128613166798317,0.1320818914452737,0.0379731945373467,0.059721098519889,46,29.142857142857142,0.257080804347826,5,0.0,0.0,0.0,0.0,0.0,0.0
2024-11-20,0.1685748510638297,0.158324658282055,bullish,0.0453266462628727,0.0171612206290471,0.1537020932063122,50.0,0.0197296300539083,0.1133399983856731,-0.0243621745116178,0.1363821410574355,0.1342121546164996,0.0543828198138297,0.029823684397163,47,31.285714285714285,0.2688814255319149,7,0.0,0.0,0.0,0.0,0.0,0.0
2024-11-21,0.128795,0.1253192551727291,neutral,0.0176766734508139,-0.0397798510638297,0.1596571702416161,50.0,-0.0018510666666666,-0.2359773762977691,-0.0569410716928769,0.1382858950256895,0.1347469704895155,0.0133262777777777,0.0074874222222222,43,32.285714285714285,0.1372465813953488,8,0.0,0.0,0.0,0.0,0.0,0.0
2024-11-22,0.1348544634146341,0.1874635606283388,neutral,0.0257017510146656,0.0060594634146341,0.1723939500602994,50.0,-0.04507475,0.0470473497778183,0.0458393144784638,0.1384508828867663,0.1363049704272955,0.0011549150275373,0.0218119991289198,41,33.714285714285715,0.1905888048780487,6,0.0,0.0,0.0,0.0,0.0,0.0
2024-11-23,0.1075274375,0.1408381543398752,neutral,0.0153295147178906,-0.0273270259146341,0.1636810622839538,50.0,-0.0236654215267899,-0.2026408709262541,-0.0333864893292682,0.1350894025296234,0.1337584254868193,-0.0235303625,-0.0356516291666666,16,33.142857142857146,0.14256375,2,0.0,0.0,0.0,0.0,0.0,0.0
2024-11-24,0.160652625,0.1012745850856366,bullish,0.0443512898574374,0.0531251874999999,0.1426440427017269,50.0,-0.0152442078272604,0.4940616900686394,0.0804522134146341,0.1373868918153377,0.1337644522725336,0.0160824249999999,8.437499999999765e-05,8,33.57142857142857,0.2760694999999999,3,0.0,0.0,0.0,0.0,0.0,0.0
2024-11-25,0.12816484375,0.1283819361597888,neutral,0.0205778469261474,-0.0324877812499999,0.1366554982772737,50.0,-0.0459349700255102,-0.2022237809684092,-0.0856129687499999,0.139997550166178,0.1315929874438656,0.0182746084558823,-0.0304005076013513,32,33.285714285714285,0.1605576562499999,5,0.0,0.0,0.0,0.0,0.0,0.0
2024-11-26,0.0971950285714285,0.1794489696050737,neutral,0.01669316840112,-0.0309698151785714,0.1474814411637426,50.0,0.0395467777777777,-0.241640486364432,0.0015179660714285,0.1322520356142703,0.1304326012062936,-0.054218601863354,-0.0162454073260073,35,31.714285714285715,0.1717492,4,0.0,0.0,0.0,0.0,0.0,0.0
2024-11-27,0.0863098709677419,0.2066581628646272,neutral,0.0149103253337523,-0.0108851576036866,0.1513203616110003,50.0,-0.0028042440392706,-0.1119929461792085,0.0200846575748848,0.1204998956005435,0.1284410183289895,-0.0822649800960878,-0.027882160282258,31,29.428571428571427,0.1727534193548387,6,0.0,0.0,0.0,0.0,0.0,0.0
2024-11-28,0.1457681428571428,0.1323264890935619,neutral,0.0299261233738299,0.0594582718894009,0.1496180285617376,50.0,-0.0984190727272727,0.6888930689239852,0.0703434294930875,0.122924630294421,0.1306052626600553,0.0169731428571428,0.0302994206349206,21,26.285714285714285,0.2052994761904761,5,0.0,0.0,0.0,0.0,0.0,0.0
2024-11-29,0.14370353125,0.1170934906113374,neutral,0.0307261636358388,-0.0020646116071428,0.1527818096668778,50.0,-0.0242002909090909,-0.0141636681834262,-0.0615228834965437,0.1241887828423304,0.1313198328645484,0.0088490678353658,0.0100039828629032,32,25.0,0.21381634375,4,0.0,0.0,0.0,0.0,0.0,0.0
2024-11-30,0.0793908571428571,0.117764223638348,neutral,0.0056048357325714,-0.0643126741071428,0.1506582671625897,50.0,0.006093431372549,-0.4475371867881141,-0.0622480624999999,0.1201692713627386,0.127629336946181,-0.0281365803571428,-0.0516669428571428,7,23.714285714285715,0.070598,3,0.0,0.0,0.0,0.0,0.0,0.0
2024-12-01,0.0758354,0.1228609443677417,neutral,0.0071436188446,-0.0035554571428571,0.1393406621151232,50.0,-0.059721098519889,-0.0447842140872644,0.0607572169642857,0.1080525249341672,0.1227197083747524,-0.084817225,-0.0687348,10,24.0,0.094199,3,0.0,0.0,0.0,0.0,0.0,0.0
2024-12-02,0.13388,0.1548724608710601,neutral,0.02192718018125,0.0580446,0.1289835217164098,50.0,-0.029823684397163,0.7654024373841242,0.0616000571428571,0.1088689758270243,0.1244332629966012,0.0057151562499999,0.0239897647058823,32,24.0,0.16378234375,5,0.0,0.0,0.0,0.0,0.0,0.0
2024-12-03,0.1199235555555555,0.1422036486591263,neutral,0.0185991107916049,-0.0139564444444444,0.1309589536295227,50.0,-0.0074874222222222,-0.1042459250406665,-0.0720010444444444,0.1121159082533282,0.1221839719337992,0.0227285269841269,-0.031490074879227,36,24.142857142857142,0.1550913888888888,6,0.0,0.0,0.0,0.0,0.0,0.0
2024-12-04,0.1282691,0.1306271672108379,neutral,0.0177982419221549,0.0083455444444444,0.1336656889494228,50.0,-0.0218119991289198,0.0695905354522139,0.0223019888888888,0.118110083829365,0.1193049897149543,0.041959229032258,-0.0403057510638297,40,25.428571428571427,0.13875705,6,0.0,0.0,0.0,0.0,0.0,0.0
2024-12-05,0.1909095862068965,0.141403477001481,bullish,0.0335316230449464,0.0626404862068965,0.1383935396220494,50.0,0.0356516291666666,0.4883521144757119,0.0542949417624521,0.1245588614507584,0.1237417458725897,0.0451414433497537,0.0621145862068965,29,26.571428571428573,0.1756413793103448,6,0.0,0.0,0.0,0.0,0.0,0.0
2024-12-06,0.0872376315789473,0.1790393770210252,neutral,0.0146015615821537,-0.1036719546279491,0.1496292261527061,50.0,-8.437499999999765e-05,-0.5430421629828249,-0.1663124408348457,0.1164923043548938,0.1203405435986121,-0.0564658996710526,-0.0476168318356867,38,27.428571428571427,0.1673768684210526,4,0.0,0.0,0.0,0.0,0.0,0.0
2024-12-07,0.1289343636363636,0.0800616915875161,neutral,0.0121323719790082,0.0416967320574162,0.1346670722959973,50.0,0.0304005076013513,0.4779672636995193,0.1453686866853654,0.1235699481396804,0.1218696097512095,0.0495435064935064,0.0214069261363636,11,28.0,0.0940972727272727,2,0.0,0.0,0.0,0.0,0.0,0.0
2024-12-08,0.0993265833333333,0.1358772504000031,neutral,0.0119487644901874,-0.0296077803030302,0.1334017926441726,50.0,0.0162454073260073,-0.2296345168812695,-0.0713045123604465,0.1269258314730137,0.1174891782035904,0.0234911833333333,-0.0613260416666666,12,28.285714285714285,0.12029775,2,0.0,0.0,0.0,0.0,0.0,0.0
2024-12-09,0.0902641111111111,0.1486717135410679,neutral,0.0131656644895481,-0.0090624722222222,0.1370107019102187,50.0,0.027882160282258,-0.0912391418096922,0.020545308080808,0.1206949902031725,0.1147819830150984,-0.0436158888888888,-0.0379007326388888,45,30.142857142857142,0.1458571333333333,7,0.0,0.0,0.0,0.0,0.0,0.0
2024-12-10,0.1170026511627906,0.1647470063707906,neutral,0.020012922542531,0.0267385400516795,0.1416794077840806,50.0,-0.0302994206349206,0.296225595339499,0.0358010122739017,0.1202777181470632,0.1161968132001957,-0.0029209043927648,0.0198076225913621,43,31.142857142857142,0.1710467441860465,7,0.0,0.0,0.0,0.0,0.0,0.0
2024-12-11,0.1010012647058823,0.1713988129698489,neutral,0.0177789882405129,-0.0160013864569083,0.1401512949738453,50.0,-0.0100039828629032,-0.1367608878763349,-0.0427399265085879,0.1163823131050464,0.1172461984672057,-0.0272678352941176,0.0146913937381404,34,30.285714285714285,0.1760273823529412,4,0.0,0.0,0.0,0.0,0.0,0.0
2024-12-12,0.105435243902439,0.1221010107949112,neutral,0.018055093760229,0.0044339791965566,0.1485591588153244,50.0,0.0516669428571428,0.0439002344125938,0.020435365653465,0.1041716927758382,0.1143652771132983,-0.0854743423044575,-0.0403328989547038,41,32.0,0.1712434390243902,5,0.0,0.0,0.0,0.0,0.0,0.0
2024-12-13,0.0738349166666666,0.2018449204803824,neutral,0.0126045093704548,-0.0316003272357723,0.1617526928314002,50.0,0.0687348,-0.2997131325936198,-0.036034306432329,0.1022570192169409,0.1093746617859173,-0.0134027149122807,-0.0698686145833333,24,30.0,0.1707120416666666,4,0.0,0.0,0.0,0.0,0.0,0.0
2024-12-14,0.0884466428571428,0.0903079968676487,neutral,0.0084630422922551,0.0146117261904761,0.1500799494967163,50.0,-0.0239897647058823,0.1978972395464593,0.0462120534262485,0.0964730591056237,0.110021503622652,-0.0404877207792207,0.0090557857142857,14,30.428571428571427,0.0956852857142857,4,0.0,0.0,0.0,0.0,0.0,0.0
2024-12-15,0.1174538888888889,0.1015599455568795,neutral,0.0166017744084259,0.029007246031746,0.1374425373339341,50.0,0.031490074879227,0.3279632227375539,0.0143955198412698,0.0990626741849888,0.1129942528290012,0.0181273055555555,0.0416184888888889,18,31.285714285714285,0.1413471666666666,2,0.0,0.0,0.0,0.0,0.0,0.0
2024-12-16,0.1635004166666666,0.1280477350338423,bullish,0.030078538090052,0.0460465277777777,0.1287723217467328,50.0,0.0403057510638297,0.3920391926855455,0.0170392817460317,0.1095250035500681,0.1151099968766203,0.0732363055555555,0.0296204166666666,24,28.285714285714285,0.183966125,4,0.0,0.0,0.0,0.0,0.0,0.0
2024-12-17,0.1384860869565217,0.1632181462348955,neutral,0.0231202642596597,-0.0250143297101449,0.1369957488347297,50.0,-0.0621145862068965,-0.152992452374861,-0.0710608574879227,0.1125940658063154,0.1164358919766893,0.021483435793731,0.0185625314009661,23,25.428571428571427,0.1669500869565217,4,0.0,0.0,0.0,0.0,0.0,0.0
2024-12-18,0.1113153684210526,0.1237524181866753,neutral,0.019412615186349,-0.027170718535469,0.1213772483759883,50.0,0.0476168318356867,-0.1961981823054864,-0.0021563888253241,0.1140675091941969,0.1152249111496216,0.0103141037151702,-0.0169537315789473,38,26.0,0.174392947368421,6,0.0,0.0,0.0,0.0,0.0,0.0
2024-12-19,0.1649314545454545,0.122630202949531,bullish,0.022691994215179,0.0536160861244019,0.1278416895923648,50.0,-0.0214069261363636,0.4816593331623175,0.080786804659871,0.1225669678574848,0.1133693303166615,0.0594962106430155,-0.025978131661442,33,24.857142857142858,0.1375843939393939,7,0.0,0.0,0.0,0.0,0.0,0.0
2024-12-20,0.1496971538461538,0.1305300960639169,neutral,0.0248687505921656,-0.0152343006993007,0.1336357196937722,50.0,0.0613260416666666,-0.092367467086772,-0.0688503868237026,0.1334044303116973,0.1178307247643191,0.0758622371794871,0.0624595222672064,26,25.142857142857142,0.1661270769230769,7,0.0,0.0,0.0,0.0,0.0,0.0
2024-12-21,0.1376425384615384,0.10632387625052,neutral,0.0124533674856213,-0.0120546153846153,0.1292909479371077,50.0,0.0379007326388888,-0.0805266838740574,0.0031796853146853,0.1404324153980395,0.1184527372518316,0.0491958956043955,0.0087081748251748,13,25.0,0.0904761538461538,4,0.0,0.0,0.0,0.0,0.0,0.0
2024-12-22,0.1308485,0.090803727864504,neutral,0.0157793259281666,-0.0067940384615384,0.1148080642630295,50.0,-0.0198076225913621,-0.0493600200742949,0.0052605769230769,0.1423459312710554,0.1207043027280221,0.0133946111111111,0.0315219166666666,12,24.142857142857142,0.1205923333333333,2,0.0,0.0,0.0,0.0,0.0,0.0
2024-12-23,0.1402021555555555,0.126508719460711,neutral,0.026971131079913,0.0093536555555555,0.1153593245178366,50.0,-0.0146913937381404,0.0714846219525293,0.0161476940170939,0.1390176082551824,0.1242713059026252,-0.0232982611111111,0.0499380444444444,45,27.142857142857142,0.1923731555555555,6,0.0,0.0,0.0,0.0,0.0,0.0
2024-12-24,0.1259093214285714,0.1304852474786308,neutral,0.0249799102309043,-0.0142928341269841,0.1169303334236565,50.0,0.0403328989547038,-0.101944467760487,-0.0236464896825396,0.1372209274654752,0.1249074966358953,-0.0125767655279503,0.0089066702657807,28,27.857142857142858,0.1983960357142857,3,0.0,0.0,0.0,0.0,0.0,0.0
2024-12-25,0.1277725,0.1550557199151324,neutral,0.0148756577675,0.0018631785714285,0.1218354581938996,50.0,0.0698686145833333,0.0147977810561514,0.0161560126984127,0.1395719462624677,0.1268197277283323,0.0164571315789473,0.0267712352941176,16,24.714285714285715,0.116423,5,0.0,0.0,0.0,0.0,0.0,0.0
2024-12-26,0.1603814499999999,0.1335401310741949,bullish,0.0261999377292175,0.0326089499999999,0.1272787091586346,50.0,-0.0090557857142857,0.2552110195855912,0.0307457714285713,0.138921945613117,0.1307444567353009,-0.0045500045454545,0.0549462060975609,20,22.857142857142858,0.16336015,7,0.0,0.0,0.0,0.0,0.0,0.0
2024-12-27,0.1304266818181818,0.1489882136889602,neutral,0.0175918441308966,-0.0299547681818181,0.1389156063235259,50.0,-0.0416184888888889,-0.1867720249556178,-0.0625637181818181,0.1361690210376924,0.1347867256746948,-0.019270472027972,0.0565917651515151,22,22.285714285714285,0.1348791818181818,5,0.0,0.0,0.0,0.0,0.0,0.0
2024-12-28,0.1223190555555555,0.0988812848041839,neutral,0.0160312781266759,-0.0081076262626262,0.1333901193922204,50.0,-0.0296204166666666,-0.0621623286708198,0.0218471419191919,0.1339799520511234,0.1372061837245815,-0.0153234829059829,0.0338724126984126,18,23.0,0.1310611666666666,6,0.0,0.0,0.0,0.0,0.0,0.0
2024-12-29,0.1550666153846153,0.1238732734407348,bullish,0.0286012976592189,0.0327475598290598,0.1320677245846412,50.0,-0.0185625314009661,0.2677224712071648,0.040855186091686,0.1374396828203542,0.1398928070457048,0.0242181153846153,0.0376127264957264,13,23.142857142857142,0.1844452307692307,2,0.0,0.0,0.0,0.0,0.0,0.0
2024-12-30,0.0954753636363636,0.1177332536968716,neutral,0.0150368880561198,-0.0595912517482517,0.1246032313409891,50.0,0.0169537315789473,-0.3842945278740117,-0.0923388115773115,0.1310501411176125,0.1350338746863974,-0.0447267919191918,-0.068025053030303,22,19.857142857142858,0.1574949545454545,4,0.0,0.0,0.0,0.0,0.0,0.0
2024-12-31,0.10719068,0.1663611864976122,neutral,0.0231522693277791,0.0117153163636363,0.1311674424256726,50.0,0.025978131661442,0.1227051243109833,0.071306568111888,0.1283760494849594,0.1327984884752173,-0.0187186414285714,-0.0312954069565217,25,19.428571428571427,0.2159914399999999,4,0.0,0.0,0.0,0.0,0.0,0.0
2025-01-01,0.1062338,0.1450682304854217,neutral,0.0167903087480266,-0.0009568799999999,0.1303834457849649,50.0,-0.0624595222672064,-0.0089268955099454,-0.0126721963636363,0.1252990923421023,0.132435519302285,-0.0215387,-0.0050815684210526,15,19.285714285714285,0.1580505333333333,4,0.0,0.0,0.0,0.0,0.0,0.0
2025-01-02,0.1458243571428571,0.0943309149965691,neutral,0.0200038572080535,0.0395905571428571,0.1294733718234419,50.0,-0.0087081748251748,0.3726738302014722,0.0405474371428571,0.1232195076482247,0.1310707266306709,-0.0145570928571428,-0.0191070974025973,28,20.428571428571427,0.13717775,6,0.0,0.0,0.0,0.0,0.0,0.0
2025-01-03,0.1355082777777777,0.1669210519992885,neutral,0.0251828094086774,-0.0103160793650793,0.1380829275351526,50.0,-0.0315219166666666,-0.0707431842471503,-0.0499066365079365,0.123945449928167,0.1300572354829297,0.0050815959595959,-0.014188876068376,36,22.428571428571427,0.1858396388888888,4,0.0,0.0,0.0,0.0,0.0,0.0
2025-01-04,0.1679854285714285,0.1887383507067244,bullish,0.0332048877344081,0.0324771507936507,0.1522839469371232,50.0,-0.0499380444444444,0.2396691281613852,0.0427932301587301,0.1304692175018632,0.1322245847764933,0.045666373015873,0.0303428901098901,14,21.857142857142858,0.1976652857142857,2,0.0,0.0,0.0,0.0,0.0,0.0
2025-01-05,0.0132829,0.2808978841225837,neutral,0.00280661832524,-0.1547025285714285,0.1751912864621175,50.0,-0.0089066702657807,-0.9209282607845238,-0.1871796793650793,0.1102144010183467,0.1238270419193504,-0.1417837153846153,-0.1175656,10,21.428571428571427,0.2112956,3,0.0,0.0,0.0,0.0,0.0,0.0
2025-01-06,0.1313669836065573,0.1278895189164579,neutral,0.0217501924308986,0.1180840836065573,0.1717555441483247,50.0,-0.0267712352941176,8.889932439945897,0.2727866121779859,0.1153417752998029,0.1231959582087077,0.0358916199701937,-0.0088351719489981,61,27.0,0.1655681803278688,3,0.0,0.0,0.0,0.0,0.0,0.0
2025-01-07,0.1590971627906977,0.1303787066356952,bullish,0.0211597117549237,0.0277301791841403,0.17896510247615,50.0,-0.0549462060975609,0.2110894109222441,-0.090353904422417,0.1227569871270455,0.1255665183060025,0.0519064827906976,0.0331878413621262,43,29.571428571428573,0.1329986744186046,6,0.0,0.0,0.0,0.0,0.0,0.0
2025-01-08,0.1375284571428571,0.1361935149558163,neutral,0.0256085963850514,-0.0215687056478405,0.1728195950674555,50.0,-0.0565917651515151,-0.1355693921218164,-0.0492988848319808,0.1272276524331679,0.1262633723876351,0.0312946571428571,0.0097559571428571,35,32.42857142857143,0.1862058,5,0.0,0.0,0.0,0.0,0.0,0.0
2025-01-09,0.13270776,0.1499855937182746,neutral,0.027791897973168,-0.0048206971428571,0.1650690436697655,50.0,-0.0338724126984126,-0.0350523611113418,0.0167480085049834,0.1253538528413312,0.124286680244778,-0.0131165971428571,-0.0276736899999999,25,32.0,0.2094218,3,0.0,0.0,0.0,0.0,0.0,0.0
2025-01-10,0.1297363333333333,0.1178475113949342,neutral,0.0193045147901414,-0.0029714266666666,0.1324589691242357,50.0,-0.0376127264957264,-0.0223907529346188,0.0018492704761904,0.1245292893492677,0.1242373696387173,-0.0057719444444444,-0.0006903484848485,33,31.571428571428573,0.1487980606060606,5,0.0,0.0,0.0,0.0,0.0,0.0
2025-01-11,0.0403363846153846,0.0949720415864044,neutral,0.0046703203675029,-0.0893999487179487,0.125875473658225,50.0,0.068025053030303,-0.6890895281297353,-0.086428522051282,0.1062937116412614,0.1183814645715623,-0.1276490439560439,-0.0819826709401709,13,31.428571428571427,0.1157843076923076,1,0.0,0.0,0.0,0.0,0.0,0.0
2025-01-12,0.1223919411764705,0.0868282372881012,neutral,0.0134930275597404,0.0820555565610859,0.1171653797887061,50.0,0.0312954069565217,2.034281389953559,0.1714555052790346,0.1218807175236144,0.1160475592709805,0.1091090411764705,-0.0326746742081448,17,32.42857142857143,0.1102444117647058,1,0.0,0.0,0.0,0.0,0.0,0.0
2025-01-13,0.0985582972972972,0.1165617320383078,neutral,0.0138051459420409,-0.0238336438791732,0.1132390232052044,50.0,0.0050815684210526,-0.1947321339140196,-0.1058892004402592,0.1171937623365772,0.1162677688181901,-0.03280868630926,0.0030829336609336,37,29.0,0.1400708648648648,5,0.0,0.0,0.0,0.0,0.0,0.0
2025-01-14,0.10472128125,0.1310449656810123,neutral,0.0168575966077998,0.0061629839527027,0.109450897597752,50.0,0.0191070974025973,0.0625313557732467,0.029996627831876,0.1094257792593347,0.1160913831931901,-0.0543758815406976,-0.0024693987499999,32,27.428571428571427,0.16097584375,3,0.0,0.0,0.0,0.0,0.0,0.0
2025-01-15,0.1554393636363636,0.1016135449474868,bullish,0.027700167180064,0.0507180823863636,0.1062041043082625,50.0,0.014188876068376,0.4843149528058663,0.0445550984336609,0.1119844801869784,0.1196060663100732,0.0179109064935064,0.0492055636363636,44,28.714285714285715,0.1782056136363636,7,0.0,0.0,0.0,0.0,0.0,0.0
2025-01-16,0.1564653333333333,0.146824415885452,bullish,0.0269484084112727,0.0010259696969697,0.116574579168072,50.0,-0.0303428901098901,0.0066004496735452,-0.0496921126893939,0.1153784192345975,0.1203661360379644,0.0237575733333333,0.0106409761904761,33,29.857142857142858,0.1722324545454545,4,0.0,0.0,0.0,0.0,0.0,0.0
2025-01-17,0.1255816129032258,0.1193550268173841,neutral,0.0168049465918314,-0.0308837204301075,0.1230799370739286,50.0,0.1175656,-0.1973837895728182,-0.0319096901270772,0.1147848877445821,0.1196570885469249,-0.0041547204301075,-0.0099266648745519,31,29.571428571428573,0.1338169354838709,3,0.0,0.0,0.0,0.0,0.0,0.0
2025-01-18,0.1611238333333333,0.0654824525820976,bullish,0.0220900238420555,0.0355422204301075,0.1128640811826866,50.0,0.0088351719489981,0.2830208946073709,0.066425940860215,0.132040237561432,0.1191669746013467,0.1207874487179487,-0.0068615952380952,6,28.571428571428573,0.1370996666666666,2,0.0,0.0,0.0,0.0,0.0,0.0
2025-01-19,0.1537743571428571,0.1407379743651339,bullish,0.0351503796209081,-0.0073494761904761,0.1148026829195109,50.0,-0.0331878413621262,-0.0456138365034524,-0.0428916966205837,0.1365234398423443,0.1292020786829793,0.0313824159663865,0.1404914571428571,14,28.142857142857142,0.2285841428571428,2,0.0,0.0,0.0,0.0,0.0,0.0
2025-01-20,0.1227821764705882,0.0842178016070795,neutral,0.015900313520384,-0.0309921806722689,0.1113235342514294,50.0,-0.0097559571428571,-0.2015432302765345,-0.0236427044817927,0.1399839940099573,0.1285888781732673,0.0242238791732909,-0.0085848071359691,17,25.285714285714285,0.1295001764705882,4,0.0,0.0,0.0,0.0,0.0,0.0
2025-01-21,0.2016771111111111,0.159156237805375,bullish,0.0489857792805679,0.0788949346405228,0.113789898635414,50.0,0.0276736899999999,0.642560157413578,0.1098871153127918,0.1538348268472589,0.1316303030532968,0.0969558298611111,0.0425799483204134,9,22.0,0.2428921111111111,3,0.0,0.0,0.0,0.0,0.0,0.0
2025-01-22,0.1413891111111111,0.1148507041129165,neutral,0.0227362043097489,-0.060288,0.1128890340945205,50.0,0.0006903484848485,-0.2989332783866841,-0.1391829346405229,0.15182764791508,0.1319060640510292,-0.0140502525252525,0.0038606539682539,54,23.428571428571427,0.1608059074074074,8,0.0,0.0,0.0,0.0,0.0,0.0
2025-01-23,0.1422413636363636,0.1400615026421023,neutral,0.0260685747136363,0.0008522525252525,0.1278048441065215,50.0,0.0819826709401709,0.0060277097617706,0.0611402525252525,0.1497956522440843,0.1325870357393409,-0.0142239696969697,0.0095336036363636,33,23.428571428571427,0.18327,5,0.0,0.0,0.0,0.0,0.0,0.0
2025-01-24,0.1668384444444444,0.1279512744889228,bullish,0.0328195967924814,0.0245970808080808,0.1252475041312792,50.0,0.0326746742081448,0.17292495079675,0.0237448282828282,0.1556894853214012,0.1352371865329917,0.0412568315412186,0.0371021111111111,36,24.142857142857142,0.1967148333333333,5,0.0,0.0,0.0,0.0,0.0,0.0
2025-01-25,0.0864326875,0.0763456778106167,neutral,0.0116857695765585,-0.0804057569444444,0.1236730793719867,50.0,-0.0030829336609336,-0.4819378244156357,-0.1050028377525252,0.145019321630925,0.1385297795961785,-0.0746911458333333,0.0460963028846153,16,25.571428571428573,0.1352008125,4,0.0,0.0,0.0,0.0,0.0,0.0
2025-01-26,0.10318575,0.1097577321543183,neutral,0.011287695564,0.0167530625,0.1137933782417753,50.0,0.0024693987499999,0.1938278559254567,0.0971588194444444,0.137792377753374,0.1371579087978592,-0.0505886071428571,-0.0192061911764705,12,25.285714285714285,0.1093919999999999,3,0.0,0.0,0.0,0.0,0.0,0.0
2025-01-27,0.0953402075471698,0.1866213094421384,neutral,0.0172967805528013,-0.0078455424528302,0.1281474993076197,50.0,-0.0492055636363636,-0.0760331969562677,-0.0245986049528302,0.1338720964786,0.1369280452442786,-0.0274419689234184,-0.0032180897501274,53,30.428571428571427,0.181421679245283,7,0.0,0.0,0.0,0.0,0.0,0.0
2025-01-28,0.1295549824561403,0.1540825557037399,neutral,0.0268003391692176,0.0342147749089705,0.1309517099199472,50.0,-0.0106409761904761,0.3588703631890324,0.0420603173618007,0.1235689352421756,0.1387018810447172,-0.0721221286549707,0.0248337012061403,57,37.285714285714285,0.206864596491228,7,0.0,0.0,0.0,0.0,0.0,0.0
2025-01-29,0.121359475409836,0.1224992397211246,neutral,0.0204803246557248,-0.0081955070463042,0.1298613029663876,50.0,0.0099266648745519,-0.0632589105484909,-0.0424102819552748,0.120707558713422,0.136267603314251,-0.020029635701275,-0.0340798882265275,61,38.285714285714285,0.1687575245901639,6,0.0,0.0,0.0,0.0,0.0,0.0
2025-01-30,0.0755480923076923,0.1719366862327819,neutral,0.0163672106025457,-0.0458113831021437,0.1489795046508206,50.0,0.0068615952380952,-0.3774850125829631,-0.0376158760558394,0.1111799485236118,0.130487800383848,-0.0666932713286713,-0.080917241025641,65,42.857142857142854,0.2166462461538461,7,0.0,0.0,0.0,0.0,0.0,0.0
2025-01-31,0.1126444736842105,0.1239160625006356,neutral,0.0199791781820152,0.0370963813765182,0.1518111707200841,50.0,-0.1404914571428571,0.4910300213198246,0.082907764478662,0.1034379527007213,0.1295637190110612,-0.0541939707602339,-0.0129371392190152,38,43.142857142857146,0.1773649210526315,6,0.0,0.0,0.0,0.0,0.0,0.0
2025-02-01,0.0896514,0.1084711996207083,neutral,0.00954806236794,-0.0229930736842105,0.136181148755798,50.0,0.0085848071359691,-0.2041207431859436,-0.0600894550607287,0.1038977687721498,0.1244585452015374,0.0032187125,-0.0714724333333333,10,42.285714285714285,0.1065021,3,0.0,0.0,0.0,0.0,0.0,0.0
2025-02-02,0.0933784666666666,0.1224265214280833,neutral,0.0105247803564666,0.0037270666666666,0.1298499419006668,50.0,-0.0425799483204134,0.0415728774638952,0.0267201403508771,0.1024967282959593,0.1201445530246667,-0.0098072833333333,-0.0603958904761904,15,42.714285714285715,0.1127109999999999,3,0.0,0.0,0.0,0.0,0.0,0.0
2025-02-03,0.090217,0.128180709149632,neutral,0.01332327813595,-0.0031614666666666,0.1309862357863682,50.0,-0.0038606539682539,-0.0338564851139839,-0.0068885333333333,0.1017648415035065,0.1178184689910532,-0.0051232075471698,-0.0325651764705882,40,40.857142857142854,0.14768035,9,0.0,0.0,0.0,0.0,0.0,0.0
2025-02-04,0.0630693265306122,0.2165788280537623,neutral,0.0110549485840374,-0.0271476734693877,0.1399146641505643,50.0,-0.0095336036363636,-0.3009152761606766,-0.0239862068027211,0.0922668906570025,0.107917912949589,-0.0664856559255281,-0.1386077845804988,49,39.714285714285715,0.1752824897959183,5,0.0,0.0,0.0,0.0,0.0,0.0
2025-02-05,0.1244864285714285,0.1304386241601454,neutral,0.0191115020276384,0.0614171020408163,0.1412191764824662,50.0,-0.0371021111111111,0.9738030421334218,0.0885647755102041,0.0927135982515157,0.1067105784824689,0.0031269531615925,-0.0169026825396825,49,38.0,0.153522775510204,6,0.0,0.0,0.0,0.0,0.0,0.0
2025-02-06,0.0982038974358974,0.1182471399900704,neutral,0.012268429089115,-0.0262825311355311,0.1431743645563387,50.0,-0.0460963028846153,-0.2111276822473109,-0.0876996331763474,0.0959501418412593,0.1035650451824356,0.0226558051282051,-0.0440374662004662,39,34.285714285714285,0.1249281282051282,5,0.0,0.0,0.0,0.0,0.0,0.0
2025-02-07,0.10060685,0.1207522710173952,neutral,0.0137638152276766,0.0024029525641025,0.142839514474201,50.0,0.0192061911764705,0.0244690142330765,0.0286854836996336,0.0942304813149435,0.0988342170078324,-0.0120376236842105,-0.0662315944444444,60,37.42857142857143,0.1368079333333333,4,0.0,0.0,0.0,0.0,0.0,0.0
2025-02-08,0.1379967333333333,0.1060349697239188,neutral,0.0189707053243644,0.0373898833333333,0.1384103665890584,50.0,0.0032180897501274,0.3716435146645913,0.0349869307692307,0.1011369575054197,0.1025173631387848,0.0483453333333333,0.0515640458333333,15,38.142857142857146,0.1374721333333333,3,0.0,0.0,0.0,0.0,0.0,0.0
2025-02-09,0.1391051875,0.1370654958756184,neutral,0.0124083218301875,0.0011084541666666,0.1225077001534296,50.0,-0.0248337012061403,0.0080324667105646,-0.0362814291666666,0.1076693461958959,0.1050830372459276,0.0457267208333333,0.0359194375,16,38.285714285714285,0.089201,5,0.0,0.0,0.0,0.0,0.0,0.0
2025-02-10,0.1038559444444444,0.1063835834709054,neutral,0.0149254176101836,-0.0352492430555555,0.1176966920155816,50.0,0.0340798882265275,-0.2533999176382661,-0.0363576972222222,0.1096177668308165,0.1056913041671615,0.0136389444444444,0.0085157368972746,36,37.714285714285715,0.1437126944444444,6,0.0,0.0,0.0,0.0,0.0,0.0
2025-02-11,0.121283074074074,0.0953395520946563,neutral,0.0182096294040411,0.0174271296296296,0.1131151744364988,50.0,0.080917241025641,0.1678009835917666,0.0526763726851852,0.1179340164798825,0.1051004535684425,0.0582137475434618,-0.0082719083820662,27,34.57142857142857,0.1501415555555555,5,0.0,0.0,0.0,0.0,0.0,0.0
2025-02-12,0.1252502571428571,0.1164096556019865,neutral,0.0165790294158587,0.003967183068783,0.1122466513534171,50.0,0.0129371392190152,0.0327101130893177,-0.0134599465608465,0.1180431348472295,0.1053783665493726,0.0007638285714285,0.003890781733021,35,32.57142857142857,0.1323672285714285,5,0.0,0.0,0.0,0.0,0.0,0.0
2025-02-13,0.1029210882352941,0.1148307096337559,neutral,0.0168859027229558,-0.022329168907563,0.1140057993353845,50.0,0.0714724333333333,-0.178276431657102,-0.026296351976346,0.1187170192471433,0.1073335805442013,0.0047171907993966,0.0273729959276018,34,31.857142857142858,0.1640664999999999,6,0.0,0.0,0.0,0.0,0.0,0.0
2025-02-14,0.1315628787878787,0.1352233848650441,neutral,0.0170507045743112,0.0286417905525846,0.1136373771332696,50.0,0.0603958904761904,0.2782888428764467,0.0509709594601477,0.1231393090739831,0.1086848951944633,0.0309560287878787,0.0189184051036682,33,28.0,0.1296011818181818,5,0.0,0.0,0.0,0.0,0.0,0.0
2025-02-15,0.1564797,0.1210762287367847,bullish,0.03907988184477,0.0249168212121212,0.1165759061864455,50.0,0.0325651764705882,0.1893909698669262,-0.0037249693404634,0.1257797328835069,0.1134583451944633,0.0184829666666666,0.0668283,10,27.285714285714285,0.2497441,2,0.0,0.0,0.0,0.0,0.0,0.0
2025-02-16,0.0787617999999999,0.0881267309969001,neutral,0.0153487057749999,-0.0777179,0.1151333419668943,50.0,0.1386077845804988,-0.4966644235642068,-0.1026347212121212,0.1171592489549355,0.1124142975754157,-0.0603433875,-0.0146166666666666,5,25.714285714285715,0.194875,2,0.0,0.0,0.0,0.0,0.0,0.0
2025-02-17,0.0490246818181818,0.1021886552986733,neutral,0.0074621181281735,-0.0297371181818181,0.1122891419062316,50.0,0.0169026825396825,-0.3775576254201678,0.0479807818181818,0.109326211436898,0.1094719891338572,-0.0548312626262626,-0.0411923181818181,22,23.714285714285715,0.1522114545454545,7,0.0,0.0,0.0,0.0,0.0,0.0
2025-02-18,0.1115102222222222,0.0988386863045551,neutral,0.0176013103766255,0.0624855404040404,0.1090907372403915,50.0,0.0440374662004662,1.274573094340132,0.0922226585858585,0.1079300897437763,0.1129320531118294,-0.0097728518518518,0.0484408956916099,27,23.714285714285715,0.1578448148148148,4,0.0,0.0,0.0,0.0,0.0,0.0
2025-02-19,0.1003570303030303,0.1157853245940209,neutral,0.0136508460861763,-0.0111531919191919,0.1052031251861868,50.0,0.0662315944444444,-0.1000194573818117,-0.0736387323232323,0.1043739144809439,0.1112085246640866,-0.0248932268398268,-0.0241293982683982,33,23.428571428571427,0.1360228181818182,6,0.0,0.0,0.0,0.0,0.0,0.0
2025-02-20,0.1498398055555555,0.1161970755953176,neutral,0.0313206774157152,0.0494827752525252,0.1042272945578934,50.0,-0.0515640458333333,0.4930673526619,0.0606359671717171,0.1110765883838383,0.1148968038154908,0.0469187173202614,0.0516359081196581,36,23.714285714285715,0.2090277499999999,6,0.0,0.0,0.0,0.0,0.0,0.0
2025-02-21,0.1211093333333333,0.1719886312217806,neutral,0.0212486875830303,-0.0287304722222222,0.1209996746028695,50.0,-0.0359194375,-0.1917412540392674,-0.0782132474747474,0.1095832247474747,0.1163612669107289,-0.0104535454545454,0.0205024833333333,33,23.714285714285715,0.1754504545454545,7,0.0,0.0,0.0,0.0,0.0,0.0
2025-02-22,0.0332931249999999,0.220006579914291,neutral,0.0058824582152343,-0.0878162083333333,0.144563259525993,50.0,-0.0085157368972746,-0.7250986023648054,-0.0590857361111111,0.0919851426046175,0.1088824377440622,-0.123186575,-0.1047036083333333,16,24.571428571428573,0.176686875,3,0.0,0.0,0.0,0.0,0.0,0.0
2025-02-23,0.1504137692307692,0.1811349135263334,bullish,0.0278712433377337,0.1171206442307692,0.1610225049703487,50.0,0.0082719083820662,3.5178627488638954,0.2049368525641026,0.1022211382090132,0.1096901935819743,0.0716519692307692,0.0113085817307692,13,25.714285714285715,0.1852971538461538,2,0.0,0.0,0.0,0.0,0.0,0.0
2025-02-24,0.0963619375,0.1558642406084308,neutral,0.0207306929263984,-0.0540518317307692,0.1690382881732307,50.0,-0.003890781733021,-0.3593542799119762,-0.1711724759615385,0.1089836033064158,0.1091549073716569,0.0473372556818181,-0.0074940069444444,48,29.428571428571427,0.215133625,7,0.0,0.0,0.0,0.0,0.0,0.0
2025-02-25,0.1139424545454545,0.1483155889564867,neutral,0.0202820158692148,0.0175805170454545,0.1754619908454645,50.0,-0.0273729959276018,0.182442544240609,0.0716323487762237,0.1093310650668775,0.1086305774053269,0.0024322323232323,-0.0073406195286195,44,31.857142857142858,0.1780022727272727,7,0.0,0.0,0.0,0.0,0.0,0.0
2025-02-26,0.1108178947368421,0.1692744174007608,neutral,0.0252950593518005,-0.0031245598086124,0.1749191480812605,50.0,-0.0189184051036682,-0.0274222617116429,-0.0207050768540669,0.1108254742717078,0.1075996943763258,0.0104608644338117,-0.014432362406015,38,32.57142857142857,0.2282578947368421,7,0.0,0.0,0.0,0.0,0.0,0.0
2025-02-27,0.1365175833333333,0.1083661801516044,neutral,0.019217936668412,0.0256996885964912,0.1525910681287232,50.0,-0.0668283,0.2319091935243848,0.0288242484051036,0.1089222996685332,0.1099994440261858,-0.0133222222222222,0.0335964950980392,36,32.57142857142857,0.1407726111111111,6,0.0,0.0,0.0,0.0,0.0,0.0
2025-02-28,0.1137485833333333,0.1087912581053078,neutral,0.0188545702129745,-0.022769,0.1381223370445181,50.0,0.0146166666666666,-0.1667843763715419,-0.0484686885964912,0.1078707639542475,0.1087269943508611,-0.00736075,-0.0178142954545454,36,33.0,0.1657565277777777,8,0.0,0.0,0.0,0.0,0.0,0.0
2025-03-01,0.1106464285714285,0.2002214752258584,neutral,0.0396086394612244,-0.0031021547619047,0.1469937839680036,50.0,0.0411923181818181,-0.0272720298662012,0.0196668452380952,0.118921235893023,0.1054531892488203,0.0773533035714285,-0.0458332714285714,7,31.714285714285715,0.3579748571428571,3,0.0,0.0,0.0,0.0,0.0,0.0
2025-03-02,0.1148419411764705,0.1266573913997277,neutral,0.0226666106355155,0.004195512605042,0.1426621444566518,50.0,-0.0484408956916099,0.0379181927443195,0.0072976673669467,0.1138395461709803,0.1080303421899967,-0.0355718280542986,0.0360801411764706,17,32.285714285714285,0.1973722352941176,2,0.0,0.0,0.0,0.0,0.0,0.0
2025-03-03,0.1436286176470588,0.115284027600237,neutral,0.023245920021519,0.0287866764705882,0.1318640664965471,50.0,0.0241293982683982,0.2506634438227886,0.0245911638655462,0.1205919290491316,0.1147877661777737,0.0472666801470588,0.094603935828877,68,35.142857142857146,0.1618474117647059,6,0.0,0.0,0.0,0.0,0.0,0.0
2025-03-04,0.0428605384615384,0.1658312353568889,neutral,0.0065297953416982,-0.1007680791855203,0.143357077537604,50.0,-0.0516359081196581,-0.7015877534457622,-0.1295547556561085,0.1104373696085721,0.1098842173377248,-0.071081916083916,-0.0686496837606837,39,34.42857142857143,0.1523498205128205,6,0.0,0.0,0.0,0.0,0.0,0.0
2025-03-05,0.1216199583333333,0.1507146945753279,neutral,0.0179209060940963,0.0787594198717948,0.151741764831608,50.0,-0.0205024833333333,1.8375742045907983,0.1795274990573152,0.111980521550928,0.1114029979113179,0.0108020635964912,0.021262928030303,48,35.857142857142854,0.1473516875,7,0.0,0.0,0.0,0.0,0.0,0.0
2025-03-06,0.1466059729729729,0.1397223358636467,neutral,0.0276072320892147,0.0249860146396396,0.1396419369591657,50.0,0.1047036083333333,0.2054433744431856,-0.0537734052321552,0.1134217200708765,0.1111720098697049,0.0100883896396396,-0.0032338325825825,37,36.0,0.188309054054054,4,0.0,0.0,0.0,0.0,0.0,0.0
2025-03-07,0.1177572285714285,0.102980079602258,neutral,0.0159161914999273,-0.0288487444015443,0.1349064745996717,50.0,-0.0113085817307692,-0.1967774151116115,-0.053834759041184,0.1139943836763187,0.1109325738152831,0.0040086452380952,-0.0033521047619047,35,35.857142857142854,0.1351610571428571,4,0.0,0.0,0.0,0.0,0.0,0.0
2025-03-08,0.0011497142857142,0.0794019705542926,neutral,0.0001651492303673,-0.1166075142857142,0.1277300631904828,50.0,0.0074940069444444,-0.990236571464342,-0.0877587698841698,0.0983519959212167,0.1086366159071198,-0.1094967142857143,-0.0321434107142857,7,35.857142857142854,0.1436437142857143,3,0.0,0.0,0.0,0.0,0.0,0.0
2025-03-09,0.1108927692307692,0.152605564860937,neutral,0.0115461807229467,0.1097430549450549,0.1250849290912924,50.0,0.0073406195286195,95.45245832696163,0.2263505692307692,0.0977878285004022,0.1058136873356913,-0.0039491719457013,-0.039521,13,35.285714285714285,0.1041202307692307,1,0.0,0.0,0.0,0.0,0.0,0.0
2025-03-10,0.1018804444444444,0.1674420939239623,neutral,0.0132472085497777,-0.0090123247863247,0.1284304089610193,50.0,0.014432362406015,-0.0812706261088135,-0.1187553797313797,0.0918238037571716,0.1062078664031516,-0.0417481732026143,0.0055185069444444,27,29.428571428571427,0.130027,7,0.0,0.0,0.0,0.0,0.0,0.0
2025-03-11,0.1079167450980392,0.1613135890611629,neutral,0.0202639567780246,0.0060363006535947,0.1327486596005225,50.0,-0.0335964950980392,0.0592488645540447,0.0150486254399195,0.101117547562386,0.105777458585479,0.0650562066365007,-0.0060257094474153,51,31.142857142857142,0.1877739803921568,7,0.0,0.0,0.0,0.0,0.0,0.0
2025-03-12,0.1138248947368421,0.1109231001586208,neutral,0.018480933411806,0.0059081496388028,0.1343372637117951,50.0,0.0178142954545454,0.0547472927712515,-0.0001281510147918,0.1000039670486015,0.1059922442997648,-0.0077950635964912,0.0030069999999999,38,29.714285714285715,0.1623628421052631,5,0.0,0.0,0.0,0.0,0.0,0.0
2025-03-13,0.100799025,0.1759469041688119,neutral,0.0135139892030662,-0.013025869736842,0.153646250434699,50.0,0.0458332714285714,-0.1144377929534422,-0.0189340193756449,0.0934601173381768,0.1034409187045267,-0.0458069479729729,-0.0357185583333333,40,30.142857142857142,0.1340686499999999,6,0.0,0.0,0.0,0.0,0.0,0.0
2025-03-14,0.1180498,0.1084892572674427,neutral,0.0190321343507533,0.017250775,0.1448229889160001,50.0,-0.0360801411764706,0.1711402962479051,0.0302766447368421,0.0935019132565441,0.1037481484664314,0.0002925714285714,0.0043012166666666,30,29.428571428571427,0.1612212333333333,5,0.0,0.0,0.0,0.0,0.0,0.0
2025-03-15,0.1222059999999999,0.0938954393953721,neutral,0.020636193984,0.0041561999999999,0.1301136580102821,50.0,-0.094603935828877,0.0352071752768743,-0.013094575,0.110795668358585,0.1045738321399008,0.1210562857142857,0.0115595714285714,9,29.714285714285715,0.168864,2,0.0,0.0,0.0,0.0,0.0,0.0
2025-03-16,0.0421582857142857,0.16154456905112,neutral,0.0040291155466122,-0.0800477142857142,0.1301598540082735,50.0,0.0686496837606837,-0.6550227835434781,-0.0842039142857142,0.1009764564276587,0.0993821424640305,-0.0687344835164835,-0.0726836554621848,14,29.857142857142858,0.0955711428571428,6,0.0,0.0,0.0,0.0,0.0,0.0
2025-03-17,0.1092547894736842,0.1558718305719225,neutral,0.0147548765691772,0.0670965037593984,0.1391496000909338,50.0,-0.021262928030303,1.591537763516372,0.1471442180451127,0.1020299342889787,0.0969268690230751,0.0073743450292397,-0.0343738281733746,19,28.714285714285715,0.1350501578947368,4,0.0,0.0,0.0,0.0,0.0,0.0
2025-03-18,0.1037638085106383,0.1071405465428752,neutral,0.0151755519275269,-0.0054909809630459,0.1253883285657465,50.0,0.0032338325825825,-0.0502584920029387,-0.0725874847224444,0.1014366576336357,0.1012771025980108,-0.0041529365874009,0.0609032700490998,47,28.142857142857142,0.146250914893617,9,0.0,0.0,0.0,0.0,0.0,0.0
2025-03-19,0.0881563428571428,0.1296630705802186,neutral,0.0126890627906873,-0.0156074656534954,0.1296230912283017,50.0,0.0033521047619047,-0.1504133847582829,-0.0101164846904495,0.0977697216508215,0.0988868443497115,-0.0256685518796992,-0.0334636154761904,35,27.714285714285715,0.1439381714285714,5,0.0,0.0,0.0,0.0,0.0,0.0
2025-03-20,0.118395,0.1651575226640139,neutral,0.01757045930625,0.0302386571428571,0.14387550788203,50.0,0.0321434107142857,0.343011701289138,0.0458461227963525,0.1002834323651073,0.096871774851642,0.017595975,-0.0282109729729729,36,27.142857142857142,0.1484054166666666,4,0.0,0.0,0.0,0.0,0.0,0.0
2025-03-21,0.10243003125,0.1170474622845666,neutral,0.0146086606831523,-0.01596496875,0.1349760865287193,50.0,0.039521,-0.1348449575573292,-0.0462036258928571,0.098052036829393,0.0957769750429685,-0.01561976875,-0.0153271973214285,32,27.428571428571427,0.142620875,8,0.0,0.0,0.0,0.0,0.0,0.0
2025-03-22,0.128651,0.1204357238969045,neutral,0.0192817616014999,0.0262209687499999,0.1278888651937158,50.0,-0.0055185069444444,0.2559890730288143,0.0421859374999999,0.0989727511151072,0.1048842097368461,0.006445,0.1275012857142857,8,27.285714285714285,0.1498765,3,0.0,0.0,0.0,0.0,0.0,0.0
2025-03-23,0.0844571818181818,0.1000110565765787,neutral,0.0131643178962231,-0.0441938181818181,0.1264629672004565,50.0,0.0060257094474153,-0.3435170980545674,-0.0704147869318181,0.105015450558521,0.1029959534930898,0.0422988961038961,-0.0264355874125873,11,26.857142857142858,0.1558697272727272,2,0.0,0.0,0.0,0.0,0.0,0.0
2025-03-24,0.1669663902439024,0.1474732258440287,bullish,0.0272037932389292,0.0825092084257205,0.1300249982532185,50.0,-0.0030069999999999,0.9769353730431732,0.1267030266075387,0.1132599649542664,0.1076449496216226,0.0577116007702182,0.0650859457994579,41,30.0,0.1629297560975609,7,0.0,0.0,0.0,0.0,0.0,0.0
2025-03-25,0.1163518055555555,0.0999880262742407,neutral,0.0167640812642554,-0.0506145846883468,0.1169910989752639,50.0,0.0357185583333333,-0.3031423546643711,-0.1331237931140674,0.1150582502463975,0.1082474539400166,0.0125879970449172,0.0084350604575163,36,28.428571428571427,0.1440809722222222,6,0.0,0.0,0.0,0.0,0.0,0.0
2025-03-26,0.0850378181818181,0.1251720655011598,neutral,0.0135389425418016,-0.0313139873737373,0.1186160196185825,50.0,-0.0043012166666666,-0.2691319419085903,0.0193005973146094,0.1146127467213511,0.1061912341860863,-0.0031185246753246,-0.0287870765550239,44,29.714285714285715,0.1592108409090909,7,0.0,0.0,0.0,0.0,0.0,0.0
2025-03-27,0.0892926785714285,0.1464284820025104,neutral,0.0210952549954336,0.0042548603896103,0.1238145712397036,50.0,-0.0115595714285714,0.0500349195285458,0.0355688477633477,0.1104552722315552,0.1053693522983312,-0.0291023214285714,-0.0115063464285714,28,28.571428571428573,0.2362484285714285,5,0.0,0.0,0.0,0.0,0.0,0.0
2025-03-28,0.1316177666666666,0.1234444834645932,neutral,0.0201519655435211,0.042325088095238,0.1285012566173065,50.0,0.0726836554621848,0.4740040143535471,0.0380702277056277,0.1146249487196504,0.1063384927745217,0.0291877354166666,0.0135679666666666,30,28.285714285714285,0.1531097666666666,3,0.0,0.0,0.0,0.0,0.0,0.0
2025-03-29,0.1251098333333333,0.2408953289036673,neutral,0.0268380818589722,-0.0065079333333333,0.1471856772292343,50.0,0.0343738281733746,-0.0494457055316492,-0.0488330214285714,0.1141190677672695,0.1065459094411884,-0.0035411666666666,0.0029038333333333,12,28.857142857142858,0.2145161666666666,3,0.0,0.0,0.0,0.0,0.0,0.0
2025-03-30,0.080284,0.1189069883497181,neutral,0.0109326201773333,-0.0448258333333333,0.1509694696443297,50.0,-0.0609032700490998,-0.3582918475632745,-0.0383179,0.1135228989361006,0.1092691747473108,-0.0041731818181818,0.0381257142857142,6,28.142857142857142,0.1361743333333333,3,0.0,0.0,0.0,0.0,0.0,0.0
2025-03-31,0.1191869130434782,0.1706560217238597,neutral,0.0239645498628733,0.0389029130434782,0.1600662608888697,50.0,0.0334636154761904,0.4845662030227478,0.0837287463768116,0.10669725933604,0.1099786121451532,-0.0477794772004241,0.009932123569794,46,28.857142857142858,0.2010669565217391,8,0.0,0.0,0.0,0.0,0.0,0.0
2025-04-01,0.139950294117647,0.1468076018931167,neutral,0.0214575042727422,0.0207633810741687,0.160142084866991,50.0,0.0282109729729729,0.1742085648832478,-0.0181395319693094,0.1100684719877674,0.1125633611170824,0.0235984885620915,0.0361864856070087,34,28.571428571428573,0.1533223235294117,5,0.0,0.0,0.0,0.0,0.0,0.0
2025-04-02,0.1447270606060606,0.1302738990969937,neutral,0.0233276909223957,0.0047767664884135,0.1615079679934711,50.0,0.0153271973214285,0.0341318788826412,-0.0159866145857552,0.118595506619802,0.1166041266705766,0.0596892424242424,0.0565707177489177,33,27.0,0.1611840303030303,6,0.0,0.0,0.0,0.0,0.0,0.0
2025-04-03,0.10517971875,0.1425311331362797,neutral,0.0199788349867031,-0.0395473418560606,0.1418351288399935,50.0,-0.1275012857142857,-0.2732546469917355,-0.0443241083444741,0.1208650837881694,0.1156601780098623,0.0158870401785714,-0.01321528125,32,27.571428571428573,0.1899495,7,0.0,0.0,0.0,0.0,0.0,0.0
2025-04-04,0.0896150666666666,0.1568924204186517,neutral,0.0178546310631288,-0.0155646520833333,0.1494322152537803,50.0,0.0264355874125873,-0.1479814955612185,0.0239826897727272,0.1148646980738836,0.114744823396767,-0.0420027,-0.0128149645833333,30,27.571428571428573,0.1992369333333333,5,0.0,0.0,0.0,0.0,0.0,0.0
2025-04-05,0.0626058888888888,0.1864267517103729,neutral,0.0095485214834506,-0.0270091777777777,0.152586361251083,50.0,-0.0650859457994579,-0.3013910359319538,-0.0114445256944444,0.1059355631532487,0.1100273154602591,-0.0625039444444444,-0.0660451111111111,18,28.428571428571427,0.1525179444444444,4,0.0,0.0,0.0,0.0,0.0,0.0
2025-04-06,0.1291626363636363,0.1573214059905852,neutral,0.02027875700819,0.0665567474747474,0.1546891220705767,50.0,-0.0084350604575163,1.0631068203962482,0.0935659252525252,0.1129182254909111,0.1132205622135059,0.0488786363636363,0.0447054545454545,11,29.142857142857142,0.1570017272727273,2,0.0,0.0,0.0,0.0,0.0,0.0
2025-04-07,0.01869225,0.1441473746745472,neutral,0.0033144552509375,-0.1104703863636363,0.1574638171860873,50.0,0.0287870765550239,-0.8552812908883726,-0.1770271338383838,0.0985618450561285,0.1026295521960843,-0.1004946630434782,-0.1482741402439024,36,27.714285714285715,0.1773170833333333,6,0.0,0.0,0.0,0.0,0.0,0.0
2025-04-08,0.072311575,0.129414215221629,neutral,0.0091753066197668,0.053619325,0.1548404336031572,50.0,0.0115063464285714,2.8685324131658843,0.1640897113636363,0.0888991708964646,0.099483821442116,-0.067638719117647,-0.0440402305555555,40,28.571428571428573,0.126885725,7,0.0,0.0,0.0,0.0,0.0,0.0
2025-04-09,0.0804853421052631,0.1285373020850843,neutral,0.0098305495799023,0.0081737671052631,0.1491694099364437,50.0,-0.0135679666666666,0.113035390326696,-0.0454455578947368,0.0797217825392078,0.0991586445795049,-0.0642417185007974,-0.004552476076555,38,29.285714285714285,0.1221408684210526,7,0.0,0.0,0.0,0.0,0.0,0.0
2025-04-10,0.0787040975609756,0.1137386657704416,neutral,0.0156669509176038,-0.0017812445442875,0.1346317927484575,50.0,-0.0029038333333333,-0.0221312912102421,-0.0099550116495507,0.0759395509407758,0.0984023173644726,-0.0264756211890243,-0.0105885810104529,41,30.571428571428573,0.1990614390243902,6,0.0,0.0,0.0,0.0,0.0,0.0
2025-04-11,0.1399985555555555,0.1400995387452829,neutral,0.0227796627470864,0.0612944579945799,0.131187419299397,50.0,-0.0381257142857142,0.7787962748329891,0.0630757025388675,0.083137192210617,0.0990009451422504,0.0503834888888889,0.0083807888888889,27,30.142857142857142,0.1627135555555555,6,0.0,0.0,0.0,0.0,0.0,0.0
2025-04-12,-0.06402325,0.2258739791098493,neutral,-0.006868574318125,-0.2040218055555555,0.1475327401864574,50.0,-0.009932123569794,-1.457313646886833,-0.2653162635501355,0.0650473152264901,0.0854914391898694,-0.1266291388888888,-0.1891330833333333,4,28.142857142857142,0.1072824999999999,2,0.0,0.0,0.0,0.0,0.0,0.0
2025-04-13,0.0852942857142857,0.1838820212334657,neutral,0.0064654043363265,0.1493175357142857,0.1584263013888248,50.0,-0.0361864856070087,-2.332239236750489,0.3533393412698413,0.0587804079908685,0.0858493167408898,-0.0438683506493506,0.0050102857142857,7,27.571428571428573,0.0758011428571428,3,0.0,0.0,0.0,0.0,0.0,0.0
2025-04-14,0.1192444347826087,0.1118672184998504,neutral,0.0172576300857504,0.0339501490683229,0.155092284671778,50.0,-0.0565707177489177,0.3980354461499025,-0.1153673866459627,0.0731450058169555,0.085853425436542,0.1005521847826086,5.752173913042835e-05,23,25.714285714285715,0.1447248260869565,4,0.0,0.0,0.0,0.0,0.0,0.0
2025-04-15,0.1669028387096774,0.1271809051286386,bullish,0.0205438012186472,0.0476584039270687,0.1577807325434174,50.0,0.01321528125,0.3996698379589241,0.0137082548587457,0.0866580434897665,0.0877786071931156,0.0945912637096774,0.0269525445920303,31,24.428571428571427,0.1230883870967742,5,0.0,0.0,0.0,0.0,0.0,0.0
2025-04-16,0.09867375,0.1504113683048449,neutral,0.019815898195625,-0.0682290887096774,0.1598430984553298,50.0,0.0128149645833333,-0.4087952561930951,-0.1158874926367461,0.089256387474729,0.0844890850069684,0.0181884078947368,-0.0460533106060606,36,24.142857142857142,0.2008223888888889,7,0.0,0.0,0.0,0.0,0.0,0.0
2025-04-17,0.1078304864864864,0.1515302126357098,neutral,0.0200093019344923,0.0091567364864864,0.1449743451605019,50.0,0.0660451111111111,0.0927980996616271,0.0773858251961638,0.0934173001783734,0.0846784255595746,0.0291263889255108,0.0026507677364864,37,23.571428571428573,0.1855625675675676,8,0.0,0.0,0.0,0.0,0.0,0.0
2025-04-18,0.0680715,0.2227264416100562,neutral,0.014446814445,-0.0397589864864864,0.15274322923582,50.0,-0.0447054545454545,-0.3687174915182186,-0.0489157229729729,0.0831420065275797,0.0831395993690984,-0.0719270555555555,-0.0215435666666666,10,21.142857142857142,0.21223,3,0.0,0.0,0.0,0.0,0.0,0.0
2025-04-19,0.0670583333333333,0.1149905597005684,neutral,0.0079957525314814,-0.0010131666666666,0.1533678974759636,50.0,0.1482741402439024,-0.0148838598630363,0.0387458198198197,0.1018679470037702,0.0834576311151301,0.1310815833333333,0.0044524444444444,9,21.857142857142858,0.1192357777777777,2,0.0,0.0,0.0,0.0,0.0,0.0
2025-04-20,0.1399657142857142,0.1387678972177574,neutral,0.03208126144,0.0729073809523809,0.1556852958937873,50.0,0.0440402305555555,1.087223277530224,0.0739205476190476,0.1096781510854029,0.0842292795381357,0.0546714285714285,0.0108030779220779,7,21.857142857142858,0.229208,2,0.0,0.0,0.0,0.0,0.0,0.0
2025-04-21,0.0742669166666666,0.1547005886481474,neutral,0.0096867391522986,-0.0656987976190476,0.1565431399624478,50.0,0.004552476076555,-0.4693920790125472,-0.1386061785714285,0.103252791354554,0.0881988985857547,-0.044977518115942,0.0555746666666666,12,20.285714285714285,0.1304314166666666,3,0.0,0.0,0.0,0.0,0.0,0.0
2025-04-22,0.12654078125,0.214746134725774,neutral,0.0290823299563671,0.0522738645833333,0.1691863243804607,50.0,0.0105885810104529,0.7038647479867102,0.1179726622023809,0.0974867831460286,0.0920724133178976,-0.0403620574596773,0.05422920625,32,20.428571428571427,0.22982575,4,0.0,0.0,0.0,0.0,0.0,0.0
2025-04-23,0.1235521463414634,0.1246542895289931,neutral,0.0197497533368102,-0.0029886349085365,0.1495718939642481,50.0,-0.0083807888888889,-0.0236179584084604,-0.0552624994918699,0.1010408397662377,0.0951486136204833,0.0248783963414634,0.0430668042362002,41,21.142857142857142,0.1598495365853658,7,0.0,0.0,0.0,0.0,0.0,0.0
2025-04-24,0.0859811538461538,0.1330259077529712,neutral,0.0110584175997337,-0.0375709924953095,0.1531789635747286,50.0,0.1891330833333333,-0.3040901644191102,-0.0345823575867729,0.0979195065319045,0.0956684033551389,-0.0218493326403326,0.0072770562851782,39,21.428571428571427,0.1286144358974359,7,0.0,0.0,0.0,0.0,0.0,0.0
2025-04-25,0.1148508846153846,0.1431799557559163,neutral,0.0209330491132869,0.0288697307692307,0.1540613752823604,50.0,-0.0050102857142857,0.3357681244995549,0.0664407232645403,0.1046022757626737,0.0938721411451267,0.0467793846153846,-0.0251476709401709,26,23.714285714285715,0.1822628461538461,5,0.0,0.0,0.0,0.0,0.0,0.0
2025-04-26,0.0917000909090909,0.0823369231638571,neutral,0.0118291033179752,-0.0231507937062937,0.1395886421855023,50.0,-5.752173913042835e-05,-0.2015726198698567,-0.0520205244755244,0.1081225268449248,0.1049952369243475,0.0246417575757575,0.1557233409090909,11,24.0,0.1289977272727273,3,0.0,0.0,0.0,0.0,0.0,0.0
2025-04-27,0.1499545,0.1391454116624044,neutral,0.0325856626831666,0.0582544090909091,0.1244684975728284,50.0,-0.0269525445920303,0.6352710069683685,0.0814052027972028,0.1095494962326799,0.1096138236590414,0.0099887857142857,0.0646602142857143,6,23.857142857142858,0.2173036666666666,2,0.0,0.0,0.0,0.0,0.0,0.0
2025-04-28,0.117638081632653,0.1340834613744733,neutral,0.0215691127225264,-0.0323164183673469,0.1263543319419244,50.0,0.0460533106060606,-0.2155081599241567,-0.090570827458256,0.1157453769421065,0.1094990841483302,0.0433711649659863,-0.0016063531499556,49,29.142857142857142,0.1833514489795918,5,0.0,0.0,0.0,0.0,0.0,0.0
2025-04-29,0.1137921111111111,0.1312989953392676,neutral,0.0183784804180074,-0.0038459705215419,0.1260089494591837,50.0,-0.0026507677364864,-0.0326932441277962,0.028470447845805,0.1139241383508367,0.1057054607484326,-0.0127486701388889,-0.0531107275985662,45,31.0,0.1615092666666666,5,0.0,0.0,0.0,0.0,0.0,0.0
2025-04-30,0.1322473142857143,0.1369144920501094,neutral,0.027960883405662,0.0184552031746031,0.1247558567180223,50.0,0.0215435666666666,0.1621835028316047,0.0223011736961451,0.1151663052000154,0.1081035724831265,0.0086951679442508,0.0335735642857142,35,30.142857142857142,0.2114287428571428,3,0.0,0.0,0.0,0.0,0.0,0.0
2025-05-01,0.1789339090909091,0.1546324489831118,bullish,0.0470116394031942,0.0466865948051948,0.1392149618818733,50.0,-0.0044524444444444,0.3530248992756899,0.0282313916305916,0.1284452702349804,0.1131823883834424,0.0929527552447552,0.0711034226044226,66,34.0,0.2627318636363636,9,0.0,0.0,0.0,0.0,0.0,0.0
2025-05-02,0.1539371578947368,0.1453534945008066,bullish,0.0230277916296565,-0.0249967511961722,0.1404565784495537,50.0,-0.0108030779220779,-0.1396982345222917,-0.071683346001367,0.1340290235606021,0.1193156496616379,0.0390862732793522,0.0858656578947368,38,35.714285714285715,0.1495921578947368,6,0.0,0.0,0.0,0.0,0.0,0.0
2025-05-03,0.1147555,0.1201927720420111,neutral,0.0335648218505625,-0.0391816578947368,0.1376784405830613,50.0,-0.0555746666666666,-0.2545302149954561,-0.0141849066985646,0.137322653430732,0.1227225901378284,0.0230554090909091,0.0476971666666666,8,35.285714285714285,0.292489875,3,0.0,0.0,0.0,0.0,0.0,0.0
2025-05-04,0.1352762142857143,0.1350111014422253,neutral,0.0165039590326989,0.0205207142857142,0.1384208618036528,50.0,-0.05422920625,0.1788211831739157,0.0597023721804511,0.1352257554715484,0.1223876258521141,-0.0146782857142857,-0.0046894999999999,14,36.42857142857143,0.1220019285714285,3,0.0,0.0,0.0,0.0,0.0,0.0
2025-05-05,0.1439054888888889,0.1627209843617738,neutral,0.0299203239816167,0.0086292746031746,0.1435821602659857,50.0,-0.0430668042362002,0.0637900361770096,-0.0118914396825396,0.1389782422224392,0.1273618095822729,0.0262674072562358,0.0696385722222222,45,35.857142857142854,0.2079164888888889,5,0.0,0.0,0.0,0.0,0.0,0.0
2025-05-06,0.1065135652173913,0.1834438502069232,neutral,0.0173160075489073,-0.0373919236714976,0.149344440510748,50.0,-0.0072770562851782,-0.2598366744743721,-0.0460211982746722,0.1379384499519078,0.1259312941513722,-0.0072785458937198,-0.0200272160326087,46,36.0,0.1625709130434782,6,0.0,0.0,0.0,0.0,0.0,0.0
2025-05-07,0.1372829705882353,0.131357797965221,neutral,0.0240896929243607,0.0307694053708439,0.1465453012036309,50.0,0.0251476709401709,0.2888778092071604,0.0681613290423416,0.1386578294236965,0.1269120673118559,0.005035656302521,0.0137308242467718,34,35.857142857142854,0.1754747352941176,5,0.0,0.0,0.0,0.0,0.0,0.0
2025-05-08,0.1562716999999999,0.1133009806600237,bullish,0.0261047382038625,0.0189887294117646,0.1451669429272334,50.0,-0.1557233409090909,0.1383181710768717,-0.0117806759590793,0.135420370982138,0.1319328206085593,-0.0226622090909091,0.0702905461538461,40,32.142857142857146,0.167047125,9,0.0,0.0,0.0,0.0,0.0,0.0
2025-05-09,0.1162846296296296,0.1679393144133522,neutral,0.0169438376901714,-0.0399870703703703,0.1517525855214588,50.0,-0.0646602142857143,-0.2558817135179969,-0.058975799782135,0.130041438372837,0.1320352309667196,-0.0376525282651072,0.001433745014245,27,30.571428571428573,0.145710037037037,3,0.0,0.0,0.0,0.0,0.0,0.0
2025-05-10,0.128727,0.1030858806073848,neutral,0.0162435920318181,0.0124423703703703,0.139825564770581,50.0,0.0016063531499556,0.106999269034951,0.0524294407407407,0.1320373669442656,0.1346800101874988,0.0139714999999999,0.037026909090909,11,31.0,0.1261863636363636,3,0.0,0.0,0.0,0.0,0.0,0.0
2025-05-11,0.0938269,0.0919142257148841,neutral,0.01433707871415,-0.0349001,0.1215196398721732,50.0,0.0531107275985662,-0.2711171704459826,-0.0473424703703703,0.1261160363320207,0.1306708959017845,-0.0414493142857142,-0.0561276,10,30.428571428571427,0.1528035,3,0.0,0.0,0.0,0.0,0.0,0.0
2025-05-12,0.1327939375,0.1203033050041057,neutral,0.0196830162026093,0.0389670374999999,0.1193087412799501,50.0,-0.0335735642857142,0.4153077369070062,0.0738671374999999,0.1245286718478937,0.1317534570351664,-0.0111115513888889,0.0151558558673469,48,30.857142857142858,0.14822225,5,0.0,0.0,0.0,0.0,0.0,0.0
2025-05-13,0.13008834375,0.1621114558805661,neutral,0.0288141697450722,-0.0027055937499999,0.1290708363240586,50.0,-0.0711034226044226,-0.0203743770305777,-0.0416726312499999,0.1278964973525521,0.1329174736522299,0.0235747785326086,0.0162962326388888,32,28.857142857142858,0.2214969375,6,0.0,0.0,0.0,0.0,0.0,0.0
2025-05-14,0.1223682727272727,0.1268995390074211,neutral,0.0183051839422541,-0.0077200710227272,0.1208628812428724,50.0,-0.0858656578947368,-0.0593448329049639,-0.0050144772727272,0.1257658262295574,0.132211827826627,-0.0149146978609625,-0.0098790415584415,44,30.285714285714285,0.1495909318181818,7,0.0,0.0,0.0,0.0,0.0,0.0
2025-05-15,0.1144257692307692,0.1493040262636966,neutral,0.0206527364284023,-0.0079425034965035,0.1301065103741347,50.0,-0.0476971666666666,-0.064906558861097,-0.0002224324737762,0.1197878361196673,0.1276041035509027,-0.0418459307692307,-0.0645081398601398,39,30.142857142857142,0.1804902564102564,5,0.0,0.0,0.0,0.0,0.0,0.0
2025-05-16,0.1088731,0.1506500202869262,neutral,0.02069552426935,-0.0055526692307692,0.1418536692885431,50.0,0.0046894999999999,-0.0485263876144089,0.0023898342657342,0.1187290461725774,0.1243852422727072,-0.0074115296296296,-0.0450640578947368,40,32.0,0.1900885,6,0.0,0.0,0.0,0.0,0.0,0.0
2025-05-17,0.114400875,0.0671589610007214,neutral,0.0098064573051093,0.0055277749999999,0.1312248004878663,50.0,-0.0696385722222222,0.0507726426454282,0.0110804442307692,0.1166824568868631,0.1243599119155643,-0.014326125,-0.000354625,8,31.571428571428573,0.085720125,1,0.0,0.0,0.0,0.0,0.0,0.0
2025-05-18,0.0738123157894736,0.1262370413745737,neutral,0.0076933916321385,-0.0405885592105263,0.1240499175866678,50.0,0.0200272160326087,-0.3547923843285842,-0.0461163342105263,0.1138232305710736,0.1199696334515472,-0.0200145842105263,-0.0614638984962406,19,32.857142857142854,0.1042291052631579,2,0.0,0.0,0.0,0.0,0.0,0.0
2025-05-19,0.1087734838709677,0.1408315355836826,neutral,0.0209565309848366,0.034961168081494,0.1268363169019201,50.0,-0.0137308242467718,0.4736495218658325,0.0755497272920203,0.1103917371954976,0.1174602045216956,-0.0240204536290322,-0.0351320050179211,31,30.428571428571427,0.192662129032258,6,0.0,0.0,0.0,0.0,0.0,0.0
2025-05-20,0.1373820285714286,0.1215418670869003,neutral,0.0229945996466016,0.0286085447004608,0.1212838850665608,50.0,-0.0702905461538461,0.2630102823073836,-0.0063526233810331,0.1114336921699874,0.1196650947612697,0.0072936848214285,0.0308684633540372,35,30.857142857142858,0.1673770571428571,6,0.0,0.0,0.0,0.0,0.0,0.0
2025-05-21,0.1374553243243243,0.1676175990001007,neutral,0.0245749352992892,7.329575289574675e-05,0.1246774008091957,50.0,-0.001433745014245,0.000533517765445,-0.0285352489475651,0.1135889852552805,0.119677405742419,0.0150870515970515,0.000172353736089,37,29.857142857142858,0.1787848918918919,8,0.0,0.0,0.0,0.0,0.0,0.0
2025-05-22,0.1174622291666666,0.1899559132849648,neutral,0.0217547903703242,-0.0199930951576576,0.1492367912660444,50.0,-0.037026909090909,-0.1454515876772018,-0.0200663909105534,0.114022765246123,0.1169053006828951,0.0030364599358974,-0.0388094708333333,48,31.142857142857142,0.1852066875,8,0.0,0.0,0.0,0.0,0.0,0.0
2025-05-23,0.0868627037037036,0.1603964812367765,neutral,0.0098897402616364,-0.0305995254629629,0.156068679238485,50.0,0.0561276,-0.2605052337253487,-0.0106064303053053,0.1108784229180806,0.114803734545329,-0.0220103962962963,-0.0294219259259259,27,29.285714285714285,0.1138548518518518,4,0.0,0.0,0.0,0.0,0.0,0.0
2025-05-24,0.15381475,0.1371508715540033,bullish,0.0221355447619791,0.0669520462962963,0.1553325464325491,50.0,-0.0151558558673469,0.7707801328021704,0.0975515717592592,0.1165089764895092,0.1165957166881861,0.039413875,0.0250877499999999,12,29.857142857142858,0.1439104166666666,4,0.0,0.0,0.0,0.0,0.0,0.0
2025-05-25,0.0619475,0.1315814560982832,neutral,0.00702361374475,-0.09186725,0.1573404642348257,50.0,-0.0162962326388888,-0.5972590405016424,-0.1588192962962963,0.1148140028052987,0.1143186166881862,-0.0118648157894736,-0.0318794,10,28.571428571428573,0.1133801,3,0.0,0.0,0.0,0.0,0.0,0.0
2025-05-26,0.1690246666666666,0.1295320713098093,bullish,0.0228727559426666,0.1070771666666666,0.1497233586967674,50.0,0.0098790415584415,1.7285147369412268,0.1989444166666666,0.1234213146332557,0.1169065259143766,0.0602511827956989,0.0362307291666666,15,26.285714285714285,0.135322,3,0.0,0.0,0.0,0.0,0.0,0.0
2025-05-27,0.1232444615384615,0.1253662351816608,neutral,0.0190601699519092,-0.0457802051282051,0.1368054230761066,50.0,0.0645081398601398,-0.270849255502383,-0.1528573717948717,0.1214016621999747,0.116417677184981,-0.014137567032967,-0.0068438822115384,39,26.857142857142858,0.1546533589743589,6,0.0,0.0,0.0,0.0,0.0,0.0
2025-05-28,0.085221303030303,0.1003216854730586,neutral,0.009382878375955,-0.0380231585081585,0.124790463923363,50.0,0.0450640578947368,-0.3085181924892618,0.0077570466200466,0.1139396591579716,0.113764322206626,-0.0522340212940213,-0.0371469696969697,33,26.285714285714285,0.1101001515151515,6,0.0,0.0,0.0,0.0,0.0,0.0
2025-05-29,0.102880054054054,0.1101779969700408,neutral,0.01357424180013,0.017658751023751,0.1193958890065705,50.0,0.000354625,0.2072105259581858,0.0556819095319095,0.1118564912847412,0.1129396282654321,-0.0145821751126126,-0.0115457151767151,37,24.714285714285715,0.1319424054054054,5,0.0,0.0,0.0,0.0,0.0,0.0
2025-05-30,0.0915940277777777,0.1189758813677283,neutral,0.0130824996571489,-0.0112860262762762,0.1168747740604595,50.0,0.0614638984962406,-0.1097008198532486,-0.0289447773000272,0.1125323947238947,0.1117054088209876,0.004731324074074,-0.0172790722222222,36,26.0,0.1428313611111111,7,0.0,0.0,0.0,0.0,0.0,0.0
2025-05-31,0.0567523333333333,0.1159564905448016,neutral,0.0059464054407222,-0.0348416944444444,0.114159657907458,50.0,0.0351320050179211,-0.3803926444743335,-0.0235556681681681,0.0986663352000851,0.1075876558447972,-0.0970624166666666,-0.0576485416666666,6,25.142857142857142,0.1047781666666666,2,0.0,0.0,0.0,0.0,0.0,0.0
2025-06-01,0.128321,0.1152230791142617,neutral,0.0254708042128749,0.0715686666666666,0.1121310266939782,50.0,-0.0308684633540372,1.261070029426103,0.1064103611111111,0.1081482637715137,0.1114811332884062,0.0663734999999999,0.0545086842105263,8,24.857142857142858,0.1984928749999999,2,0.0,0.0,0.0,0.0,0.0,0.0
2025-06-02,0.1313455,0.1163996036756998,neutral,0.02109956844875,0.0030245,0.1153466103345064,50.0,-0.000172353736089,0.023569797616914,-0.0685441666666666,0.1027655256762756,0.1130934201547656,-0.0376791666666666,0.0225720161290322,26,26.428571428571427,0.1606417307692307,5,0.0,0.0,0.0,0.0,0.0,0.0
2025-06-03,0.181572923076923,0.1799957838385439,bullish,0.0347485041866982,0.050227423076923,0.129310167708207,50.0,0.0388094708333333,0.3824068816740815,0.047202923076923,0.111098163038913,0.1162499126194438,0.0583284615384615,0.0441908945054944,39,26.428571428571427,0.191374923076923,7,0.0,0.0,0.0,0.0,0.0,0.0
2025-06-04,0.173622387755102,0.1288682778201279,bullish,0.0319737001089075,-0.007950535321821,0.131288646998687,50.0,0.0294219259259259,-0.0437870095777044,-0.058177958398744,0.12372688942817,0.1188332742930708,0.088401084724799,0.0361670634307777,49,28.714285714285715,0.1841565510204081,7,0.0,0.0,0.0,0.0,0.0,0.0
2025-06-05,0.242002,0.3378033467033742,bullish,0.065129030252,0.0,0.0,0.0,0.0,0.0,0.0,0.0,0.0,0.0,0.0,2,0.0,0.269126,3,0.242002,0.0,0.627932,0.627932,0.0,0.0
2025-06-06,0.1185615833333333,0.1252583492923725,neutral,0.0203003053142175,-0.1234404166666666,0.0,0.0,-0.0027694965277778,-0.5100801508527478,0.0,0.0,0.0,0.0,0.0,5,0.0,0.1712216111111111,36,0.1185615833333333,0.1268751111111111,0.1279638571428571,0.15138536,0.0,0.0889368
2025-06-07,0.0651016428571428,0.2134703533415956,neutral,0.0125488578237397,-0.0534599404761904,0.0,0.0,-0.0051866778402919,-0.4509044074241907,0.0591757434285571,0.0,0.0,0.0,0.0,2,0.0,0.1927579285714285,14,0.0651016428571428,0.0583386,0.1139217692307692,0.1025119999999999,0.0,0.0979658
2025-06-08,0.0905153333333333,0.0560956961682985,neutral,0.0065305304411111,0.0254136904761904,0.0,0.0,-0.0052413953661127,0.3903694186636355,0.8412738260878262,0.0,0.0,0.0,0.0,4,0.0,0.0721483333333333,12,0.0905153333333333,0.123773,0.0813271111111111,0.0792065,0.0,0.0881311428571428
2025-06-09,0.1305825806451613,0.1608274132291661,neutral,0.0270510998710509,0.0400672473118279,0.0,0.0,-0.0035664155030945,0.4426570155166485,0.0522875968530129,0.0,0.0,0.0,0.0,7,0.0,0.2071570322580645,31,0.1305825806451613,0.0694623333333333,0.1370604615384615,0.163761,0.0,0.1426129166666666
2025-06-10,0.1271825,0.1377358773740966,neutral,0.0210163085503571,-0.0034000806451612,0.0,0.0,-0.0026378781355276,-0.0260377810605573,-0.4686947965772058,0.0,0.0,0.0,0.0,7,0.0,0.1652452857142857,42,0.1271825,0.0737791111111111,0.136527,0.1605368947368421,0.0,0.1118227058823529
2025-06-11,0.1369434210526315,0.1478303698942175,neutral,0.0257240432295013,0.0097609210526315,0.0555315179654481,0.0,-0.0015547753712477,0.0767473595237675,0.1027851405843248,0.1301270087459432,0.0,-0.008301891632884,0.0,6,4.714285714285714,0.1878443157894737,38,0.1369434210526315,0.1214542,0.13453625,0.1930048999999999,0.0,0.0970825789473684
2025-06-12,0.1249054489795918,0.1587440799308304,neutral,0.0230265208975606,-0.0120379720730397,0.0259966267702736,0.0,-0.0013760466427938,-0.0879047126215225,-0.1646520721452901,0.113398930028742,0.0,0.0071207971427292,0.0,7,5.428571428571429,0.1843516122448979,49,0.1249054489795918,0.2211686666666666,0.1064028717948718,0.1526561071428571,0.15463125,0.1154269523809523
2025-06-13,0.1498389666666666,0.1318664502058632,neutral,0.0254560221758266,0.0249335176870748,0.0294856387978037,0.0,5.6993490040735395e-06,0.1996191350398866,0.2875238476614091,0.1178671276477896,0.0,0.0117626086831627,0.0,6,5.571428571428571,0.1698892,30,0.1498389666666666,0.1777994,0.1567782962962962,0.1755654285714285,0.106991,0.1413422
2025-06-14,0.0346558888888888,0.0752821014409209,neutral,0.0023437392590123,-0.1151830777777777,0.0392086527023197,0.0,-0.0049472148167047,-0.7687124406965196,-0.9683315757364062,0.1135177342237533,0.0,-0.004690807582526,0.0,4,5.857142857142857,0.0676288888888888,9,0.0346558888888888,0.1107814999999999,0.0618318571428571,0.0591671666666666,0.0,0.03302525
2025-06-15,0.1524728,0.0795854470440419,bullish,0.0139281463235199,0.1178169111111111,0.0401329202262731,0.0,-0.0021801252946369,3.399621677252222,4.168334117948742,0.12236880089042,0.0,-0.0038031078051311,0.0,1,5.428571428571429,0.0913484,5,0.1524728,0.192021,0.1524728,0.14784675,0.0,0.2042003333333333
2025-06-16,0.1258087083333333,0.1359432664972955,neutral,0.0201177193336059,-0.0266640916666666,0.0400104544814043,0.0,-0.0015864579012124,-0.1748776940324219,-3.574499371284644,0.1216868191315874,0.0,-0.0022611491855702,0.0,3,4.857142857142857,0.1599072083333333,24,0.1258087083333333,0.108576625,0.1258087083333333,0.1751144615384615,0.0,0.1305752352941176
2025-06-17,0.090779641025641,0.1123682749218852,neutral,0.0126682965774451,-0.0350290673076923,0.0415145762004451,0.0,-0.0031038609716838,-0.2784311815274496,-0.1035534874950276,0.116486410706679,0.0,-0.0047875352871484,0.0,7,4.857142857142857,0.1395499743589743,39,0.090779641025641,0.08402925,0.0856082187499999,0.0991624814814814,0.0,0.0804342105263157
2025-06-18,0.1467493783783783,0.1049367016815246,neutral,0.0162530846191183,0.0559697373527373,0.0424742696171012,42.59514330767315,-0.0009555530398539,0.6165450393985199,0.8949762209259695,0.1178872617532143,0.1240071352495787,0.0013773555842411,-0.0021703771898191,4,4.571428571428571,0.110754027027027,37,0.1467493783783783,0.1074584999999999,0.1329788666666666,0.1580874166666666,0.0,0.1183870588235294
2025-06-19,0.1149778695652173,0.1222946057593949,neutral,0.017653557120947,-0.0317715088131609,0.042366479557194,40.59008275597328,-0.001208586778483,-0.2165018289293285,-0.8330468683278485,0.1164690361225893,0.1149339830756657,0.0020682331678668,0.0014615843867953,6,4.428571428571429,0.1535387391304347,23,0.1149778695652173,0.1029676666666666,0.131865947368421,0.1524598333333333,0.0,0.1251571818181818
2025-06-20,0.1269738749999999,0.1081246561761454,neutral,0.0188177584151484,0.0119960054347826,0.0401904288515157,50.746427275794254,-0.0006578428283047,0.1043331684622863,0.3208349973916149,0.1132025944559227,0.1155348610518561,0.0079608845538861,0.0019251725162049,6,4.428571428571429,0.1482018125,32,0.1269738749999999,0.0555493333333333,0.1241621538461538,0.1504668695652174,0.0,0.1247662777777777
2025-06-21,0.1019756428571428,0.1303603739642281,neutral,0.0133372195138979,-0.0249982321428571,0.0223631452374695,53.445897313309615,-0.0017766644011672,-0.196876972864356,-0.3012101413266423,0.1228197021656732,0.1181687181947133,-0.0044629610555593,-0.0001248672847883,2,4.142857142857143,0.1307882857142857,14,0.1019756428571428,0.0675213333333333,0.1019756428571428,0.1389213333333333,0.0,0.131161
2025-06-22,0.1560773333333333,0.1512594123402413,bullish,0.0245255889602222,0.0541016904761904,0.0231860925082992,55.815017199972395,0.000799414010642,0.53053541963919,0.7274123925035461,0.1233346354990066,0.1228517181947133,0.0033365134030223,4.658595451131868e-05,4,4.571428571428571,0.1571374166666666,12,0.1560773333333333,0.0516486666666666,0.1442254,0.15020475,0.0,0.1569718571428571
2025-06-23,0.1429975142857142,0.122338733933426,neutral,0.0247401102589395,-0.013079819047619,0.0243716680331765,51.15650713086461,0.0019303764307085,-0.0838034503042447,-0.6143388699434348,0.1257901792064896,0.1237384991690385,0.0057966893922162,0.0008770437258074,4,4.714285714285714,0.1730107714285714,35,0.1429975142857142,0.0938591428571428,0.1402598333333333,0.1759389499999999,0.0,0.0948657777777777
2025-06-24,0.1510972291666666,0.1020332913983698,bullish,0.0255693971271397,0.0080997148809523,0.0202436562861191,52.20842836180236,0.0033067429097807,0.0566423473961152,0.14044579770036,0.1344069775123504,0.1254466941095147,0.0035066535763996,0.0017722602146724,7,4.714285714285714,0.1692247916666666,48,0.1510972291666666,0.1195307777777777,0.1430493902439024,0.1501540769230769,0.0,0.127131375
2025-06-25,0.1275072666666666,0.1359064157515283,neutral,0.0202578671668918,-0.0235899624999999,0.0195840528079004,49.15031136622781,0.0027698334772381,-0.1561243884491041,-0.2127667358452194,0.1316581044106773,0.1247726830819457,0.0045305989666518,0.002210146692452,6,5.0,0.1588761777777778,45,0.1275072666666666,0.1511911,0.1242435641025641,0.1450624545454545,0.0,0.1119117272727272
2025-06-26,0.1190861860465116,0.1322338660105928,neutral,0.0208624735305624,-0.008421080620155,0.0190552812562797,49.47256264468631,0.0017562941168149,-0.0660439270662877,0.0900804613828164,0.1322450067651479,0.1243570214438686,0.0008007170211398,0.0020520522463071,8,5.285714285714286,0.1751880232558139,43,0.1190861860465116,0.0833777999999999,0.1363844827586207,0.1627278636363636,0.0,0.1200163599999999
2025-06-27,0.1267251891891891,0.1309120860498962,neutral,0.0234447696509101,0.0076390031426775,0.0190669748674436,47.83724626613085,0.0014684036365314,0.0641468452075035,0.1301907722737912,0.1322094802207463,0.1227060373383345,-0.0005437108284482,0.0029597783101118,4,5.0,0.1850048108108108,37,0.1267251891891891,0.0772274166666666,0.1252915142857142,0.1148680454545454,0.0,0.1247137
2025-06-28,0.1758173333333333,0.1405261789737143,bullish,0.0295122052847999,0.0490921441441441,0.0199579346627803,65.07268833702524,0.0046024064979873,0.387390576871454,0.3232437316639505,0.1427582931459164,0.1327889976557948,-0.0001905604754716,0.0015744917632839,2,5.0,0.1678571999999999,15,0.1758173333333333,0.0634608,0.1908166428571428,0.1521772727272727,-0.034173,0.1577953076923077
2025-06-29,0.1219013571428571,0.1356534553647679,neutral,0.0234171113913061,-0.0539159761904761,0.0203333597808413,46.21984920817168,0.0032379415040534,-0.3066590487313131,-0.6940496256027672,0.1378760108329912,0.1306053231659989,-0.0005225121633112,0.001912332880855,3,4.857142857142857,0.1920988571428571,14,0.1219013571428571,0.2770876666666667,0.1219013571428571,0.10924375,0.0,0.075720375
