date,sentiment_mean,sentiment_std,sentiment_polarity,weighted_sentiment,sentiment_momentum,sentiment_volatility,sentiment_rsi,sentiment_macd,sentiment_rate_of_change,sentiment_acceleration,sentiment_ma_7d,sentiment_ma_14d,sentiment_trend_7d,sentiment_trend_14d,article_count,article_count_ma_7d,relevance_mean,source_count,Technology_sentiment_score,Finance_sentiment_score,Financial Markets_sentiment_score,Earnings_sentiment_score,Economy - Macro_sentiment_score,Manufacturing_sentiment_score
2024-01-01,0.100858,0.2240312272697714,neutral,0.02648884083,0.0,0.2240312272697714,50.0,0.0,0.0,0.0,0.100858,0.100858,0.0,0.0,2,2.0,0.262635,2,0.0,0.0,0.0,0.0,0.0,0.0
2024-01-02,0.0314376666666666,0.1760339811620188,neutral,0.004845050929074,-0.0694203333333333,0.2000326042158951,50.0,0.0,-0.6882977387349871,0.0,0.0661478333333333,0.0661478333333333,0.0,0.0,9,5.5,0.1541161111111111,7,0.0,0.0,0.0,0.0,0.0,0.0
2024-01-03,0.05353925,0.0422254707522604,neutral,0.0074882538164374,0.0221015833333333,0.1474302263946836,50.0,0.0,0.7030287447117574,0.0915219166666666,0.0619449722222222,0.0619449722222222,0.0,0.0,4,5.0,0.1398647499999999,4,0.0,0.0,0.0,0.0,0.0,0.0
2024-01-04,0.1206234444444444,0.163885507352779,neutral,0.018388079118,0.0670841944444444,0.1515440466342074,50.0,0.0,1.2529909261792884,0.0449826111111111,0.0766145902777777,0.0766145902777777,0.0,0.0,9,6.0,0.152442,5,0.0,0.0,0.0,0.0,0.0,0.0
2024-01-05,-0.033985,0.1939358760466974,neutral,-0.003452223488,-0.1546084444444444,0.1600224125167054,50.0,0.0,-1.2817445659633149,-0.2216926388888889,0.0544946722222222,0.0544946722222222,0.0,0.0,5,5.8,0.1015808,5,0.0,0.0,0.0,0.0,0.0,0.0
2024-01-08,0.0712759166666666,0.0611172103621146,neutral,0.0033543812505069,0.1052609166666666,0.127439609135174,50.0,0.0,-3.097275758913246,0.2598693611111111,0.0572915462962962,0.0572915462962962,0.0,0.0,12,6.833333333333333,0.0470619166666666,7,0.0,0.0,0.0,0.0,0.0,0.0
2024-01-09,0.2275033749999999,0.2651027940079834,bullish,0.0513075564572656,0.1562274583333333,0.1452533717043669,50.0,0.0,2.191868805615735,0.0509665416666666,0.0816075218253968,0.0816075218253968,0.0,0.0,8,7.0,0.225524375,4,0.0,0.0,0.0,0.0,0.0,0.0
2024-01-10,0.2868395,0.4017363537701063,bullish,0.06384545300875,0.059336125,0.2171555483079361,50.0,0.0,0.2608142626455543,-0.0968913333333332,0.1081763075396825,0.1072615190972222,0.1859815,0.0,2,7.0,0.2225825,2,0.0,0.0,0.0,0.0,0.0,0.0
2024-01-11,-0.02449,0.0,neutral,-0.00561185901,-0.3113295,0.2304730585467254,50.0,0.0,-1.0853787571098124,-0.3706656250000001,0.1001866408730158,0.0926224614197531,-0.0559276666666666,0.0,1,5.857142857142857,0.229149,1,0.0,0.0,0.0,0.0,0.0,0.0
2024-01-12,0.0609143333333333,0.112546685025963,neutral,0.0057707193683333,0.0854043333333333,0.2101257607915418,50.0,0.0,-3.487314550156526,0.3967338333333333,0.1012402242063492,0.0894516486111111,0.0073750833333333,0.0,3,5.714285714285714,0.094735,2,0.0,0.0,0.0,0.0,0.0,0.0
2024-01-14,-0.166405,0.0,bearish,-0.0054399458549999,-0.2273193333333333,0.2597952776013509,50.0,0.0,-3.731787264081251,-0.3127236666666666,0.0602361607142857,0.0661919532828282,-0.2870284444444444,0.0,1,4.571428571428571,0.032691,1,0.0,0.0,0.0,0.0,0.0,0.0
2024-01-15,0.18,0.0,bullish,0.01042326,0.3464049999999999,0.2571415193980346,50.0,0.0,-2.0816982662780568,0.5737243333333333,0.0908054464285714,0.0756759571759259,0.2139849999999999,0.0,1,4.0,0.057907,1,0.0,0.0,0.0,0.0,0.0,0.0
2024-01-16,0.1663742,0.1102031832398683,bullish,0.03081230219096,-0.0136257999999999,0.1113749341329156,50.0,0.0,-0.0756988888888888,-0.3600308,0.1043909154761904,0.08265274508547,0.0950982833333333,0.0,5,3.0,0.1851988,4,0.0,0.0,0.0,0.0,0.0,0.0
2024-01-17,0.1081582,0.2019882552646179,neutral,0.0158551268544,-0.0582159999999999,0.1415793745101497,50.0,0.0,-0.3499100221067929,-0.0445901999999999,0.0873416047619047,0.0844745632936507,-0.1193451749999999,0.0,10,3.2857142857142856,0.146592,6,0.0,0.0,0.0,0.0,0.0,0.0
2024-01-18,0.1735802,0.1461707351616595,bullish,0.03363571155124,0.065422,0.1527873912220485,50.0,0.0,0.6048732319879584,0.123638,0.0711617047619047,0.0896690061507936,-0.1132593,0.0727222,5,3.7142857142857144,0.1937762,4,0.0,0.0,0.0,0.0,0.0,0.0
2024-01-19,-0.02291575,0.1235820561877141,neutral,-0.001720869704125,-0.19649595,0.1454860574634649,50.0,0.0,-1.1320182255810285,-0.26191795,0.0713865976190476,0.0857866192460317,0.0015742499999999,-0.0543534166666666,4,4.142857142857143,0.0750955,3,0.0,0.0,0.0,0.0,0.0,0.0
2024-01-21,0.0360515,0.056774310568249,neutral,0.0025494539255,0.05896725,0.1277437080844218,50.0,0.0,-2.5732192924080595,0.2554632,0.0678347642857142,0.0845374942460317,-0.0248628333333333,-0.0174877499999999,2,4.0,0.070717,1,0.0,0.0,0.0,0.0,0.0,0.0
2024-01-22,0.123556375,0.1053688485476986,neutral,0.009585627128875,0.087504875,0.1267768411459878,50.0,0.0,2.427218701024923,0.028537625,0.1092578178571428,0.0847469892857143,0.289961375,0.0029329305555555,8,5.0,0.077581,7,0.0,0.0,0.0,0.0,0.0,0.0
2024-01-23,0.1970048,0.1433707115788375,bullish,0.0808801236351999,0.073448425,0.1150533324088317,50.0,0.0,0.5944527346322679,-0.01405645,0.111687075,0.1012462607142857,0.0170048,0.2309898,10,6.285714285714286,0.4105489999999999,7,0.0,0.0,0.0,0.0,0.0,0.0
2024-01-24,0.1489735555555555,0.1407329665910861,neutral,0.0367919162524691,-0.0480312444444444,0.1139657786947171,50.0,0.0,-0.2438074830889626,-0.1214796694444444,0.1092012686507936,0.106796092063492,-0.0174006444444444,0.0776976388888888,9,6.857142857142857,0.2469694444444444,4,0.0,0.0,0.0,0.0,0.0,0.0
2024-01-25,0.0515746666666666,0.0907209962724543,neutral,0.0079865692193333,-0.0973988888888889,0.1073935667116651,50.0,0.0,-0.6537998541128105,-0.0493676444444444,0.1011179067460317,0.0942297557539682,-0.0565835333333333,-0.1759287083333333,6,6.285714285714286,0.1548545,3,0.0,0.0,0.0,0.0,0.0,0.0
2024-01-26,0.0853431666666666,0.1076801594100169,neutral,0.0185710713347777,0.0337685,0.1175747364800187,50.0,0.0,0.6547497479382645,0.1311673888888889,0.0885126162698412,0.079837160515873,-0.0882370333333333,-0.2014963333333333,6,6.428571428571429,0.2176046666666666,4,0.0,0.0,0.0,0.0,0.0,0.0
2024-01-29,0.00388125,0.010167097566005,neutral,0.0006032190234375,-0.0814619166666666,0.09853438628368,50.0,0.0,-0.9545218422095892,-0.1152304166666667,0.0923407591269841,0.0818636783730158,0.026797,0.02837125,4,6.428571428571429,0.15541875,3,0.0,0.0,0.0,0.0,0.0,0.0
2024-01-30,0.1230446,0.2158697153036989,neutral,0.02017114423856,0.11916335,0.1130341870286522,50.0,0.0,30.702312399355883,0.2006252666666667,0.1047683448412698,0.086301554563492,0.0869931,0.0621302666666666,5,6.857142857142857,0.1639336,3,0.0,0.0,0.0,0.0,0.0,0.0
2024-01-31,0.2214193333333333,0.2031405437224845,bullish,0.0583352851728888,0.0983747333333333,0.1255157024549319,50.0,0.0,0.7995046782494584,-0.0207886166666667,0.1187487674603174,0.1140032926587301,0.0978629583333333,0.3878243333333333,6,6.571428571428571,0.2634606666666667,3,0.0,0.0,0.0,0.0,0.0,0.0
2024-02-01,0.2196727142857142,0.215738565343986,bullish,0.0703202641881326,-0.001746619047619,0.1505192162692383,50.0,0.0,-0.0078882860919359,-0.1001213523809523,0.1219870409297052,0.1168370579648526,0.0226679142857142,0.0396727142857142,14,7.142857142857143,0.3201137857142857,8,0.0,0.0,0.0,0.0,0.0,0.0
2024-02-02,0.1622055714285714,0.1828956612906724,bullish,0.0384237192044897,-0.0574671428571428,0.1655623166453693,50.0,-0.0727222,-0.2616034633340899,-0.0557205238095238,0.1238773289115646,0.1165392987811791,0.0132320158730158,-0.0041686285714285,7,6.857142857142857,0.2368828571428571,4,0.0,0.0,0.0,0.0,0.0,0.0
2024-02-03,-0.08025,0.0,neutral,-0.00311715075,-0.2424555714285714,0.2044111214152104,50.0,0.0543534166666666,-1.4947425621279522,-0.1849884285714285,0.1050452336734694,0.1030815702097505,-0.1318246666666666,-0.1884082,1,6.142857142857143,0.038843,1,0.0,0.0,0.0,0.0,0.0,0.0
2024-02-05,0.0028506,0.1504850389417499,neutral,0.0008897805828,0.0831006,0.1880649523247232,50.0,0.0174877499999999,-1.0355214953271028,0.3255561714285714,0.093260581292517,0.0908865987811791,-0.0824925666666666,-0.1707296,5,6.0,0.312138,4,0.0,0.0,0.0,0.0,0.0,0.0
2024-02-06,0.0172275,0.0121912280144372,neutral,0.0012170367375,0.0143769,0.1403276233977114,50.0,-0.0029329305555555,5.043464533782361,-0.0687237,0.0951671884353741,0.0937539737811791,0.01334625,0.04014325,2,5.714285714285714,0.070645,2,0.0,0.0,0.0,0.0,0.0,0.0
2024-02-07,-0.0048076666666666,0.0505401925830653,neutral,-0.0006004022465555,-0.0220351666666666,0.0990280302074812,50.0,-0.2309898,-1.279069317467228,-0.0364120666666666,0.0769025789115646,0.0908354618764172,-0.1278522666666667,-0.0408591666666666,3,5.428571428571429,0.1248843333333333,3,0.0,0.0,0.0,0.0,0.0,0.0
2024-02-08,0.0250715714285714,0.1252021739812014,neutral,0.0017476604479183,0.029879238095238,0.0846046583801135,50.0,-0.0776976388888888,-6.214914670021099,0.0519144047619047,0.0488528986394557,0.0838008330498866,-0.1963477619047618,-0.0984848035714285,7,5.571428571428571,0.0697068571428571,5,0.0,0.0,0.0,0.0,0.0,0.0
2024-02-09,0.363099,0.0,bullish,0.104896759407,0.3380274285714286,0.0846046583801135,50.0,0.1759287083333333,13.48249867522122,0.3081481904761904,0.0693423680272108,0.095664704478458,0.1434262857142857,0.1660942,1,3.7142857142857144,0.288893,1,0.0,0.0,0.0,0.0,0.0,0.0
2024-02-12,-0.03637725,0.131764656597473,neutral,-0.0047270781285,-0.39947625,0.0799245627940442,50.0,0.2014963333333334,-1.1001854866028271,-0.7375036785714286,0.0409733935374149,0.0824253612244898,-0.1985828214285714,-0.1853508055555555,4,3.2857142857142856,0.129946,4,0.0,0.0,0.0,0.0,0.0,0.0
2024-02-13,0.179072,0.0,bullish,0.006035263616,0.21544925,0.1025023410539132,50.0,-0.02837125,-5.922637087740277,0.6149255,0.0780193935374149,0.0915323136054421,0.259322,0.1274973333333333,1,3.2857142857142856,0.033703,1,0.0,0.0,0.0,0.0,0.0,0.0
2024-02-15,0.192178,0.4932055656640545,bullish,0.084418798772,0.013106,0.250057465414243,50.0,-0.0621302666666667,0.0731884381701215,-0.20234325,0.1050661649659864,0.0991633731292517,0.1893274,0.1068348333333333,2,2.857142857142857,0.439274,2,0.0,0.0,0.0,0.0,0.0,0.0
2024-02-16,0.0760598333333333,0.1567544759876625,neutral,0.0124858427969722,-0.1161181666666666,0.2605748994163967,50.0,-0.3878243333333333,-0.6042219539524122,-0.1292241666666667,0.1134707840136054,0.1043189862244898,0.0588323333333333,0.0721785833333333,6,3.4285714285714284,0.1641581666666666,4,0.0,0.0,0.0,0.0,0.0,0.0
2024-02-18,-0.0104704999999999,0.0976323545987701,neutral,-0.0009704949392499,-0.0865303333333333,0.2198392632119901,50.0,-0.0396727142857142,-1.1376613587110147,0.0295878333333333,0.1126618078231292,0.0947821933673469,-0.0056628333333333,-0.1335151,2,3.2857142857142856,0.0926885,2,0.0,0.0,0.0,0.0,0.0,0.0
2024-02-19,0.135628,0.0,neutral,0.008028363832,0.1460985,0.2491974654168291,50.0,0.0041686285714285,-13.953345112458816,0.2326288333333333,0.1284555833333333,0.0886542409863945,0.1105564285714285,-0.0857913333333333,1,2.4285714285714284,0.059194,1,0.0,0.0,0.0,0.0,0.0,0.0
2024-02-20,0.1380205,0.2024319351065933,neutral,0.044766638628875,0.0023924999999999,0.2375060828392701,50.0,0.1884082,0.0176401627982421,-0.143706,0.0963015119047619,0.0828219399659864,-0.2250785,-0.0816522142857142,4,2.857142857142857,0.32434775,4,0.0,0.0,0.0,0.0,0.0,0.0
2024-02-21,0.1612539999999999,0.2228009408564066,bullish,0.0321173784403999,0.0232334999999999,0.1699049266373581,50.0,0.1707296,0.1683336895606086,0.020841,0.1245345476190476,0.0827539705782312,0.1976312499999999,-0.0009515714285714,5,3.0,0.1991725999999999,4,0.0,0.0,0.0,0.0,0.0,0.0
2024-02-22,0.06526375,0.0941346821753279,neutral,0.0060799546340625,-0.0959902499999999,0.1542499781842745,50.0,-0.04014325,-0.5952736056159846,-0.1192237499999999,0.1082762261904762,0.0931478098639455,-0.11380825,0.14551375,4,3.4285714285714284,0.09315975,3,0.0,0.0,0.0,0.0,0.0,0.0
2024-02-23,0.0823291,0.1309985724251731,neutral,0.01727211004085,0.01706535,0.1625915326408752,50.0,0.0408591666666666,0.2614828292888473,0.1130555999999999,0.0925835261904761,0.0988248455782313,-0.1098489,0.0794785,10,4.571428571428571,0.2097935,4,0.0,0.0,0.0,0.0,0.0,0.0
2024-02-24,0.0361133333333333,0.0298656024605788,neutral,0.0049583004777777,-0.0462157666666666,0.1360463466048159,50.0,0.0984848035714285,-0.5613539643536328,-0.0632811166666666,0.0868768833333333,0.1001738336734694,-0.0399465,0.0188858333333333,3,4.142857142857143,0.1372983333333333,3,0.0,0.0,0.0,0.0,0.0,0.0
2024-02-26,0.033867,0.0478951707168896,neutral,0.000957013686,-0.0022463333333333,0.1051389937268752,50.0,-0.1660942,-0.0622023260107069,0.0439694333333333,0.0932108119047619,0.1029363098639455,0.0443375,0.0386746666666666,2,4.142857142857143,0.028258,1,0.0,0.0,0.0,0.0,0.0,0.0
2024-02-27,0.124655875,0.2053700746710939,neutral,0.03210113161825,0.0907888749999999,0.1016528204898127,50.0,0.1853508055555555,2.680747482800366,0.0930352083333333,0.0916433654761904,0.1100494744047619,-0.010972125,0.0995843035714285,8,5.142857142857143,0.2575179999999999,5,0.0,0.0,0.0,0.0,0.0,0.0
2024-02-28,0.095598,0.1322122318338965,neutral,0.0125067613067999,-0.0290578749999999,0.1092683304215264,50.0,-0.1274973333333333,-0.2331047373419021,-0.1198467499999999,0.0855830083333333,0.0909422601190476,-0.0424224999999999,-0.267501,5,5.285714285714286,0.1308266,5,0.0,0.0,0.0,0.0,0.0,0.0
2024-02-29,0.11501475,0.1089847167981975,neutral,0.008172775612875,0.0194167499999999,0.1048655592961313,50.0,-0.1068348333333333,0.2031083286261219,0.0484746249999999,0.0789774011904762,0.1017559744047619,-0.0462392499999999,0.151392,4,5.142857142857143,0.0710585,4,0.0,0.0,0.0,0.0,0.0,0.0
2024-03-01,0.0407634999999999,0.2351815941023021,neutral,0.0019384470972499,-0.07425125,0.1459287576244759,50.0,-0.0721785833333333,-0.6455802407952024,-0.093668,0.0754773654761904,0.0918767958333333,-0.02450025,-0.1383085,2,4.857142857142857,0.0475535,2,0.0,0.0,0.0,0.0,0.0,0.0
2024-03-02,-0.103878,0.0,neutral,-0.004510486638,-0.1446414999999999,0.1704371543513725,50.0,0.1335151,-3.548309149116244,-0.0703902499999999,0.0488763511904761,0.0707299386904762,-0.1862071,-0.296056,1,3.5714285714285716,0.043421,1,0.0,0.0,0.0,0.0,0.0,0.0
2024-03-04,0.046484,0.0848162213730368,neutral,0.0013990599373333,0.150362,0.1402986910268583,50.0,0.0857913333333333,-1.4474864745181848,0.2950035,0.0503578749999999,0.0686173791666666,0.0103706666666666,-0.0295758333333333,3,3.5714285714285716,0.0300976666666666,2,0.0,0.0,0.0,0.0,0.0,0.0
2024-03-05,0.075506,0.004946919041181,neutral,0.002735129344,0.029022,0.1084823628286794,50.0,0.0816522142857142,0.6243438602529903,-0.12134,0.0563063035714285,0.0747585577380952,0.041639,0.0859765,2,3.5714285714285716,0.036224,2,0.0,0.0,0.0,0.0,0.0,0.0
2024-03-06,0.0686686666666666,0.0926157726164033,neutral,0.0031171454546666,-0.0068373333333333,0.1043901267832308,50.0,0.0009515714285714,-0.0905535100963278,-0.0358593333333333,0.0483081309523809,0.0699757482142857,-0.0559872083333333,-0.0669593333333333,3,2.857142857142857,0.045394,3,0.0,0.0,0.0,0.0,0.0,0.0
2024-03-07,-0.014984,0.0971635428028434,neutral,-0.000655107972,-0.0836526666666666,0.0698856139583662,50.0,-0.14551375,-1.2182072366824268,-0.0768153333333333,0.0325107023809523,0.0590468553571428,-0.110582,-0.1530045,2,2.4285714285714284,0.0437204999999999,1,0.0,0.0,0.0,0.0,0.0,0.0
2024-03-08,0.0883595,0.0417982058665999,neutral,0.006823650747,0.1033435,0.0642681323400129,50.0,-0.0794785,-6.89692338494394,0.1869961666666666,0.0287028095238095,0.0538401053571428,-0.0266552499999999,-0.0728944999999999,4,2.4285714285714284,0.077226,3,0.0,0.0,0.0,0.0,0.0,0.0
2024-03-10,-0.005561,3.394112549695388e-05,neutral,-0.0001258871375,-0.0939205,0.0473116762905049,50.0,-0.0188858333333333,-1.0629360736536535,-0.197264,0.0220850238095238,0.0487811946428571,-0.0463244999999999,-0.0708247499999999,2,2.4285714285714284,0.0226375,2,0.0,0.0,0.0,0.0,0.0,0.0
2024-03-11,0.0429461666666666,0.1574134433438474,neutral,0.0036857974926111,0.0485071666666666,0.0778049811510382,50.0,-0.0386746666666666,-8.722741713121142,0.1424276666666666,0.0430599047619047,0.0459681279761904,0.1468241666666666,-0.0393829333333333,6,3.142857142857143,0.0858236666666666,2,0.0,0.0,0.0,0.0,0.0,0.0
2024-03-12,0.1116395,0.0509069510152264,neutral,0.02577504866125,0.0686933333333333,0.0694632168308028,50.0,-0.0995843035714285,1.599521882046127,0.0201861666666666,0.0523678333333333,0.0513628541666666,0.0651555,0.0755261666666666,4,3.2857142857142856,0.2308775,2,0.0,0.0,0.0,0.0,0.0,0.0
2024-03-13,0.32078525,0.2600908036941137,bullish,0.124503010837375,0.20914575,0.1020486690090569,50.0,0.267501,1.873402783065134,0.1404524166666667,0.0874077261904762,0.0718570148809523,0.24527925,0.28691825,4,3.5714285714285716,0.3881195,3,0.0,0.0,0.0,0.0,0.0,0.0
2024-03-14,0.1851472857142857,0.2274037492169044,bullish,0.0290233975628367,-0.1356379642857143,0.1391697776791178,50.0,-0.151392,-0.4228310506350099,-0.3447837142857143,0.1040475289115646,0.0761778299319728,0.116478619047619,0.0604914107142857,7,4.142857142857143,0.1567584285714285,3,0.0,0.0,0.0,0.0,0.0,0.0
2024-03-15,0.12189825,0.1946974107915066,neutral,0.0230382511824375,-0.0632490357142857,0.1781024716123197,50.0,0.1383085,-0.3416147067469837,0.0723889285714286,0.1236021360544217,0.078056419217687,0.13688225,0.0263002499999999,4,4.428571428571429,0.18899575,3,0.0,0.0,0.0,0.0,0.0,0.0
2024-03-19,0.2401025,0.5984251760249564,bullish,0.0975549663137499,0.11820425,0.2663048181485415,50.0,0.296056,0.9696960374738768,0.1814532857142857,0.1452797074829932,0.0869912585034013,0.151743,0.12508775,2,4.142857142857143,0.4063055,2,0.0,0.0,0.0,0.0,0.0,0.0
2024-03-20,0.015105,0.1996233153967742,neutral,0.0008926828425,-0.2249975,0.2960480910248511,50.0,0.0295758333333333,-0.9370893680823814,-0.3432017499999999,0.1482319931972789,0.0851585085034013,0.020666,-0.0256584999999999,2,4.142857142857143,0.0590985,1,0.0,0.0,0.0,0.0,0.0,0.0
2024-03-22,0.098863,0.0526872929715189,neutral,0.01372131934875,0.083758,0.2545673888803321,50.0,-0.0859765,5.545051307514066,0.3087554999999999,0.1562201122448979,0.0996400085034013,0.0559168333333333,0.202741,4,3.857142857142857,0.13879125,4,0.0,0.0,0.0,0.0,0.0,0.0
2024-03-25,0.0283266666666666,0.0330638679275933,neutral,0.00083756288,-0.0705363333333333,0.2156994126224699,50.0,0.0669593333333333,-0.7134755503407072,-0.1542943333333333,0.1443182789115646,0.0983430561224489,-0.0833128333333333,-0.0181573333333333,3,3.7142857142857144,0.029568,3,0.0,0.0,0.0,0.0,0.0,0.0
2024-03-26,0.147025,0.3362465592552584,neutral,0.0427281604583333,0.1186983333333333,0.2440092423152202,50.0,0.1530045,4.190338903271358,0.1892346666666666,0.1194953860544217,0.1034515561224489,-0.17376025,0.0715189999999999,3,3.5714285714285716,0.2906183333333333,3,0.0,0.0,0.0,0.0,0.0,0.0
2024-03-27,0.1423749285714285,0.1541133057423682,neutral,0.0450504477824132,-0.0046500714285714,0.1551468682587026,50.0,0.0728944999999999,-0.0316277600991083,-0.1233484047619047,0.1133850493197279,0.1087162891156462,-0.0427723571428571,0.0737062619047619,14,4.571428571428571,0.3164212142857143,6,0.0,0.0,0.0,0.0,0.0,0.0
2024-03-28,0.0613303076923076,0.1723003013855869,neutral,0.0062584606838934,-0.0810446208791209,0.1496822654564651,50.0,0.0708247499999999,-0.5692337948282891,-0.0763945494505494,0.1047324861329147,0.1141673110936682,-0.0605679423076923,0.0763143076923077,13,5.857142857142857,0.1020451538461538,7,0.0,0.0,0.0,0.0,0.0,0.0
2024-03-29,0.0505,0.1025304832720494,neutral,0.00268364575,-0.0108303076923076,0.1596509035165712,50.0,0.0393829333333333,-0.1765898150494045,0.0702143131868132,0.0776464147043432,0.1114630610936682,-0.1896025,-0.0378595,2,5.857142857142857,0.0531415,2,0.0,0.0,0.0,0.0,0.0,0.0
2024-03-31,0.027785,0.0,neutral,0.001378941765,-0.022715,0.1912976624138157,50.0,-0.0755261666666666,-0.4498019801980198,-0.0118846923076923,0.0794578432757718,0.1138449182365253,0.0126799999999999,0.033346,1,5.714285714285714,0.049629,1,0.0,0.0,0.0,0.0,0.0,0.0
2024-04-01,0.521102,0.0,bullish,0.4336616055019999,0.4933169999999999,0.1429813634666682,50.0,-0.28691825,17.75479575310419,0.5160319999999999,0.1397777004186289,0.1479989063317635,0.4222389999999999,0.4781558333333333,1,5.285714285714286,0.832201,1,0.0,0.0,0.0,0.0,0.0,0.0
2024-04-02,0.0013024999999999,0.0677938626462602,neutral,5.931129124999991e-05,-0.5197995,0.1142082157679655,50.0,-0.0604914107142856,-0.997500489347575,-1.0131165,0.1359171051805337,0.1401176920460492,-0.0270241666666666,-0.110337,2,5.142857142857143,0.0455365,2,0.0,0.0,0.0,0.0,0.0,0.0
2024-04-03,0.0184,0.0684493506324201,neutral,0.0009203864,0.0170975,0.0795912321835766,50.0,-0.0263002499999999,13.126679462571998,0.536897,0.1175421051805337,0.1185187456174777,-0.128625,-0.30238525,2,5.0,0.050021,2,0.0,0.0,0.0,0.0,0.0,0.0
2024-04-04,0.0641709999999999,0.1822699970867394,neutral,0.0173264052936666,0.0457709999999999,0.1061710701218066,50.0,-0.12508775,2.4875543478260864,0.0286734999999999,0.1063701153846153,0.1098775823521716,-0.0782039285714285,-0.1209762857142857,6,3.857142857142857,0.2700036666666667,4,0.0,0.0,0.0,0.0,0.0,0.0
2024-04-05,0.115397,0.0509044114067402,neutral,0.0228452017885,0.051226,0.09235440544304,50.0,0.0256584999999999,0.79827336335728,0.005455,0.1140939285714285,0.1094132073521716,0.0540666923076923,-0.00650125,4,2.5714285714285716,0.1979705,4,0.0,0.0,0.0,0.0,0.0,0.0
2024-04-07,0.2696286666666667,0.2311104040936568,bullish,0.0999045212215555,0.1542316666666666,0.1201056051731634,50.0,-0.2027409999999999,1.336530990118172,0.1030056666666666,0.1453980238095238,0.1115222192569335,0.2191286666666667,0.0295261666666666,3,2.7142857142857144,0.3705263333333333,3,0.0,0.0,0.0,0.0,0.0,0.0
2024-04-08,0.196308,0.1250321559319842,bullish,0.0697001369399999,-0.0733206666666666,0.1315532638303081,50.0,0.0181573333333333,-0.2719320151418123,-0.2275523333333333,0.169472738095238,0.1244652906855049,0.168523,0.181203,3,3.0,0.3550549999999999,3,0.0,0.0,0.0,0.0,0.0,0.0
2024-04-09,0.0266576,0.0475416054188328,neutral,0.0039768873984,-0.1696504,0.1273717147875907,50.0,-0.0715189999999999,-0.8642052285184506,-0.0963297333333333,0.0988378238095238,0.1193077621140764,-0.4944443999999999,-0.0722054,5,3.5714285714285716,0.149184,4,0.0,0.0,0.0,0.0,0.0,0.0
2024-04-10,0.14267025,0.1402492861024611,neutral,0.02654565472575,0.11601265,0.118967572590735,50.0,-0.0737062619047619,4.351954039373386,0.28566305,0.1190332166666666,0.1274751609236002,0.14136775,0.1143435833333333,4,3.857142857142857,0.186063,3,0.0,0.0,0.0,0.0,0.0,0.0
2024-04-12,0.1664985,0.2354644368147767,bullish,0.0639917004929999,0.0238282499999999,0.1558795776723423,50.0,-0.0763143076923076,0.1670162490077644,-0.0921844,0.1401901452380952,0.1288661252093144,0.1480985,0.0194735,2,3.857142857142857,0.3843379999999999,2,0.0,0.0,0.0,0.0,0.0,0.0
2024-04-16,0.2528335,0.227114919942526,bullish,0.041071790741,0.086335,0.1550804808421161,50.0,0.0378595,0.5185331999987988,0.06250675,0.1671419309523809,0.1367560231684981,0.1886625,0.1104585714285714,2,3.2857142857142856,0.162446,2,0.0,0.0,0.0,0.0,0.0,0.0
2024-04-17,0.074716,0.1007631915598813,neutral,0.0206530821097142,-0.1781174999999999,0.1502266879676956,50.0,-0.033346,-0.7044853628969262,-0.2644525,0.1613303595238095,0.137712144047619,-0.0406809999999999,0.0133856923076923,7,3.7142857142857144,0.2764211428571428,2,0.0,0.0,0.0,0.0,0.0,0.0
2024-04-18,-0.04005,0.0823179773864737,neutral,-0.0020408145,-0.114766,0.1571819623612237,50.0,-0.4781558333333333,-1.536029766047433,0.0633514999999999,0.11709055,0.1312442869047619,-0.3096786666666666,-0.09055,3,3.7142857142857144,0.0509566666666666,3,0.0,0.0,0.0,0.0,0.0,0.0
2024-04-19,0.0,0.0,neutral,0.0,0.04005,0.1614151314259144,50.0,0.110337,-1.0,0.154816,0.0890465499999999,0.129259644047619,-0.196308,-0.027785,1,3.4285714285714284,0.039224,1,0.0,0.0,0.0,0.0,0.0,0.0
2024-04-21,0.026825,0.0379362788106582,neutral,0.0014627001875,0.026825,0.1120330919248848,50.0,0.30238525,inf,-0.013225,0.0890704642857142,0.093954144047619,0.0001673999999999,-0.4942769999999999,2,3.0,0.0545275,2,0.0,0.0,0.0,0.0,0.0,0.0
2024-04-22,0.0770565,0.0229746064275321,neutral,0.002539165788,0.0502315,0.0609980135461363,50.0,0.1209762857142857,1.8725629077353216,0.0234064999999999,0.0796970714285714,0.099365144047619,-0.06561375,0.075754,2,2.7142857142857144,0.032952,2,0.0,0.0,0.0,0.0,0.0,0.0
2024-04-23,0.0966424999999999,0.0686128712779169,neutral,0.0239128094693749,0.0195859999999999,0.0529604334756452,50.0,0.00650125,0.2541771297684165,-0.0306455,0.0697176428571428,0.104953894047619,-0.069856,0.0782424999999999,4,3.0,0.24743575,3,0.0,0.0,0.0,0.0,0.0,0.0
2024-04-24,0.033175,0.0156813711454068,neutral,0.0041299446916666,-0.0634674999999999,0.0363012819153785,50.0,-0.0295261666666666,-0.6567245259590759,-0.0830534999999999,0.0383378571428571,0.102739894047619,-0.2196584999999999,-0.0309959999999999,3,3.142857142857143,0.1244896666666666,3,0.0,0.0,0.0,0.0,0.0,0.0
2024-04-25,0.1558757333333333,0.1494834412857761,bullish,0.0344160421721244,0.1227007333333333,0.058937713789458,50.0,-0.181203,3.698590303943732,0.1861682333333333,0.0499321047619047,0.1056312321428571,0.0811597333333333,0.0404787333333333,15,4.285714285714286,0.2207915333333333,6,0.0,0.0,0.0,0.0,0.0,0.0
2024-04-26,0.0802455,0.0783170257638784,neutral,0.0057421272435,-0.0756302333333333,0.0670138631801021,50.0,0.0722054,-0.4851956857941539,-0.1983309666666666,0.0671171761904761,0.0921038630952381,0.1202955,-0.1893831666666666,2,4.142857142857143,0.071557,2,0.0,0.0,0.0,0.0,0.0,0.0
2024-04-29,0.046167,0.0,neutral,0.000697629537,-0.0340785,0.0780236773682446,50.0,-0.1143435833333333,-0.4246780193281866,0.0415517333333333,0.0737124619047619,0.0813795059523809,0.046167,-0.150141,1,4.142857142857143,0.015111,1,0.0,0.0,0.0,0.0,0.0,0.0
2024-04-30,0.0896705,0.1531989736486508,neutral,0.015129722365375,0.0435035,0.099170202960928,50.0,-0.0194735,0.9423072757597416,0.077582,0.0826903904761904,0.0858804273809523,0.0628455,0.0630129,4,4.428571428571429,0.16872575,3,0.0,0.0,0.0,0.0,0.0,0.0
2024-05-01,0.119679,0.0,neutral,0.003808425138,0.0300084999999999,0.1269998135661018,50.0,-0.1104585714285714,0.3346529795194628,-0.013495,0.088779319047619,0.0842381952380952,0.0426224999999999,-0.02299125,1,4.285714285714286,0.031822,1,0.0,0.0,0.0,0.0,0.0,0.0
2024-05-02,0.039598,0.0899575505284404,neutral,0.0047233116654285,-0.0800809999999999,0.1071578499803232,50.0,-0.0133856923076923,-0.6691315936797599,-0.1100894999999999,0.0806301047619047,0.0751738738095238,-0.0570444999999999,-0.1269005,14,5.714285714285714,0.1192815714285714,7,0.0,0.0,0.0,0.0,0.0,0.0
2024-05-03,-0.0649535,0.0918581206236008,neutral,-0.00782023901625,-0.1045514999999999,0.1116715482668973,50.0,0.09055,-2.6403227435729075,-0.0244705,0.0666117476190476,0.0524748023809523,-0.0981285,-0.317787,2,5.571428571428571,0.1203974999999999,2,0.0,0.0,0.0,0.0,0.0,0.0
2024-05-06,0.06102,0.0692384818002243,neutral,0.0015040209599999,0.1259735,0.1010632816502291,50.0,0.0277849999999999,-1.939441292617026,0.2305249999999999,0.0530609285714285,0.0514965166666666,-0.0948557333333333,-0.013696,2,3.7142857142857144,0.024648,2,0.0,0.0,0.0,0.0,0.0,0.0
2024-05-07,0.0455482,0.0634987124058433,neutral,0.00487327479512,-0.0154718,0.0786382163395272,50.0,0.4942769999999999,-0.2535529334644378,-0.1414453,0.0481041714285714,0.0576106738095238,-0.0346973,0.0855982,5,4.142857142857143,0.1069916,3,0.0,0.0,0.0,0.0,0.0,0.0
2024-05-08,0.070673,0.1390040500221897,neutral,0.01374347794975,0.0251248,0.0907113830760597,50.0,-0.075754,0.5516090646831269,0.0405966,0.0516050285714285,0.0626587452380952,0.024506,0.070673,8,5.142857142857143,0.19446575,5,0.0,0.0,0.0,0.0,0.0,0.0
2024-05-09,0.1582656,0.1311915543081947,bullish,0.03571035361536,0.0875926,0.0989581838320105,50.0,-0.0782424999999999,1.2394068456128933,0.0624678,0.0614043285714285,0.0720473595238095,0.0685951,0.1314406,5,5.285714285714286,0.2256356,3,0.0,0.0,0.0,0.0,0.0,0.0
2024-05-10,0.1494608636363636,0.1523082435480588,neutral,0.0496557427907169,-0.0088047363636363,0.1110482084169021,50.0,0.0309959999999999,-0.055632660310493,-0.0963973363636363,0.0656588805194805,0.0772190997835497,0.0297818636363636,0.0724043636363636,22,8.285714285714286,0.332232409090909,10,0.0,0.0,0.0,0.0,0.0,0.0
2024-05-12,-0.016372,0.0,neutral,-0.001344321292,-0.1658328636363636,0.1215006400710716,50.0,-0.0404787333333333,-1.1095403813524916,-0.1570281272727272,0.0576631662337662,0.0691466354978354,-0.05597,-0.1130144999999999,1,6.428571428571429,0.082111,1,0.0,0.0,0.0,0.0,0.0,0.0
2024-05-13,0.0940855,0.1033720978033687,neutral,0.0252574675275714,0.1104575,0.131468986420453,50.0,0.1893831666666667,-6.746732225751282,0.2762903636363636,0.0803830233766233,0.0734973854978355,0.1590389999999999,0.0609105,14,8.142857142857142,0.2684522857142857,7,0.0,0.0,0.0,0.0,0.0,0.0
2024-05-14,0.106728,0.157184598420668,neutral,0.03127477266,0.0126425,0.1360141235200725,50.0,0.150141,0.134372459093059,-0.097815,0.0869127376623376,0.0699868331168831,0.045708,-0.0491477333333333,4,8.428571428571429,0.2930325,3,0.0,0.0,0.0,0.0,0.0,0.0
2024-05-15,0.1126995,0.122803022271848,neutral,0.0253194829015,0.0059715,0.1339169905109858,50.0,-0.0630129,0.0559506408814931,-0.0066709999999999,0.0965057805194805,0.0723049759740259,0.0671513,0.032454,6,8.571428571428571,0.2246636666666666,4,0.0,0.0,0.0,0.0,0.0,0.0
2024-05-16,0.2586774,0.1704881044744764,bullish,0.07889753823864,0.1459779,0.1384619557425903,50.0,0.02299125,1.295284362397349,0.1400063999999999,0.1233635519480519,0.0874842902597402,0.1880044,0.2125104,5,8.142857142857142,0.3050036,4,0.0,0.0,0.0,0.0,0.0,0.0
2024-05-17,0.08930975,0.1815981945016249,neutral,0.0274014816365,-0.16936765,0.1470892034943972,50.0,0.1269005,-0.6547446742544962,-0.31534555,0.1135127162337662,0.0874585224025974,-0.06895585,-0.00036075,4,8.0,0.306814,4,0.0,0.0,0.0,0.0,0.0,0.0
2024-05-18,0.0136475,0.0193004795924868,neutral,0.00416396143,-0.0756622499999999,0.1302748798522208,50.0,0.317787,-0.8471891366844045,0.0937054,0.0941108071428571,0.0798848438311688,-0.1358133636363636,-0.1060315,2,5.142857142857143,0.305108,2,0.0,0.0,0.0,0.0,0.0,0.0
2024-05-19,0.226334,0.0,bullish,0.113119243526,0.2126865,0.123547450210109,50.0,0.013696,15.584282835684192,0.28834875,0.1287830928571428,0.0932231295454545,0.242706,0.186736,1,5.142857142857143,0.499789,1,0.0,0.0,0.0,0.0,0.0,0.0
2024-05-20,0.1063558,0.1392265216031054,neutral,0.0223491823887999,-0.1199782,0.1276533250429234,50.0,-0.0855982,-0.5300935785167054,-0.3326647,0.1305359928571428,0.1054595081168831,0.0122702999999999,0.1713093,5,3.857142857142857,0.2101359999999999,3,0.0,0.0,0.0,0.0,0.0,0.0
2024-05-21,0.1678223636363636,0.154166057383117,bullish,0.049145436612,0.0614665636363636,0.1235728132700835,50.0,-0.070673,0.5779333485937168,0.1814447636363636,0.1392637590909091,0.1130882483766233,0.0610943636363636,0.1068023636363636,11,4.857142857142857,0.292842,6,0.0,0.0,0.0,0.0,0.0,0.0
2024-05-22,0.0680755,0.1490323140245094,neutral,0.0172826221788333,-0.0997468636363636,0.1154313431508047,50.0,-0.1314406,-0.5943597830173246,-0.1612134272727272,0.1328889019480519,0.1146973412337662,-0.044624,0.0225273,6,4.857142857142857,0.2538743333333333,4,0.0,0.0,0.0,0.0,0.0,0.0
2024-05-23,0.0196565,0.0433901934139501,neutral,0.00068843942775,-0.048419,0.1214537716061705,50.0,-0.0724043636363636,-0.711254416052765,0.0513278636363636,0.0987430590909091,0.1110533055194805,-0.2390209,-0.0510165,2,4.428571428571429,0.0350235,2,0.0,0.0,0.0,0.0,0.0,0.0
2024-05-24,0.0052913999999999,0.0894288629962385,neutral,0.0008647184714399,-0.0143651,0.1150487898841841,50.0,0.1130144999999999,-0.7308066034136291,0.0340539,0.0867404376623376,0.1001265769480519,-0.0840183499999999,-0.1529742,5,4.571428571428571,0.1634196,5,0.0,0.0,0.0,0.0,0.0,0.0
2024-05-25,0.0485495,0.0517382960726385,neutral,0.003221841919,0.0432581,0.0975511447780907,50.0,-0.0609105,8.175171032240996,0.0576232,0.0917264376623376,0.0929186224025974,0.034902,-0.1009113636363636,2,4.571428571428571,0.066362,2,0.0,0.0,0.0,0.0,0.0,0.0
2024-05-27,0.0155225,0.1353645124672637,neutral,0.00198797433625,-0.033027,0.09379083579492,50.0,0.0491477333333333,-0.6802747711098982,-0.0762851,0.061610509090909,0.0951968009740259,-0.2108115,0.0318945,6,5.285714285714286,0.1280705,5,0.0,0.0,0.0,0.0,0.0,0.0
2024-05-28,-0.0926335,0.2143035592809881,neutral,-0.01022261620925,-0.1081559999999999,0.1068450848462158,50.0,-0.0324539999999999,-6.967692059913029,-0.0751289999999999,0.0331834662337662,0.0818597295454545,-0.1989892999999999,-0.186719,2,4.857142857142857,0.1103555,2,0.0,0.0,0.0,0.0,0.0,0.0
2024-05-29,0.1318296,0.059066495763673,neutral,0.02387863820496,0.2244631,0.1099803453161603,50.0,-0.2125104,-2.4231309407503767,0.3326191,0.0280416428571428,0.0836527009740259,-0.0359927636363636,0.0251016,5,4.0,0.1811326,3,0.0,0.0,0.0,0.0,0.0,0.0
2024-05-30,0.2306195,0.2158147208147149,bullish,0.078816577974875,0.0987898999999999,0.1352575168798556,50.0,0.00036075,0.7493757092489091,-0.1256732,0.0512622142857142,0.0920755581168831,0.162544,0.11792,4,3.7142857142857144,0.34176025,3,0.0,0.0,0.0,0.0,0.0,0.0
2024-05-31,0.1403778666666666,0.1611285038337265,neutral,0.0313324802178666,-0.0902416333333333,0.1571355584320732,50.0,0.1060314999999999,-0.3913009668884605,-0.1890315333333333,0.0685081238095238,0.0836255914502164,0.1207213666666666,-0.1182995333333333,15,5.571428571428571,0.2232009999999999,6,0.0,0.0,0.0,0.0,0.0,0.0
2024-06-02,-0.10883,0.0,neutral,-0.0198621279799999,-0.2492078666666666,0.1625783199232756,50.0,-0.186736,-1.775264666604612,-0.1589662333333333,0.0522050666666666,0.0694727521645021,-0.1141214,-0.19813975,1,5.0,0.182506,1,0.0,0.0,0.0,0.0,0.0,0.0
2024-06-03,-0.0545412,0.1276635935327687,neutral,-0.01185603515712,0.0542888,0.1409183284862208,50.0,-0.1713093,-0.4988403932739135,0.3034966666666666,0.0374778238095238,0.0646021307359307,-0.1030907,-0.0681886999999999,5,5.428571428571429,0.2173776,4,0.0,0.0,0.0,0.0,0.0,0.0
2024-06-04,0.0823945,0.1012430037977933,neutral,0.01006658923475,0.1369357,0.1514624554947509,50.0,-0.1068023636363636,-2.5106836666593333,0.0826469,0.0470309666666666,0.0543207378787878,0.066872,-0.1439395,8,5.714285714285714,0.1221754999999999,4,0.0,0.0,0.0,0.0,0.0,0.0
2024-06-05,0.092876,0.0,neutral,0.007091825608,0.0104814999999999,0.1300117003880962,50.0,-0.0225273,0.1272111609391402,-0.1264542,0.0735323238095238,0.053357895021645,0.1855095,-0.0134798,1,5.571428571428571,0.076358,1,0.0,0.0,0.0,0.0,0.0,0.0
2024-06-06,0.143808,0.3030150547283088,neutral,0.022323459648,0.0509319999999999,0.177307217352957,50.0,0.0510165,0.5483870967741935,0.0404505,0.0752435238095238,0.0516425833333333,0.0119783999999999,-0.0240143636363636,2,5.142857142857143,0.155231,2,0.0,0.0,0.0,0.0,0.0,0.0
2024-06-07,0.01328,0.0,neutral,0.00046594208,-0.1305279999999999,0.177307217352957,50.0,0.1529742,-0.9076546506453048,-0.1814599999999999,0.0441950238095238,0.047728619047619,-0.2173395,-0.0547955,1,4.714285714285714,0.035086,1,0.0,0.0,0.0,0.0,0.0,0.0
2024-06-10,-0.0104958999999999,0.1340845131230051,neutral,-0.0012128411294199,-0.0237759,0.1794475238830357,50.0,0.1009113636363636,-1.790353915662651,0.1067520999999999,0.0226416285714285,0.0455748761904761,-0.1508737666666667,-0.0301524,10,4.0,0.1155538,7,0.0,0.0,0.0,0.0,0.0,0.0
2024-06-11,0.0989871428571428,0.0865083050433667,neutral,0.0131502156722448,0.1094830428571428,0.1745359576315602,50.0,-0.0318944999999999,-10.431029531259146,0.1332589428571428,0.0523297918367346,0.0522674292517006,0.2078171428571428,0.0936957428571428,7,4.857142857142857,0.1328477142857143,5,0.0,0.0,0.0,0.0,0.0,0.0
2024-06-12,0.1079104999999999,0.194847536687021,neutral,0.0341405081689999,0.0089233571428571,0.1796138523954254,50.0,0.186719,0.0901466279892049,-0.1005596857142857,0.0755371775510204,0.0565075006802721,0.1624516999999999,0.0593609999999999,4,4.714285714285714,0.316378,4,0.0,0.0,0.0,0.0,0.0,0.0
2024-06-13,0.215193,0.3780800964055103,bullish,0.0931405874355,0.1072825,0.1983801128147257,50.0,-0.0251016,0.994180362429977,0.0983591428571429,0.0945083918367346,0.0707696792517006,0.1327985,0.1996705,2,3.857142857142857,0.4328234999999999,1,0.0,0.0,0.0,0.0,0.0,0.0
2024-06-14,0.207932,0.1494852019699609,bullish,0.064433760228,-0.007261,0.1886011306457728,50.0,-0.11792,-0.0337418038690849,-0.1145435,0.1109449632653061,0.0922386435374149,0.115056,0.3005655,2,4.0,0.309879,2,0.0,0.0,0.0,0.0,0.0,0.0
2024-06-15,-0.029037,0.0,neutral,-0.001673344236,-0.236969,0.2022302850264647,50.0,0.1182995333333332,-1.1396466152395976,-0.229708,0.0862528204081632,0.0807481721088435,-0.172845,-0.1608666,1,3.857142857142857,0.057628,1,0.0,0.0,0.0,0.0,0.0,0.0
2024-06-16,0.0229665,0.0538030478737032,neutral,0.00090989828025,0.0520035,0.1940539707340488,50.0,0.1981397499999999,-1.7909391466060542,0.2889725,0.0876366061224489,0.0659158149659863,0.0096865,-0.207653,2,4.0,0.0396185,2,0.0,0.0,0.0,0.0,0.0,0.0
2024-06-17,0.027961,0.0395428254175141,neutral,0.005767767119,0.0049944999999999,0.1552277929166721,50.0,0.0681886999999999,0.2174689221257046,-0.047009,0.0931304489795918,0.0578860387755102,0.0384569,-0.1124168666666666,2,2.857142857142857,0.206279,2,0.0,0.0,0.0,0.0,0.0,0.0
2024-06-18,0.1919158571428571,0.2609341331795111,bullish,0.0449607310169795,0.1639548571428571,0.1259413021101723,50.0,0.1439395,5.863697905756487,0.1589603571428571,0.1064059795918367,0.0793678857142857,0.0929287142857142,0.3007458571428571,7,2.857142857142857,0.2342731428571428,6,0.0,0.0,0.0,0.0,0.0,0.0
2024-06-19,0.0242473333333333,0.0501581740729597,neutral,0.0018061030355555,-0.1676685238095238,0.101109545135922,50.0,0.0134798,-0.873656436240783,-0.3316233809523809,0.0944540986394558,0.0849956380952381,-0.0836631666666666,0.0787885333333333,3,2.7142857142857144,0.0744866666666666,3,0.0,0.0,0.0,0.0,0.0,0.0
2024-06-20,-0.0533223333333333,0.1590722615553489,neutral,-0.0071970575228888,-0.0775696666666666,0.1127020884198074,50.0,0.0240143636363636,-3.199100932061258,0.0900988571428571,0.0560947653061224,0.0753015785714285,-0.2685153333333334,-0.1357168333333333,3,2.857142857142857,0.1349726666666666,3,0.0,0.0,0.0,0.0,0.0,0.0
2024-06-21,0.119404,0.1815292800062843,neutral,0.0236111658673333,0.1727263333333333,0.1382473348463236,50.0,0.0547955,-3.239286852913413,0.250296,0.0434479081632653,0.0771964357142857,-0.088528,0.0265279999999999,6,3.4285714285714284,0.1977418333333333,3,0.0,0.0,0.0,0.0,0.0,0.0
2024-06-24,0.020935,0.0,neutral,0.00443675455,-0.098469,0.1303387697628208,50.0,0.0301524,-0.824670865297645,-0.2711953333333333,0.0505867653061224,0.0684197928571428,0.049972,-0.122873,2,3.5714285714285716,0.21193,2,0.0,0.0,0.0,0.0,0.0,0.0
2024-06-25,-0.0185473749999999,0.0750466220119914,neutral,-0.0026231390172968,-0.039482375,0.0931612675293168,50.0,-0.0936957428571428,-1.885950561261046,0.058986625,0.0446562117346938,0.0661464089285714,-0.041513875,-0.031827375,8,4.428571428571429,0.141429125,7,0.0,0.0,0.0,0.0,0.0,0.0
2024-06-26,0.103119375,0.1278707648201747,neutral,0.0186212709576562,0.1216667499999999,0.1087037856787598,50.0,-0.0593609999999999,-6.559782718578775,0.161149125,0.0553931224489795,0.0742617857142857,0.075158375,0.113615275,8,5.285714285714286,0.1805797499999999,4,0.0,0.0,0.0,0.0,0.0,0.0
2024-06-27,0.2274912,0.2105235782773511,bullish,0.07663391408448,0.124371825,0.1189940490231603,50.0,-0.1996705,1.2060956052148302,0.002705075,0.0604753142857142,0.0834406469387755,0.0355753428571428,0.1285040571428571,5,5.0,0.3368654,3,0.0,0.0,0.0,0.0,0.0,0.0
2024-06-28,0.0550728181818181,0.0715193179662924,neutral,0.0058962561263801,-0.1724183818181818,0.0969920566151619,50.0,-0.3005655,-0.7579123140507493,-0.2967902068181818,0.0648789549783549,0.0796665268089053,0.0308254848484848,-0.0528376818181818,11,6.142857142857143,0.107062909090909,6,0.0,0.0,0.0,0.0,0.0,0.0
2024-06-29,0.154935,0.0,bullish,0.066977006085,0.0998621818181818,0.1212400707689524,50.0,0.1608666,1.8132753164818145,0.2722805636363636,0.0946300025974026,0.0753623839517625,0.2082573333333333,-0.060258,1,5.857142857142857,0.432291,1,0.0,0.0,0.0,0.0,0.0,0.0
2024-07-01,0.14194275,0.1257647144349983,neutral,0.0225663777661875,-0.0129922499999999,0.1339195938747041,50.0,0.207653,-0.0838561332171554,-0.1128544318181817,0.097849824025974,0.0706488660946196,0.02253875,-0.06598925,4,5.571428571428571,0.15898225,3,0.0,0.0,0.0,0.0,0.0,0.0
2024-07-02,0.1299844,0.1368100276087246,neutral,0.0143501217787199,-0.01195835,0.1361544095718416,50.0,0.1124168666666666,-0.0842476984558916,0.0010338999999999,0.1134283097402597,0.0820075375231911,0.1090494,0.1590214,5,6.0,0.1103987999999999,4,0.0,0.0,0.0,0.0,0.0,0.0
2024-07-03,0.0947485,0.1377339471905891,neutral,0.02007611754225,-0.0352359,0.1179570018001511,50.0,-0.3007458571428571,-0.2710779139650604,-0.0232775499999999,0.1296134347402597,0.0871348232374768,0.1132958749999999,0.071782,6,5.714285714285714,0.2118885,4,0.0,0.0,0.0,0.0,0.0,0.0
2024-07-04,-0.0052969999999999,0.0558782408814021,neutral,-0.0002385910053333,-0.1000455,0.1140467325289285,50.0,-0.0787885333333333,-1.0559058982464102,-0.0648096,0.1141253811688311,0.0847592518089053,-0.108416375,-0.0332579999999999,3,5.0,0.0450426666666666,2,0.0,0.0,0.0,0.0,0.0,0.0
2024-07-05,0.0885239999999999,0.1417635959194038,neutral,0.0073359396179999,0.0938209999999999,0.1195901052070236,50.0,0.1357168333333333,-17.712101189352474,0.1938665,0.094272924025974,0.0773741191558441,-0.1389672,-0.1033918571428571,2,4.571428571428571,0.0828695,2,0.0,0.0,0.0,0.0,0.0,0.0
2024-07-08,0.0606535,0.0774090370456404,neutral,0.0055300373723749,-0.0278704999999999,0.109918969729152,50.0,-0.0265279999999999,-0.3148355248294248,-0.1216914999999999,0.0950701642857142,0.0799745596320346,0.0055806818181818,0.0364061666666666,4,3.5714285714285716,0.09117425,3,0.0,0.0,0.0,0.0,0.0,0.0
2024-07-09,0.2242115,0.1485382024071024,bullish,0.073145414491,0.163558,0.1122646046888276,50.0,0.1228729999999999,2.696596239293693,0.1914285,0.1049668071428571,0.0997984048701298,0.0692765,0.2775338333333333,4,4.0,0.326234,4,0.0,0.0,0.0,0.0,0.0,0.0
2024-07-10,0.1225525999999999,0.1838863158402495,neutral,0.0139391572345199,-0.1016589,0.1214950784187596,50.0,0.031827375,-0.4534062704187788,-0.2652169,0.1021967857142857,0.1000233048701298,-0.01939015,0.0031485999999999,5,4.142857142857143,0.1137402,5,0.0,0.0,0.0,0.0,0.0,0.0
2024-07-11,0.0930673333333333,0.0667386432386315,neutral,0.0110740819933333,-0.0294852666666666,0.1236671588902055,50.0,-0.113615275,-0.2405927468423081,0.0721736333333333,0.096922919047619,0.1051756143939394,-0.0369170666666666,0.0721323333333333,3,3.857142857142857,0.11899,3,0.0,0.0,0.0,0.0,0.0,0.0
2024-07-12,0.09078825,0.0380074807494086,neutral,0.013774711048875,-0.0022790833333333,0.1029159358562065,50.0,-0.1285040571428571,-0.024488542345685,0.0272061833333333,0.096357169047619,0.1129853018939393,-0.0039602499999999,0.109335625,4,3.5714285714285716,0.1517235,3,0.0,0.0,0.0,0.0,0.0,0.0
2024-07-16,-0.062326,0.0881422744884655,neutral,-0.007894709768,-0.15311425,0.1050625833447715,50.0,0.0528376818181818,-1.6864985281685678,-0.1508351666666667,0.088210169047619,0.1011677751082251,-0.057029,-0.165445375,2,3.4285714285714284,0.126668,1,0.0,0.0,0.0,0.0,0.0,0.0
2024-07-17,0.1078516666666666,0.0818764456137009,neutral,0.0294249545133333,0.1701776666666666,0.0917302319860912,50.0,0.060258,-2.7304442233845694,0.3232919166666667,0.0909712642857143,0.0926220941558441,0.0193276666666666,-0.1196395333333333,3,3.5714285714285716,0.272828,2,0.0,0.0,0.0,0.0,0.0,0.0
2024-07-18,0.091399,0.0664609663637236,neutral,0.0068470189864999,-0.0164526666666666,0.068245162090786,50.0,0.06598925,-0.1525490256679699,-0.1866303333333333,0.0953634785714285,0.0952168214285714,0.0307454999999999,0.0363261818181818,2,3.2857142857142856,0.0749135,2,0.0,0.0,0.0,0.0,0.0,0.0
2024-07-19,0.0,0.0,neutral,0.0,-0.091399,0.0686217918038246,50.0,-0.1590214,-1.0,-0.0749463333333333,0.0633332642857142,0.0841500357142857,-0.2242115,-0.154935,1,2.857142857142857,0.051551,1,0.0,0.0,0.0,0.0,0.0,0.0
2024-07-22,0.023536,0.1337488288060871,neutral,0.0016926934293333,0.023536,0.0925571288179943,50.0,-0.071782,inf,0.114935,0.0491880357142857,0.0756924107142857,-0.0990165999999999,-0.11840675,3,2.5714285714285716,0.0719193333333333,3,0.0,0.0,0.0,0.0,0.0,0.0
2024-07-23,-0.0021805999999999,0.0936047889869957,neutral,-0.0004448157966799,-0.0257166,0.0939227574426268,50.0,0.0332579999999999,-1.0926495581237252,-0.0492526,0.0355811880952381,0.0662520535714285,-0.0952479333333333,-0.132165,5,2.857142857142857,0.2039878,2,0.0,0.0,0.0,0.0,0.0,0.0
2024-07-24,0.082716,0.0826008541037359,neutral,0.010781803131,0.0848965999999999,0.0941038595651356,50.0,0.1033918571428571,-38.932679079152585,0.1106132,0.0344280095238095,0.0653925892857142,-0.00807225,-0.0120325,4,2.857142857142857,0.13034725,2,0.0,0.0,0.0,0.0,0.0,0.0
2024-07-25,0.2223097692307692,0.1857579433654426,bullish,0.0715595652297159,0.1395937692307692,0.1239281038155653,50.0,-0.0364061666666666,1.6876271728658208,0.0546971692307692,0.0750902622710622,0.0816502156593406,0.2846357692307692,0.2276067692307692,13,4.428571428571429,0.3218912307692307,5,0.0,0.0,0.0,0.0,0.0,0.0
2024-07-26,0.0288818333333333,0.120469865379549,neutral,0.0055784731583055,-0.1934279358974359,0.123236456128362,50.0,-0.2775338333333333,-0.8700829323278525,-0.3330217051282051,0.0638088575091575,0.0773900608974359,-0.0789698333333333,-0.0596421666666666,6,4.857142857142857,0.1931481666666666,3,0.0,0.0,0.0,0.0,0.0,0.0
2024-07-27,0.116889,0.0,neutral,0.00611797026,0.0880071666666666,0.1206083629589308,50.0,-0.0031485999999999,3.0471461299201925,0.2814351025641026,0.067450286080586,0.0814068823260073,0.02549,0.0562355,1,4.714285714285714,0.05234,1,0.0,0.0,0.0,0.0,0.0,0.0
2024-07-29,0.0116576666666666,0.1261828625540463,neutral,0.0031293374093333,-0.1052313333333333,0.1287528813506934,50.0,-0.0721323333333333,-0.9002672050691967,-0.1932385,0.069115667032967,0.0662244656593406,0.0116576666666666,-0.2125538333333333,3,5.0,0.268436,2,0.0,0.0,0.0,0.0,0.0,0.0
2024-07-30,0.0085375,0.1018201376103961,neutral,0.000799782328125,-0.0031201666666666,0.1335577022273585,50.0,-0.109335625,-0.2676493294827441,0.1021111666666666,0.0669730241758241,0.0580805299450549,-0.0149985,-0.1140150999999999,4,5.142857142857143,0.09367875,2,0.0,0.0,0.0,0.0,0.0,0.0
2024-07-31,0.0632983333333333,0.0502260423717948,neutral,0.0050829405644444,0.0547608333333333,0.0996747269789465,50.0,0.165445375,6.414153245485602,0.057881,0.0763271575091575,0.0559541728021978,0.0654789333333333,-0.029769,3,4.857142857142857,0.0803013333333333,3,0.0,0.0,0.0,0.0,0.0,0.0
2024-08-01,0.1231044285714285,0.1830624597151267,neutral,0.0279500163624897,0.0598060952380952,0.1153228755628409,50.0,0.1196395333333333,0.9448289092092248,0.0050452619047619,0.0820969330193615,0.0582624712715855,0.0403884285714285,0.0323161785714285,7,5.285714285714286,0.2270431428571428,3,0.0,0.0,0.0,0.0,0.0,0.0
2024-08-02,0.16769,0.0,bullish,0.03257244098,0.0445855714285714,0.1153228755628409,50.0,-0.0363261818181818,0.3621768278035722,-0.0152205238095238,0.0742941088435374,0.0746921855572998,-0.0546197692307692,0.230016,1,3.5714285714285716,0.194242,1,0.0,0.0,0.0,0.0,0.0,0.0
2024-08-03,0.301509,0.0,bullish,0.085888155249,0.133819,0.1117028798991058,50.0,0.154935,0.7980141928558651,0.0892334285714285,0.1132408469387755,0.0885248522239665,0.2726271666666667,0.1936573333333333,1,2.857142857142857,0.284861,1,0.0,0.0,0.0,0.0,0.0,0.0
2024-08-05,0.09178075,0.0687888683406213,neutral,0.0116221275369374,-0.20972825,0.1006924568091809,50.0,0.11840675,-0.6955953221960207,-0.3435472500000001,0.1096539540816326,0.0885521200811093,-0.02510825,0.00038175,4,3.2857142857142856,0.12662925,1,0.0,0.0,0.0,0.0,0.0,0.0
2024-08-06,0.0924224999999999,0.0874740585802442,neutral,0.00672724893,0.0006417499999999,0.1131084622119974,50.0,0.1321649999999999,0.0069922069715053,0.21037,0.1211917874149659,0.0951537272239665,0.0807648333333333,0.0924224999999999,2,3.142857142857143,0.072788,2,0.0,0.0,0.0,0.0,0.0,0.0
2024-08-08,0.123462875,0.1468672607643062,neutral,0.0279930000073593,0.031040375,0.1010433958950572,50.0,0.0120325,0.335853011983013,0.030398625,0.1376096981292517,0.1022913611525379,0.114925375,0.099926875,8,3.7142857142857144,0.2267321249999999,4,0.0,0.0,0.0,0.0,0.0,0.0
2024-08-09,0.1383416,0.1410085651983595,neutral,0.04794031702928,0.014878725,0.1110346882208828,50.0,-0.2276067692307692,0.1205117327779707,-0.01616165,0.1483301647959183,0.1123286611525379,0.0750432666666666,0.1405222,5,4.0,0.3465358,3,0.0,0.0,0.0,0.0,0.0,0.0
2024-08-11,0.05977,0.0,neutral,0.0032125777299999,-0.0785716,0.1110346882208828,50.0,0.0596421666666666,-0.5679535295240188,-0.093450325,0.1392823892857143,0.1106896611525379,-0.0633344285714285,-0.022946,1,3.142857142857143,0.053749,1,0.0,0.0,0.0,0.0,0.0,0.0
2024-08-12,0.08750775,0.0286396557751078,neutral,0.0045366861601874,0.02773775,0.1009973850795044,50.0,-0.0562355,0.4640747866822821,0.10630935,0.1278277821428571,0.1010609454931972,-0.08018225,-0.1348020192307692,4,3.5714285714285716,0.05184325,3,0.0,0.0,0.0,0.0,0.0,0.0
2024-08-13,-0.12446,0.0,neutral,-0.0080646346199999,-0.21196775,0.1055051605792578,50.0,0.2125538333333333,-2.4222740271575947,-0.2397055,0.0669750678571428,0.0901079573979591,-0.425969,-0.1533418333333333,1,3.5714285714285716,0.064797,1,0.0,0.0,0.0,0.0,0.0,0.0
2024-08-14,0.1251855,0.0681262028334179,neutral,0.0254964055995,0.2496455,0.0792581412689617,50.0,0.1140150999999999,-2.0058291820665275,0.46161325,0.0717471749999999,0.0907005645408163,0.03340475,0.0082964999999999,2,3.2857142857142856,0.203669,2,0.0,0.0,0.0,0.0,0.0,0.0
2024-08-15,0.1418805,0.0439940626050834,neutral,0.0290476913467499,0.0166949999999999,0.0469199737378697,50.0,0.029769,0.1333620906574641,-0.2329505,0.0788126035714285,0.1000021954931972,0.049458,0.1302228333333333,2,3.2857142857142856,0.2047334999999999,2,0.0,0.0,0.0,0.0,0.0,0.0
2024-08-16,0.0103,0.0458601174006347,neutral,0.0013606609,-0.1315805,0.0466550096535609,50.0,-0.0323161785714285,-0.9274036953633517,-0.1482754999999999,0.0626464785714285,0.1001280883503401,-0.113162875,0.0017625,2,2.4285714285714284,0.132103,2,0.0,0.0,0.0,0.0,0.0,0.0
2024-08-18,0.09514,0.0,neutral,0.0052673309599999,0.08484,0.0526601276130453,50.0,-0.230016,8.236893203883493,0.2164205,0.0564748214285714,0.1024024931122449,-0.0432016,0.0318416666666666,1,1.8571428571428572,0.055364,1,0.0,0.0,0.0,0.0,0.0,0.0
2024-08-19,0.1774984999999999,0.1672583309150847,bullish,0.0172133607837499,0.0823584999999999,0.0813096784385552,50.0,-0.1936573333333333,0.865655875551818,-0.0024815,0.0732931785714285,0.1062877839285714,0.1177284999999999,0.0543940714285714,2,2.0,0.0969775,1,0.0,0.0,0.0,0.0,0.0,0.0
2024-08-20,0.07494875,0.1234523694584946,neutral,0.0127016583484375,-0.1025497499999999,0.0951412200948244,50.0,-0.00038175,-0.5777499528165025,-0.1849082499999999,0.0714990357142857,0.0996634089285714,-0.0125589999999999,-0.09274125,4,2.0,0.16947125,4,0.0,0.0,0.0,0.0,0.0,0.0
2024-08-21,0.230074,0.0,bullish,0.054967669562,0.15512525,0.1121902725914047,50.0,-0.0924224999999999,2.0697509965142844,0.257675,0.12214675,0.0945609089285714,0.354534,-0.071435,1,2.0,0.238913,1,0.0,0.0,0.0,0.0,0.0,0.0
2024-08-22,0.018805,0.0325712154363327,neutral,0.00059359863,-0.211269,0.107760638603304,50.0,-0.099926875,-0.9182654276450186,-0.36639425,0.1069495357142857,0.0893483553571428,-0.1063805,-0.0729757499999999,3,2.142857142857143,0.031566,2,0.0,0.0,0.0,0.0,0.0,0.0
2024-08-24,0.190308,0.0,bullish,0.033225302796,0.171503,0.107760638603304,50.0,-0.1405222,9.120074448285033,0.382772,0.11386775,0.0963401767857142,0.0484275,0.0978855,1,2.0,0.174587,1,0.0,0.0,0.0,0.0,0.0,0.0
2024-08-25,0.01298,0.0,neutral,0.00070081616,-0.177328,0.0780117924474137,50.0,0.0229459999999999,-0.931794774786136,-0.348831,0.1142506071428571,0.0884485428571428,0.0026799999999999,-0.110482875,1,1.8571428571428572,0.053992,1,0.0,0.0,0.0,0.0,0.0,0.0
2024-08-26,0.040066,0.11067265017519,neutral,0.0027313726743333,0.027086,0.0716219328057614,50.0,0.1348020192307692,2.086748844375963,0.204414,0.1063828928571428,0.0814288571428571,-0.055074,-0.0982756,6,2.5714285714285716,0.0681718333333333,3,0.0,0.0,0.0,0.0,0.0,0.0
2024-08-27,0.0405772499999999,0.1628548793565915,neutral,0.005280297253875,0.0005112499999999,0.1020329149893714,50.0,0.1533418333333333,0.0127601956771326,-0.02657475,0.0868227142857142,0.0800579464285714,-0.13692125,-0.01919275,4,2.857142857142857,0.1301295,3,0.0,0.0,0.0,0.0,0.0,0.0
2024-08-28,0.054607,0.0,neutral,0.006353415236,0.01402975,0.1367637647658908,50.0,-0.0082964999999999,0.3457540863414847,0.0135185,0.08391675,0.0777078928571428,-0.02034175,-0.0329007499999999,1,2.4285714285714284,0.116348,1,0.0,0.0,0.0,0.0,0.0,0.0
2024-08-29,0.040933,0.0,neutral,0.001153819404,-0.013674,0.1367637647658908,50.0,-0.1302228333333333,-0.2504074569194426,-0.02770375,0.0568966071428571,0.0895216785714285,-0.189141,0.165393,1,2.4285714285714284,0.028188,1,0.0,0.0,0.0,0.0,0.0,0.0
2024-08-30,-0.043562,0.0,neutral,-0.000912972396,-0.0844949999999999,0.1367637647658908,50.0,-0.0017625,-2.0642269073852395,-0.0708209999999999,0.0479870357142857,0.0774682857142857,-0.0623669999999999,-0.1687475,1,2.142857142857143,0.020958,1,0.0,0.0,0.0,0.0,0.0,0.0
2024-09-02,0.0514952,0.0356779240455495,neutral,0.009205796904,0.0950572,0.0992664017010705,50.0,-0.0318416666666666,-2.1821128506496485,0.1795522,0.0281566357142857,0.0710121928571428,-0.1388128,-0.0903853,5,2.7142857142857144,0.17877,4,0.0,0.0,0.0,0.0,0.0,0.0
2024-09-03,0.199706,0.1483261976894169,bullish,0.082280669354,0.1482108,0.0920020608674832,50.0,-0.0543940714285714,2.87814786620889,0.0531536,0.0548317785714285,0.0845411928571428,0.186726,0.189406,3,3.0,0.412009,2,0.0,0.0,0.0,0.0,0.0,0.0
2024-09-04,0.1778988,0.1723897870255079,bullish,0.0376452718072799,-0.0218072,0.1187979695868248,50.0,0.09274125,-0.1091965188827577,-0.170018,0.0745221785714285,0.0904525357142857,0.1378328,0.0827588,5,2.857142857142857,0.2116105999999999,3,0.0,0.0,0.0,0.0,0.0,0.0
2024-09-05,0.0946923333333333,0.1039373407273183,neutral,0.0089722406218333,-0.0832064666666666,0.1150828123719481,50.0,0.071435,-0.4677179759878463,-0.0613992666666666,0.0822529047619047,0.0845378095238095,0.0541150833333333,-0.0828061666666666,6,3.142857142857143,0.0947515,3,0.0,0.0,0.0,0.0,0.0,0.0
2024-09-06,0.0554044999999999,0.1214505394162578,neutral,0.0111451969222499,-0.0392878333333333,0.1163563577808101,50.0,0.0729757499999999,-0.4148998334958479,0.0439186333333333,0.0823668333333333,0.0831417916666666,0.0007974999999999,-0.01954425,2,3.2857142857142856,0.2011605,1,0.0,0.0,0.0,0.0,0.0,0.0
2024-09-09,0.12106025,0.1272643093798437,neutral,0.008765791112125,0.06565575,0.1346736348476689,50.0,-0.0978855,1.1850255845644306,0.1049435833333333,0.0938135833333333,0.0753550952380952,0.08012725,-0.10901375,8,4.285714285714286,0.0724085,3,0.0,0.0,0.0,0.0,0.0,0.0
2024-09-10,0.0518683333333333,0.00244307313303,neutral,0.0033146631311111,-0.0691919166666666,0.1054970099363915,50.0,0.110482875,-0.57154942821171,-0.1348476666666666,0.107446488095238,0.0777167619047619,0.0954303333333333,0.0330633333333333,3,4.571428571428571,0.0639053333333333,3,0.0,0.0,0.0,0.0,0.0,0.0
2024-09-11,0.0425118333333333,0.0707774750530053,neutral,0.0069824410895,-0.0093564999999999,0.085174547541891,50.0,0.0982756,-0.1803894476398573,0.0598354166666666,0.10616315,0.0671598928571428,-0.0089833666666666,-0.1477961666666666,12,5.571428571428571,0.164247,5,0.0,0.0,0.0,0.0,0.0,0.0
2024-09-12,0.1407396666666666,0.0239115241323788,neutral,0.0333750983797777,0.0982278333333333,0.0691693842229031,50.0,0.0191927499999999,2.3105997937829077,0.1075843333333333,0.097739388095238,0.0762855833333333,-0.0589663333333333,0.1277596666666667,3,5.571428571428571,0.2371406666666666,3,0.0,0.0,0.0,0.0,0.0,0.0
2024-09-13,0.1119896666666666,0.1243132850633833,neutral,0.0237566044126296,-0.02875,0.0697419333523282,50.0,0.0329007499999999,-0.2042778747522022,-0.1269778333333333,0.0883237976190476,0.0814229880952381,-0.0659091333333333,0.0719236666666666,9,6.142857142857143,0.2121321111111111,5,0.0,0.0,0.0,0.0,0.0,0.0
2024-09-14,0.114972,0.0,neutral,0.006625606416,0.0029823333333333,0.0553613393454493,50.0,-0.165393,0.0266304331649647,0.0317323333333333,0.0912208928571428,0.0867368988095238,0.0202796666666666,0.07439475,1,5.428571428571429,0.057628,1,0.0,0.0,0.0,0.0,0.0,0.0
2024-09-16,0.1966195,0.1512855750922737,bullish,0.071441449550625,0.0816475,0.0925719648352602,50.0,0.1687475,0.7101511672407195,0.0786651666666666,0.1113944642857142,0.0968806488095238,0.141215,0.1420124999999999,4,5.714285714285714,0.36334875,2,0.0,0.0,0.0,0.0,0.0,0.0
2024-09-17,-0.029482,0.0227691573991368,neutral,-0.0013647438915,-0.2261015,0.0805698854217931,50.0,0.0903853,-1.1499444358265585,-0.307749,0.0898884285714285,0.0918510059523809,-0.15054225,-0.070415,4,5.142857142857143,0.04629075,2,0.0,0.0,0.0,0.0,0.0,0.0
2024-09-18,-0.0325323333333333,0.0883579424009711,neutral,-0.0060389770366666,-0.0030503333333333,0.0966814899889412,50.0,-0.189406,0.103464260678832,0.2230511666666667,0.0778311904761904,0.0926388392857142,-0.0844006666666666,0.0110296666666666,3,5.142857142857143,0.18563,2,0.0,0.0,0.0,0.0,0.0,0.0
2024-09-19,0.1776766666666666,0.1586437175003578,bullish,0.0441730844833333,0.210209,0.1052640980981848,50.0,-0.0827588,-6.461540826049982,0.2132593333333333,0.0971404523809523,0.1016518011904762,0.1351648333333333,0.1261814666666667,3,3.857142857142857,0.248615,2,0.0,0.0,0.0,0.0,0.0,0.0
2024-09-20,0.0077008181818181,0.0288611572907885,neutral,0.0014152451642644,-0.1699758484848485,0.0899835099367056,50.0,0.0828061666666666,-0.956658247105314,-0.3801848484848485,0.0781349025974025,0.0879371453463203,-0.1330388484848485,-0.1920051818181818,11,5.0,0.1837785454545454,4,0.0,0.0,0.0,0.0,0.0,0.0
2024-09-23,0.1678803999999999,0.267046215682417,bullish,0.0524699110093599,0.1601795818181818,0.1131356380547342,50.0,0.01954425,20.80033290441393,0.3301554303030303,0.086119293073593,0.0872215453463203,0.0558907333333333,-0.0100184,5,4.428571428571429,0.3125433999999999,2,0.0,0.0,0.0,0.0,0.0,0.0
2024-09-24,0.1794059999999999,0.1679181160000314,bullish,0.0355648474199999,0.0115255999999999,0.1421654297749132,50.0,0.10901375,0.0686536367556902,-0.1486539818181818,0.0953241502164502,0.0932725215367965,0.0644339999999999,0.0847136666666666,3,4.714285714285714,0.1982366666666666,2,0.0,0.0,0.0,0.0,0.0,0.0
2024-09-25,0.0402622,0.1795372301563104,neutral,0.008876003301,-0.1391437999999999,0.160401287325981,50.0,-0.0330633333333333,-0.7755805268497151,-0.1506693999999999,0.072987393073593,0.0921909286796536,-0.1563573,-0.0151422999999999,5,4.857142857142857,0.2204549999999999,1,0.0,0.0,0.0,0.0,0.0,0.0
2024-09-26,0.1292067142857142,0.1013221126831227,neutral,0.0381282922683469,0.0889445142857142,0.148936966362534,50.0,0.1477961666666666,2.209131996903157,0.2280883142857142,0.0956572094001236,0.0927728189857761,0.1586887142857143,0.0081464642857142,7,5.285714285714286,0.2950952857142857,3,0.0,0.0,0.0,0.0,0.0,0.0
2024-09-27,0.019696125,0.0282745627347141,neutral,0.0033945360491718,-0.1095105892857142,0.1488196474513191,50.0,-0.1277596666666666,-0.8475611340410217,-0.1984551035714285,0.103118417733457,0.0904748041048237,0.0522284583333333,-0.0321722083333333,8,6.0,0.172345375,2,0.0,0.0,0.0,0.0,0.0,0.0
2024-09-29,0.143562,0.0282745627347141,neutral,0.006747270438,0.1238658749999999,0.0,0.0,0.0027790420673076,6.288844887001884,0.0,0.0,0.0,0.0,0.0,1,0.0,0.046999,1,0.143562,0.0,0.143562,0.0,0.0,0.143562
2024-09-30,0.4245394999999999,0.0058824213126909,bullish,0.2142977751915,0.2809775,0.0,0.0,0.0122541466592378,1.9571857455315471,-4.331659141470336,0.0,0.0,0.0,0.0,2,0.0,0.504777,2,0.0,0.0,0.4245394999999999,0.4245394999999999,0.4245394999999999,0.0
2024-10-02,-0.002789,0.0058824213126909,neutral,-0.000474896975,-0.4273284999999999,0.0,0.0,0.0008347592196962,-1.0065694711563942,-2.9637552166879413,0.0,0.0,0.0,0.0,1,0.0,0.170275,1,0.0,0.0,-0.002789,-0.002789,0.0,0.0
2024-10-03,-0.0629135,0.086863118321299,neutral,-0.0078392108404999,-0.0601245,0.0,0.0,-0.0077804311171756,21.557726783793473,22.564296254949863,0.0,0.0,0.0,0.0,2,0.0,0.1246029999999999,2,0.0,0.0,-0.0629135,-0.0629135,0.0,0.0
2024-10-04,0.1398102,0.2481339308945876,neutral,0.04169914712508,0.2027237,0.0,0.0,-0.0041444985186311,-3.22226072305626,-24.779987506849732,0.0,0.0,0.0,0.0,3,0.0,0.2982554,5,0.560471,0.0,0.1487135,0.293173,0.0,0.0
2024-10-05,0.098369,0.2481339308945876,neutral,0.010841149121,-0.0414412,0.1590844363084079,0.0,-0.00361870817183,-0.2964104192684083,2.925850303787852,0.1086106178571428,0.0,-0.0092477848214285,0.0,1,1.7142857142857142,0.110209,1,0.0,0.0,0.098369,0.098369,0.0,0.0
2024-10-07,0.0219476666666666,0.1129921161069803,neutral,0.0028009831676666,-0.0764213333333333,0.1588768407271738,0.0,-0.0068425495681443,-0.7768843165360361,-0.4804738972676278,0.1089322666666666,0.0,-0.0312351714285714,0.0,3,1.8571428571428572,0.127621,3,0.0837985,-0.101754,0.0219476666666666,0.0837985,0.0,0.0
2024-10-08,0.1166189999999999,0.115211904923059,neutral,0.0151544446849999,0.0946713333333333,0.1582230845716929,0.0,-0.0042738973501615,4.313503333687711,5.0903876502237475,0.1050832666666666,0.0,-0.0254644880952381,0.0,2,2.0,0.1299483333333333,3,0.058334,0.0,0.1166189999999999,0.173521,0.0,0.0
2024-10-09,-0.0746333333333333,0.0896914102371756,neutral,-0.0162899440111111,-0.1912523333333333,0.0864646569965427,0.0,-0.0122408662646922,-1.6399757615254231,-5.953479095213135,0.0337728619047619,0.0,0.0009167666666666,0.0,2,2.0,0.2182663333333333,3,0.0,0.0,-0.0746333333333333,-0.124379,0.0,0.0
2024-10-10,0.0602412499999999,0.2575597658568783,neutral,0.0164281955034375,0.1348745833333333,0.0852966222942745,0.0,-0.0106407358270654,-1.8071627958910228,-0.1671870343655994,0.0427771833333333,0.0,-0.0014704577380952,0.0,3,2.2857142857142856,0.27270675,4,0.0,0.329935,0.0042203333333333,0.0042203333333333,0.0,0.0
2024-10-11,0.08293675,0.1276325167512182,neutral,0.036337617366375,0.0226955,0.0719449483445766,0.0,-0.00807614963697,0.3767435104683254,2.183906306359348,0.0636129333333333,0.0,-0.0122663160714285,0.0,2,2.2857142857142856,0.4381365,4,0.249318,0.249318,0.08293675,-0.045927,0.0,0.0
2024-10-13,0.087308,0.1276325167512182,neutral,0.0032439287399999,0.0043712499999999,0.0650872533475872,0.0,-0.0058201257051004,0.0527058270308395,-0.3240376834374858,0.056112619047619,0.0,0.0011577648809523,0.0,1,2.0,0.037155,1,0.087308,0.0,0.087308,0.087308,0.0,0.0
2024-10-14,0.0836985,0.2234310067000549,neutral,0.0188874872085,-0.0036095,0.063721707659691,51.922735652088846,-0.0042650632504702,-0.0413421450497091,-0.0940479720805487,0.0540168333333333,0.0813137255952381,0.0101500208333333,-0.0057682862087912,2,2.142857142857143,0.225661,4,0.0,-0.173833,0.2279244999999999,0.0832813333333333,0.0,0.0
2024-10-15,0.1363555714285714,0.1228019473079276,neutral,0.0321244765776734,0.0526570714285714,0.0686101198366126,53.39716025073096,8.686130161979222e-05,0.6291280181672481,0.6704701632169572,0.0703608197278911,0.0896465431972789,0.014390718962585,-0.0062270115122972,4,2.2857142857142856,0.2355934285714285,7,0.086424,0.0,0.210279,0.0,0.0134745,0.0
2024-10-16,0.1229484999999999,0.028330233188239,neutral,0.00517852934575,-0.0134070714285714,0.06935898513526,49.3584565989602,0.0025748485732896,-0.0983243389918584,-0.7274523571591065,0.0712650340136054,0.088174150340136,0.0266334247448979,-0.0034980943903715,1,2.142857142857143,0.0421195,2,0.0,0.0,0.0,0.0,0.0,0.0
2024-10-17,0.1384948888888889,0.0807514104527661,neutral,0.0338621849931851,0.0155463888888889,0.0305735217819882,39.335641052837715,0.0054024133381435,0.126446348584073,0.2247706875759314,0.1017119229024943,0.0677423924036281,0.0129939995748299,0.0090286085679399,4,2.4285714285714284,0.2445013333333333,9,0.176528,0.0,0.1692763333333333,0.2546675,0.0,0.0
2024-10-18,0.0997605,0.1142701992107595,neutral,0.0272985629804999,-0.0387343888888888,0.0247296131025154,55.383005439396186,0.0050593517410157,-0.279680999058128,-0.406127347642201,0.1073575300453514,0.0750673566893424,0.0068605367063491,0.0076182009035409,3,2.4285714285714284,0.2736409999999999,4,0.047043,0.0,0.0997605,0.037861,0.0,0.0
2024-10-21,0.2432579999999999,0.1415108220684905,bullish,0.1163364843455999,0.1434974999999999,0.0545741735417077,64.77799825336679,0.0139393616787192,1.4384200159381717,1.7181010149962996,0.1302605657596371,0.0969367495464852,0.0179326184807256,0.0078748284039769,4,2.7142857142857144,0.4782432,5,0.259902,0.0,0.2432579999999999,0.29598125,0.29598125,0.0
2024-10-23,-0.124495,0.1415108220684905,neutral,-0.00811084925,-0.367753,0.1114427158420068,38.99583406516105,-0.0033563462037451,-1.5117817296861769,-2.9502017456243483,0.1000029943310657,0.0780578066893424,-0.0154987015306122,0.0029616174428745,1,2.7142857142857144,0.06515,1,0.0,-0.124495,-0.124495,-0.124495,0.0,0.0
2024-10-24,0.066747,0.0694619275430793,neutral,0.0092627815515,0.191242,0.1120386448434326,48.82945059999451,-0.0040268209267405,-1.5361420137354913,-0.0243602840493144,0.0975813514739229,0.0757990924036281,-0.0213910572562358,0.003308051316937,2,2.7142857142857144,0.1387745,2,0.01763,0.0,0.066747,0.115864,0.0,0.115864
2024-10-25,0.2532006666666666,0.1107050550087935,bullish,0.075966698817111,0.1864536666666666,0.1265434590344914,57.9154726127956,0.0080086899732556,2.793438906118127,4.329580919853618,0.1142735079365079,0.0923171638321995,0.000821615079365,0.0066013459968602,5,2.857142857142857,0.3000256666666666,9,0.0,0.154682,0.2139728333333333,0.270450875,0.2111433333333333,0.0
2024-10-26,0.062863,0.1107050550087935,neutral,0.003480347132,-0.1903376666666666,0.1278876554588566,48.27310146729479,0.0043166989973432,-0.7517265620680303,-3.5451654681861573,0.105689865079365,0.0884774495464852,-0.003447369047619,0.0065609578929007,1,2.857142857142857,0.055364,1,0.062863,0.0,0.062863,0.062863,0.0,0.0
2024-10-28,0.21374925,0.1847433135756654,bullish,0.0496944028205625,0.15088625,0.1341163327912599,59.51088588100565,0.0117712228650274,2.4002394095095685,3.151965971577599,0.116440488095238,0.1090762054988662,0.0128168541666666,0.004762873635095,2,2.5714285714285716,0.2324892499999999,4,0.0,0.3133215,0.186747,0.21374925,0.0,0.3133215
2024-10-30,0.0,0.1847433135756654,neutral,0.0,-0.21374925,0.1412925881681377,48.11148911667494,0.0025729505141498,-1.0,-3.4002394095095685,0.102188988095238,0.1047732590702947,-0.0020417678571428,3.646703296703349e-05,1,2.2857142857142856,0.087824,1,0.0,0.0,0.0,0.0,0.0,0.0
2024-10-31,0.171456,0.1114640703455602,bullish,0.039575731104,0.171456,0.1316197311447191,52.53825770010314,0.007421451346907,inf,inf,0.0919315595238095,0.1110960626417233,0.0255324136904762,0.0012218032879818,2,2.0,0.2308215,2,0.0,0.0,0.250273,0.171456,0.0,0.0
2024-11-01,0.1966804999999999,0.005663218210523,bullish,0.0429457772165,0.0252244999999999,0.0942851733739181,53.09915378782023,0.0129003614332551,0.147119377566256,-inf,0.1378137738095238,0.1189083840702947,0.0058374345238095,0.0028828510814582,2,2.142857142857143,0.218353,2,0.0,0.0,0.1966804999999999,0.192676,0.0,0.0
2024-11-03,0.185295,0.0101384970286527,bullish,0.027345280215,-0.0113854999999999,0.0899393154887137,52.86618421630294,0.0162079572940871,-0.0578883010771276,-0.2050076786433836,0.1547492023809523,0.1261652769274376,0.0007723124999999,0.0036188461276818,1,2.0,0.147577,2,0.0,0.0,0.192464,0.0,0.0,0.0
2024-11-04,-0.119118,0.0101384970286527,neutral,-0.007211522838,-0.304413,0.1251945216220803,43.68916270383257,-0.0033439221246593,-1.6428559864000647,-1.584967685322937,0.1015608214285714,0.1079171646825396,-0.0145061071428571,-0.0030533037240537,1,1.4285714285714286,0.060541,1,0.0,-0.119118,-0.119118,-0.119118,0.0,0.0
2024-11-05,0.0093689999999999,0.0217435335214863,neutral,0.0009178528229999,0.128487,0.1295086991107092,47.34523888981661,-0.0092365080132198,-1.0786531002871105,0.5642028861129544,0.0939188214285714,0.0998043432539682,-0.0299120625,-0.005373427045177,2,1.5714285714285714,0.097967,2,0.0,0.024744,0.0093689999999999,0.024744,0.0,0.0
2024-11-06,0.0343772857142857,0.0859773429839014,neutral,0.0029874008616938,0.0250082857142857,0.1191809219490359,47.5771142610536,-0.0119027396244369,2.6692588018236436,3.747911902110754,0.0682942551020408,0.0923673715986394,-0.0191728801020408,-0.0059672590528519,4,1.8571428571428572,0.0869004285714285,7,0.0086643333333333,0.1183925,0.0343772857142857,0.053662,0.136652,0.0
2024-11-07,0.1065805,0.2238509150405689,neutral,0.0167385741055,0.0722032142857143,0.1157608975099505,50.15627170838202,-0.0085333918555813,2.1003174853827904,-0.5689413164408532,0.0835200408163265,0.0928545144557823,-0.0248271045918367,-0.0053174401622187,1,1.8571428571428572,0.157051,2,-0.051706,0.0,0.0,0.0,0.0,0.0
2024-11-08,0.0631106666666666,0.0841289848645122,neutral,0.0097001936142222,-0.0434698333333333,0.1090950374969408,45.67383888543567,-0.0090202748494016,-0.4078591612286801,-2.5081766466114708,0.0680421360544217,0.0799868477891156,-0.0144515433673469,-0.0012089077184719,3,2.0,0.1537013333333333,3,0.0,0.0,0.0365935,0.0365935,0.0,0.0
2024-11-11,0.011635,0.0769219040845973,neutral,0.0022989596499999,-0.0514756666666666,0.0941210289538465,53.85464462543763,-0.0131298473905435,-0.8156413073331502,-0.40778214610447,0.0416070646258503,0.089710419217687,-0.0021182559523809,-0.0099029774725274,2,2.0,0.19759,2,0.0,0.0,0.011635,-0.042757,0.0,0.0
2024-11-12,0.069447,0.0671015838263151,neutral,0.0054169701705,0.0578119999999999,0.0723005261356656,50.08270225218653,-0.0118654978294322,4.968801031370863,5.784442338704014,0.025057350340136,0.0899032763605442,0.0213914421768707,-0.0112389681057038,3,2.2857142857142856,0.0780015,4,0.068705,-0.025195,0.069447,0.069447,-0.025195,0.0
2024-11-13,0.1569846666666666,0.1572255088283492,bullish,0.0475214040571111,0.0875376666666666,0.0533730556309712,46.86275191765821,-0.0041570200580658,1.2604960137466945,-3.708305017624169,0.0645005884353741,0.0830307049319727,0.0149300331632653,-0.0039389265044479,2,2.4285714285714284,0.3027136666666666,3,0.309949,0.0,0.2375675,0.165186,0.0,0.0
2024-11-14,0.0268346666666666,0.0514917790946606,neutral,0.0055168317813333,-0.13015,0.0507079045808265,48.77725662248153,-0.0079087177742832,-0.8290618616680185,-2.089557875414713,0.0669956836734693,0.0804572525510204,0.0030184574829931,-0.0062093969911041,3,2.5714285714285716,0.2055859999999999,3,0.0,0.0,0.0248725,0.030759,0.0,0.0
2024-11-15,-0.0372891111111111,0.1011555240439745,neutral,-0.0052405246676296,-0.0641237777777777,0.0639079851900218,40.94701980983433,-0.0156165998182717,-2.3895872668852896,-1.560525405217271,0.0567576269841269,0.0625259410430839,-0.0128146845238095,-0.0051793371358799,3,2.4285714285714284,0.1405376666666666,9,-0.0587098,-0.061914,-0.04503225,-0.1158983333333333,0.0,0.0
2024-11-18,0.1887107499999999,0.1383597827679103,bullish,0.0520800153634999,0.2259998611111111,0.0800739928657595,56.745710399751424,-0.0042652322741817,-6.060746807229992,-3.6711595403447026,0.0684905198412698,0.0760052803287981,0.0084407033730158,-0.0036353516396302,2,2.5714285714285716,0.275978,4,0.0,0.0,0.2921215,0.2921215,0.2921215,0.0
2024-11-19,-0.119169,0.1383597827679103,neutral,-0.0073256759369999,-0.30787975,0.107169386741779,40.534436268207855,-0.018850654771057,-1.631490256914352,4.429256550315641,0.0424505674603174,0.0552463517573696,-0.0124342242063492,-0.0060650326268969,1,2.2857142857142856,0.061473,1,0.0,-0.119169,-0.119169,-0.119169,0.0,0.0
2024-11-20,0.3380125,0.0070929881220822,bullish,0.1322991065375,0.4571815,0.1528078608337126,53.59234548680652,0.0049855499856571,-3.836412993312019,-2.204922736397667,0.0890759246031746,0.0653414946145124,0.0148309017857142,0.0066766644078144,2,2.2857142857142856,0.3914029999999999,2,0.0,0.0,0.3380125,0.0,0.0,0.0
2024-11-21,0.120491,0.0111312749494386,neutral,0.003357120242,-0.2175214999999999,0.1529329119955123,48.50906221788614,0.0068688116182626,-0.6435309345068599,3.192882058805159,0.0963679246031745,0.0607126374716553,0.0153926706349206,0.01220687572824,2,2.142857142857143,0.027862,2,0.120491,0.11262,0.120491,0.120491,0.0,0.120491
2024-11-26,-0.0281943333333333,0.1602294768272471,neutral,-0.0031997560937777,-0.1486853333333333,0.1566702845640429,52.253335112915686,-0.0031960401893919,-1.2339953468170513,-0.5904644123101913,0.0699137817460317,0.0672071850907029,0.0107062490079365,0.0037381940083725,2,2.142857142857143,0.1134893333333333,3,0.156814,-0.119142,0.018836,0.018836,0.0,0.156814
2024-11-27,0.079922,0.1602294768272471,neutral,0.022047842374,0.1081163333333333,0.1555180661471004,51.76632901670465,-0.0026852124653618,-3.8346830923471624,-2.600687745530111,0.0774976865079365,0.0722466850907029,0.0056243988095238,0.0021947210797139,1,1.8571428571428572,0.275867,1,0.0,0.0,0.079922,0.0,0.0,0.0
2024-11-28,0.086028,0.1602294768272471,neutral,0.0093170904839999,0.0061059999999999,0.147105136132315,51.30545657978749,-0.0017814947760534,0.0763994895022646,3.911082581849427,0.0951144166666666,0.0759360218253968,-0.0098597529761904,0.0013400311965811,1,1.5714285714285714,0.108303,1,0.0,0.0,0.086028,0.086028,0.0,0.0
2024-11-29,0.0,0.1602294768272471,neutral,0.0,-0.086028,0.1443598586006594,47.32490377903466,-0.007731768069889,-1.0,-1.0763994895022646,0.0681557380952381,0.0683231289682539,-0.0066796785714285,0.000180688095238,1,1.4285714285714286,0.024347,1,0.0,0.0,0.0,0.0,0.0,0.0
2024-12-02,0.1071073333333333,0.0238893621792908,neutral,0.0059542394697777,0.1071073333333333,0.1184277954037136,51.07010112275896,-0.0039714845928761,inf,inf,0.1004809285714285,0.071465748015873,-0.0292669702380952,0.0011169688034188,3,1.7142857142857142,0.0555913333333333,3,0.134062,0.0,0.1113069999999999,0.088552,0.0,0.0
2024-12-03,0.1315786666666666,0.1155436119667951,neutral,0.0280474840248888,0.0244713333333333,0.0613851657464535,52.95614090841663,0.0009259823757796,0.2284748632213169,-inf,0.0709903809523809,0.0800331527777777,0.0079980119047618,0.0008620385225885,3,1.8571428571428572,0.2131613333333333,3,0.043524,0.0,0.1529675,0.0,0.0,0.0
2024-12-04,0.2605415,0.1958098885258351,bullish,0.08267229309425,0.1289628333333333,0.0942391696024032,54.55014807521795,0.014819042871803,0.9801196242551982,0.7516447610338812,0.0909975952380952,0.0936827599206349,0.0353785773809523,0.0056704258241758,1,1.7142857142857142,0.3173095,2,0.0,0.0,0.2605415,0.0,0.0,0.122083
2024-12-05,0.19712875,0.0992895333301384,bullish,0.039939763215625,-0.0634127499999999,0.0847450148846405,50.96697952023065,0.0205723608036632,-0.2433882893895981,-1.2235079136447964,0.1231866071428571,0.0965501944444444,0.0297223541666666,0.0107129015873015,4,2.0,0.2026075,4,0.33765,0.160388,0.249019,0.1452385,0.0,0.0
2024-12-06,0.0260335,0.0759049693344689,neutral,0.009953290429375,-0.17109525,0.0915080619072991,49.98107502567948,0.0114448213596864,-0.8679365643012498,-0.6245482749116517,0.11548825,0.0964929682539682,0.0131324345238095,0.0063998247863247,3,2.2857142857142856,0.38232625,4,0.0,0.0,0.04934,0.0260335,0.0,0.0
2024-12-07,0.0517605,0.0531341248587007,neutral,0.0082299712605,0.025727,0.0942230690995997,52.14237200764964,0.0061822624661912,0.988226707895596,1.8561632721968455,0.1105928928571428,0.1028536547619047,0.0020958541666666,0.000711356043956,2,2.4285714285714284,0.159001,2,0.0,0.0,0.0517605,0.0,0.0,0.0
2024-12-08,0.04666,0.0531341248587007,neutral,0.0006577193599999,-0.0051005,0.0864229185587632,46.17607675981757,0.00158908061286,-0.0985403927705489,-1.0867671006661448,0.1172586071428571,0.0927071726190476,-0.0205530833333333,0.0019362767399267,1,2.4285714285714284,0.014096,1,0.04666,0.0,0.04666,0.0,0.0,0.0
2024-12-09,0.0300203333333333,0.0353979117510247,neutral,0.0032972332777777,-0.0166396666666666,0.0926211621690848,54.762916236916475,-0.003334971683295,-0.3566152307472496,-0.2580748379767007,0.1062461785714286,0.1033635535714285,-0.0313502232142857,-0.0068397045787545,2,2.2857142857142856,0.1098333333333333,3,0.052666,0.0,0.0300203333333333,0.0,0.0,0.0
2024-12-10,0.05334,0.0353979117510247,neutral,0.0013959077999999,0.0233196666666666,0.0937682755658556,37.42938557891572,-0.0053187753253147,0.7767957273403583,1.133410958087608,0.0950692261904762,0.0830298035714285,-0.0333998154761904,-0.0005332694139194,1,2.0,0.02617,1,0.05334,0.05334,0.05334,0.0,0.0,0.05334
2024-12-11,0.063425,0.1605965489614684,neutral,0.0169005607464285,0.0100849999999999,0.058913097843795,46.91487440761112,-0.0060175491637718,0.1890701162354704,-0.5877256111048879,0.0669097261904762,0.0789536607142857,-0.0131513720238095,0.0001415778388278,3,2.2857142857142856,0.2664652857142857,7,-0.0145244999999999,0.036566,0.0140595,-0.11105,-0.11105,0.0
2024-12-12,0.100657,0.1605965489614684,neutral,0.016536133274,0.037232,0.0247550003812759,57.92050359579561,-0.0035604734821778,0.5870240441466299,0.3979539279111594,0.0531280476190476,0.0881573273809523,0.0090671249999999,-0.0027706782051282,1,1.8571428571428572,0.164282,1,0.0,0.0,0.100657,0.100657,0.0,0.0
2024-12-13,0.1838773333333333,0.1332497636075451,bullish,0.05095562692,0.0832203333333333,0.0524068730839303,56.591903777726955,0.0049725433555284,0.8267714449400771,0.2397474007934472,0.0756771666666666,0.0955827083333333,0.0192053273809523,-0.0003073152014652,3,1.8571428571428572,0.2771174999999999,6,0.0,0.0,0.1196323333333333,0.228821,0.0,0.112237
2024-12-15,0.044694,0.1332497636075451,neutral,0.001100455668,-0.1391833333333333,0.05300895854965,47.75745047933723,0.0006073193610927,-0.756935783275807,-1.5837072282158842,0.0746676666666666,0.0926302797619047,0.0124690357142857,-0.0020762686813186,1,1.7142857142857142,0.024622,1,0.044694,0.0,0.0,0.0,0.0,0.0
2024-12-16,0.157973,0.1332497636075451,bullish,0.008995456539,0.113279,0.0595048511532671,58.32456820778301,0.0061343712843774,2.53454602407482,3.2914818073506273,0.0905695238095238,0.1039140654761904,0.0173935119047619,-0.0032630793040293,1,1.7142857142857142,0.056943,1,0.0,0.0,0.0,0.0,0.0,0.0
2024-12-17,0.1197555,0.0584492098467916,neutral,0.0377052137776875,-0.0382175,0.0536660006068915,50.71868979863729,0.0073713713847529,-0.2419242528786565,-2.776470276953477,0.1033888333333333,0.1048175059523809,0.0118706964285714,-0.0027051943223443,2,1.7142857142857142,0.3148516249999999,8,0.0375575,0.027053,0.1197555,0.1124407499999999,0.0,0.027053
2024-12-18,0.1707678,0.0771985111818874,bullish,0.0549107276256,0.0510123,0.0537670575131795,52.16159346847135,0.0122936522543361,0.4259704147199918,0.6678946675986484,0.1201642333333333,0.1076167297619047,0.011940038095238,6.133586080585492e-05,2,1.8571428571428572,0.321552,5,0.0,0.0,0.156441,0.1550399999999999,0.0,0.0
2024-12-19,0.1983376666666666,0.0692172309062803,bullish,0.0428413326753333,0.0275698666666666,0.0542170329553512,46.13685976692167,0.0181927663413824,0.1614465178251793,-0.2645238968948125,0.1394374714285714,0.1031735988095238,0.0122101583333333,0.0076948385714285,3,1.8571428571428572,0.216002,3,0.0,0.0,0.214836,0.214836,0.0,0.0
2024-12-20,0.1912436666666666,0.0719958628691028,bullish,0.0342846346106666,-0.0070939999999999,0.0542288347899171,49.60701946122029,0.0220445101404517,-0.0357672857567817,-0.1972138035819611,0.1523784238095238,0.1027532357142857,0.0122207547619047,0.0133085487912087,4,2.2857142857142856,0.179272,6,0.1530929999999999,0.125745,0.1912436666666666,0.155072,0.0,0.0
2024-12-23,0.1823168,0.0928239511128458,bullish,0.06334538874624,-0.0089268666666666,0.0540807672357871,63.32095347646417,0.0241028591451577,-0.0466779727781835,-0.0109106870214017,0.1521554904761905,0.1139163285714285,0.0199282821428571,0.0130525714285714,3,2.2857142857142856,0.3474468,5,0.284861,0.0,0.16078025,0.1956099999999999,0.0,0.0
2024-12-24,0.1205206666666666,0.081687843810039,neutral,0.0098328392842222,-0.0617961333333333,0.032093049899942,55.52134242063222,0.0205393710169807,-0.338949199049859,-0.2922712262716754,0.1629878714285714,0.118827769047619,0.0011871952380952,0.0111921735531135,3,2.5714285714285716,0.0815863333333333,3,0.1455395,0.0,0.1455395,0.1455395,0.0,0.1455395
2024-12-25,-0.130857,0.081687843810039,neutral,-0.046090845111,-0.2513776666666666,0.1158892461407469,39.78558495661448,-0.0024321293338912,-2.0857639906848617,-1.7468147916350028,0.1217264428571428,0.1061479833333333,-0.031012594047619,0.0016791657875457,1,2.5714285714285716,0.352223,1,0.0,0.0,-0.130857,-0.130857,0.0,0.0
2024-12-26,0.032887,0.081687843810039,neutral,0.00902156184,0.163744,0.1206872312684899,50.141068108667056,-0.0074033605612112,-1.251320143362602,0.8344438473222597,0.1093166571428571,0.1063527452380952,-0.040812669047619,-0.0029237079120879,1,2.4285714285714284,0.27432,1,0.0,0.0,0.032887,0.0,0.0,0.0
2024-12-30,0.081887,0.081687843810039,neutral,0.017369461005,0.049,0.1177851486870526,51.37016217129452,-0.0073226408208203,1.4899504363426277,2.7412705797052297,0.0966194,0.1083918166666666,-0.0349728261904762,-0.0053704021245421,1,2.2857142857142856,0.212115,1,0.0,0.0,0.081887,0.0,0.0,0.0
2025-01-02,0.0001465,0.171986046854098,neutral,1.7332268500000095e-05,-0.0817405,0.1129816142472267,47.15830476826027,-0.0136687863139545,-0.9982109492349212,-2.488161385577549,0.0683063761904762,0.1038719238095238,-0.0307780273809524,-0.0099455479853479,2,2.142857142857143,0.118309,2,0.0,0.0,0.0001465,0.0001465,0.0,0.0
2025-01-06,-0.039342,0.1167122168755268,neutral,-0.003212608707,-0.0394885,0.1044573181812285,43.725675615112266,-0.0216223864183815,-269.5460750853228,-268.54786413608787,0.0353655666666666,0.0938719952380952,-0.0247493119047619,-0.0141433608791208,2,1.8571428571428572,0.0816585,2,0.0,0.0,-0.039342,-0.039342,0.0,0.0
2025-01-07,0.0964849999999999,0.1982911262210187,neutral,0.0429027306449999,0.1358269999999999,0.0880875185318509,46.259711764252714,-0.0168112679894997,-3.452468100249097,266.0936069850737,0.0231038809523809,0.0876296857142857,0.0027922321428571,-0.0111014946520146,1,1.5714285714285714,0.4446569999999999,2,0.0,0.0,0.236698,0.0964849999999999,0.0,0.0
2025-01-08,0.179712,0.1982911262210187,bullish,0.0209768832,0.083227,0.1009059149752286,56.06931401321166,-0.0062335706759477,0.8625900399025759,4.315058140151673,0.0315597857142857,0.0972738285714285,0.0334883571428571,-0.0098860335531135,1,1.2857142857142858,0.116725,1,0.179712,0.0,0.179712,0.0,0.0,0.0
2025-01-09,0.0055781666666666,0.0770203390369496,neutral,0.0010563932033333,-0.1741338333333333,0.0738564285263687,43.50491573223264,-0.0117230888907521,-0.9689605220204178,-1.8315505619229937,0.0510505238095238,0.0863884833333333,0.0075022142857142,-0.010504838021978,3,1.5714285714285714,0.18938,6,0.0,-0.074488,0.010865,0.0590815,0.0,0.0
2025-01-10,0.0487622499999999,0.1573636166110726,neutral,0.0113253129454375,0.0431840833333333,0.0734483394885951,46.98701556099784,-0.0124552507849662,7.741626579820132,8.710587101840549,0.0533184166666666,0.0813175369047619,0.0046622529761904,-0.0104798617216117,3,1.8571428571428572,0.23225575,4,0.0,0.0,0.1502305,0.0727485,0.0,0.0
2025-01-13,0.1364087142857143,0.0885982051223655,neutral,0.0154335742386734,0.0876464642857143,0.079614828422182,48.58576174397598,-0.0059138472121953,1.7974245299532798,-5.944202049866852,0.0611072329931972,0.0788633164965986,0.0176460110544217,-0.0059569183097854,4,2.2857142857142856,0.1131421428571428,7,0.15746,0.0,0.1229938333333333,0.204314,0.0,0.0
2025-01-14,0.0293359999999999,0.1457802756342572,neutral,0.003732360608,-0.1070727142857143,0.0765970055735049,43.47110208402427,-0.0092417925193606,-0.7849404258839768,-2.582364955837257,0.0652771615646258,0.066791768877551,0.0055332742346938,-0.003433269654631,2,2.2857142857142856,0.127228,3,0.0,0.0,0.024036,-0.113722,0.0,0.0
2025-01-15,0.1777656666666666,0.1412054812687288,bullish,0.0534364186552222,0.1484296666666666,0.070919467709535,49.53057772683709,6.963400478167403e-05,5.059642305244979,5.8445827311289555,0.0962925425170068,0.0658290545918367,0.0026400195578231,0.0038402229565672,2,2.2857142857142856,0.3006003333333333,3,0.0,0.0,0.1949725,0.143352,0.0,0.056948
2025-01-16,0.0899015,0.1271399205776848,neutral,0.0110363980414999,-0.0878641666666666,0.0709601320038749,46.94904707981357,0.0003697078608605,-0.4942696096171552,-5.553911914862134,0.0953520425170068,0.0592279617346938,0.0019827589285714,0.0083682624542124,2,2.4285714285714284,0.122761,2,0.0,0.0,0.179803,0.179803,0.0,0.0
2025-01-17,0.109,0.1271399205776848,neutral,0.005768062,0.0190985,0.061328886478828,49.60862889696807,0.0021211155910731,0.2124380572070545,0.7067076668242098,0.0852503282312925,0.0584050569727891,0.015496462585034,0.011810959314495,1,2.4285714285714284,0.052918,1,0.0,0.0,0.109,0.0,0.0,0.0
2025-01-21,0.018318,0.0554908777788445,neutral,0.0043150934085,-0.090682,0.0587033374138447,55.68875859136155,-0.0037516171657013,-0.8319449541284404,-1.044383011335495,0.0870703044217687,0.0690604141156462,-0.0030565956632653,0.0044262063579277,3,2.4285714285714284,0.23556575,4,0.0,0.0,0.0563485,0.0,0.0,0.0
2025-01-22,0.00318475,0.0655877571877303,neutral,0.000771991361875,-0.01513325,0.0657634799745431,48.72251428729424,-0.0095150670969255,-0.8261409542526477,0.0058039998757927,0.0805592329931973,0.0669388248299319,-0.017516912840136,0.0013515143903715,2,2.2857142857142856,0.2424025,4,0.0,0.0,0.00318475,-0.075162,0.0,0.0
2025-01-23,0.1406826666666666,0.1965039282058588,neutral,0.0201445386168888,0.1374979166666666,0.0663853208951111,52.34989863079007,-0.0029706817876785,43.173849334065984,43.999990288318635,0.0811697976190476,0.0711385153061224,-0.003096619047619,0.0039512782836211,3,2.142857142857143,0.1431913333333333,3,0.0,0.0,0.0,0.0,0.0,0.0
2025-01-24,0.1305006666666666,0.0186849913388616,neutral,0.0267213600068888,-0.0101819999999999,0.0641960741920997,55.52597724823991,0.0013793859127341,-0.0723756539540524,-43.24622498802004,0.0956218928571428,0.0804495272108843,-0.0052159970238095,0.0033069436420722,2,2.142857142857143,0.2047603333333333,3,0.0,0.0,0.1305006666666666,0.119862,0.0,0.0
2025-01-27,0.076968,0.1088491894687323,neutral,0.0041141320199999,-0.0535326666666666,0.0530341572202029,54.872597507558375,0.0005070845487188,-0.4102099095279208,-0.3378342555738683,0.0812222261904762,0.0887573843537414,0.0045201964285714,-0.0007416997906855,2,2.142857142857143,0.0534525,2,0.153936,0.0,0.076968,0.0,0.0,0.0
2025-01-28,0.022019,0.0256654971313629,neutral,0.0021033723146666,-0.054949,0.057223440194401,46.65361433323867,-0.0045600700529878,-0.7139200706787237,-0.3037101611508028,0.0715247261904762,0.0834383843537415,-0.0005831101190476,-0.0023937542124542,3,2.2857142857142856,0.0955253333333333,3,0.0,0.0,0.022019,0.0,0.0,0.0
2025-01-29,0.1752106,0.1071770052870483,bullish,0.0378086953739999,0.1531915999999999,0.0687595248699117,49.80968171239758,0.0037283504943518,6.957246014805395,7.671166085484119,0.0809833833333333,0.0831168557823129,0.0158797011904761,0.0034021645525902,4,2.7142857142857144,0.2157899999999999,5,0.136089,0.136089,0.1606592499999999,0.1032133333333333,0.0,0.0
2025-01-30,0.2775188,0.2105996465968069,bullish,0.07970362137504,0.1023082,0.0944003781224342,62.24106195394703,0.0183322002652468,0.5839155850159752,-6.373330429789419,0.118012069047619,0.1025411867346939,0.0279848696428571,0.0064002852956567,4,2.857142857142857,0.2872008,5,0.0,0.170816,0.2213755,0.2775188,0.2460595,0.0
2025-01-31,0.083232,0.0560068762885415,neutral,0.014676867312,-0.1942868,0.082237017524573,51.36581481905468,0.0140814660999611,-0.7000851834182045,-1.2840007684341797,0.1294473904761905,0.1050033117346938,0.0078545309523809,0.0040756622658294,3,3.0,0.1763368333333333,6,0.109067,0.0,0.0679454,0.0922585,0.0,0.0
2025-02-03,0.1618295555555555,0.2061244092041934,bullish,0.0484416995387654,0.0785975555555555,0.0831023977557248,51.01453994924539,0.0168548367311774,0.9443189585202274,1.644404141938432,0.1324683746031746,0.1068190861111111,0.012929088095238,0.0067346121733821,3,3.0,0.2993377777777778,9,0.064708,0.0,0.13416275,0.0995123999999999,0.0,0.0
2025-02-04,0.0746565,0.1083740112230392,neutral,0.008249860540125,-0.0871730555555555,0.0859543308112903,51.83792401626144,0.0118874712263364,-0.5386720321655294,-1.4829909906857568,0.1244906365079365,0.1100562646825396,0.0064538575396825,0.0032612936874236,4,3.2857142857142856,0.11050425,8,0.070516,0.0,0.0642966,0.0668084,0.0,0.0
2025-02-05,0.0408805,0.0578137575365933,neutral,0.0023827199425,-0.033776,0.0902543553026832,43.87961606741444,0.0051679375580228,-0.4524187445165525,0.0862532876489768,0.1193352793650793,0.1002787527777777,-0.0092933194444444,0.0035170213553113,1,3.142857142857143,0.058285,2,0.0,0.0,0.0408805,0.0408805,0.0,0.0
2025-02-06,0.1083379999999999,0.0353786121972018,neutral,0.0063496540673333,0.0674574999999999,0.08006367213976,50.83965161748534,0.0052218255295411,1.6501143577011042,2.1025331022176568,0.131666565079365,0.1015956456349206,-0.0243739249999999,0.0034051783272283,2,3.0,0.0586096666666666,3,0.0,0.0,0.1083379999999999,0.1083379999999999,0.0,0.146634
2025-02-07,-0.03019175,0.0868209824384827,neutral,-0.009088803653,-0.13852975,0.0972419833823668,44.282754482604645,-0.0058388710692638,-1.2786810721999669,-2.9287954299010712,0.1023233722222222,0.0916533777777777,-0.0354953109126984,-0.0001160762393162,2,2.7142857142857144,0.301036,4,0.099974,0.0,-0.03019175,0.0,0.0,0.0
2025-02-08,0.046464,0.0010281332598452,neutral,0.0006836945279999,0.07665575,0.0599113710890727,51.169561925800146,-0.0083268473739464,-2.5389634585606995,-1.2602823863607326,0.0693155436507936,0.0936638063492063,-0.0164523253968254,-0.0038248511355311,1,2.2857142857142856,0.0147145,2,0.046464,0.0,0.046464,0.0,0.0,0.0
2025-02-10,0.0327226666666666,0.0193940034374889,neutral,0.0026996963528888,-0.0137413333333333,0.0609879074019445,51.22882226606602,-0.0112767452741579,-0.2957415059687786,2.243221952591921,0.0620999246031746,0.0957736575396825,-0.0183849255952381,-0.0085488525885225,3,2.2857142857142856,0.0825023333333333,3,0.0,0.0,0.041022,0.041022,0.0,0.0
2025-02-11,0.052979,0.0193940034374889,neutral,0.0010359513659999,0.0202563333333333,0.0423511241360167,45.957005770458146,-0.0118443513816567,0.619030641349523,0.9147721473183016,0.0465498452380952,0.0895091099206349,-0.0051150773809523,-0.0082910403052503,1,2.0,0.019554,1,0.052979,0.0,0.052979,0.0,0.0,0.0
2025-02-12,0.071194,0.0193940034374889,neutral,0.0003056358419999,0.0182149999999999,0.041986791404434,47.286159722699374,-0.0107017321484763,0.3438154740557579,-0.275215167293765,0.0460552023809523,0.0852729194444444,0.0015406041666666,-0.0074629591575091,1,1.5714285714285714,0.004293,1,0.0,0.071194,0.071194,0.071194,0.0,0.0
2025-02-13,0.1254888333333333,0.133556065874099,neutral,0.0546782872672777,0.0542948333333333,0.0513770623740479,52.21873887804344,-0.0053553200906373,0.7626321506493994,0.4188166765936414,0.0581421071428571,0.0887386932539682,0.0093121071428571,-0.0065877215995115,2,1.7142857142857142,0.4357223333333333,6,0.0,0.0,0.1254888333333333,0.059129,0.0,0.0
2025-02-14,-0.0062989999999999,0.1400338122454716,neutral,-0.0012153290599999,-0.1317878333333333,0.0509791893220832,48.790109862346384,-0.0116140762022884,-1.0501957013439442,-1.8128278519933436,0.0417653928571428,0.0867159789682539,0.0095785446428571,-0.0115026345909645,3,1.8571428571428572,0.19294,3,-0.167767,-0.167767,-0.0062989999999999,-0.167767,0.0,0.0
2025-02-18,0.109442125,0.1045595426408697,neutral,0.0199855137318281,0.115741125,0.0451113473887088,47.09713754563843,-0.0071559716236739,-18.374523733926026,-17.324328032582077,0.0617130892857142,0.0820182307539682,0.0065500312499999,-0.007935911043956,4,2.142857142857143,0.182612625,8,0.0567474,0.0,0.109442125,0.1663581999999999,0.307175,0.05719
2025-02-19,0.0837716,0.0372778083824679,neutral,0.02014524357912,-0.025670525,0.045213214206716,40.827956535810166,-0.0056286667445043,-0.2345579912670737,18.139965742658948,0.0670427464285714,0.0681791450396825,0.0067350017857142,-0.001440741068376,3,2.4285714285714284,0.2404782,5,0.04423,0.0,0.07706475,0.110599,0.0,0.0
2025-02-20,0.0612485,0.0561746840178029,neutral,0.007243125113,-0.0225230999999999,0.0428269145971314,48.757179417300904,-0.0061640301011226,-0.2688631946865046,-0.0343052034194308,0.0711178654761904,0.0666088950396825,0.0012113211309523,-0.0011425115323565,1,2.142857142857143,0.118258,2,0.0,0.0,0.0612485,0.0612485,0.0,0.0
2025-02-21,0.246277,0.0561746840178029,bullish,0.06991065199,0.1850284999999999,0.0774799336149116,54.26136095240052,0.0082423041486006,3.0209474517743287,3.2898106464608334,0.0987318654761904,0.0726408553571428,0.0173871047619047,0.0071300055494505,1,2.142857142857143,0.28387,1,0.0,0.0,0.246277,0.0,0.0,0.0
2025-02-22,0.0689016666666666,0.0325944416171428,neutral,0.0113294091811111,-0.1773753333333333,0.0776204405201687,49.73383202410305,0.0052898084613294,-0.7202269531191843,-3.741174404893513,0.0984043892857143,0.0722297958333333,0.0102570312499999,0.0070896214102564,2,2.2857142857142856,0.1644286666666666,3,0.0,0.0,0.0689016666666666,0.0689016666666666,0.0,0.0
2025-02-24,0.08156275,0.1022020435261285,neutral,0.0157815153254375,0.0126610833333333,0.0768375206227734,51.91908630504803,0.0039260545335421,0.1837558356111366,0.9039827887303208,0.0921292345238095,0.0751356708333333,0.0123217761904761,0.0063227839743589,3,2.4285714285714284,0.19348925,4,0.0426825,0.038981,0.08156275,0.0,0.0,0.0
2025-02-25,0.0374245,0.0883326196209531,neutral,0.0056699552105833,-0.04413825,0.0688663097726988,46.57957662834094,-0.0007072860127868,-0.5411569619709978,-0.7249127975821344,0.0983754488095238,0.0700704208333333,-0.0076006217261904,0.0063399042307692,2,2.2857142857142856,0.1515038333333333,6,0.0,-0.119468,-0.00098475,-0.024115,0.0,0.0
2025-02-26,0.055904,0.0883326196209531,neutral,0.001143572224,0.0184795,0.0703885508442079,54.696634785070614,-0.0028555128738691,0.493780812034897,1.0349377740058947,0.0907271452380952,0.0762201172619047,-0.0105701803571428,0.002629803058608,1,1.8571428571428572,0.020456,1,0.055904,0.0,0.055904,0.0,0.0,0.0
2025-02-27,0.1195663333333333,0.1068236467142614,neutral,0.0255724488188888,0.0636623333333333,0.071095675135765,54.04517204390226,0.0005713548204761,1.1387795745086815,0.6449987624737845,0.0958406785714285,0.0814417125,-0.0084739166666666,0.0028872954761904,3,1.8571428571428572,0.2138766666666666,3,0.183873,0.0,0.1195663333333333,0.1195663333333333,0.0,0.183873
2025-02-28,0.05772,0.0604348161106934,neutral,0.0057204807771428,-0.0618463333333333,0.0713936958450047,51.31332649338305,-0.0016829414389802,-0.5172554147070385,-1.65603498921572,0.0953366071428571,0.0832272363095238,-0.0175000148809524,0.0006034098717948,3,2.142857142857143,0.0991074285714285,7,0.07606,0.044517,0.0702083333333333,0.0576372,0.0,0.0
2025-03-01,0.191169,0.0604348161106934,bullish,0.003651710238,0.133449,0.0525188259849515,56.48856870457057,0.0072136323899239,2.312006237006237,2.8292616517132756,0.0874640357142857,0.0930979505952381,0.0143306547619047,0.0026902656593406,1,2.142857142857143,0.019102,1,0.191169,0.0,0.0,0.0,0.0,0.0
2025-03-03,0.047726,0.0674947564778183,neutral,0.0092095907679999,-0.143443,0.05434435577316,49.01403305560474,0.0026608303183501,-0.7503465520037245,-3.0623527890099616,0.0844389404761905,0.0914216648809524,0.0074212410714285,0.0006718159523809,2,2.142857142857143,0.192968,2,0.0,0.0,0.047726,0.095452,0.0,0.0
2025-03-04,-0.18842,0.0674947564778183,bearish,-0.0052616285,-0.236146,0.1167266235769312,38.55977277629325,-0.0197714296397858,-4.947952897791561,-4.197606345787836,0.0458699761904762,0.0689996053571428,-0.0222245297619047,-0.0062005667216117,1,1.8571428571428572,0.027925,1,-0.18842,0.0,-0.18842,0.0,0.0,0.0
2025-03-05,0.1070573333333333,0.0881094389968142,neutral,0.0180925465902222,0.2954773333333333,0.1188349826374335,53.69084644706282,-0.0135537548194472,-1.5681845522414464,3.379768345550114,0.0558175238095238,0.0770964863095238,-0.0168752380952381,-0.0075955746703296,2,1.8571428571428572,0.1689986666666666,3,0.006751,0.0,0.1070573333333333,0.0,0.0,0.0
2025-03-06,0.0719725,0.0801908587340228,neutral,0.0110635407275,-0.0350848333333333,0.1189920229304385,48.71237085671237,-0.0113263211882388,-0.3277200378613328,1.2404645143801134,0.0581130238095238,0.0744200845238095,-0.015131994047619,-0.0066756345421245,1,1.8571428571428572,0.153719,2,0.015269,0.0,0.0719725,0.0719725,0.0,0.0
2025-03-07,-0.0303106,0.1580315357208807,neutral,-0.00212794961088,-0.1022831,0.1195741217337921,46.27571261043288,-0.0176104364032159,-1.4211414081767342,-1.0934213703154012,0.0367020333333333,0.0662713559523809,-0.0158269095238095,-0.0093596480952381,3,1.8571428571428572,0.0702048,5,-0.1506595,0.0,-0.0303106,0.0550535,0.0,0.110107
2025-03-08,0.025356,0.031301418306524,neutral,0.0028558019069999,0.0556666,0.1192512532692778,48.85308509803411,-0.0178930549000441,-1.836539032549669,-0.4153976243729349,0.0320786047619047,0.0637076059523809,-0.0140399892857143,-0.0106942469230769,3,1.8571428571428572,0.1126282499999999,4,0.0101383333333333,0.0,0.025356,0.0,0.0,0.0
2025-03-09,0.090158,0.031301418306524,neutral,0.015552886106,0.064802,0.1015964464370575,44.59614360449223,-0.012741722170743,2.555687016879634,4.392226049429303,0.0176484619047619,0.0525562488095238,0.0149100023809523,-0.0039197501465201,1,1.8571428571428572,0.172507,1,0.0,0.0,0.090158,0.0,0.0,0.0
2025-03-10,0.1532126666666666,0.1410668394497209,bullish,0.0180275130688888,0.0630546666666666,0.113881802066707,53.16912412352072,-0.0035310658689604,0.699379607651752,-1.856307409227882,0.0327179857142857,0.0585784630952381,0.0337315297619047,-0.0005049925641025,3,2.0,0.1176633333333333,3,0.0,-0.000796,0.1376824999999999,-0.000796,0.0,0.0
2025-03-11,0.106704,0.3967038748084016,neutral,0.0189908044559999,-0.0465086666666666,0.0604754966268606,50.92157195545977,1.5735387873611062e-05,-0.303556276896166,-1.002935884547918,0.0748785571428571,0.0603742666666666,0.0100674619047618,0.0016277465201465,1,2.0,0.1779764999999999,2,0.0,0.0,0.106704,0.0,0.0,0.0
2025-03-12,0.2385153333333333,0.2670282660812022,bullish,0.0350126993464444,0.1318113333333333,0.0868106093342632,56.9259763414028,0.0133083683220005,1.2352988953866144,1.5388551722827803,0.0936582714285714,0.0747378976190476,0.0321969416666666,0.0059609055677655,2,2.0,0.1467943333333333,3,0.04763,0.0,0.2385153333333333,0.0,0.0,0.0
2025-03-13,0.1705653333333333,0.0974486605825515,bullish,0.0080987831573333,-0.0679499999999999,0.0906203300457615,53.8190269039867,0.0181510576188591,-0.2848873447688896,-1.5201862401555042,0.1077429619047619,0.0829279928571428,0.0373390166666666,0.0080779345787545,2,2.142857142857143,0.047482,3,0.222849,0.0,0.126427,0.0,0.0,0.258842
2025-03-14,0.065702,0.0019162593770155,neutral,0.004018498575,-0.1048633333333333,0.0714889324507073,48.253863612974065,0.0133737670099504,-0.6147986304368218,-0.3299112856679321,0.1214590476190476,0.0790805404761904,0.0131126904761904,0.0087936207326007,2,2.0,0.0611625,2,0.0,0.0,0.065702,0.0,0.0,0.0
2025-03-15,0.059249,0.0019162593770155,neutral,0.005548846597,-0.006453,0.0647227342549267,50.051412486040626,0.008963734540658,-0.0982161882438892,0.5165824421929326,0.1263009047619047,0.0791897547619047,-0.0072816785714285,0.0075228116483516,1,1.7142857142857142,0.093653,1,0.0,0.0,0.0,0.059249,0.0,0.0
2025-03-17,-0.0049813333333333,0.0519371570682621,neutral,-0.0001770083591111,-0.0642303333333333,0.0814144131985909,43.082455114032506,0.0002829603835693,-1.084074555407405,-0.9858583671635156,0.1127095714285714,0.0651790166666666,-0.0265109047619047,0.0088095468864468,3,2.0,0.0355343333333333,3,0.0,0.0,-0.0049813333333333,0.0,0.0,0.0
2025-03-18,-0.033608,0.1719997643864665,neutral,-0.002811006728,-0.0286266666666666,0.0953521338203845,46.8788706802901,-0.0088049139389743,5.746788008565311,6.830862563972715,0.0860209047619047,0.0593694452380952,-0.0364016309523809,0.0054116865201465,2,1.8571428571428572,0.083641,3,0.059627,0.0,-0.033608,0.059627,0.0,0.059627
2025-03-19,0.042771,0.1719997643864665,neutral,0.00068476371,0.076379,0.0960997936368902,60.11165356289585,-0.0097321070278415,-2.272643418233754,-8.019431426799065,0.076887619047619,0.0758830880952381,-0.0380808214285714,-0.0032314375824175,1,1.8571428571428572,0.01601,1,0.042771,0.0,0.042771,0.0,0.0,0.0
2025-03-20,0.2687736,0.1451105927846068,bullish,0.1238325982751999,0.2260026,0.1048625600579818,57.53068067276875,0.0076801834557816,5.284014869888475,7.556658288122229,0.0812102285714285,0.08743425,0.0055680642857142,0.0033074422710622,3,2.0,0.460732,5,0.117121,0.0,0.2687736,0.0,0.0,0.0
2025-03-21,0.09154125,0.0625345807607012,neutral,0.0170316843834375,-0.1772323499999999,0.0976449513642513,50.80472633588478,0.0070972066121573,-0.659411303788765,-5.94342617367724,0.0699210738095238,0.0888320178571428,0.0194399744047619,0.0029150571062271,2,2.0,0.18605475,4,0.1142605,0.170265,0.0853826666666666,0.027627,0.0,0.0
2025-03-24,0.0895835,0.0423846875711028,neutral,0.03932487212075,-0.00195775,0.0978898653526459,55.37382266480675,0.0064034109846652,-0.0213865333934156,0.6380247703953493,0.0733327166666666,0.0973958821428571,0.020943938095238,-0.0009912505860805,2,2.0,0.4389745,2,0.0,0.0,0.0895835,0.0,0.0,0.0
2025-03-25,0.077731,0.0692239023218618,neutral,0.0130512097947499,-0.0118525,0.0976957441013653,52.44349245822758,0.0048414035312871,-0.1323067305921291,-0.1109201971987134,0.0759730023809523,0.1011369535714285,0.0194032232142857,-0.0039280455311355,3,2.2857142857142856,0.1679022499999999,4,0.0,0.0,0.044902,0.176218,0.0,0.0
2025-03-26,0.116703,0.1107804967334052,neutral,0.0387880159356,0.038972,0.0915212015664214,51.26900980997886,0.0066712017582734,0.5013701097374279,0.6336768403295571,0.0933564785714285,0.103033025,0.0122022464285714,-0.0038452448717948,3,2.2857142857142856,0.3323652,5,0.0,-0.004025,0.0457803333333333,0.147383,0.278864,0.0
2025-03-27,0.302186,0.1107804967334052,bullish,0.108698419502,0.185483,0.1013560902263689,56.3755225583255,0.0228246501599593,1.589359313813698,1.0879892040762702,0.14132705,0.1136739773809523,0.0164390553571428,0.003499114029304,1,2.142857142857143,0.359707,1,0.0,0.0,0.0,0.0,0.0,0.0
2025-03-28,0.0024396666666666,0.0583674004480811,neutral,0.0003844316948333,-0.2997463333333333,0.1087676258782023,46.33274998366818,0.0113097183199658,-0.9919266059093848,-2.581285919723083,0.1355654309523809,0.1062265249999999,-0.0125211714285714,9.121139194139406e-05,2,2.2857142857142856,0.1575755,6,0.009307,0.0,0.0024396666666666,0.0,0.0,0.0
2025-03-31,-0.0010919999999999,0.0873955697275325,neutral,-0.0001936186979999,-0.0035316666666666,0.1012499345463191,40.73645171493598,0.0018774448046536,-1.4476021314387209,-0.4556755255293361,0.0970132023809523,0.0891117154761904,-0.0081333005952381,0.0013861373260073,2,2.142857142857143,0.1773065,2,0.0,0.060706,-0.0010919999999999,0.0,0.0,0.060706
2025-04-01,0.0970985,0.0700820601901799,neutral,0.022286824508,0.0981905,0.1012216615696689,47.224568726788405,0.0022987473269649,-89.91804029304036,-88.47043816160165,0.0978070952380952,0.0838640845238095,-0.008905869047619,0.0042996152747252,1,2.0,0.229528,2,0.047543,0.047543,0.047543,0.146654,0.0,0.0
2025-04-02,0.105627,0.0700820601901799,neutral,0.035895645918,0.0085284999999999,0.1011860509666534,51.626688761656546,0.0032829504193921,0.0878334886738723,90.00587378171423,0.1000990238095238,0.0867158702380952,-0.0092428214285714,0.0043226628205128,1,1.8571428571428572,0.339834,1,0.0,0.0,0.105627,0.0,0.0,0.0
2025-04-03,0.0590745454545454,0.1085533667993431,neutral,0.0136028700244628,-0.0465524545454545,0.1021148515712269,49.99311699991123,0.000303134850291,-0.4407249523839033,-0.5285584410577756,0.097433816017316,0.0867034091991342,-0.0168337332251082,0.0026274094671994,3,1.8571428571428572,0.2302661818181818,11,0.0335683333333333,-0.090856,0.0569666999999999,0.0752093333333333,0.0,0.0
2025-04-04,0.040501,0.1085533667993431,neutral,0.00652754617,-0.0185735454545454,0.1037666987242577,51.86154463824337,-0.0035165516446764,-0.3144086054599734,0.1263163469239299,0.086547816017316,0.0899521472943722,-0.0201809372294372,-0.0017152332967032,1,1.5714285714285714,0.16117,1,0.040501,0.0,0.040501,0.0,0.0,0.0
2025-04-06,0.116286,0.1085533667993431,neutral,0.0067664497679999,0.0757849999999999,0.0483954662526708,55.90697951555628,-0.0004236983710398,1.8711883657193649,2.185596971179338,0.0599906731601731,0.1006588615800865,0.0138107516233766,-0.0050362489543789,1,1.5714285714285714,0.058188,1,0.116286,0.116286,0.116286,0.116286,0.0,0.116286
2025-04-08,0.073873,0.0816790741683572,neutral,0.010286741377,-0.0424129999999999,0.0412398824243038,51.25937261200245,-0.0013790071592414,-0.3647300620882995,-2.2359184278076643,0.070195435064935,0.102880433008658,0.0070765714285714,-0.0077099503263403,3,1.7142857142857142,0.1392489999999999,3,0.0,0.0,0.073873,0.167224,0.0,0.0
2025-04-09,-0.0393053333333333,0.1290247578464433,neutral,-0.0030214271768888,-0.1131783333333333,0.0530789959864023,36.27095475127264,-0.0111400737042903,-1.5320662939549408,-1.1673362318666411,0.0647363874458874,0.0808747949134199,-0.014839573051948,-0.0063033952880452,2,1.7142857142857142,0.0768706666666666,3,0.0,0.0,-0.0964479999999999,0.030653,0.0,0.0
2025-04-10,0.079987,0.1290247578464433,neutral,0.016461884509,0.1192923333333333,0.051716735979287,49.45706616727818,-0.0091446279540075,-3.035016452389837,-1.502950158434896,0.0622918874458874,0.0800494913419913,-0.0085824199134199,-0.0059771194805194,1,1.7142857142857142,0.205807,1,0.0,0.0,0.079987,0.0,0.0,0.0
2025-04-11,0.2614433333333333,0.2782647100556111,bullish,0.0629215670333333,0.1814563333333333,0.0916175939609579,56.91001862535823,0.0069979100632978,2.2685728097482505,5.303589262138088,0.0845513636363636,0.0923251937229437,0.0189459653679653,-0.0004801303030303,3,2.0,0.24067,3,0.0,0.0,0.1020635,0.580203,0.0,0.13707
2025-04-14,0.165602,0.2782647100556111,bullish,0.007829331356,-0.0958413333333333,0.0954477881624321,53.30953165908081,0.0119200856853438,-0.3665854933510128,-2.6351583030992636,0.0997695714285714,0.0986016937229437,0.0239904166666666,0.0011323654678654,1,1.7142857142857142,0.047278,1,0.0,0.0,0.165602,0.0,0.0,0.0
2025-04-15,0.0822106,0.0398844824499453,neutral,0.01361772551064,-0.0833914,0.0923838985444229,48.74295511018367,0.0089884248105946,-0.5035651743336433,-0.1369796809826304,0.1057280857142857,0.0961379508658008,0.0136421595238095,0.0012607948651348,2,1.8571428571428572,0.1656444,5,0.0,0.0,0.0822106,0.0,0.0,0.0
2025-04-16,0.103081,0.0398844824499453,neutral,0.053842607973,0.0208704,0.0922671262160635,41.75446999207687,0.0082539638063764,0.2538650733603698,0.7574302476940131,0.1038416571428571,0.0819161651515151,0.0148668166666666,0.0082519605261405,1,1.8571428571428572,0.522333,1,0.0,0.0,0.0,0.103081,0.0,0.0
2025-04-17,0.0520869999999999,0.1412247765053993,neutral,0.0077596781873333,-0.050994,0.0938011685690207,52.58957831646218,0.0035166143163882,-0.4946983440207216,-0.7485634173810914,0.1007293714285714,0.0854624032467532,0.0050404380952381,0.0047795943190143,3,1.8571428571428572,0.1489753333333333,3,0.050269,0.0,-0.0189755,-0.08822,0.0,0.0
2025-04-18,0.0382358333333333,0.0400145430083446,neutral,0.0041325161213888,-0.0138511666666666,0.0777053533241504,52.029471077867626,-0.0013399848885451,-0.2659236789730003,0.2287746650477213,0.1118066809523809,0.0882715341991341,-0.0216602559523809,0.0005768218847818,3,2.0,0.1080796666666666,6,0.0227766,0.0,0.0382358333333333,0.0,0.0,0.115532
2025-04-21,0.1006936666666666,0.1119296455561855,neutral,0.0258436001474444,0.0624578333333333,0.0766795130287158,50.19262869777714,-0.0001473953831775,1.633489527711789,1.8994132066847893,0.1147647761904761,0.0885283318181818,-0.0273966047619047,0.0012227388278388,2,2.142857142857143,0.2566556666666666,3,0.0,0.0,0.073968,0.1487675,0.223567,0.0
2025-04-22,0.07868725,0.0799661018989713,neutral,0.008586706812625,-0.0220064166666666,0.0414207618654898,48.577121195803926,-0.000966833762197,-0.2185481708548368,-1.8520376985666256,0.0886567642857143,0.0866040639610389,-0.0103079744047619,0.0015052574192474,3,2.142857142857143,0.1091245,4,0.054365,0.0,0.0638664999999999,0.093508,0.0,0.0
2025-04-23,0.0152693333333333,0.0332909763950133,neutral,0.0021205490257777,-0.0634179166666666,0.032991575028177,47.72683481399408,-0.0066567658320416,-0.8059490790015749,-0.5874009081467381,0.067180669047619,0.0834751202380952,-0.0071787369047619,-0.0014404442857142,2,2.2857142857142856,0.1388763333333333,3,0.0,0.0,0.0152693333333333,-0.003824,0.0,0.0
2025-04-24,0.2981065,0.2148514977390197,bullish,0.0864342904048333,0.2828371666666666,0.0939616808115039,60.49059478800696,0.0115235190845902,18.523216468739086,19.32916554774066,0.0980229404761904,0.1018755130952381,0.0197104494047618,0.0032751516117216,3,2.4285714285714284,0.2899443333333333,6,0.132712,0.0,0.2999494,0.3577278,0.292366,0.0
2025-04-25,0.1253318,0.1339627376761911,neutral,0.01267670997736,-0.1727746999999999,0.0945359246598799,50.34140702862635,0.0118535025547514,-0.5795737429408616,-19.10279021167995,0.1012016261904762,0.1025216416666666,0.0233589785714285,0.0044204022344322,4,2.857142857142857,0.1011452,5,0.133443,0.0,0.0693475,0.1072925,0.0,0.1072925
2025-04-26,0.058013,0.1339627376761911,neutral,0.003367480611,-0.0673188,0.0940480732142661,49.4124568628743,0.0066068260174717,-0.5371246563122847,0.0424490866285769,0.1020481976190476,0.1013887845238095,0.0117152505952381,0.002204266043956,1,2.5714285714285716,0.058047,1,0.0,0.0,0.058013,0.0,0.0,0.0
2025-04-28,0.014931,0.057748000199141,neutral,0.000314884836,-0.043082,0.0970481331121708,52.11928262330743,-0.0010158304719489,-0.7426266526468206,-0.2055019963345359,0.0987189357142857,0.1052628083333333,-0.0067347869047619,-0.0049042239926739,2,2.4285714285714284,0.0210893333333333,3,0.048242,0.0,0.048242,-0.051691,0.0,0.0
2025-04-29,0.153977125,0.1304502253674201,bullish,0.0347156633553593,0.139046125,0.0992925133149848,52.847207297063015,0.0041155199228518,9.31257953251624,10.055206185163062,0.1063308583333333,0.1105478172619047,-0.0005321622023809,-0.0043456547802197,3,2.5714285714285716,0.225459875,8,0.1450795,0.0,0.0807971999999999,0.0807971999999999,0.0,0.0
2025-04-30,0.1503786666666666,0.1345324933369878,bullish,0.0454300217777777,-0.0035984583333333,0.0996626162842824,45.04833334257206,0.0078018527801491,-0.0233700839220977,-9.335949616438338,0.1165724892857143,0.1026146267857143,0.0002381589285714,0.0017669469413919,3,2.5714285714285716,0.3021041666666667,6,0.0,0.0,0.14938475,0.1321645,0.11107,0.0
2025-05-01,0.1097635999999999,0.073494962693371,neutral,0.0097022241312,-0.0406150666666666,0.0895398038774428,47.38158028689868,0.0073611613148783,-0.2700852957866364,-0.2467152118645387,0.1300716702380952,0.0986261696428571,-0.0149632443452381,0.0040477101282051,3,2.7142857142857144,0.088392,5,0.022,0.162845,0.0935579999999999,0.0,0.0,0.0
2025-05-02,0.1314076666666666,0.2494394443674322,neutral,0.0388715266664444,0.0216440666666666,0.0514790473262522,52.44879916819487,0.0086585873221994,0.1971880173998181,0.4672733131864546,0.1062575511904762,0.1021402458333333,0.0091848738095237,0.0044431517032967,3,2.7142857142857144,0.2958086666666666,3,0.0,0.0,0.1314076666666666,0.208774,0.0,0.0
2025-05-05,0.0887,0.1228732864539725,neutral,0.0118827250666666,-0.0427076666666666,0.0510772227807697,49.29941147673548,0.0061695494651756,-0.3250013317335619,-0.5221893491333801,0.1010244369047619,0.101113031547619,0.010028600297619,0.0040901585531135,2,2.4285714285714284,0.1339653333333333,3,0.0,0.0,0.061422,0.0887,0.0,0.0
2025-05-06,0.038501,0.034846222176873,neutral,0.0011386093235,-0.050199,0.0542495841358315,49.33762783690928,0.0001446760539569,-0.5659413754227733,-0.2409400436892114,0.0982370083333333,0.1001426029761904,-0.0028148303571428,0.0006850005677655,2,2.5714285714285716,0.0295735,2,0.063141,0.0,0.038501,0.038501,0.0,0.0
2025-05-07,0.048646,0.14500921604505,neutral,0.006937576321,0.010145,0.0465744841933535,50.50937830696094,-0.0037680298182342,0.263499649359757,0.8294410247825303,0.1030534369047619,0.1008861863095238,-0.0200290110119047,-0.0028272134615384,1,2.4285714285714284,0.1426135,2,0.0,0.0,0.151183,0.048646,0.0,0.0
2025-05-08,0.2163705,0.2368348097567163,bullish,0.0371289614295,0.1677245,0.061517608490056,55.13153671299958,0.006589091733028,3.4478579944908105,3.1843583451310535,0.1119667761904762,0.1091488172619047,-0.0006130845238095,0.0004659915567765,2,2.2857142857142856,0.171599,2,0.383838,0.0,0.2163705,0.2163705,0.0,0.0
2025-05-09,0.035667,0.1513470556337321,neutral,0.005126227686,-0.1807035,0.0647724937266681,48.32711997554648,0.0002135028374243,-0.8351577502478388,-4.283015744738649,0.0955793952380952,0.1060759422619047,-0.0033006476190476,-0.0026377164285714,2,2.142857142857143,0.1437246666666666,3,0.0,0.0,-0.0473305,0.035667,0.0,0.0
2025-05-11,0.160632,0.1513470556337321,bullish,0.00846289692,0.1249649999999999,0.0693227344627493,55.394347219205535,0.0051846421818326,3.5036588443098653,4.338816594557704,0.1028463095238095,0.1164589898809524,0.0056955892857142,-0.0040725963919413,1,1.8571428571428572,0.052685,1,0.0,0.0,0.0,0.0,0.0,0.0
2025-05-12,0.0172675,0.2014526006397038,neutral,0.00107157788125,-0.1433645,0.0747001683780054,38.37479506074119,-0.0024161314254428,-0.892502739180238,-4.396161583490104,0.0865405714285714,0.0963990613095238,0.0006066249999999,-0.0009182595054945,2,1.7142857142857142,0.0620575,2,0.0,0.0,0.0172675,0.0,0.0,0.0
2025-05-13,0.11383,0.2459679690020633,neutral,0.0187550102333333,0.0965625,0.0754216193742597,49.49182459746914,-0.00064064493249,5.592152888374112,6.48465562755435,0.0901305714285714,0.0955775041666666,0.0038389821428571,0.0005335938644688,2,1.7142857142857142,0.1647633333333333,3,0.0,0.0,0.121905,0.0,0.0,0.0
2025-05-14,0.212702,0.20749907072563,bullish,0.060227847512,0.098872,0.0838187779977477,56.64911848928392,0.0086449151229655,0.8685935166476324,-4.723559371726479,0.1150164285714285,0.1066267184523809,0.0095959821428571,0.0026416177838827,2,1.7142857142857142,0.283156,2,0.0,0.0,0.212702,0.0,0.0,0.0
2025-05-15,0.161473,0.1246190584488049,bullish,0.03266336396375,-0.051229,0.0796744865125324,56.25512013410207,0.0117347728134555,-0.2408486991189551,-1.1094422157665875,0.1311345714285714,0.1170940041666666,0.0050919821428571,0.0011857186263736,3,2.0,0.20228375,4,0.1036926666666666,0.0,0.161473,0.168124,0.0,0.168124
2025-05-19,0.0782855,0.0826263055348194,neutral,0.014877846133,-0.0831875,0.0717543027146074,46.60733213637545,0.007385843766995,-0.5151790082552501,-0.2743303091362949,0.1114081428571428,0.1116874595238095,0.0116061428571428,0.0012928312820512,3,2.142857142857143,0.190046,4,0.064532,0.0,0.0406013333333333,0.0,0.0,0.0
2025-05-20,0.197593,0.026889856674962,bullish,0.0140015387765,0.1193074999999999,0.0693270872161023,51.917369461635055,0.0134117857174779,1.5240050839555217,2.0391840922107716,0.1345404285714286,0.1150599119047619,0.0100200714285714,0.0050228095970695,2,2.142857142857143,0.0708605,2,0.216607,0.0,0.216607,0.216607,0.0,0.0
2025-05-21,0.1002736,0.0689221800279126,neutral,0.03095684683168,-0.0973193999999999,0.069294621613778,49.63157968021788,0.0102167652729063,-0.4925245327516663,-2.016529616707188,0.1259178,0.1143820547619047,0.0100759928571428,0.0044257398534798,2,2.2857142857142856,0.3087238,5,0.12987725,0.0,0.1002736,0.0915683333333333,0.0,0.0
2025-05-22,0.139499,0.0864203854538962,neutral,0.034852290661,0.0392254,0.0500926907709385,50.30989107878811,0.0107262010694846,0.3911837213384181,0.8837082540900845,0.1433794428571428,0.1149600071428571,-0.0039903499999999,0.0057046507692307,3,2.4285714285714284,0.249839,6,0.148889,0.0,0.148889,0.1103045,0.0,0.1103045
2025-05-23,0.1753052,0.1181317910373833,bullish,0.02273992438424,0.0358061999999999,0.049433228809187,53.33453205001344,0.0138594270256404,0.2566771087964787,-0.1345066125419394,0.1521616142857143,0.1211460928571428,-0.0047910821428571,0.0065630846153846,3,2.5714285714285716,0.1297162,5,0.2065156666666666,0.21859,0.2065156666666666,0.2065156666666666,0.21859,0.0
2025-05-24,0.0838033333333333,0.1314889947726931,neutral,0.0093634581711111,-0.0915018666666666,0.0470744598327572,51.6904942347538,0.0088570061028809,-0.5219575156165742,-0.778634624413053,0.133747519047619,0.1243819738095238,-0.0034665571428571,0.0027715851282051,2,2.5714285714285716,0.1117313333333333,3,0.161899,0.0,0.0838033333333333,0.0838033333333333,0.0,0.0
2025-05-27,0.0785502857142857,0.0272586492311112,neutral,0.0158363660022857,-0.0052530476190476,0.0493148894857642,51.119992316016976,0.0044177498861571,-0.0626830390881144,0.4592744765284597,0.1219014170068027,0.126517994217687,-0.0054197634353741,-0.0010346820198848,4,2.7142857142857144,0.201608,7,0.082087,0.094672,0.0838665,0.0892259999999999,0.0,0.082087
2025-05-28,0.022552,0.0390612098122933,neutral,0.00088076836,-0.0559982857142857,0.0607123851274328,42.07801923933846,-0.0035777396003759,-0.712897288724966,-0.6502142496368516,0.1139394884353741,0.1126738156462584,-0.0222951891156462,-0.001042968477237,2,2.5714285714285716,0.039055,3,0.0,0.0,0.022552,0.0,0.0,0.0
2025-05-30,0.02414075,0.069960716850346,neutral,0.004904977936875,0.00158875,0.0561009669496015,49.448072194766624,-0.0096745021741735,0.0704482972685351,0.7833455859935012,0.0891605955782313,0.1118505120748299,-0.0199659808673469,-0.0061111708686551,3,2.7142857142857144,0.2031825,8,0.0540359999999999,-0.120544,0.0208081428571428,-0.067481,0.0,0.0
2025-05-31,-0.0863405,0.1970459111793492,neutral,-0.00683657030075,-0.11048125,0.08620331782187,38.007518132515074,-0.0231542284050434,-4.576545881963071,-4.646994179231606,0.0625014384353741,0.094209619217687,-0.0371820976190476,-0.0101655902930402,2,2.7142857142857144,0.0791815,2,-0.225673,-0.225673,-0.0863405,-0.225673,0.0,-0.225673
2025-06-02,0.1830491428571428,0.1035403525705778,bullish,0.0472705452767346,0.2693896428571428,0.0939133036223747,57.17220896012542,-0.0119616471915678,-3.120084350416581,1.45646153154649,0.0687228874149659,0.1060511651360544,-0.0132666204931972,-0.0101638715698587,4,2.857142857142857,0.2582396428571428,14,0.113648,0.175818,0.1958119166666666,0.253154,0.0,0.175818
2025-06-03,0.0781674285714285,0.0705796645615367,neutral,0.0134069200117551,-0.1048817142857142,0.0819549650517974,48.46815729173341,-0.0114228419221443,-0.5729702562309575,2.5471140941856234,0.05484606292517,0.1035038386054421,0.0029713392857142,-0.0107041046520146,3,2.857142857142857,0.1715154285714285,7,0.0570465,0.115069,0.077596,0.0300535,0.0,0.0
2025-06-04,0.1007152,0.1168748647152158,neutral,0.0134019702336,0.0225477714285714,0.0831908380959208,44.85221035565005,-0.0090718448496714,0.2884548185945188,0.8614250748254764,0.057262043877551,0.095504781462585,0.0120226426020408,-0.0071838406541078,3,3.0,0.133068,5,0.0787063333333333,0.0,0.0787063333333333,0.1337285,0.0,0.148705
2025-06-05,0.3228466666666666,0.2133677461949986,bullish,0.1433034565511111,0.2221314666666666,0.1310728032353271,56.41073925887759,0.0105933646955777,2.20554064000932,1.917085821414801,0.0921615268707483,0.1070314719387755,0.0435193153061224,0.0014864182155939,3,2.857142857142857,0.4438746666666666,3,0.0,0.0,0.434741,0.0,0.0,0.0
2025-06-06,0.0521934285714285,0.0774294152176831,neutral,0.006485309379551,-0.2706532380952381,0.1289101268400283,49.09783789315604,0.0042892993549294,-0.8383336922437011,-3.043874332253021,0.0963960166666666,0.1051677525510204,0.0292928009353741,-0.0010280524280481,3,3.0,0.1242552857142857,7,0.127298,0.0879892499999999,0.0480655,0.0,0.0,0.127298
2025-06-07,0.03738,0.0774294152176831,neutral,0.00416416938,-0.0148134285714285,0.1277653785892844,44.02899449835001,-0.001880361389075,-0.2838178862144659,0.5545158060292352,0.098287338095238,0.0937239668367346,0.012647475340136,8.214082155939329e-05,1,2.7142857142857144,0.111401,1,0.03738,0.0,0.03738,0.0,0.0,0.0
2025-06-09,0.1435452857142857,0.096390673281036,neutral,0.0482058084844285,0.1061652857142857,0.0986197713517678,51.60213599655616,0.0017763087014737,2.8401628066957127,3.1239806929101785,0.1311281646258503,0.0968148015306122,-0.0088788642857143,0.001721529047619,4,3.0,0.335823,7,0.139295,0.0,0.1754912,0.0,0.0,0.0
2025-06-10,0.093592,0.0673139227153887,neutral,0.008958415658,-0.0499532857142857,0.0965445542315218,48.31368746145613,0.0006361027444331,-0.3479966998965981,-3.188159506592311,0.1183485727891156,0.0935357301020408,-0.0054833136054421,0.0030366203819989,3,2.857142857142857,0.09571775,4,0.0,0.0,0.0708385,0.0,0.0,0.0
2025-06-11,0.080975,0.0673139227153887,neutral,0.01809969395,-0.012617,0.096355452395136,46.47489201413448,-0.0012709539206744,-0.1348085306436447,0.2131881692529533,0.1187496544217687,0.0867978586734693,-0.0152277884353741,0.0053734391889063,1,2.5714285714285716,0.223522,1,0.0,0.0,0.080975,0.0,0.0,0.0
2025-06-12,0.0689268571428571,0.0385116450848682,neutral,0.0054618921670204,-0.0120481428571428,0.0980807081412603,49.4089705014405,-0.0037117078360157,-0.1487884267631102,-0.0139798961194654,0.114208462585034,0.0857352532312925,-0.0231422959183673,0.0047641185295656,4,2.7142857142857144,0.0792418571428571,7,0.0374265,0.0,0.0793713333333333,0.115001,0.0,0.0
2025-06-13,0.0992463333333333,0.0278769355262254,neutral,0.0034517874733333,0.0303194761904761,0.0348101345728635,50.80617907452815,-0.0031630339995734,0.4398789883548051,0.5886674151179153,0.0822655578231292,0.0872135423469387,0.0050600765306122,0.0049132823286237,2,2.5714285714285716,0.03478,3,0.0,0.0,0.0992463333333333,0.0,0.0,0.0
2025-06-15,-0.0179061666666666,0.0886439238603902,neutral,-0.0037228711116666,-0.1171524999999999,0.0511509545717732,48.49569144069382,-0.0120426106202124,-1.1804214429416369,-1.620300431296442,0.0722513299319728,0.0843236732993197,-0.0099686267006802,-0.0002218371271585,3,2.5714285714285716,0.20791,6,0.038915,-0.146612,-0.0179061666666666,-0.146612,0.0,0.0
2025-06-16,0.1208315,0.0021828386335228,neutral,0.01332288119,0.1387376666666666,0.0513933608152888,53.26240908731557,-0.007794917531987,-7.748038385286261,-6.567616942344624,0.0841729727891156,0.0912301554421768,-0.0097452270408163,-0.001162808780743,1,2.5714285714285716,0.11026,2,0.0,0.0,0.1208315,0.1208315,0.0,0.0
2025-06-17,0.1147565,0.0888452539660954,neutral,0.0190285403083333,-0.006075,0.0467966285126952,57.29942284766053,-0.0048627371385527,-0.0502766248867224,7.697761760399539,0.0800602891156462,0.1055942268707483,0.0020133384353741,-0.0063446051596023,4,2.5714285714285716,0.1658166666666666,6,-0.015082,0.161147,0.1185184,0.095947,0.0,-0.015082
2025-06-18,0.026,0.0888452539660954,neutral,0.001423032,-0.0887565,0.0503757315062532,43.439076829375715,-0.0095903176075221,-0.7734333131456606,-0.7231566882589381,0.0704042891156462,0.0943764309523809,-0.0018457338435374,-0.0060652671585557,1,2.2857142857142856,0.054732,1,0.0,0.0,0.0,0.0,0.0,0.0
2025-06-19,0.091241,0.0890784838667565,neutral,0.0077846364995,0.065241,0.050881657989123,50.56487377068534,-0.00798056213569,2.509269230769231,3.2827025439148914,0.0718708605442177,0.0953102574829932,0.0018968724489795,-0.0066892136159079,2,2.4285714285714284,0.0853195,2,0.0,0.0,0.091241,0.028253,0.0,0.0
2025-06-20,0.0588138,0.0911916330218951,neutral,0.01490217006744,-0.0324271999999999,0.0511221866897967,48.204878918548616,-0.0092151956894136,-0.355401628653785,-2.864670859423016,0.0704261380952381,0.092317300340136,7.732976190475087e-05,-0.0075537846258503,3,2.2857142857142856,0.2533788,5,0.0518976666666666,0.0,0.024176,0.197365,0.197365,0.0
2025-06-23,0.0404228333333333,0.0939990967944196,neutral,0.0114523680772777,-0.0183909666666666,0.0504251055127957,35.34158764168585,-0.011544570030118,-0.3126981536079402,0.0427034750458448,0.0620227809523809,0.0721441693877551,0.0009798607142857,-0.0014366144636316,3,2.4285714285714284,0.2833143333333333,6,0.0,0.0,0.01949925,0.16454,0.0,0.0
2025-06-24,0.1761105,0.1524557575577256,bullish,0.0501057266864999,0.1356876666666666,0.0524500131682249,57.479436108837696,-0.0024139312295416,3.3567084609770887,3.669406614585029,0.0897394476190476,0.0809953887755102,0.0017851238095237,0.0008761353950811,2,2.2857142857142856,0.2845129999999999,2,0.1761105,0.0,0.1761105,0.283913,0.0,0.0
2025-06-25,0.1023245,0.0979615879457716,neutral,0.0244836947375,-0.073786,0.0510698235198803,53.65943185578008,-0.0011188492194277,-0.4189755863506151,-3.775684047327704,0.0870955904761904,0.085634281632653,0.007575244047619,4.766861329146657e-05,3,2.5714285714285716,0.239275,8,0.239291,0.0,0.1023245,0.1127653333333333,0.0,0.0
2025-06-26,0.0406633333333333,0.0749087660646825,neutral,0.0092824224166666,-0.0616611666666666,0.0520501890326264,43.89680747234805,-0.0050102720426054,-0.6026041335815632,-0.183628547230948,0.0765108523809523,0.0782855707482993,0.0065519178571428,0.0006719383568812,3,2.4285714285714284,0.228275,3,0.0,0.0,0.063555,0.12711,0.0,0.0
