date,sentiment_mean,sentiment_std,sentiment_polarity,weighted_sentiment,sentiment_momentum,sentiment_volatility,sentiment_rsi,sentiment_macd,sentiment_rate_of_change,sentiment_acceleration,sentiment_ma_7d,sentiment_ma_14d,sentiment_trend_7d,sentiment_trend_14d,article_count,article_count_ma_7d,relevance_mean,source_count,Technology_sentiment_score,Finance_sentiment_score,Financial Markets_sentiment_score,Earnings_sentiment_score,Economy - Macro_sentiment_score,Manufacturing_sentiment_score
2024-01-01,0.0789283333333333,0.2120850725636609,neutral,0.0173557880016666,0.0,0.2120850725636609,50.0,0.0,0.0,0.0,0.0789283333333333,0.0789283333333333,0.0,0.0,3,3.0,0.219893,2,0.0,0.0,0.0,0.0,0.0,0.0
2024-01-02,0.226741,0.0927728009041443,bullish,0.0617570304781666,0.1478126666666666,0.1524289367339026,50.0,0.0,1.872745317482104,0.0,0.1528346666666666,0.1528346666666666,0.0,0.0,6,4.5,0.2723681666666667,4,0.0,0.0,0.0,0.0,0.0,0.0
2024-01-03,0.274189,0.1235036910055727,bullish,0.07564168473325,0.047448,0.1427871881577927,50.0,0.0,0.2092607865361802,-0.1003646666666666,0.1932861111111111,0.1932861111111111,0.0,0.0,4,4.333333333333333,0.27587425,2,0.0,0.0,0.0,0.0,0.0,0.0
2024-01-04,0.0980754,0.6212641810794342,neutral,0.0486117781528799,-0.1761136,0.262406436388203,50.0,0.0,-0.6423073135683781,-0.2235616,0.1694834333333333,0.1694834333333333,0.0,0.0,5,4.5,0.4956571999999999,3,0.0,0.0,0.0,0.0,0.0,0.0
2024-01-05,0.296529,0.3134281486696751,bullish,0.0855055011834,0.1984536,0.2726107788444974,50.0,0.0,2.0234798940407077,0.3745672,0.1948925466666666,0.1948925466666666,0.0,0.0,5,4.6,0.2883546,3,0.0,0.0,0.0,0.0,0.0,0.0
2024-01-07,0.2607575,0.0787101771342181,bullish,0.0589606605975,-0.0357715,0.2459357997586089,50.0,0.0,-0.1206340695176526,-0.2342251,0.2058700388888888,0.2058700388888888,0.0,0.0,2,4.166666666666667,0.226113,1,0.0,0.0,0.0,0.0,0.0,0.0
2024-01-08,0.2848602857142857,0.1569039612477584,bullish,0.1259769383088979,0.0241027857142857,0.2587620318273317,50.0,0.0,0.0924337198902649,0.0598742857142857,0.2171543598639455,0.2171543598639455,0.0,0.0,7,4.571428571428571,0.4422411428571428,4,0.0,0.0,0.0,0.0,0.0,0.0
2024-01-09,0.3392085,0.1569489275869701,bullish,0.15524154022775,0.0543482142857142,0.2654510791436112,50.0,0.0,0.1907890183759255,0.0302454285714285,0.2543372408163265,0.2324111273809523,0.2602801666666667,0.0,6,5.0,0.4576581666666666,4,0.0,0.0,0.0,0.0,0.0,0.0
2024-01-10,0.1802008333333333,0.1034079586384271,bullish,0.0505969701841666,-0.1590076666666666,0.1618798346554098,50.0,0.0,-0.4687608555406679,-0.2133558809523809,0.2476886455782312,0.2266099835978836,-0.0465401666666666,0.0,6,5.0,0.280781,4,0.0,0.0,0.0,0.0,0.0,0.0
2024-01-11,0.1591786666666666,0.1376185178867049,bullish,0.0504211160959999,-0.0210221666666666,0.1267179084988157,50.0,0.0,-0.1166596528872878,0.1379855,0.2312585979591836,0.2198668519047619,-0.1150103333333333,0.0,3,4.857142857142857,0.316758,3,0.0,0.0,0.0,0.0,0.0,0.0
2024-01-12,0.349761,0.1523810631694984,bullish,0.14579796029025,0.1905823333333333,0.1414520857058718,50.0,0.0,1.197285649668297,0.2116045,0.2672136836734693,0.2316754108225108,0.2516856,0.0,4,4.714285714285714,0.41685025,2,0.0,0.0,0.0,0.0,0.0,0.0
2024-01-13,-0.86822,0.0,bearish,-0.76061628608,-1.217981,0.1375891168204001,50.0,0.0,-3.4823236438596643,-1.4085633333333334,0.1008209693877551,0.1400174599206349,-1.164749,0.0,1,4.142857142857143,0.876064,1,0.0,0.0,0.0,0.0,0.0,0.0
2024-01-14,0.486934,0.0657496169418499,bullish,0.325295041365,1.355154,0.1147892891591201,50.0,0.0,-1.5608417221441568,2.5731349999999997,0.1331318979591836,0.1667033476190476,0.2261765,0.0,2,4.142857142857143,0.6680475,1,0.0,0.0,0.0,0.0,0.0,0.0
2024-01-15,0.2795076666666666,0.1098133890212543,bullish,0.1350186939523333,-0.2074263333333333,0.1163906467548268,50.0,0.0,-0.4259844934494887,-1.5625803333333332,0.1323672380952381,0.1747607989795918,-0.005352619047619,0.0,3,3.5714285714285716,0.4830589999999999,2,0.0,0.0,0.0,0.0,0.0,0.0
2024-01-16,0.216126,0.112312176891021,bullish,0.075152629476,-0.0633816666666666,0.1100640615059059,50.0,0.0,-0.2267618181015904,0.1440446666666666,0.1147840238095238,0.1845606323129252,-0.1230825,0.1371976666666666,4,3.2857142857142856,0.347726,2,0.0,0.0,0.0,0.0,0.0,0.0
2024-01-17,0.2281294999999999,0.0204884189848802,bullish,0.1065526736944999,0.0120034999999999,0.0770909004597513,50.0,0.0,0.0555393612985015,0.0753851666666666,0.1216309761904761,0.1846598108843537,0.0479286666666666,0.0013884999999999,2,2.7142857142857144,0.4670709999999999,2,0.0,0.0,0.0,0.0,0.0,0.0
2024-01-18,0.141949,0.1426672783857601,neutral,0.029657546519,-0.0861805,0.0902061760449531,50.0,0.0,-0.3777700823435811,-0.0981839999999999,0.1191695952380952,0.1752140965986394,-0.0172296666666666,-0.13224,2,2.5714285714285716,0.208931,2,0.0,0.0,0.0,0.0,0.0,0.0
2024-01-19,0.360428,0.100423159928375,bullish,0.145686439312,0.218479,0.0971408846422581,50.0,0.0,1.5391372957893332,0.3046595,0.1206934523809523,0.1939535680272108,0.010667,0.2623526,4,2.5714285714285716,0.404204,3,0.0,0.0,0.0,0.0,0.0,0.0
2024-01-20,0.196304,0.277615779148088,bullish,0.065698335656,-0.164124,0.1307013626676249,50.0,0.0,-0.4553586291853019,-0.382603,0.2727683095238095,0.1867946394557822,1.064524,-0.1002249999999999,2,2.7142857142857144,0.3346765,2,0.0,0.0,0.0,0.0,0.0,0.0
2024-01-21,0.154573,0.2259842561994087,bullish,0.0338544238869999,-0.041731,0.1534357785293024,50.0,0.0,-0.2125835438911077,0.122393,0.2252881666666666,0.1792100323129251,-0.332361,-0.1061844999999999,2,2.7142857142857144,0.219019,2,0.0,0.0,0.0,0.0,0.0,0.0
2024-01-22,0.2064416363636363,0.233125917145337,bullish,0.0569641163489917,0.0518686363636363,0.1959632781613938,50.0,0.0,0.3355607794610726,0.0935996363636363,0.2148501623376623,0.1736087002164502,-0.0730660303030303,-0.0784186493506493,11,3.857142857142857,0.2759332727272727,5,0.0,0.0,0.0,0.0,0.0,0.0
2024-01-23,0.2666178888888889,0.2105643715473041,bullish,0.0947366531020617,0.0601762525252525,0.2095426967937025,50.0,0.0,0.291492809227956,0.0083076161616161,0.2220632893217893,0.1684236565656565,0.0504918888888888,-0.0725906111111111,9,4.571428571428571,0.3553274444444445,4,0.0,0.0,0.0,0.0,0.0,0.0
2024-01-24,0.328692875,0.1609804480456622,bullish,0.1341706648507968,0.0620749861111111,0.22165415441716,50.0,0.0,0.2328237852673884,0.0018987335858585,0.2364294857503607,0.1790302309704184,0.100563375,0.1484920416666666,8,5.428571428571429,0.408194625,4,0.0,0.0,0.0,0.0,0.0,0.0
2024-01-25,0.1796571538461538,0.2704105060205828,bullish,0.064871420477852,-0.1490357211538461,0.2202130997916589,50.0,0.0,-0.4534193847488972,-0.2111107072649573,0.2418163648712398,0.1804929800546675,0.0377081538461538,0.0204784871794871,13,7.0,0.3610845384615384,5,0.0,0.0,0.0,0.0,0.0,0.0
2024-01-26,0.0785728461538461,0.197643912756775,neutral,0.0200139182266153,-0.1010843076923076,0.2145450311031322,50.0,0.0,-0.5626511693426324,0.0479514134615385,0.2015513428932178,0.1611223976370851,-0.2818551538461539,-0.2711881538461538,13,8.285714285714286,0.254718,5,0.0,0.0,0.0,0.0,0.0,0.0
2024-01-27,0.103546,0.035793745263663,neutral,0.0060486913629999,0.0249731538461538,0.1750785967267974,50.0,0.0,0.3178344055051314,0.1260574615384615,0.188300200036075,0.2305342547799422,-0.092758,0.971766,2,8.285714285714286,0.0584154999999999,1,0.0,0.0,0.0,0.0,0.0,0.0
2024-01-28,0.0460965,0.2308965270083116,neutral,0.00379408767375,-0.0574495,0.1791450278189989,50.0,-0.1371976666666666,-0.554821045718811,-0.0824226538461538,0.1728035571789321,0.1990458619227994,-0.1084764999999999,-0.4408375,2,8.285714285714286,0.0823075,2,0.0,0.0,0.0,0.0,0.0,0.0
2024-01-29,0.1821591249999999,0.1552757680933575,bullish,0.0615719701594999,0.136062625,0.178004091828538,50.0,-0.0013884999999999,2.9516910177562283,0.1935121249999999,0.1693346269841269,0.1920923946608946,-0.0242825113636363,-0.0973485416666666,8,7.857142857142857,0.338012,4,0.0,0.0,0.0,0.0,0.0,0.0
2024-01-30,0.18283525,0.1784771006117751,bullish,0.0579198074873437,0.000676125,0.1596174107467765,50.0,0.13224,0.003711727315335,-0.1353864999999999,0.1573656785714285,0.1897144839466089,-0.0837826388888888,-0.03329075,8,7.714285714285714,0.3167868749999999,3,0.0,0.0,0.0,0.0,0.0,0.0
2024-01-31,0.175937,0.2099311158414694,bullish,0.0660483860141,-0.0068982499999999,0.1620748513637153,50.0,-0.2623526,-0.0377293218895152,-0.007574375,0.1355434107142857,0.1859864482323232,-0.1527558749999999,-0.0521924999999999,10,8.0,0.3754093,6,0.0,0.0,0.0,0.0,0.0,0.0
2024-02-01,0.1174454285714285,0.3455346911087497,neutral,0.0528016862263673,-0.0584915714285714,0.2240230405327326,50.0,0.1002249999999999,-0.3324574786916421,-0.0515933214285714,0.1266560213893249,0.1842361931302824,-0.0622117252747252,-0.0245035714285714,7,7.142857142857143,0.4495848571428572,3,0.0,0.0,0.0,0.0,0.0,0.0
2024-02-02,-0.153851,0.4853677379585503,bearish,-0.083420935369,-0.2712964285714286,0.2749172827227804,50.0,0.1061844999999999,-2.309978616208378,-0.2128048571428571,0.0934526147959183,0.1475019788445681,-0.2324238461538461,-0.514279,3,5.714285714285714,0.542219,2,0.0,0.0,0.0,0.0,0.0,0.0
2024-02-03,0.346718,0.1377278780530652,bullish,0.1324284778093333,0.500569,0.271407704714722,50.0,0.0784186493506493,-3.2535960117256306,0.7718654285714286,0.1281914719387755,0.1582458359874252,0.243172,0.150414,3,5.857142857142857,0.3819486666666666,1,0.0,0.0,0.0,0.0,0.0,0.0
2024-02-04,0.261789,0.176688229582505,bullish,0.119995700352,-0.084929,0.2710499305088679,50.0,0.0725906111111111,-0.2449512283757983,-0.5854980000000001,0.1590046862244898,0.1659041217017109,0.2156925,0.107216,3,6.0,0.458368,1,0.0,0.0,0.0,0.0,0.0,0.0
2024-02-05,0.3111295,0.0990550534425175,bullish,0.21196054986425,0.0493405,0.2488747180290775,50.0,-0.1484920416666666,0.1884743056430942,0.1342695,0.1774290255102041,0.1733818262471655,0.128970375,0.1046878636363636,2,5.142857142857143,0.6812615,2,0.0,0.0,0.0,0.0,0.0,0.0
2024-02-06,0.343463,0.0,bullish,0.186342072557,0.0323335,0.2247097247591595,50.0,-0.0204784871794871,0.1039229645533452,-0.0170069999999999,0.2003758469387755,0.178870762755102,0.16062775,0.0768451111111111,1,4.142857142857143,0.542539,1,0.0,0.0,0.0,0.0,0.0,0.0
2024-02-07,0.065333,0.0,neutral,0.005429629631,-0.27813,0.1378237203593625,50.0,0.2711881538461538,-0.8097815485219659,-0.3104635,0.1845752755102041,0.1600593431122448,-0.110604,-0.263359875,1,2.857142857142857,0.083107,1,0.0,0.0,0.0,0.0,0.0,0.0
2024-02-09,0.2080799999999999,0.0926393811022072,bullish,0.1251182959199999,0.1427469999999999,0.1227942213757432,50.0,-0.971766,2.1849142087459623,0.4208769999999999,0.1975230714285714,0.1620895464089481,0.0906345714285713,0.0284228461538461,3,2.2857142857142856,0.601299,2,0.0,0.0,0.0,0.0,0.0,0.0
2024-02-10,0.524804,0.0,bullish,0.375771734492,0.3167240000000001,0.0958472172723624,50.0,0.4408375,1.522126105344099,0.1739770000000001,0.2944737857142857,0.193963200255102,0.678655,0.4462311538461538,1,2.0,0.716023,1,0.0,0.0,0.0,0.0,0.0,0.0
2024-02-12,0.3734996666666666,0.0405047247285218,bullish,0.1647687554505555,-0.1513043333333334,0.0665720529153645,50.0,0.0973485416666666,-0.2883063645348233,-0.4680283333333335,0.2982997380952381,0.2132456050170068,0.0267816666666665,0.2699536666666666,3,2.0,0.4411483333333333,2,0.0,0.0,0.0,0.0,0.0,0.0
2024-02-13,0.3585626,0.1883118688752783,bullish,0.21407714696676,-0.0149370666666666,0.1071519915686691,50.0,0.03329075,-0.0399921820546023,0.1363672666666668,0.312124538095238,0.2355646121598639,0.0967736,0.3124661,5,2.2857142857142856,0.5970426,4,0.0,0.0,0.0,0.0,0.0,0.0
2024-02-14,0.1736925,0.012834695185317,bullish,0.02741675320125,-0.1848700999999999,0.0835726674728311,50.0,0.0521924999999999,-0.5155866785883413,-0.1699330333333333,0.292490680952381,0.2349598532312925,-0.1374369999999999,-0.0084666249999999,2,2.2857142857142856,0.1578465,2,0.0,0.0,0.0,0.0,0.0,0.0
2024-02-15,0.194872,0.0,bullish,0.0181794140079999,0.0211794999999999,0.0805504295963724,50.0,0.0245035714285714,0.121936756048764,0.2060495999999999,0.2712633952380952,0.2358196210884353,-0.148591,0.0120367499999999,1,2.2857142857142856,0.093289,1,0.0,0.0,0.0,0.0,0.0,0.0
2024-02-16,0.2123239999999999,0.1865107272464508,bullish,0.1173124071839999,0.0174519999999999,0.107040504008892,50.0,0.514279,0.0895562215197667,-0.0037274999999999,0.2922621095238095,0.2384186925170068,0.1469909999999999,0.0363869999999999,2,2.4285714285714284,0.552516,1,0.0,0.0,0.0,0.0,0.0,0.0
2024-02-17,0.482519,0.02654903120643,bullish,0.299390011487,0.2701949999999999,0.103551580628369,50.0,-0.150414,1.272559861343984,0.2527429999999999,0.331467680952381,0.2644953761904762,0.274439,0.3650735714285714,2,2.2857142857142856,0.620473,1,0.0,0.0,0.0,0.0,0.0,0.0
2024-02-18,0.386264,0.0,bullish,0.17572887548,-0.0962549999999999,0.0752981512127326,50.0,-0.107216,-0.1994843726361034,-0.3664499999999999,0.3116762523809523,0.3030750190476191,-0.13854,0.540115,1,2.2857142857142856,0.454945,1,0.0,0.0,0.0,0.0,0.0,0.0
2024-02-20,0.094492375,0.1373925792396251,neutral,0.0240652767245859,-0.291771625,0.116817445897502,50.0,-0.1046878636363636,-0.755368413830955,-0.195516625,0.2718180678571428,0.2850589029761904,-0.2790072916666666,-0.252225625,16,4.142857142857143,0.2546795625,8,0.0,0.0,0.0,0.0,0.0,0.0
2024-02-21,0.0715011,0.1722389473450893,neutral,0.01107726501684,-0.0229912749999999,0.1306728212593988,50.0,-0.0768451111111111,-0.2433135477862631,0.26878035,0.2308092821428571,0.2714669101190476,-0.2870614999999999,-0.1902878999999999,10,4.857142857142857,0.1549244,7,0.0,0.0,0.0,0.0,0.0,0.0
2024-02-22,0.26787225,0.3688182755046854,bullish,0.0905764475092499,0.1963711499999999,0.1762497083239574,50.0,0.263359875,2.746407397928143,0.2193624249999999,0.2442635321428571,0.2683771065476191,0.0941797499999999,-0.04325725,4,5.142857142857143,0.3381329999999999,4,0.0,0.0,0.0,0.0,0.0,0.0
2024-02-23,0.2093116,0.0966129262588604,bullish,0.0363450755356,-0.0585606499999999,0.193765682087065,50.0,-0.0284228461538461,-0.2186140968316052,-0.2549317999999999,0.2463263321428571,0.2587948636904761,0.0144396,-0.1341514,5,5.714285714285714,0.173641,3,0.0,0.0,0.0,0.0,0.0,0.0
2024-02-24,0.362132,0.0,bullish,0.098346360032,0.1528204,0.193765682087065,50.0,-0.4462311538461538,0.7301095591453124,0.2113810499999999,0.267727475,0.2799947922619047,0.149808,0.296799,1,5.571428571428571,0.271576,1,0.0,0.0,0.0,0.0,0.0,0.0
2024-02-26,0.1095363333333333,0.1117614013703598,neutral,0.0370421574281111,-0.2525956666666666,0.1873578876197487,50.0,-0.2699536666666666,-0.697523739041749,-0.4054160666666666,0.2144442369047619,0.2729559589285714,-0.3729826666666666,-0.0985436666666666,6,6.142857142857143,0.3381723333333333,5,0.0,0.0,0.0,0.0,0.0,0.0
2024-02-27,0.167019,0.0,bullish,0.010010283765,0.0574826666666666,0.1923975343779685,50.0,-0.3124661,0.5247817314802699,0.3100783333333333,0.1831235226190476,0.2473998875,-0.219245,-0.357785,1,6.142857142857143,0.059935,1,0.0,0.0,0.0,0.0,0.0,0.0
2024-02-28,0.129207,0.1915434882465772,neutral,0.024102402987,-0.037812,0.1333059386252658,50.0,0.0084666249999999,-0.2263934043432185,-0.0952946666666666,0.1880827547619047,0.2299504113095238,0.0347146249999999,-0.2442926666666666,7,4.857142857142857,0.186541,3,0.0,0.0,0.0,0.0,0.0,0.0
2024-02-29,0.0064804999999999,0.3672775813717739,neutral,0.0028427372100833,-0.1227265,0.2235274903295703,50.0,-0.0120367499999999,-0.9498440486970522,-0.0849144999999999,0.1787940976190476,0.2048016898809523,-0.0650206,-0.3520821,6,4.285714285714286,0.4386601666666667,2,0.0,0.0,0.0,0.0,0.0,0.0
2024-03-01,0.2229045,0.321570243773425,bullish,0.117006138522,0.216424,0.248038178690534,50.0,-0.0363869999999999,33.39618856569719,0.3391505,0.1723701333333333,0.2083168327380952,-0.0449677499999999,0.0492119999999999,2,4.0,0.5249159999999999,1,0.0,0.0,0.0,0.0,0.0,0.0
2024-03-02,0.584585,0.0,bullish,0.475364061525,0.3616805,0.293463771130592,50.0,-0.3650735714285714,1.6225805221518632,0.1452564999999999,0.225980619047619,0.2361534755952381,0.3752734,0.389713,1,3.4285714285714284,0.813165,1,0.0,0.0,0.0,0.0,0.0,0.0
2024-03-03,0.518859,0.0,bullish,0.3170762914769999,-0.065726,0.293463771130592,50.0,-0.5401149999999999,-0.1124318961314437,-0.4274065000000001,0.2483701904761905,0.2580488327380952,0.1567269999999999,0.306535,1,3.4285714285714284,0.611103,1,0.0,0.0,0.0,0.0,0.0,0.0
2024-03-04,0.2946755,0.192852767966913,bullish,0.13707818045425,-0.2241834999999999,0.2939001977040373,50.0,0.252225625,-0.4320701770615909,-0.1584574999999999,0.2748186428571428,0.2446314398809523,0.1851391666666666,-0.1878435,2,2.857142857142857,0.4651834999999999,2,0.0,0.0,0.0,0.0,0.0,0.0
2024-03-05,0.2871678571428571,0.1471598969312275,bullish,0.0958122017443877,-0.0075076428571428,0.2205276362238552,50.0,0.1902878999999999,-0.0254776622323296,0.2166758571428571,0.2919827653061224,0.237553143962585,0.1201488571428571,-0.0990961428571428,7,3.7142857142857144,0.3336452857142857,4,0.0,0.0,0.0,0.0,0.0,0.0
2024-03-06,0.555409,0.0,bullish,0.322668191004,0.2682411428571429,0.1700063324490703,50.0,0.04325725,0.9340918079271708,0.2757487857142857,0.3528687653061224,0.2704757600340136,0.4262020000000001,0.460916625,1,2.857142857142857,0.580956,1,0.0,0.0,0.0,0.0,0.0,0.0
2024-03-07,0.1086456666666666,0.0546266311640515,neutral,0.0215664183398888,-0.4467633333333333,0.1315464320207307,50.0,0.1341513999999999,-0.8043861970787893,-0.7150044761904762,0.3674637891156463,0.2731289433673469,0.1021651666666667,0.0371445666666666,3,2.4285714285714284,0.1985023333333333,2,0.0,0.0,0.0,0.0,0.0,0.0
2024-03-09,0.234316,0.0713187899504751,bullish,0.089476727866,0.1256703333333333,0.1164895215031668,50.0,-0.296799,1.1566989939773635,0.5724336666666667,0.3690940034013605,0.2707320683673469,0.0114114999999999,-0.0335562499999999,2,2.4285714285714284,0.3818635,1,0.0,0.0,0.0,0.0,0.0,0.0
2024-03-10,0.149776,0.0,neutral,0.020214967168,-0.08454,0.0910351060152514,50.0,0.0985436666666666,-0.360794824083716,-0.2102103333333333,0.3069784319727891,0.266479525510204,-0.434809,-0.0595356,1,2.4285714285714284,0.134968,1,0.0,0.0,0.0,0.0,0.0,0.0
2024-03-11,0.223297,0.0918474159571187,bullish,0.05956988970225,0.073521,0.0725976123572152,50.0,0.357785,0.4908730370686895,0.158061,0.2647552891156463,0.2565627397959183,-0.2955619999999999,-0.138835,4,2.857142857142857,0.26677425,3,0.0,0.0,0.0,0.0,0.0,0.0
2024-03-12,0.1225053333333333,0.1953693813199328,neutral,0.0552733446871111,-0.1007916666666667,0.1032905545978946,50.0,0.2442926666666666,-0.4513794035149003,-0.1743126666666667,0.2401595510204081,0.2574890969387755,-0.1721701666666666,0.0129689999999999,3,3.0,0.4511913333333333,3,0.0,0.0,0.0,0.0,0.0,0.0
2024-03-13,0.2350193333333333,0.1500857365052833,bullish,0.0682706878002222,0.112514,0.1271553309332025,50.0,0.3520821,0.9184416460779944,0.2133056666666667,0.2327097619047619,0.2623462636054421,-0.0521485238095238,0.0680003333333333,3,2.4285714285714284,0.2904896666666667,2,0.0,0.0,0.0,0.0,0.0,0.0
2024-03-14,0.1923475,0.2720204431885589,bullish,0.11073185905875,-0.0426718333333333,0.1773307442427234,50.0,-0.0492119999999999,-0.1815673320492782,-0.1551858333333333,0.1808438333333333,0.2668562993197279,-0.3630615,0.0631405,2,2.5714285714285716,0.5756865,2,0.0,0.0,0.0,0.0,0.0,0.0
2024-03-15,0.096482,0.0935841682764771,neutral,0.036005201001,-0.0958655,0.1605814290494742,50.0,-0.389713,-0.4983974317316315,-0.0531936666666666,0.1791061666666666,0.2732849778911564,-0.0121636666666666,0.0900015,2,2.4285714285714284,0.3731805,2,0.0,0.0,0.0,0.0,0.0,0.0
2024-03-17,0.350424,0.0,bullish,0.12540448476,0.253942,0.177764932322563,50.0,-0.306535,2.6320142617275764,0.3498075,0.1956930238095238,0.2823935136054422,0.116108,0.1275195,1,2.2857142857142856,0.357865,1,0.0,0.0,0.0,0.0,0.0,0.0
2024-03-18,0.2227693333333333,0.2044638104465759,bullish,0.087812997968,-0.1276546666666666,0.1800385396042238,50.0,0.1878435,-0.3642863122008386,-0.3815966666666667,0.2061206428571428,0.2565495374149659,0.0729933333333333,-0.3618156666666666,3,2.5714285714285716,0.394188,3,0.0,0.0,0.0,0.0,0.0,0.0
2024-03-19,0.4243625,0.0644648039204339,bullish,0.2106724291312499,0.2015931666666666,0.1586333064580115,50.0,0.0990961428571428,0.9049412845574194,0.3292478333333333,0.2348442857142857,0.2497997874149659,0.2010654999999999,-0.0944964999999999,2,2.2857142857142856,0.4964444999999999,2,0.0,0.0,0.0,0.0,0.0,0.0
2024-03-20,0.2690906666666666,0.1317361395454312,bullish,0.1474956804542222,-0.1552718333333333,0.1235622305472295,50.0,-0.460916625,-0.3658943316936188,-0.356865,0.2557850476190476,0.2479722993197279,0.1465853333333333,-0.0255848333333333,3,2.2857142857142856,0.5481263333333334,3,0.0,0.0,0.0,0.0,0.0,0.0
2024-03-21,0.251086,0.0959939881867609,bullish,0.073388545967,-0.0180046666666666,0.1241646855248005,50.0,-0.0371445666666666,-0.0669092945128777,0.1372671666666667,0.2580802857142857,0.2453950238095238,0.0160666666666667,-0.0360818571428571,2,2.142857142857143,0.2922845,2,0.0,0.0,0.0,0.0,0.0,0.0
2024-03-22,0.155212,0.0,bullish,0.0077674293279999,-0.095874,0.1241646855248005,50.0,0.0335562499999999,-0.3818372987741253,-0.0778693333333334,0.2527752142857143,0.2168095238095237,-0.0371355,-0.400197,1,2.0,0.050044,1,0.0,0.0,0.0,0.0,0.0,0.0
2024-03-24,0.043078,0.0,neutral,0.002909315808,-0.1121339999999999,0.0973983105508754,50.0,0.0595356,-0.7224570265185681,-0.0162599999999999,0.2451460714285714,0.212126119047619,-0.053404,-0.0655676666666666,1,1.8571428571428572,0.067536,1,0.0,0.0,0.0,0.0,0.0,0.0
2024-03-25,0.095618,0.14980765962727,neutral,0.0255659902406666,0.0525399999999999,0.1258459291198207,50.0,0.138835,1.2196480802265657,0.164674,0.2087452142857142,0.202219119047619,-0.254806,-0.138698,3,2.142857142857143,0.2673763333333333,2,0.0,0.0,0.0,0.0,0.0,0.0
2024-03-26,0.3551297142857143,0.184178102482999,bullish,0.2194300337708571,0.2595117142857143,0.1433265834323433,50.0,-0.0129689999999999,2.714046667841979,0.2069717142857143,0.2276538401360544,0.2168872414965986,0.1323603809523809,0.2053537142857143,7,2.7142857142857144,0.617887,5,0.0,0.0,0.0,0.0,0.0,0.0
2024-03-27,0.213028,0.1506288515026255,bullish,0.1049719816057142,-0.1421017142857143,0.1615382045376315,50.0,-0.0680003333333333,-0.4001403109045066,-0.4016134285714287,0.1974631972789115,0.2161537414965986,-0.2113344999999999,-0.010269,7,3.4285714285714284,0.4927614285714286,3,0.0,0.0,0.0,0.0,0.0,0.0
2024-03-28,0.14716025,0.1165719288004192,neutral,0.0367238771775625,-0.06586775,0.1502966356033284,50.0,-0.0631405,-0.3091976172146384,0.0762339642857143,0.1800445663265306,0.2179148069727891,-0.1219304166666666,0.0246549166666666,4,3.5714285714285716,0.24955025,2,0.0,0.0,0.0,0.0,0.0,0.0
2024-03-29,0.305715,0.111694587156227,bullish,0.19162766487,0.15855475,0.1425762259139081,50.0,-0.0900015,1.0774291970827723,0.2244225,0.1878487091836735,0.2229644974489796,0.0546289999999999,0.0706956666666666,2,3.5714285714285716,0.626818,2,0.0,0.0,0.0,0.0,0.0,0.0
2024-03-30,0.2208895,0.0717381042717188,bullish,0.10935454987275,-0.0848255,0.1269623148427979,50.0,-0.1275195,-0.2774659405001389,-0.24338025,0.1972312091836734,0.2250032117346938,0.0656775,0.028542,2,3.7142857142857144,0.4950645,1,0.0,0.0,0.0,0.0,0.0,0.0
2024-03-31,0.321191,0.1735203516622762,bullish,0.1215099813373333,0.1003014999999999,0.1248307646786533,50.0,0.3618156666666666,0.4540799811670539,0.1851269999999999,0.236961637755102,0.2410538545918367,0.278113,0.224709,3,4.0,0.3783106666666667,1,0.0,0.0,0.0,0.0,0.0,0.0
2024-04-01,0.2311685,0.1602523169270884,bullish,0.10391497970425,-0.0900225,0.1267554577635459,50.0,0.0944964999999999,-0.2802771559601608,-0.190324,0.2563259948979591,0.2325356045918367,0.1355505,-0.1192555,2,3.857142857142857,0.4495205,2,0.0,0.0,0.0,0.0,0.0,0.0
2024-04-02,0.27466775,0.0978590975310079,bullish,0.0995956934879374,0.0434992499999999,0.1230128915096636,50.0,0.0255848333333333,0.1881711824924243,0.13352175,0.2448314285714285,0.2362426343537415,-0.0804619642857143,0.0518984166666666,4,3.4285714285714284,0.3626042499999999,3,0.0,0.0,0.0,0.0,0.0,0.0
2024-04-03,0.1185483333333333,0.2598358129501525,neutral,0.0333773425241666,-0.1561194166666666,0.1526411366684488,50.0,0.0360818571428571,-0.5683936926219648,-0.1996186666666666,0.2313343333333333,0.2143987653061224,-0.0944796666666666,-0.3058141666666666,6,3.2857142857142856,0.2815505,3,0.0,0.0,0.0,0.0,0.0,0.0
2024-04-04,0.1349508333333333,0.4026150164668062,neutral,0.0832031490784722,0.0164025,0.2188165191074663,50.0,0.400197,0.138361287238679,0.1725219166666666,0.2295901309523809,0.2048173486394558,-0.0122094166666666,-0.1341398333333333,6,3.5714285714285716,0.6165441666666667,3,0.0,0.0,0.0,0.0,0.0,0.0
2024-04-05,0.2860861428571429,0.288454081359829,bullish,0.105777449590551,0.1511353095238095,0.2418032650469768,50.0,0.0655676666666666,1.119928686549864,0.1347328095238095,0.2267860085034014,0.2073173588435373,-0.0196288571428571,0.0350001428571428,7,4.285714285714286,0.3697398571428572,4,0.0,0.0,0.0,0.0,0.0,0.0
2024-04-06,0.021436,0.0,neutral,0.0016213118599999,-0.2646501428571429,0.2621910020769489,50.0,0.138698,-0.925071519417478,-0.4157854523809524,0.1982926513605442,0.1977619302721088,-0.1994535,-0.1337759999999999,1,4.142857142857143,0.075635,1,0.0,0.0,0.0,0.0,0.0,0.0
2024-04-07,0.455846,0.1716614848415333,bullish,0.230303427812,0.4344099999999999,0.2806415989045803,50.0,-0.2053537142857143,20.26544131367792,0.6990601428571428,0.2175290799319727,0.2272453588435374,0.1346549999999999,0.4127679999999999,2,4.0,0.5052220000000001,1,0.0,0.0,0.0,0.0,0.0,0.0
2024-04-08,0.158311,0.0,bullish,0.076748856178,-0.297535,0.2875768608893895,50.0,0.010269,-0.6527094676710994,-0.731945,0.2071208656462585,0.2317234302721088,-0.0728574999999999,0.062693,1,3.857142857142857,0.484798,1,0.0,0.0,0.0,0.0,0.0,0.0
2024-04-09,0.357579,0.2194185889162538,bullish,0.1471508385642,0.1992679999999999,0.2265113850392054,50.0,-0.0246549166666666,1.2587122815218144,0.496803,0.2189653299319727,0.2318983792517006,0.0829112499999999,0.0024492857142856,5,4.0,0.4115198,3,0.0,0.0,0.0,0.0,0.0,0.0
2024-04-10,0.2170816666666666,0.0451881097893387,bullish,0.0553328143433333,-0.1404973333333333,0.145422727849042,50.0,-0.0706956666666666,-0.392912708333916,-0.3397653333333333,0.2330415204081632,0.2321879268707483,0.0985333333333333,0.0040536666666666,3,3.5714285714285716,0.254894,2,0.0,0.0,0.0,0.0,0.0,0.0
2024-04-11,-0.0059706666666666,0.4255387339835627,neutral,-0.0021317807582222,-0.2230523333333333,0.2154517293826721,50.0,-0.028542,-1.0275042418751774,-0.0825549999999999,0.2129098775510204,0.2212500042517007,-0.1409214999999999,-0.1531309166666666,3,3.142857142857143,0.3570423333333334,3,0.0,0.0,0.0,0.0,0.0,0.0
2024-04-12,0.215795,0.1031682070213493,bullish,0.09052098526625,0.2217656666666666,0.1983284099276261,50.0,-0.224709,-37.14253014738726,0.4448179999999999,0.2028682857142856,0.2148271471088435,-0.0702911428571428,-0.08992,4,2.7142857142857144,0.41947675,2,0.0,0.0,0.0,0.0,0.0,0.0
2024-04-13,0.419841,0.0,bullish,0.281055420153,0.204046,0.1983284099276261,50.0,0.1192555,0.9455548089622094,-0.0177196666666666,0.2597832857142857,0.2290379685374149,0.398405,0.1989515,1,2.7142857142857144,0.669433,1,0.0,0.0,0.0,0.0,0.0,0.0
2024-04-14,0.136039,0.0958384246948998,neutral,0.0245641541129999,-0.283802,0.1674333688722876,50.0,-0.0518984166666666,-0.6759749524224647,-0.487848,0.2140965714285714,0.2158128256802721,-0.3198069999999999,-0.185152,2,2.7142857142857144,0.1805669999999999,1,0.0,0.0,0.0,0.0,0.0,0.0
2024-04-15,0.2920284,0.1431853509556756,bullish,0.1529784932832,0.1559894,0.1919326791638719,50.0,0.3058141666666666,1.1466520630113428,0.4397914,0.2331990571428571,0.2201599613945578,0.1337174,0.0608599,5,3.2857142857142856,0.523848,3,0.0,0.0,0.0,0.0,0.0,0.0
2024-04-16,0.1763819999999999,0.0911955845504594,bullish,0.0483287738292,-0.1156464,0.108346891805596,50.0,0.1341398333333333,-0.3960107989496912,-0.2716358000000001,0.2073137714285714,0.2131395506802721,-0.181197,-0.09828575,5,3.2857142857142856,0.2740006,3,0.0,0.0,0.0,0.0,0.0,0.0
2024-04-17,0.2911093333333333,0.1350689986246535,bullish,0.1068408612364444,0.1147273333333333,0.1163220897064221,50.0,-0.0350001428571428,0.6504480804919626,0.2303737333333333,0.2178891523809523,0.2254653363945578,0.0740276666666666,0.172561,6,3.7142857142857144,0.3670128333333333,3,0.0,0.0,0.0,0.0,0.0,0.0
2024-04-18,0.2372515,0.1488062971976208,bullish,0.098587310371375,-0.0538578333333333,0.1228189312046618,50.0,0.1337759999999999,-0.1850089542531557,-0.1685851666666666,0.2526351761904762,0.2327725268707483,0.2432221666666666,0.1023006666666666,4,3.857142857142857,0.41553925,2,0.0,0.0,0.0,0.0,0.0,0.0
2024-04-19,0.168593,0.091081678503418,bullish,0.0406536393363999,-0.0686585,0.1218675819663655,50.0,-0.4127679999999999,-0.2893912156509021,-0.0148006666666666,0.2458920333333333,0.2243801595238095,-0.047202,-0.1174931428571429,5,4.0,0.2411347999999999,3,0.0,0.0,0.0,0.0,0.0,0.0
2024-04-21,0.0397205,0.1746589104869831,neutral,0.0046744276015,-0.1288725,0.128162293872627,50.0,-0.062693,-0.7644000640595991,-0.0602139999999999,0.1915891047619047,0.2256861952380952,-0.3801205,0.0182845,2,4.142857142857143,0.117683,2,0.0,0.0,0.0,0.0,0.0,0.0
2024-04-22,0.1650787777777777,0.2199119640411691,bullish,0.0560484453933456,0.1253582777777777,0.1539055697707689,50.0,-0.0024492857142856,3.156009561253704,0.2542307777777777,0.1957376444444444,0.2049171079365079,0.0290397777777777,-0.2907672222222222,9,5.142857142857143,0.3395254444444444,4,0.0,0.0,0.0,0.0,0.0,0.0
2024-04-23,0.2162355,0.2114649692439947,bullish,0.079164591393875,0.0511567222222222,0.1691847638946371,50.0,-0.0040536666666666,0.309892785195486,-0.0742015555555554,0.1849100873015872,0.2090545722222222,-0.0757929,0.0579245,12,6.142857142857143,0.3661035833333333,3,0.0,0.0,0.0,0.0,0.0,0.0
2024-04-24,0.2172043636363636,0.1865827257032508,bullish,0.0856906164702148,0.0009688636363635,0.1767400495957631,50.0,0.1531309166666666,0.0044805947051413,-0.0501878585858586,0.1907418535353535,0.1990278124819625,0.0408223636363636,-0.1403746363636363,11,7.0,0.3945160909090909,5,0.0,0.0,0.0,0.0,0.0,0.0
2024-04-25,0.2134329999999999,0.1960870741923937,bullish,0.08477382677775,-0.0037713636363636,0.1977411287335583,50.0,0.08992,-0.0173632038197792,-0.0047402272727272,0.1796452344877344,0.1987671934343434,-0.0776763333333333,-0.0036486666666666,4,6.714285714285714,0.39719175,3,0.0,0.0,0.0,0.0,0.0,0.0
2024-04-26,0.2620873333333333,0.2327616389878996,bullish,0.0702310185386666,0.0486543333333333,0.2093616744337416,50.0,-0.1989515,0.2279606871164878,0.0524256969696969,0.1831932106782106,0.2179141934343434,0.0248358333333333,0.268058,3,6.571428571428571,0.267968,2,0.0,0.0,0.0,0.0,0.0,0.0
2024-04-27,0.2474576666666666,0.1520152447103031,bullish,0.0985094326926666,-0.0146296666666666,0.1957823305675684,50.0,0.185152,-0.0558198157865953,-0.063284,0.1944595916305916,0.2201758124819624,0.0788646666666666,0.0316626666666666,3,6.285714285714286,0.398086,2,0.0,0.0,0.0,0.0,0.0,0.0
2024-04-28,0.1655809999999999,0.0823185430386131,bullish,0.0325033847189999,-0.0818766666666666,0.169953045326492,50.0,-0.0608599,-0.3308714083082225,-0.067247,0.212439663059163,0.2020143839105339,0.1258605,-0.25426,2,6.285714285714286,0.196299,1,0.0,0.0,0.0,0.0,0.0,0.0
2024-04-29,0.0714529999999999,0.5879994815916082,neutral,0.0483848038503333,-0.0941279999999999,0.2502363965041635,50.0,0.09828575,-0.5684710202257506,-0.0122513333333333,0.1990645519480519,0.1974010981962482,-0.0936257777777777,-0.064586,3,5.428571428571429,0.6771556666666667,1,0.0,0.0,0.0,0.0,0.0,0.0
2024-04-30,0.2113995,0.0905824999903403,bullish,0.11223611684025,0.1399465,0.2291354816637529,50.0,-0.172561,1.958581165241488,0.2340745,0.1983736948051948,0.191641891053391,-0.004836,-0.0806289,2,4.0,0.5309195,2,0.0,0.0,0.0,0.0,0.0,0.0
2024-05-01,0.227906,0.2342671160634088,bullish,0.090601132638,0.0165064999999999,0.2294365770788547,50.0,-0.1023006666666666,0.0780820200615421,-0.12344,0.1999025,0.1953221767676767,0.0107016363636363,0.051524,7,3.4285714285714284,0.3975372857142857,4,0.0,0.0,0.0,0.0,0.0,0.0
2024-05-02,0.07755525,0.3846035744194923,neutral,0.03816648963,-0.1503507499999999,0.2759542430206925,50.0,0.1174931428571429,-0.6597050977157248,-0.1668572499999999,0.1804913928571428,0.1800683136724386,-0.1358777499999999,-0.2135540833333333,4,3.4285714285714284,0.49212,3,0.0,0.0,0.0,0.0,0.0,0.0
2024-05-03,0.101069,0.0112532412664085,neutral,0.0103818750593333,0.0235137499999999,0.2617411826662516,50.0,-0.0182845,0.303187082757131,0.1738644999999999,0.1574887738095238,0.1703409922438672,-0.1610183333333333,-0.1361824999999999,3,3.4285714285714284,0.1027206666666666,1,0.0,0.0,0.0,0.0,0.0,0.0
2024-05-04,-0.577696,0.0337134371134121,bearish,-0.4434278956799999,-0.678765,0.1508839737706124,50.0,0.2907672222222222,-6.71585748350137,-0.70227875,0.0396096785714285,0.1170346351010101,-0.8251536666666667,-0.746289,2,3.2857142857142856,0.7675799999999999,1,0.0,0.0,0.0,0.0,0.0,0.0
2024-05-05,0.24719,0.1060914730221048,bullish,0.098078441465,0.824886,0.1539857683769653,50.0,-0.0579245,-1.4278894089624994,1.503651,0.0512681071428571,0.1318538851010101,0.081609,0.2074694999999999,2,3.2857142857142856,0.3967735,1,0.0,0.0,0.0,0.0,0.0,0.0
2024-05-06,0.1539418,0.1523723707294074,bullish,0.03552034620184,-0.0932482,0.137606819310165,50.0,0.1403746363636363,-0.3772328977709455,-0.9181342,0.0630522214285714,0.1310583866883116,0.0824888,-0.0111369777777777,5,3.5714285714285716,0.2307388,4,0.0,0.0,0.0,0.0,0.0,0.0
2024-05-07,0.35029,0.1755336015753109,bullish,0.31995663745,0.1963482,0.0957928247413288,50.0,0.0036486666666666,1.2754703400895666,0.2895964,0.0828937214285714,0.1406337081168831,0.1388904999999999,0.1340544999999999,2,3.5714285714285716,0.913405,2,0.0,0.0,0.0,0.0,0.0,0.0
2024-05-08,0.0999689999999999,0.1050490515283217,neutral,0.0397011221689999,-0.250321,0.1145519867937114,50.0,-0.268058,-0.7146107510919524,-0.4466692,0.0646170071428571,0.1322597535714285,-0.127937,-0.1172353636363636,3,3.0,0.3971343333333333,2,0.0,0.0,0.0,0.0,0.0,0.0
2024-05-09,0.240714,0.2351983489674194,bullish,0.10260313893,0.140745,0.1548489691645129,50.0,-0.0316626666666666,1.4078864447978878,0.391066,0.0879254,0.1342083964285714,0.16315875,0.027281,3,2.857142857142857,0.426245,2,0.0,0.0,0.0,0.0,0.0,0.0
2024-05-10,0.534709,0.0,bullish,0.094377207918,0.293995,0.1670383432001149,50.0,0.25426,1.2213456633182944,0.15325,0.1498739714285714,0.1536813726190476,0.4336399999999999,0.2726216666666666,1,2.5714285714285716,0.176502,1,0.0,0.0,0.0,0.0,0.0,0.0
2024-05-11,0.266097,0.0196773675068592,bullish,0.0893257027845,-0.2686119999999999,0.1338645923944778,50.0,0.064586,-0.5023517464639644,-0.562607,0.2704158285714286,0.1550127535714285,0.843793,0.0186393333333333,2,2.5714285714285716,0.3356885,2,0.0,0.0,0.0,0.0,0.0,0.0
2024-05-12,0.4230576666666666,0.0769147073668835,bullish,0.2133121624175555,0.1569606666666665,0.109209868842371,50.0,0.0806289,0.5898625939663602,0.4255726666666665,0.2955397809523809,0.173403944047619,0.1758676666666666,0.2574766666666666,3,2.7142857142857144,0.5042153333333333,1,0.0,0.0,0.0,0.0,0.0,0.0
2024-05-13,0.3292644,0.2192885049228527,bullish,0.1315536398472,-0.0937932666666666,0.1377697321910037,50.0,-0.051524,-0.221703266615347,-0.2507539333333332,0.3205858666666667,0.191819044047619,0.1753226,0.2578114,5,2.7142857142857144,0.399538,3,0.0,0.0,0.0,0.0,0.0,0.0
2024-05-14,0.4067855,0.0137355492245486,bullish,0.261051340341,0.0775211,0.082404032255286,50.0,0.2135540833333333,0.2354372352431664,0.1713143666666666,0.3286566523809524,0.2057751869047619,0.0564955,0.195386,2,2.7142857142857144,0.641742,2,0.0,0.0,0.0,0.0,0.0,0.0
2024-05-15,0.237684,0.1191602205519946,bullish,0.12868152339,-0.1691015,0.0897552699146277,50.0,0.1361824999999999,-0.4157018871124954,-0.2466226,0.3483302238095238,0.2064736154761905,0.137715,0.009778,2,2.5714285714285716,0.5413975,2,0.0,0.0,0.0,0.0,0.0,0.0
2024-05-16,0.217917,0.2799750758647991,bullish,0.129444005502,-0.019767,0.1418148115862157,50.0,0.746289,-0.0831650426616853,0.1493345,0.3450735095238095,0.2164994547619047,-0.022797,0.1403617499999999,5,2.857142857142857,0.594006,3,0.0,0.0,0.0,0.0,0.0,0.0
2024-05-17,0.3533603333333333,0.2844279427101587,bullish,0.1366742409547778,0.1354433333333333,0.1833174586548707,50.0,-0.2074695,0.6215363341700433,0.1552103333333333,0.3191665571428571,0.2345202642857143,-0.1813486666666666,0.2522913333333333,3,3.142857142857143,0.3867843333333334,2,0.0,0.0,0.0,0.0,0.0,0.0
2024-05-19,0.047089,0.0,neutral,0.002753388008,-0.3062713333333333,0.1743246970878753,50.0,0.0111369777777777,-0.8667394284021692,-0.4417146666666667,0.2878797,0.2791477642857143,-0.219008,0.624785,1,3.0,0.058472,1,0.0,0.0,0.0,0.0,0.0,0.0
2024-05-20,0.3381415,0.1111267804109342,bullish,0.2300197409505,0.2910525,0.1986725048844717,50.0,-0.1340544999999999,6.1809021215145785,0.5973238333333333,0.275748819047619,0.2856443,-0.0849161666666666,0.0909514999999999,2,2.857142857142857,0.680247,2,0.0,0.0,0.0,0.0,0.0,0.0
2024-05-22,0.2250515,0.2145103188217294,bullish,0.045531237959625,-0.11309,0.2225100294519054,50.0,0.1172353636363636,-0.3344457867490384,-0.4041424999999999,0.2608612619047619,0.2907235642857143,-0.1042129,0.0711097,4,2.7142857142857144,0.20231475,4,0.0,0.0,0.0,0.0,0.0,0.0
2024-05-23,0.2346613333333333,0.2190172328158981,bullish,0.0899432642328888,0.0096098333333333,0.2072705686896801,50.0,-0.027281,0.0427005966782416,0.1226998333333333,0.2362720952380952,0.2824643738095237,-0.1721241666666667,-0.1156286666666666,3,2.857142857142857,0.3832896666666667,3,0.0,0.0,0.0,0.0,0.0,0.0
2024-05-24,0.1825166666666666,0.1772673394208119,bullish,0.0940165252,-0.0521446666666666,0.1804804178673434,50.0,-0.2726216666666666,-0.2222124366462873,-0.0617544999999999,0.2283910476190476,0.2883606357142857,-0.0551673333333333,0.0825476666666666,3,3.0,0.515112,2,0.0,0.0,0.0,0.0,0.0,0.0
2024-05-25,0.116889,0.0,neutral,0.013469353248,-0.0656276666666666,0.1804804178673434,50.0,-0.0186393333333333,-0.3595708154506437,-0.013483,0.2139584761904762,0.2795159928571428,-0.1010279999999999,-0.123825,1,2.4285714285714284,0.115232,1,0.0,0.0,0.0,0.0,0.0,0.0
2024-05-27,0.13208,0.0,neutral,0.0048922431999999,0.0151909999999999,0.2035982970194798,50.0,-0.2574766666666666,0.1299609030789894,0.0808186666666666,0.182347,0.2507567785714285,-0.2212803333333333,-0.402629,1,2.142857142857143,0.03704,1,0.0,0.0,0.0,0.0,0.0,0.0
2024-05-28,0.4050705,0.0089456078887909,bullish,0.26739655620675,0.2729905,0.1350767267085003,50.0,-0.2578114,2.066857207752877,0.2577995,0.2334872142857142,0.2606834571428571,0.3579815,0.1389734999999999,2,2.2857142857142856,0.6601235,2,0.0,0.0,0.0,0.0,0.0,0.0
2024-05-29,0.2157473999999999,0.1011265536780523,bullish,0.0865712332187999,-0.1893231,0.0957798336625517,50.0,-0.195386,-0.4673830851666563,-0.4623136,0.2160023428571428,0.2458755809523809,-0.1223941,-0.2073102666666666,5,2.7142857142857144,0.401262,3,0.0,0.0,0.0,0.0,0.0,0.0
2024-05-30,0.2506242857142857,0.1697266400261651,bullish,0.0633685962728571,0.0348768857142857,0.0932662671976694,50.0,-0.009778,0.1616561113333727,0.2241999857142857,0.2196555979591836,0.2402584299319727,0.0255727857142857,-0.0786401142857143,7,3.142857142857143,0.252843,4,0.0,0.0,0.0,0.0,0.0,0.0
2024-05-31,0.2115893333333333,0.141413773700914,bullish,0.0586245628782222,-0.0390349523809523,0.1053031438234806,50.0,-0.1403617499999999,-0.1557508773329836,-0.073911838095238,0.2163595979591837,0.2263158465986394,-0.0230719999999999,-0.1951961666666667,3,3.142857142857143,0.2770676666666666,2,0.0,0.0,0.0,0.0,0.0,0.0
2024-06-01,0.153382,0.0795311281071757,bullish,0.025756595659,-0.0582073333333333,0.1001487406802196,50.0,-0.2522913333333333,-0.2750957830262395,-0.0191723809523809,0.2121975027210884,0.220294275170068,-0.0291346666666666,-0.084302,2,3.0,0.1679245,2,0.0,0.0,0.0,0.0,0.0,0.0
2024-06-02,0.037657,0.0,neutral,0.001745891491,-0.115725,0.1229495238780768,50.0,-0.624785,-0.7544887926875383,-0.0575176666666666,0.2008786455782313,0.2074185608843537,-0.079232,-0.18026,1,3.0,0.046363,1,0.0,0.0,0.0,0.0,0.0,0.0
2024-06-03,-0.274815,0.0,bearish,-0.0949964003099999,-0.3124719999999999,0.130223847278085,50.0,-0.0909514999999999,-8.297846349948216,-0.1967469999999999,0.1427507884353741,0.1625488942176871,-0.406895,-0.6281753333333333,1,3.0,0.345674,1,0.0,0.0,0.0,0.0,0.0,0.0
2024-06-04,-0.1348236666666666,0.6450005585783111,neutral,-0.0847243606051111,0.1399913333333333,0.288648486795467,50.0,-0.0711097,-0.5094020826131519,0.4524633333333333,0.065623050340136,0.1495551323129251,-0.5398941666666667,-0.1819126666666666,3,3.142857142857143,0.6284086666666666,2,0.0,0.0,0.0,0.0,0.0,0.0
2024-06-05,0.0442845,0.4081196884979536,neutral,0.016324694875125,0.1791081666666666,0.3775504583944802,50.0,0.1156286666666666,-1.3284623619493117,0.0391168333333333,0.041128350340136,0.1285653465986394,-0.1714628999999999,-0.293857,4,3.0,0.36863225,3,0.0,0.0,0.0,0.0,0.0,0.0
2024-06-06,0.116844,0.2166496452908858,neutral,0.044239504491,0.0725595,0.4232566307890502,50.0,-0.0825476666666666,1.6384852487890793,-0.1065486666666666,0.0220168809523809,0.1208362394557823,-0.1337802857142856,-0.1082074999999999,4,2.5714285714285716,0.37862025,4,0.0,0.0,0.0,0.0,0.0,0.0
2024-06-07,0.3159315,0.1927209925851358,bullish,0.179976618622125,0.1990875,0.3656227212380716,50.0,0.1238249999999999,1.7038743966314065,0.126528,0.0369229047619047,0.1266412513605442,0.1043421666666667,0.0812701666666667,4,2.7142857142857144,0.56966975,4,0.0,0.0,0.0,0.0,0.0,0.0
2024-06-08,0.489541,0.0,bullish,0.167882700999,0.1736094999999999,0.3656227212380716,50.0,0.402629,0.549516271723459,-0.025478,0.084945619047619,0.1485715608843537,0.336159,0.3070243333333333,1,2.5714285714285716,0.342939,1,0.0,0.0,0.0,0.0,0.0,0.0
2024-06-09,0.345948,0.0,bullish,0.2282540687639999,-0.143593,0.2724967754579918,50.0,-0.1389734999999999,-0.2933217033915444,-0.3172025,0.1289871904761905,0.1649329180272109,0.308291,0.2290589999999999,1,2.5714285714285716,0.659793,1,0.0,0.0,0.0,0.0,0.0,0.0
2024-06-10,0.0807216666666666,0.4120178049676171,neutral,0.0252059592827777,-0.2652263333333333,0.2737961476145463,50.0,0.2073102666666666,-0.7666653177163427,-0.1216333333333333,0.1797781428571428,0.1612644656462585,0.3555366666666666,-0.0513583333333333,3,2.857142857142857,0.3122576666666666,2,0.0,0.0,0.0,0.0,0.0,0.0
2024-06-11,0.0983817499999999,0.0789512233275499,neutral,0.0292015972486874,0.0176600833333333,0.2278966736267676,50.0,0.0786401142857143,0.2187774864245453,0.2828864166666667,0.2130932023809524,0.1393581263605442,0.2332054166666666,-0.30668875,4,3.0,0.29681925,4,0.0,0.0,0.0,0.0,0.0,0.0
2024-06-12,0.187406,0.1072794124144982,bullish,0.0450226048459999,0.08902425,0.1994161469032218,50.0,0.1951961666666667,0.9048858146963232,0.0713641666666666,0.2335391309523809,0.1373337406462585,0.1431214999999999,-0.0283413999999999,2,2.7142857142857144,0.2402409999999999,2,0.0,0.0,0.0,0.0,0.0,0.0
2024-06-13,0.3605176666666667,0.1673270668192487,bullish,0.1770458998879999,0.1731116666666667,0.1913938768822285,50.0,0.084302,0.923725316514235,0.0840874166666666,0.2683496547619047,0.1451832678571428,0.2436736666666666,0.1098933809523809,3,2.5714285714285716,0.4910879999999999,1,0.0,0.0,0.0,0.0,0.0,0.0
2024-06-14,0.4104393333333333,0.3134736788406112,bullish,0.2256407336638888,0.0499216666666666,0.215809837273905,50.0,0.18026,0.1384721784323097,-0.12319,0.2818507738095238,0.1593868392857143,0.0945078333333332,0.19885,6,2.857142857142857,0.5497541666666667,4,0.0,0.0,0.0,0.0,0.0,0.0
2024-06-16,0.365463,0.0,bullish,0.150269614488,-0.0449763333333333,0.166757845350477,50.0,0.6281753333333333,-0.1095809530925399,-0.0948979999999999,0.2641253452380953,0.1745354821428571,-0.124078,0.212081,1,2.857142857142857,0.411176,1,0.0,0.0,0.0,0.0,0.0,0.0
2024-06-17,0.3546546666666667,0.2452752261956623,bullish,0.1309581271582222,-0.0108083333333332,0.2083388460675051,50.0,0.1819126666666666,-0.0295743572764773,0.034168,0.2653691547619047,0.1971781726190476,0.0087066666666667,0.3169976666666667,3,3.142857142857143,0.3692553333333333,2,0.0,0.0,0.0,0.0,0.0,0.0
2024-06-18,0.3341553333333333,0.2204014264344342,bullish,0.1293383860902222,-0.0204993333333333,0.2366193495724891,50.0,0.293857,-0.0578008278475588,-0.0096910000000001,0.3015739642857143,0.2406760535714285,0.2534336666666667,0.6089703333333334,3,3.142857142857143,0.3870606666666666,3,0.0,0.0,0.0,0.0,0.0,0.0
2024-06-19,0.170505,0.0758343738551324,bullish,0.0596870655524999,-0.1636503333333333,0.2137461763314601,50.0,0.1082074999999999,-0.489743293039365,-0.143151,0.3118772857142858,0.262485244047619,0.07212325,0.3053286666666666,2,2.857142857142857,0.3500605,2,0.0,0.0,0.0,0.0,0.0,0.0
2024-06-20,0.234192,0.177922208282159,bullish,0.114505016808,0.063687,0.179858308691847,50.0,-0.0812701666666667,0.3735198381279143,0.2273373333333334,0.318561,0.2760500654761905,0.046786,0.1899075,2,2.857142857142857,0.4889365,2,0.0,0.0,0.0,0.0,0.0,0.0
2024-06-21,0.262583,0.0,bullish,0.1441612179959999,0.028391,0.179858308691847,50.0,-0.3070243333333333,0.1212295893967343,-0.035296,0.3045703333333334,0.286459994047619,-0.0979346666666666,0.145739,1,2.5714285714285716,0.549012,1,0.0,0.0,0.0,0.0,0.0,0.0
2024-06-22,-0.077641,0.0,neutral,-0.014063657817,-0.340224,0.1580526695239086,50.0,-0.2290589999999999,-1.295681746343061,-0.368615,0.2348445714285714,0.2583476726190476,-0.4880803333333333,-0.3935725,1,1.8571428571428572,0.181137,1,0.0,0.0,0.0,0.0,0.0,0.0
2024-06-23,0.500039,0.0,bullish,0.406124675254,0.57768,0.1268782910686458,50.0,0.0513583333333333,-7.440398758387965,0.917904,0.2540697142857143,0.2590975297619047,0.134576,0.010498,1,1.8571428571428572,0.812186,1,0.0,0.0,0.0,0.0,0.0,0.0
2024-06-24,0.3776956666666666,0.1105103675513448,bullish,0.266408267976111,-0.1223433333333333,0.144216287916752,50.0,0.30668875,-0.2446675825952242,-0.7000233333333333,0.2573612857142857,0.2613652202380953,0.0230409999999999,0.0317476666666666,3,1.8571428571428572,0.7053516666666666,2,0.0,0.0,0.0,0.0,0.0,0.0
2024-06-25,0.158029,0.0,bullish,0.013802884976,-0.2196666666666666,0.1105103675513448,50.0,0.0283413999999999,-0.5815970000538352,-0.0973233333333332,0.2322003809523809,0.2668871726190476,-0.1761263333333333,0.0773073333333333,1,1.5714285714285714,0.087344,1,0.0,0.0,0.0,0.0,0.0,0.0
2024-06-26,0.1344479999999999,0.1040977348322238,neutral,0.049215631536,-0.023581,0.1073040511917844,50.0,-0.1098933809523809,-0.1492194470635137,0.1960856666666666,0.227049380952381,0.2694633333333333,-0.036057,0.0360662499999999,6,2.142857142857143,0.366057,3,0.0,0.0,0.0,0.0,0.0,0.0
2024-06-27,0.3388994444444444,0.2064037422123876,bullish,0.1691598502307407,0.2044514444444444,0.1403372815319855,50.0,-0.19885,1.5206730069948566,0.2280324444444444,0.2420075873015873,0.2802842936507936,0.1047074444444444,0.1514934444444444,9,3.142857142857143,0.4991446666666667,5,0.0,0.0,0.0,0.0,0.0,0.0
2024-06-28,0.3575396,0.2200167497653304,bullish,0.19237396725624,0.0186401555555555,0.1602571485903217,50.0,-0.212081,0.055002024527105,-0.1858112888888888,0.2555728158730159,0.2800715746031746,0.0949566,-0.0029780666666666,5,3.7142857142857144,0.5380494,3,0.0,0.0,0.0,0.0,0.0,0.0
2024-06-29,0.304819,0.0,bullish,0.1009024046559999,-0.0527206,0.1768394089366473,50.0,-0.3169976666666667,-0.1474538764377428,-0.0713607555555556,0.3102099587301588,0.2725272650793651,0.38246,-0.1056203333333333,1,3.7142857142857144,0.331024,1,0.0,0.0,0.0,0.0,0.0,0.0
2024-07-01,0.4081344999999999,0.1627045632442434,bullish,0.1707447006129999,0.1033154999999999,0.1733056975135463,50.0,-0.6089703333333333,0.3389404859933269,0.1560360999999999,0.2970807444444444,0.2755752293650794,-0.0919045,0.0426714999999999,2,3.857142857142857,0.418354,1,0.0,0.0,0.0,0.0,0.0,0.0
2024-07-03,0.1637788571428571,0.2995925042428067,bullish,0.0409075130881632,-0.2443556428571428,0.222179389866192,50.0,-0.3053286666666666,-0.5987135193352751,-0.3476711428571427,0.2665212002267574,0.2619412429705215,-0.2139168095238095,-0.1908758095238096,7,4.428571428571429,0.2497728571428571,3,0.0,0.0,0.0,0.0,0.0,0.0
2024-07-05,-0.267377,0.5281274506007049,bearish,-0.14237925516375,-0.4311558571428572,0.3026103169632714,50.0,-0.1899075,-2.632548942301989,-0.1868002142857144,0.2057489145124716,0.2189746477324263,-0.425406,-0.6015323333333333,4,4.857142857142857,0.53250375,3,0.0,0.0,0.0,0.0,0.0,0.0
2024-07-07,0.194203,0.0,bullish,0.0209226544079999,0.46158,0.3301415060292517,50.0,-0.145739,-1.7263264977915078,0.8927358571428572,0.2142853430839002,0.2206673620181405,0.059755,0.0236979999999999,1,4.142857142857143,0.107736,1,0.0,0.0,0.0,0.0,0.0,0.0
2024-07-08,0.270197,0.1343092762321351,bullish,0.177568334657,0.075994,0.2811834485799726,50.0,0.3935725,0.3913121836428894,-0.385586,0.2044707081632653,0.2232391477324263,-0.0687024444444444,0.036005,2,3.142857142857143,0.657181,2,0.0,0.0,0.0,0.0,0.0,0.0
2024-07-09,0.773981,0.0,bullish,0.427580385583,0.503784,0.3206764103585489,50.0,-0.010498,1.8645062676491595,0.42779,0.2639623367346939,0.2597675763038549,0.4164414,0.511398,1,2.5714285714285716,0.552443,1,0.0,0.0,0.0,0.0,0.0,0.0
2024-07-10,0.20663,0.2929749211804087,bullish,0.1084636513675,-0.567351,0.3184705493377496,50.0,-0.0317476666666666,-0.7330296221741877,-1.071135,0.2499353367346939,0.2800726477324263,-0.098189,0.284271,4,3.0,0.52491725,3,0.0,0.0,0.0,0.0,0.0,0.0
2024-07-11,0.0919226666666666,0.2447673672803083,neutral,0.0258986597973333,-0.1147073333333333,0.2240171882309507,50.0,-0.0773073333333333,-0.5551339753827292,0.4526436666666667,0.2047622176870748,0.2509214810657597,-0.3162118333333333,-0.4081163333333333,3,3.142857142857143,0.281744,2,0.0,0.0,0.0,0.0,0.0,0.0
2024-07-12,0.219299,0.2106272139966723,bullish,0.0293109926423333,0.1273763333333333,0.2206696946723811,50.0,-0.0360662499999999,1.3856901453395607,0.2420836666666666,0.2126936666666667,0.239607433446712,0.0555201428571428,-0.1583966666666666,3,2.5714285714285716,0.1336576666666666,3,0.0,0.0,0.0,0.0,0.0,0.0
2024-07-13,0.099903,0.1492900553921794,neutral,0.016663187681,-0.1193959999999999,0.2244148894623922,50.0,-0.1514934444444444,-0.5444438871130283,-0.2467723333333333,0.2651622380952381,0.2354555763038548,0.36728,-0.058126,3,2.4285714285714284,0.1667936666666666,2,0.0,0.0,0.0,0.0,0.0,0.0
2024-07-14,0.495576,0.0,bullish,0.265456771128,0.395673,0.2244148894623922,50.0,0.0029780666666666,3.960571754601964,0.515069,0.3082155238095238,0.261250433446712,0.301373,0.361128,1,2.4285714285714284,0.535653,1,0.0,0.0,0.0,0.0,0.0,0.0
2024-07-15,0.347678,0.2104345448383733,bullish,0.1467433235065,-0.1478979999999999,0.2037797953768833,50.0,0.1056203333333333,-0.2984365667425379,-0.543571,0.3192842380952381,0.2618774731292517,0.077481,0.0087785555555556,4,2.7142857142857144,0.42206675,3,0.0,0.0,0.0,0.0,0.0,0.0
2024-07-16,0.3596671428571428,0.103024304801389,bullish,0.155894640210204,0.0119891428571428,0.1683440297571535,50.0,-0.0426714999999999,0.0344834670503821,0.1598871428571427,0.2600965442176871,0.2620294404761905,-0.4143138571428572,0.0021275428571428,7,3.5714285714285716,0.4334414285714286,4,0.0,0.0,0.0,0.0,0.0,0.0
2024-07-17,0.2184222499999999,0.2020084567113878,bullish,0.074264329477875,-0.1412448928571428,0.1661893404358324,50.0,0.1908758095238096,-0.392710025539487,-0.1532340357142856,0.2617811513605442,0.255858244047619,0.0117922499999999,-0.08639675,4,3.5714285714285716,0.3400035,3,0.0,0.0,0.0,0.0,0.0,0.0
2024-07-18,0.150583,0.1436416715302352,bullish,0.072209367156,-0.0678392499999999,0.1647772444703464,50.0,0.6015323333333333,-0.3105876347304359,0.0734056428571429,0.2701611989795919,0.2374617083333333,0.0586603333333333,-0.2575514999999999,2,3.4285714285714284,0.479532,2,0.0,0.0,0.0,0.0,0.0,0.0
2024-07-19,0.27355425,0.1403855567318684,bullish,0.1387162826896875,0.1229712499999999,0.1598989069226508,50.0,-0.0236979999999999,0.8166343478347486,0.1908104999999999,0.2779119489795918,0.2453028078231292,0.05425525,0.1097753928571428,4,3.5714285714285716,0.50708875,3,0.0,0.0,0.0,0.0,0.0,0.0
2024-07-21,0.31512,0.0,bullish,0.04501394664,0.04156575,0.1472649974437201,50.0,-0.036005,0.1519470086829213,-0.0814054999999999,0.3086572346938775,0.2869097363945578,0.215217,0.582497,1,3.2857142857142856,0.142847,1,0.0,0.0,0.0,0.0,0.0,0.0
2024-07-22,0.0097674999999999,0.2253443245624349,neutral,0.0015878829399999,-0.3053525,0.1778450023839816,50.0,-0.511398,-0.9690038715410004,-0.34691825,0.2392560204081632,0.2737357721088435,-0.4858085,-0.1844354999999999,2,3.4285714285714284,0.162568,2,0.0,0.0,0.0,0.0,0.0,0.0
2024-07-23,0.2503599999999999,0.2263760482309616,bullish,0.1111382017428571,0.2405925,0.1839369002638751,50.0,-0.284271,24.631942667007937,0.545945,0.2253534489795918,0.272318843537415,-0.097318,-0.019837,7,3.857142857142857,0.4439135714285714,2,0.0,0.0,0.0,0.0,0.0,0.0
2024-07-24,0.1317890714285714,0.1638851505487276,neutral,0.0480830638541173,-0.1185709285714285,0.1889977700184981,50.0,0.4081163333333333,-0.4736017277976855,-0.3591634285714285,0.1927994387755102,0.2264479914965986,-0.2278780714285714,-0.6421919285714286,14,4.857142857142857,0.3648486428571428,3,0.0,0.0,0.0,0.0,0.0,0.0
2024-07-25,0.331435,0.3509441665706954,bullish,0.1190744867325,0.1996459285714286,0.2416374224782049,50.0,0.1583966666666666,1.5148898645942357,0.3182168571428571,0.2089441173469388,0.2353626343537414,0.11301275,0.124805,2,4.571428571428571,0.3592694999999999,2,0.0,0.0,0.0,0.0,0.0,0.0
2024-07-26,0.159568,0.5440734132890525,bullish,0.074280340112,-0.171867,0.3021246206403744,50.0,0.058126,-0.5185541659752289,-0.3715129285714286,0.2102276887755102,0.240194443877551,0.008985,0.0676453333333333,2,4.571428571428571,0.465509,2,0.0,0.0,0.0,0.0,0.0,0.0
2024-07-29,0.2689066666666667,0.1643339452914907,bullish,0.1546355853866666,0.1093386666666666,0.2899225447861856,50.0,-0.361128,0.6852167518967875,0.2812056666666666,0.2095637482993197,0.2437378486394557,-0.0046475833333333,0.0496076666666666,6,4.857142857142857,0.5750529999999999,3,0.0,0.0,0.0,0.0,0.0,0.0
2024-07-30,0.0596705,0.0554152513348085,neutral,0.01392175419025,-0.2092361666666666,0.255730385406955,50.0,-0.0087785555555556,-0.7780995884569615,-0.3185748333333333,0.173070962585034,0.2408640986394558,-0.2554495,-0.0402325,2,5.0,0.2333104999999999,2,0.0,0.0,0.0,0.0,0.0,0.0
2024-07-31,0.1081903333333333,0.1013758073325847,neutral,0.057578570829,0.0485198333333333,0.2432285167637264,50.0,-0.0021275428571428,0.8131293240937034,0.257756,0.1871313673469388,0.213193693877551,0.0984228333333333,-0.3873856666666667,3,5.142857142857143,0.532197,3,0.0,0.0,0.0,0.0,0.0,0.0
2024-08-01,0.484564,0.0,bullish,0.303116102816,0.3763736666666666,0.2162996043119841,50.0,0.08639675,3.478810491387092,0.3278538333333333,0.2205890816326531,0.2229712653061224,0.234204,0.1368859999999999,1,4.285714285714286,0.625544,1,0.0,0.0,0.0,0.0,0.0,0.0
2024-08-02,0.2296109999999999,0.2154661057258581,bullish,0.0634246428915,-0.254953,0.1341477774211855,50.0,0.2575514999999999,-0.5261492805903865,-0.6313266666666666,0.2345636428571429,0.2136815408163265,0.0978219285714285,-0.1300561428571428,4,2.857142857142857,0.2762265,2,0.0,0.0,0.0,0.0,0.0,0.0
2024-08-03,-0.0754585,0.3337126814199604,neutral,-0.0210637120655,-0.3050695,0.1764924614533029,50.0,-0.1097753928571428,-1.3286362587158282,-0.0501165,0.176436,0.1926900586734694,-0.4068935,-0.29388075,2,2.857142857142857,0.279143,1,0.0,0.0,0.0,0.0,0.0,0.0
2024-08-04,0.210255,0.0,bullish,0.05825535285,0.2857135,0.2168515314928011,50.0,-0.582497,-3.786366015757005,0.5907830000000001,0.183677,0.196952344387755,0.0506869999999999,0.0596719999999999,1,2.7142857142857144,0.27707,1,0.0,0.0,0.0,0.0,0.0,0.0
2024-08-05,0.2588705714285714,0.1168789507408657,bullish,0.1186974453559591,0.0486155714285714,0.2220192459622281,50.0,0.1844355,0.2312219515758073,-0.2370979285714286,0.1822432721088435,0.1959035102040816,-0.0100360952380952,-0.0146836785714286,7,2.857142857142857,0.4585204285714286,3,0.0,0.0,0.0,0.0,0.0,0.0
2024-08-06,0.202036,0.2422705025393448,bullish,0.076247729783,-0.0568345714285714,0.2270820601065072,50.0,0.019837,-0.2195482132825338,-0.1054501428571428,0.2025812006802721,0.187826081632653,0.1423654999999999,-0.113084,4,3.142857142857143,0.37739675,2,0.0,0.0,0.0,0.0,0.0,0.0
2024-08-07,0.16585925,0.1581274956680526,bullish,0.0389089214575,-0.0361767499999999,0.2127474075920559,50.0,0.6421919285714286,-0.1790609099368428,0.0206578214285714,0.2108196173469387,0.1989754923469388,0.0576689166666666,0.15609175,4,3.2857142857142856,0.23459,3,0.0,0.0,0.0,0.0,0.0,0.0
2024-08-09,0.2242793333333333,0.0829371209792896,bullish,0.0853303617968888,0.0584200833333332,0.1500535174818882,50.0,-0.124805,0.3522268630379872,0.0945968333333332,0.173636093537415,0.197112587585034,-0.2602846666666667,-0.0260806666666666,3,3.5714285714285716,0.3804646666666667,2,0.0,0.0,0.0,0.0,0.0,0.0
2024-08-10,0.331976,0.0,bullish,0.13992290436,0.1076966666666666,0.1500535174818882,50.0,-0.0676453333333333,0.48018988225992,0.0492765833333334,0.1882596649659864,0.2114116539115646,0.102365,0.2001869285714285,1,3.142857142857143,0.421485,1,0.0,0.0,0.0,0.0,0.0,0.0
2024-08-11,0.178849,0.0,bullish,0.030064338051,-0.1531269999999999,0.1611117063955623,50.0,-0.0496076666666666,-0.4612592476564571,-0.2608236666666667,0.2245893078231292,0.2005126539115646,0.2543075,-0.152586,1,3.0,0.168099,1,0.0,0.0,0.0,0.0,0.0,0.0
2024-08-12,0.202412,0.1080190461076193,bullish,0.111494804372,0.023563,0.1163612209183205,50.0,0.0402325,0.1317480108918696,0.1766899999999999,0.2234688792517007,0.2035729396258503,-0.0078429999999999,0.0428439999999999,2,3.142857142857143,0.5508310000000001,2,0.0,0.0,0.0,0.0,0.0,0.0
2024-08-13,0.1858835,0.0935141647051397,bullish,0.0143515073845,-0.0165285,0.0948234439306829,50.0,0.3873856666666667,-0.0816577080410252,-0.0400915,0.2130421547619048,0.1976427134353741,-0.0729870714285713,-0.0830231666666666,2,2.4285714285714284,0.077207,2,0.0,0.0,0.0,0.0,0.0,0.0
2024-08-15,0.331835,0.171780413240276,bullish,0.115451037695,0.1459515,0.124437874684345,50.0,-0.1368859999999999,0.7851772750136512,0.16248,0.231584869047619,0.2170830348639456,0.129799,0.2721645,3,2.2857142857142856,0.347917,2,0.0,0.0,0.0,0.0,0.0,0.0
2024-08-16,0.216174,0.0,bullish,0.10700937261,-0.115661,0.124437874684345,50.0,0.1300561428571428,-0.3485497310410295,-0.2616125000000001,0.2387726904761904,0.2247961539115646,0.0503147499999999,0.1079836666666666,1,1.8571428571428572,0.495015,1,0.0,0.0,0.0,0.0,0.0,0.0
2024-08-17,0.17895,0.0,bullish,0.01002316845,-0.037224,0.124437874684345,50.0,0.29388075,-0.1721946209997502,0.078437,0.2322970714285714,0.2029665824829931,-0.0453293333333333,-0.305614,1,1.5714285714285714,0.056011,1,0.0,0.0,0.0,0.0,0.0,0.0
2024-08-18,-0.150971,0.0,bearish,-0.092056529873,-0.329921,0.1326472889727079,50.0,-0.059672,-1.843649063984353,-0.292697,0.1633046428571428,0.1757821539115646,-0.482947,-0.380582,1,1.5714285714285714,0.609763,1,0.0,0.0,0.0,0.0,0.0,0.0
2024-08-19,0.2559499999999999,0.1611501179800995,bullish,0.1107375353499999,0.406921,0.1664652656101878,50.0,0.0146836785714286,-2.6953587112756754,0.736842,0.1743190714285714,0.1994541896258503,0.0771009999999999,0.3314085,3,1.8571428571428572,0.432653,2,0.0,0.0,0.0,0.0,0.0,0.0
2024-08-20,0.17517575,0.168608816296529,bullish,0.0599786440121874,-0.0807742499999999,0.1648794671383143,50.0,0.113084,-0.3155860519632739,-0.4876952499999999,0.1704281785714285,0.1969485289115646,-0.02723625,-0.03507925,4,2.142857142857143,0.34239125,2,0.0,0.0,0.0,0.0,0.0,0.0
2024-08-21,-0.1075734999999999,0.3596550150081324,neutral,-0.016895063616,-0.2827492499999999,0.229804649761587,50.0,-0.15609175,-1.6140889934822598,-0.201975,0.12850575,0.1707739523809524,-0.2934569999999999,-0.3664440714285714,2,2.142857142857143,0.157056,1,0.0,0.0,0.0,0.0,0.0,0.0
2024-08-22,0.261916,0.1226725721178128,bullish,0.132515025141,0.3694894999999999,0.2030216303506435,50.0,0.0260806666666666,-3.4347632084109936,0.65223875,0.1185173214285714,0.1750510952380952,-0.069919,0.0598799999999999,4,2.2857142857142856,0.50594475,3,0.0,0.0,0.0,0.0,0.0,0.0
2024-08-23,0.1467273333333333,0.1267394553575694,neutral,0.0426658141686666,-0.1151886666666666,0.1877651953520286,50.0,-0.2001869285714285,-0.4397924016351298,-0.4846781666666666,0.108596369047619,0.1736845297619047,-0.0694466666666666,-0.0191319166666666,3,2.5714285714285716,0.290783,2,0.0,0.0,0.0,0.0,0.0,0.0
2024-08-24,-0.043803,0.0,neutral,-0.002349111087,-0.1905303333333333,0.1944189646950109,50.0,0.152586,-1.2985333339391434,-0.0753416666666667,0.0767745119047619,0.1545357916666666,-0.222753,-0.2680823333333333,1,2.5714285714285716,0.053629,1,0.0,0.0,0.0,0.0,0.0,0.0
2024-08-25,0.4194855,0.2360357790939755,bullish,0.253807184862,0.4632885,0.2112757053943726,50.0,-0.0428439999999999,-10.576638586398191,0.6538188333333333,0.1582682976190476,0.1607864702380952,0.5704565,0.0875095,2,2.7142857142857144,0.6050439999999999,1,0.0,0.0,0.0,0.0,0.0,0.0
2024-08-26,0.1363536666666666,0.1361360808247884,neutral,0.0544745170163333,-0.2831318333333333,0.1553959718485366,50.0,0.0830231666666666,-0.6749502267261522,-0.7464203333333334,0.1411831071428571,0.1577510892857143,-0.1195963333333333,-0.0424953333333333,3,2.7142857142857144,0.3995089999999999,3,0.0,0.0,0.0,0.0,0.0,0.0
2024-08-27,0.4133246666666666,0.2749531276533026,bullish,0.1704444838668888,0.2769709999999999,0.193466110732409,50.0,-0.2721645,2.0312691750130174,0.5601028333333333,0.1752043809523809,0.1728162797619047,0.2381489166666666,0.2109126666666666,3,2.5714285714285716,0.4123743333333333,2,0.0,0.0,0.0,0.0,0.0,0.0
2024-08-28,0.2283073333333333,0.2280952101116256,bullish,0.0890359787753333,-0.1850173333333332,0.218805049420923,50.0,-0.1079836666666666,-0.4476319664767163,-0.4619883333333332,0.2231873571428571,0.1758465535714286,0.3358808333333333,0.0424238333333333,6,3.142857142857143,0.3899829999999999,3,0.0,0.0,0.0,0.0,0.0,0.0
2024-08-29,0.2339798,0.0867280748587215,bullish,0.04816001543804,0.0056724666666666,0.1923896545084827,50.0,0.305614,0.0248457488589941,0.1906897999999999,0.2191964714285714,0.1688568964285714,-0.0279361999999999,-0.0978552,5,3.2857142857142856,0.2058297999999999,2,0.0,0.0,0.0,0.0,0.0,0.0
2024-08-30,0.220972,0.1628123436751649,bullish,0.1322724397106666,-0.0130077999999999,0.1777449674247206,50.0,0.380582,-0.0555936880021266,-0.0186802666666666,0.2298028523809523,0.1691996107142857,0.0742446666666666,0.004798,3,3.2857142857142856,0.5985936666666667,3,0.0,0.0,0.0,0.0,0.0,0.0
2024-08-31,0.509295,0.0,bullish,0.25763909883,0.288323,0.1881471890747036,50.0,-0.3314084999999999,1.3047942725775212,0.3013308,0.3088168523809524,0.1927956821428571,0.5530980000000001,0.330345,1,3.2857142857142856,0.505874,1,0.0,0.0,0.0,0.0,0.0,0.0
2024-09-01,0.428363,0.0,bullish,0.325246601914,-0.080932,0.1592118762151707,50.0,0.0350792499999999,-0.1589098655985236,-0.369255,0.3100850666666667,0.2341766821428571,0.0088774999999999,0.579334,1,3.142857142857143,0.759278,1,0.0,0.0,0.0,0.0,0.0,0.0
2024-09-02,-0.0730235,0.3338442032812611,neutral,-0.03156992114925,-0.5013865,0.1944615406050492,50.0,0.3664440714285714,-1.1704710724315592,-0.4204544999999999,0.2801740428571429,0.210678575,-0.2093771666666666,-0.3289735,2,3.0,0.4323255,2,0.0,0.0,0.0,0.0,0.0,0.0
2024-09-03,0.172264,0.0,bullish,0.089152476976,0.2452875,0.248328273478213,50.0,-0.0598799999999999,-3.359021410915664,0.746674,0.2457368047619048,0.2104705928571428,-0.2410606666666666,-0.0029117499999999,1,2.7142857142857144,0.517534,1,0.0,0.0,0.0,0.0,0.0,0.0
2024-09-04,0.346725,0.1746069140288169,bullish,0.1339176771,0.174461,0.254225558655039,50.0,0.0191319166666666,1.0127536803975294,-0.0708264999999999,0.2626536142857143,0.2429204857142857,0.1184176666666666,0.4542985,4,2.4285714285714284,0.386236,3,0.0,0.0,0.0,0.0,0.0,0.0
2024-09-06,0.3012443333333333,0.1810948185270173,bullish,0.1374404175434444,-0.0454806666666666,0.2298486452790318,50.0,0.2680823333333333,-0.1311721585310163,-0.2199416666666666,0.2722628333333333,0.2457296523809524,0.0672645333333333,0.0393283333333333,3,2.142857142857143,0.4562423333333333,3,0.0,0.0,0.0,0.0,0.0,0.0
2024-09-07,-0.177377,0.0,bearish,-0.153676949522,-0.4786213333333333,0.2298486452790318,50.0,-0.0875095000000001,-1.5888143954021818,-0.4331406666666667,0.2153558333333333,0.2225793428571428,-0.398349,-0.3241043333333333,1,1.8571428571428572,0.866386,1,0.0,0.0,0.0,0.0,0.0,0.0
2024-09-08,0.24815,0.0,bullish,0.0471591704499999,0.425527,0.1778508662779171,50.0,0.0424953333333333,-2.398997615248877,0.9041483333333332,0.1780494047619047,0.2434331285714286,-0.261145,0.291953,1,1.8571428571428572,0.190043,1,0.0,0.0,0.0,0.0,0.0,0.0
2024-09-09,0.206858,0.0682018632590048,bullish,0.020154071511,-0.041292,0.1413011986049464,50.0,-0.2109126666666666,-0.1663993552286924,-0.466819,0.1464058333333333,0.22824545,-0.221505,-0.2126275,2,2.0,0.0974295,2,0.0,0.0,0.0,0.0,0.0,0.0
2024-09-10,0.3256884,0.1174286771674619,bullish,0.11821062404808,0.1188304,0.122241786317828,50.0,-0.0424238333333333,0.5744539732570173,0.1601224,0.2033646761904762,0.2417693595238095,0.3987119,0.1893347333333334,5,2.4285714285714284,0.3629562,2,0.0,0.0,0.0,0.0,0.0,0.0
2024-09-11,0.259899,0.2322085991420214,bullish,0.1073780515469999,-0.0657894,0.1392797131894961,50.0,0.0978552,-0.2020010537679575,-0.1846198000000001,0.2158839619047619,0.2308103833333333,0.0876349999999999,-0.1534256666666666,5,3.0,0.413153,3,0.0,0.0,0.0,0.0,0.0,0.0
2024-09-12,0.265327,0.1697474643669236,bullish,0.1020629833206666,0.005428,0.146896650983853,50.0,-0.004798,0.0208850361101813,0.0712174000000001,0.2042556761904762,0.2334546452380952,-0.0813979999999999,0.0370196666666667,3,2.857142857142857,0.3846686666666666,2,0.0,0.0,0.0,0.0,0.0,0.0
2024-09-13,0.2010393333333333,0.1658504806635583,bullish,0.1017311967024444,-0.0642876666666666,0.1506874169197941,50.0,-0.330345,-0.2422959844518902,-0.0697156666666667,0.1899406761904762,0.2311017547619047,-0.1002049999999999,-0.0329404666666666,3,2.857142857142857,0.5060263333333334,3,0.0,0.0,0.0,0.0,0.0,0.0
2024-09-14,0.217151,0.0,bullish,0.013314613565,0.0161116666666666,0.1713088053349913,50.0,-0.579334,0.0801418627863868,0.0803993333333333,0.246301819047619,0.2308288261904762,0.394528,-0.003821,1,2.857142857142857,0.061315,1,0.0,0.0,0.0,0.0,0.0,0.0
2024-09-16,0.0693499999999999,0.5866522031229406,neutral,0.0436387417833333,-0.147801,0.288614686823861,50.0,0.3289735,-0.6806369761133959,-0.1639126666666666,0.2207589619047619,0.1994041833333333,-0.1788,-0.4399450000000001,3,3.142857142857143,0.6292536666666667,2,0.0,0.0,0.0,0.0,0.0,0.0
2024-09-17,0.1691603333333333,0.1621010171292374,bullish,0.0585446997633333,0.0998103333333333,0.2710877913206651,50.0,0.0029117499999999,1.4392261475606831,0.2476113333333333,0.215373580952381,0.1808897071428571,-0.0376976666666666,-0.2592026666666667,3,3.2857142857142856,0.34609,2,0.0,0.0,0.0,0.0,0.0,0.0
2024-09-18,0.2753155,0.2949900998686227,bullish,0.1102334353872499,0.1061551666666666,0.3023984501960898,50.0,-0.4542985,0.6275417207737826,0.0063448333333333,0.2081774523809524,0.2057710642857142,-0.0503729,0.348339,2,2.857142857142857,0.4003894999999999,1,0.0,0.0,0.0,0.0,0.0,0.0
2024-09-19,0.477996,0.0,bullish,0.2784450978959999,0.2026804999999999,0.3479144400402669,50.0,-0.0393283333333333,0.7361754060341681,0.0965253333333333,0.2393341666666666,0.2276090642857142,0.2180969999999999,0.305732,1,2.2857142857142856,0.582526,1,0.0,0.0,0.0,0.0,0.0,0.0
2024-09-20,0.16529,0.0103082026561375,bullish,0.08316136596,-0.312706,0.2635128806942345,50.0,0.3241043333333333,-0.6542021272144537,-0.5153865,0.2250431666666667,0.2146494214285714,-0.100037,-0.181435,2,2.142857142857143,0.503124,2,0.0,0.0,0.0,0.0,0.0,0.0
2024-09-23,0.375564,0.0129131840380287,bullish,0.267739387818,0.210274,0.1200781259230066,50.0,-0.291953,1.272151975316111,0.52298,0.2499752619047619,0.219957969047619,0.1745246666666666,0.0743196666666666,2,2.0,0.7128995,2,0.0,0.0,0.0,0.0,0.0,0.0
2024-09-24,0.0851188333333333,0.2033055689226605,neutral,0.0452686640128333,-0.2904451666666667,0.1303792638713623,50.0,0.2126275,-0.7733573150426204,-0.5007191666666667,0.2311135238095238,0.2387076714285714,-0.1320321666666666,0.2624958333333333,6,2.7142857142857144,0.531829,3,0.0,0.0,0.0,0.0,0.0,0.0
2024-09-25,0.0487388333333333,0.1841917339615615,neutral,0.02350934684425,-0.0363799999999999,0.102679672394597,50.0,-0.1893347333333334,-0.4274024745796562,0.2540651666666667,0.2281690714285714,0.2244640166666666,-0.0206111666666666,-0.1994111666666666,6,3.142857142857143,0.4823535,3,0.0,0.0,0.0,0.0,0.0,0.0
2024-09-26,0.18670075,0.221019510959817,bullish,0.0701679762484375,0.1379619166666666,0.126347640107641,50.0,0.1534256666666666,2.8306364192823654,0.1743419166666666,0.2306748452380952,0.223024213095238,0.0175404166666666,-0.0201572499999999,4,3.2857142857142856,0.37583125,2,0.0,0.0,0.0,0.0,0.0,0.0
2024-09-27,-0.07993,0.4526949167916512,neutral,-0.0542296808066666,-0.26663075,0.2148249829347438,50.0,-0.0370196666666666,-1.4281182587643595,-0.4045926666666667,0.1799254880952381,0.1940514702380952,-0.3552455,-0.4056184,3,3.4285714285714284,0.6784646666666667,2,0.0,0.0,0.0,0.0,0.0,0.0
2024-09-28,0.248542,0.0,bullish,0.059070480056,0.328472,0.2653029326589226,50.0,0.0329404666666666,-4.109495808832728,0.5951027500000001,0.1471463452380952,0.1932402559523809,-0.2294539999999999,-0.0113569999999999,1,3.4285714285714284,0.237668,1,0.0,0.0,0.0,0.0,0.0,0.0
2024-09-30,0.1372,0.1051227291645341,neutral,0.0369214804,-0.111342,0.2407572227193909,50.0,0.003821,-0.447980622993297,-0.439814,0.1431334880952381,0.1840883273809523,-0.02809,-0.128127,3,3.5714285714285716,0.269107,2,0.0,0.0,0.0,0.0,0.0,0.0
2024-10-01,0.2984612,0.1674753375148114,bullish,0.1787457265292,0.1612612,0.2365781236077034,50.0,0.4399450000000001,1.175373177842566,0.2726032,0.1321188023809524,0.1910470321428571,-0.0771027999999999,0.0974218666666666,5,4.0,0.598891,2,0.0,0.0,0.0,0.0,0.0,0.0
2024-10-02,-0.0148935,0.1549751726621611,neutral,-0.004326543133125,-0.3133547,0.2200670390332895,50.0,0.2592026666666667,-1.0499009586505716,-0.4746159000000001,0.1178313261904762,0.174472425,-0.1000123333333333,-0.2320445,4,3.7142857142857144,0.29049875,3,0.0,0.0,0.0,0.0,0.0,0.0
2024-10-03,0.1121413333333333,0.3911763376579246,neutral,0.0592569944413333,0.1270348333333333,0.2046873942498578,50.0,-0.348339,-8.529548684549187,0.4403895333333333,0.1268888261904762,0.1775289488095238,0.0634025,0.0427913333333333,6,3.7142857142857144,0.5284135,3,0.0,0.0,0.0,0.0,0.0,0.0
2024-10-04,0.3481838,0.1064077836823979,bullish,0.18477954101452,0.2360424666666666,0.1850314721363658,50.0,-0.305732,2.1048658835279292,0.1090076333333333,0.1499578333333333,0.1903163392857143,0.16148305,0.1790234666666666,5,3.857142857142857,0.5306954,3,0.0,0.0,0.0,0.0,0.0,0.0
2024-10-05,0.002754,0.0809161966666748,neutral,0.00112566078,-0.3454298,0.180190165636794,50.0,0.181435,-0.9920903844463758,-0.5814722666666667,0.1617698333333333,0.1708476607142857,0.082684,-0.2725615,3,3.857142857142857,0.4087366666666667,3,0.0,0.0,0.0,0.0,0.0,0.0
2024-10-06,0.2050996666666666,0.1898141767475057,bullish,0.0811589635983333,0.2023456666666666,0.1846579334833328,50.0,-0.0743196666666666,73.47337206487529,0.5477754666666667,0.1555637857142857,0.1513550654761904,-0.0434423333333333,-0.2728963333333333,3,4.142857142857143,0.395705,2,0.0,0.0,0.0,0.0,0.0,0.0
2024-10-07,0.1421484,0.1581854944607754,neutral,0.04920583427688,-0.0629512666666666,0.1852999978430556,50.0,-0.2624958333333333,-0.3069301266538707,-0.2652969333333334,0.1562707,0.149702094047619,0.0049484,-0.0231415999999999,5,4.428571428571429,0.3461581999999999,4,0.0,0.0,0.0,0.0,0.0,0.0
2024-10-08,0.1469046666666666,0.173566076836076,neutral,0.0559785373996666,0.1236406666666666,0.0,0.0,0.0027739893162393,5.314677900045852,0.0,0.0,0.0,0.0,0.0,3,0.0,0.3810535,6,0.060719,0.1563295,0.1469046666666666,0.129042,0.0,0.0
2024-10-09,0.0589695,0.112689608620316,neutral,0.012451984877625,-0.0879351666666666,0.0,0.0,0.0008077487326756,-0.5985866117255181,-5.91326451177137,0.0,0.0,0.0,0.0,2,0.0,0.21115975,4,0.0,0.09976,0.1123716666666666,0.1123716666666666,0.0,0.0
2024-10-11,0.231612,0.3757480582411571,bullish,0.126718746798,0.1726425,0.0,0.0,0.0061268598054889,2.9276575178694073,3.526244129594925,0.0,0.0,0.0,0.0,2,0.0,0.5471165,2,0.497306,0.231612,-0.034082,0.231612,0.0,0.0
2024-10-13,0.0431864999999999,0.0379228437818157,neutral,0.0121387318604999,-0.1884255,0.0,0.0,0.0013903150877253,-0.813539453914305,-3.741196971783713,0.0,0.0,0.0,0.0,2,0.0,0.2810769999999999,2,0.016371,0.070002,0.0431864999999999,0.070002,0.0,0.070002
2024-10-14,0.199563,0.0379228437818157,bullish,0.0131444165579999,0.1563765,0.0,0.0,0.0052036267604948,3.6209579382445902,4.434497392158895,0.0,0.0,0.0,0.0,1,0.0,0.065866,1,0.0,0.199563,0.199563,0.199563,0.0,0.0
2024-10-15,0.212647,0.1500766610258459,bullish,0.08839794267925,0.013084,0.087796541244403,0.0,0.008152237273726,0.0655632557137346,-3.5553946825308556,0.1308780952380952,0.0,0.0234886666666666,0.0,2,2.0,0.41570275,4,0.0,0.298803,0.212647,0.212647,0.0,0.0
2024-10-16,0.1254413999999999,0.2027608086670103,neutral,0.07058597613312,-0.0872056,0.0743938840845506,0.0,0.0058508123588293,-0.4100956044524494,-0.4756588601661841,0.1454748666666666,0.0,0.0075327214285714,0.0,2,2.0,0.5627008,5,0.0,0.2585065,0.1254413999999999,0.173798,0.0,-0.067985
2024-10-17,0.2336929999999999,0.1414521687744659,bullish,0.0598164497683333,0.1082515999999999,0.0815588376263623,0.0,0.0095388521903204,0.8629654962396784,1.2730611006921275,0.1578732,0.0,0.0171889214285714,0.0,2,1.8571428571428572,0.2559616666666666,3,0.1548925,0.1548925,0.2336929999999999,0.192043,0.0,0.192043
2024-10-18,0.1877538571428571,0.1047863505367446,bullish,0.0761296561568775,-0.0459391428571428,0.0691045480770077,0.0,0.0096499741107452,-0.1965790282855833,-1.0595445245252617,0.1762709653061224,0.0,0.0062613204081632,0.0,3,2.0,0.4054758571428571,7,0.126674,0.0,0.2076703333333333,0.2163176666666666,0.0,0.0
2024-10-21,0.2925762,0.1548579648991294,bullish,0.12244126721232,0.1048223428571428,0.0801934756458488,0.0,0.0151794098342173,0.5582966147927722,0.7548756430783555,0.1849801367346938,0.0,0.0266284576530612,0.0,2,2.0,0.4184936,5,0.09623,0.331803,0.2925762,0.2925762,0.0,0.331803
2024-10-22,0.19445125,0.1364819118476266,bullish,0.07853963768,-0.09812495,0.0505000164786516,0.0,0.0136367044050664,-0.3353825430776667,-0.8936791578704388,0.2065893867346938,0.0,0.0073869859693877,0.0,2,2.0,0.403904,4,0.016371,0.0,0.19445125,0.2538113333333333,0.0,0.0
2024-10-23,0.1398067999999999,0.0694176417468931,neutral,0.0301291203567199,-0.05464445,0.0565713988242232,0.0,0.0092249308219625,-0.281018764343248,0.0543637787344186,0.1980527867346939,0.0,-0.0007720607142857,0.0,2,2.142857142857143,0.2155053999999999,5,0.158343,0.0880509999999999,0.1398067999999999,0.1398067999999999,0.0,0.0
2024-10-24,0.2913241428571428,0.2018275402081593,bullish,0.14221862006,0.1515173428571428,0.0668383557910035,59.62438115077191,0.0145842119580661,1.0837623267047305,1.3647810910479783,0.2092923785714285,0.1700852369047619,0.0113061864795918,0.01272705859236,2,2.142857142857143,0.4881799999999999,7,0.0957745,0.2970399999999999,0.2913241428571428,0.2701244,0.0,0.175178
2024-10-25,0.198219,0.0746897557299526,bullish,0.077474622953,-0.0931051428571428,0.0564788659337701,55.8879062005519,0.0129148248411533,-0.3195929521804136,-1.4033552788851442,0.2196891785714285,0.1825820226190476,-0.0018589581632653,0.0086906198377812,2,2.142857142857143,0.3908536666666666,3,0.2413145,0.238689,0.1753585,0.198219,0.0,0.24394
2024-10-26,0.269176,0.0746897557299526,bullish,0.10170949748,0.070957,0.0594588778575701,54.26617822706553,0.0157892975263435,0.3579727473148386,0.6775656994952522,0.2247581785714285,0.1913156892857142,0.0054437471938775,0.0099885569073783,1,2.0,0.377855,1,0.0,0.0,0.269176,0.0,0.0,0.0
2024-10-27,0.089321,0.0746897557299526,neutral,0.034675216089,-0.179855,0.0783176349926123,50.99516307666078,0.0066552937392913,-0.6681687817636045,-1.0261415290784432,0.2106963418367347,0.1934836535714285,-0.0143537107142857,0.0027113617425431,1,1.7142857142857142,0.388209,1,0.089321,0.089321,0.089321,0.089321,0.0,0.0
2024-10-28,0.167064875,0.1199135117531887,bullish,0.0552605081321562,0.077743875,0.0704164559552124,47.74319028783872,0.0044801622698595,0.8703874228904738,1.5385562046540784,0.1927661525510204,0.1888731446428571,-0.0073313881377551,0.0032135179513343,2,1.7142857142857142,0.33077275,8,0.1321153333333333,0.143769,0.1570396,0.2018145,0.0,0.182634
2024-10-29,0.1785693333333333,0.1641373063086207,bullish,0.0691540695351111,0.0115044583333333,0.0706087106609852,55.40178120262878,0.0034920572588716,0.0688622209386222,-0.8015252019518515,0.1904973073129252,0.1985433470238095,-0.0086117477040816,-0.0018837330743066,3,1.8571428571428572,0.3872673333333333,9,0.034074,0.044533,0.1311384285714285,0.15341625,0.0,0.04905075
2024-10-30,0.3414334285714285,0.2367609397006871,bullish,0.1530489488670612,0.1628640952380952,0.0859438880793244,55.63148176438386,0.0133045290783956,0.912049634715714,0.8431874137770916,0.2193011113945578,0.2086769490646258,0.0003184785289115,0.0022324556174777,3,2.0,0.4482541428571429,7,0.2768756666666667,0.2730853333333333,0.3414334285714285,0.3414334285714285,0.0,0.0
2024-10-31,0.2249893333333333,0.2725857563526262,bullish,0.0809721611377777,-0.1164440952380952,0.0801400180077449,50.45277045614471,0.0130225940962282,-0.3410447996416229,-1.2530944343573367,0.2098247100340136,0.209558544302721,0.0112169353741496,0.0028294045395081,2,2.0,0.3598933333333333,3,0.0,0.037752,0.2249893333333333,0.318608,0.0,0.0
2024-11-01,0.422805,0.2725857563526262,bullish,0.246887255235,0.1978156666666666,0.1129564025555292,60.0897729057544,0.0259178872586773,0.8792224223963208,1.2202672220379438,0.2419084243197279,0.2307988014455782,0.0323782935799319,0.0061490677472527,1,1.8571428571428572,0.583927,1,0.0,0.0,0.422805,0.422805,0.0,0.0
2024-11-02,0.168642,0.1946014430367874,bullish,0.059536106865,-0.254163,0.1152789892759009,47.99163391695614,0.0183442182378295,-0.6011352751268315,-1.4803576975231525,0.2275464243197279,0.2261523014455782,0.0284236874999999,0.0044685722736786,2,2.0,0.3530324999999999,2,0.168642,0.0,0.168642,0.306246,0.0,0.0
2024-11-03,0.481416,0.1946014430367874,bullish,0.314790219744,0.312774,0.1310955913632406,57.78393227131917,0.0337476403587065,1.8546625395808871,2.455797814707718,0.2835599957482993,0.247128168792517,0.0358775099914965,0.0104959380245944,1,2.0,0.653884,1,0.0,0.0,0.481416,0.481416,0.0,0.0
2024-11-04,-0.0460834,0.2390134478126701,neutral,-0.02387874966092,-0.5274994000000001,0.1787547981657418,42.66657059041237,0.0086649213222815,-1.0957246954816624,-2.95038723506255,0.2531102421768708,0.2229381973639455,-0.0160835853741496,0.0036167513736263,3,2.142857142857143,0.5181638,5,-0.382516,0.105555,0.0380247499999999,0.1217513333333333,0.0,-0.382516
2024-11-05,0.0953683333333333,0.055886406937048,neutral,0.0214678568855555,0.1414517333333333,0.1871082194515115,47.893949262090615,-0.0010300037335097,-3.0694725938913647,-1.9737478984097023,0.2412243850340136,0.2158608461734694,-0.0436332054421768,-0.0009672320172684,3,2.142857142857143,0.2251046666666666,3,0.077078,0.123118,0.0953683333333333,0.1275335,0.0,0.123118
2024-11-06,0.1832423333333333,0.1159260668069668,bullish,0.0699781703535555,0.0878739999999999,0.1824838180563494,50.910381062158585,-0.0023429898601167,0.9214169623040488,3.9908895561954134,0.2186256571428571,0.2189633842687074,-0.0355299904761904,-0.0044064657744636,2,2.0,0.3818886666666667,3,0.097721,0.226003,0.1832423333333333,0.206453,0.0,0.097721
2024-11-07,0.4369969999999999,0.1462169544273166,bullish,0.171080392527,0.2537546666666667,0.2004272828663765,52.92773731825468,0.0148051851132737,1.384803729851363,0.4633867675473138,0.2489124666666667,0.2293685883503401,-0.0112239642857143,0.0042085856174777,2,2.0,0.391491,2,0.0,0.0,0.4369969999999999,0.4369969999999999,0.0,0.0
2024-11-08,0.3075748,0.1996750113126327,bullish,0.1524014679512,-0.1294222,0.1881189222749601,52.166213606622144,0.0186829764673916,-0.2961626738856331,-1.6809664037369958,0.2324510095238095,0.2371797169217687,0.0199030761904761,0.0054161393014128,3,2.2857142857142856,0.495494,5,0.2809635,0.470029,0.3075748,0.3253156666666666,0.0,0.0
2024-11-09,0.4221299999999999,0.2324040601689221,bullish,0.16027656976,0.1145551999999999,0.1979307332261829,52.97839945889991,0.029813527290709,0.3724466373708117,0.6686093112564448,0.2686635809523809,0.2481050026360544,0.0311102523809523,0.0117552556227106,1,2.142857142857143,0.3796853333333334,3,0.290957,0.4221299999999999,0.4221299999999999,0.5121735,0.0,0.242043
2024-11-11,0.2350673333333333,0.1142994988017591,bullish,0.0934757787924444,-0.1870626666666666,0.174286593702449,52.83010386109537,0.0244801464638489,-0.443139948988858,-0.8155865863596697,0.2334709142857143,0.2585154550170068,0.0579038571428571,0.0061481133359497,2,2.2857142857142856,0.3976553333333333,3,0.0,0.107413,0.2350673333333333,0.2350673333333333,0.0,0.269866
2024-11-12,0.20785075,0.0600270037365128,bullish,0.0966136013165,-0.0272165833333333,0.126193558624061,50.80783248446799,0.0180263277348174,-0.1157820737887866,0.3273578752000713,0.2697472214285714,0.2614287318027211,0.0152225089285714,0.0016856960491889,3,2.2857142857142856,0.464822,4,0.178892,0.2382385,0.20785075,0.20785075,0.0,0.171461
2024-11-13,-0.0016983333333333,0.2145429193013214,neutral,-0.0004632674038888,-0.2095490833333333,0.1513701791991966,46.68923385787708,-0.0027436860093542,-1.008170927135617,-0.8923888533468303,0.2558805547619047,0.2485524698979591,-0.038772213095238,-0.0085638486185243,2,2.142857142857143,0.2727776666666666,3,0.031038,-0.230728,-0.0016983333333333,-0.0180665,0.0,0.0
2024-11-14,0.3392239999999999,0.2723240091447441,bullish,0.13789073973,0.3409223333333333,0.1503726766087623,49.96191303144866,0.0064347437504524,-200.73935230618295,-199.73118137904737,0.27816365,0.2483946535714285,-0.0402194470238095,-0.0029112238461538,3,2.2857142857142856,0.40648875,4,-0.03239,0.1367835,0.3392239999999999,0.4630953333333333,0.0,0.0
2024-11-15,0.274116,0.1584994003679509,bullish,0.121912542768,-0.0651079999999999,0.133335398006699,50.86212286307248,0.0086655808965597,-0.1919321746102869,200.5474201315727,0.2548949357142857,0.2519037011904761,-0.0179626452380952,-0.0029479321978021,2,2.2857142857142856,0.444748,3,0.209288,0.0,0.274116,0.158307,0.0,0.209288
2024-11-16,0.3571582,0.2500613565251536,bullish,0.18318444069408,0.0830422,0.1378413103709085,48.79961018068933,0.0165556098955276,0.30294546834187,0.4948776429521568,0.2619782785714286,0.247214644047619,0.0005198279761904,0.0056934479487179,2,2.142857142857143,0.5128944,5,0.031038,0.3287305,0.3571582,0.5296056666666668,0.0,0.0
2024-11-18,0.169767,0.1961924332944571,bullish,0.077196110706,-0.1873912,0.1209390702404278,50.02108618585798,0.0083841751076097,-0.5246728200556505,-0.8276182883975205,0.2259264214285714,0.2472950011904761,0.0135188654761904,0.0008903511721611,2,2.2857142857142856,0.454718,2,0.031038,0.308496,0.169767,0.308496,0.0,0.0
2024-11-20,0.3063909999999999,0.1400889792096437,bullish,0.2058392952289999,0.1366239999999999,0.1247810220383058,46.48752000790751,0.0122550987445964,0.8047736014655378,1.3294464215211883,0.2361155166666667,0.2347932154761904,0.0234459148809523,0.0102970829670329,4,2.5714285714285716,0.6718189999999999,4,0.493221,0.248521,0.2059969999999999,0.370871,0.0,0.0
2024-11-21,0.1214355714285714,0.2016176745400868,neutral,0.0475476816423265,-0.1849554285714285,0.1321032525379946,53.8977311119492,0.0010640067619549,-0.6036581641478651,-1.4084317656134029,0.2237704911564626,0.246758856292517,0.0071209540816326,-0.0022013755049712,2,2.4285714285714284,0.3915465714285714,7,-0.003911,0.2444655,0.1416748333333333,0.403013,0.0,0.0
2024-11-22,-0.190672,0.2016176745400868,bearish,-0.123000791152,-0.3121075714285714,0.1917169900081905,43.83423507025409,-0.031549750366058,-2.570149485500248,-1.9664913213523827,0.1967742530612244,0.2263274039115646,-0.0694934306122448,-0.0196902963317634,1,2.2857142857142856,0.645091,1,0.0,0.0,-0.190672,0.0,0.0,0.0
2024-11-23,0.29456,0.2016176745400868,bullish,0.009668932,0.485232,0.1868678524189269,52.04858293316752,-0.0195306149495169,-2.544851892254762,0.0252975932454857,0.190393681632653,0.2342786658163265,-0.0386664224489796,-0.0191611805285191,1,2.0,0.032825,1,0.29456,0.29456,0.29456,0.29456,0.0,0.0
2024-11-24,0.1686106666666666,0.2298955327998639,bullish,0.0907103467279999,-0.1259493333333333,0.1832086434796505,44.817071278837815,-0.0195786019411019,-0.4275846460257106,2.1172672462290514,0.1753214911564626,0.2151082134353741,-0.0290399857142857,-0.014354387069597,2,2.0,0.537987,3,0.412162,0.0,0.183771,0.412162,0.0,0.0
2024-11-25,0.0879875,0.0527452161290481,neutral,0.0456508185874999,-0.0806231666666666,0.1661348198557309,45.67799179224955,-0.0256061943190111,-0.4781617216783438,-0.0505770756526331,0.1368685340136054,0.199423406292517,-0.0124205263605442,-0.0149380584458398,2,2.0,0.518833,2,0.0,0.0,0.0879875,0.125284,0.0,0.0
2024-11-26,0.1414853333333333,0.1803077034446023,neutral,0.0666389553159999,0.0534978333333333,0.1655442595982587,44.340201425568985,-0.025898268111511,0.6080162901927357,1.0861780118710795,0.1328282959183673,0.1793773586734694,-0.0072260884353741,-0.0092514563422292,3,2.142857142857143,0.4709954999999999,6,0.0,0.2630683333333333,0.1414853333333333,0.23942425,0.0,0.297954
2024-11-27,0.213484,0.1803077034446023,bullish,0.085952501112,0.0719986666666666,0.1525219329293899,49.54354169516447,-0.0202533989334435,0.5088772452268318,-0.0991390449659039,0.1195558673469388,0.1778356920068027,0.0262102661564625,-0.0064410476452119,1,1.7142857142857142,0.402618,1,0.0,0.0,0.213484,0.0,0.0,0.0
2024-11-28,0.089567,0.2063687810256192,neutral,0.03903560495025,-0.123917,0.1529315492168258,47.59675538128664,-0.0252208345708514,-0.5804509939854978,-1.0893282392123296,0.1150032142857142,0.1693868527210884,0.0232657023809524,-0.0079735028676085,2,1.7142857142857142,0.43582575,4,0.068387,0.0,0.089567,0.1511115,0.0,0.0
2024-11-29,0.211423,0.1828332898152485,bullish,0.08611686921575,0.121856,0.0742637108458535,54.49012119121968,-0.0193434875719645,1.360501077405741,1.940952071391239,0.1724453571428571,0.1846098051020408,-0.010071494047619,-0.0124126410570382,2,1.8571428571428572,0.40732025,4,0.067113,0.0,0.211423,0.2595263333333333,0.0,0.0
2024-11-30,0.361543,0.3157274204404806,bullish,0.2387657087725,0.15012,0.0942475151737693,50.511335477495095,-0.0028199307522102,0.7100457376917364,-0.6504553397140047,0.1820143571428571,0.1862040193877551,0.0276339166666666,-0.0022602356567242,2,2.0,0.6604075,2,0.0,0.0,0.584796,0.584796,0.0,0.0
2024-12-01,0.2972039999999999,0.3128777801122987,bullish,0.069352256196,-0.064339,0.1032974982219639,50.529139963295734,0.0051305022109218,-0.1779567022456527,-0.8880024399373891,0.2003848333333333,0.1878531622448979,0.0380608511904761,0.0038093895238095,1,1.8571428571428572,0.233349,2,0.075966,0.0,0.2972039999999999,0.2972039999999999,0.0,0.075966
2024-12-02,0.089048,0.3128777801122987,neutral,0.06022138144,-0.2081559999999999,0.1031057774682549,44.188615999048366,-0.0049779188593008,-0.7003808831644258,-0.5224241809187731,0.2005363333333333,0.1687024336734694,0.0100751428571428,0.0065678696493982,1,1.7142857142857142,0.67628,1,0.0,0.089048,0.089048,0.089048,0.0,0.0
2024-12-03,0.0272465,0.0518101753616024,neutral,0.009001977946625,-0.0618015,0.1214240469727886,46.73294585149535,-0.0176780829673143,-0.6940245710178781,0.0063563121465477,0.1842165,0.1585223979591836,-0.0169274821428571,0.0025613671376242,2,1.5714285714285714,0.33039025,4,0.0476175,0.077916,0.0272465,0.0,0.0,0.0
2024-12-04,-0.004581,0.3077328711723854,neutral,-0.001730816325,-0.0318275,0.1393182881733748,42.51168258619204,-0.0299195045787821,-1.1681316866386509,-0.4741071156207728,0.1530643571428571,0.1363101122448979,-0.0329747142857142,0.0027760591313448,1,1.5714285714285714,0.3778249999999999,2,0.0,0.0,-0.004581,-0.222181,0.0,0.0
2024-12-05,0.0506034,0.2275457650150844,neutral,0.01869379670052,0.0551844,0.1430075555045339,48.180627540488,-0.0348331487008634,-12.046365422396851,-10.8782337357582,0.1474981285714285,0.1312506714285714,-0.053023725,-0.0001630735531135,3,1.7142857142857142,0.3694178,5,-0.294471,0.156294,0.136872,0.0990206666666666,0.0,-0.294471
2024-12-06,-0.026191,0.232611260952689,neutral,-0.015570889983,-0.0767944,0.1531462898124394,54.805741470445106,-0.0443210211198497,-1.517573917958082,10.52879150443877,0.1135532714285714,0.1429993142857142,-0.06250115,-0.0152742423443223,1,1.5714285714285714,0.594513,2,0.0,0.0,-0.190672,0.0,0.0,0.0
2024-12-07,0.2253436666666666,0.210533307828793,bullish,0.0752773287974444,0.2515346666666666,0.1218406517930308,47.65781137260833,-0.0314517808350938,-9.603858831914268,-8.086284913956186,0.0940962238095238,0.1380552904761904,-0.0150965035714286,-0.0079250404395604,2,1.5714285714285714,0.3340556666666667,3,0.118866,0.329356,0.2253436666666666,0.329356,0.0,0.329356
2024-12-09,-0.1938095,0.4979735866895954,bearish,-0.11805682811575,-0.4191531666666667,0.1266660747063102,39.766786444698106,-0.0540312462405203,-1.860061890652944,7.743796941261325,0.0239514380952381,0.1121681357142857,-0.0169281488095238,-0.0163995715018315,2,1.7142857142857142,0.6091385,2,0.0,0.0,0.158311,0.158311,0.0,0.0
2024-12-10,0.444658,0.4979735866895954,bullish,0.238182391674,0.6384675,0.2045143514657127,57.658318392496454,-0.02075849848867,-3.294304458759761,-1.4342425681068174,0.0747528666666666,0.1376446,0.037447063095238,-0.0076970249084249,1,1.7142857142857142,0.535653,1,0.444658,0.444658,0.444658,0.444658,0.0,0.0
2024-12-11,0.2096048999999999,0.2533342455897829,bullish,0.07752289627725,-0.2350531,0.2090192497525978,51.356853795895674,-0.0130072447806529,-0.5286154752641357,2.7656889834956253,0.1008040666666666,0.1425102833333333,0.0451088714285714,-0.0055143987545787,3,1.8571428571428572,0.3698525,10,0.118846,0.2910304,0.2096048999999999,0.3033555,0.0,0.1972336666666666
2024-12-12,0.306095,0.2587239943008765,bullish,0.1278949596283333,0.0964901,0.2157869800825168,51.82686722383225,0.0008342060155817,0.4603427687043577,0.9889582439684934,0.1451863523809524,0.1491253547619047,0.052049319047619,0.0014992431501831,2,2.0,0.4178276666666667,3,0.588122,0.0,0.306095,0.3339295,0.0,0.0
2024-12-13,0.3863223333333334,0.0784133994055437,bullish,0.175914965062,0.0802273333333333,0.2282117883977033,55.95653908851235,0.0180088697939215,0.2620994571402126,-0.1982433115641451,0.1931462,0.1703221642857142,0.0643734666666666,0.0063128374358974,2,1.8571428571428572,0.455358,3,0.0,0.307693,0.3863223333333334,0.3863223333333334,0.0,0.386756
2024-12-14,0.017347,0.0784133994055437,neutral,0.007225303052,-0.3689753333333334,0.2217391409134832,46.45604070524199,0.002073838942416,-0.9550970821429772,-1.21719653928319,0.1993659142857143,0.1564595928571428,0.0142039523809523,0.003297091062271,1,1.8571428571428572,0.416516,1,0.017347,0.0,0.017347,0.0,0.0,0.0
2024-12-16,0.0472125,0.3416648042811843,neutral,0.02198839565625,0.0298655,0.2283828432713833,43.99644443697442,-0.0080694597754285,1.7216521588747336,2.6767492410177107,0.1739186047619048,0.1340074142857143,0.0016129083333333,0.0069367369963369,2,1.8571428571428572,0.4657325,2,0.0,0.0,0.0472125,0.288806,0.0,0.288806
2024-12-17,0.2256052499999999,0.1473317291995063,bullish,0.088036583076,0.17839275,0.1608674764816439,48.68959074893484,-0.0017965271504895,3.7785067513899913,2.0568545925152577,0.2338349976190476,0.1288932178571428,-0.0453818232142857,0.0149339252380952,2,1.8571428571428572,0.390224,4,0.1703675,0.329669,0.2256052499999999,0.2950339999999999,0.0,0.323416
2024-12-18,0.2327442,0.0665144782863099,bullish,0.06781928588916,0.00713895,0.1319151054094009,52.838829032857866,0.0037038447141156,0.0316435455291932,-3.746863205860798,0.2035615976190476,0.1391572321428571,-0.0153811226190476,0.0165875175457875,3,2.142857142857143,0.2913898,5,0.2222849999999999,0.225028,0.260094,0.275006,0.0,0.275006
2024-12-19,0.213276,0.0525380338421604,bullish,0.0621107699099999,-0.0194682,0.1319504282163183,53.73767431124883,0.0064273110472288,-0.083646337910891,-0.1152898834400842,0.2040860404761904,0.1524450535714285,-0.0134769648809524,0.0150158318315018,2,2.0,0.2912225,2,0.0,0.0,0.213276,0.176126,0.0,0.0
2024-12-20,0.2163834,0.1518284978826438,bullish,0.12303958269456,0.0031074,0.1245399209943833,54.49141509605778,0.0087340475037898,0.0145698531480336,0.0982161910589246,0.1912700976190476,0.168228225,0.0024133178571427,0.0116659586446886,2,2.0,0.5686184,5,0.017319,0.34852,0.2163834,0.2266343333333333,0.0,0.0
2024-12-22,-0.194381,0.1518284978826438,bearish,-0.141054127698,-0.4107644,0.1610221413652012,45.64925861487441,-0.02215048207935,-1.8983175234329437,-1.9128873765809773,0.1083124785714285,0.1507293392857143,-0.0110418374999999,-0.0025720464102564,1,1.8571428571428572,0.725658,1,0.0,0.0,-0.194381,0.0,0.0,0.0
2024-12-23,0.2058975,0.1160934984419885,bullish,0.068250491505,0.4002785,0.1590273259066783,53.69695196454547,-0.0143207857154177,-2.0592470457503564,-0.1609295223174127,0.1352482642857143,0.1673070892857142,-0.0135813678571428,-0.0068283519047619,1,1.8571428571428572,0.331478,2,0.0,0.0,0.2058975,0.2058975,0.0,0.0
2024-12-24,0.4017085,0.0616010214566284,bullish,0.16160150477675,0.195811,0.1812164525354255,52.86010022704059,0.0075250645327208,0.9510120326861666,3.010259078436523,0.18589055,0.1799045773809524,0.0023914053571428,0.001782125018315,2,1.8571428571428572,0.4022854999999999,2,0.4017085,0.445267,0.35815,0.4017085,0.0,0.35815
2024-12-25,0.10213,0.1199408664384245,neutral,0.03342439149,-0.2995785,0.18270968261796,54.99287430792516,0.0007575552206568,-0.7457609186761047,-1.6967729513622714,0.1682512285714286,0.2010431130952381,-0.0009094107142857,-0.01276025007326,2,1.8571428571428572,0.327273,2,0.10213,0.186941,0.10213,0.186941,0.0,0.0
2024-12-26,-0.040858,0.1199408664384245,neutral,-0.026389651046,-0.142988,0.1954355270661656,40.16433055663044,-0.0159145347823713,-1.4000587486536766,-0.6542978299775719,0.1291652,0.1663633988095238,-0.0141006892857142,-0.0116404504395604,1,1.5714285714285714,0.645887,1,0.0,0.0,-0.040858,0.0,0.0,0.0
2024-12-27,-0.088531,0.1496945055771921,neutral,-0.0505154787414999,-0.047673,0.206750568407122,43.46410768614173,-0.0325837205736566,1.16679720005874,2.5668559487124165,0.0860499142857143,0.1450679773809524,-0.0254094535714285,-0.0174976035531135,1,1.4285714285714286,0.5705965,2,0.017319,0.0,-0.088531,0.0,0.0,0.0
2024-12-28,0.149535,0.1496945055771921,neutral,0.09940369032,0.238066,0.2011963952996163,46.768407164624605,-0.0263445730542938,-2.689069365532977,-3.8558665655917177,0.0765001428571428,0.1338851202380952,1.1589285714310813e-05,-0.0120613911721611,1,1.2857142857142858,0.664752,1,0.0,0.149535,0.149535,0.149535,0.0,0.0
2024-12-30,0.1026919999999999,0.2947642754733574,neutral,0.0551777979419999,-0.046843,0.1620606242878247,44.063704346829226,-0.0248812695872196,-0.3132577657404621,2.375811599792515,0.1189391428571428,0.1136258107142857,-0.0358794464285714,-0.0046305172527472,2,1.4285714285714286,0.5373135,4,0.017319,0.390684,0.1026919999999999,0.275155,0.0,0.0
2024-12-31,-0.11856375,0.1131984187533112,neutral,-0.0474740814965625,-0.2212557499999999,0.1786003189213293,46.96794411124833,-0.0410501419299917,-2.154556830132824,-1.841299064392362,0.0725875357142857,0.1039179,-0.0489035625,-0.0144385314285714,2,1.5714285714285714,0.40040975,4,-0.109243,-0.08717,-0.11856375,0.0,0.0,0.0
2025-01-01,0.238524,0.1506561707996058,bullish,0.109701600294,0.35708775,0.1334157510941226,53.724255127560824,-0.0248402699507233,-3.011778473605972,-0.8572216434731477,0.0492754642857143,0.1175830071428571,0.0158926249999999,-0.0124620516483516,2,1.5714285714285714,0.4599185,2,0.0,0.0,0.238524,0.238524,0.0,0.345054
2025-01-02,0.0411882,0.3515518773512666,neutral,0.02174568912144,-0.1973358,0.1313645184010899,46.4362426126265,-0.0275602973178673,-0.8273205212054133,2.1844579524005585,0.0405694928571428,0.1044103607142857,0.0225767803571428,-0.0110835875824175,3,1.7142857142857142,0.5279592,5,-0.405279,0.210453,0.152805,0.389661,0.0,-0.405279
2025-01-03,0.1900335,0.0038105984438143,bullish,0.03437753523375,0.1488453,0.1364019992063605,49.21749552398653,-0.0175306811145721,3.613785016096844,4.441105537302257,0.0735539928571428,0.1013595964285714,0.0269582821428571,-0.0044064262637362,2,1.8571428571428572,0.1809025,2,0.192728,0.0,0.1900335,0.1900335,0.0,0.0
2025-01-04,-0.119684,0.0038105984438143,neutral,-0.083669767876,-0.3097175,0.1429240853842948,44.486233949742655,-0.0341273695247136,-1.6298047449528634,-5.243589761049707,0.0691035642857143,0.0775767392857143,-0.0169007875,-0.0070324058241758,1,1.8571428571428572,0.699089,1,0.0,0.0,-0.119684,0.0,0.0,0.0
2025-01-05,0.174347,0.0038105984438143,bullish,0.035729976792,0.294031,0.1455350943365111,49.36506191101012,-0.023331806716117,-2.4567277163196417,-0.8269229713667783,0.0726481357142857,0.0745741392857143,0.0058654999999999,0.0003085025274725,1,1.8571428571428572,0.204936,1,0.0,0.174347,0.0,0.0,0.0,0.174347
2025-01-06,0.2165933333333333,0.1427856425286987,bullish,0.0728802633711111,0.0422463333333333,0.1554815150495258,56.98518390191767,-0.0112440449059248,0.2423117881772174,2.6990395044968594,0.0889197547619047,0.1039294488095238,0.0255801803571428,-0.0045004591575091,1,1.7142857142857142,0.3364843333333334,3,0.2010315,0.2010315,0.2165933333333333,0.2944835,0.0,0.34125
2025-01-07,-0.16149,0.1427856425286987,bearish,-0.0297727808699999,-0.3780833333333333,0.1655492938178265,43.70817495152356,-0.03175520582318,-1.7455908153528887,-1.9879026035301064,0.0827874333333333,0.0776874845238095,-0.0308899369047619,-0.0087222878754578,1,1.5714285714285714,0.184363,1,-0.16149,0.0,-0.16149,-0.16149,0.0,-0.16149
2025-01-08,0.1517455,0.1296968186984553,bullish,0.009605186659,0.3132355,0.1548466779305333,45.884687369343496,-0.0225144988767758,-1.9396588024026256,-0.1940679870497368,0.0703905047619047,0.0598329845238095,-0.0012534916666666,0.0040756669230769,2,1.5714285714285714,0.063298,2,0.060036,0.1517455,0.1517455,0.1517455,0.0,0.060036
2025-01-10,0.19511,0.2593281297609909,bullish,0.0742465252925,0.0433645,0.1608221480456834,51.67183743156863,-0.011563859533089,0.2857712419808165,2.225430044383442,0.0923793333333333,0.0664744130952381,0.0079375535714285,0.0093351316117216,3,1.5714285714285714,0.38053675,4,0.215192,0.284988,0.19511,0.3000413333333333,0.0,0.100236
2025-01-11,0.2720654999999999,0.3602659552670776,bullish,0.1306659859469999,0.0769554999999999,0.1717420744153974,55.76341508324529,0.0032780370179261,0.394421095792117,0.1086498538113005,0.1040981904761905,0.0888260916666666,0.0411402380952381,0.0116707314652014,2,1.5714285714285714,0.480274,2,0.2720654999999999,0.0,0.2720654999999999,0.526812,0.0,0.526812
2025-01-12,0.228407,0.3602659552670776,bullish,0.089752073836,-0.0436584999999999,0.1443587149466892,55.845998955285935,0.0113903409447354,-0.1604705484524865,-0.5548916442446036,0.1538254761904762,0.1114645202380952,0.0224901547619047,0.0098118203296703,1,1.5714285714285714,0.392948,1,0.0,0.228407,0.228407,0.228407,0.0,0.0
2025-01-13,0.0728683333333333,0.3186963512221835,neutral,0.0412249923994444,-0.1555386666666666,0.1470251827228557,48.54145969926953,0.0052228175345436,-0.6809715405686633,-0.5205009921161767,0.1393285238095238,0.1059883297619047,0.0167478214285714,0.0099641428937728,2,1.7142857142857142,0.5657463333333334,3,0.0,0.0,0.0728683333333333,0.2454974999999999,0.0,0.0
2025-01-14,0.1976036249999999,0.2893649091599135,bullish,0.0855979629779531,0.1247352916666666,0.1455295200188432,51.75366672157675,0.0102710624307168,1.7117901008668603,2.3927616414355235,0.1366157083333333,0.112767731547619,0.0340294122023809,0.0124730525457875,3,2.0,0.433180125,8,0.1113006666666666,0.501107,0.1976036249999999,0.2513568,0.0,0.1582914999999999
2025-01-15,0.2487286,0.0564978136860179,bullish,0.09497338447244,0.051124975,0.0667525709230362,57.24168277973002,0.0181834512176834,0.2587248842221394,-1.4530652166447209,0.1952183654761904,0.1390028994047619,0.0034549779761904,0.0087313362087912,2,2.142857142857143,0.3818354,5,0.0,0.181382,0.228467,0.25753975,0.0,0.329775
2025-01-16,0.3120766666666666,0.1718911540665585,bullish,0.1154456890955555,0.0633480666666666,0.0761895763882477,51.64017486952813,0.0292240928178441,0.2546875054443545,-0.0040373787777849,0.2181228178571428,0.1442566613095238,0.0097651008928571,0.0169572163919413,2,2.142857142857143,0.3699273333333333,3,0.506291,0.0,0.3120766666666666,0.342902,0.0,0.342902
2025-01-17,0.1195283333333333,0.0790887186666551,neutral,0.0099696590694444,-0.1925483333333333,0.0848570443413486,51.75067008343968,0.0221939734332808,-0.6169904831077834,-0.8716779885521379,0.2073254369047619,0.1498523851190476,-0.0040861392857143,0.0128528313736263,2,2.0,0.0834083333333333,3,0.083016,0.0,0.1195283333333333,0.1377845,0.0,0.210277
2025-01-18,0.2782335,0.0888430173086213,bullish,0.11856711927375,0.1587051666666666,0.08566947200267,51.96236122931918,0.0290834928913069,1.3277618974580645,1.944752380565848,0.2082065797619048,0.1561523851190476,0.0127597336309523,0.0178455153663003,1,1.8571428571428572,0.4261425,2,0.215412,0.215412,0.215412,0.2782335,0.0,0.0
2025-01-19,-0.12307,0.0888430173086213,neutral,-0.02937902426,-0.4013035,0.1504014928301619,49.92761488553773,0.0021600904346208,-1.4423263194403262,-2.7700882168983907,0.1579955797619048,0.1559105279761904,-0.0198484113095238,0.0007742257326007,1,1.8571428571428572,0.238718,1,-0.12307,-0.12307,-0.12307,-0.12307,0.0,-0.12307
2025-01-20,0.035227,0.0253257364749773,neutral,0.0094036539015,0.158297,0.1545675258956677,46.84269485102657,-0.006338958019679,-1.2862354757455108,0.1560908436948154,0.1526182464285714,0.1459733851190476,-0.0451632229166666,-0.0020660792857142,2,1.8571428571428572,0.2669445,2,0.017319,0.053135,0.035227,0.0,0.0,0.053135
2025-01-21,0.1673596666666666,0.3018965710476575,bullish,0.0747034418251111,0.1321326666666666,0.1535196374801556,48.92645004217851,-0.0023914983248071,3.750891834861517,5.037127310607028,0.1482976809523809,0.1424566946428571,-0.0371573023809524,0.0008730874908424,2,1.7142857142857142,0.4463646666666667,3,0.139849,0.0,0.1673596666666666,0.48207,0.0,0.139849
2025-01-22,0.229003,0.3018965710476575,bullish,0.027579060293,0.0616433333333333,0.1515371615371601,59.87794136470316,0.0056430657692709,0.3683284901380064,-3.3825633447235104,0.1454797380952381,0.1703490517857143,-0.0141630297619047,-0.0066743816300366,1,1.5714285714285714,0.120431,1,0.0,0.229003,0.229003,0.229003,0.0,0.0
2025-01-23,0.1141618333333333,0.3583254307505492,neutral,0.0658408775968611,-0.1148411666666666,0.132546588064293,48.9432083815251,0.0027173483623036,-0.5014832411220231,-0.8698117312600295,0.1172061904761904,0.1676645041666666,0.0062810416666666,-0.0088930346336996,3,1.7142857142857142,0.5767328333333334,6,0.0,0.158537,0.2573012,0.22545275,0.0,0.158537
2025-01-24,0.352425,0.2620452878263602,bullish,0.207422200725,0.2382631666666666,0.1596795698395761,53.98650276401579,0.0193915529122378,2.08706499983211,2.5885482409541325,0.1504771428571429,0.1789012898809523,0.0318147916666666,-0.0027093667582417,2,1.7142857142857142,0.588557,2,0.0,0.537719,0.352425,0.352425,0.0,0.0
2025-01-25,0.186522,0.0269096556648352,bullish,0.077327731194,-0.1659029999999999,0.1509753643049395,47.925758412551566,0.0190059152902974,-0.4707469674398807,-2.55781196727199,0.1373755,0.1727910398809524,0.0539276488095238,0.0005797154029303,1,1.7142857142857142,0.414577,2,0.167494,0.186522,0.20555,0.186522,0.0,0.186522
2025-01-27,0.2433381666666666,0.1624825899564832,bullish,0.0515162715814166,0.0568161666666666,0.1008119654099588,50.35975238697819,0.0230176029009946,0.3046083929330945,0.7753553603729753,0.1897195238095238,0.1738575517857143,0.0280742916666666,0.0044288407875457,2,1.8571428571428572,0.2117065,6,0.283782,0.146991,0.2097806,0.305811,0.0,0.460939
2025-01-28,0.3506565,0.1607091079077349,bullish,0.220579068699,0.1073183333333333,0.0901825955661783,56.8522665202858,0.0344559813090108,0.4410254864800633,0.1364170935469688,0.2347808809523809,0.1936995636904762,0.0232471785714285,0.0061509244139194,1,1.7142857142857142,0.629046,2,0.0,0.0,0.3506565,0.464295,0.0,0.0
2025-01-29,0.276922,0.0909893301244711,bullish,0.1032093278596,-0.0737345,0.0859387509432147,52.00706485106911,0.037145122234299,-0.2102755830848709,-0.6513010695649343,0.2504326428571429,0.1993651619047619,0.0181306964285714,0.0086574136263736,2,1.7142857142857142,0.3727018,5,0.256086,0.303452,0.24869675,0.282131,0.0,0.2736993333333333
2025-01-30,0.223225125,0.2173995290134453,bullish,0.0817843004938593,-0.053696875,0.0862062099436679,49.35550128717286,0.0345465847178246,-0.1939061360238623,0.0163694470610086,0.2496072321428571,0.1975434851190476,0.0121542276785714,0.0109664929487179,2,1.8571428571428572,0.3663758749999999,8,0.0873458,0.2000133333333333,0.2012006,0.2464892857142857,0.0,0.0559753333333333
2025-01-31,0.2574873333333333,0.1871557984821736,bullish,0.0942754394967407,0.0342622083333333,0.0624114090573938,48.59988967060841,0.0348493080418972,0.1534872399929594,0.3473933760168217,0.2700823035714285,0.1936442470238095,-0.0063508184523809,0.0164549934981685,3,1.8571428571428572,0.3661362222222222,9,0.189992,0.2752205,0.264950875,0.3152057142857142,0.0,0.064982
2025-02-01,0.3703095,0.2358434460494927,bullish,0.13526128467225,0.1128221666666666,0.0665714922870442,56.706313906248326,0.0436867947278096,0.4381658903609498,0.2846786503679903,0.2726372321428571,0.2115571875,0.0161510520833333,0.0190591903846153,1,1.7142857142857142,0.3652655,2,0.537076,0.3703095,0.3703095,0.3703095,0.0,0.203543
2025-02-03,0.172706,0.1840177836596235,bullish,0.07196140902,-0.1976035,0.0696822916600097,47.235528082400485,0.0343538023138453,-0.5336171499785989,-0.9717830403395488,0.2706635178571429,0.2040195089285714,-0.0068580416666666,0.0201472766483516,2,1.8571428571428572,0.41667,3,0.079283,0.0,0.2194175,0.079283,0.0,0.079283
2025-02-04,0.151168625,0.2342271901008795,bullish,0.0549512123933593,-0.021537375,0.083118872445742,58.96866193378204,0.0249324822779112,-0.1247054242469863,0.4089117257316125,0.2574964404761904,0.2236079821428571,-0.0235646875,0.0078540807692307,3,2.0,0.363509375,8,0.051788,0.481647,0.151168625,0.2127934285714285,0.0,0.0303595
2025-02-05,0.1979666,0.1738830962235834,bullish,0.0458628034420399,0.0467979749999999,0.074147247827074,55.740890544106115,0.020999307044586,0.3095746554551251,0.4342800797021114,0.2356835976190476,0.2352322392857143,-0.0166343047619047,0.0009111078021977,3,2.2857142857142856,0.2316694,5,0.054607,0.0,0.1979666,0.12556825,0.0,0.151631
2025-02-06,0.229651,0.1300240208225278,bullish,0.0764901456337499,0.0316844,0.071883530220857,52.36503114264363,0.020205448107171,0.1600492204240513,-0.1495254350310737,0.2289305976190476,0.2396816202380952,-0.0113894541666666,-0.0014859135164835,3,2.4285714285714284,0.33307125,8,0.260233,0.383771,0.2538137142857143,0.2528973333333333,0.0,0.2272266666666666
2025-02-07,0.2167815,0.0084435620741485,bullish,0.054233094981,-0.0128694999999999,0.0720099161983384,49.51813678241618,0.0183267855630765,-0.0560393814962703,-0.2160886019203216,0.2280100797619047,0.2388086559523809,-0.0135062107142857,-0.002492245091575,1,2.2857142857142856,0.250174,2,0.210811,0.222752,0.2167815,0.2167815,0.0,0.2167815
2025-02-10,0.2102987999999999,0.2442990253658413,bullish,0.0776032434429599,-0.0064827,0.0709920663387872,54.14457841228754,0.0161289991863781,-0.0299043045647346,0.0261350769315356,0.2212688607142857,0.2456755821428571,-0.0111928116071429,-0.0074160483150183,2,2.142857142857143,0.3690141999999999,5,0.046219,0.1580443333333333,0.2102987999999999,0.341599,0.0,0.046219
2025-02-11,0.19412975,0.1587040000785004,bullish,0.0525726173245625,-0.0161690499999999,0.0268591193078609,41.559367077504454,0.0129336567620543,-0.0768860782848022,-0.0469817737200675,0.196100325,0.2343687785714285,0.0071909464285714,-0.0053695747985347,1,2.142857142857143,0.27081175,4,0.0,0.1399475,0.19412975,0.19412975,0.0,0.0
2025-02-12,0.096686,0.1732953215265778,neutral,0.0255513381346666,-0.09744375,0.0462579905042783,44.83248843671789,0.0025107086272653,-0.5019516586200725,-0.4250655803352703,0.185240325,0.2279519214285714,-0.0068026348214285,-0.0108807347985347,2,2.142857142857143,0.2642713333333333,3,-0.099955,0.096686,0.096686,0.1950065,0.0,-0.099955
2025-02-13,0.1707656666666666,0.0810723393170157,bullish,0.0559414093527777,0.0740796666666666,0.0444082981572824,45.90680562480401,0.0002246234639683,0.7661881416820087,1.2681398003020812,0.1880399023809524,0.2227681714285714,-0.0132208767857143,-0.0120073889377289,3,2.142857142857143,0.3275916666666666,3,0.0,0.196082,0.1707656666666666,0.138069,0.0,0.0
2025-02-14,-0.0411439999999999,0.3380833084344745,neutral,-0.0223479807599999,-0.2119096666666666,0.096688164090954,30.233925160092554,-0.0184712508220292,-1.2409383619267729,-2.0071265036087818,0.1538812452380952,0.1947824214285714,-0.0363581952380952,-0.0153316379487179,2,2.0,0.543165,2,0.197917,0.197917,-0.0411439999999999,0.197917,0.0,0.197917
2025-02-16,0.091007,0.3380833084344745,neutral,0.005580094205,0.132151,0.0926981649878472,41.14276998198683,-0.022367828117095,-3.211914252381879,-1.9709758904551065,0.1340749595238095,0.1815027785714285,-0.0322704708333333,-0.0155887517948718,1,1.7142857142857142,0.061315,1,0.0,0.091007,0.091007,0.091007,0.0,0.0
2025-02-17,0.129077,0.3380833084344745,neutral,0.025620880961,0.0380699999999999,0.0852871991569517,45.446867353739385,-0.0221292121796162,0.4183194699308843,3.630233722312763,0.1215457452380952,0.1747779125,-0.0209907464285714,-0.0157111692124542,1,1.7142857142857142,0.198493,1,0.0,0.0,0.129077,0.129077,0.0,0.0
2025-02-18,0.1740445,0.0408035968083697,bullish,0.031975107451,0.0449674999999999,0.0799319343874991,46.00594620256674,-0.0181033014926979,0.3483773251624997,-0.0699421447683845,0.1163665595238095,0.1688177101190476,-0.0026868720238095,-0.0130054396520146,2,1.7142857142857142,0.183718,2,0.1740445,0.202897,0.1740445,0.1740445,0.0,0.1740445
2025-02-19,0.394191,0.2622192360945322,bullish,0.159053309163,0.2201465,0.1315017138622242,51.03660209748266,0.0028170330733193,1.2648862790837976,0.9165089539212978,0.1449467380952381,0.170523531547619,0.0381890595238095,7.638368131868677e-05,1,1.7142857142857142,0.403493,2,0.208774,0.394191,0.394191,0.579608,0.0,0.579608
2025-02-20,0.2150429999999999,0.0337007091913508,bullish,0.091076301618,-0.179148,0.1318707666110997,51.86760489755346,0.004885771611937,-0.454470041172934,-1.7193563202567317,0.1618548809523809,0.1735476029761904,0.0388049821428571,0.001420318003663,1,1.5714285714285714,0.423526,2,0.0,0.0,0.2150429999999999,0.2150429999999999,0.0,0.0
2025-02-21,0.2970669999999999,0.0904912832155672,bullish,0.0815790542049999,0.0820239999999999,0.1415765096942368,56.10993524994844,0.0129935736618042,0.3814306906060647,0.8359007317789987,0.1798979285714285,0.1839689154761905,0.0545649642857142,0.0042116751282051,1,1.2857142857142858,0.274615,2,0.23308,0.361054,0.2970669999999999,0.2970669999999999,0.0,0.23308
2025-02-24,0.2975425,0.1232522474947211,bullish,0.1788751124374999,0.0004755,0.1071270464938153,54.338360824449715,0.0192356856821786,0.0016006490118392,-0.3798300415942255,0.2282817142857142,0.1910814797619047,0.0355923214285714,0.0079180968131868,2,1.2857142857142858,0.601175,2,0.21039,0.0,0.2975425,0.21039,0.0,0.21039
2025-02-25,0.430805,0.1232522474947211,bullish,0.105163377745,0.1332625,0.1114554394746533,58.05131713700349,0.0345368745056166,0.4478771940143005,0.4462765450024613,0.2768242857142857,0.2054496226190476,0.0376805714285714,0.0160388628937728,1,1.2857142857142858,0.244109,1,0.430805,0.430805,0.430805,0.0,0.0,0.0
2025-02-26,0.3432023333333333,0.177600481914699,bullish,0.2301392438501111,-0.0876026666666666,0.0917975340121419,54.77444406468356,0.0391436064151981,-0.20334644831575,-0.6512236423300505,0.307413619047619,0.2144796821428571,0.0236857499999999,0.020348233003663,3,1.5714285714285714,0.6705643333333334,3,0.0,0.3577155,0.3432023333333333,0.3432023333333333,0.0,0.0
2025-02-28,0.1592869999999999,0.1015553221490631,bullish,0.0362748001796666,-0.1839153333333333,0.0954670841065837,48.301152768655825,0.0276363766371437,-0.535880195064719,-0.3325337467489689,0.3053054047619047,0.2108359821428571,-0.0112376904761905,0.0186334679487179,3,1.7142857142857142,0.2277323333333333,6,0.093224,0.35648,0.1639834,0.19515125,0.0,0.263161
2025-03-01,-0.081169,0.1015553221490631,neutral,-0.004951552507,-0.240456,0.16525968598332,42.02334141803883,-0.0008747803488939,-1.5095770527412784,-0.9736968576765594,0.2373968333333333,0.1911717857142857,-0.0399477202380952,0.0097397135531135,1,1.7142857142857142,0.061003,1,-0.081169,0.0,-0.081169,-0.081169,0.0,0.0
2025-03-02,0.2503855,0.0150493536239933,bullish,0.07232372648225,0.3315545,0.1650026023566905,53.92138011257654,0.0032447973905608,-4.084742943734677,-2.575165890993399,0.2424457619047619,0.2021503214285714,-0.0417494821428571,0.0083166179487179,2,1.8571428571428572,0.2888495,2,0.2503855,0.239744,0.2503855,0.2503855,0.0,0.261027
2025-03-03,0.1605894,0.2379504407713925,bullish,0.0488363927836799,-0.0897961,0.16553512244054,49.74243549809972,-0.0007274644606752,-0.3586313903960094,3.726111553338668,0.2229489619047619,0.2014234452380952,-0.0427167726190476,0.0060945041025641,2,2.0,0.3041071999999999,5,0.0287856666666666,0.023131,0.0568262499999999,0.2465736666666666,0.0,0.0
2025-03-04,0.2067562,0.2501011018382366,bullish,0.08097040061012,0.0461668,0.1622404696004309,56.84906928987006,-0.0001486885375924,0.2874834827205283,0.6461148731165378,0.2099794904761904,0.2191306023809523,-0.0337954916666667,-0.0017498604395604,2,2.0,0.3916226,5,0.3881945,0.1978975,0.144039,0.25059025,0.0,0.364375
2025-03-05,0.1417995,0.1465089895279467,neutral,0.016234624755,-0.0649567,0.1303101426892418,51.45742533279397,-0.00487505107491,-0.3141705061323433,-0.6016539888528717,0.1686929904761904,0.222758638095238,-0.0095539892857143,-0.0081831755311355,1,2.0,0.11449,2,0.0,0.1417995,0.1417995,0.245397,0.0,0.0
2025-03-06,0.2568956,0.226643407922666,bullish,0.0988256307760799,0.1150961,0.1141245427614036,53.51233331072724,0.0006586153326079,0.8116819875951609,1.1258524937275045,0.1563634571428571,0.231888538095238,0.0248261964285714,-0.0102962394139194,3,2.0,0.3846918,5,0.614476,0.224939,0.1675005,0.30211625,0.0,0.0
2025-03-07,0.337309,0.226643407922666,bullish,0.111907320385,0.0804134,0.1331363995428835,54.400626927849224,0.0114011147387097,0.3130197636705338,-0.498662223924627,0.1817951714285714,0.2435502880952381,0.0446308678571428,-0.0091911725274725,1,1.7142857142857142,0.331765,1,0.337309,0.337309,0.337309,0.337309,0.0,0.337309
2025-03-09,0.12012,0.226643407922666,neutral,0.00964839876,-0.217189,0.0766129845367795,42.60090107397366,0.002362630020383,-0.6438873555108224,-0.9569071191813564,0.2105507428571428,0.2239737880952381,0.0004565035714285,-0.0077515748717948,1,1.7142857142857142,0.080323,1,0.12012,0.12012,0.12012,0.12012,0.0,0.12012
2025-03-10,0.151627,0.226643407922666,bullish,0.113662480113,0.031507,0.0771461554502969,48.13965560981723,-0.002232424303549,0.2622960372960374,0.90618339280686,0.1964423857142856,0.2194440738095238,-0.000166075,-0.0101130475457875,1,1.5714285714285714,0.749619,1,0.0,0.0,0.151627,0.151627,0.0,0.0
2025-03-11,0.0282173333333333,0.3050994016412793,neutral,0.009677078032,-0.1234096666666666,0.1001833424332359,42.30010678191359,-0.0156514606003755,-0.8139029768225097,-1.0761990141185471,0.1775320904761905,0.2002405261904762,-0.0233120428571428,-0.0130176711355311,3,1.7142857142857142,0.342948,6,-0.071552,-0.0525053333333333,0.0282173333333333,0.198265,0.0,-0.226701
2025-03-12,0.31032225,0.1194115032157706,bullish,0.14176761669,0.2821049166666667,0.112151025594071,50.31517107107673,-0.0034830809563822,9.997575367386478,10.811478344208988,0.1923272404761904,0.2011533654761905,-0.0049096529761904,-0.0066647216483516,1,1.5714285714285714,0.45684,4,0.244122,0.421177,0.332389,0.31032225,0.0,0.0
2025-03-13,0.15231025,0.0260917721306289,bullish,0.032397684812125,-0.158012,0.111429828407422,43.21466135718054,-0.0065143971671341,-0.5091868211190143,-10.506762188505492,0.1938287761904762,0.1812608833333333,-0.0164154363095238,-0.0004893062271062,2,1.7142857142857142,0.2127085,4,0.0,0.168678,0.15231025,0.153651,0.0,0.0
2025-03-14,0.1746478571428571,0.2167527380737696,bullish,0.0725662594919387,0.0223376071428571,0.107953492212823,45.758387608744314,-0.0070332438966102,0.1466585941711546,0.6558454152901689,0.1820790986394558,0.1692212778911564,-0.0094609885204082,0.0046604792883307,3,1.7142857142857142,0.4155004285714286,7,0.0,0.0487755,0.1746478571428571,0.2329605,0.0,0.2766035
2025-03-16,0.109472,0.2167527380737696,neutral,0.0514066280639999,-0.0651758571428571,0.0853263696617841,48.66674742111406,-0.0125587009983496,-0.3731844078083653,-0.51984300197952,0.1495309557823129,0.1656630636054422,0.0049353796768707,0.0026258533961276,1,1.7142857142857142,0.469587,1,0.0,0.0,0.109472,0.109472,0.0,0.109472
2025-03-17,0.2737016666666667,0.247397081151604,bullish,0.1030622713494444,0.1642296666666666,0.0956271221513742,59.901805364626654,-0.0036439546741534,1.5001979197115856,1.873382327519951,0.171471193877551,0.1910109683673469,0.014037819302721,-0.002424650151753,2,1.8571428571428572,0.3765496666666666,3,0.0,0.1560125,0.2737016666666667,0.2737016666666667,0.0,0.296202
2025-03-18,0.3011996666666667,0.0377465788427684,bullish,0.1121720770607778,0.027498,0.1065418275068652,51.707588281184776,0.0055755914017506,0.1004670535437004,-1.3997308661678851,0.1928387176870748,0.1946405517006802,0.0251024136904761,0.0026810005128205,1,1.8571428571428572,0.3724176666666667,3,0.327197,0.0,0.3011996666666667,0.3011996666666667,0.0,0.3228475
2025-03-19,0.2378585,0.1387082803716731,bullish,0.0773124564767499,-0.0633411666666667,0.078267765043574,52.64359850689123,0.0076825688163933,-0.2102962708015392,-0.3107633243452397,0.2227874557823129,0.2001597731292517,0.0064086211734693,0.0027932335949764,2,1.7142857142857142,0.3250355,4,0.0,0.2314843333333333,0.2378585,0.2378585,0.0,0.256981
2025-03-21,0.0939229999999999,0.5678742668839644,neutral,0.0659926165673333,-0.1439355,0.0806318392216665,46.3817110132039,-0.0022360736755145,-0.6051307815360814,-0.3948345107345421,0.1918732772108843,0.1921002588435374,0.0051066857993197,-2.4638158032449235e-05,2,1.8571428571428572,0.7026246666666666,3,0.0,0.0,0.4138495,0.4138495,0.0,0.0
2025-03-24,0.24258525,0.189729706383186,bullish,0.0728297321570625,0.14866225,0.0804686346249283,53.06728972600549,0.0018773214459701,1.5828098548811265,2.187940636417208,0.2047697057823129,0.1992992409863945,0.00488825042517,-0.000240476614338,2,1.8571428571428572,0.30022325,4,0.0,0.2011275,0.24258525,0.323447,0.0,0.0
2025-03-25,0.2795163333333333,0.1623093839071953,bullish,0.126930323581,0.0369310833333333,0.0836260353780086,50.72282393515261,0.0080247026986403,0.1522396078629402,-1.4305702470181862,0.2197509166666666,0.2009150076530612,0.0085936964285714,0.0039502213762427,3,1.8571428571428572,0.454107,3,0.139918,0.139918,0.2795163333333333,0.298766,0.0,0.0
2025-03-26,0.404083,0.1623093839071953,bullish,0.210435516159,0.1245666666666667,0.0925359235752308,52.07514401732174,0.0226863968811616,0.4456507610169473,0.2934111531540071,0.2618382023809523,0.2056845790816326,0.012589431547619,0.0142515263997906,1,1.8571428571428572,0.520773,1,0.0,0.404083,0.404083,0.404083,0.0,0.0
2025-03-27,0.3039779999999999,0.2621548552223793,bullish,0.1544439263279999,-0.100105,0.0938806447583441,56.16221950460902,0.025929449096525,-0.2477337576685979,-0.6933845186855453,0.2661633928571428,0.2188172933673469,0.0187991904761904,0.0142390995552066,3,2.0,0.508076,4,0.587718,0.043148,0.209398,0.3039779999999999,0.0,0.0
2025-03-28,0.072303,0.0711943391569863,neutral,0.006536841927,-0.2316749999999999,0.1167268550906608,47.65588852672061,0.0096938062534089,-0.7621439709452658,-0.5144102132766678,0.233463869047619,0.2131512933673469,0.0030336160714285,0.0078379122710622,2,2.142857142857143,0.090409,2,0.021961,0.122645,0.122645,0.021961,0.0,0.0
2025-03-29,0.286832,0.0711943391569863,bullish,0.1505721715679999,0.2145289999999999,0.1184885140115264,57.25181223601073,0.0139763621221105,2.9670829702778576,3.729226941223123,0.2404600833333333,0.2316237695578231,0.0093794345238095,0.0038463513605442,1,2.0,0.524949,1,0.286832,0.0,0.286832,0.286832,0.0,0.286832
2025-03-31,-0.518356,0.0711943391569863,bearish,-0.358091728632,-0.805188,0.3122527868229447,32.033583514233456,-0.0470585777403306,-2.8071763262118594,-5.774259296489717,0.1529916547619047,0.1724324659863945,-0.0928561577380952,-0.0149871866562009,1,1.8571428571428572,0.690822,1,-0.518356,0.0,0.0,0.0,0.0,0.0
2025-04-01,0.156308,0.1545721281538169,bullish,0.046552195638,0.674664,0.3098202189098272,50.07081080937693,-0.0405227871326525,-1.301545655881286,1.5056306703305733,0.1406663333333333,0.1727180195578231,-0.07970175,-0.0161112554421768,2,1.8571428571428572,0.2978235,2,0.0,0.047009,0.156308,0.156308,0.0,0.0
2025-04-02,0.1396534999999999,0.1022115781137342,neutral,0.0551916916407499,-0.0166545,0.3038252226698253,49.37890622692312,-0.0362689091071196,-0.1065492489188014,1.1949964069624848,0.1206859285714285,0.1702184226190476,-0.0599745535714286,-0.0169923349816849,2,1.7142857142857142,0.3952044999999999,2,0.1396534999999999,0.211928,0.1396534999999999,0.0,0.0,0.0
2025-04-03,0.201378,0.1077786298020159,bullish,0.10548683085,0.0617245,0.2811245285892634,51.633185102485896,-0.0275989210576164,0.4419831941197323,0.5485324430385338,0.0917280714285714,0.1767831369047618,-0.0108436785714285,-0.0181046906593406,2,1.8571428571428572,0.523825,2,0.0,0.277589,0.201378,0.201378,0.0,0.277589
2025-04-04,0.2387801999999999,0.2024750329687588,bullish,0.05333924639244,0.0374021999999999,0.2739078462243641,49.350147617482925,-0.0175080464619957,0.1857313112653813,-0.2562518828543509,0.0824141,0.1742887464285714,0.0352333249999999,-0.0131382296336996,3,1.8571428571428572,0.2233822,5,0.3067893333333333,0.277105,0.154894,0.26140325,0.0,0.0
2025-04-07,0.063544,0.0808561147749507,neutral,0.0177084800464,-0.1752361999999999,0.2739817316473393,45.807972845037206,-0.0233814396161972,-0.7338807824099318,-0.9196120936753132,0.0811628142857142,0.1573133416666667,0.0317670857142856,-0.0121184887545787,2,1.8571428571428572,0.2786806,5,0.093291,-0.029431,0.063544,0.0565603333333333,0.0,0.0
2025-04-08,0.1310868,0.1014665908055454,neutral,0.02831073754392,0.0675428,0.2604877803124934,48.119433001785566,-0.0223286461096348,1.062929623567921,1.7968104059778531,0.0589135,0.1496867916666666,0.0664973964285715,-0.0102124836263736,2,2.0,0.2159694,5,0.17253,0.1220636666666666,0.1310868,0.1310868,0.0,0.0
2025-04-09,0.137108,0.1014665908055454,neutral,0.066344915904,0.0060212,0.0557097471965305,50.79945502658668,-0.0207690291010415,0.0459329238336736,-1.0169966997342477,0.1525512142857143,0.1527714345238095,-0.0075916928571428,-0.0124102444322344,1,2.0,0.483888,1,0.0,0.0,0.137108,0.137108,0.0,0.0
2025-04-10,0.271063,0.2912332415401786,bullish,0.131877028634,0.133955,0.0716137105369357,50.53007597009473,-0.0086246057554805,0.9770035300638912,0.9310706062302174,0.1689447857142857,0.1548055595238095,0.0056426821428571,-0.0060695904029304,2,2.0,0.486518,2,0.0,0.0,0.271063,0.271063,0.0,0.0
2025-04-11,0.1221673333333333,0.0711632286671517,neutral,0.0248589754886666,-0.1488956666666666,0.0730953840231992,47.18834850409779,-0.0108891220625401,-0.5493028066046146,-1.5263063366685057,0.1664467619047618,0.1435663452380952,-0.0035536571428571,-0.0028907669597069,1,1.8571428571428572,0.203483,3,0.067655,0.0819145,0.1221673333333333,0.1221673333333333,0.0,0.0
2025-04-12,0.147954,0.0253257364749773,neutral,0.034077135165,0.0257866666666666,0.0716143257002324,45.25578048843616,-0.0104821755555999,0.2110766107688362,0.7603794173734508,0.1588147619047619,0.1252714166666666,-0.0005448476190476,0.0058230557509157,1,1.7142857142857142,0.2303224999999999,2,0.0,0.147954,0.147954,0.147954,0.0,0.0
2025-04-13,0.2407679999999999,0.2214106895386941,bullish,0.076791990528,0.0928139999999999,0.071987229584049,48.82600452174298,-0.0026399505386725,0.627316598402206,0.4162399876333698,0.1590987333333333,0.1207564166666666,0.0196594904761904,0.0150143839560439,1,1.4285714285714286,0.318946,2,0.084207,0.084207,0.397329,0.2407679999999999,0.0,0.0
2025-04-14,0.181328,0.2214106895386941,bullish,0.05157330976,-0.0594399999999999,0.0584159415124009,52.16332000857404,-0.0012073079863259,-0.2468766613503455,-0.8741932597525516,0.175925019047619,0.1285439166666666,0.0083905214285714,0.0151476352380952,1,1.2857142857142858,0.28442,1,0.0,0.181328,0.181328,0.181328,0.0,0.0
2025-04-15,0.2021521428571428,0.1749193001390723,bullish,0.0620232808318367,0.0208241428571428,0.0554233110989265,48.179827224095455,0.0015900709020716,0.1148424008269151,0.3617190621772607,0.1860772108843537,0.1224953554421768,0.0047951105442176,0.0224690158765044,1,1.1428571428571428,0.3068148571428571,7,0.060863,0.14379325,0.2021521428571428,0.2747332,0.0,0.0
2025-04-16,0.4171295,0.1921916898142754,bullish,0.186696005985875,0.2149773571428571,0.0985020449059465,76.94466548512182,0.0209127672897782,1.0634433753926498,0.9486009745657348,0.2260802823129251,0.1893157482993197,0.0225551113945577,0.0097601665306122,2,1.2857142857142858,0.44757325,4,0.3090775,0.0,0.4171295,0.3090775,0.0,0.0
2025-04-17,0.131179,0.1855151208985402,neutral,0.023253707793,-0.2859505,0.1019831388643529,49.06737905791615,0.0130025077991472,-0.6855197246898146,-1.7489631000824644,0.2060968537414966,0.1875208197278912,0.018813219387755,0.0070109490528519,1,1.1428571428571428,0.177267,2,0.0,0.0,0.131179,0.131179,0.0,0.0
2025-04-18,-0.0588114999999999,0.3502236247606662,neutral,-0.0104750926994999,-0.1899904999999999,0.1419252073333824,43.47395353407126,-0.0084990630370212,-1.4483301443066343,-0.7628104196168197,0.1802427346938775,0.1733447482993197,-0.0215597499999999,-0.0016051607326007,1,1.1428571428571428,0.178113,2,-0.0588114999999999,-0.306457,-0.0588114999999999,0.188834,0.0,0.0
2025-04-20,0.487434,0.3502236247606662,bullish,0.2397580610519999,0.5462454999999999,0.1815290095709424,57.13327529856971,0.0183268665039318,-9.288072910910282,-7.839742766603647,0.2287398775510203,0.1937773197278911,0.0067409234693877,0.0082929910204081,1,1.1428571428571428,0.491878,1,0.0,0.487434,0.487434,0.487434,0.0,0.0
2025-04-21,0.2163565,0.2429074427935463,bullish,0.0572827632964999,-0.2710774999999999,0.1814939065027962,49.499193086473234,0.0175111115448321,-0.5561317019329797,8.731941208977302,0.2252525204081632,0.1921756268707483,0.0071324362244897,0.0104217218942961,2,1.2857142857142858,0.2647609999999999,2,0.388118,0.044595,0.388118,0.2163565,0.0,0.0
2025-04-22,0.1961528,0.1314121755135345,bullish,0.0816796736035199,-0.0202037,0.1809817036957119,53.18201369419656,0.0150607426049508,-0.093381525399052,0.4627501765339276,0.2273703489795918,0.2016476840136054,-0.0022603224489796,0.0062947523286237,3,1.5714285714285714,0.4164084,5,0.207716,0.146463,0.1961528,0.1801033333333333,0.0,0.08521
2025-04-23,0.1804676666666666,0.104212608052001,bullish,0.0530737360899999,-0.0156851333333333,0.1816695683270957,51.21515999588293,0.011718072188539,-0.0799638513104749,0.0134176740885771,0.2242725666666666,0.2051748887755102,-0.0108882107142857,0.0033634259863945,2,1.7142857142857142,0.2940899999999999,9,0.1806903333333333,0.123282,0.185146,0.1804676666666666,0.0,0.337127
2025-04-24,0.123487,0.1393820602803675,neutral,0.026294457371,-0.0569806666666666,0.1626186427363456,49.673016425277254,0.0044201734433281,-0.3157389227617874,-0.2357750714513125,0.182323638095238,0.2042019602040816,0.0058643261904761,-0.0012144770591313,1,1.5714285714285714,0.2129329999999999,2,0.0,0.024929,0.123487,0.123487,0.024929,0.0
2025-04-25,0.411863,0.1393820602803675,bullish,0.1963433293599999,0.2883759999999999,0.1814233977990198,53.1467240546493,0.0216563894617321,2.335274158413436,2.6510130811752237,0.2224213523809523,0.2142591030612245,0.0231514523809523,0.0069229056096284,1,1.5714285714285714,0.47672,1,0.0,0.411863,0.411863,0.411863,0.0,0.0
2025-04-27,0.154411,0.1393820602803675,bullish,0.039063975657,-0.257452,0.1393588610299625,50.68726268794021,0.0143763005179296,-0.6250913531926878,-2.960365511606124,0.2528817095238095,0.2165622221088435,-0.0243114928571429,0.0021769673992673,1,1.5714285714285714,0.252987,1,0.154411,0.154411,0.154411,0.154411,0.0,0.154411
2025-04-28,0.23246875,0.2048073991654517,bullish,0.0934269821718749,0.07805775,0.0936665279357424,51.76213752302758,0.0147355149339941,0.5055193606673101,1.130610713859998,0.2164581023809524,0.2225989899659864,0.0070088744047618,0.0003696301046572,2,1.7142857142857142,0.4018905,4,0.267715,0.513124,0.1389169999999999,0.302523,0.0,0.513124
2025-04-29,0.1962238888888888,0.1593223374235738,bullish,0.0596234135344444,-0.0362448611111111,0.0939787393143235,49.048814769015785,0.0119577004410031,-0.1559128317724905,-0.6614321924398006,0.213582015079365,0.2194172677437642,0.0048264083333333,0.0002150341409384,2,1.7142857142857142,0.303854,9,0.1370462499999999,0.194998,0.1962238888888888,0.180028,0.097209,0.0500073333333333
2025-04-30,0.1740632,0.1505209309312163,bullish,0.0561184456506399,-0.0221606888888888,0.0950265512559769,49.842359233552706,0.0078772778810621,-0.1129357338414451,0.0429770979310453,0.2104263579365079,0.2188983534580499,-0.0018976382936508,-0.002336486511425,3,1.7142857142857142,0.3224027,10,0.070966,0.14622225,0.1794641111111111,0.1849708888888888,0.011549,0.0437215
2025-05-01,0.1484315,0.1817646763183099,neutral,0.03546718741475,-0.0256317,0.0974504107412085,48.83672899184736,0.0025459043876727,-0.1472551349165131,-0.0343194010750679,0.2058497626984127,0.2150611646825397,-0.0128197575396825,-0.004901898058608,3,1.8571428571428572,0.2389465,6,0.1323083333333333,0.0660335,0.10355,0.1484315,0.0,0.361597
2025-05-02,0.2211285,0.0907324066279518,bullish,0.06174029340675,0.072697,0.0904316777975468,45.47708126466623,0.0041390740926377,0.4897680074647228,0.6370231423812359,0.2197985484126983,0.2010610932539682,-0.0229488589285714,0.0019330478510378,2,2.0,0.2792055,2,0.0,0.0,0.2211285,0.2211285,0.0,0.285286
2025-05-03,0.448265,0.0304466037843303,bullish,0.2095591807175,0.2271365,0.1034296824195602,57.521231041023704,0.0234592485113584,1.0271697225821188,0.537401715117396,0.2249988341269841,0.2237100932539682,0.0289674682539682,0.0066922113431013,1,2.0,0.4674895,2,0.0,0.448265,0.448265,0.448265,0.0,0.469794
2025-05-04,0.2154424999999999,0.0057339288886417,bullish,0.06532658257125,-0.2328225,0.0989635925120555,56.37571215724218,0.0197560767909772,-0.5193858543495478,-1.5465555769316666,0.2337176198412698,0.2432996646825397,0.0178595990079364,-0.0028579042857142,1,2.0,0.3032205,2,0.0,0.219497,0.2154424999999999,0.211388,0.0,0.0
2025-05-05,0.1335781666666666,0.1251790289072681,neutral,0.0192155754834444,-0.0818643333333333,0.1059811749201424,39.50848370217176,0.0100991082298514,-0.3799822845229391,0.1394035698266086,0.2195903936507936,0.218024248015873,0.0069519619047618,0.0020555804517704,2,2.0,0.1438526666666666,6,0.2929819999999999,0.1047579999999999,0.1103685,0.2227599999999999,0.0,0.0
2025-05-06,0.17666075,0.1704246524074914,bullish,0.0478832117270937,0.0430825833333333,0.1069535285470869,48.63906079426905,0.0058548023683083,0.322527134549184,0.7025094190721232,0.2167956595238095,0.2151888373015873,-0.0009857148809523,0.0008187855189255,3,2.142857142857143,0.271046125,8,0.111257,0.12147,0.17666075,0.1416116666666666,0.0,0.021196
2025-05-07,0.18844125,0.1982469687576164,bullish,0.0441618193715625,0.0117805,0.1061309885920262,49.734079387475155,0.0034025244552046,0.0666843087669446,-0.2558428257822394,0.2188496666666666,0.2146380123015873,-0.0101283244047619,-0.0005729929304029,2,2.0,0.23435325,4,0.0795555,0.2310196666666666,0.18844125,0.2310196666666666,0.0,0.098405
2025-05-08,0.246721,0.1982469687576164,bullish,0.196946271855,0.0582797499999999,0.1016699689266823,52.21944276978775,0.0060915427104661,0.3092727839578648,0.2425884751909202,0.2328910238095238,0.2193703932539682,-0.0172018482142857,-0.000782831050061,1,1.7142857142857142,0.798255,1,0.0,0.246721,0.246721,0.246721,0.0,0.0
2025-05-09,0.114895,0.0767822438653625,neutral,0.026026130295,-0.131826,0.1112004030249605,49.72591765641732,-0.0023871237056485,-0.534312036673003,-0.8435848206308678,0.2177148095238095,0.218756678968254,-0.0315246398809524,-0.0069288332722832,1,1.5714285714285714,0.226521,3,0.0,0.0720804999999999,0.114895,0.1462555,0.0,0.0
2025-05-10,0.026476,0.0767822438653625,neutral,0.005048099492,-0.088419,0.0732540471233183,35.90860565690697,-0.0160561133243951,-0.7695635145132512,-0.2352514778402482,0.157459238095238,0.1912290361111111,-0.0190787708333333,-0.0060564245054945,1,1.5714285714285714,0.190667,1,0.0,0.0,0.0,0.0,0.0,0.0
2025-05-11,0.415741,0.0767822438653625,bullish,0.239954480193,0.389265,0.1223471746064918,58.71525207465108,0.0044700024903572,14.70256080979,15.472124324303252,0.1860733095238095,0.2098954646825397,0.0168775982142857,-0.0008555783760683,1,1.5714285714285714,0.577173,1,0.0,0.0,0.415741,0.415741,0.0,0.0
2025-05-12,0.1218725,0.0855507281354168,neutral,0.021982142825,-0.2938685,0.1232608454074386,46.77576789833821,-0.0029417132411786,-0.7068547485092882,-15.409415558299289,0.1844010714285714,0.2019957325396825,0.0024996339285714,-0.0026263459829059,1,1.4285714285714286,0.18037,2,0.0,0.061379,0.1218725,0.182366,0.0,0.0
2025-05-15,0.338321,0.0855507281354168,bullish,0.1038520291229999,0.2164485,0.136049876958925,53.74870519159764,0.0085514500860842,1.7760241235717658,2.482878872081054,0.2074953928571428,0.2121455261904762,0.0178852946428571,0.001078381098901,1,1.1428571428571428,0.306963,1,0.0,0.338321,0.0,0.338321,0.0,0.0
2025-05-16,0.34592125,0.0416143298746557,bullish,0.202492613955,0.00760025,0.145093775212104,54.56893786905096,0.018064900248751,0.0224646120104872,-1.7535595115612783,0.2299925357142857,0.2244211011904762,0.0299946160714285,0.0036450833333333,2,1.1428571428571428,0.585372,4,0.0,0.305025,0.334306,0.333633,0.0,0.380767
2025-05-18,0.242644,0.0416143298746557,bullish,0.026200213832,-0.10327725,0.1450235987128371,52.40538336093853,0.0170739523439207,-0.2985571137939632,-0.3210217258044504,0.2294101071428571,0.2311505654761905,0.0337399107142857,0.0016605858974358,1,1.1428571428571428,0.107978,1,0.0,0.242644,0.242644,0.242644,0.0,0.242644
2025-05-19,0.2192863333333333,0.0817706748005257,bullish,0.0739852352896666,-0.0233576666666666,0.1363959024365728,49.95175119628921,0.0142397047078304,-0.0962631124885291,0.202294001305434,0.2443231547619047,0.2310189821428571,0.0162959196428571,0.00099121007326,1,1.1428571428571428,0.337391,3,0.0,0.183055,0.2192863333333333,0.2192863333333333,0.0,0.0
2025-05-20,0.224386,0.0817706748005257,bullish,0.0359239742139999,0.0050996666666666,0.0991360003176803,43.36454866547935,0.0122636753666326,0.0232557432519735,0.1195188557405027,0.2725960119047619,0.215027625,-0.0169612261904762,0.0079636529304029,1,1.1428571428571428,0.160099,1,0.0,0.0,0.224386,0.224386,0.0,0.0
2025-05-21,0.3294885,0.1619493732019361,bullish,0.130953886371,0.1051025,0.0823115647165109,53.65702829815078,0.0189599897064691,0.4684004349647483,0.4451446917127748,0.2602742261904762,0.2231737678571428,0.009583681547619,0.0112476408424908,1,1.1428571428571428,0.397446,2,0.0,0.444004,0.3294885,0.3294885,0.0,0.0
2025-05-22,0.3106185,0.0667742146677892,bullish,0.07787842562925,-0.0188699999999999,0.0561862631385045,55.916027367033045,0.0224850228214065,-0.0572705875925866,-0.525671022557335,0.2872379404761904,0.2358195059523809,-0.0047939642857143,0.0107923606227106,2,1.2857142857142858,0.2507205,2,0.0,0.0,0.3106185,0.357835,0.0,0.357835
2025-05-23,0.0168969999999999,0.1676329639748698,neutral,0.0041217922243333,-0.2937215,0.111547498644809,45.427263177543395,0.0015597924946129,-0.9456020810093412,-0.8883314934167544,0.2413202261904762,0.2244078095238095,-0.0264614851190476,0.0025871432234432,2,1.4285714285714286,0.2439363333333333,3,0.047763,0.047763,0.0168969999999999,0.0168969999999999,0.0,0.166952
2025-05-25,0.043444,0.1676329639748698,neutral,0.026738131128,0.026547,0.1223385590484842,45.884694230056866,-0.0127346852023353,1.5711072971533415,2.5167093781626826,0.1981091904761905,0.2140508630952381,-0.0327195059523809,-0.003768962087912,1,1.2857142857142858,0.615462,1,0.0,0.043444,0.043444,0.043444,0.0,0.043444
2025-05-26,0.208096,0.1676329639748698,bullish,0.05828352768,0.164652,0.1209312587789815,48.96617060402135,-0.0106543081208868,3.789982506214897,2.2188752090615553,0.1931737619047619,0.2112919345238095,-0.025287375,-0.0028620635531135,1,1.2857142857142858,0.28008,1,0.208096,0.208096,0.208096,0.208096,0.0,0.0
2025-05-27,0.24544175,0.1470240658290902,bullish,0.075966307879875,0.03734575,0.1222692131385525,53.68032873347352,-0.0059238189098862,0.179464045440566,-3.6105184607743306,0.19691025,0.2206167023809524,-0.0159568660714286,-0.0050642754578754,2,1.4285714285714286,0.3095085,4,0.208517,0.061251,0.2254423333333333,0.24544175,0.0,0.0
2025-05-28,0.252363,0.1470240658290902,bullish,0.135572684319,0.0069212499999999,0.1237651253100358,56.6748446509669,-0.0015979648672619,0.0281991551967013,-0.1512648902438647,0.2009069642857143,0.2367514880952381,-0.0060903928571429,-0.0105574813186813,1,1.4285714285714286,0.537213,1,0.0,0.0,0.252363,0.252363,0.0,0.0
2025-05-29,0.0060969999999999,0.4960996606862375,neutral,0.0044432395583333,-0.246266,0.1280522378472218,36.77781092772722,-0.0178357000700905,-0.9758403569461452,-1.0040395121428465,0.1547081785714285,0.2074912023809524,-0.0085940982142857,-0.0112468564102564,2,1.5714285714285714,0.7287583333333334,3,0.0,0.0,0.2871475,0.191509,0.0,0.0
2025-05-30,0.20990925,0.1277027051250285,bullish,0.0868799167329374,0.20381225,0.1123049984702978,53.01697901544637,-0.0140957921152995,33.42828440216505,34.40412475911119,0.1403211428571428,0.2137795416666667,0.0195932053571428,-0.0140003639194139,2,1.5714285714285714,0.41389275,4,0.395809,0.2757395,0.20990925,0.20990925,0.0,0.395809
2025-05-31,0.172722,0.1277027051250285,bullish,0.130139463564,-0.03718725,0.0983378502819757,43.530077636932546,-0.0139715328161522,-0.1771587007242415,-33.60544310288929,0.1625818571428571,0.2019510416666667,0.0054327053571428,-0.0110676741758241,1,1.4285714285714286,0.753462,1,0.0,0.172722,0.172722,0.172722,0.0,0.0
2025-06-01,-0.016793,0.1277027051250285,neutral,-0.001597652434,-0.189515,0.1121644258542927,37.59251443306969,-0.0288329624793525,-1.0972255995183011,-0.9200668987940596,0.1539765714285714,0.176042880952381,-0.0308057232142857,-0.0125712333333333,1,1.4285714285714286,0.095138,1,0.0,0.0,-0.016793,0.0,0.0,0.0
2025-06-02,0.2312725,0.2169113690900041,bullish,0.05502157793,0.2480655,0.1143490000336138,49.64607035330198,-0.0203592536621837,-14.771958554159472,-13.67473295464117,0.1572875,0.1752306309523809,-0.0147926696428571,-0.0087976029304029,2,1.5714285714285714,0.237908,2,0.2312725,0.384652,0.2312725,0.077893,0.0,0.077893
2025-06-03,0.2701934,0.1851917255287071,bullish,0.12065426834452,0.0389209,0.1178581157699478,51.569242690373535,-0.0103834929627083,0.1682902204109873,14.94024877457046,0.16082345,0.17886685,0.0098978553571428,-0.0046319951648351,3,1.7142857142857142,0.4465478,5,0.125382,0.3305205,0.2701934,0.2701934,0.0,0.125382
2025-06-04,0.261572,0.2743107620528221,bullish,0.103412228628,-0.0086214,0.119095115161978,51.14379868011305,-0.0031371425695835,-0.0319082553459855,-0.2001984757569728,0.1621390214285714,0.1815229928571428,0.0337694214285714,-0.0007683595604395,1,1.7142857142857142,0.395349,2,0.0,0.261572,0.067605,0.261572,0.0,0.0
2025-06-05,0.2162561,0.1918098085572441,bullish,0.06601710516408,-0.0453159,0.0977853728480089,46.38411132422003,-0.0010389948275547,-0.1732444604162525,-0.141336205070267,0.19216175,0.1734349642857143,0.0172759624999999,0.0051019986813186,3,1.8571428571428572,0.3052728,10,0.2459059999999999,0.3102031666666666,0.1970509999999999,0.1757639999999999,0.0,0.088414
2025-06-06,0.144088,0.0809227859196654,neutral,0.0200385583066666,-0.0721681,0.0989520649746197,44.85718501564921,-0.0051403053640528,-0.3337159044299791,-0.1604714440137266,0.1827587142857143,0.1615399285714285,0.0146605607142856,0.0087860481318681,2,1.8571428571428572,0.1390716666666666,3,0.061147,0.0,0.144088,0.222829,0.0,0.0
2025-06-09,0.1772766666666666,0.0415003067016779,bullish,0.0361257345944444,0.0331886666666666,0.0988900236113455,55.902704569059104,-0.0056474751372925,0.2303360909074085,0.5640519953373877,0.1834093809523809,0.1729956190476191,0.0126393821428571,0.004467221025641,2,2.0,0.2037816666666666,3,0.0,0.199581,0.214741,0.1585445,0.0,0.0
2025-06-10,0.1953333333333333,0.0899486838428815,bullish,0.0649919252222222,0.0180566666666666,0.045292350386926,55.62537821504547,-0.0045400539452191,0.1018558561946487,-0.1284802347127598,0.2137131428571428,0.1838448571428571,-0.0146833916666667,0.0008345089377289,3,2.2857142857142856,0.3327231666666667,6,0.234904,0.20758,0.1953333333333333,0.2463765,0.0,0.0
2025-06-11,0.2269305,0.0137907035534812,bullish,0.054483743745,0.0315971666666666,0.0450408263827247,50.77382011793438,-0.0011001062450164,0.1617602389078498,0.059904382713201,0.2130928571428571,0.1851901785714285,-0.0107587666666667,0.0028650155311355,2,2.2857142857142856,0.24009,2,0.0,0.2269305,0.2269305,0.236682,0.0,0.0
2025-06-12,0.366576,0.4392137202797745,bullish,0.126831996816,0.1396455,0.0720434740074068,54.59091730646882,0.0127473574752765,0.6153668193565871,0.4536065804487372,0.2268618,0.193842625,0.0138430761904761,0.0100337831135531,2,2.142857142857143,0.345991,2,0.366576,0.0,0.056005,0.366576,0.0,0.0
2025-06-13,0.4320259999999999,0.2298507160789367,bullish,0.3360084375129999,0.0654499999999999,0.106362956864416,56.5198743252246,0.0286723232008077,0.1785441490986861,-0.436822670257901,0.2512123714285714,0.2066756964285714,0.0407835547619047,0.0187682655311355,2,2.2857142857142856,0.7777505,2,0.0,0.0,0.269497,0.4320259999999999,0.0,0.0
2025-06-14,0.056344,0.2298507160789367,neutral,0.012413033952,-0.3756819999999999,0.1297286187607833,51.66686979918012,0.0108534654044144,-0.8695819233101711,-1.0481260724088572,0.2283677857142856,0.2102647678571428,0.0149110476190476,0.0078605897069597,1,2.0,0.220308,1,0.0,0.056344,0.056344,0.056344,0.0,0.056344
2025-06-15,0.718549,0.2298507160789367,bullish,0.5576637232530001,0.662205,0.2187113750097423,62.93841118399825,0.0495946027519675,11.752892943348003,12.622474866658177,0.3104336428571428,0.2465961785714286,0.055390494047619,0.0223712759706959,1,1.8571428571428572,0.776097,1,0.0,0.0,0.718549,0.718549,0.0,0.0
2025-06-16,0.4617336666666666,0.030545851704173,bullish,0.2763085060495555,-0.2568153333333333,0.2162596866473704,56.6127913465287,0.0588954728097734,-0.35740823984632,-12.110301183194323,0.3510703571428571,0.267239869047619,0.0525787857142856,0.0260826488644688,2,1.8571428571428572,0.5984153333333333,3,0.490006,0.0,0.4617336666666666,0.4617336666666666,0.0,0.0
2025-06-17,0.2605074285714285,0.1851395368416816,bullish,0.1389044588969796,-0.2012262380952381,0.2097420347727057,56.31100780464752,0.0494590710294696,-0.4358058608719704,-0.0783976210256504,0.3603809421768707,0.2870470425170068,0.0206274685374149,0.0165265724646781,2,1.7142857142857142,0.5332072857142858,7,0.2202863333333333,0.1784095,0.3060648333333333,0.2401276666666666,0.0,0.0
2025-06-18,0.185759,0.1353866357156422,bullish,0.058488450258,-0.0747484285714285,0.2146283504949492,48.87545534873201,0.0355394052728641,-0.286933961850279,0.1488718990216914,0.3544992993197278,0.2837960782312925,-0.0171463741496598,0.0117939072108843,2,1.7142857142857142,0.314862,6,0.187041,0.1276875,0.1630851999999999,0.26477325,0.0,0.194104
2025-06-20,0.243046,0.1247841450120967,bullish,0.068754796848,0.057287,0.2185131623380636,49.33527664982997,0.0287985797198846,0.3083942097018179,0.5953281715520969,0.336852156462585,0.2818569782312925,-0.027362556122449,0.0101811793197278,3,1.8571428571428572,0.282888,6,0.10524,0.1827065,0.2703018,0.2703018,0.0,0.1660535
2025-06-21,0.289301,0.1247841450120967,bullish,0.1612401765439999,0.0462549999999999,0.2147793456370044,50.66667756598375,0.0268789746055962,0.1903137677641269,-0.118080441937691,0.3164628707482993,0.2838376210884354,-0.0188610595238095,0.0097251301098901,1,1.7142857142857142,0.557344,1,0.0,0.289301,0.289301,0.289301,0.0,0.0
2025-06-22,0.14692,0.1215191287740329,neutral,0.0464270872999999,-0.1423809999999999,0.1986168674833859,48.40731598997219,0.0137106692936053,-0.4921552293286231,-0.68246899709275,0.3294022993197279,0.2788850425170068,-0.0741862057823129,0.0035852358451072,1,1.7142857142857142,0.3160024999999999,2,0.060993,0.060993,0.14692,0.14692,0.0,0.060993
2025-06-23,0.2034225,0.0850302975444635,bullish,0.1233149229225,0.0565025,0.1026481156735838,51.37282248990706,0.0077446958223047,0.3845800435611217,0.8767352728897448,0.2558127993197279,0.2831232210884354,-0.0320916556122449,-0.0030146953427524,1,1.7142857142857142,0.606201,2,0.0,0.263548,0.143297,0.2034225,0.0,0.0
2025-06-24,0.305993,0.0492359134372462,bullish,0.1306916211111428,0.1025705,0.0575462721936447,52.88546997153155,0.0111645033028944,0.5042239673585764,0.1196439237974547,0.2335641326530612,0.2923172448979592,0.0027020612244897,-0.0058507199372056,3,1.8571428571428572,0.4271065714285714,7,0.342264,0.2970005,0.3069701999999999,0.3189676666666667,0.0,0.0
2025-06-25,0.13109725,0.0875882778130155,neutral,0.0191674011793749,-0.17489575,0.0673925487304336,48.6546072649424,-0.0002351884902118,-0.5715678136427957,-1.0757917810013722,0.2150769642857143,0.2877289532312925,-0.0044274910714285,-0.0136542773155416,2,1.8571428571428572,0.1462075,4,0.1133265,0.13109725,0.13109725,0.13109725,0.0,0.107927
2025-06-26,0.141633,0.0875882778130155,neutral,0.028741867956,0.01053575,0.0724647602975343,48.19758473501818,-0.0083234320677959,0.0803659115656507,0.6519337252084465,0.20877325,0.2816362746598639,-0.0164847678571428,-0.0198327920198848,1,1.7142857142857142,0.202932,1,0.141633,0.141633,0.141633,0.141633,0.0,0.0
2025-06-27,0.2152346666666666,0.2037303772505874,bullish,0.0664660075817777,0.0736016666666666,0.0710205154291935,46.71019438752601,-0.0086941632289852,0.5196646732517611,0.4392987616861104,0.2048002023809524,0.2708261794217687,-0.0108963660714285,-0.0189297700941915,3,1.7142857142857142,0.3088071666666667,6,0.189728,0.23981225,0.14051875,0.2395515,0.0,0.211577
2025-06-28,0.236778,0.2365781299951455,bullish,0.0378933591749999,0.0215433333333333,0.0629173814586874,45.673173556381954,-0.0071669868652801,0.1000923023552586,-0.4195723708965024,0.1972969166666666,0.256879893707483,0.004601369047619,-0.0145882954212454,1,1.7142857142857142,0.1600375,2,0.404064,0.404064,0.236778,0.404064,0.0,0.0
