date,sentiment_mean,sentiment_std,sentiment_polarity,weighted_sentiment,sentiment_momentum,sentiment_volatility,sentiment_rsi,sentiment_macd,sentiment_rate_of_change,sentiment_acceleration,sentiment_ma_7d,sentiment_ma_14d,sentiment_trend_7d,sentiment_trend_14d,article_count,article_count_ma_7d,relevance_mean,source_count,Technology_sentiment_score,Finance_sentiment_score,Financial Markets_sentiment_score,Earnings_sentiment_score,Economy - Macro_sentiment_score,Manufacturing_sentiment_score
2024-01-01,0.16971875,0.198253411357577,bullish,0.0382260510703125,0.0,0.198253411357577,50.0,0.0,0.0,0.0,0.16971875,0.16971875,0.0,0.0,4,4.0,0.22523175,3,0.0,0.0,0.0,0.0,0.0,0.0
2024-01-02,0.07103875,0.1047418458731593,neutral,0.01097882569625,-0.09868,0.1514976286153682,50.0,0.0,-0.5814325170318542,0.0,0.12037875,0.12037875,0.0,0.0,4,4.0,0.154547,3,0.0,0.0,0.0,0.0,0.0,0.0
2024-01-03,0.1546044666666666,0.2151046339345663,bullish,0.0591229228228311,0.0835657166666666,0.1726999637217675,50.0,0.0,1.1763399083833352,0.1822457166666666,0.1317873222222222,0.1317873222222222,0.0,0.0,15,7.666666666666667,0.3824140666666666,10,0.0,0.0,0.0,0.0,0.0,0.0
2024-01-04,0.3117997333333333,0.2265260055236379,bullish,0.1586015697827022,0.1571952666666666,0.1861564741722352,50.0,0.0,1.0167576012249753,0.07362955,0.176790425,0.176790425,0.0,0.0,15,9.5,0.5086648666666667,8,0.0,0.0,0.0,0.0,0.0,0.0
2024-01-05,0.0745946470588235,0.2765153073886555,neutral,0.0217815184673252,-0.2372050862745098,0.2042282408155192,50.0,0.0,-0.760761029968306,-0.3944003529411765,0.1563512694117647,0.1563512694117647,0.0,0.0,17,11.0,0.2919984117647058,10,0.0,0.0,0.0,0.0,0.0,0.0
2024-01-06,0.0971674999999999,0.0242304280709194,neutral,0.01144239621625,0.0225728529411764,0.1694236441581877,50.0,0.0,0.3026068736993428,0.2597779392156862,0.1464873078431372,0.1464873078431372,0.0,0.0,2,9.5,0.1177595,1,0.0,0.0,0.0,0.0,0.0,0.0
2024-01-07,0.117667,0.0266543514458709,neutral,0.0074811894153333,0.0204995,0.15380614527273,50.0,0.0,0.2109707463915406,-0.0020733529411764,0.1423701210084033,0.1423701210084033,0.0,0.0,3,8.571428571428571,0.0635793333333333,3,0.0,0.0,0.0,0.0,0.0,0.0
2024-01-08,0.215543875,0.159272335713248,bullish,0.0992059544776562,0.0978768749999999,0.1426396856284663,50.0,0.0,0.8318124452905231,0.0773773749999999,0.1489165674369748,0.1515168402573529,0.0458251249999999,0.0,8,9.142857142857142,0.46025875,3,0.0,0.0,0.0,0.0,0.0,0.0
2024-01-09,0.0600758333333333,0.0779727671085659,neutral,0.0110306539226388,-0.1554680416666666,0.1129290379454519,50.0,0.0,-0.7212825772324389,-0.2533449166666666,0.1473504364845938,0.1413567283769063,-0.0109629166666666,0.0,6,9.428571428571429,0.1836121666666667,4,0.0,0.0,0.0,0.0,0.0,0.0
2024-01-10,0.1125698,0.1189789297096105,neutral,0.0223403210835,0.0524939666666666,0.0814217624096429,50.0,0.0,0.8737950645711674,0.2079620083333333,0.1413454841036414,0.1384780355392157,-0.0420346666666666,0.0,10,8.714285714285714,0.1984575,5,0.0,0.0,0.0,0.0,0.0,0.0
2024-01-11,0.198407,0.2046624058288836,bullish,0.0776449071624285,0.0858371999999999,0.1175081579612358,50.0,0.0,0.7625242294114405,0.0333432333333333,0.1251465221988795,0.1439261232174688,-0.1133927333333333,0.0,7,7.571428571428571,0.3913415714285714,5,0.0,0.0,0.0,0.0,0.0,0.0
2024-01-12,0.1349045999999999,0.1170434549528507,neutral,0.02972803633164,-0.0635024,0.1355859786626317,50.0,0.0,-0.3200612881601961,-0.1493396,0.1337622297619047,0.143174329616013,0.0603099529411764,0.0,5,5.857142857142857,0.2203634,4,0.0,0.0,0.0,0.0,0.0,0.0
2024-01-13,0.087207,0.0,neutral,0.005889611952,-0.0476975999999999,0.1296643893999777,50.0,0.0,-0.3535654084441894,0.0158048,0.1323393011904761,0.1388691504147813,-0.0099604999999999,0.0,1,5.714285714285714,0.067536,1,0.0,0.0,0.0,0.0,0.0,0.0
2024-01-14,0.116506,0.0597151676712039,neutral,0.004349635004,0.0292989999999999,0.1250999895406372,50.0,0.0,0.3359707362941047,0.0769965999999999,0.132173444047619,0.1372717825280112,-0.001161,0.0,2,5.571428571428571,0.037334,2,0.0,0.0,0.0,0.0,0.0,0.0
2024-01-15,0.202614,0.035971936172522,bullish,0.028689230637,0.086108,0.1043482411563651,50.0,0.0,0.7390863989837435,0.056809,0.130326319047619,0.1396214432422969,-0.0129298749999999,0.03289525,2,4.714285714285714,0.1415954999999999,2,0.0,0.0,0.0,0.0,0.0,0.0
2024-01-16,0.1081194444444444,0.2714930829174617,neutral,0.0324641486145061,-0.0944945555555555,0.1210559104285096,50.0,0.0,-0.4663772274154577,-0.1806025555555555,0.137189692063492,0.1422700642740429,0.0480436111111111,0.0370806944444444,9,5.142857142857143,0.3002618888888889,4,0.0,0.0,0.0,0.0,0.0,0.0
2024-01-17,0.1844700833333333,0.1878288334765838,bullish,0.0638547497760277,0.0763506388888888,0.1387522550594428,50.0,0.0,0.706169360018498,0.1708451944444444,0.1474611611111111,0.1444033226073762,0.0719002833333333,0.0298656166666666,12,5.428571428571429,0.3461523333333333,8,0.0,0.0,0.0,0.0,0.0,0.0
2024-01-18,0.2309445384615384,0.1696838956568042,bullish,0.0769191341085088,0.0464744551282051,0.1449385831789151,50.0,0.0,0.2519349169709368,-0.0298761837606837,0.1521093808913309,0.1386279515451052,0.0325375384615384,-0.0808551948717948,13,6.285714285714286,0.3330632307692308,7,0.0,0.0,0.0,0.0,0.0,0.0
2024-01-19,0.0940708333333333,0.1476860908378533,neutral,0.0312235049673611,-0.1368737051282051,0.162532767812245,50.0,0.0,-0.5926691578852821,-0.1833481602564102,0.1462759856532356,0.1400191077075702,-0.0408337666666666,0.0194761862745098,6,6.428571428571429,0.3319148333333333,5,0.0,0.0,0.0,0.0,0.0,0.0
2024-01-20,-0.028099,0.0,neutral,-0.001186733166,-0.1221698333333333,0.1941729757221757,50.0,0.0,-1.2987004473579309,0.0147038717948717,0.1298036999389499,0.1310715005647131,-0.115306,-0.1252665,1,6.428571428571429,0.042234,1,0.0,0.0,0.0,0.0,0.0,0.0
2024-01-21,0.0825893333333333,0.0738560316178261,neutral,0.0049115601235555,0.1106883333333333,0.1447637128972669,50.0,0.0,-3.939226781498749,0.2328581666666666,0.1249584618437118,0.1285659529456654,-0.0339166666666666,-0.0350776666666666,3,6.571428571428571,0.0594696666666666,3,0.0,0.0,0.0,0.0,0.0,0.0
2024-01-22,0.1566777857142857,0.2833509964036663,bullish,0.0568785015311785,0.0740884523809524,0.1686442536290375,50.0,0.0,0.8970704737611683,-0.0365998809523809,0.1183961455171812,0.1243612322824001,-0.0459362142857142,-0.0588660892857142,14,8.285714285714286,0.3630285,9,0.0,0.0,0.0,0.0,0.0,0.0
2024-01-23,0.1745083666666666,0.175134661266101,bullish,0.0657798294122899,0.0178305809523809,0.1700069450313617,50.0,0.0,0.1138041418640956,-0.0562578714285714,0.127880277263213,0.1325349846633525,0.0663889222222222,0.1144325333333333,30,11.285714285714286,0.3769437,9,0.0,0.0,0.0,0.0,0.0,0.0
2024-01-24,0.2413219629629629,0.2070202419921747,bullish,0.0873035559985884,0.0668135962962963,0.184840482819942,50.0,0.0,0.3828675814949251,0.0489830153439153,0.13600197435316,0.1417315677321356,0.0568518796296296,0.1287521629629629,27,13.428571428571429,0.3617721111111111,9,0.0,0.0,0.0,0.0,0.0,0.0
2024-01-25,0.13939,0.1867731815147529,neutral,0.03757234799125,-0.1019319629629629,0.1852270225589042,50.0,0.0,-0.4223899130913625,-0.1687455592592592,0.1229227545729403,0.1375160677321356,-0.0915545384615384,-0.0590169999999999,8,12.714285714285714,0.269548375,5,0.0,0.0,0.0,0.0,0.0,0.0
2024-01-26,0.150872,0.2387392409471053,bullish,0.0189072287493333,0.0114819999999999,0.21820366442476,50.0,0.0,0.0823731975034076,0.1134139629629629,0.1310372069538926,0.1386565963035641,0.0568011666666666,0.0159674,6,12.714285714285714,0.1253196666666666,4,0.0,0.0,0.0,0.0,0.0,0.0
2024-01-27,0.1866733333333333,0.1415767874841541,bullish,0.0308973612155555,0.0358013333333333,0.1898488226408576,50.0,-0.03289525,0.2372960743765133,0.0243193333333333,0.1617189688586545,0.1457613343988022,0.2147723333333333,0.0994663333333333,3,13.0,0.1655156666666666,1,0.0,0.0,0.0,0.0,0.0,0.0
2024-01-29,0.1517615,0.1275361870585308,bullish,0.0334124378561875,-0.0349118333333333,0.1803291277993435,50.0,-0.0370806944444444,-0.1870209992500268,-0.0707131666666666,0.1716007069538926,0.1482795843988022,0.0691721666666666,0.0352554999999999,8,13.714285714285714,0.220164125,6,0.0,0.0,0.0,0.0,0.0,0.0
2024-01-30,0.2939496363636363,0.2250033296274847,bullish,0.0945935274357024,0.1421881363636363,0.1839257453264056,50.0,-0.0298656166666666,0.9369183644312712,0.1770999696969697,0.1912109713323713,0.1548035584247762,0.1372718506493506,0.0913356363636363,11,13.285714285714286,0.3218018181818182,5,0.0,0.0,0.0,0.0,0.0,0.0
2024-01-31,0.303448625,0.1827048287828035,bullish,0.1240567392872968,0.0094989886363636,0.1831120747800157,50.0,0.0808551948717948,0.032315020878654,-0.1326891477272727,0.2096310082371332,0.1687556427501731,0.1289402583333333,0.1953291805555555,8,10.142857142857142,0.408822875,5,0.0,0.0,0.0,0.0,0.0,0.0
2024-02-01,0.2491705555555555,0.2857500717524455,bullish,0.0836252652603086,-0.0542780694444444,0.1925142409410837,50.0,-0.0194761862745098,-0.1788707048662503,-0.0637770580808081,0.2107522357503607,0.1733771050517603,0.0078485925925926,0.0647004722222222,9,7.571428571428571,0.3356145555555556,5,0.0,0.0,0.0,0.0,0.0,0.0
2024-02-02,0.06704,0.0357104723225554,neutral,0.007196663552,-0.1821305555555555,0.171340977908764,50.0,0.1252665,-0.7309473430737982,-0.1278524861111111,0.2004165214646464,0.1616696380187934,-0.07235,-0.1639045384615384,5,7.142857142857143,0.1073488,4,0.0,0.0,0.0,0.0,0.0,0.0
2024-02-03,0.0318031666666666,0.1130609244070057,neutral,0.0022863879574722,-0.0352368333333333,0.1684459253784589,50.0,0.0350776666666666,-0.5256090891010343,0.1468937222222222,0.1834066881313131,0.1572219475426028,-0.1190688333333333,-0.0622676666666666,6,7.142857142857143,0.0718918333333333,5,0.0,0.0,0.0,0.0,0.0,0.0
2024-02-05,0.2215762857142857,0.1966698049525293,bullish,0.0660994188847142,0.189773119047619,0.1627792204434679,50.0,0.0588660892857142,5.9671139366924395,0.2250099523809524,0.1883928241857349,0.1750558965221947,0.0349029523809523,0.2496752857142857,14,8.714285714285714,0.2983145,8,0.0,0.0,0.0,0.0,0.0,0.0
2024-02-06,0.1040001,0.1199177717961122,neutral,0.02486987671332,-0.1175761857142857,0.1502218090461296,50.0,-0.1144325333333333,-0.5306352407490745,-0.3073493047619048,0.1815697670428777,0.1765852369983852,-0.0477613999999999,0.0214107666666666,10,9.0,0.2391332,8,0.0,0.0,0.0,0.0,0.0,0.0
2024-02-07,0.032186,0.191201044143331,neutral,0.004085240236,-0.0718140999999999,0.1313120035243067,50.0,-0.1287521629629629,-0.6905195283466072,0.0457620857142857,0.1441749618480725,0.1676929665902219,-0.2617636363636363,-0.1244917857142857,5,8.142857142857142,0.1269259999999999,3,0.0,0.0,0.0,0.0,0.0,0.0
2024-02-08,0.24484525,0.2918548119657843,bullish,0.1165987358835,0.21265925,0.1825408714529525,50.0,0.0590169999999999,6.607197228608711,0.28447335,0.1358030511337868,0.17271702968546,-0.058603375,0.0703368833333333,4,7.571428571428571,0.4762139999999999,2,0.0,0.0,0.0,0.0,0.0,0.0
2024-02-09,0.190669,0.1713810791533009,bullish,0.0395426108701111,-0.05417625,0.1942049024022115,50.0,-0.0159674,-0.221267310678888,-0.2668355,0.1274456860544217,0.1690989609023912,-0.0585015555555555,-0.0506529629629629,9,7.571428571428571,0.2073887777777777,7,0.0,0.0,0.0,0.0,0.0,0.0
2024-02-10,0.2442446666666666,0.0173700419208858,bullish,0.0529456491273333,0.0535756666666666,0.1583449497958828,50.0,-0.0994663333333333,0.2809878200791249,0.1077519166666666,0.1527606384353741,0.1765885799500103,0.1772046666666666,0.1048546666666666,3,7.285714285714286,0.216773,3,0.0,0.0,0.0,0.0,0.0,0.0
2024-02-11,0.2230085,0.1530610409624212,bullish,0.0596101720499999,-0.0212361666666666,0.1649736036291446,50.0,-0.0352554999999999,-0.0869462861010953,-0.0748118333333333,0.1800756860544217,0.1817411870928674,0.1912053333333333,0.0721364999999999,2,6.714285714285714,0.2673,2,0.0,0.0,0.0,0.0,0.0,0.0
2024-02-12,0.0978254545454545,0.1241766963666913,neutral,0.0134951014935537,-0.1251830454545454,0.1515687340738167,50.0,-0.0913356363636363,-0.5613375519522594,-0.1039468787878787,0.1623969958874458,0.1753949100365903,-0.1237508311688311,-0.0888478787878788,22,7.857142857142857,0.1379508181818182,10,0.0,0.0,0.0,0.0,0.0,0.0
2024-02-13,0.036785,0.0786568817005679,neutral,0.00543734718625,-0.0610404545454545,0.1089291480207734,50.0,-0.1953291805555555,-0.6239731246747453,0.0641425909090909,0.1527948387445887,0.1671823028937333,-0.0672151,-0.1149765,8,7.571428571428571,0.14781425,5,0.0,0.0,0.0,0.0,0.0,0.0
2024-02-14,0.1767745714285714,0.2140246965033256,bullish,0.0538918620216122,0.1399895714285714,0.1174578714907784,50.0,-0.0647004722222222,3.805615643022195,0.2010300259740259,0.1734503489486703,0.1588126553983714,0.1445885714285714,-0.1171750649350649,14,8.857142857142858,0.3048620714285714,8,0.0,0.0,0.0,0.0,0.0,0.0
2024-02-15,0.2269995,0.2357088756786945,bullish,0.1066192532803125,0.0502249285714285,0.1611256382423401,50.0,0.1639045384615384,0.2841185141366487,-0.0897646428571428,0.1709009560915275,0.1533520036126572,-0.01784575,-0.076449125,8,9.428571428571429,0.469689375,3,0.0,0.0,0.0,0.0,0.0,0.0
2024-02-16,0.09091625,0.0386639605091097,neutral,0.030011408666875,-0.13608325,0.1382462221516778,50.0,0.0622676666666666,-0.5994870032753377,-0.1863081785714285,0.1566505632343846,0.1420481246444032,-0.09975275,-0.1582543055555555,4,8.714285714285714,0.3300995,4,0.0,0.0,0.0,0.0,0.0,0.0
2024-02-17,0.123056,0.0,neutral,0.000853516416,0.0321397499999999,0.1417636035979245,50.0,-0.2496752857142857,0.3535094111338732,0.1682229999999999,0.139337896567718,0.1460492675015461,-0.1211886666666666,0.0560159999999999,1,8.428571428571429,0.006936,1,0.0,0.0,0.0,0.0,0.0,0.0
2024-02-19,0.2735403333333333,0.1041422068583786,bullish,0.1053089252283333,0.1504843333333333,0.1481349348873771,50.0,-0.0214107666666666,1.2228931001603605,0.1183445833333333,0.1465567299010513,0.1633162079777365,0.0505318333333333,0.2417371666666666,3,8.571428571428571,0.3849849999999999,3,0.0,0.0,0.0,0.0,0.0,0.0
2024-02-20,0.2894611666666666,0.2645324931817766,bullish,0.1133196083454444,0.0159208333333333,0.1607618840569899,50.0,0.1244917857142857,0.0582028731899377,-0.1345635,0.1739332602040816,0.1681651280457637,0.1916357121212121,0.0678848809523809,6,6.285714285714286,0.3914846666666666,6,0.0,0.0,0.0,0.0,0.0,0.0
2024-02-21,0.0407371111111111,0.1947720120085561,neutral,0.008606647149432,-0.2487240555555555,0.1505276681394552,50.0,-0.0703368833333333,-0.8592657122880233,-0.2646448888888889,0.1744978475056689,0.1636463431251288,0.0039521111111111,-0.0632629888888888,9,6.428571428571429,0.2112728888888889,7,0.0,0.0,0.0,0.0,0.0,0.0
2024-02-22,-0.0423111,0.167771812102002,neutral,-0.01448880999072,-0.0830482111111111,0.1828046310376783,50.0,0.0506529629629629,-2.038637714996427,0.1656758444444444,0.1431998944444444,0.1583251216965574,-0.2190856714285714,-0.0744971,20,7.285714285714286,0.3424352,15,0.0,0.0,0.0,0.0,0.0,0.0
2024-02-23,0.1044804444444444,0.2212304656281041,neutral,0.0307900967543209,0.1467915444444444,0.1904897979557635,50.0,-0.1048546666666666,-3.469338883754959,0.2298397555555555,0.1256971722222222,0.1482990641568748,-0.1225190555555555,-0.1403648055555555,9,7.428571428571429,0.2946972222222222,5,0.0,0.0,0.0,0.0,0.0,0.0
2024-02-24,0.082687,0.0532309984877233,neutral,0.0036038715514999,-0.0217934444444444,0.1803075562816324,50.0,-0.0721364999999999,-0.2085887417528427,-0.1685849888888889,0.124521565079365,0.1405860641568748,-0.00822925,-0.107982,2,7.142857142857143,0.0435845,2,0.0,0.0,0.0,0.0,0.0,0.0
2024-02-25,-0.0208415,0.1740621123636617,neutral,-0.0019241289629999,-0.1035285,0.1622134801180094,50.0,0.0888478787878787,-1.2520529224666517,-0.0817350555555555,0.1039647793650793,0.1216513379663986,-0.1438975,-0.2650861666666667,2,7.285714285714286,0.0923219999999999,2,0.0,0.0,0.0,0.0,0.0,0.0
2024-02-26,0.1485197058823529,0.2090576247723832,neutral,0.040477394648564,0.1693612058823529,0.1650706026707749,50.0,0.1149765,-8.126152430600147,0.2728897058823529,0.086104689729225,0.1163307098151381,-0.1250206274509804,-0.074488794117647,17,9.285714285714286,0.2725388823529411,11,0.0,0.0,0.0,0.0,0.0,0.0
2024-02-27,0.27004475,0.233362628252224,bullish,0.127321373841875,0.121525044117647,0.1781887659008193,50.0,0.1171750649350649,0.8182418851132847,-0.0478361617647058,0.0833309159197012,0.1286320880618914,-0.0194164166666666,0.1722192954545454,8,9.571428571428571,0.4714825,4,0.0,0.0,0.0,0.0,0.0,0.0
2024-02-28,0.295156,0.1655121231345305,bullish,0.1212614187904,0.02511125,0.1670450974021045,50.0,0.076449125,0.0929892175278357,-0.096413794117647,0.1196764714752567,0.1470871594904628,0.2544188888888889,0.258371,5,9.0,0.4108384,4,0.0,0.0,0.0,0.0,0.0,0.0
2024-02-29,0.1037179285714285,0.0975443444801974,neutral,0.0439380260807142,-0.1914380714285714,0.1759077666005994,50.0,0.1582543055555555,-0.6485996267349179,-0.2165493214285714,0.1405377612711751,0.1418688278578098,0.1460290285714285,-0.0730566428571428,14,8.142857142857142,0.42363,5,0.0,0.0,0.0,0.0,0.0,0.0
2024-03-01,0.0988185714285714,0.0853440734670684,neutral,0.0433761719406122,-0.0048993571428571,0.1581641588212807,50.0,-0.0560159999999999,-0.0472373215541328,0.1865387142857142,0.1397289222689075,0.1327130472455649,-0.005661873015873,-0.1281809285714285,7,7.857142857142857,0.4389475714285714,4,0.0,0.0,0.0,0.0,0.0,0.0
2024-03-02,0.2198574999999999,0.2013196645648407,bullish,0.049135952675,0.1210389285714285,0.1566165667797722,50.0,-0.2417371666666666,1.224860133289,0.1259382857142857,0.1593247079831932,0.1419231365312792,0.1371704999999999,0.1289412499999999,2,7.857142857142857,0.22349,1,0.0,0.0,0.0,0.0,0.0,0.0
2024-03-03,0.1552542499999999,0.1398966653197399,bullish,0.0225162521825624,-0.06460325,0.1379233741932754,50.0,-0.0678848809523809,-0.2938414654946955,-0.1856421785714285,0.1844812436974789,0.1442230115312792,0.17609575,0.0321982499999999,4,8.142857142857142,0.14502825,3,0.0,0.0,0.0,0.0,0.0,0.0
2024-03-04,0.2203643333333333,0.3031891092547136,bullish,0.0758257510948889,0.0651100833333333,0.165458771417312,50.0,0.0632629888888888,0.4193771399709405,0.1297133333333333,0.1947447619047619,0.1404247258169934,0.0718446274509804,-0.0531759999999999,6,6.571428571428571,0.3440926666666666,5,0.0,0.0,0.0,0.0,0.0,0.0
2024-03-05,0.2611876,0.1803736854632626,bullish,0.08431347289956,0.0408232666666666,0.182024639613925,50.0,0.0744970999999999,0.1852535119869669,-0.0242868166666667,0.1934794547619047,0.138405185340803,-0.0088571499999999,-0.0282735666666666,10,6.857142857142857,0.3228081,4,0.0,0.0,0.0,0.0,0.0,0.0
2024-03-06,0.0957288333333333,0.0596036733982618,neutral,0.0205470293741944,-0.1654587666666667,0.1768765596001637,50.0,0.1403648055555555,-0.6334863012894436,-0.2062820333333333,0.1649898595238095,0.1423331654995331,-0.1994271666666667,0.0549917222222222,6,7.0,0.2146378333333333,3,0.0,0.0,0.0,0.0,0.0,0.0
2024-03-07,0.1892889999999999,0.1466077825568956,bullish,0.0538577261424444,0.0935601666666666,0.1659341831985747,50.0,0.107982,0.9773457317805676,0.2590189333333333,0.1772142982993197,0.1588760297852474,0.0855710714285714,0.2316000999999999,9,6.285714285714286,0.2845264444444444,5,0.0,0.0,0.0,0.0,0.0,0.0
2024-03-08,0.1110725,0.0085962971388848,neutral,0.0536921132825,-0.0782164999999999,0.1396741095624037,50.0,0.2650861666666666,-0.4132120725451558,-0.1717766666666666,0.1789648595238095,0.1593468908963585,0.0122539285714285,0.0065920555555555,2,5.571428571428571,0.483397,2,0.0,0.0,0.0,0.0,0.0,0.0
2024-03-09,0.122346,0.038663184581718,neutral,0.00863028684,0.0112735,0.0867689246278046,50.0,0.074488794117647,0.1014967701276194,0.0894899999999999,0.1650346452380952,0.1621796766106442,-0.0975114999999999,0.039659,2,5.571428571428571,0.07054,2,0.0,0.0,0.0,0.0,0.0,0.0
2024-03-10,0.3076566666666667,0.257567744355409,bullish,0.0571697873222222,0.1853106666666666,0.1022077364062338,50.0,-0.1722192954545454,1.5146442602673291,0.1740371666666667,0.186806419047619,0.185643831372549,0.1524024166666667,0.3284981666666667,3,5.428571428571429,0.1858233333333333,3,0.0,0.0,0.0,0.0,0.0,0.0
2024-03-11,0.1663282,0.1610196682056781,bullish,0.06143887603188,-0.1413284666666666,0.1224909353677171,50.0,-0.258371,-0.4593707271092234,-0.3266391333333334,0.1790869714285714,0.1869158666666666,-0.0540361333333333,0.017808494117647,10,6.0,0.3693834,4,0.0,0.0,0.0,0.0,0.0,0.0
2024-03-12,0.061939,0.0605073209686232,neutral,0.0108995606775,-0.1043892,0.1052708430500626,50.0,0.0730566428571428,-0.6276097498800564,0.0369392666666666,0.1506228857142857,0.1720511702380952,-0.1992486,-0.20810575,6,5.428571428571429,0.1759725,5,0.0,0.0,0.0,0.0,0.0,0.0
2024-03-13,0.0371328,0.058666398029025,neutral,0.0024063391180799,-0.0248062,0.1152848632280907,50.0,0.1281809285714285,-0.4004940344532524,0.079583,0.1422520238095238,0.1536209416666666,-0.0585960333333333,-0.2580232,5,5.285714285714286,0.0648035999999999,5,0.0,0.0,0.0,0.0,0.0,0.0
2024-03-14,0.0131929999999999,0.2015513827224545,neutral,0.0042171141792857,-0.0239398,0.147862502856238,50.0,-0.1289412499999999,-0.6447076439158912,0.0008663999999999,0.1170954523809524,0.147154875340136,-0.1760959999999999,-0.0905249285714285,7,5.0,0.3196478571428571,5,0.0,0.0,0.0,0.0,0.0,0.0
2024-03-15,0.1166313333333333,0.0497175046672028,neutral,0.0356459177753333,0.1034383333333333,0.1062924549185967,50.0,-0.0321982499999999,7.8403951590489935,0.1273781333333333,0.1178895714285714,0.1484272154761904,0.0055588333333333,0.0178127619047619,3,5.142857142857143,0.305629,2,0.0,0.0,0.0,0.0,0.0,0.0
2024-03-16,-0.003807,0.0,neutral,-8.7694245e-05,-0.1204383333333333,0.0926106515968264,50.0,0.0531759999999999,-1.0326413142265944,-0.2238766666666667,0.0998677142857143,0.1324511797619047,-0.126153,-0.2236645,1,5.0,0.023035,1,0.0,0.0,0.0,0.0,0.0,0.0
2024-03-17,0.0951745,0.1300271042039569,neutral,0.011918678841375,0.0989815,0.1099905974056598,50.0,0.0282735666666666,-25.99986866298923,0.2194198333333333,0.069513119047619,0.128159769047619,-0.2124821666666667,-0.0600797499999999,4,5.142857142857143,0.12522975,1,0.0,0.0,0.0,0.0,0.0,0.0
2024-03-18,0.3471889999999999,0.3051784967763402,bullish,0.173215369612,0.2520145,0.1716186220924886,50.0,-0.0549917222222222,2.6479203988463293,0.1530329999999999,0.0953503761904761,0.1372186738095238,0.1808607999999999,0.1268246666666666,4,4.285714285714286,0.498908,4,0.0,0.0,0.0,0.0,0.0,0.0
2024-03-19,0.1924474,0.1840919188633765,bullish,0.0420362855819999,-0.1547415999999999,0.1672537561277191,50.0,-0.2316000999999999,-0.4456984524279282,-0.4067560999999999,0.1139944333333333,0.1323086595238095,0.1305084,-0.0687402,5,4.142857142857143,0.2184299999999999,3,0.0,0.0,0.0,0.0,0.0,0.0
2024-03-20,0.0134493333333333,0.1902746823051699,neutral,0.0048215366857777,-0.1789980666666666,0.2023930505372108,50.0,-0.0065920555555555,-0.9301142372755709,-0.0242564666666667,0.1106110809523809,0.1264315523809523,-0.0236834666666666,-0.0822795,3,3.857142857142857,0.3584963333333333,3,0.0,0.0,0.0,0.0,0.0,0.0
2024-03-21,-0.0135394999999999,0.161967757978247,neutral,-0.0008143806157499,-0.0269888333333333,0.1943079920254181,50.0,-0.039659,-2.006704173688907,0.1520092333333333,0.1067921523809523,0.1119438023809523,-0.0267324999999999,-0.2028284999999999,2,3.142857142857143,0.0601484999999999,2,0.0,0.0,0.0,0.0,0.0,0.0
2024-03-22,0.215854,0.1305290833799119,bullish,0.0344395057,0.2293934999999999,0.1944083878606091,50.0,-0.3284981666666667,-16.94253849846745,0.2563823333333332,0.120966819047619,0.1194281952380952,0.0992226666666666,0.1047814999999999,2,3.0,0.15955,2,0.0,0.0,0.0,0.0,0.0,0.0
2024-03-23,0.065034,0.1206976409587196,neutral,0.007588795782,-0.15082,0.1575122166970849,50.0,-0.017808494117647,-0.6987130189850548,-0.3802135,0.1308012476190476,0.1153344809523809,0.068841,-0.057312,3,3.2857142857142856,0.1166896666666666,3,0.0,0.0,0.0,0.0,0.0,0.0
2024-03-24,0.2062176666666666,0.2204294708253261,bullish,0.0549915152562222,0.1411836666666666,0.1647797270894749,50.0,0.20810575,2.170920851657082,0.2920036666666666,0.1466645571428571,0.108088838095238,0.1110431666666666,-0.101439,3,3.142857142857143,0.2666673333333333,2,0.0,0.0,0.0,0.0,0.0,0.0
2024-03-25,0.1675776,0.1551714835635078,bullish,0.0730593090048,-0.0386400666666666,0.1577590873411425,50.0,0.2580232,-0.1873751521450635,-0.1798237333333333,0.1210057857142857,0.1081780809523809,-0.1796113999999999,0.0012493999999999,5,3.2857142857142856,0.435973,4,0.0,0.0,0.0,0.0,0.0,0.0
2024-03-26,0.1527153846153846,0.1016906870469943,bullish,0.044904572660355,-0.0148622153846153,0.145703673154892,50.0,0.0905249285714285,-0.0886885561352792,0.0237778512820512,0.1153297835164835,0.1146621084249084,-0.0397320153846153,0.0907763846153846,13,4.428571428571429,0.2940409230769231,7,0.0,0.0,0.0,0.0,0.0,0.0
2024-03-27,0.2325558571428571,0.234624963159243,bullish,0.0713571402053265,0.0798404725274725,0.1665228491107582,50.0,-0.0178127619047619,0.5228056932741363,0.0947026879120879,0.1466307154892726,0.1286208982208268,0.2191065238095238,0.1954230571428571,7,5.0,0.3068387142857142,6,0.0,0.0,0.0,0.0,0.0,0.0
2024-03-28,0.193669625,0.184417667625062,bullish,0.0584406808570625,-0.0388862321428571,0.1792668544440267,50.0,0.2236645,-0.1672124392849397,-0.1187267046703296,0.1762320190607012,0.1415120857208268,0.207209125,0.180476625,8,5.857142857142857,0.3017545,6,0.0,0.0,0.0,0.0,0.0,0.0
2024-03-29,0.0732743333333333,0.0245384665440473,neutral,0.0046363113177777,-0.1203952916666666,0.1400886535877709,50.0,0.0600797499999999,-0.6216529394667165,-0.0815090595238095,0.1558634952511774,0.1384151571493982,-0.1425796666666666,-0.043357,3,6.0,0.0632733333333333,2,0.0,0.0,0.0,0.0,0.0,0.0
2024-03-30,0.0276669999999999,0.2083841697418496,neutral,0.0041112239766666,-0.0456073333333333,0.1507311908234392,50.0,-0.1268246666666666,-0.6224189461521316,0.0747879583333333,0.1505253523940345,0.140663300006541,-0.037367,0.0314739999999999,3,6.0,0.1485966666666666,3,0.0,0.0,0.0,0.0,0.0,0.0
2024-04-01,0.1610012,0.1246630683289963,bullish,0.04249581593664,0.1333342,0.1553256670798397,50.0,0.0687402,4.819250370477466,0.1789415333333333,0.1440658571559392,0.1453652071493982,-0.0452164666666666,0.0658267,5,6.285714285714286,0.2639472,3,0.0,0.0,0.0,0.0,0.0,0.0
2024-04-02,0.1454682,0.1275143577982495,neutral,0.01590982794036,-0.015533,0.1339035460076409,50.0,0.0822795,-0.0964775417822974,-0.1488672,0.1409073714416535,0.1309565785779696,-0.0221094,-0.2017207999999999,5,6.285714285714286,0.1093698,5,0.0,0.0,0.0,0.0,0.0,0.0
2024-04-03,0.1043901666666666,0.0937265077647015,neutral,0.0155218086783888,-0.0410780333333333,0.1157653140355688,50.0,0.2028284999999999,-0.2823849702775818,-0.0255450333333333,0.134003768877551,0.1246667761970172,-0.0483252179487179,-0.0880572333333333,6,5.285714285714286,0.1486903333333333,5,0.0,0.0,0.0,0.0,0.0,0.0
2024-04-04,0.176405625,0.1957444159684747,bullish,0.0386788296417187,0.0720154583333333,0.1500065039204543,50.0,-0.1047814999999999,0.6898682187498504,0.1130934916666666,0.1259823071428571,0.1363065113160649,-0.0561502321428571,0.1629562916666667,8,5.428571428571429,0.21926075,5,0.0,0.0,0.0,0.0,0.0,0.0
2024-04-05,0.0942208333333333,0.1908478791848803,neutral,0.0120232378791666,-0.0821847916666666,0.1464992458090605,50.0,0.057312,-0.4658853234791503,-0.15420025,0.1117753369047619,0.1440036779827315,-0.0994487916666666,0.1077603333333333,6,5.142857142857143,0.127607,4,0.0,0.0,0.0,0.0,0.0,0.0
2024-04-06,0.036083,0.0,neutral,0.0059224110389999,-0.0581378333333333,0.1519582901790765,50.0,0.101439,-0.6170379869986291,0.0240469583333333,0.1064622892857143,0.1311628922684458,-0.0371913333333333,-0.179771,1,4.857142857142857,0.164133,1,0.0,0.0,0.0,0.0,0.0,0.0
2024-04-07,0.0958629999999999,0.1205097129736852,neutral,0.0174613176326666,0.0597799999999999,0.1502071289729354,50.0,-0.0012493999999999,1.6567358589917691,0.1179178333333333,0.116204575,0.1333649636970172,0.0681959999999999,0.0308289999999999,3,4.857142857142857,0.1821486666666666,2,0.0,0.0,0.0,0.0,0.0,0.0
2024-04-08,0.257548,0.1868496494502108,bullish,0.0699104112005714,0.161685,0.1734879143943127,50.0,-0.0907763846153846,1.6866257054337963,0.101905,0.129996975,0.1370314160779696,0.0965467999999999,0.0513303333333333,7,5.142857142857143,0.2714461428571428,3,0.0,0.0,0.0,0.0,0.0,0.0
2024-04-09,0.190512,0.2180312887062058,bullish,0.0489004677504,-0.0670359999999999,0.1790596325787455,50.0,-0.1954230571428571,-0.2602854613508938,-0.228721,0.1364318035714285,0.138669587506541,0.0450438,0.0229344,10,5.857142857142857,0.2566792,6,0.0,0.0,0.0,0.0,0.0,0.0
2024-04-10,0.1582878333333333,0.2645876076967645,bullish,0.0412642267501527,-0.0322241666666666,0.1974945647067165,50.0,-0.180476625,-0.1691450757257636,0.0348118333333332,0.1441314702380952,0.1390676195578231,0.0538976666666666,0.0055724487179487,12,6.714285714285714,0.2606910833333333,10,0.0,0.0,0.0,0.0,0.0,0.0
2024-04-11,0.0834533333333333,0.0819713823542501,neutral,0.0109050417911111,-0.0748344999999999,0.1743899282362233,50.0,0.043357,-0.472774807918486,-0.0426103333333332,0.1308525714285714,0.1284174392857142,-0.0929522916666666,-0.1491025238095238,6,6.428571428571429,0.1306723333333333,4,0.0,0.0,0.0,0.0,0.0,0.0
2024-04-12,0.1904975,0.1806774640448184,bullish,0.0777637464649999,0.1070441666666666,0.1864234784504499,50.0,-0.031474,1.2826829365713368,0.1818786666666666,0.1446063809523809,0.1281908589285714,0.0962766666666666,-0.003172125,4,6.142857142857143,0.4082139999999999,3,0.0,0.0,0.0,0.0,0.0,0.0
2024-04-13,-0.395327,0.0,bearish,-0.166624400595,-0.5858245,0.1863169357005097,50.0,-0.0658267,-3.0752345831310124,-0.6928686666666666,0.0829763809523809,0.0947193351190476,-0.4314099999999999,-0.4686013333333333,1,6.142857142857143,0.421485,1,0.0,0.0,0.0,0.0,0.0,0.0
2024-04-14,0.241372,0.1427442428856589,bullish,0.10473855196,0.636699,0.167495174245373,50.0,0.2017207999999999,-1.6105629010920075,1.2225235,0.1037633809523809,0.1099839779761904,0.145509,0.213705,3,6.142857142857143,0.43393,3,0.0,0.0,0.0,0.0,0.0,0.0
2024-04-15,0.1407697272727272,0.1500492148417251,neutral,0.0532664969651239,-0.1006022727272727,0.1388605760316131,50.0,0.0880572333333333,-0.4167934670437032,-0.7373012727272727,0.0870807705627705,0.1085388727813852,-0.1167782727272727,-0.0202314727272727,11,6.714285714285714,0.3783945454545455,7,0.0,0.0,0.0,0.0,0.0,0.0
2024-04-16,0.1642584545454545,0.1903955936057154,bullish,0.0395247055575867,0.0234887272727272,0.1659666288444795,50.0,-0.1629562916666667,0.1668592227021952,0.124091,0.083330264069264,0.1098810338203463,-0.0262535454545454,0.0187902545454545,11,6.857142857142857,0.2406250909090909,8,0.0,0.0,0.0,0.0,0.0,0.0
2024-04-17,0.158112,0.1394867883755781,bullish,0.0232904622857142,-0.0061464545454545,0.1556689599271694,50.0,-0.1077603333333333,-0.0374194105409269,-0.0296351818181818,0.083305145021645,0.1137183076298701,-0.0001758333333333,0.0537218333333333,7,6.142857142857143,0.1473035714285714,5,0.0,0.0,0.0,0.0,0.0,0.0
2024-04-18,0.1416006,0.1424086962975069,neutral,0.03967633235934,-0.0165113999999999,0.1530169072012369,50.0,0.179771,-0.1044285063752276,-0.0103649454545454,0.0916118974025974,0.1112322344155844,0.0581472666666666,-0.0348050249999999,10,6.714285714285714,0.2801989,6,0.0,0.0,0.0,0.0,0.0,0.0
2024-04-19,0.028085,0.0180317574850595,neutral,0.0022885834587499,-0.1135156,0.128074410121117,50.0,-0.0308289999999999,-0.8016604449416175,-0.0970042,0.0684101116883117,0.1065082463203463,-0.1624125,-0.0661358333333333,4,6.714285714285714,0.08148775,3,0.0,0.0,0.0,0.0,0.0,0.0
2024-04-20,0.146316,0.1370274803205546,neutral,0.021958227384,0.118231,0.1254700632168829,50.0,-0.0513303333333333,4.209756097560976,0.2317466,0.1457876831168831,0.114382032034632,0.541643,0.110233,3,7.0,0.150074,3,0.0,0.0,0.0,0.0,0.0,0.0
2024-04-21,0.0942987142857142,0.1017022737253438,neutral,0.0134986723525714,-0.0520172857142857,0.1077313992408086,50.0,-0.0229344,-0.3555133116971878,-0.1702482857142857,0.124777213729128,0.1142702973407544,-0.1470732857142857,-0.0015642857142857,7,7.571428571428571,0.143148,5,0.0,0.0,0.0,0.0,0.0,0.0
2024-04-22,0.0761093809523809,0.1712896151660912,neutral,0.021906689968492,-0.0181893333333333,0.1140919645989112,50.0,-0.0055724487179487,-0.1928905761983321,0.0338279523809524,0.1155400213976499,0.1013103959802102,-0.0646603463203463,-0.181438619047619,21,9.0,0.2878316666666666,10,0.0,0.0,0.0,0.0,0.0,0.0
2024-04-23,0.1914689166666666,0.2506562237195718,bullish,0.0741713565842777,0.1153595357142857,0.1357414700833242,50.0,0.1491025238095238,1.5157071870872558,0.133548869047619,0.1194272302721088,0.1013787471706864,0.0272104621212121,0.0009569166666666,12,9.142857142857142,0.3873806666666666,7,0.0,0.0,0.0,0.0,0.0,0.0
2024-04-24,0.2791491052631579,0.1802112101393173,bullish,0.1074179126825567,0.0876801885964912,0.1681773606141758,50.0,0.003172125,0.4579343223064034,-0.0276793471177944,0.1367182453097028,0.1100116951656739,0.1210371052631578,0.1208612719298245,19,10.857142857142858,0.3848047894736842,8,0.0,0.0,0.0,0.0,0.0,0.0
2024-04-25,0.11295825,0.1594125647322067,neutral,0.0172118721459375,-0.1661908552631579,0.1726543774965062,50.0,0.4686013333333333,-0.5953479775852671,-0.2538710438596491,0.1326264810239885,0.1121191892132929,-0.02864235,0.0295049166666666,8,10.571428571428571,0.15237375,7,0.0,0.0,0.0,0.0,0.0,0.0
2024-04-26,-0.0192058571428571,0.3821391540448883,neutral,-0.0067443068447346,-0.1321641071428571,0.2287417535604151,50.0,-0.213705,-1.170026156946103,0.0340267481203007,0.1258706442892946,0.0971403779888031,-0.0472908571428571,-0.2097033571428571,7,11.0,0.3511588571428571,7,0.0,0.0,0.0,0.0,0.0,0.0
2024-04-27,0.0862945,0.5315272176704594,neutral,0.04639783437325,0.1055003571428571,0.3007892740612887,50.0,0.0202314727272727,-5.49313453485172,0.2376644642857143,0.1172961442892946,0.1315419137030889,-0.0600214999999999,0.4816215,2,10.857142857142858,0.5376685,2,0.0,0.0,0.0,0.0,0.0,0.0
2024-04-28,0.273892,0.1691554984090082,bullish,0.067043831544,0.1875975,0.284489128999176,50.0,-0.0187902545454545,2.1739218606052524,0.0820971428571428,0.142952327962764,0.133864770845946,0.1795932857142857,0.03252,2,10.142857142857142,0.244782,1,0.0,0.0,0.0,0.0,0.0,0.0
2024-04-29,0.1158889999999999,0.1166488441765039,neutral,0.0211785409164999,-0.158003,0.2717766558066133,50.0,-0.0537218333333333,-0.5768806682926118,-0.3456005,0.1486351306838524,0.1320875760407512,0.039779619047619,-0.0248807272727272,8,8.285714285714286,0.1827484999999999,7,0.0,0.0,0.0,0.0,0.0,0.0
2024-04-30,0.2602258888888888,0.2834700848398488,bullish,0.1345897260669506,0.1443368888888888,0.2965881598281417,50.0,0.0348050249999999,1.2454753159392942,0.3023398888888889,0.1584575552870271,0.1389423927795679,0.0687569722222222,0.0959674343434343,9,7.857142857142857,0.5172034444444444,5,0.0,0.0,0.0,0.0,0.0,0.0
2024-05-01,0.0848693333333333,0.2371884182490789,neutral,0.0210493957825185,-0.1753565555555555,0.2675980126689799,50.0,0.0661358333333333,-0.6738628362623413,-0.3196934444444444,0.130703302154195,0.1337107737319489,-0.1942797719298245,-0.0732426666666666,9,6.428571428571429,0.2480212222222222,3,0.0,0.0,0.0,0.0,0.0,0.0
2024-05-02,0.1654994,0.2725934626780327,bullish,0.05593108492796,0.0806300666666666,0.2158112616704945,50.0,-0.110233,0.9500494878401308,0.2559866222222222,0.1382091807256235,0.135417830874806,0.0525411499999999,0.0238987999999999,5,6.0,0.3379534,4,0.0,0.0,0.0,0.0,0.0,0.0
2024-05-03,0.020019,0.065838433233687,neutral,0.004881092637,-0.1454803999999999,0.1951478486354302,50.0,0.0015642857142857,-0.879038836394573,-0.2261104666666666,0.1438127317460317,0.1348416880176632,0.0392248571428571,-0.0080659999999999,7,6.0,0.2438229999999999,5,0.0,0.0,0.0,0.0,0.0,0.0
2024-05-04,0.314706,0.0,bullish,0.2754269147279999,0.294687,0.2147725997501618,50.0,0.181438619047619,14.72036565263,0.4401674,0.176442946031746,0.1468695451605203,0.2284114999999999,0.1683899999999999,1,5.857142857142857,0.875188,1,0.0,0.0,0.0,0.0,0.0,0.0
2024-05-05,0.155774,0.0359040539215281,bullish,0.098619351095,-0.158932,0.1528810920205817,50.0,-0.0009569166666666,-0.5050173813019135,-0.453619,0.159568946031746,0.151260636997255,-0.118118,0.0614752857142857,2,5.857142857142857,0.6330925000000001,1,0.0,0.0,0.0,0.0,0.0,0.0
2024-05-06,0.1050695714285714,0.1552489490537237,neutral,0.0217675332917551,-0.0507044285714285,0.1323962247217429,50.0,-0.1208612719298245,-0.3254999458923091,0.1082275714285714,0.1580233133786848,0.1533292220312686,-0.0108194285714285,0.0289601904761904,7,5.714285714285714,0.2071725714285714,3,0.0,0.0,0.0,0.0,0.0,0.0
2024-05-07,0.2342607142857143,0.174181219605607,bullish,0.0646672351229591,0.1291911428571428,0.1077931639536364,50.0,-0.0295049166666666,1.2295771373253368,0.1798955714285714,0.1543140027210884,0.1563857790040577,-0.0259651746031745,0.0427917976190476,14,6.428571428571429,0.2760481428571428,6,0.0,0.0,0.0,0.0,0.0,0.0
2024-05-08,0.0594086666666666,0.0145054479535563,neutral,0.0061590746993333,-0.1748520476190476,0.0949599176336038,50.0,0.2097033571428571,-0.7463993617205088,-0.3040431904761905,0.1506767646258503,0.1406900333900226,-0.0254606666666666,-0.2197404385964912,3,5.571428571428571,0.103673,2,0.0,0.0,0.0,0.0,0.0,0.0
2024-05-09,0.1881949999999999,0.1943681706178594,bullish,0.0619643060349999,0.1287863333333333,0.1148415682304549,50.0,-0.4816215,2.1678037996700814,0.3036383809523809,0.1539189931972789,0.1460640869614512,0.0226955999999999,0.0752367499999999,7,5.857142857142857,0.3292558571428571,5,0.0,0.0,0.0,0.0,0.0,0.0
2024-05-10,0.1120952727272727,0.1144702749617479,neutral,0.0292064742614876,-0.0760997272727272,0.1305548124384989,50.0,-0.03252,-0.4043663608104746,-0.2048860606060605,0.1670727464440321,0.1554427390950319,0.0920762727272727,0.1313011298701298,11,6.428571428571429,0.2605504545454545,6,0.0,0.0,0.0,0.0,0.0,0.0
2024-05-12,0.218279,0.0,bullish,0.10357775108,0.1061837272727272,0.1243812782846927,50.0,0.0248807272727272,0.9472632046765416,0.1822834545454545,0.1532974607297464,0.1648702033807462,-0.0964269999999999,0.1319844999999999,1,6.428571428571429,0.47452,1,0.0,0.0,0.0,0.0,0.0,0.0
2024-05-13,0.265316,0.2530245325589332,bullish,0.153404848923,0.0470369999999999,0.1440921065230242,50.0,-0.0959674343434343,0.2154902670435543,-0.0591467272727272,0.1689463178726035,0.1642576319521747,0.109542,-0.008576,4,6.714285714285714,0.57819675,3,0.0,0.0,0.0,0.0,0.0,0.0
2024-05-14,0.3096856,0.2210024890341735,bullish,0.0893896955089599,0.0443696,0.1957163667931785,50.0,0.0732426666666666,0.1672330353239157,-0.0026673999999999,0.1981771790970933,0.1781002462378891,0.2046160285714285,0.1937966,5,6.428571428571429,0.2886466,3,0.0,0.0,0.0,0.0,0.0,0.0
2024-05-15,0.0900725714285714,0.1783217863300847,neutral,0.0120341201706938,-0.2196130285714286,0.1917047707212348,50.0,-0.0238987999999999,-0.7091483380933068,-0.2639826285714286,0.1775788729746444,0.1659464378478664,-0.1441881428571428,-0.1701533174603174,7,5.428571428571429,0.1336047142857142,4,0.0,0.0,0.0,0.0,0.0,0.0
2024-05-16,0.0066323333333333,0.1234852756661025,neutral,0.0009777297368888,-0.083440238095238,0.1939585208973235,50.0,0.0080659999999999,-0.92636678149471,0.1361727904761905,0.1700393967841682,0.1603580807050093,-0.0527763333333333,-0.0782369999999999,3,5.428571428571429,0.1474186666666666,3,0.0,0.0,0.0,0.0,0.0,0.0
2024-05-17,0.1907506666666666,0.1169878609252544,bullish,0.1002566746851111,0.1841183333333333,0.1785643889029096,50.0,-0.1683899999999999,27.760717696135096,0.2675585714285714,0.1704044920222634,0.1621617426097711,0.0025556666666666,0.0252512666666666,6,5.285714285714286,0.5255901666666667,3,0.0,0.0,0.0,0.0,0.0,0.0
2024-05-18,0.25464,0.0,bullish,0.0971357383199999,0.0638893333333333,0.1599493529889037,50.0,-0.0614752857142857,0.334936356709981,-0.120229,0.1907680244897959,0.178920385466914,0.1425447272727272,0.2346209999999999,1,3.857142857142857,0.381463,1,0.0,0.0,0.0,0.0,0.0,0.0
2024-05-19,0.247387,0.0,bullish,0.056688483663,-0.0072529999999999,0.1395983076404805,50.0,-0.0289601904761904,-0.0284833490417844,-0.0711423333333333,0.1949263102040816,0.174111885466914,0.0291079999999999,-0.0673189999999999,1,3.857142857142857,0.229149,1,0.0,0.0,0.0,0.0,0.0,0.0
2024-05-20,0.01968225,0.0348834943048523,neutral,0.002265348246,-0.2277047499999999,0.0917855436320697,50.0,-0.0427917976190476,-0.9204394329532272,-0.22045175,0.1598357744897958,0.1643910461811997,-0.2456337499999999,-0.1360917499999999,4,3.857142857142857,0.115096,3,0.0,0.0,0.0,0.0,0.0,0.0
2024-05-21,0.1729782,0.1634803085946438,bullish,0.05241146051772,0.15329595,0.1051172212749168,50.0,0.2197404385964912,7.788537895819836,0.3810006999999999,0.1403061459183673,0.1692416625077303,-0.1367074,0.0679086285714285,5,3.857142857142857,0.3029946,5,0.0,0.0,0.0,0.0,0.0,0.0
2024-05-22,0.1340312,0.1014151559763135,neutral,0.0260295023897599,-0.038947,0.0999263196252699,50.0,-0.0752367499999999,-0.2251555398310307,-0.19224295,0.14658595,0.1620824114873222,0.0439586285714285,-0.1002295142857143,5,3.5714285714285716,0.1942048,3,0.0,0.0,0.0,0.0,0.0,0.0
2024-05-23,0.1142843333333333,0.1075948890154639,neutral,0.0131116383911851,-0.0197468666666666,0.1018434619728184,50.0,-0.1313011298701298,-0.1473303728286149,0.0192001333333333,0.1619648071428571,0.1660021019635126,0.107652,0.0548756666666666,9,4.428571428571429,0.1147282222222222,3,0.0,0.0,0.0,0.0,0.0,0.0
2024-05-24,0.207654,0.149929265028546,bullish,0.0131341155,0.0933696666666666,0.1114606225839639,50.0,-0.1319844999999999,0.8169944553496689,0.1131165333333333,0.164379569047619,0.1673920305349412,0.0169033333333333,0.019459,2,3.857142857142857,0.06325,2,0.0,0.0,0.0,0.0,0.0,0.0
2024-05-26,0.1297475,0.0119366695732101,neutral,0.00642866425625,-0.0779064999999999,0.1068712576376355,50.0,0.008576,-0.3751745692353626,-0.1712761666666666,0.1465377833333333,0.1686529039115646,-0.1248924999999999,0.0176522272727272,2,4.0,0.0495475,2,0.0,0.0,0.0,0.0,0.0,0.0
2024-05-27,0.0167763333333333,0.1481927966074374,neutral,0.0023852534812222,-0.1129711666666666,0.1038137552401942,50.0,-0.1937965999999999,-0.8707001419423624,-0.0350646666666667,0.1135934023809523,0.154259856292517,-0.2306106666666666,-0.2015026666666666,3,4.285714285714286,0.1421796666666666,3,0.0,0.0,0.0,0.0,0.0,0.0
2024-05-28,0.0653938999999999,0.2232424944391935,neutral,0.0144008550156899,0.0486175666666666,0.1281792229327702,50.0,0.1701533174603174,2.8979852570088824,0.1615887333333333,0.120123638095238,0.139979706292517,0.0457116499999999,-0.1999221,10,5.142857142857143,0.2202171,8,0.0,0.0,0.0,0.0,0.0,0.0
2024-05-29,0.1250855833333333,0.1266108095690083,neutral,0.0318818239037986,0.0596916833333333,0.1319824070434791,50.0,0.0782369999999999,0.9128020095656224,0.0110741166666666,0.1132818357142857,0.1267939908163265,-0.0478926166666666,-0.1846000166666666,12,6.142857142857143,0.2548800833333333,8,0.0,0.0,0.0,0.0,0.0,0.0
2024-05-30,0.1491995,0.0924051296977313,neutral,0.023881431468125,0.0241139166666666,0.1204775799773161,50.0,-0.0252512666666666,0.192779343742651,-0.0355777666666666,0.1154487357142857,0.1310173428571428,0.0151683,0.0591269285714285,12,7.142857142857143,0.16006375,7,0.0,0.0,0.0,0.0,0.0,0.0
2024-05-31,0.1834003333333333,0.2556711427468236,bullish,0.0739432852598889,0.0342008333333333,0.1692244746120388,50.0,-0.2346209999999999,0.2292288736445722,0.0100869166666666,0.12532245,0.1436436285714285,0.069116,0.176768,6,6.714285714285714,0.4031796666666666,5,0.0,0.0,0.0,0.0,0.0,0.0
2024-06-01,0.4829914999999999,0.0349657232228935,bullish,0.1958793762867499,0.2995911666666666,0.14657905993513,50.0,0.0673189999999999,1.6335366529686417,0.2653903333333333,0.1646563785714285,0.1645179738095238,0.2753374999999999,0.2922408333333333,2,6.714285714285714,0.4055545,1,0.0,0.0,0.0,0.0,0.0,0.0
2024-06-02,0.232419,0.2056474782850497,bullish,0.043474981099,-0.2505725,0.1430600567043013,50.0,0.1360917499999999,-0.518792773785874,-0.5501636666666666,0.1793237357142857,0.1629307595238095,0.1026715,-0.0222209999999999,3,6.857142857142857,0.1870543333333333,2,0.0,0.0,0.0,0.0,0.0,0.0
2024-06-03,0.1990974999999999,0.2066664326065879,bullish,0.0929177082137499,-0.0333215,0.1590711813118172,50.0,-0.0679086285714285,-0.14336822721034,0.2172509999999999,0.2053696166666666,0.1594815095238095,0.1823211666666666,-0.0482895,4,7.0,0.4666945,3,0.0,0.0,0.0,0.0,0.0,0.0
2024-06-04,-0.0210356249999999,0.1790412807259324,neutral,-0.0075596803638281,-0.2201331249999999,0.1763984115174574,50.0,0.1002295142857142,-1.1056548927033236,-0.1868116249999999,0.1930225416666666,0.1565730898809524,-0.0864295249999999,-0.040717875,8,6.714285714285714,0.359375125,6,0.0,0.0,0.0,0.0,0.0,0.0
2024-06-05,0.1797238888888889,0.2339319527049717,bullish,0.0636279079845061,0.2007595138888889,0.172050573509087,50.0,-0.0548756666666666,-9.543786499754058,0.4208926388888889,0.2008280138888889,0.1570549248015873,0.0546383055555555,0.0067456888888889,9,6.285714285714286,0.3540314444444444,6,0.0,0.0,0.0,0.0,0.0,0.0
2024-06-06,0.0897946666666666,0.0809595402646696,neutral,0.0050138049395555,-0.0899292222222222,0.1812493369174422,50.0,-0.019459,-0.5003743396506369,-0.2906887361111111,0.1923416091269841,0.1538951724206349,-0.0594048333333333,-0.0442365333333333,6,5.428571428571429,0.0558363333333333,5,0.0,0.0,0.0,0.0,0.0,0.0
2024-06-07,0.231767,0.0,bullish,0.007346086832,0.1419723333333333,0.1751498015755404,50.0,-0.0176522272727272,1.581077569566121,0.2319015555555555,0.1992511329365079,0.1622867914682539,0.0483666666666666,0.1174826666666666,1,4.714285714285714,0.031696,1,0.0,0.0,0.0,0.0,0.0,0.0
2024-06-08,0.238971,0.0,bullish,0.0616079186549999,0.0072039999999999,0.1646442578985245,50.0,0.2015026666666666,0.0310829410571824,-0.1347683333333333,0.1643910615079365,0.1645237200396825,-0.2440204999999999,0.0313169999999999,1,4.571428571428571,0.257805,1,0.0,0.0,0.0,0.0,0.0,0.0
2024-06-09,0.24876425,0.1836987689931082,bullish,0.0778151987497499,0.00979325,0.1661967539875831,50.0,0.1999221,0.0409809140021175,0.00258925,0.1667260972222222,0.173024916468254,0.01634525,0.11901675,4,4.714285714285714,0.3128069999999999,2,0.0,0.0,0.0,0.0,0.0,0.0
2024-06-10,0.1740212,0.1435263738157555,bullish,0.03945255507744,-0.07474305,0.1360615610245111,50.0,0.1846000166666666,-0.3004573607341086,-0.0845363,0.1631437686507936,0.1842566926587301,-0.0250762999999999,0.1572448666666666,5,4.857142857142857,0.2267112,2,0.0,0.0,0.0,0.0,0.0,0.0
2024-06-11,0.1168172857142857,0.1256407436499194,neutral,0.0258062067162449,-0.0572039142857142,0.150955295486261,50.0,-0.0591269285714285,-0.3287180773705404,0.0175391357142857,0.1828370416099773,0.187929791638322,0.1378529107142857,0.0514233857142857,7,4.714285714285714,0.2209108571428571,5,0.0,0.0,0.0,0.0,0.0,0.0
2024-06-12,0.1850725,0.2317378792114672,bullish,0.03980252467625,0.0682552142857142,0.1711509414175626,50.0,-0.176768,0.5842903630945029,0.1254591285714285,0.1836011289115646,0.1922145714002267,0.005348611111111,0.0599869166666666,8,4.571428571428571,0.2150645,6,0.0,0.0,0.0,0.0,0.0,0.0
2024-06-13,0.2477382,0.2255662496799998,bullish,0.09151790986716,0.0626656999999999,0.18203400307005,50.0,-0.2922408333333333,0.3386008185981168,-0.0055895142857142,0.2061644908163265,0.1992530499716553,0.1579435333333333,0.0985386999999999,5,4.428571428571429,0.3694138,5,0.0,0.0,0.0,0.0,0.0,0.0
2024-06-14,0.173644,0.2432383863065203,bullish,0.0244680602773333,-0.0740942,0.1939419265327324,50.0,0.0222209999999999,-0.2990826606474093,-0.1367599,0.1978612051020408,0.1985561690192743,-0.058123,-0.0097563333333333,3,4.714285714285714,0.1409093333333333,2,0.0,0.0,0.0,0.0,0.0,0.0
2024-06-15,0.2145185,0.277084741955417,bullish,0.0800711753099999,0.0408745,0.2206536001606647,50.0,0.0482895,0.2353925272396397,0.1149687,0.1943679908163265,0.1793795261621315,-0.0244524999999999,-0.2684729999999999,2,4.857142857142857,0.37326,2,0.0,0.0,0.0,0.0,0.0,0.0
2024-06-17,0.127587,0.1946612253857112,neutral,0.066206552931,-0.0869315,0.2344576965078231,50.0,0.040717875,-0.4052401074965562,-0.127806,0.1770569551020408,0.1718915261621315,-0.12117725,-0.104832,4,4.857142857142857,0.518913,4,0.0,0.0,0.0,0.0,0.0,0.0
2024-06-18,0.1781531428571428,0.2338674222690011,bullish,0.0624340870448979,0.0505661428571428,0.2348836051193298,50.0,-0.0067456888888889,0.3963267641463694,0.1374976428571428,0.1776472326530612,0.1703955006519274,0.0041319428571428,-0.0209443571428571,14,6.142857142857143,0.3504517857142857,9,0.0,0.0,0.0,0.0,0.0,0.0
2024-06-19,0.0542167499999999,0.2216214500680157,neutral,0.0144894806542499,-0.1239363928571428,0.234094645196933,50.0,0.0442365333333333,-0.6956733452438993,-0.1745025357142857,0.1687042989795918,0.1757706702947845,-0.0626005357142857,0.0752523749999999,4,5.714285714285714,0.267251,3,0.0,0.0,0.0,0.0,0.0,0.0
2024-06-20,0.1281241111111111,0.131199736892309,neutral,0.023366392751679,0.0739073611111111,0.2116869153140908,50.0,-0.1174826666666666,1.3631831696129169,0.1978437539682539,0.1605688148526077,0.1720849718820861,-0.0569483888888888,-0.0515997777777778,9,5.857142857142857,0.1823731111111111,7,0.0,0.0,0.0,0.0,0.0,0.0
2024-06-21,0.0235712499999999,0.134104538862722,neutral,0.0021036928128124,-0.1045528611111111,0.1830908746955518,50.0,-0.0313169999999999,-0.8160279919557165,-0.1784602222222222,0.1285449648526077,0.1673547278344671,-0.22416695,-0.0662234166666666,4,5.714285714285714,0.08924825,3,0.0,0.0,0.0,0.0,0.0,0.0
2024-06-22,-0.000826,0.0,neutral,-1.2181022e-05,-0.0243972499999999,0.180198287023012,50.0,-0.11901675,-1.0350426897173464,0.0801556111111111,0.103620679138322,0.1507409421201813,-0.17447,-0.232593,1,5.428571428571429,0.014747,1,0.0,0.0,0.0,0.0,0.0,0.0
2024-06-23,0.033426,0.0,neutral,0.000793633518,0.034252,0.1623085752743489,50.0,-0.1572448666666667,-41.46731234866828,0.0586492499999999,0.0777503219954648,0.1360591564058957,-0.1810925,-0.2055449999999999,1,5.285714285714286,0.023743,1,0.0,0.0,0.0,0.0,0.0,0.0
2024-06-24,0.3690051111111111,0.1952433266909809,bullish,0.1428635678115308,0.3355791111111111,0.153515867482004,50.0,-0.0514233857142857,10.039463624457342,0.3013271111111111,0.1122386235827664,0.1446477893424036,0.2414181111111111,0.1202408611111111,9,6.0,0.3871587777777778,3,0.0,0.0,0.0,0.0,0.0,0.0
2024-06-25,0.2074046666666666,0.0991415355640611,bullish,0.045397309564074,-0.1616004444444444,0.142829800372588,50.0,-0.0599869166666666,-0.4379355179061055,-0.4971795555555556,0.1164174126984127,0.1470323226757369,0.0292515238095238,0.0333834666666666,9,5.285714285714286,0.2188827777777778,5,0.0,0.0,0.0,0.0,0.0,0.0
2024-06-26,0.34361625,0.1822432514351158,bullish,0.1567502166445312,0.1362115833333333,0.1588760378967193,50.0,-0.0985386999999999,0.6567430980337956,0.2978120277777778,0.1577601984126984,0.1632322486961451,0.2893995,0.2267989642857142,8,5.857142857142857,0.456178125,4,0.0,0.0,0.0,0.0,0.0,0.0
2024-06-27,0.0718546666666666,0.276677792823108,neutral,0.0200876307344444,-0.2717615833333333,0.1883264766283165,50.0,0.0097563333333333,-0.79088687840966,-0.4079731666666667,0.1497217063492063,0.155145260600907,-0.0562694444444444,-0.1132178333333333,6,5.428571428571429,0.2795591666666666,5,0.0,0.0,0.0,0.0,0.0,0.0
2024-06-28,0.114319,0.1169326612007954,neutral,0.0145114709496,0.0424643333333333,0.1740477135428123,50.0,0.2684729999999999,0.5909753019984787,0.3142259166666666,0.1626856706349206,0.1456153177437641,0.09074775,-0.1334191999999999,5,5.571428571428571,0.1269384,5,0.0,0.0,0.0,0.0,0.0,0.0
2024-06-30,0.03351,0.0,neutral,0.0004623039599999,-0.080809,0.1687488102557701,50.0,0.104832,-0.7068728732756585,-0.1232733333333333,0.1675908134920634,0.1356057463151927,0.034336,-0.1401339999999999,1,5.571428571428571,0.013796,1,0.0,0.0,0.0,0.0,0.0,0.0
2024-07-01,0.207421,0.217840731179915,bullish,0.0484741494193333,0.1739109999999999,0.1984236091597336,50.0,0.0209443571428571,5.189823933154282,0.25472,0.1924472420634921,0.1350987820294784,0.173995,-0.0070975,3,5.857142857142857,0.2336993333333333,1,0.0,0.0,0.0,0.0,0.0,0.0
2024-07-02,0.1758975,0.394424873013438,bullish,0.06109702918875,-0.0315234999999999,0.2514690145543141,50.0,-0.075252375,-0.151978343562127,-0.2054344999999999,0.1648604404761904,0.1385495320294784,-0.193107611111111,0.0483105,4,5.142857142857143,0.3473445,3,0.0,0.0,0.0,0.0,0.0,0.0
2024-07-03,0.133801,0.1504936940047655,neutral,0.0254636237096666,-0.0420965,0.2199229898497285,50.0,0.0515997777777778,-0.2393240381472166,-0.010573,0.1543456309523809,0.1353815218253968,-0.0736036666666666,-0.0443521428571428,6,4.714285714285714,0.1903096666666666,5,0.0,0.0,0.0,0.0,0.0,0.0
2024-07-04,0.1079558,0.1752424836482295,neutral,0.01650376451616,-0.0258452,0.234500445461587,50.0,0.0662234166666666,-0.1931614860875479,0.0162513,0.1206798523809523,0.1392200253968254,-0.23566045,0.05373905,5,4.285714285714286,0.1528752,3,0.0,0.0,0.0,0.0,0.0,0.0
2024-07-06,0.7215,0.0,bullish,0.685133514,0.6135442,0.234500445461587,50.0,0.232593,5.683290754179025,0.6393894,0.2134863285714286,0.1816040174603174,0.6496453333333334,0.5933758888888889,1,3.5714285714285716,0.949596,1,0.0,0.0,0.0,0.0,0.0,0.0
2024-07-07,0.270634,0.0,bullish,0.117745816916,-0.450866,0.2400536835554777,50.0,0.2055449999999999,-0.624900900900901,-1.0644102,0.2358170428571428,0.1992513567460317,0.1563149999999999,0.24706275,1,3.0,0.435074,1,0.0,0.0,0.0,0.0,0.0,0.0
2024-07-08,0.1143277142857142,0.1196794905413542,neutral,0.0110119311122857,-0.1563062857142857,0.1484718893981164,50.0,-0.120240861111111,-0.5775559823018752,0.2945597142857143,0.2473624306122449,0.2074766220521542,0.0808177142857142,0.1151537142857142,7,3.857142857142857,0.096319,5,0.0,0.0,0.0,0.0,0.0,0.0
2024-07-09,0.1060198,0.0833700608504036,neutral,0.01029096031472,-0.0083079142857142,0.1260973450133291,50.0,-0.0333834666666666,-0.072667544677331,0.1479983714285714,0.2328765448979592,0.2126618934807256,-0.1014012,0.0725938,5,4.142857142857143,0.0970664,3,0.0,0.0,0.0,0.0,0.0,0.0
2024-07-10,0.2835047499999999,0.1493809825281365,bullish,0.1084655507310937,0.1774849499999999,0.1174768446399647,50.0,-0.2267989642857142,1.674073616437684,0.1857928642857142,0.2482490091836734,0.2065547248299319,0.1076072499999999,-0.0855003611111111,8,4.714285714285714,0.382588125,4,0.0,0.0,0.0,0.0,0.0,0.0
2024-07-11,0.2245876,0.2288985380388,bullish,0.14152279811952,-0.0589171499999999,0.1453322679896735,50.0,0.1132178333333333,-0.2078171529753909,-0.2364020999999999,0.2612185234693877,0.2077820772108843,0.0907866,0.0171829333333333,5,4.571428571428571,0.6301452000000001,3,0.0,0.0,0.0,0.0,0.0,0.0
2024-07-12,0.0824926,0.0551345899259258,neutral,0.0285383974626,-0.142095,0.127292732376924,50.0,0.1334191999999999,-0.632692989283469,-0.08317785,0.2575809234693877,0.18913038792517,-0.0254632,-0.26112365,5,4.571428571428571,0.345951,4,0.0,0.0,0.0,0.0,0.0,0.0
2024-07-14,-0.154175,0.0,bearish,-0.008779187025,-0.2366676,0.1291960428358164,50.0,0.1401339999999999,-2.868955518434381,-0.0945726,0.1324844948979592,0.1729854117346938,-0.875675,-0.2260296666666666,1,4.571428571428571,0.056943,1,0.0,0.0,0.0,0.0,0.0,0.0
2024-07-15,0.1883243333333333,0.1129795292850287,bullish,0.0463945783635555,0.3424993333333333,0.1365984099444727,50.0,0.0070975,-2.221497216366682,0.5791669333333334,0.1207259710884353,0.1782715069727891,-0.0823096666666666,0.0740053333333333,6,5.285714285714286,0.2463546666666666,4,0.0,0.0,0.0,0.0,0.0,0.0
2024-07-16,0.109795,0.2833566209625837,neutral,0.0583814051449999,-0.0785293333333333,0.1700923195530845,50.0,-0.0483105,-0.4169898384524569,-0.4210286666666666,0.1200784404761904,0.1837204355442177,-0.0045327142857142,0.076285,7,5.285714285714286,0.531731,3,0.0,0.0,0.0,0.0,0.0,0.0
2024-07-17,0.220715,0.1383458586763221,bullish,0.0544215430495,0.1109199999999999,0.147454149712465,50.0,0.0443521428571428,1.0102463682317042,0.1894493333333333,0.136463469047619,0.1846700069727891,0.1146952,0.013294,10,6.0,0.2465693,4,0.0,0.0,0.0,0.0,0.0,0.0
2024-07-18,0.3560623333333333,0.1930673045253045,bullish,0.2222639595245555,0.1353473333333333,0.1819373283623097,50.0,-0.05373905,0.6132221794319974,0.0244273333333333,0.146828838095238,0.1975389236394557,0.0725575833333333,0.1801648333333332,6,5.714285714285714,0.6242276666666666,3,0.0,0.0,0.0,0.0,0.0,0.0
2024-07-19,0.0550006,0.1229850804032749,neutral,0.0108351182,-0.3010617333333333,0.1701468787705027,50.0,-0.5933758888888889,-0.845530979126314,-0.4364090666666666,0.1226021238095238,0.1919103236394557,-0.169587,-0.0788004,5,5.714285714285714,0.197,2,0.0,0.0,0.0,0.0,0.0,0.0
2024-07-22,0.0312304999999999,0.1676462222217198,neutral,0.0095756730377954,-0.0237701,0.181080217357841,50.0,-0.24706275,-0.4321789216844907,0.2772916333333333,0.1152789666666666,0.1864299450680271,-0.0512621,-0.0767253,22,8.142857142857142,0.3066128636363636,5,0.0,0.0,0.0,0.0,0.0,0.0
2024-07-23,0.0117396666666666,0.2031977544045865,neutral,0.0037341394770555,-0.0194908333333333,0.1650484440462415,50.0,-0.1151537142857142,-0.6240961026347105,0.0042792666666666,0.1389810619047619,0.1357327784013605,0.1659146666666666,-0.7097603333333333,6,8.857142857142858,0.3180788333333333,3,0.0,0.0,0.0,0.0,0.0,0.0
2024-07-24,0.122127,0.1209726727550482,neutral,0.050173679664,0.1103873333333333,0.1615738068619868,50.0,-0.0725938,9.402935915273003,0.1298781666666666,0.1295243,0.1251251355442177,-0.0661973333333333,-0.1485069999999999,5,8.714285714285714,0.410832,2,0.0,0.0,0.0,0.0,0.0,0.0
2024-07-25,0.1582796666666666,0.3044466941129979,bullish,0.0537971483044444,0.0361526666666666,0.1838496847795255,50.0,0.0855003611111111,0.2960251759780119,-0.0742346666666666,0.1364506809523809,0.1282645607142856,0.0484846666666666,0.0439519523809524,3,8.142857142857142,0.3398866666666666,1,0.0,0.0,0.0,0.0,0.0,0.0
2024-07-26,0.1536404999999999,0.2439004468692093,bullish,0.0586180758637499,-0.0046391666666666,0.2080327580727123,50.0,-0.0171829333333333,-0.029309934525176,-0.0407918333333333,0.1268686095238095,0.1316660392857142,-0.0670745,0.0476206999999999,4,7.285714285714286,0.3815274999999999,3,0.0,0.0,0.0,0.0,0.0,0.0
2024-07-27,0.1127045,0.0537012244972123,neutral,0.07642869705075,-0.0409359999999999,0.1852437585278109,50.0,0.26112365,-0.2664401638890785,-0.0362968333333332,0.0921032047619047,0.1194660214285714,-0.2433578333333333,-0.1708002499999999,2,6.714285714285714,0.6781335,1,0.0,0.0,0.0,0.0,0.0,0.0
2024-07-28,0.200026,0.0,bullish,0.06297218532,0.0873215,0.180755259558617,50.0,0.2260296666666666,0.7747827282850284,0.1282574999999999,0.112821119047619,0.1177116214285714,0.1450254,-0.0245615999999999,1,6.142857142857143,0.31482,1,0.0,0.0,0.0,0.0,0.0,0.0
2024-07-29,0.2274222,0.2409704802983137,bullish,0.07465051843008,0.0273961999999999,0.2107547114444333,50.0,-0.0740053333333333,0.1369631947846779,-0.0599253,0.1408485047619047,0.1280637357142857,0.1961917,0.1449296,5,3.7142857142857144,0.3282464,4,0.0,0.0,0.0,0.0,0.0,0.0
2024-07-30,0.139678375,0.1405098141584398,neutral,0.0432168733405312,-0.087743825,0.1697704914557938,50.0,-0.076285,-0.3858190845045031,-0.1151400249999999,0.1591254630952381,0.1490532625,0.1279387083333333,0.2938533749999999,8,4.0,0.30940275,4,0.0,0.0,0.0,0.0,0.0,0.0
2024-07-31,0.1327529090909091,0.1105405263208517,neutral,0.0167272165303966,-0.0069254659090909,0.1364305113187044,50.0,-0.013294,-0.0495815183208632,0.080818359090909,0.1606434501082251,0.1450838750541125,0.010625909090909,-0.0555714242424242,11,4.857142857142857,0.1260026363636363,3,0.0,0.0,0.0,0.0,0.0,0.0
2024-08-01,0.0,0.0,neutral,0.0,-0.1327529090909091,0.1640069402592017,50.0,-0.1801648333333332,-1.0,-0.1258274431818181,0.1380320691558441,0.1372413750541125,-0.1582796666666666,-0.109795,1,4.571428571428571,0.031364,1,0.0,0.0,0.0,0.0,0.0,0.0
2024-08-02,0.0869926666666666,0.2894291448115295,neutral,0.02351150802,0.0869926666666666,0.1953624913972836,50.0,0.0788004,inf,0.2197455757575757,0.1285109501082251,0.1276897798160173,-0.0666478333333333,-0.1337223333333333,3,4.428571428571429,0.27027,2,0.0,0.0,0.0,0.0,0.0,0.0
2024-08-03,0.2894765,0.1692919700177772,bullish,0.1121000641015,0.2024838333333333,0.1774428638271495,50.0,0.0767253,2.327596579021987,0.1154911666666667,0.1537640929653679,0.1229336488636363,0.176772,-0.0665858333333332,2,4.428571428571429,0.3872509999999999,1,0.0,0.0,0.0,0.0,0.0,0.0
2024-08-04,0.270034,0.0728235131808401,bullish,0.071393344141,-0.0194425,0.1605212885827496,50.0,0.7097603333333333,-0.0671643466740824,-0.2219263333333334,0.1637652358225108,0.1382931774350649,0.0700079999999999,0.2150333999999999,2,4.571428571428571,0.2643865,1,0.0,0.0,0.0,0.0,0.0,0.0
2024-08-05,0.2244423333333333,0.2794973843109568,bullish,0.0867244427858889,-0.0455916666666666,0.2027605030802759,50.0,0.1485069999999999,-0.1688367637655505,-0.0261491666666666,0.1633395405844156,0.1520940226731602,-0.0029798666666666,0.1932118333333333,6,4.714285714285714,0.3863996666666667,4,0.0,0.0,0.0,0.0,0.0,0.0
2024-08-06,0.2206607777777777,0.2088500059269677,bullish,0.1381205543494074,-0.0037815555555555,0.2039784036496142,50.0,-0.0439519523809524,-0.0168486733291056,0.0418101111111111,0.1749084552669552,0.1670169591810966,0.0809824027777777,0.208921111111111,9,4.857142857142857,0.6259406666666667,4,0.0,0.0,0.0,0.0,0.0,0.0
2024-08-07,0.1375861666666666,0.1372196982789521,neutral,0.0457412549012222,-0.0830746111111111,0.1735365143430988,50.0,-0.0476206999999999,-0.376481094409871,-0.0792930555555555,0.1755989206349206,0.1681211853715729,0.0048332575757575,0.0154591666666666,6,4.142857142857143,0.3324553333333333,3,0.0,0.0,0.0,0.0,0.0,0.0
2024-08-08,0.164482,0.1880802360635329,bullish,0.0754278677165,0.0268958333333333,0.1772941675522499,50.0,0.1708002499999999,0.1954835575766462,0.1099704444444444,0.1990963492063492,0.1685642091810966,0.164482,0.0062023333333333,8,5.142857142857143,0.45857825,3,0.0,0.0,0.0,0.0,0.0,0.0
2024-08-09,0.135033,0.1117836826106565,neutral,0.0125407847759999,-0.029449,0.1850862014382132,50.0,0.0245615999999999,-0.1790408676937296,-0.0563448333333334,0.2059592539682539,0.1672351020382395,0.0480403333333333,-0.0186075,2,5.0,0.092872,2,0.0,0.0,0.0,0.0,0.0,0.0
2024-08-10,0.109319,0.1278038938452189,neutral,0.040727230726,-0.0257139999999999,0.1547475033450656,50.0,-0.1449296,-0.1904275251234882,0.003735,0.1802224682539683,0.1669932806096681,-0.1801575,-0.0033855,2,5.0,0.372554,1,0.0,0.0,0.0,0.0,0.0,0.0
2024-08-12,0.0896518571428571,0.1857012722191464,neutral,0.0183441787863265,-0.0196671428571428,0.1501177566035014,50.0,-0.2938533749999999,-0.1799059894176021,0.0060468571428571,0.1544535907029478,0.1591094132627293,-0.1803821428571428,-0.1103741428571428,7,5.714285714285714,0.2046157142857143,4,0.0,0.0,0.0,0.0,0.0,0.0
2024-08-13,0.3316143333333333,0.1780632063203026,bullish,0.1242091883480555,0.2419624761904762,0.1582864582117715,50.0,0.0555714242424242,2.6989120348607765,0.261629619047619,0.1697638764172335,0.1665517085008245,0.107172,0.1041921333333333,6,5.714285714285714,0.3745591666666666,3,0.0,0.0,0.0,0.0,0.0,0.0
2024-08-14,0.111156,0.081434744660986,neutral,0.01481737269,-0.2204583333333333,0.1369573599312621,50.0,0.109795,-0.6648033910878399,-0.4624208095238095,0.1541203367346938,0.1645143960008245,-0.1095047777777777,-0.0285223749999999,4,5.0,0.1333025,3,0.0,0.0,0.0,0.0,0.0,0.0
2024-08-15,0.1414483999999999,0.1394130011272263,neutral,0.0332099908836799,0.0302923999999999,0.1424832236345761,50.0,0.1337223333333333,0.272521501313469,0.2507507333333333,0.1546720843537415,0.165135502494331,0.0038622333333333,0.0086954909090908,5,4.857142857142857,0.2347852,2,0.0,0.0,0.0,0.0,0.0,0.0
2024-08-16,0.0603569999999999,0.0279052620127459,neutral,0.0051367126635,-0.0810913999999999,0.1225034972680814,50.0,0.0665858333333332,-0.5732931584945464,-0.1113837999999999,0.1397970843537414,0.1694467167800453,-0.104125,0.0603569999999999,2,4.0,0.0851055,2,0.0,0.0,0.0,0.0,0.0,0.0
2024-08-17,0.16139,0.0870349452691273,bullish,0.03791341602,0.101033,0.1027702318780776,50.0,-0.2150333999999999,1.6739234885763046,0.1821244,0.1435623700680272,0.1747608120181406,0.026357,0.0743973333333333,2,4.0,0.234918,1,0.0,0.0,0.0,0.0,0.0,0.0
2024-08-19,0.1451708,0.1284041325121586,neutral,0.05889805822448,-0.0162192,0.0928384171164488,50.0,-0.1932118333333333,-0.1004969328954706,-0.1172522,0.1486840557823129,0.1644532620181406,0.0358517999999999,-0.1443057,5,4.428571428571429,0.4057156,4,0.0,0.0,0.0,0.0,0.0,0.0
2024-08-20,0.096198,0.0285644609144533,neutral,0.0185026992705,-0.0489727999999999,0.0822643603671423,50.0,-0.208921111111111,-0.337346077861388,-0.0327535999999999,0.149619219047619,0.1520364048752834,0.0065461428571428,-0.173836,4,4.0,0.19233975,2,0.0,0.0,0.0,0.0,0.0,0.0
2024-08-21,0.0834611999999999,0.1183179783346554,neutral,0.0121720481769599,-0.0127368,0.0780453558086281,50.0,-0.0154591666666666,-0.1324019210378596,0.0362359999999999,0.1141687714285714,0.1419663239229024,-0.2481531333333333,-0.1409811333333333,5,3.857142857142857,0.1458408,3,0.0,0.0,0.0,0.0,0.0,0.0
2024-08-22,0.041207,0.0,neutral,0.001895769242,-0.0422541999999999,0.0905803792575987,50.0,-0.0062023333333333,-0.5062735738283177,-0.0295173999999999,0.1041760571428571,0.1291481969387755,-0.069949,-0.1794537777777777,1,3.4285714285714284,0.046006,1,0.0,0.0,0.0,0.0,0.0,0.0
2024-08-23,0.1502816666666666,0.088075988494784,bullish,0.0381120818872222,0.1090746666666666,0.0908406400640128,50.0,0.0186075,2.6469936337677256,0.1513288666666666,0.1054379523809524,0.1300550183673469,0.0088332666666667,0.0126955,3,3.142857142857143,0.2536043333333333,2,0.0,0.0,0.0,0.0,0.0,0.0
2024-08-24,0.293601,0.0,bullish,0.177509990196,0.1433193333333333,0.0783194759146309,50.0,0.0033855,0.9536714391864164,0.0342446666666666,0.1387585238095238,0.1392778040816326,0.233244,0.1291189999999999,1,3.0,0.604596,1,0.0,0.0,0.0,0.0,0.0,0.0
2024-08-25,0.2447905,0.2915464898442442,bullish,0.1003811179397499,-0.0488105,0.1659801522245612,50.0,0.1103741428571428,-0.1662477307638598,-0.1921298333333333,0.1506728809523809,0.147117625510204,0.0834004999999999,0.1097575,2,3.0,0.4100695,2,0.0,0.0,0.0,0.0,0.0,0.0
2024-08-27,0.29332,0.0,bullish,0.22911782508,0.0485295,0.1898112391695141,50.0,-0.1041921333333333,0.1982491150596124,0.09734,0.1718370523809523,0.1602605540816326,0.1481492,0.184001,1,2.4285714285714284,0.781119,1,0.0,0.0,0.0,0.0,0.0,0.0
2024-08-28,0.3046343999999999,0.2035875599698785,bullish,0.1590074283755999,0.0113143999999999,0.1944033461029689,50.0,0.0285223749999999,0.0385735715259782,-0.0372151,0.2016136809523809,0.1756164499999999,0.2084363999999999,0.2149825428571428,10,3.2857142857142856,0.5219615,4,0.0,0.0,0.0,0.0,0.0,0.0
2024-08-29,0.136923,0.1603464862321591,neutral,0.02001859901,-0.1677113999999999,0.2184935120154273,50.0,-0.0086954909090908,-0.5505333606447597,-0.1790257999999999,0.2092510809523809,0.1617099261904761,0.0534618,-0.1946913333333333,3,3.0,0.1462033333333333,2,0.0,0.0,0.0,0.0,0.0,0.0
2024-08-30,0.1149047142857142,0.1136598887730617,neutral,0.0545365843580204,-0.0220182857142857,0.1922851062048359,50.0,-0.0603569999999999,-0.1608077949963536,0.1456931142857142,0.2197793258503401,0.1619776914965986,0.0736977142857142,0.0037487142857142,7,3.857142857142857,0.4746244285714285,4,0.0,0.0,0.0,0.0,0.0,0.0
2024-08-31,0.137599,0.0545759155855401,neutral,0.0314268548055,0.0226942857142857,0.1330424626401598,50.0,-0.0743973333333333,0.1975052621240207,0.0447125714285714,0.2179675163265306,0.1617027343537414,-0.0126826666666666,-0.0038493999999999,2,3.7142857142857144,0.2283945,1,0.0,0.0,0.0,0.0,0.0,0.0
2024-09-01,0.407517,0.0,bullish,0.0585601929,0.269918,0.1330424626401598,50.0,0.1443057,1.9616276281077627,0.2472237142857142,0.2342412306122449,0.1864998772108843,0.113916,0.34716,1,3.7142857142857144,0.1437,1,0.0,0.0,0.0,0.0,0.0,0.0
2024-09-02,0.0943232857142857,0.1221670908069685,neutral,0.0128849920207346,-0.3131937142857143,0.1126873453494323,50.0,0.173836,-0.768541470136741,-0.5831117142857143,0.2127459142857142,0.1817093976190476,-0.1504672142857143,-0.0670667142857143,7,4.428571428571429,0.1366045714285714,4,0.0,0.0,0.0,0.0,0.0,0.0
2024-09-03,0.351083,0.0,bullish,0.1763163401809999,0.2567597142857142,0.0968009650551901,50.0,0.1409811333333333,2.7221243655937104,0.5699534285714285,0.2209977714285714,0.1964174119047619,0.0577629999999999,0.2059122,1,4.428571428571429,0.502207,1,0.0,0.0,0.0,0.0,0.0,0.0
2024-09-04,0.314323,0.131432389397553,bullish,0.1545154242116667,-0.0367599999999999,0.1027251319300205,50.0,0.1794537777777777,-0.10470458552536,-0.2935197142857142,0.2223818571428571,0.211997769047619,0.0096886,0.218125,9,4.285714285714286,0.4915816666666667,3,0.0,0.0,0.0,0.0,0.0,0.0
2024-09-05,0.2923604285714286,0.1119770544603627,bullish,0.1004903771032244,-0.0219625714285714,0.1218588448882947,50.0,-0.0126955,-0.0698726196573952,0.0147974285714285,0.2445872040816326,0.2269191425170068,0.1554374285714285,0.2088992285714286,7,4.857142857142857,0.3437208571428571,3,0.0,0.0,0.0,0.0,0.0,0.0
2024-09-06,0.2354833333333333,0.2129028989289092,bullish,0.0695782604999999,-0.0568770952380952,0.1446198583984483,50.0,-0.1291189999999999,-0.1945444378913242,-0.0349145238095237,0.2618127210884354,0.2407960234693877,0.120578619047619,0.1942763333333333,3,4.285714285714286,0.2954699999999999,3,0.0,0.0,0.0,0.0,0.0,0.0
2024-09-07,0.1049804999999999,0.1428631469641488,neutral,0.0424535368072499,-0.1305028333333333,0.1497938724377434,50.0,-0.1097575,-0.5541913794323732,-0.0736257380952381,0.2571529353741497,0.2375602258503401,-0.0326185,-0.0453011666666666,2,4.285714285714286,0.4043945,1,0.0,0.0,0.0,0.0,0.0,0.0
2024-09-08,0.125014,0.0,neutral,0.0076068518719999,0.0200334999999999,0.1497938724377434,50.0,-0.184001,0.1908306780783097,0.1505363333333333,0.2167953639455782,0.2255182972789115,-0.282503,-0.168587,1,4.285714285714286,0.060848,1,0.0,0.0,0.0,0.0,0.0,0.0
2024-09-09,0.256317,0.0159308985308425,bullish,0.06732108333675,0.131303,0.1209184997210658,50.0,-0.2149825428571428,1.0503063656870433,0.1112695,0.2399373231292517,0.2263416187074829,0.1619937142857143,0.0115265,4,3.857142857142857,0.26264775,1,0.0,0.0,0.0,0.0,0.0,0.0
2024-09-10,0.163823875,0.1812960559538202,bullish,0.0504656375239843,-0.092493125,0.1382482500944302,50.0,0.1946913333333333,-0.3608544302562843,-0.223796125,0.2131860195578231,0.2170918954931973,-0.1872591249999999,-0.129496125,8,4.857142857142857,0.308048125,4,0.0,0.0,0.0,0.0,0.0,0.0
2024-09-11,0.1133498571428571,0.0661652999676531,neutral,0.0293920389708979,-0.0504740178571428,0.1015638503541161,50.0,-0.0037487142857142,-0.3080992795289629,0.0420191071428571,0.1844755705782313,0.2034287138605442,-0.2009731428571428,-0.1912845428571428,7,4.571428571428571,0.2593037142857143,3,0.0,0.0,0.0,0.0,0.0,0.0
2024-09-12,0.1736359166666666,0.1786431019885272,bullish,0.0746987211970694,0.0602860595238095,0.1105088391102107,50.0,0.0038493999999999,0.531858275285074,0.1107600773809524,0.1675149260204081,0.2060510650510204,-0.1187245119047619,0.0367129166666666,12,5.285714285714286,0.4302031666666666,5,0.0,0.0,0.0,0.0,0.0,0.0
2024-09-13,0.2591546875,0.1811964632755355,bullish,0.0745343620672851,0.0855187708333333,0.1246463639432757,50.0,-0.34716,0.4925177490640136,0.0252327113095237,0.1708965480442177,0.2163546345663265,0.0236713541666666,0.1442499732142857,16,7.142857142857143,0.2876056875,5,0.0,0.0,0.0,0.0,0.0,0.0
2024-09-14,-0.073417,0.5604938469617664,neutral,-0.0437869633465,-0.3325716875,0.2335589536294605,50.0,0.0670667142857142,-1.2832941233216166,-0.4180904583333333,0.1454111909013605,0.2012820631377551,-0.1783975,-0.211016,2,7.142857142857143,0.5964145000000001,1,0.0,0.0,0.0,0.0,0.0,0.0
2024-09-15,0.327056,0.0,bullish,0.053974378736,0.400473,0.2466246780483705,50.0,-0.2059122,-5.454772055518476,0.7330446875000001,0.1742743337585034,0.1955348488520408,0.202042,-0.080461,1,7.142857142857143,0.165031,1,0.0,0.0,0.0,0.0,0.0,0.0
2024-09-16,0.1217611428571428,0.1141019292627262,neutral,0.0388873258444081,-0.2052948571428571,0.2586088353721388,50.0,-0.218125,-0.6277055218153991,-0.6057678571428572,0.1550520684523809,0.1974946957908163,-0.1345558571428571,0.0274378571428571,7,7.571428571428571,0.3193738571428571,4,0.0,0.0,0.0,0.0,0.0,0.0
2024-09-17,0.347736,0.3128963526419997,bullish,0.128962850838,0.2259748571428571,0.2921721480355069,50.0,-0.2088992285714286,1.8558864662430423,0.4312697142857143,0.1813252291666666,0.1972556243622449,0.1839121249999999,-0.0033469999999999,4,7.0,0.37086425,3,0.0,0.0,0.0,0.0,0.0,0.0
2024-09-18,0.2083593333333333,0.1282898344915397,bullish,0.0410657840925555,-0.1393766666666666,0.2789454908395081,50.0,-0.1942763333333333,-0.4008117269039347,-0.3653515238095238,0.1948980114795918,0.1896867910289115,0.0950094761904762,-0.1059636666666666,6,6.857142857142857,0.1970911666666666,3,0.0,0.0,0.0,0.0,0.0,0.0
2024-09-19,0.184651,0.3278487039474154,bullish,0.042287664114,-0.0237083333333333,0.2207842050859203,50.0,0.0453011666666666,-0.1137857995322183,0.1156683333333333,0.1964715948129251,0.1819932604166666,0.0110150833333333,-0.1077094285714285,4,5.714285714285714,0.229014,4,0.0,0.0,0.0,0.0,0.0,0.0
2024-09-20,0.135198,0.1376471499547545,neutral,0.025289191494,-0.049453,0.2041567940596871,50.0,0.168587,-0.2678187499661523,-0.0257446666666666,0.1787634965986394,0.1748300223214285,-0.1239566874999999,-0.1002853333333333,4,4.0,0.187053,2,0.0,0.0,0.0,0.0,0.0,0.0
2024-09-21,0.229499,0.0,bullish,0.07015554931,0.094301,0.2266705102589274,50.0,-0.0115265,0.6975029216408526,0.143754,0.2220372108843537,0.1837242008928571,0.302916,0.1245185,1,3.857142857142857,0.30569,1,0.0,0.0,0.0,0.0,0.0,0.0
2024-09-22,0.254785,0.0,bullish,0.1006431324199999,0.0252859999999999,0.1979285627979032,50.0,0.129496125,0.1101791293208247,-0.069015,0.2117127823129252,0.1929935580357143,-0.072271,0.129771,1,3.857142857142857,0.395012,1,0.0,0.0,0.0,0.0,0.0,0.0
2024-09-23,0.0819345,0.0549653979669634,neutral,0.02108604841125,-0.1728504999999999,0.1734870839563778,50.0,0.1912845428571428,-0.6784170967678631,-0.1981364999999999,0.2060232619047619,0.1805376651785714,-0.0398266428571428,-0.1743825,4,3.4285714285714284,0.2573525,3,0.0,0.0,0.0,0.0,0.0,0.0
2024-09-24,0.2330064166666666,0.1822642001303992,bullish,0.0963387942005972,0.1510719166666666,0.1249589160173724,50.0,-0.0367129166666666,1.843813249201089,0.3239224166666666,0.1896333214285714,0.185479275297619,-0.1147295833333333,0.0691825416666666,12,4.571428571428571,0.4134598333333333,4,0.0,0.0,0.0,0.0,0.0,0.0
2024-09-25,0.1419084444444444,0.2909682883937316,neutral,0.0480829013015308,-0.0910979722222222,0.1760659621636981,50.0,-0.1442499732142857,-0.3909676545626844,-0.2421698888888888,0.1801403373015873,0.1875191743905895,-0.0664508888888889,0.0285585873015872,9,5.0,0.3388304444444444,4,0.0,0.0,0.0,0.0,0.0,0.0
2024-09-26,0.2600323,0.1103887361061907,bullish,0.08839119354197,0.1181238555555555,0.1596466556493213,50.0,0.211016,0.8323948304697242,0.2092218277777778,0.1909090944444444,0.1936903446286848,0.0753812999999999,0.0863963833333333,10,5.857142857142857,0.3399239,4,0.0,0.0,0.0,0.0,0.0,0.0
2024-09-27,0.2098415,0.2333841286645259,bullish,0.03943289007625,-0.0501907999999999,0.1743941502523622,50.0,0.080461,-0.1930175597416166,-0.1683146555555555,0.2015724515873016,0.1901679740929705,0.0746435,-0.0493131874999999,2,5.571428571428571,0.1879175,2,0.0,0.0,0.0,0.0,0.0,0.0
2024-09-28,0.1138486666666666,0.1027551925322187,neutral,0.0219843293315555,-0.0959928333333333,0.1839521091654132,50.0,-0.0274378571428571,-0.4574539990103642,-0.0458020333333333,0.1850509753968253,0.2035440931405895,-0.1156503333333333,0.1872656666666666,3,5.857142857142857,0.1931013333333333,1,0.0,0.0,0.0,0.0,0.0,0.0
2024-09-29,0.199829,0.0,bullish,0.004005572305,0.0859803333333333,0.1843740864241667,50.0,0.0033469999999999,0.7552159884759302,0.1819731666666666,0.1772001182539682,0.1944564502834467,-0.0549559999999999,-0.127227,1,5.857142857142857,0.020045,1,0.0,0.0,0.0,0.0,0.0,0.0
2024-09-30,0.2731065,0.1771027372704894,bullish,0.09462716909925,0.0732774999999999,0.1559076986433562,50.0,0.1059636666666666,0.3667010293801198,-0.0127028333333333,0.2045104039682539,0.2052668329365079,0.1911719999999999,0.1513453571428571,6,6.142857142857143,0.3464845,3,0.0,0.0,0.0,0.0,0.0,0.0
2024-10-01,0.1878917692307692,0.1607188005016597,bullish,0.0478166197111775,-0.0852147307692307,0.1684902147422234,50.0,0.1077094285714285,-0.3120201488036014,-0.1584922307692307,0.1980654543345543,0.1938493878815628,-0.0451146474358974,-0.1598442307692307,13,6.285714285714286,0.2544902307692308,4,0.0,0.0,0.0,0.0,0.0,0.0
2024-10-02,0.2095138,0.1780540088911227,bullish,0.0461459172831199,0.0216220307692307,0.1546576847988726,50.0,0.1002853333333333,0.1150770513139112,0.1068367615384615,0.2077233622710622,0.1939318497863247,0.0676053555555555,0.0011544666666666,5,5.714285714285714,0.2202524,3,0.0,0.0,0.0,0.0,0.0,0.0
2024-10-03,0.0895433333333333,0.1523912192767899,neutral,0.0180201481166666,-0.1199704666666666,0.1670666914850155,50.0,-0.1245185,-0.5726136734986749,-0.1415924974358974,0.1833677956043956,0.18713844502442,-0.1704889666666666,-0.0951076666666666,6,5.142857142857143,0.2012449999999999,2,0.0,0.0,0.0,0.0,0.0,0.0
2024-10-04,0.2669915,0.1186825230532521,bullish,0.0922706938249375,0.1774481666666666,0.1573898577986628,50.0,-0.129771,1.9817015969921457,0.2974186333333333,0.1915320813186813,0.1965522664529914,0.0571499999999999,0.1317934999999999,8,6.0,0.345594125,4,0.0,0.0,0.0,0.0,0.0,0.0
2024-10-05,0.045901,0.0,neutral,0.00224088682,-0.2210905,0.1524616379307061,50.0,0.1743825,-0.8280806692347884,-0.3985386666666667,0.1818252717948718,0.1834381235958486,-0.0679476666666666,-0.183598,1,5.714285714285714,0.04882,1,0.0,0.0,0.0,0.0,0.0,0.0
2024-10-06,0.045268,0.0,neutral,0.004493799628,-0.0006329999999999,0.1497092504070549,50.0,-0.0691825416666666,-0.0137905492255069,0.2204575,0.1597451289377289,0.1684726235958486,-0.154561,-0.2095169999999999,1,5.714285714285714,0.099271,1,0.0,0.0,0.0,0.0,0.0,0.0
2024-10-07,0.0812195555555555,0.2709073735098913,neutral,0.0193845630317037,0.0359515555555555,0.1806603719466445,50.0,-0.0285585873015872,0.7941935927267729,0.0365845555555555,0.1323327083028083,0.1684215561355311,-0.1918869444444444,-0.0007149444444444,9,6.142857142857143,0.2386686666666666,4,0.0,0.0,0.0,0.0,0.0,0.0
2024-10-08,0.240163,0.1084941065887912,bullish,0.1469774984678,0.1589434444444444,0.1660280010506449,50.0,-0.0863963833333333,1.9569602832377533,0.1229918888888888,0.139800026984127,0.1689327406593406,0.0522712307692307,0.0071565833333333,5,5.0,0.6119906,3,0.0,0.0,0.0,0.0,0.0,0.0
2024-10-09,0.2440794999999999,0.3578844196280413,bullish,0.0572896080014999,0.0039164999999999,0.2457619665755746,50.0,0.0493131874999999,0.0163076743711563,-0.1550269444444444,0.1447379841269841,0.1762306731990232,0.0345656999999999,0.1021710555555555,2,4.571428571428571,0.234717,2,0.0,0.0,0.0,0.0,0.0,0.0
2024-10-10,0.19453025,0.0835862879957991,bullish,0.042314317245125,-0.0495492499999999,0.2052180469306307,50.0,-0.1872656666666666,-0.2030045538441367,-0.0534657499999999,0.159736115079365,0.1715519553418803,0.1049869166666667,-0.0655020499999999,4,4.285714285714286,0.2175205,3,0.0,0.0,0.0,0.0,0.0,0.0
2024-10-11,0.1378664,0.1905783025748209,neutral,0.02235456801424,-0.05666385,0.2022900980594688,50.0,0.127227,-0.2912855455642503,-0.0071146,0.1412896722222222,0.1664108767704517,-0.1291251,-0.0719751,5,3.857142857142857,0.1621466,2,0.0,0.0,0.0,0.0,0.0,0.0
2024-10-12,0.157666,0.0,bullish,0.051889772592,0.0197996,0.1851357791968631,50.0,-0.1513453571428571,0.1436143977067654,0.07646345,0.1572561007936508,0.1695406862942612,0.111765,0.0438173333333333,1,3.857142857142857,0.329112,1,0.0,0.0,0.0,0.0,0.0,0.0
2024-10-13,0.570814,0.0,bullish,0.268046833818,0.413148,0.2106830033995538,50.0,0.1598442307692307,2.620400086258293,0.3933484,0.2323341007936508,0.1960396148656898,0.5255460000000001,0.370985,1,3.857142857142857,0.469587,1,0.0,0.0,0.0,0.0,0.0,0.0
2024-10-14,0.1005705,0.0785376430796086,neutral,0.0150896481052499,-0.4702435,0.1175674112167429,50.0,-0.0011544666666666,-0.82381213495114,-0.8833915000000001,0.2350985214285714,0.1837156148656898,0.0193509444444444,-0.1725359999999999,2,2.857142857142857,0.1500405,2,0.0,0.0,0.0,0.0,0.0,0.0
2024-10-15,0.1538900909090909,0.1193913678374232,bullish,0.0403097745526115,0.0533195909090909,0.1295024378306176,50.0,0.0951076666666666,0.5301712819275126,0.5235630909090909,0.2227738201298701,0.1812869235569985,-0.0862729090909091,-0.0340016783216783,11,3.7142857142857144,0.2619387272727272,4,0.0,0.0,0.0,0.0,0.0,0.0
2024-10-16,0.025312,0.0014764389591175,neutral,0.003305721888,-0.1285780909090909,0.0664684832920498,50.0,-0.1317934999999999,-0.8355189742856619,-0.1818976818181817,0.1915213201298701,0.1681296521284271,-0.2187674999999999,-0.1842018,2,3.7142857142857144,0.130599,2,0.0,0.0,0.0,0.0,0.0,0.0
2024-10-17,0.2972728333333334,0.30034452685036,bullish,0.1632811168915833,0.2719608333333334,0.1249374941816273,50.0,0.1835979999999999,10.744343921196798,0.4005389242424242,0.206198832034632,0.1829674735569985,0.1027425833333333,0.2077295,6,4.0,0.5492635,4,0.0,0.0,0.0,0.0,0.0,0.0
2024-10-18,0.1593995555555555,0.137864363962475,bullish,0.0354397459632098,-0.1378732777777778,0.1275228681377969,50.0,0.2095169999999999,-0.4637937353097445,-0.4098341111111112,0.2092749971139971,0.1752823346681096,0.0215331555555555,-0.1075919444444444,9,4.571428571428571,0.2223327777777778,3,0.0,0.0,0.0,0.0,0.0,0.0
2024-10-19,0.1529963333333333,0.1015224604180441,bullish,0.0213199370524444,-0.0064032222222222,0.132119831605484,50.0,0.0007149444444444,-0.0401708913171373,0.1314700555555556,0.2086079018759019,0.1829320013347763,-0.0046696666666666,0.1070953333333333,3,4.857142857142857,0.1393493333333333,1,0.0,0.0,0.0,0.0,0.0,0.0
2024-10-20,0.1473065,0.1901021225880973,neutral,0.040520188181,-0.0056898333333333,0.1462619825556188,50.0,-0.0071565833333333,-0.0371893444069464,0.0007133888888889,0.1481068304473304,0.1902204656204906,-0.4235075,0.1020385,2,5.0,0.275074,2,0.0,0.0,0.0,0.0,0.0,0.0
2024-10-21,0.1991904,0.1444230748131644,bullish,0.06779606608224,0.0518839,0.1748513097264282,50.0,-0.1021710555555555,0.3522173155970713,0.0575737333333333,0.1621953875901876,0.1986469545093795,0.0986199,0.1179708444444444,10,6.142857142857143,0.3403581,2,0.0,0.0,0.0,0.0,0.0,0.0
2024-10-22,0.0768757058823529,0.1526936976137868,neutral,0.024484410370391,-0.122314694117647,0.1453211438791136,50.0,0.0655020499999999,-0.6140591821576094,-0.1741985941176471,0.1511933325863678,0.186983576358119,-0.0770143850267379,-0.163287294117647,17,7.0,0.3184934705882353,6,0.0,0.0,0.0,0.0,0.0,0.0
2024-10-23,0.162374,0.1684093342405145,bullish,0.0773868800909999,0.085498294117647,0.1514301379347214,50.0,0.0719751,1.1121627195006147,0.2078129882352941,0.1707736183006536,0.1811474692152618,0.137062,-0.0817054999999999,10,8.142857142857142,0.4765965,4,0.0,0.0,0.0,0.0,0.0,0.0
2024-10-24,0.1319000833333333,0.1617134857385731,neutral,0.0467188776165833,-0.0304739166666666,0.1634683429988273,50.0,-0.0438173333333333,-0.1876773169760347,-0.1159722107843137,0.147148939729225,0.1766738858819285,-0.16537275,-0.0626301666666666,12,9.0,0.354199,3,0.0,0.0,0.0,0.0,0.0,0.0
2024-10-25,0.117034,0.1203113903917663,neutral,0.037810701033,-0.0148660833333333,0.149510196559561,50.0,-0.370985,-0.1127071564902979,0.0156078333333333,0.1410967175070027,0.1751858573104999,-0.0423655555555555,-0.0208324,2,8.0,0.3230745,1,0.0,0.0,0.0,0.0,0.0,0.0
2024-10-26,0.1197065,0.1165816460869091,neutral,0.034186261096,0.0026725,0.14394191081431,50.0,0.172536,0.0228352444588753,0.0175385833333333,0.1363410270308123,0.1724744644533571,-0.0332898333333333,-0.0379594999999999,4,8.142857142857142,0.285584,2,0.0,0.0,0.0,0.0,0.0,0.0
2024-10-27,0.188306,0.0494112076557535,bullish,0.06064300577,0.0685995,0.1232854128227033,50.0,0.0340016783216783,0.5730641193251829,0.0659269999999999,0.1421980984593837,0.1451524644533571,0.0409994999999999,-0.382508,2,8.142857142857142,0.322045,1,0.0,0.0,0.0,0.0,0.0,0.0
2024-10-28,0.1725166666666666,0.1112898579491111,bullish,0.0186199538555555,-0.0157893333333333,0.1118615175644226,50.0,0.1842018,-0.0838493374259627,-0.0843888333333333,0.1383875651260504,0.150291476358119,-0.0266737333333333,0.0719461666666666,3,7.142857142857143,0.1079313333333333,2,0.0,0.0,0.0,0.0,0.0,0.0
2024-10-29,0.110208375,0.0893102758588402,neutral,0.0183371169067031,-0.0623082916666666,0.097380875588476,50.0,-0.2077295,-0.3611725920200946,-0.0465189583333333,0.143149375,0.1471713537931839,0.033332669117647,-0.0436817159090908,8,5.857142857142857,0.166385875,3,0.0,0.0,0.0,0.0,0.0,0.0
2024-10-30,0.11401775,0.0925828734859567,neutral,0.0216504029809375,0.003809375,0.0918351722073141,50.0,0.1075919444444444,0.0345652043231741,0.0661176666666666,0.1362413392857142,0.1535074787931839,-0.0483562499999999,0.08870575,4,5.0,0.18988625,2,0.0,0.0,0.0,0.0,0.0,0.0
2024-10-31,0.2388604,0.2488659481704959,bullish,0.0691136357029599,0.12484265,0.1182920326240315,50.0,-0.1070953333333333,1.0949404807584782,0.121033275,0.1515213845238095,0.1493351621265172,0.1069603166666666,-0.0584124333333333,5,4.0,0.2893474,4,0.0,0.0,0.0,0.0,0.0,0.0
2024-11-01,0.1208156666666666,0.069169171386777,neutral,0.0281278202506666,-0.1180447333333333,0.1222436253702362,50.0,-0.1020385,-0.4941996803711848,-0.2428873833333333,0.1520616226190476,0.1465791700630252,0.0037816666666666,-0.0385838888888888,3,4.142857142857143,0.232816,2,0.0,0.0,0.0,0.0,0.0,0.0
2024-11-03,0.296927,0.2969848480983499,bullish,0.0765232841225,0.1761113333333333,0.159382623400084,50.0,-0.1179708444444444,1.457686227227705,0.2941560666666666,0.1773788369047619,0.1568599319677871,0.1772205,0.1439306666666666,2,3.857142857142857,0.2577175,1,0.0,0.0,0.0,0.0,0.0,0.0
2024-11-04,0.1103525,0.0036691770875769,neutral,0.00904564960125,-0.1865744999999999,0.1422544036458313,50.0,0.163287294117647,-0.6283514129735591,-0.3626858333333333,0.1662426226190476,0.1542203605392156,-0.0779535,-0.036954,2,3.857142857142857,0.0819705,2,0.0,0.0,0.0,0.0,0.0,0.0
2024-11-05,0.398398,0.1404572076434669,bullish,0.13033789769,0.2880455,0.1518292704773334,50.0,0.0817054999999999,2.610230851136132,0.47462,0.1985113845238095,0.1684494748249299,0.2258813333333333,0.1992076,3,3.857142857142857,0.327155,2,0.0,0.0,0.0,0.0,0.0,0.0
2024-11-06,0.288936,0.1135355469709817,bullish,0.050619564648,-0.109462,0.1247631902374305,50.0,0.0626301666666666,-0.2747553953584104,-0.3975075,0.2240439023809524,0.1835966386904761,0.178727625,0.2120602941176471,4,3.2857142857142856,0.175193,4,0.0,0.0,0.0,0.0,0.0,0.0
2024-11-07,0.235955,0.1699271405773662,bullish,0.0800854472241666,-0.052981,0.1449147840755484,50.0,0.0208324,-0.1833658664894648,0.0564809999999999,0.2414635095238095,0.1888524244047618,0.12193725,0.073581,6,3.5714285714285716,0.3394098333333333,4,0.0,0.0,0.0,0.0,0.0,0.0
2024-11-08,0.0625506,0.0854162286968934,neutral,0.02182450482576,-0.1734044,0.102601060195257,50.0,0.0379594999999999,-0.7349045368820326,-0.1204233999999999,0.2162763952380952,0.1838988898809524,-0.1763098,-0.0693494833333333,5,3.5714285714285716,0.3489096,3,0.0,0.0,0.0,0.0,0.0,0.0
2024-11-09,-0.051906,0.0,neutral,-0.005017804926,-0.1144565999999999,0.1273340309721771,50.0,0.382508,-1.8298241743484476,0.0589478,0.1916018714285714,0.1718317470238095,-0.1727216666666666,-0.16894,1,3.2857142857142856,0.096671,1,0.0,0.0,0.0,0.0,0.0,0.0
2024-11-10,0.2233906666666666,0.0395818561127864,bullish,0.0612997392773333,0.2752966666666666,0.1021151930895069,50.0,-0.0719461666666666,-5.303754222376346,0.3897532666666666,0.181096680952381,0.1792377589285714,-0.0735363333333333,0.1036841666666666,3,3.4285714285714284,0.274406,1,0.0,0.0,0.0,0.0,0.0,0.0
2024-11-11,0.316726,0.1849908515665932,bullish,0.1552176732755,0.0933353333333333,0.1199790192384098,50.0,0.0436817159090908,0.4178121437481723,-0.1819613333333332,0.2105786095238095,0.1884106160714285,0.2063735,0.12842,4,3.7142857142857144,0.49006925,3,0.0,0.0,0.0,0.0,0.0,0.0
2024-11-12,0.1330533333333333,0.1041222828070552,neutral,0.0281702202675555,-0.1836726666666666,0.1035278047958321,50.0,-0.08870575,-0.5799102904929392,-0.277008,0.1726722285714285,0.185591806547619,-0.2653446666666667,-0.0394633333333333,15,5.428571428571429,0.2117212666666666,5,0.0,0.0,0.0,0.0,0.0,0.0
2024-11-13,0.178088,0.0733860188114875,bullish,0.056768933672,0.0450346666666666,0.1005202523244806,50.0,0.0584124333333333,0.3384707886561779,0.2287073333333333,0.1568368,0.1904403511904762,-0.110848,0.067879625,3,5.285714285714286,0.318769,2,0.0,0.0,0.0,0.0,0.0,0.0
2024-11-14,0.1263623,0.1977790112800142,neutral,0.01713910001558,-0.0517256999999999,0.1199720041155873,50.0,0.0385838888888888,-0.2904502268541394,-0.0967603666666666,0.1411807,0.1913221047619047,-0.1095926999999999,0.01234455,10,5.857142857142857,0.1356346,4,0.0,0.0,0.0,0.0,0.0,0.0
2024-11-15,0.1428707142857142,0.1873776429484178,neutral,0.031072972060102,0.0165084142857142,0.1495311614827136,50.0,-0.1439306666666666,0.1306435090665036,0.0682341142857142,0.1526550020408163,0.1844656986394557,0.0803201142857142,-0.0959896857142857,7,6.142857142857143,0.2174901428571428,3,0.0,0.0,0.0,0.0,0.0,0.0
2024-11-16,0.0239024999999999,0.2479213214301397,neutral,0.0043340789831249,-0.1189682142857142,0.1621172554554229,50.0,0.036954,-0.832698393652603,-0.1354766285714285,0.163484787755102,0.1775433295918367,0.0758085,-0.0969131666666666,4,6.571428571428571,0.18132325,2,0.0,0.0,0.0,0.0,0.0,0.0
2024-11-18,0.236129625,0.0702065799194216,bullish,0.0822892557592968,0.212227125,0.1553341148778962,50.0,-0.1992076,8.878867273297775,0.3311953392857143,0.1653046389455782,0.1732006599489795,0.0127389583333333,-0.0607973749999999,8,7.285714285714286,0.348491875,3,0.0,0.0,0.0,0.0,0.0,0.0
2024-11-19,0.148734,0.0485937188190682,neutral,0.0305267982795,-0.087395625,0.1503756548794123,50.0,-0.2120602941176471,-0.3701171549313221,-0.29962275,0.141305781802721,0.1759421956632653,-0.167992,0.0383815,4,7.285714285714286,0.20524425,3,0.0,0.0,0.0,0.0,0.0,0.0
2024-11-20,0.1196223333333333,0.1495729711623505,neutral,0.0150635220732222,-0.0291116666666666,0.1407344468558796,50.0,-0.073581,-0.1957297367559984,0.0582839583333333,0.1393870675170068,0.1560296480442176,-0.0134309999999999,-0.2787756666666667,3,5.571428571428571,0.1259256666666666,2,0.0,0.0,0.0,0.0,0.0,0.0
2024-11-21,0.3089861111111111,0.291024748472722,bullish,0.1437353951111111,0.1893637777777778,0.1614638679607404,50.0,0.0693494833333333,1.5830135769890612,0.2184754444444444,0.1580867976757369,0.1574617988378684,0.1308981111111111,0.0200501111111111,9,6.428571428571429,0.465184,4,0.0,0.0,0.0,0.0,0.0,0.0
2024-11-22,0.2452983999999999,0.098575287367575,bullish,0.0942687147764799,-0.0636877111111111,0.1315946611482275,50.0,0.16894,-0.2061183620263408,-0.2530514888888889,0.1750776691043084,0.1581291845521542,0.1189360999999999,0.0093433999999999,10,6.428571428571429,0.3843022,3,0.0,0.0,0.0,0.0,0.0,0.0
2024-11-24,0.0866255,0.1011523321555168,neutral,0.010735324964,-0.1586728999999999,0.1377838115954465,50.0,-0.1036841666666666,-0.646856644804858,-0.0949851888888888,0.1670426384920635,0.1598488202664399,-0.0562452142857142,0.0240749,2,5.714285714285714,0.123928,2,0.0,0.0,0.0,0.0,0.0,0.0
2024-11-25,0.10204125,0.1078737870426206,neutral,0.0215533313971875,0.0154157499999999,0.149639825240157,50.0,-0.12842,0.1779585687817095,0.1740886499999999,0.178205317063492,0.170845052409297,0.07813875,0.15394725,4,5.714285714285714,0.2112217499999999,3,0.0,0.0,0.0,0.0,0.0,0.0
2024-11-26,0.3384291666666666,0.1444056612954169,bullish,0.1013264257631944,0.2363879166666666,0.1486063632667703,50.0,0.0394633333333333,2.316591737818447,0.2209721666666666,0.1928195373015873,0.1790620881235827,0.1022995416666666,0.1150384999999999,6,5.428571428571429,0.2994021666666667,4,0.0,0.0,0.0,0.0,0.0,0.0
2024-11-27,0.2503066666666667,0.1589584237350551,bullish,0.1244401262044444,-0.0881224999999999,0.1221930983192369,50.0,-0.067879625,-0.260386836240966,-0.3245104166666666,0.2073299182539682,0.1743178500283446,0.1015726666666666,-0.0664193333333333,3,5.285714285714286,0.4971506666666667,3,0.0,0.0,0.0,0.0,0.0,0.0
2024-11-28,0.057625,0.0,neutral,0.005878499125,-0.1926816666666666,0.1280975510571524,50.0,-0.01234455,-0.7697824002556863,-0.1045591666666667,0.1984731563492063,0.1689301119331065,-0.0619973333333333,-0.0754283333333333,1,5.0,0.102013,1,0.0,0.0,0.0,0.0,0.0,0.0
2024-11-29,0.0200074999999999,0.0354225142035401,neutral,0.0022892081312499,-0.0376175,0.1116650965691582,50.0,0.0959896857142857,-0.6527982646420825,0.1550641666666666,0.1571904976190476,0.1576386476473923,-0.2889786111111111,-0.1580805,2,4.0,0.1144175,2,0.0,0.0,0.0,0.0,0.0,0.0
2024-11-30,0.358505,0.0,bullish,0.065264759735,0.3384975,0.1129288664113374,50.0,0.0969131666666666,16.91853055104336,0.376115,0.173362869047619,0.1742202690759637,0.1132066,0.2321427,1,2.7142857142857144,0.182047,1,0.0,0.0,0.0,0.0,0.0,0.0
2024-12-01,0.019316,0.0273169491707987,neutral,0.000988728092,-0.339189,0.0738992957031313,50.0,0.0607973749999999,-0.9461206956667272,-0.6776865000000001,0.1637472261904761,0.1653949323412698,-0.0673095,-0.1235547142857142,2,2.7142857142857144,0.0511869999999999,1,0.0,0.0,0.0,0.0,0.0,0.0
2024-12-03,0.202086125,0.2168623423704786,bullish,0.0448843640538906,0.182770125,0.0932006019149391,50.0,-0.0383815,9.462110426589357,0.521959125,0.1780393511904761,0.1781223341269841,0.100044875,0.178183625,8,3.2857142857142856,0.222105125,5,0.0,0.0,0.0,0.0,0.0,0.0
2024-12-04,0.2189843333333333,0.112463876161785,bullish,0.0746224883274444,0.0168982083333333,0.0980164204766506,50.0,0.2787756666666667,0.083618844853071,-0.1658719166666667,0.1609758035714285,0.1768976704365079,-0.1194448333333333,-0.0171452916666667,3,2.857142857142857,0.3407663333333333,3,0.0,0.0,0.0,0.0,0.0,0.0
2024-12-05,0.2463942727272727,0.1318996686493873,bullish,0.1097155393344876,0.0274099393939394,0.1221357090881124,50.0,-0.0200501111111111,0.1251684948265983,0.0105117310606061,0.1604168901515151,0.1838734042027416,-0.0039123939393939,0.0976602727272727,11,4.0,0.4452844545454545,4,0.0,0.0,0.0,0.0,0.0,0.0
2024-12-07,0.1560728333333333,0.1540062575513302,bullish,0.0332794882880833,-0.0903214393939394,0.128509818780756,50.0,-0.0093433999999999,-0.3665728038001671,-0.1177313787878788,0.1744808663419913,0.1864770113455988,0.0984478333333333,0.0364505,6,4.714285714285714,0.2132305,2,0.0,0.0,0.0,0.0,0.0,0.0
2024-12-09,0.076822,0.0701431327429849,neutral,0.0068224593906666,-0.0792508333333333,0.1370750554951932,50.0,-0.0240749,-0.5077810893845501,0.011070606060606,0.1825972234848485,0.169893860551948,0.0568145,-0.2321641111111111,3,4.857142857142857,0.0888086666666666,3,0.0,0.0,0.0,0.0,0.0,0.0
2024-12-10,0.1004405999999999,0.1868331752441198,neutral,0.02007612739236,-0.0011404,0.0,0.0,-2.558589743589801e-05,-0.01122650889438,0.0,0.0,0.0,0.0,0.0,3,0.0,0.1998806,5,0.1004405999999999,-0.105284,0.159769,-0.105284,0.0,0.0
2024-12-11,0.2249235999999999,0.0793492045410664,bullish,0.06553027627256,0.1244829999999999,0.0,0.0,0.003827608869544,1.2393693386937152,1.2505958475880954,0.0,0.0,0.0,0.0,3,0.0,0.2913446,5,0.2249235999999999,0.0,0.20484,0.20484,0.0,0.0
2024-12-12,0.1774615,0.122584738693281,bullish,0.027381244681,-0.0474620999999999,0.0,0.0,0.003772711367499,-0.2110143177505605,-1.4503836564442758,0.0,0.0,0.0,0.0,2,0.0,0.154294,2,0.1774615,0.0,0.090781,0.1774615,0.0,0.264142
2024-12-13,0.064144,0.122584738693281,neutral,0.02703573384,-0.1133174999999999,0.0,0.0,-0.0008457083013922,-0.6385469524375709,-0.4275326346870103,0.0,0.0,0.0,0.0,1,0.0,0.421485,1,0.064144,0.0,0.064144,0.064144,0.0,0.0
2024-12-14,-0.2757604999999999,0.3927278133777896,bearish,-0.108167607646,-0.3399044999999999,0.0,0.0,-0.0181406237902049,-5.299084871539036,-4.660537919101465,0.0,0.0,0.0,0.0,1,0.0,0.392252,2,-0.2757604999999999,0.0,0.00194,0.00194,0.0,0.0
2024-12-15,0.031982,0.3927278133777896,neutral,0.00285583269,0.3077425,0.1622217928822332,0.0,-0.0149783018121453,-1.115977451447905,4.183107420091131,0.0606817428571428,0.0,-0.0400706714285714,0.0,1,1.7142857142857142,0.089295,1,0.031982,0.0,0.0,0.0,0.0,0.031982
2024-12-16,0.1501673333333333,0.1184116250092588,bullish,0.0104660124082222,0.1181853333333333,0.1652740900601156,0.0,-0.0069961648269952,3.69537031246743,4.811347763915335,0.0676226476190476,0.0,-0.0246401785714285,0.0,2,1.8571428571428572,0.0696956666666666,3,0.1501673333333333,0.260396,0.142694,0.142694,0.0,0.024992
2024-12-17,0.2123189,0.10270877918816,bullish,0.06373777283787,0.0621515666666666,0.1741479394126191,0.0,0.0017213300302356,0.413882069335985,-3.281488243131445,0.0836052619047619,0.0,-0.0044487297619047,0.0,3,1.8571428571428572,0.3001983,10,0.2123189,0.1872915,0.2071681428571428,0.19057625,0.0,0.2377202
2024-12-18,0.2475161666666666,0.17053698076302,bullish,0.0968193725653055,0.0351972666666666,0.177382836027874,0.0,0.0096932317132039,0.1657754757897986,-0.2481065935461863,0.0868327714285714,0.0,0.0333014869047618,0.0,3,1.8571428571428572,0.3911638333333333,6,0.2475161666666666,0.0,0.2442336666666666,0.1260965,0.0,0.480508
2024-12-19,0.2829155,0.2360537734193207,bullish,0.0729157175098333,0.0353993333333333,0.190365544702882,0.0,0.0172038344757859,0.1430182674936384,-0.0227572082961602,0.1018976285714285,0.0,0.0672573119047618,0.0,4,2.142857142857143,0.2577296666666667,6,0.2829155,0.0,0.222687,0.222687,0.0,0.09127
2024-12-21,0.139595,0.2360537734193207,neutral,0.057870363605,-0.1433205,0.1900073394331969,0.0,0.0146034445731434,-0.5065841214072753,-0.6496023889009137,0.1126763428571428,0.0,0.0659029404761905,0.0,1,2.142857142857143,0.414559,1,0.139595,0.0,0.139595,0.139595,0.0,0.0
2024-12-23,0.4020495,0.0794780950985867,bullish,0.18901492836075,0.2624545,0.118207469530548,0.0,0.027306778680912,1.8801139009276835,2.3866980223349588,0.2095063428571428,0.0,0.0414162297619047,0.0,1,2.142857142857143,0.4701285,2,0.4020495,0.0,0.4020495,0.4020495,0.0,0.458249
2024-12-24,0.3589126666666666,0.0696873051375451,bullish,0.1563939213864444,-0.0431368333333333,0.0994788905608392,57.87479042925231,0.0339606897521636,-0.1072923441848163,-1.9874062451125,0.2562107238095238,0.1584462333333333,0.0320634297619047,0.0200714605128205,3,2.4285714285714284,0.4357436666666667,3,0.3589126666666666,0.0,0.31868,0.378747,0.0,0.378747
2024-12-25,0.183492,0.09477776452312,bullish,0.080884558044,-0.1754206666666666,0.0942164728186415,52.26359021862406,0.0281356864680117,-0.4887558533273647,-0.3814635091425483,0.2609713904761904,0.164297019047619,0.0091230821428571,0.0189123758241758,2,2.4285714285714284,0.440807,2,0.183492,0.0,0.183492,0.183492,0.0,0.0
2024-12-26,0.111218,0.1053127918757577,neutral,0.019980981008,-0.0722739999999999,0.1094374073595587,50.28656444714074,0.0189786807490743,-0.3938809321387307,0.0948749211886339,0.2465284047619047,0.1650668333333333,-0.0138722797619047,0.0152906757509157,2,2.2857142857142856,0.1796559999999999,4,0.111218,0.0,0.073123,0.047086,0.0,0.047086
2024-12-27,0.160985,0.103712488213008,bullish,0.0377695762675,0.049767,0.1140952175044723,48.22956719640151,0.0148394719843807,0.4474725314247694,0.8413534635635002,0.2341668095238095,0.1604997904761904,-0.0228965357142857,0.0171473519413919,3,2.2857142857142856,0.2346155,4,0.160985,0.0,0.160985,0.1837083333333333,0.144222,0.094516
2024-12-28,0.148239,0.0900316638077959,neutral,0.015720004755,-0.012746,0.1158464192001805,49.17497991973541,0.0106837010997315,-0.0791750784234556,-0.526647609848225,0.2149273095238095,0.158412469047619,-0.0251389880952381,0.0173562208791208,1,1.8571428571428572,0.106045,2,0.148239,0.211901,0.148239,0.211901,0.0,0.084577
2024-12-29,0.100854,0.0634656620386173,neutral,0.033533652438,-0.047385,0.120861981090872,51.07648592298917,0.0043203122222415,-0.3196527229676401,-0.2404776445441845,0.2093928809523809,0.1610346119047619,-0.0481228869047619,0.0126039414652014,1,1.8571428571428572,0.332497,2,0.100854,0.055977,0.100854,0.055977,0.0,0.055977
2024-12-30,0.0651246666666666,0.2502421230575167,neutral,0.0210735389291111,-0.0357293333333333,0.0958519252471331,62.16656342027247,-0.0029653799135741,-0.3542678855903912,-0.0346151626227511,0.1612607619047619,0.1853835523809524,-0.0360578214285714,-0.0045361815384615,2,2.0,0.3235876666666666,3,0.0651246666666666,0.069608,0.0651246666666666,0.313095,0.0,0.0
2024-12-31,0.1441285,0.119230224123332,neutral,0.0139535124705,0.0790038333333333,0.0403370562331897,54.78370835203675,-0.0033321260211873,1.2131168937524943,1.567384779342886,0.1305773095238095,0.1933940166666666,-0.0096574345238095,-0.0107720913553113,2,1.8571428571428572,0.096813,2,0.1441285,0.0,0.228437,0.05982,0.0,0.228437
2025-01-01,0.268314,0.119230224123332,bullish,0.072384677664,0.1241855,0.0644283523797484,55.01398494955742,0.0047535402251095,0.861630420076529,-0.3514864736759655,0.1426947380952381,0.2018330642857143,0.0126593095238095,-0.0100565758974359,1,1.7142857142857142,0.269776,1,0.268314,0.0,0.268314,0.268314,0.0,0.0
2025-01-02,0.2644031666666667,0.1160162025139879,bullish,0.1656068082163333,-0.0039108333333333,0.0767854043233597,52.32533456388578,0.0107023087073862,-0.0145755843278148,-0.8762060044043438,0.1645783333333333,0.205553369047619,0.0212028214285714,-0.0079231717948717,3,1.8571428571428572,0.6263420000000001,6,0.2644031666666667,0.0,0.1758515,0.2340972499999999,0.0,0.037387
2025-01-03,0.4067546666666666,0.1202112018551793,bullish,0.1726900664688888,0.1423514999999999,0.119292003777562,56.48848782391981,0.0249824888222127,0.5383880298962631,0.5529636142240779,0.1996882857142857,0.2169275476190476,0.0466369523809523,-0.0007911743589743,4,2.0,0.4245558333333333,6,0.4067546666666666,0.4943600000000001,0.3191493333333333,0.44951,0.0,0.44951
2025-01-04,0.297715,0.1202112018551793,bullish,0.076429097085,-0.1090396666666666,0.1218973836936671,50.56889419760849,0.0282146531510339,-0.2680723187769204,-0.8064603486731835,0.221042,0.2179846547619047,0.0497899166666666,0.0036924655677655,1,2.0,0.256719,1,0.297715,0.0,0.297715,0.297715,0.0,0.297715
2025-01-06,0.1365768333333333,0.1000780617886191,neutral,0.0333572526196666,-0.1611381666666666,0.1166624325205807,49.885549161151005,0.0190855151065268,-0.5412497410834747,-0.2731774223065543,0.2261452619047619,0.2177690714285714,0.023570363095238,-0.0012177465201465,3,2.2857142857142856,0.2442379999999999,6,0.1365768333333333,0.16373,0.1426558,0.1771796666666666,0.0,0.0
2025-01-07,0.125376125,0.1801424709551839,neutral,0.0257941003567187,-0.0112007083333333,0.1043782547355219,37.03849827934381,0.010955681720134,-0.0820103092154477,0.4592394318680269,0.2347526130952381,0.1980066875,-0.0102292723214285,0.0022176339743589,4,2.5714285714285716,0.20573375,8,0.125376125,-0.230056,0.0952594,0.2396145,0.0,-0.0876075
2025-01-08,0.2234103333333333,0.1883660238002951,bullish,0.0525805155913333,0.0980342083333333,0.0969423313530861,43.96257469699962,0.0114988151153883,0.7819208667785302,0.863931175993978,0.2460785892857143,0.1883279494047618,-0.0243908184523809,0.0082480451465201,3,2.7142857142857144,0.2353539999999999,3,0.2234103333333333,0.0,0.0,0.229014,0.0,0.032305
2025-01-09,0.2624894,0.1475245489411847,bullish,0.13112033252228,0.0390790666666666,0.0967444643560593,54.00658393007054,0.0146059375636072,0.1749205870811705,-0.6070002796973597,0.2452465035714285,0.1939706208333333,-0.0194560300595238,0.0102075168315018,2,2.857142857142857,0.4995262,5,0.2624894,0.0,0.2270095,0.295381,0.0,0.0
2025-01-10,0.10683625,0.0430864901515931,neutral,0.0324678301746875,-0.15565315,0.1090875848147687,49.795096717965464,0.0055569356357461,-0.5929883263857513,-0.7679089134669218,0.222736944047619,0.1936576386904762,-0.0315490339285714,0.004989855,3,2.857142857142857,0.30390275,4,0.10683625,0.06869,0.069673,0.0,0.0,0.06869
2025-01-11,0.098345,0.1096608648287984,neutral,0.0152199049816666,-0.0084912499999999,0.0810589968566524,46.95315391454625,-0.0021960120847439,-0.0794791093846891,0.5135092170010621,0.1786784202380952,0.1891833529761904,-0.0185884961309524,0.0011895167948717,2,2.5714285714285716,0.1547603333333333,3,0.098345,0.07844,0.1475175,0.07844,0.0,0.0
2025-01-12,0.062882,0.1096608648287984,neutral,0.0035057343819999,-0.035463,0.0716291288579585,45.93795441944852,-0.0108387735882164,-0.3605978951649805,-0.2811187857802913,0.1451308488095238,0.1830864244047619,-0.0139900297619047,-0.0037689071245421,1,2.5714285714285716,0.055751,1,0.062882,0.0,0.062882,0.062882,0.0,0.0
2025-01-13,0.2205303333333333,0.0801611601795616,bullish,0.0598783961066666,0.1576483333333333,0.0767999776285738,55.15433673042727,-0.0057948187234255,2.5070502422526855,2.867648137417666,0.1571242059523809,0.1916347339285714,-0.0071335157738095,-0.0054100402014652,1,2.2857142857142856,0.27152,3,0.2205303333333333,0.0,0.2205303333333333,0.2205303333333333,0.0,0.175903
2025-01-14,0.2338703999999999,0.2400864858978947,bullish,0.06049909184256,0.0133400666666666,0.0801975524454563,57.41062411299905,-0.0007910270439469,0.0604908470641225,-2.446559395188563,0.1726233880952381,0.2036880005952381,-0.0034461494047619,-0.0083739684432234,2,2.0,0.2586864,5,0.2338703999999999,0.0,0.1765446666666666,0.490452,0.0,0.3597846666666666
2025-01-15,0.195432,0.1659641741240159,bullish,0.050661006774,-0.0384383999999999,0.0779091102355012,52.33628059538941,0.0002543940813886,-0.1643576955441987,-0.2248485426083213,0.1686264833333333,0.2073525363095238,0.0062529083333332,-0.0105733541941391,1,1.7142857142857142,0.25922575,4,0.195432,0.0642755,0.195432,0.2405469999999999,0.0,0.0
2025-01-16,0.0601793333333333,0.1179530039690949,neutral,0.0130542815246666,-0.1352526666666666,0.0747467525451369,40.61645766302512,-0.0091018253912172,-0.6920702170917079,-0.5277125215475091,0.1397250452380952,0.1924857744047619,0.0080425589285714,-0.0127685842673992,2,1.7142857142857142,0.2169229999999999,3,0.0601793333333333,0.0,0.0601793333333333,0.0601793333333333,0.0,0.196374
2025-01-17,0.0719695,0.0435859387226354,neutral,0.00869826975475,0.0117901666666666,0.0783772215188112,41.385524193078474,-0.0154266180366209,0.1959172030265099,0.8879874201182179,0.1347440809523809,0.1787405124999999,-0.0039153630952381,-0.0138410033516483,2,1.5714285714285714,0.1208605,4,0.0719695,0.045805,0.0746593333333333,0.0719695,0.0,0.0745666666666666
2025-01-18,0.416591,0.0435859387226354,bullish,0.282174581122,0.3446214999999999,0.1294231307146824,50.37281705908981,0.0059373388122709,4.788438157830747,4.592520954804237,0.1802077952380952,0.1794431077380952,0.0210826523809523,0.0004716749999999,1,1.4285714285714286,0.677342,1,0.416591,0.0,0.416591,0.416591,0.0,0.416591
2025-01-19,0.14321,0.4422740784287499,neutral,0.0602742248,-0.273381,0.1205430607583043,44.79266261260952,0.0017776593827618,-0.6562335720166782,-5.444671729847425,0.1916832238095238,0.1684070363095238,0.0003577749999999,0.0033355167216117,1,1.4285714285714286,0.42088,2,0.14321,0.0,0.14321,0.14321,0.0,0.0
2025-01-20,0.15258075,0.1221258221490579,bullish,0.03577118361075,0.00937075,0.1205688133005002,50.60085395994005,-0.0007827263471882,0.0654336289365269,0.7216672009532051,0.1819761404761904,0.1695501732142857,0.0002892398809523,0.0018339897619047,2,1.5714285714285714,0.234441,4,0.15258075,0.0,0.15258075,0.15258075,0.0,0.0
2025-01-21,0.163547,0.1517566286899301,bullish,0.0407144532355,0.0109662499999999,0.118435051505197,51.43334661984692,-0.0019375744578994,0.0718717793692846,0.0064381504327577,0.1719299404761904,0.1722766642857142,0.0057281547619047,0.0002061832234432,3,1.7142857142857142,0.2489465,4,0.163547,0.088,0.163547,0.1938106666666666,0.0,0.163547
2025-01-22,0.2602254,0.164930509846723,bullish,0.07117341643272,0.0966784,0.1230211155668083,51.3838440184016,0.0046119120031314,0.5911352699835521,0.5192634906142675,0.1811861404761904,0.1749063119047618,0.0185458196428571,0.0044047295970695,4,2.142857142857143,0.2735068,5,0.2602254,0.0,0.1087799999999999,0.1087799999999999,0.0,0.154941
2025-01-23,0.1069073333333333,0.0317249952298394,neutral,0.0345156740106666,-0.1533180666666666,0.1164530904421629,44.614349681612296,-0.0021308190441382,-0.5891741031685096,-1.1803093731520615,0.187861569047619,0.1637933071428571,-0.0066993107142857,0.0053492561904761,3,2.2857142857142856,0.322856,3,0.1069073333333333,0.100144,0.1069073333333333,0.1069073333333333,0.0,0.0955475
2025-01-24,0.2235514375,0.1365124137793427,bullish,0.0983357783835703,0.1166441041666666,0.1048238905209819,54.15237153538558,0.0016279965950229,1.0910767346798784,1.680250837848388,0.209516131547619,0.17213010625,-0.0194314061011905,0.0051789261630036,4,2.5714285714285716,0.439879875,16,0.2235514375,0.1243536,0.2294180666666666,0.2103132142857142,0.080504,0.2510884285714286
2025-01-25,0.1323556666666666,0.0202875127685316,neutral,0.0167752424974444,-0.0911957708333333,0.0539453969225467,51.142748235025906,-0.0025113729685673,-0.4079408831058548,-1.4990176177857333,0.1689110839285714,0.1745594395833333,0.001883525297619,0.00161003757326,2,2.7142857142857144,0.1267436666666666,3,0.1323556666666666,0.0,0.1323556666666666,0.1323556666666666,0.0,0.149374
2025-01-26,0.299152,0.0202875127685316,bullish,0.121444643376,0.1667963333333333,0.0710502156137034,57.294797466145454,0.0072242920124186,1.2602130119098285,1.6681538950156831,0.1911885125,0.1914358681547619,0.0121663257440476,0.0014881511813186,1,2.7142857142857144,0.405963,1,0.299152,0.0,0.299152,0.299152,0.0,0.0
2025-01-27,0.1971751666666666,0.2026230769358877,bullish,0.0416071806943888,-0.1019768333333333,0.0689806554577166,49.2532417791089,0.006833335529152,-0.3408863498600487,-1.6010993617698772,0.1975591434523809,0.1897676419642857,0.0072923583333333,0.0026112893315018,3,2.857142857142857,0.2110163333333333,6,0.1971751666666666,0.1929133333333333,0.037993,0.2315856,0.0,0.1930626666666667
2025-01-28,0.1934943333333333,0.0532903854955719,bullish,0.0502397071821111,-0.0036808333333333,0.0674309045703846,48.70099160490614,0.0061621284641521,-0.0186678342691904,0.3222185155908582,0.2018373339285714,0.1868836372023809,0.0019979653273809,0.0041717033058608,4,3.0,0.2596443333333333,6,0.1934943333333333,0.1751233333333333,0.1706397499999999,0.1706397499999999,0.135589,0.145083
2025-01-29,0.2079011666666666,0.2309390605994721,bullish,0.0601227304871666,0.0144068333333333,0.0626073042085594,50.40746793218115,0.0066907068124366,0.0744560994895631,0.0931239337587536,0.1943624434523809,0.1877742919642857,0.0109888139880952,0.0050540183058608,4,3.0,0.289189,6,0.2079011666666666,0.21523,0.21523,0.2679086666666666,0.0,0.0
2025-01-30,0.1471087999999999,0.2324682374286861,neutral,0.0460875982649599,-0.0607923666666666,0.0545766709501477,52.98599613721091,0.0022745712807759,-0.2924099351695157,-0.3668660346590788,0.2001055101190476,0.1939835395833333,-0.0065676635416666,-0.0003142801007326,3,3.0,0.3132892,5,0.1471087999999999,0.0,0.2575046666666666,0.0659756666666666,0.0,0.0
2025-01-31,0.1534984,0.1925281628094965,bullish,0.06010714906944,0.0063896,0.0559659541195159,52.81091752848738,-0.0007099474084309,0.0434345192129907,0.3358444543825065,0.1900979333333333,0.1998070324404761,-0.0082118642857143,-0.0054934392399267,3,2.857142857142857,0.3915816,5,0.1534984,0.0,0.064213,0.0,0.0,0.0
2025-02-01,0.671664,0.1925281628094965,bullish,0.48479700024,0.5181656,0.185209043341735,57.85438024456047,0.0375944305141721,3.375706847758674,3.3322723285456832,0.267141980952381,0.2180265324404762,0.0351356047619047,0.0151349126098901,1,2.7142857142857144,0.721785,1,0.671664,0.0,0.0,0.671664,0.0,0.671664
2025-02-02,0.050056,0.1925281628094965,neutral,0.007553750736,-0.621608,0.2012676093641041,47.63807087755769,0.0183601603080078,-0.9254746420829464,-4.30118148984162,0.2315568380952381,0.211372675297619,0.0164492523809523,0.0078692754487179,1,2.7142857142857144,0.150906,1,0.050056,0.0,0.050056,0.050056,0.0,0.0
2025-02-03,0.4777525999999999,0.1191995712127355,bullish,0.26541889674872,0.4276966,0.2203164069488382,56.80186020485419,0.0367060495325632,8.544362314208085,9.469836956291031,0.2716393285714286,0.2345992360119047,0.0379157023809523,0.0135419351007325,3,2.7142857142857144,0.5555572,5,0.4777525999999999,0.0,0.3853485,0.267072,0.0,0.0
2025-02-04,0.2062558,0.4434189594849322,bullish,0.08644894223068,-0.2714968,0.2196136818553083,50.805569197862766,0.0292914288551444,-0.5682790632641246,-9.11264137747221,0.2734623952380952,0.2376498645833333,0.0197467535714285,0.0103897412362637,3,2.5714285714285716,0.4191346,5,0.2062558,0.0,0.2902675,0.389583,0.0,0.389583
2025-02-05,0.210855,0.189490295280335,bullish,0.03019659726375,0.0045991999999999,0.2194695044676421,49.03526969971243,0.0235111786794657,0.0222985244536151,0.5905775877177397,0.2738843714285714,0.2341234074404762,0.0036729285714285,0.0103684220970695,4,2.5714285714285716,0.14321025,8,0.210855,0.094724,0.1272616666666666,0.1448686,0.0,0.0640953333333333
2025-02-06,0.128681,0.189490295280335,neutral,0.0159775476839999,-0.082174,0.2213461248578623,50.43764002344341,0.0122354028165229,-0.3897180526902374,-0.4120165771438525,0.2712518285714286,0.2356786693452381,-0.0299953714285714,0.0031618453754578,1,2.2857142857142856,0.124164,1,0.128681,0.0,0.128681,0.128681,0.0,0.0
2025-02-07,0.29604,0.189490295280335,bullish,0.13082362848,0.167359,0.2151784680295826,51.427874637743784,0.016470522620098,1.3005727341254736,1.6902907868157109,0.2916149142857143,0.2408564238095238,-0.0441614142857143,0.0044866559706959,1,2.0,0.441912,1,0.29604,0.0,0.29604,0.29604,0.0,0.0
2025-02-08,0.035973,0.189490295280335,neutral,0.008321706036,-0.260067,0.1532955275634552,48.21988869964109,-0.0009403351384407,-0.8784860154033239,-2.1790587495287976,0.2008019142857142,0.2339719476190476,-0.0172588928571428,-0.0049441041758241,1,2.0,0.231332,1,0.035973,0.0,0.035973,0.035973,0.0,0.0
2025-02-09,0.35224,0.189490295280335,bullish,0.11305988176,0.316267,0.1461513208353914,50.92919063728882,0.0104289742931034,8.791788285658688,9.670274301062012,0.2439710571428571,0.2377639476190476,-0.0225685142857143,0.0005837759706959,1,2.0,0.320974,1,0.35224,0.35224,0.35224,0.35224,0.0,0.0
2025-02-10,0.0972046,0.0788688499364609,neutral,0.02307207559668,-0.2550354,0.1113251418003266,48.33921492640994,-0.0009553689556967,-0.7240387235975472,-9.515827009256236,0.1896070571428571,0.2306231928571428,-0.0048961285714285,-0.004770297069597,3,2.0,0.2373558,5,0.0972046,0.064786,0.10530925,0.126093,0.0,0.064786
2025-02-11,0.481915,0.0788688499364609,bullish,0.3601109837499999,0.3847104,0.1574119056317623,54.25302886659868,0.0205848509305094,3.9577386255382976,4.681777349135845,0.2289869428571428,0.251224669047619,0.0288009714285713,0.0011854405128205,1,1.7142857142857142,0.74725,1,0.481915,0.0,0.0,0.0,0.0,0.0
2025-02-12,0.244665,0.0845079286280287,bullish,0.12036278364,-0.23725,0.157281478053275,50.50868554573883,0.0184364670536269,-0.4923067345901248,-4.4500453601284224,0.2338169428571428,0.2538506571428571,0.0278904857142856,-0.0004302259340659,2,1.4285714285714286,0.4919493333333333,3,0.244665,0.2827045,0.244665,0.244665,0.0,0.199185
2025-02-13,0.0962658,0.1907125830541865,neutral,0.01959555819744,-0.1483991999999999,0.1613182279412961,49.313158496103625,0.0047848353083388,-0.6065403715284163,-0.1142336369382914,0.2291862,0.2502190142857142,-0.0018665571428571,-0.0084516127472527,3,1.7142857142857142,0.2035568,5,0.0962658,0.0,0.1740923333333333,0.056712,0.0,0.015754
2025-02-14,0.348211,0.1907125830541865,bullish,0.179195996609,0.2519452,0.1660572521623791,52.466731431807055,0.0140081055602108,2.617182841673782,3.2237232132021982,0.2366392,0.2641270571428571,0.0204366428571428,-0.0088404334065934,1,1.7142857142857142,0.514619,1,0.348211,0.0,0.0,0.0,0.0,0.0
2025-02-15,0.289516,0.1907125830541865,bullish,0.0503031154839999,-0.058695,0.1407099037078498,44.52086581067753,0.0164188131725205,-0.1685615905298798,-2.7857444322036615,0.2728596285714286,0.2368307714285714,-0.0025645857142857,0.0053202487912087,1,1.7142857142857142,0.173749,1,0.289516,0.289516,0.289516,0.289516,0.0,0.289516
2025-02-17,-0.034998,0.1907125830541865,neutral,-0.000828507654,-0.3245139999999999,0.1759966110420635,48.6669524577827,-0.0076283873234599,-1.1208845107006176,-0.9523229201707376,0.2175399142857142,0.2307554857142857,-0.0242092785714285,-0.0086036975824175,1,1.7142857142857142,0.023673,1,-0.034998,-0.034998,-0.034998,-0.034998,0.0,-0.034998
2025-02-18,0.0400257499999999,0.0904862933280505,neutral,0.0020418736104999,0.07502375,0.1836720234189201,42.28684926441196,-0.0204253876882927,-2.1436582090405163,-1.0227736983398987,0.2093715071428571,0.1994892821428571,-0.0604194125,-0.0059103565934065,3,1.7142857142857142,0.051014,4,0.0400257499999999,-0.016459,0.0400257499999999,0.0706583333333333,0.0,0.0256203333333333
2025-02-20,0.129585,0.1339670309466723,neutral,0.03556074809625,0.08955925,0.1395018690358333,48.556430821768835,-0.0231064373427947,2.2375408330887,4.381199042129216,0.15903865,0.1940127964285714,-0.0300331821428571,-0.0076845497802197,3,2.0,0.27442025,4,0.129585,0.227931,0.017822,0.096803,0.0,0.254765
2025-02-21,0.1963142,0.085345887936678,bullish,0.06126424354808,0.0667292,0.1357008058142138,49.73248246587113,-0.0196428548875504,0.5149454026314775,-1.7225954304572224,0.1521313928571428,0.1929741678571428,-0.0138070374999999,-0.0070635579120879,3,2.142857142857143,0.3120724,5,0.1963142,0.0,0.186069,0.1392,0.0,0.140647
2025-02-23,0.0234034999999999,0.0303044753213118,neutral,0.0011699292632499,-0.1729107,0.1432827866676314,48.125711086813936,-0.0304445265242049,-0.8807854959040151,-1.3957308985354926,0.1417224928571428,0.1854543464285714,-0.0355801107142857,-0.0140279891208791,1,1.8571428571428572,0.0499895,2,0.0234034999999999,0.0,0.0234034999999999,0.0234034999999999,0.0,0.001975
2025-02-24,0.1660475,0.1694849081708063,bullish,0.0359949468125,0.142644,0.1128372266460063,47.66515500080269,-0.0272222734623394,6.094985792723311,6.975771288627326,0.1156991357142857,0.1761691678571428,-0.0034755017857143,-0.0109367895604395,3,2.142857142857143,0.216775,4,0.1660475,0.0,0.083681,0.083681,0.0,0.1000305
2025-02-25,0.2470305,0.299725262338529,bullish,0.095354761122,0.080983,0.102608644506777,54.051526988430496,-0.0179490534883547,0.4877098420632653,-5.607275950660046,0.1096297785714285,0.1912447035714285,0.0354266964285714,-0.0135340317582417,4,2.5714285714285716,0.386004,6,0.2470305,0.0,0.096424,0.007125,0.0,0.511987
2025-02-26,0.240665,0.1596612838438507,bullish,0.05662348070125,-0.0063655,0.0899708391685438,47.56892275573713,-0.0109855649118287,-0.0257680731731507,-0.5134779152364161,0.1490102071428571,0.1832750607142857,0.0288050732142857,-0.006814486043956,3,2.857142857142857,0.23527925,4,0.240665,0.0,0.044054,0.112018,0.0,0.306202
2025-02-27,0.422553,0.1940619687535402,bullish,0.2745904048398,0.181888,0.1228906614505872,57.32233257826776,0.0090628083126456,0.7557725469012944,0.7815406200744451,0.2036569571428571,0.2065142321428571,0.0425440214285714,-0.0028154612087912,3,2.857142857142857,0.6498366,5,0.422553,0.0,0.2214885,0.2214885,0.0,0.162794
2025-02-28,0.2071179,0.1820824641983528,bullish,0.07733981219184,-0.2154351,0.1185181047717664,43.30527969048432,0.0075266674728144,-0.5098416056684014,-1.2656141525696958,0.2147330857142857,0.1868858678571428,0.0323331285714285,0.0062809326373626,4,3.0,0.3734096,10,0.2071179,0.20374,0.2729242,0.2544166666666667,0.0,0.1244349999999999
2025-03-01,0.119151,0.1820824641983528,neutral,0.005117892903,-0.0879668999999999,0.1239793884118069,46.70230893548849,-0.000762529285391,-0.4247189644159196,0.0851226412524818,0.2037097714285714,0.1779205821428571,0.0194609214285714,0.0062504572527472,1,2.7142857142857144,0.042953,1,0.119151,0.0,0.0,0.0,0.0,0.0
2025-03-02,0.0,0.1820824641983528,neutral,0.0,-0.119151,0.1298296356165189,47.43128254264331,-0.0167311203083878,-1.0,-0.5752810355840804,0.2003664142857142,0.1710444535714285,-0.0281231642857142,-0.0015249038461538,1,2.7142857142857144,0.088799,1,0.0,0.0,0.0,0.0,0.0,0.0
2025-03-03,0.1145261428571428,0.0877542677735743,neutral,0.0265247618729183,0.1145261428571428,0.1335077793299471,43.270963046780885,-0.0199344759283668,inf,inf,0.1930062204081632,0.1543526780612245,-0.0422230382653061,0.0027009426530612,4,2.857142857142857,0.2316044285714285,7,0.1145261428571428,0.069352,0.07138525,0.1144506666666666,0.0,0.064454
2025-03-04,0.0080623333333333,0.1475298165603595,neutral,0.0007978968806666,-0.1064638095238095,0.1472376832373478,42.11243355197676,-0.0306930365133145,-0.9296026816917244,-inf,0.1588679108843537,0.1342488447278911,-0.054320700510204,0.0029771522082679,3,2.7142857142857144,0.098966,3,0.0080623333333333,0.159458,0.0120934999999999,-0.135271,0.0,0.0080623333333333
2025-03-05,0.192403,0.1352110039062403,bullish,0.0848330938835714,0.1843406666666666,0.1438602938030071,56.91614341735301,-0.0240935903986979,22.864431306073524,23.794033987765246,0.1519733394557823,0.1504917732993197,-0.0390423568027211,-0.0009408668079539,4,2.857142857142857,0.4409135714285714,7,0.192403,0.0,0.1597448333333333,0.137588,0.0,0.0
2025-03-06,0.36382025,0.2965158202686381,bullish,0.164933726404625,0.17141725,0.1260606168736232,59.30240532045223,-0.0049973210068979,0.8909281560058833,-21.97350315006764,0.1435829465986395,0.1736199518707483,0.0223097636904761,0.0015124954945054,3,2.857142857142857,0.4533385,4,0.36382025,0.0,0.0,0.0,0.0,0.0
2025-03-07,0.1944215,0.0723062884932331,bullish,0.063786729222125,-0.16939875,0.125081649733294,51.78100722224569,-0.003471373749211,-0.4656111087824276,-1.356539264788311,0.141769175170068,0.1782511304421768,0.0368331734693877,0.0006551237310308,3,2.7142857142857144,0.32808475,4,0.1944215,0.0,0.1835203333333333,0.144451,0.0,0.144451
2025-03-08,0.175537,0.0808774594185549,bullish,0.0350299004145,-0.0188845,0.1251978444040957,49.41386003921662,-0.0037405608492644,-0.0971317472604624,0.3684793615219651,0.1498243180272109,0.1767670447278911,0.0372199868197278,0.0011730629565672,1,2.7142857142857144,0.1995585,2,0.175537,0.0,0.175537,0.175537,0.0,0.0
2025-03-09,0.1516465,0.0418854701835851,bullish,0.02876620370125,-0.0238904999999999,0.106706574504647,53.949936723495135,-0.0058120637246625,-0.1360995117838404,-0.0389677645233779,0.1714881037414966,0.1859272590136054,0.0160117465986394,-0.0046006079277865,1,2.7142857142857144,0.1896925,2,0.1516465,0.181264,0.1516465,0.122029,0.0,0.0
2025-03-10,0.3652485,0.5165393823364294,bullish,0.1660554822944999,0.2136019999999999,0.1249239378684585,55.87851790086982,0.0096495779322997,1.4085521261618297,1.54465163794567,0.2073055833333333,0.2001559018707483,0.0286343660714285,-0.0001325205703819,2,2.4285714285714284,0.454637,2,0.3652485,0.0,0.3652485,0.0,0.0,0.0
2025-03-11,0.1647454285714285,0.147489033782015,bullish,0.0765602366800408,-0.2005030714285714,0.0933116203902404,47.73173542471761,0.0056770528918318,-0.5489497463468609,-1.9575018725086903,0.2296888826530612,0.1942783967687074,-0.0043889719387755,0.0004010680429094,3,2.4285714285714284,0.4647184285714286,7,0.1647454285714285,0.22234,0.2041609999999999,0.1647454285714285,0.085753,0.053048
2025-03-12,0.166527,0.1191996385548211,bullish,0.0392665947734999,0.0017815714285714,0.095521275895207,47.95113913928178,0.0026419806906883,0.0108140871890658,0.5597638335359267,0.2259923112244898,0.188982825340136,-0.0164828711734694,0.0011373996703296,3,2.2857142857142856,0.2357971666666666,6,0.166527,0.0,0.2428273333333333,0.116222,0.0,0.077616
2025-03-13,0.3476755,0.2178097170628528,bullish,0.152438236056125,0.1811485,0.0917595648777098,47.92985634976232,0.0146703573020271,1.0878025785608338,1.076988491371768,0.2236859183673469,0.1836344324829932,0.0162443188775509,0.0133715917373103,3,2.2857142857142856,0.43844975,4,0.3476755,0.0,0.4103976666666666,0.4386135,0.0,0.5025545
2025-03-14,0.247793,0.2178097170628528,bullish,0.075124642775,-0.0998825,0.0911379180875466,51.20130328502336,0.0159664075405235,-0.2872865646270732,-1.375089143187907,0.2313104183673469,0.1865397967687075,0.0146465892857142,0.015978873914181,1,2.0,0.303175,1,0.247793,0.0,0.0,0.247793,0.0,0.0
2025-03-15,0.194407,0.1835521924739663,bullish,0.0634557084455,-0.053386,0.0894772230256011,52.26896638985785,0.0125447245867466,-0.2154459569075801,0.071840607719493,0.2340061326530612,0.191915225340136,0.0027250204081632,0.0139820424646781,2,2.142857142857143,0.3264065,2,0.194407,0.0,0.194407,0.324198,0.0,0.0
2025-03-16,0.193844,0.1405819529633871,bullish,0.0458247862146666,-0.000563,0.0842739114222313,56.2945018089763,0.0096760917056157,-0.002895986255639,0.2125499706519411,0.2400343469387755,0.205761225340136,-0.0133437270408163,0.007710274751439,1,2.142857142857143,0.2364003333333333,3,0.193844,0.355169,0.193844,0.1131814999999999,0.0,0.0
2025-03-17,0.0969562,0.092293008604119,neutral,0.01082585781464,-0.0968877999999999,0.0786578661252334,49.42285767527629,-0.0004050213866029,-0.4998235694682321,-0.4969275832125931,0.201706875510204,0.2045062294217687,-0.0107857923469388,0.001593809769754,3,2.2857142857142856,0.1116572,5,0.0969562,0.16208,0.099089,0.16208,0.0,0.0
2025-03-18,0.3165832,0.18178002200083,bullish,0.1406878961890399,0.219627,0.0872345984071386,59.43308241308313,0.0092097191740088,2.265218727631652,2.7650422970998845,0.2233979857142857,0.2265434341836734,-0.0037578214285714,-0.0016801634693877,3,2.2857142857142856,0.4443947,10,0.3165832,0.3743066666666667,0.3165832,0.2558818,0.0,0.441472
2025-03-19,0.3359477142857142,0.1751298316989563,bullish,0.1378958823724898,0.0193645142857142,0.0921881235194194,54.881354358549515,0.0181813990643368,0.0611672201358575,-2.2040515074957945,0.2476009448979592,0.2367966280612244,0.0001766515306122,0.0003201642857142,3,2.2857142857142856,0.4104682857142857,7,0.3359477142857142,0.248288,0.3729158,0.356342,0.0,0.538192
2025-03-20,0.126614,0.0432466507373692,neutral,0.052639833807,-0.2093337142857142,0.0900311570371976,42.13639277624428,0.0083138322975606,-0.6231139709665704,-0.6842811911024279,0.2160207306122449,0.2198533244897959,0.0015101295918367,0.0013596811302982,2,2.142857142857143,0.4157505,2,0.126614,0.0,0.096034,0.096034,0.0,0.0
2025-03-21,0.2319244999999999,0.2327024777274621,bullish,0.0288248524447499,0.1053104999999999,0.0892945831199504,51.29843181174706,0.0088845030310797,0.8317445148245848,1.454858485791155,0.2137538020408163,0.2225321102040816,0.007753000510204,0.0008661600627943,1,2.142857142857143,0.1242855,2,0.2319244999999999,0.067379,0.067379,0.2319244999999999,0.0,0.067379
2025-03-24,0.2231356,0.1544172343872276,bullish,0.06828226048144,-0.0087888999999999,0.0889165809380562,51.65956383666184,0.0085295872978704,-0.0378955220341101,-0.869640036858695,0.217857887755102,0.2259320102040816,0.0059943642857142,-0.0006658867189952,3,2.2857142857142856,0.3060124,5,0.2231356,0.065962,0.2231356,0.209361,0.0,0.065962
2025-03-25,0.1616583333333333,0.1291522645680929,bullish,0.0297331975597222,-0.0614772666666666,0.0911689687189776,50.34015527518781,0.0032523774244202,-0.2755152771080306,-0.2376197550739204,0.2132599353741496,0.2266471411564625,-0.0034575719387755,-0.0049512503506017,3,2.5714285714285716,0.1839261666666667,6,0.1616583333333333,0.0793,0.1391977999999999,0.20229125,0.0,0.2241935
2025-03-26,0.125153,0.1586507200677009,neutral,0.0188078676869999,-0.0365053333333333,0.0856284399891419,40.72675036543313,-0.0038301094492402,-0.2258178256611165,0.049697451446914,0.2172880496598639,0.209497462585034,-0.0295124200680272,-0.0032818073888016,2,2.4285714285714284,0.150279,2,0.125153,0.0,0.237336,0.125153,0.0,0.125153
2025-03-27,0.10794875,0.0946029123490216,neutral,0.033176159209375,-0.0172042499999999,0.0815174833899048,47.44449385707107,-0.0107072696241022,-0.1374657419318752,0.0883520837292413,0.1874831282312925,0.2054405569727891,-0.0270423235544217,-0.0076585409576138,4,2.5714285714285716,0.3073325,4,0.10794875,0.082778,0.10794875,0.10794875,0.0,0.058213
2025-03-28,-0.061515,0.0869953472893809,neutral,-0.0042724935675,-0.16946375,0.0976907093026921,41.08474752566885,-0.029486887807824,-1.569853750043423,-1.432388008111548,0.1307027404761904,0.1891518426870748,-0.0325114678571428,-0.0165687071009942,2,2.4285714285714284,0.0694545,2,-0.061515,0.0,-0.061515,-0.061515,0.0,0.0
2025-03-30,0.045436,0.0869953472893809,neutral,0.0143041615199999,0.1069509999999999,0.1029345566108131,37.456292933562835,-0.0353353039952146,-1.7386165975778265,-0.1687628475344031,0.1191058833333333,0.1675633069727891,-0.0422312958333333,-0.0154488193982208,1,2.2857142857142856,0.31482,1,0.045436,0.045436,0.045436,0.045436,0.0,0.045436
2025-03-31,0.2234226666666666,0.2642231436696389,bullish,0.0880470375108888,0.1779866666666666,0.1014205459173082,49.0501485316715,-0.0253207155274098,3.9173049270769145,5.655921524654741,0.1178913357142857,0.165822568877551,-0.0149375523809524,-0.0112079027577184,3,2.5714285714285716,0.3940828333333333,6,0.2234226666666666,0.236193,0.2692365,0.12654675,0.0,0.097739
2025-04-01,0.13608725,0.0946348641934708,neutral,0.035313212458875,-0.0873354166666666,0.0911857180388258,47.78554870394619,-0.0241509147392256,-0.3908977453794602,-4.308202672456375,0.1054558571428571,0.1616568724489795,0.0020469047619047,-0.0111151394139194,2,2.4285714285714284,0.2594895,4,0.13608725,0.067448,0.1663726666666666,0.117607,0.0,0.0
2025-04-02,0.1983773333333333,0.0936499701085554,bullish,0.0548320239395555,0.0622900833333333,0.0958923713647476,50.16442681136539,-0.0179914838025345,0.4577216699825541,0.8486194153620144,0.1107014285714285,0.1619806819727891,0.0200317023809523,-0.0090048692935635,2,2.2857142857142856,0.2764026666666667,3,0.1983773333333333,0.0,0.1983773333333333,0.1983773333333333,0.0,0.0
2025-04-03,0.43899,0.1110779900430324,bullish,0.17657231376,0.2406126666666666,0.1574092840895152,61.23447401547614,0.006228749644579,1.2129040280139534,0.7551823580313992,0.1555352857142857,0.1864116676870748,0.057269988095238,-0.0032339815907901,1,2.142857142857143,0.402224,2,0.43899,0.0,0.43899,0.43899,0.0,0.0
2025-04-04,0.302291,0.2327555348149642,bullish,0.13050809343,-0.1366989999999999,0.1645920709962169,49.50350965748141,0.0142313977291299,-0.3113943370008427,-1.524298365014796,0.1832984642857142,0.1853907962585033,0.0661957380952381,0.0043682256724228,2,1.8571428571428572,0.43173,3,0.302291,0.347894,0.302291,0.347894,0.0,0.050109
2025-04-06,0.338225,0.1611324638054045,bullish,0.1514025880333333,0.0359339999999999,0.131519618278813,50.07820926475687,0.0232049992126129,0.1188722125369261,0.4302665495377689,0.2404041785714285,0.1855534595238095,0.0478216577380952,0.013698332087912,3,2.0,0.4476386666666667,3,0.338225,0.0,0.287799,0.152391,0.0,0.338225
2025-04-07,0.2524252857142857,0.1366984626610876,bullish,0.1238586688855918,-0.0857997142857142,0.0998296250765039,54.72137496093349,0.0231280446198242,-0.2536764410842317,-0.3725486536211578,0.2699740765306123,0.1945399799319727,0.0212570365646258,0.0136658965881737,4,2.4285714285714284,0.4906745714285714,7,0.2524252857142857,0.247077,0.2468416666666666,0.2484944,0.0,0.3490165
2025-04-08,0.2007646,0.1342588788900011,bullish,0.04148804474292,-0.0516606857142857,0.1019356831520803,48.78158726894856,0.0186838432901527,-0.204657332834553,0.0490191082496787,0.2667372098639456,0.1923142727891156,0.0071915340986394,0.015076199581371,2,2.2857142857142856,0.2066501999999999,5,0.2007646,0.168779,0.2007646,0.242791,0.0,0.248514
2025-04-09,0.1914132499999999,0.150858130810319,bullish,0.0416508054003124,-0.00935135,0.0917535712462565,48.76013974154633,0.0142431481034649,-0.0465786797074785,0.1580786531270744,0.2746409241496598,0.1900483906462584,-0.0195431701530612,0.0160665437833594,2,2.2857142857142856,0.21759625,4,0.1914132499999999,0.0,0.1914132499999999,0.1933123333333333,0.0,0.0
2025-04-10,0.268385,0.150858130810319,bullish,0.1049127700399999,0.07697175,0.0856690871704289,54.12146650989871,0.0167409022777706,0.4021234162211864,0.4487020959286649,0.2846420193877551,0.1976717239795918,-0.0311082464285715,0.0173687966666666,1,2.142857142857143,0.390904,1,0.268385,0.0,0.268385,0.268385,0.0,0.268385
2025-04-11,0.1804442,0.0829392622869289,bullish,0.06415473389076,-0.0879407999999999,0.0598882608901515,52.05360100474338,0.0114928323121479,-0.3276665983568381,-0.7297900145780245,0.2477069051020408,0.2016210954081632,-0.0202225869897959,0.0144858545316588,2,2.2857142857142856,0.3555378,5,0.1804442,0.2414,0.19579525,0.1418476666666666,0.0,0.0
2025-04-12,0.449684,0.0829392622869289,bullish,0.3773055614639999,0.2692398,0.0968085896138423,60.69100883378756,0.0287250889409928,1.4920945089950242,1.8197611073518625,0.2687630479591836,0.2260307561224489,0.0092155438775509,0.0184852667922553,1,2.142857142857143,0.839046,1,0.449684,0.0,0.449684,0.449684,0.0,0.0
2025-04-13,0.110134,0.1446556626544567,neutral,0.013537726347,-0.3395499999999999,0.1073447835372533,54.853440419856945,0.0148154929925989,-0.7550857935794913,-2.2471803025745154,0.2361786193877551,0.2382913989795918,0.0021427104591836,0.0056944004814233,1,1.8571428571428572,0.1229205,2,0.110134,0.0,0.110134,0.212421,0.0,0.110134
2025-04-14,0.0726376666666666,0.0264399456378664,neutral,0.0056126640782222,-0.0374963333333333,0.1231540017910471,50.80058198744388,0.0007580177440595,-0.3404610141585099,0.4146247794209814,0.2104946738095237,0.240234375170068,-0.0130585821428571,-0.0053964335949764,2,1.5714285714285714,0.0772693333333333,3,0.0726376666666666,0.0,0.081537,0.060055,0.0,0.0726376666666666
2025-04-15,0.1555165999999999,0.0562403753036908,bullish,0.0311878277204399,0.0828789333333333,0.1249245639938772,47.8829112808529,-0.0036535706083619,1.1409911294874555,1.4814521436459651,0.2040306738095238,0.2353839418367347,-0.0203391005952381,-0.0083711736054421,2,1.5714285714285714,0.2005434,5,0.1555165999999999,0.0,0.1723907499999999,0.1723907499999999,0.0,0.1354635
2025-04-16,0.1206123333333333,0.1894066456201225,neutral,0.0398386758431666,-0.0349042666666666,0.1289187019708066,49.50123691225986,-0.009852415627748,-0.2244407778119291,-1.3654319072993846,0.1939162571428571,0.2342785906462585,-0.031079269047619,-0.014923879733124,3,1.7142857142857142,0.3303035,6,0.1206123333333333,0.26378,0.1715576,0.1715576,0.0,0.0
2025-04-17,0.2499945,0.2437309056158724,bullish,0.07230703421025,0.1293821666666667,0.12732573069489,51.59467628580638,-0.0042766252200278,1.0727109167940263,1.2971516946059554,0.1912890428571428,0.2379655311224489,-0.014432494047619,-0.0156584116849816,4,2.142857142857143,0.2892345,4,0.2499945,0.091031,0.047546,0.277975,0.0,0.047546
2025-04-18,0.0939697499999999,0.1729528494848138,neutral,0.0234603233379375,-0.15602475,0.1326374901923432,38.753008760305185,-0.0123047711306906,-0.6241127304800707,-1.696823647274097,0.1789355499999999,0.2133212275510204,-0.0264088244047619,-0.0131453965672422,4,2.4285714285714284,0.24965825,4,0.0939697499999999,0.057535,0.011498,0.1061146666666666,0.0,0.0478564999999999
2025-04-20,0.040626,0.1729528494848138,neutral,0.006205255866,-0.0533437499999999,0.0676719628819804,40.980044306764185,-0.0227094070359483,-0.5676693829663269,0.0564433475137438,0.1204986928571428,0.1946308704081632,-0.0025493547619047,-0.0151464765044479,1,2.4285714285714284,0.152741,1,0.040626,0.0,0.040626,0.040626,0.0,0.0
2025-04-21,0.1649464285714285,0.1809035871856029,bullish,0.0449977627346938,0.1243204285714285,0.0694213480393864,44.36992192324042,-0.020685793847133,3.0601198388083635,3.62778922177469,0.1283290397959183,0.1822538295918367,0.0007322322278911,-0.0112607310099424,4,2.857142857142857,0.2728022857142857,7,0.1649464285714285,0.3733495,0.2252946,0.2160136666666666,0.0,0.2107133333333333
2025-04-22,0.197348,0.2006390711259542,bullish,0.0667383046218666,0.0324015714285714,0.0687461751694045,48.146128420391165,-0.0162800365242594,0.1964369383999133,-2.86368290040845,0.1461448017006802,0.178319737755102,0.0001712103741496,-0.0085161242909471,3,3.0,0.3381757333333333,15,0.197348,0.0864916666666666,0.1851658461538461,0.1568804615384615,0.0323805,0.203744125
2025-04-23,0.2158311875,0.2049957524835474,bullish,0.0625089340976054,0.0184831875,0.0737166744866075,50.5187186087701,-0.0111683543605708,0.0936578404645602,-0.1027790979353531,0.1547611713435374,0.1793959225765306,0.0089764371811224,-0.0067044280703819,5,3.4285714285714284,0.2896195625,16,0.2158311875,0.1931205,0.2088635,0.1879536,0.117,0.27408
2025-04-24,0.2117416,0.2071739728120091,bullish,0.04214085558032,-0.0040895875,0.074720759471689,50.70241762711703,-0.0073624185572042,-0.0189480841363578,-0.1126059246009181,0.1677796380102041,0.1808479475765306,0.0102030776785714,-0.0053840902289377,4,3.5714285714285716,0.1990202,10,0.2117416,0.0962302,0.1587478571428571,0.0770338,0.156746,0.1477689999999999
2025-04-25,0.1136378,0.1734844104197838,neutral,0.03355724234,-0.0981037999999999,0.0671007230881584,44.729890956150456,-0.0121221897372588,-0.4633184976405202,-0.4443704135041624,0.1483001094387755,0.1697945761479591,0.0161471467474489,-0.0044185432666143,2,3.2857142857142856,0.2953,5,0.1136378,0.089435,0.145011,0.1136378,0.0,0.0
2025-04-26,0.1822395,0.0704257140858365,bullish,0.0698329007235,0.0686016999999999,0.063379883919156,50.0619573052289,-0.0102409745899885,0.6036873293921563,1.0670058270326763,0.1609100737244898,0.1699228118622449,0.0120220301020408,-0.0037118875130821,2,3.0,0.383193,2,0.1822395,0.0,0.1822395,0.1822395,0.0,0.132441
2025-04-27,0.2223014999999999,0.1659332128071411,bullish,0.06942887102775,0.0400619999999999,0.0380516445091936,40.678313331126,-0.005454697557712,0.2198315952359395,-0.3838557341562167,0.1868637165816326,0.1536812047193877,0.0014162438137755,0.0070075427459445,1,3.0,0.3123185,2,0.2223014999999999,0.0,0.2223014999999999,0.339634,0.0,0.104969
2025-04-28,0.1170355,0.1688947635372393,neutral,0.0424076573776666,-0.1052659999999999,0.0461072224582051,50.35020249863888,-0.010039540718421,-0.4735280688614336,-0.6933596640973732,0.1800192982142857,0.154174169005102,-0.0091963919642857,0.0045249004774986,3,2.857142857142857,0.3623486666666666,6,0.1170355,0.0,0.0491622,0.1378652,0.0,0.2588505
2025-04-29,0.1547456666666666,0.1661825126489948,bullish,0.0195947216235555,0.0377101666666666,0.0462501324206029,54.16549852840579,-0.0105091394660576,0.3222113518262977,0.7957394206877313,0.1739332505952381,0.1600390261479591,-0.0094287522321428,0.001853212421507,2,2.7142857142857144,0.1266253333333333,3,0.1547456666666666,0.0,0.063615,0.011632,0.0,0.115598
2025-04-30,0.14758425,0.2564453646521678,neutral,0.05439320842725,-0.0071614166666666,0.0430269361881648,49.5640870349504,-0.0113285561198382,-0.0462786249264921,-0.3684899767527898,0.1641836880952381,0.1594724297193877,-0.0062664398809523,0.0013482707025117,4,2.5714285714285716,0.368557,4,0.14758425,0.0,0.0257673333333333,0.0692935,0.0,0.131956
2025-05-01,0.15032775,0.1310690210644213,bullish,0.02448733818075,0.0027434999999999,0.0376371420096781,51.69281183534699,-0.0116226004775758,0.0185893819970626,0.0648680069235547,0.1554102809523809,0.1615949594812925,-0.0009570172619047,-0.0001941079395604,3,2.4285714285714284,0.1628929999999999,8,0.15032775,0.0,0.1609148571428571,0.252132,0.0,-0.0025465
2025-05-02,0.119337,0.1310690210644213,neutral,0.022227590283,-0.03099075,0.0366311071356179,41.61702408006612,-0.0141926454165923,-0.2061545523032175,-0.2247439343002801,0.1562244523809524,0.1522622809098639,-0.0107895089285714,0.0015127923560962,1,2.2857142857142856,0.186259,1,0.119337,0.0,0.119337,0.119337,0.0,0.0
2025-05-03,-0.056155,0.1310690210644213,neutral,-0.01950206995,-0.1754919999999999,0.0859849104184427,40.6027531939399,-0.0300434344686385,-1.4705581672071528,-1.2644036149039353,0.1221680952380952,0.1415390844812925,-0.0298280148809524,-0.0063637188867085,1,2.142857142857143,0.34729,1,-0.056155,0.0,-0.056155,-0.056155,0.0,0.0
2025-05-05,0.11097475,0.0956681418215245,neutral,0.0281337360025625,0.16712975,0.073811133300009,53.85449007628328,-0.0287878274605832,-2.9762220639301935,-1.505663896723041,0.1062642738095238,0.1465639951955782,-0.0167225297619047,-0.0105637905690737,3,2.4285714285714284,0.25351475,4,0.11097475,0.063018,0.11097475,0.1904405,0.0,0.0
2025-05-06,0.186028,0.1506352507593535,bullish,0.019776450652,0.07505325,0.0798485421368662,51.22100358331965,-0.0214890150760726,0.6763092505277102,3.652531314457904,0.1161203452380952,0.1480698217261905,-0.0066376696428571,-0.0088302332875457,4,2.5714285714285716,0.106309,4,0.186028,0.0,0.2133665,0.1422443333333333,0.0,0.0
2025-05-07,0.2447838749999999,0.1474104300481555,bullish,0.0893615969550937,0.0587558749999999,0.0932371536798616,52.66600624568894,-0.0108387119319306,0.3158442546283353,-0.3604649958993748,0.1289829464285714,0.1514580985119047,0.0126656116071428,-0.0044424192948717,4,2.857142857142857,0.36506325,8,0.2447838749999999,0.0,0.2769748333333333,0.213217,0.0,0.401821
2025-05-08,0.0525966666666666,0.0533199103743932,neutral,0.0047719202444444,-0.1921872083333333,0.0969182709698738,42.32449425287758,-0.0177017926904103,-0.7851301820160063,-1.1009744366443417,0.1154132916666666,0.1397984898809523,0.0071386964285714,-0.0051448418864468,1,2.4285714285714284,0.0907266666666666,3,0.0525966666666666,0.0,0.114165,0.0525966666666666,0.0,0.114165
2025-05-09,0.1047385999999999,0.080156619609986,neutral,0.04030841978508,0.0521419333333333,0.0957052132355901,45.18611379429005,-0.0187177287888148,0.9913543317066982,1.7764845137227043,0.1089005559523809,0.1321554184523809,0.0109827592261904,-0.0037748021428571,3,2.4285714285714284,0.3848478,5,0.1047385999999999,0.0,0.1400075,0.08068675,0.0,0.0
2025-05-10,0.302255,0.3094426553692945,bullish,0.1219417571999999,0.1975164,0.1207297894213083,57.78887258256743,-0.0035443713212626,1.8858033237030096,0.8944489919963112,0.1350316988095238,0.1456280755952381,0.0331902273809523,0.0004747149633699,2,2.5714285714285716,0.4034399999999999,2,0.302255,0.083446,0.302255,0.302255,0.0,0.083446
2025-05-12,0.165462375,0.2053743149234291,bullish,0.0531078587026406,-0.136792625,0.0864209094953515,49.34413263144541,-0.0025280743767376,-0.4525735719839209,-2.33837689568693,0.1666913238095237,0.1444297095238095,0.0091382714285714,0.0022483792673992,4,3.0,0.320966375,8,0.165462375,0.0,0.0662353333333333,0.0307043333333333,0.0,0.024686
2025-05-13,0.3034403333333333,0.2325497540877364,bullish,0.1104663913088333,0.1379779583333333,0.0958432221078993,52.94639129660632,0.0093035984647727,0.8338932541814015,1.2864668261653225,0.1941864071428571,0.1502253404761904,0.0158304404761904,0.0093587418315018,2,2.857142857142857,0.3640465,6,0.3034403333333333,0.363208,0.3035004,0.270775,0.0,0.170097
2025-05-14,0.203544,0.0525224774929743,bullish,0.025102776204,-0.0998963333333333,0.0958233741879164,53.15367841352145,0.0104985772693509,-0.3292124426438586,-1.16310569682526,0.1966886928571428,0.156404519047619,0.0156675529761904,0.0097879615384615,2,2.5714285714285716,0.1233285,2,0.203544,0.240683,0.203544,0.0,0.0,0.166405
2025-05-15,0.0,0.0525224774929743,neutral,0.0,-0.203544,0.1175486648684862,44.967237615263514,-0.0049217415805146,-1.0,-0.6707875573561414,0.1617195678571428,0.1453512571428571,0.0014645047619047,0.0052645735531135,1,2.142857142857143,0.032558,1,0.0,0.0,0.0,0.0,0.0,0.0
2025-05-16,0.0283175,0.0400469925525001,neutral,0.0042442976937499,0.0283175,0.1215937393434141,46.173764544135864,-0.014688179499219,inf,inf,0.1582511154761905,0.1368322035714285,-0.0284175598214285,0.001994367069597,2,2.2857142857142856,0.1498825,2,0.0283175,0.0,0.0283175,0.0283175,0.0,0.0
2025-05-17,0.145024,0.0400469925525001,neutral,0.0083776014079999,0.1167064999999999,0.1195754623499968,49.84144264892545,-0.0128627443228387,4.121356051911362,-inf,0.1640061726190476,0.1364533642857142,-0.0374793958333333,0.0026733265201465,1,2.0,0.057767,1,0.145024,0.0,0.145024,0.0,0.0,0.145024
2025-05-18,0.365475,0.0400469925525001,bullish,0.122901933,0.220451,0.1333514969276404,56.60963961497968,0.006299674111384,1.5201001213592231,-2.6012559305521386,0.1730376011904762,0.15403465,0.0038563824404761,0.008652526080586,1,1.8571428571428572,0.33628,1,0.365475,0.365475,0.365475,0.365475,0.0,0.0
2025-05-19,0.105599,0.0801316709173095,neutral,0.0106651118036666,-0.259876,0.135815048894744,54.155324189477064,0.0005105242387921,-0.7110636842465285,-2.231163805605752,0.1644856904761905,0.1655885071428571,-0.0044513571428571,0.0003393212454212,2,1.5714285714285714,0.1009963333333333,3,0.105599,0.059389,0.105599,0.13064,0.0,0.063261
2025-05-20,0.131747,0.10162531764649,neutral,0.0149859723945555,0.026148,0.1212618141647884,50.57529238669475,-0.0019450903409128,0.2476159812119434,0.958679665458472,0.1399580714285714,0.1670722392857142,0.0118915892857142,-0.0024280324908424,5,2.0,0.1137481111111111,9,0.131747,0.110518,0.0956984285714285,0.131747,0.0,0.2113035
2025-05-21,0.1575256666666666,0.014606460568301,bullish,0.0167767460427777,0.0257786666666666,0.1184549765541675,49.18847173740146,-0.0017904376702362,0.1956679595487309,-0.0519480216632124,0.1333840238095238,0.1650363583333333,0.0228575357142857,-0.0020758765201465,2,2.0,0.1065016666666666,3,0.1575256666666666,0.0,0.1523824999999999,0.1523824999999999,0.0,0.167812
2025-05-22,0.1259390833333333,0.1516901381114314,neutral,0.0293383595513125,-0.0315865833333333,0.1034309839326403,46.56303521920239,-0.0041685751888533,-0.2005170585957418,-0.3961850181444728,0.1513753214285714,0.1565474446428571,0.0030050029761904,-0.0005639025091575,5,2.5714285714285716,0.23295675,12,0.1259390833333333,0.0842165,0.1182047777777777,0.1265895,0.0,0.0087286
2025-05-23,0.14337,0.087645359420793,neutral,0.08325156591,0.0174309166666666,0.0887108197760543,52.92032594363541,-0.0045937924449523,0.1384075237432911,0.338924582339033,0.1678113928571428,0.1630312541666666,-0.0154323988095238,-0.0043673496520146,3,2.7142857142857144,0.5806763333333333,3,0.14337,0.0,0.104387,0.104387,0.0,0.0
2025-05-24,0.427839,0.087645359420793,bullish,0.125323455558,0.284469,0.1309493645416101,59.042875463283536,0.0178179447668871,1.9841598660807704,1.845752342337479,0.2082135357142857,0.1861098541666666,0.0091723601190475,0.001276850091575,1,2.7142857142857144,0.292922,1,0.427839,0.0,0.427839,0.427839,0.0,0.0
2025-05-25,0.077809,0.0203519473761112,neutral,0.0105835412755,-0.35003,0.1178550775766135,44.21234111428537,0.0072514929853363,-0.8181348591409385,-2.8022947252217087,0.1671183928571428,0.1700779970238095,0.017666369047619,0.0020115008241758,1,2.7142857142857144,0.1360195,2,0.077809,0.0,0.077809,0.077809,0.0,0.0
2025-05-26,0.1044327499999999,0.1505505573229471,neutral,0.0222025070827499,0.0266237499999999,0.11795731973957,48.33146279798294,0.0010141161997837,0.3421680011309744,1.160302860271913,0.1669517857142857,0.1657187380952381,0.0021615654761904,-1.6241025641023487e-05,2,2.7142857142857144,0.2126009999999999,4,0.1044327499999999,0.0629665,0.1044327499999999,0.0,0.0,0.060244
2025-05-27,-0.0458715,0.1601603930455342,neutral,-0.003657426438,-0.15030425,0.1431962785712085,40.51382392012293,-0.0158742936735413,-1.4392443941196609,-1.781412395250635,0.1415777142857142,0.1407678928571428,-0.0256701845238095,-0.001521404029304,2,2.2857142857142856,0.079732,2,-0.0458715,0.0,0.067379,0.067379,0.0,0.067379
2025-05-28,0.044027,0.1601603930455342,neutral,0.001228001084,0.0898985,0.147452010081041,45.64438406595147,-0.0217536937741116,-1.959789847726802,-0.520545453607141,0.125363619047619,0.1293738214285714,-0.0338437678571428,-0.0022158875457875,1,2.142857142857143,0.027892,1,0.044027,0.044027,0.044027,0.044027,0.0,0.044027
2025-05-29,0.4501615,0.03397435951567,bullish,0.2088069616135,0.4061345,0.1918891763707557,61.06724908135861,0.0062858922844732,9.224668953142393,11.184458800869193,0.1716811071428571,0.1615282142857142,0.0010382142857142,0.0026844036630036,2,1.7142857142857142,0.4638489999999999,2,0.4501615,0.0,0.426138,0.0,0.0,0.0
2025-05-30,0.364922,0.03397435951567,bullish,0.139027253716,-0.0852394999999999,0.2043106604468964,58.050130966338415,0.0213828897497902,-0.1893531543679323,-9.414022107510323,0.2033313928571428,0.1855713928571428,0.0176981517857142,0.0041040926739926,1,1.4285714285714286,0.380978,1,0.364922,0.0,0.364922,0.0,0.0,0.0
2025-05-31,0.149663,0.03397435951567,neutral,0.006569906374,-0.215259,0.1788291322641315,50.10595051014139,0.0157957494264357,-0.5898767407829619,-0.4005235864150296,0.1635919642857142,0.18590275,0.0440204821428571,0.0017414113553113,1,1.4285714285714286,0.043898,1,0.149663,0.149663,0.149663,0.149663,0.0,0.149663
2025-06-01,0.178477,0.1501498823442762,bullish,0.071902136605,0.028814,0.1747828546680528,45.31941613722384,0.0135368963341923,0.1925258747987144,0.7824026155816763,0.1779731071428571,0.17254575,0.0333605982142857,0.0074492113553113,1,1.4285714285714286,0.402865,2,0.178477,0.072305,0.178477,0.178477,0.0,0.072305
2025-06-02,0.0576253333333333,0.0177833976599898,neutral,0.0048668243604444,-0.1208516666666666,0.1789118449776468,48.70939190649434,0.0019723161165348,-0.6771273983015551,-0.8696532731002695,0.1712863333333333,0.1691190595238095,0.0099604285714285,0.0019587351648351,3,1.5714285714285714,0.0844563333333333,3,0.0576253333333333,0.067179,0.0576253333333333,0.067179,0.0,0.0528485
2025-06-03,0.1660579999999999,0.0894626948314212,bullish,0.0417254268715999,0.1084326666666666,0.1519375961145217,50.88391547427858,0.0015391442139701,1.881683981582174,2.5588113798837293,0.2015619761904762,0.1715698452380952,-0.0216222976190476,0.0006392304029303,3,1.7142857142857142,0.2512702,5,0.1660579999999999,0.0,0.174265,0.1660579999999999,0.0,0.1235894999999999
2025-06-04,0.23739675,0.0754684146840031,bullish,0.0679286466958125,0.07133875,0.1351760374798763,52.010434888983525,0.0068730487272106,0.4296014043286082,-1.4520825772535657,0.2291862261904762,0.1772749226190476,-0.0402878541666667,0.0020570042124542,3,2.0,0.28613975,4,0.23739675,0.0,0.2294873333333333,0.2294873333333333,0.0,0.0
2025-06-05,0.1663678,0.0741364729077395,bullish,0.03099675010988,-0.07102895,0.0942035895137112,50.997818394858,0.0053075960461328,-0.299199336132445,-0.7288007404610533,0.188644269047619,0.1801626880952381,-0.0154505035714286,5.298183150183296e-05,2,2.0,0.1863146,5,0.1663678,0.0,0.15731425,0.1924555,0.062017,0.062017
2025-06-06,0.25131275,0.2193725491355971,bullish,0.086907844297625,0.08494495,0.0635813544257609,52.57820587477275,0.0107968352148206,0.5105852815268339,0.8097846176592789,0.1724143761904762,0.1878728845238095,0.0164465095238095,0.0008728949816849,2,2.142857142857143,0.3458155,4,0.25131275,0.0,0.2088736666666666,0.238968,0.0,0.2067145
2025-06-07,0.120064,0.2193725491355971,neutral,0.018367750912,-0.13124875,0.0662738149587546,42.068264783136875,0.0045045179709926,-0.5222526513278773,-1.0328379328547113,0.1681859476190476,0.1658889559523809,0.007587344047619,0.0068464691208791,1,2.142857142857143,0.152983,1,0.120064,0.120064,0.120064,0.120064,0.0,0.0
2025-06-08,0.412309,0.2193725491355971,bullish,0.2479317094249999,0.292245,0.1140412297472011,58.88510294863762,0.0228362492017768,2.4340768256929635,2.956329477020841,0.201590519047619,0.1897818130952381,0.0352135357142857,0.0109833069963369,1,2.142857142857143,0.601325,1,0.412309,0.0,0.412309,0.412309,0.0,0.0
2025-06-09,0.100853,0.0850790879123653,neutral,0.0073848096455,-0.3114559999999999,0.105820239266326,49.91741058026973,0.0120930291890128,-0.7553946190842304,-3.189471444777194,0.2077659,0.1895261166666666,0.0038537749999999,0.0056287783882783,1,1.8571428571428572,0.0732235,2,0.100853,0.0,0.100853,0.100853,0.0,0.161013
2025-06-10,0.2203235,0.1294018427702377,bullish,0.068736800934375,0.1194705,0.1042313171439079,56.23009837811251,0.0130685575467354,1.1846003589382563,1.939994978022487,0.2155181142857143,0.2085400452380952,-0.0007590392857143,-0.0012516573626373,3,1.8571428571428572,0.31198125,4,0.2203235,0.0,0.2203235,0.2203235,0.0,0.060445
2025-06-11,0.1863958,0.1228784349660264,bullish,0.0450129081378,-0.0339277,0.1042295975706225,53.42168217725897,0.0109774521933673,-0.1539903823241734,-1.33859074126243,0.2082322642857143,0.2187092452380952,-0.0007537678571428,-0.007307857069597,3,1.8571428571428572,0.2414909999999999,5,0.1863958,0.067868,0.1863958,0.1198625,0.0,0.067868
2025-06-12,0.197801625,0.1791887874608688,bullish,0.0507837375537187,0.011405825,0.1027925612368524,42.51452288135189,0.0101238876065606,0.0611914270600517,0.2151818093842251,0.2127228107142857,0.2006835398809524,-0.0078519741071428,-0.0002749235347985,4,2.142857142857143,0.25674075,8,0.197801625,0.0,0.1868506666666666,0.0,0.0,0.0
2025-06-13,0.251882,0.0643485254920421,bullish,0.0822859872093333,0.0540803749999999,0.1028283977256999,46.58387072831731,0.0136538663357889,0.2734071320192641,0.2122157049592123,0.2128041321428571,0.1926092541666666,0.0018565017857142,0.0066023443406593,2,2.142857142857143,0.3266846666666667,3,0.251882,0.0,0.243804,0.2873255,0.0,0.2245165
2025-06-15,0.1904354999999999,0.0616957737653074,bullish,0.03983710702725,-0.0614465,0.0954238353793577,51.358456963921235,0.0113622108312741,-0.2439495478041305,-0.5173566798233947,0.2228572035714285,0.1955215755952381,-0.0137887276785714,0.0051244265018314,2,2.2857142857142856,0.2091895,2,0.1904354999999999,0.234061,0.1904354999999999,0.1904354999999999,0.0,0.234061
2025-06-16,0.194128,0.1375803522019041,bullish,0.0533234672959999,0.0036925,0.0461288284180019,50.53033738100419,0.009731828404236,0.019389767139005,0.2633393149431356,0.1916884892857143,0.1966395041666666,0.0101976857142857,0.0045227009706959,2,2.4285714285714284,0.274682,2,0.194128,0.0,0.194128,0.194128,0.0,0.0
2025-06-17,0.14127775,0.1686319711529123,neutral,0.021911684552875,-0.0528502499999999,0.0337241701191519,52.971521591669365,0.0041275896170411,-0.2722443439380202,-0.2916341110770253,0.1974634535714285,0.2026146767857142,-0.0081799633928571,-0.0016419481868131,3,2.7142857142857144,0.1550965,4,0.14127775,0.0,0.147052,0.147052,0.0,0.097392
2025-06-18,0.1662116666666666,0.1470597208087018,bullish,0.0493651974233333,0.0249339166666666,0.033812501927452,50.0058028152037,0.0016787945502148,0.1764886308471551,0.4487329747851754,0.1897331916666666,0.2026256529761904,-0.0082626482142857,-0.0038871993589743,3,2.7142857142857144,0.297002,3,0.1662116666666666,0.0,0.2493175,0.279431,0.0,0.0
2025-06-19,0.130901,0.1470597208087018,neutral,0.063222826782,-0.0353106666666666,0.0405582853264382,45.86598264474137,-0.0030757112211903,-0.2124439720436793,-0.3889326028908345,0.1818053630952381,0.1950188136904762,-0.0150428675595238,-0.0047901752564102,1,2.4285714285714284,0.482982,1,0.130901,0.0,0.130901,0.130901,0.0,0.0
2025-06-20,0.1612702,0.0918620618356675,bullish,0.02507932232624,0.0303692,0.0405072221804181,49.79566806899911,-0.0043430883885874,0.2320012834126554,0.4444452554563348,0.176586588095238,0.1946546994047619,-0.0149578833333333,-0.0066989602747252,4,2.4285714285714284,0.1555112,5,0.1612702,0.1082766666666666,0.1829985,0.2407605,0.0,0.1207313333333333
2025-06-22,-0.117454,0.0918620618356675,neutral,-0.005445519802,-0.2787242,0.108894801781013,37.20591759310602,-0.0275209445086819,-1.7283056634145677,-1.960306946827223,0.1238243023809523,0.1683142172619047,-0.0357057446428571,-0.0137485038644688,1,2.2857142857142856,0.046363,1,-0.117454,0.0,-0.117454,-0.117454,0.0,0.0
2025-06-23,0.2492039999999999,0.1262207449391739,bullish,0.0847324999704,0.366658,0.1168603818769836,53.851314028543065,-0.0161175554771614,-3.1217157355219913,-1.3934100721074238,0.1322198023809523,0.1775385029761904,-0.0127563202380952,-0.0130280337179487,3,2.4285714285714284,0.3400126,5,0.2492039999999999,0.180841,0.2492039999999999,0.2858653333333333,0.0,0.15259
2025-06-24,0.5068256666666667,0.3479105246041478,bullish,0.2915616012633334,0.2576216666666667,0.1846015865275891,52.8781881935756,0.013551401015784,1.0337782165080287,4.15549395203002,0.1768908976190476,0.1842896934523809,0.036224050595238,0.0041198576739926,2,2.4285714285714284,0.5752700000000001,3,0.5068256666666667,0.0,0.4006555,0.0,0.0,0.0
2025-06-25,0.303149125,0.1524684607455751,bullish,0.1366871742267343,-0.2036765416666667,0.1894712495641643,56.5930245539573,0.0203941871647419,-0.4018670621127449,-1.4356452786207736,0.2000153797619047,0.1987394166666666,0.044664125297619,0.0047651812087912,3,2.4285714285714284,0.4508908749999999,8,0.303149125,0.0,0.2744341666666667,0.319283,0.0,0.3392364285714286
2025-06-26,0.2314063333333333,0.2541906663163172,bullish,0.0716885250349999,-0.0717427916666667,0.1891347118393304,50.37279783708746,0.0197998637328344,-0.2366584157769438,0.1652086463358011,0.2093289035714285,0.1995310476190476,0.0431983398809523,0.0064100848717948,3,2.4285714285714284,0.309795,3,0.2314063333333333,0.134533,0.134533,0.3271615,0.0,0.0
2025-06-27,0.033676,0.2541906663163172,neutral,0.001703062672,-0.1977303333333332,0.1991583356721364,45.372808077550935,0.0033352351926999,-0.8544724359316008,-0.617814020154657,0.1954396178571428,0.1886224904761904,0.0131743997023809,0.001238339084249,1,2.4285714285714284,0.050572,1,0.033676,0.033676,0.033676,0.0,0.0,0.033676
2025-06-28,0.07085,0.2541906663163172,neutral,0.0039134706,0.037174,0.2046017703341703,46.21268507728965,-0.0066369651002606,1.1038721938472502,1.9583446297788512,0.1825224464285714,0.1795545172619047,-0.0050558333333332,-0.0018239803846153,1,2.0,0.055236,1,0.07085,0.0,0.07085,0.07085,0.0,0.0
