date,sentiment_mean,sentiment_std,sentiment_polarity,weighted_sentiment,sentiment_momentum,sentiment_volatility,sentiment_rsi,sentiment_macd,sentiment_rate_of_change,sentiment_acceleration,sentiment_ma_7d,sentiment_ma_14d,sentiment_trend_7d,sentiment_trend_14d,article_count,article_count_ma_7d,relevance_mean,source_count,Technology_sentiment_score,Finance_sentiment_score,Financial Markets_sentiment_score,Earnings_sentiment_score,Economy - Macro_sentiment_score,Manufacturing_sentiment_score
2024-01-01,-0.0204831282051282,0.1520741112064113,neutral,-0.0023576852620473,0.0,0.1520741112064113,50.0,0.0,0.0,0.0,-0.0204831282051282,-0.0204831282051282,0.0,0.0,39,39.0,0.1151037692307692,6,0.0,0.0,0.0,0.0,0.0,0.0
2024-01-02,0.0175852207792207,0.1632672850528932,neutral,0.0023446920691917,0.0380683489843489,0.1576706981296523,50.0,0.0,-1.858522223906117,0.0,-0.0014489537129537,-0.0014489537129537,0.0,0.0,77,58.0,0.1333331038961039,8,0.0,0.0,0.0,0.0,0.0,0.0
2024-01-03,-0.0072445581395348,0.1570812604248929,neutral,-0.0008520998740292,-0.0248297789187556,0.1574742188947325,50.0,0.0,-1.4119685632889676,-0.0628981279031046,-0.0033808218551474,-0.0033808218551474,0.0,0.0,86,67.33333333333333,0.1176193023255813,13,0.0,0.0,0.0,0.0,0.0,0.0
2024-01-04,0.0273921551724137,0.167460517336549,neutral,0.003229572404832,0.0346367133119486,0.1599707935051866,50.0,0.0,-4.781066373521082,0.0594664922307043,0.0043124224017428,0.0043124224017428,0.0,0.0,58,65.0,0.1179013620689655,9,0.0,0.0,0.0,0.0,0.0,0.0
2024-01-05,-0.007083054054054,0.1534660950311376,neutral,-0.0008269784026484,-0.0344752092264678,0.1586698538103768,50.0,0.0,-1.2585796557252014,-0.0691119225384165,0.0020333271105834,0.0020333271105834,0.0,0.0,111,74.2,0.1167544954954955,14,0.0,0.0,0.0,0.0,0.0,0.0
2024-01-06,0.0229225,0.1276590062564907,neutral,0.0027250781780172,0.030005554054054,0.1537868328203927,50.0,0.0,-4.236245244645575,0.0644807632805219,0.0055148559254862,0.0055148559254862,0.0,0.0,58,71.5,0.1188822413793103,7,0.0,0.0,0.0,0.0,0.0,0.0
2024-01-07,-0.0064213076923076,0.1350669818051601,neutral,-0.0011879616809467,-0.0293438076923076,0.1481467721708461,50.0,0.0,-1.2801312113559904,-0.0593493617463617,0.0038096896943728,0.0038096896943728,0.0,0.0,39,66.85714285714286,0.1850030769230769,6,0.0,0.0,0.0,0.0,0.0,0.0
2024-01-08,0.0325516744186046,0.1532327445115046,neutral,0.0038759441488604,0.0389729821109123,0.1473770689881684,50.0,0.0,-6.069321698693778,0.06831678980322,0.0113860900691917,0.0074024377849017,0.0530348026237328,0.0,86,73.57142857142857,0.1190705,14,0.0,0.0,0.0,0.0,0.0,0.0
2024-01-09,0.0312650705882352,0.1261207720323761,neutral,0.0038304927220011,-0.0012866038303693,0.1391091199273338,50.0,0.0,-0.0395249661760565,-0.0402595859412816,0.0133403543276224,0.0100538414297166,0.0136798498090145,0.0,85,74.71428571428571,0.1225166823529411,10,0.0,0.0,0.0,0.0,0.0,0.0
2024-01-10,0.0097915140186915,0.1498324149898349,neutral,0.0013076785679612,-0.0214735565695437,0.1383823839190733,50.0,0.0,-0.6868225839740778,-0.0201869527391743,0.0157740789216547,0.0100276086886141,0.0170360721582264,0.0,107,77.71428571428571,0.1335522336448598,11,0.0,0.0,0.0,0.0,0.0,0.0
2024-01-11,-0.0028490902255639,0.1103976472595605,neutral,-0.0004446207946567,-0.0126406042442555,0.1349301121196872,50.0,0.0,-1.2909754528385615,0.0088329523252882,0.0114539010076579,0.0088569996964161,-0.0302412453979777,0.0,133,88.42857142857143,0.1560571127819549,12,0.0,0.0,0.0,0.0,0.0,0.0
2024-01-12,-0.0198234329896907,0.1299096966490014,neutral,-0.0022016801841967,-0.0169743427641268,0.1338986550884555,50.0,0.0,5.957811589054588,-0.0043337385198713,0.0096338468739956,0.0064669636392405,-0.0127403789356366,0.0,97,86.42857142857143,0.1110645257731958,9,0.0,0.0,0.0,0.0,0.0,0.0
2024-01-13,-0.0189788275862069,0.1073267836500819,neutral,-0.0019225630877907,0.0008446054034838,0.124717462916171,50.0,0.0,-0.0426064145359215,0.0178189481676106,0.0036479429331089,0.0045095950834369,-0.0419013275862069,0.0,58,86.42857142857143,0.1013004137931034,8,0.0,0.0,0.0,0.0,0.0,0.0
2024-01-14,-0.0190652608695652,0.1137494493858097,neutral,-0.0023211561369612,-8.643328335831979e-05,0.1222431983868577,50.0,0.0,0.0045541950874319,-0.0009310386868421,0.0018416639077863,0.0028256768010796,-0.0126439531772575,0.0,46,87.42857142857143,0.1217479347826087,7,0.0,0.0,0.0,0.0,0.0,0.0
2024-01-15,0.0046976769230769,0.1393704314584324,neutral,0.0005789531952404,0.0237629377926421,0.1201508016805772,50.0,0.0,-1.2463998240158387,0.0238493710760004,-0.0021374785915747,0.0046243057388085,-0.0278539974955277,0.0251808051282051,65,84.42857142857143,0.1232424461538461,10,0.0,0.0,0.0,0.0,0.0,0.0
2024-01-16,0.0486452129629629,0.1522718816146574,neutral,0.0056042447272175,0.043947536039886,0.1285256485515966,50.0,0.0,9.355163575425468,0.0201845982472438,0.0003453988905292,0.0068428766090758,0.0173801423747276,0.0310599921837421,108,87.71428571428571,0.1152065,9,0.0,0.0,0.0,0.0,0.0,0.0
2024-01-17,-0.0043808018867924,0.1416211382929768,neutral,-0.0006287162381212,-0.0530260148497554,0.1308679368803917,50.0,0.0,-1.0900561765476875,-0.0969735508896414,-0.001679217667397,0.0070474306271288,-0.014172315905484,0.0028637562527424,106,87.57142857142857,0.1435162452830188,8,0.0,0.0,0.0,0.0,0.0,0.0
2024-01-18,-0.0042400499999999,0.1504874358044887,neutral,-0.0005917509711131,0.0001407518867924,0.139500067311273,50.0,0.0,-0.0321292517739282,0.0531667667365478,-0.0018779262066022,0.0047879874005278,-0.001390959774436,-0.0316322051724137,80,80.0,0.1395622625,11,0.0,0.0,0.0,0.0,0.0,0.0
2024-01-19,0.0101601923076923,0.13303128703088,neutral,0.0011364907151035,0.0144002423076923,0.1433564348402871,50.0,0.0,-3.3962435130935513,0.0142594904208998,0.002405448835881,0.0060196478549383,0.029983625297383,0.0172432463617463,78,77.28571428571429,0.1118572051282051,12,0.0,0.0,0.0,0.0,0.0,0.0
2024-01-20,-0.0098370399999999,0.1294691768204687,neutral,-0.0011030613313583,-0.0199972323076923,0.1413761839126943,50.0,0.0,-1.968194272519069,-0.0343974746153846,0.0037114184910535,0.0036796807120812,0.0091417875862069,-0.03275954,50,76.14285714285714,0.1121334599999999,7,0.0,0.0,0.0,0.0,0.0,0.0
2024-01-21,0.01277825,0.1340669686333649,neutral,0.0017273845996562,0.02261529,0.1377352013164358,50.0,0.0,-2.2989933963875315,0.0426125223076923,0.0082604914724199,0.0050510776901031,0.0318435108695652,0.0191995576923076,64,78.71428571428571,0.135181625,8,0.0,0.0,0.0,0.0,0.0,0.0
2024-01-22,0.0204230357142857,0.1360180688424343,neutral,0.0021568133444961,0.0076447857142857,0.1366145874263274,50.0,0.0,0.5982654678289836,-0.0149705042857142,0.0105069712997355,0.0041847463540803,0.0157253587912087,-0.0121286387043189,84,81.42857142857143,0.1056068928571428,12,0.0,0.0,0.0,0.0,0.0,0.0
2024-01-23,0.0309247159090909,0.1555831341383045,neutral,0.0040887123681721,0.0105016801948051,0.1376337270930905,50.0,0.0,0.5142076007564034,0.0028568944805194,0.0079754717206109,0.00416043530557,-0.017720497053872,-0.0003403546791443,88,78.57142857142857,0.1322150340909091,7,0.0,0.0,0.0,0.0,0.0,0.0
2024-01-24,0.0313910583333333,0.1275796889968226,neutral,0.0041328847428264,0.0004663424242424,0.136543407486279,50.0,0.0,0.015079925895304,-0.0100353377705627,0.0130857374663431,0.005703259899473,0.0357718602201257,0.0215995443146417,120,80.57142857142857,0.131658025,8,0.0,0.0,0.0,0.0,0.0,0.0
2024-01-25,0.0145619775280898,0.1288917078274677,neutral,0.0015643196178664,-0.0168290808052434,0.1364279136876788,50.0,0.0,-0.5361106537581465,-0.0172954232294858,0.0157717413989274,0.0069469075961626,0.0188020275280898,0.0174110677536537,89,81.85714285714286,0.1074249438202247,10,0.0,0.0,0.0,0.0,0.0,0.0
2024-01-26,0.0100834444444444,0.1290244380546762,neutral,0.0009374711501056,-0.0044785330836454,0.1354194075719411,50.0,0.0,-0.3075497867653212,0.012350547721598,0.0157607774184634,0.0090831131271722,-7.674786324786582e-05,0.0299068774341351,81,82.28571428571429,0.0929713209876543,10,0.0,0.0,0.0,0.0,0.0,0.0
2024-01-27,0.0182407391304347,0.1336562028390477,neutral,0.002237450301671,0.0081572946859903,0.1349470343712637,50.0,-0.0251808051282051,0.8089789883738259,0.0126358277696357,0.0197718887228113,0.0117416536069323,0.0280777791304347,0.0372195667166416,46,81.71428571428571,0.1226622608695652,6,0.0,0.0,0.0,0.0,0.0,0.0
2024-01-28,-0.0100456046511627,0.1862411480334466,neutral,-0.0015770727904526,-0.0282863437815975,0.1410786371502922,50.0,-0.0310599921837421,-1.550723552336848,-0.0364436384675879,0.0165113380583594,0.0123859147653897,-0.0228238546511627,0.0090196562184024,43,78.71428571428571,0.1569913255813953,4,0.0,0.0,0.0,0.0,0.0,0.0
2024-01-29,0.0018262340425531,0.1320503367654116,neutral,0.0002244788817046,0.0118718386937159,0.14197276670401,50.0,-0.0028637562527424,-1.181794337520719,0.0401581824753135,0.0138546521052548,0.0121808117024951,-0.0185968016717325,-0.0028714428805237,94,80.14285714285714,0.1229190106382978,9,0.0,0.0,0.0,0.0,0.0,0.0
2024-01-30,0.0092570574712643,0.1283607311734409,neutral,0.0010182307813724,0.0074308234287111,0.1418665713732046,50.0,0.0316322051724137,4.068932708275662,-0.0044410152650048,0.0107592723284224,0.0093673720245166,-0.0216676584378265,-0.0393881554916985,87,80.0,0.1099950804597701,11,0.0,0.0,0.0,0.0,0.0,0.0
2024-01-31,-0.0048070126582278,0.1650659046632426,neutral,-0.0006129735817535,-0.0140640701294922,0.1490748646949179,50.0,-0.0172432463617463,-1.519280848493132,-0.0214948935582033,0.005588119329628,0.0093369283979855,-0.0361980709915611,-0.0004262107714353,79,74.14285714285714,0.1275165316455696,11,0.0,0.0,0.0,0.0,0.0,0.0
2024-02-01,-0.0141630568181818,0.1428778494768684,neutral,-0.0015798138273007,-0.0093560441599539,0.150919194022482,50.0,0.03275954,1.9463323326057496,0.0047080259695382,0.0014845429944463,0.0086281421966868,-0.0287250343462717,-0.0099230068181818,88,74.0,0.1115446931818181,11,0.0,0.0,0.0,0.0,0.0,0.0
2024-02-02,0.009418101010101,0.1190177899191318,neutral,0.0010336721653512,0.0235811578282828,0.137474522399619,50.0,-0.0191995576923076,-1.664976574690467,0.0329372019882368,0.0013894939323972,0.0085751356754303,-0.0006653434343434,-0.0007420912975912,99,76.57142857142857,0.1097537777777777,9,0.0,0.0,0.0,0.0,0.0,0.0
2024-02-03,-0.0031296617647058,0.1300295274615307,neutral,-0.0003403982601559,-0.0125477627748068,0.1370703605388429,50.0,0.0121286387043189,-1.3323028454833188,-0.0361289206030897,-0.0016634204811942,0.0090542341208085,-0.0213704008951406,0.0067073782352941,68,79.71428571428571,0.1087651911764705,8,0.0,0.0,0.0,0.0,0.0,0.0
2024-02-04,0.0179854693877551,0.1460049170213829,neutral,0.0026125659798117,0.0211151311524609,0.1405991977084313,50.0,0.0003403546791443,-6.7467773644368,0.0336628939272678,0.0023410186672225,0.009426178362791,0.0280310740389178,0.0052072193877551,49,80.57142857142857,0.1452598163265306,9,0.0,0.0,0.0,0.0,0.0,0.0
2024-02-05,0.0188395,0.1524674928131676,neutral,0.0023791891421513,0.0008540306122448,0.1380795153384163,50.0,-0.0215995443146417,0.0474844772650937,-0.020261100540216,0.0047714852325721,0.0093130686689134,0.0170132659574468,-0.0015835357142857,76,78.0,0.1262872763157894,13,0.0,0.0,0.0,0.0,0.0,0.0
2024-02-06,0.0431087934782608,0.1540268411615638,neutral,0.0055172911162351,0.0242692934782608,0.1403093136753554,50.0,-0.0174110677536538,1.2882132476053436,0.0234152628660159,0.0096074475192859,0.0101833599238541,0.0338517360069965,0.0121840775691699,92,78.71428571428571,0.1279852826086956,10,0.0,0.0,0.0,0.0,0.0,0.0
2024-02-07,0.0221643285714285,0.1666761674832082,neutral,0.0031390854106818,-0.0209444649068322,0.1498409891881706,50.0,-0.0299068774341351,-0.4858513360480451,-0.0452137583850931,0.0134604962663796,0.0095243077980038,0.0269713412296564,-0.0092267297619047,70,77.42857142857143,0.1416278142857142,12,0.0,0.0,0.0,0.0,0.0,0.0
2024-02-08,0.0055010933333333,0.1311586849352746,neutral,0.0005162090290364,-0.0166632352380952,0.1500668206829195,50.0,-0.0372195667166416,-0.7518041967477128,0.004281229668737,0.016269660573739,0.0088771017840926,0.0196641501515151,-0.0090608841947565,75,75.57142857142857,0.0938375333333333,12,0.0,0.0,0.0,0.0,0.0,0.0
2024-02-09,0.0231987710843373,0.125398082847632,neutral,0.0022630356472248,0.017697677751004,0.1459454538481693,50.0,-0.0090196562184024,3.21712006661779,0.0343609129890992,0.0182383277272013,0.0098139108297993,0.0137806700742363,0.0131153266398929,83,73.28571428571429,0.0975498072289156,12,0.0,0.0,0.0,0.0,0.0,0.0
2024-02-10,0.0091479629629629,0.1340335970398189,neutral,0.0011403567720404,-0.0140508081213743,0.1422586746934995,50.0,0.0028714428805237,-0.6056703637573626,-0.0317484858723784,0.0199922741168683,0.009164426817837,0.0122776247276688,-0.0090927761674718,54,71.28571428571429,0.1246569074074074,5,0.0,0.0,0.0,0.0,0.0,0.0
2024-02-11,-0.006037074074074,0.1217314584588663,neutral,-0.0007114383234732,-0.015185037037037,0.13579959815296,50.0,0.0393881554916985,-1.6599364359602422,-0.0011342289156626,0.0165604821937498,0.0094507504304862,-0.0240225434618291,0.0040085305770887,54,72.0,0.1178448888888888,6,0.0,0.0,0.0,0.0,0.0,0.0
2024-02-12,0.0636094,0.1679205605696086,neutral,0.0066981052595228,0.069646474074074,0.1360484767702401,50.0,0.0004262107714353,-11.536461739498533,0.0848315111111111,0.0229561821937498,0.0138638337131609,0.0447699,0.0617831659574468,70,71.14285714285714,0.1053005571428571,11,0.0,0.0,0.0,0.0,0.0,0.0
2024-02-13,0.0192462405063291,0.1617769069405826,neutral,0.00246733173304,-0.0443631594936708,0.1421721211713017,50.0,0.0099230068181818,-0.6974308748969631,-0.1140096335677449,0.0195472460549024,0.0145773467870941,-0.0238625529719317,0.0099891830350647,79,69.28571428571429,0.1281981139240506,10,0.0,0.0,0.0,0.0,0.0,0.0
2024-02-14,0.0191600526315789,0.1250907468798762,neutral,0.0018077182928576,-8.618787475016612e-05,0.1421106539777505,50.0,0.0007420912975912,-0.0044781667734965,0.0442769716189207,0.019118063777781,0.0162892800220803,-0.0030042759398496,0.0239670652898067,95,72.85714285714286,0.0943482947368421,9,0.0,0.0,0.0,0.0,0.0,0.0
2024-02-15,0.0365085,0.1764789392455082,neutral,0.004207120887375,0.017348447368421,0.1505997224188884,50.0,-0.0067073782352941,0.905448836806843,0.0174346352431712,0.0235476933015906,0.0199086769376648,0.0310074066666666,0.0506715568181818,92,75.28571428571429,0.11523675,12,0.0,0.0,0.0,0.0,0.0,0.0
2024-02-16,0.00702768,0.1593291796339959,neutral,0.0008288467343552,-0.0294808199999999,0.1581192666539143,50.0,-0.0052072193877551,-0.8075056493693249,-0.046829267368421,0.0212375374323995,0.0197379325798004,-0.0161710910843373,-0.002390421010101,75,74.14285714285714,0.1179403066666666,10,0.0,0.0,0.0,0.0,0.0,0.0
2024-02-17,-0.0268855813953488,0.1301848257369265,neutral,-0.0027738961011141,-0.0339132613953488,0.1505721196873779,50.0,0.0015835357142857,-4.825669551736681,-0.0044324413953488,0.016089888238355,0.0180410811776116,-0.0360335443583118,-0.0237559196306429,43,72.57142857142857,0.1031741162790697,8,0.0,0.0,0.0,0.0,0.0,0.0
2024-02-18,0.0388711470588235,0.1413513970174893,neutral,0.003784091303679,0.0657567284541723,0.1464870177027592,50.0,-0.0121840775691699,-2.445799013502017,0.0996699898495211,0.0225053484001975,0.0195329152969737,0.0449082211328975,0.0208856776710684,34,69.71428571428571,0.0973496176470588,4,0.0,0.0,0.0,0.0,0.0,0.0
2024-02-19,0.0248449027777777,0.1445033591959228,neutral,0.002537100394614,-0.0140262442810457,0.1503695401659686,50.0,0.0092267297619047,-0.3608394745804619,-0.0797829727352181,0.0169675630827372,0.0199618726382435,-0.0387644972222222,0.0060054027777777,72,70.0,0.1021175416666666,6,0.0,0.0,0.0,0.0,0.0,0.0
2024-02-20,0.0184476206896551,0.1634142822995213,neutral,0.002760940568085,-0.0063972820881226,0.1477566087767712,50.0,0.0090608841947565,-0.2574887149023007,0.0076289621929231,0.016853474537498,0.0182003602962002,-0.0007986198166739,-0.0246611727886056,58,67.0,0.1496637758620689,11,0.0,0.0,0.0,0.0,0.0,0.0
2024-02-21,-0.0055395070422535,0.1280706752149958,neutral,-0.0005901859461495,-0.0239871277319086,0.1415049078929711,50.0,-0.0131153266398929,-1.300283008602833,-0.017589845643786,0.0133249660126648,0.0162215148952229,-0.0246995596738324,-0.027703835613682,71,63.57142857142857,0.1065412394366197,7,0.0,0.0,0.0,0.0,0.0,0.0
2024-02-22,0.0034743283582089,0.1540917994198133,neutral,0.0003680766208019,0.0090138354004624,0.1462863026295485,50.0,0.0090927761674718,-1.627190891122248,0.0330009631323711,0.0086057986352661,0.0160767459684283,-0.033034171641791,-0.0020267649751243,67,60.0,0.1059418059701492,8,0.0,0.0,0.0,0.0,0.0,0.0
2024-02-23,0.018825049382716,0.1437006676626714,neutral,0.0023263800804426,0.015350721024507,0.1467561567585849,50.0,-0.0040085305770887,4.418327642589464,0.0063368856240446,0.0102911371185113,0.0157643372754554,0.011797369382716,-0.0043737217016213,81,60.857142857142854,0.1235789629629629,7,0.0,0.0,0.0,0.0,0.0,0.0
2024-02-24,0.0346865671641791,0.1025176524866348,neutral,0.0034722434110046,0.015861517781463,0.1383590154167273,50.0,-0.0617831659574468,0.8425750955015332,0.0005107967569559,0.019087158341301,0.017588523289828,0.0615721485595279,0.0255386042012161,67,64.28571428571429,0.1001034029850746,7,0.0,0.0,0.0,0.0,0.0,0.0
2024-02-25,0.0803318571428571,0.1180093133345343,neutral,0.0095809238263852,0.045645289978678,0.1292780216237299,50.0,-0.0099891830350647,1.315935640521269,0.0297837721972149,0.0250101169247343,0.0237577326624659,0.0414607100840336,0.0863689312169312,56,67.42857142857143,0.1192668035714285,5,0.0,0.0,0.0,0.0,0.0,0.0
2024-02-26,0.0293082777777777,0.1453650029014599,neutral,0.0042588513804544,-0.0510235793650793,0.1327368871610227,50.0,-0.0239670652898067,-0.6351599624336113,-0.0966688693437574,0.0256477419247343,0.0213076525037358,0.004463375,-0.0343011222222222,72,67.42857142857143,0.1453122361111111,10,0.0,0.0,0.0,0.0,0.0,0.0
2024-02-27,0.0193889540229885,0.1360936611357172,neutral,0.002239659977165,-0.0099193237547892,0.1291372595042035,50.0,-0.0506715568181818,-0.3384478552441705,0.04110425561029,0.0257822181152105,0.0213178463263543,0.0009413333333333,0.0001427135166593,87,71.57142857142857,0.1155121609195402,10,0.0,0.0,0.0,0.0,0.0,0.0
2024-02-28,0.0283328181818181,0.1302238938263372,neutral,0.0032193845791487,0.0089438641588296,0.1264419047369367,50.0,0.002390421010101,0.4612865731810691,0.0188631879136189,0.0306211217186493,0.0219730438656571,0.0338723252240717,0.0091727655502392,99,75.57142857142857,0.113627404040404,12,0.0,0.0,0.0,0.0,0.0,0.0
2024-02-29,-0.0058654210526315,0.1306133159737565,neutral,-0.0007338706773822,-0.0341982392344497,0.132061037434361,50.0,0.0237559196306429,-1.2070186246561083,-0.0431421033932794,0.029286871802815,0.0189463352190405,-0.0093397494108405,-0.0423739210526315,76,76.85714285714286,0.1251181578947368,10,0.0,0.0,0.0,0.0,0.0,0.0
2024-03-01,0.0176345119047619,0.1198284530746052,neutral,0.0022711639035102,0.0234999329573934,0.1324248653823752,50.0,-0.0208856776710684,-4.006521057316082,0.0576981721918432,0.0291167950202501,0.0197039660693807,-0.0011905374779541,0.0106068319047619,84,77.28571428571429,0.1287908571428571,8,0.0,0.0,0.0,0.0,0.0,0.0
2024-03-02,-0.0463935853658536,0.1877981095964461,neutral,-0.0065739710463414,-0.0640280972706155,0.1409114867213724,50.0,-0.0060054027777777,-3.6308403440032753,-0.087528030228009,0.0175339160873883,0.0183105372143446,-0.0810801525300327,-0.0195080039705048,41,73.57142857142857,0.1417,4,0.0,0.0,0.0,0.0,0.0,0.0
2024-03-03,-0.0261184489795918,0.1473678120914725,neutral,-0.004170697340798,0.0202751363862618,0.1431663169125235,50.0,0.0246611727886056,-0.4370245633394096,0.0843032336568773,0.002326729498467,0.0136684232116007,-0.1064503061224489,-0.0649895960384153,49,72.57142857142857,0.1596839591836734,5,0.0,0.0,0.0,0.0,0.0,0.0
2024-03-04,0.0214402539682539,0.1274167179254834,neutral,0.0030239466922207,0.0475587029478458,0.1426048817323527,50.0,0.027703835613682,-1.8208854203022056,0.0272835665615839,0.0012027260971064,0.0134252340109204,-0.0078680238095238,-0.0034046488095238,63,71.28571428571429,0.141040619047619,9,0.0,0.0,0.0,0.0,0.0,0.0
2024-03-05,0.0168783037974683,0.1642310447793497,neutral,0.0023464459363079,-0.0045619501707856,0.1493284274934714,50.0,0.0020267649751243,-0.2127750061888434,-0.0521206531186314,0.000844061779175,0.0133131399471928,-0.0025106502255201,-0.0015693168921868,79,70.14285714285714,0.1390214303797468,8,0.0,0.0,0.0,0.0,0.0,0.0
2024-03-06,0.0580615492957746,0.1378552415942726,neutral,0.006779941154622,0.0411832454983063,0.1529337851974049,50.0,0.0043737217016213,2.440010915343493,0.0457451956690919,0.0050910233668831,0.0178560725427662,0.0297287311139564,0.0636010563380281,142,76.28571428571429,0.1167716197183098,10,0.0,0.0,0.0,0.0,0.0,0.0
2024-03-07,0.0217846363636363,0.133510548546521,neutral,0.0021547945189311,-0.0362769129321382,0.1420762729874198,50.0,-0.0255386042012161,-0.6248009805480387,-0.0774601584304446,0.0090410315692071,0.019163951686011,0.0276500574162679,0.0183103080054274,99,79.57142857142857,0.0989134949494949,8,0.0,0.0,0.0,0.0,0.0,0.0
2024-03-08,0.0139006762589928,0.1332462203477987,neutral,0.0013981502191122,-0.0078839601046435,0.1392519546386851,50.0,-0.0863689312169312,-0.3619045997849992,0.0283929528274947,0.0085076264769543,0.0188122107486022,-0.003733835645769,-0.0049243731237232,139,87.42857142857143,0.10058145323741,8,0.0,0.0,0.0,0.0,0.0,0.0
2024-03-09,-0.0420770175438596,0.1467991702042637,neutral,-0.0058860144656786,-0.0559776938028524,0.1431284450944411,50.0,0.0343011222222222,-4.026976296684749,-0.0480937336982088,0.0091242790229535,0.0133290975551709,0.004316567821994,-0.0767635847080387,57,89.71428571428571,0.1398866842105263,6,0.0,0.0,0.0,0.0,0.0,0.0
2024-03-10,0.0174755454545454,0.1282500107451902,neutral,0.0022984501452545,0.0595525629984051,0.1359322382876092,50.0,-0.0001427135166593,-1.4153228169351486,0.1155302568012575,0.0153519925135445,0.0088393610060058,0.0435939944341372,-0.0628563116883117,55,90.57142857142856,0.1315238,3,0.0,0.0,0.0,0.0,0.0,0.0
2024-03-11,0.0634339438202247,0.158868032025037,neutral,0.0095272074563033,0.0459583983656792,0.1401347963737621,50.0,-0.0091727655502392,2.6298691783451784,-0.0135941646327258,0.0213510910638261,0.0112769085804662,0.0419936898519707,0.0341256660424469,89,94.28571428571428,0.150191,8,0.0,0.0,0.0,0.0,0.0,0.0
2024-03-12,0.04329624,0.1728277035819095,neutral,0.0062402225598023,-0.0201377038202247,0.1479982273808398,50.0,0.0423739210526315,-0.3174594327178535,-0.066096102185904,0.025125081949902,0.0129845718645385,0.0264179362025316,0.0239072859770114,100,97.28571428571428,0.14412851,7,0.0,0.0,0.0,0.0,0.0,0.0
2024-03-13,-0.0154625727272727,0.1390144128965802,neutral,-0.002047521971418,-0.0587588127272727,0.1491518658905961,50.0,-0.0106068319047619,-1.3571343083665632,-0.038621108907048,0.0146216359466095,0.0098563296567463,-0.0735241220230473,-0.0437953909090909,110,92.71428571428572,0.1324179363636363,6,0.0,0.0,0.0,0.0,0.0,0.0
2024-03-14,-0.0257979333333333,0.1633330956666863,neutral,-0.0033036724502059,-0.0103353606060606,0.1524586509830806,50.0,0.0195080039705048,0.6684114466819095,0.0484234521212121,0.0078241259898996,0.0084325787795533,-0.0475825696969696,-0.0199325122807017,90,91.42857142857144,0.1280595777777777,10,0.0,0.0,0.0,0.0,0.0,0.0
2024-03-15,-0.0062400108695652,0.134103895887594,neutral,-0.0007575563109026,0.0195579224637681,0.1536294280115614,50.0,0.0649895960384153,-0.7581197381612526,0.0298932830698287,0.0049468849715341,0.0067272557242442,-0.020140687128558,-0.0238745227743271,92,84.71428571428571,0.1214030434782608,9,0.0,0.0,0.0,0.0,0.0,0.0
2024-03-16,-0.0613042,0.1288496049065398,neutral,-0.007507070793452,-0.0550641891304347,0.147625742587862,50.0,0.0034046488095238,8.824373912392156,-0.0746221115942029,0.0022001446206569,0.0056622118218052,-0.0192271824561403,-0.0149106146341463,50,83.71428571428571,0.12245606,7,0.0,0.0,0.0,0.0,0.0,0.0
2024-03-17,0.0115974680851063,0.1269751428169499,neutral,0.0013749511535803,0.0729016680851063,0.13845523043487,50.0,0.0015693168921868,-1.1891790135929736,0.1279658572155411,0.0013604192821656,0.0083562058978551,-0.005878077369439,0.0377159170646982,47,82.57142857142857,0.1185561489361702,4,0.0,0.0,0.0,0.0,0.0,0.0
2024-03-18,-0.0125217368421052,0.1346086518901731,neutral,-0.0014549750750664,-0.0241192049272116,0.1375740782335886,50.0,-0.0636010563380281,-2.0796957361914052,-0.097020873012318,-0.0094903922410243,0.0059303494114008,-0.07595568066233,-0.0339619908103592,76,80.71428571428571,0.116195947368421,9,0.0,0.0,0.0,0.0,0.0,0.0
2024-03-19,-0.0065831028037383,0.1339400729455495,neutral,-0.0007063632393816,0.0059386340383669,0.1316954736893613,50.0,-0.0183103080054274,-0.4742659994576671,0.0300578389655785,-0.0166160126415583,0.0042545346541718,-0.0498793428037383,-0.0234614066012066,107,81.71428571428571,0.1072994392523364,9,0.0,0.0,0.0,0.0,0.0,0.0
2024-03-20,0.0209683592233009,0.1293083545952635,neutral,0.0027806865897658,0.0275514620270392,0.1307363654308952,50.0,0.0049243731237232,-4.185178759686657,0.0216128279886723,-0.0114115937914763,0.0016050210775665,0.0364309319505737,-0.0370931900724736,103,80.71428571428571,0.1326134563106796,8,0.0,0.0,0.0,0.0,0.0,0.0
2024-03-21,0.0323760804597701,0.1434152341874864,neutral,0.0037895993780401,0.0114077212364691,0.1336494912870845,50.0,0.0767635847080387,0.5440445346716674,-0.0161437407905701,-0.0031010203924616,0.0023615527987189,0.0581740137931034,0.0105914440961337,87,80.28571428571429,0.117049356321839,14,0.0,0.0,0.0,0.0,0.0,0.0
2024-03-22,0.0316498452380952,0.1587899695236988,neutral,0.0042984393314246,-0.0007262352216748,0.1400124566284343,50.0,0.0628563116883117,-0.022431227355556,-0.012133956458144,0.002311816194347,0.0036293505829405,0.0378898561076604,0.0177491689791024,84,79.14285714285714,0.1358123333333333,8,0.0,0.0,0.0,0.0,0.0,0.0
2024-03-23,0.0380947868852459,0.1213900272611819,neutral,0.0038868573192496,0.0064449416471506,0.137368731702636,50.0,-0.0341256660424469,0.2036326433404873,0.0071711768688255,0.0165116714636678,0.0093559080421624,0.0993989868852459,0.0801718044291055,61,80.71428571428571,0.1020312131147541,7,0.0,0.0,0.0,0.0,0.0,0.0
2024-03-24,0.027919813559322,0.1510054922129146,neutral,0.0035354258924352,-0.0101749733259238,0.140781815556109,50.0,-0.0239072859770114,-0.2670962133631106,-0.0166199149730745,0.0188434351028415,0.0101019271925036,0.0163223454742156,0.0104442681047765,59,82.42857142857143,0.1266278474576271,7,0.0,0.0,0.0,0.0,0.0,0.0
2024-03-25,0.0073371093749999,0.1673713111377573,neutral,0.0010980971250183,-0.020582704184322,0.1483944068646078,50.0,0.0437953909090909,-0.7372077947651539,-0.0104077308583981,0.0216804131338565,0.0060950104464161,0.0198588462171052,-0.0560968344452247,64,80.71428571428571,0.1496634531249999,8,0.0,0.0,0.0,0.0,0.0,0.0
2024-03-26,-0.0170724537037037,0.1269059258781789,neutral,-0.0020760988942043,-0.0244095630787037,0.1450925452027463,50.0,0.0199325122807017,-3.3268637321770473,-0.0038268588943816,0.0201819344338615,0.0017829608961515,-0.0104893508999653,-0.0603686937037037,108,80.85714285714286,0.1216051851851851,7,0.0,0.0,0.0,0.0,0.0,0.0
2024-03-27,-0.0265073963963963,0.1082734691267927,neutral,-0.0037268159933447,-0.0094349426926926,0.1349892451233651,50.0,0.0238745227743271,0.55264128147238,0.014974620386011,0.0133996836310475,0.0009940449197855,-0.0474757556196973,-0.0110448236691236,111,82.0,0.1405953243243243,6,0.0,0.0,0.0,0.0,0.0,0.0
2024-03-28,-0.0031693783783783,0.1579341696212838,neutral,-0.0003613431845379,0.023338018018018,0.1422980735953855,50.0,0.0149106146341463,-0.8804341878401438,0.0327729607107107,0.0083217609398835,0.0026103702737109,-0.0355454588381484,0.0226285549549549,74,80.14285714285714,0.1140107432432432,8,0.0,0.0,0.0,0.0,0.0,0.0
2024-03-29,0.0043977868852459,0.1196955335621891,neutral,0.0004796745460091,0.0075671652636242,0.1360360818652404,50.0,-0.0377159170646982,-2.3875865738366153,-0.0157708527543937,0.0044286097466193,0.0033702129704831,-0.0272520583528493,0.0106377977548111,61,76.85714285714286,0.1090718032786885,8,0.0,0.0,0.0,0.0,0.0,0.0
2024-03-30,-0.0388629259259259,0.1439936782140697,neutral,-0.0055158114782475,-0.0432607128111718,0.1313605552805029,50.0,0.0339619908103592,-9.83692796854409,-0.0508278780747961,-0.0065653492264052,0.0049731611186313,-0.0769577128111718,0.022441274074074,54,75.85714285714286,0.1419299074074074,7,0.0,0.0,0.0,0.0,0.0,0.0
2024-03-31,0.0301758139534883,0.1204082277103417,neutral,0.0028902892856462,0.0690387398794143,0.1300610156469354,50.0,0.0234614066012066,-1.7764678864119627,0.1122994526905861,-0.00624306345581,0.0063001858235157,0.0022560003941663,0.0185783458683819,43,73.57142857142857,0.0957816511627907,7,0.0,0.0,0.0,0.0,0.0,0.0
2024-04-01,-0.0185588292682926,0.1340991033317905,neutral,-0.0025621606757168,-0.048734643221781,0.135226142487935,50.0,0.0370931900724736,-1.6150233195664057,-0.1177733831011953,-0.0099424832619946,0.0058689649359309,-0.0258959386432926,-0.0060370924261874,82,76.14285714285714,0.1380561585365853,9,0.0,0.0,0.0,0.0,0.0,0.0
2024-04-02,0.0007692282608695,0.1342260436248833,neutral,9.060554902776462e-05,0.0193280575291622,0.1304845172886549,50.0,-0.0105914440961337,-1.041448102665817,0.0680627007509433,-0.0073936715527699,0.0063941314405457,0.0178416819645732,0.0073523310646078,92,73.85714285714286,0.1177875978260869,10,0.0,0.0,0.0,0.0,0.0,0.0
2024-04-03,-0.0170189404761904,0.1558086522639151,neutral,-0.0021470453042365,-0.01778816873706,0.1377071410290001,50.0,-0.0177491689791024,-23.124694764791425,-0.0371162262662222,-0.0060381778498833,0.0036807528905821,0.0094884559202059,-0.0379872996994914,84,70.0,0.1261562261904762,9,0.0,0.0,0.0,0.0,0.0,0.0
2024-04-04,0.0071434109589041,0.1116814999549606,neutral,0.0007444283600097,0.0241623514350945,0.1312447053771783,50.0,-0.0801718044291055,-1.4197330009407902,0.0419505201721546,-0.0045649222302715,0.0018784193548059,0.0103127893372824,-0.025232669500866,73,69.85714285714286,0.1042118904109589,11,0.0,0.0,0.0,0.0,0.0,0.0
2024-04-05,-0.0291564705882352,0.1261690730160457,neutral,-0.0031959748609411,-0.0362998815471394,0.1323968744383191,50.0,-0.0104442681047765,-5.081589419392479,-0.0604622329822339,-0.009358387583626,-0.0024648889185033,-0.0335542574734811,-0.0608063158263305,85,73.28571428571429,0.1096145999999999,10,0.0,0.0,0.0,0.0,0.0,0.0
2024-04-06,0.0031484814814814,0.1218646627174403,neutral,0.0003286955778401,0.0323049520697167,0.129949986315449,50.0,0.0560968344452247,-1.1079856861259434,0.0686048336168561,-0.0033567579539964,-0.0049610535902008,0.0420114074074074,-0.0349463054037644,54,73.28571428571429,0.1043981296296296,6,0.0,0.0,0.0,0.0,0.0,0.0
2024-04-07,-0.0277150877192982,0.1281965203706905,neutral,-0.0037050783735549,-0.0308635692007797,0.1287440816646105,50.0,0.0603686937037037,-9.802684050171782,-0.0631685212704964,-0.0116268867643945,-0.0089349751101022,-0.0578909016727866,-0.0556349012786202,57,75.28571428571429,0.1336845263157894,5,0.0,0.0,0.0,0.0,0.0,0.0
2024-04-08,0.012395515625,0.1298660401883041,neutral,0.0017894669924072,0.0401106033442982,0.1235555592494883,50.0,0.0110448236691236,-1.4472479304609562,0.0709741725450779,-0.0072048374939241,-0.0085736603779594,0.0309543448932926,0.00505840625,64,72.71428571428571,0.1443640625,7,0.0,0.0,0.0,0.0,0.0,0.0
2024-04-09,0.0283437875,0.1600196862513867,neutral,0.0038805688501682,0.015948271875,0.1332231965087735,50.0,-0.0226285549549549,1.2866162536098615,-0.0241623314692982,-0.0032656147454769,-0.0053296431491234,0.0275745592391304,0.0454162412037037,80,71.0,0.1369107375,7,0.0,0.0,0.0,0.0,0.0,0.0
2024-04-10,-0.0292808356164383,0.1347614778790262,neutral,-0.0038381624167603,-0.0576246231164383,0.1349416774813696,50.0,-0.0106377977548111,-2.033060088262317,-0.0735728949914383,-0.0050173140512266,-0.0055277459505549,-0.0122618951402478,-0.0027734392200419,73,69.42857142857143,0.1310810410958904,5,0.0,0.0,0.0,0.0,0.0,0.0
2024-04-11,0.0105793058823529,0.1352472232054554,neutral,0.0011242376947083,0.0398601414987912,0.1376181895789726,50.0,-0.022441274074074,-1.3613047804009284,0.0974847646152296,-0.0045264719193053,-0.0045456970747884,0.0034358949234488,0.0137486842607313,85,71.14285714285714,0.1062676235294117,8,0.0,0.0,0.0,0.0,0.0,0.0
2024-04-12,0.0071005624999999,0.1396492799721152,neutral,0.0007835060661265,-0.0034787433823529,0.1399087414992575,50.0,-0.0185783458683819,-0.3288252954436019,-0.0433388848811442,0.0006531042361568,-0.0043526416737346,0.0362570330882352,0.002702775614754,80,70.42857142857143,0.110344225,11,0.0,0.0,0.0,0.0,0.0,0.0
2024-04-13,-0.0389794210526315,0.1250858278476005,neutral,-0.0057808621869963,-0.0460799835526315,0.1389526990311168,50.0,0.0060370924261874,-6.489624385762618,-0.0426012401702786,-0.0053651675544307,-0.0043609627542135,-0.042127902534113,-0.0001164951267056,57,70.85714285714286,0.1483054912280701,7,0.0,0.0,0.0,0.0,0.0,0.0
2024-04-14,-0.0189668181818181,0.1175511250765658,neutral,-0.0020816766909504,0.0200126028708133,0.1304589867961526,50.0,-0.0073523310646078,-0.513414574418424,0.0660925864234449,-0.0041154147633621,-0.0078711507638783,0.00874826953748,-0.0491426321353065,66,72.14285714285714,0.109753606060606,7,0.0,0.0,0.0,0.0,0.0,0.0
2024-04-15,-0.0210778631578947,0.1111448185199956,neutral,-0.0023414734784096,-0.0021110449760765,0.1257356549243465,50.0,0.0379872996994914,0.1113020094271914,-0.0221236478468899,-0.0088973260180614,-0.0080510817559927,-0.0334733787828947,-0.002519033889602,95,76.57142857142857,0.1110868526315789,10,0.0,0.0,0.0,0.0,0.0,0.0
2024-04-16,0.0046661585365853,0.131738919651146,neutral,0.0004814143478398,0.0257440216944801,0.1250339942134846,50.0,0.025232669500866,-1.2213772099017377,0.0278550666705566,-0.0122798444414063,-0.0077727295934416,-0.0236776289634146,0.0038969302757158,82,76.85714285714286,0.1031714512195121,8,0.0,0.0,0.0,0.0,0.0,0.0
2024-04-17,-0.0071751168831168,0.158704509557026,neutral,-0.0008459532692696,-0.0118412754197022,0.1288450401304668,50.0,0.0608063158263305,-2.537692478054451,-0.0375852971141823,-0.0091218846223604,-0.0070695993367935,0.0221057187333214,0.0098438235930735,77,77.42857142857143,0.117900974025974,10,0.0,0.0,0.0,0.0,0.0,0.0
2024-04-18,-0.0202316857142857,0.1719404668955148,neutral,-0.0023344885487665,-0.0130565688311688,0.1382159679400497,50.0,0.0349463054037644,1.8197012040167673,-0.0012152934114665,-0.0135234548504516,-0.0090249633848785,-0.0308109915966386,-0.0273750966731898,70,75.28571428571429,0.1153877428571428,9,0.0,0.0,0.0,0.0,0.0,0.0
2024-04-19,-0.0365274757281553,0.1754293372833165,neutral,-0.0055167787042492,-0.0162957900138696,0.1497916103813998,50.0,0.0556349012786202,0.8054588354129617,-0.0032392211827007,-0.0197560317401881,-0.0095514637520156,-0.0436280382281553,-0.00737100513992,103,78.57142857142857,0.1510309320388349,12,0.0,0.0,0.0,0.0,0.0,0.0
2024-04-20,-0.0092694057971014,0.1009239630529018,neutral,-0.0010610534325845,0.0272580699310538,0.147747439287981,50.0,-0.00505840625,-0.7462347010758096,0.0435538599449235,-0.0155117438465409,-0.0104384557004858,0.0297100152555301,-0.0124178872785829,69,80.28571428571429,0.1144683333333333,8,0.0,0.0,0.0,0.0,0.0,0.0
2024-04-21,0.0009281818181818,0.1384085695856903,neutral,0.0001093335740495,0.0101975876152832,0.1490813692748899,50.0,-0.0454162412037037,-1.1001339070161391,-0.0170604823157706,-0.0126696009893981,-0.0083925078763801,0.019895,0.02864326953748,44,77.14285714285714,0.1177932727272727,4,0.0,0.0,0.0,0.0,0.0,0.0
2024-04-22,-0.0173697288135593,0.1416158104912639,neutral,-0.0021663493392031,-0.0182979106317411,0.1456636294617375,50.0,0.0027734392200419,-19.71371370706683,-0.0284954982470244,-0.0121398675116359,-0.0105185967648486,0.0037081343443354,-0.0297652444385593,59,72.0,0.124719813559322,9,0.0,0.0,0.0,0.0,0.0,0.0
2024-04-23,0.0040786029411764,0.1298113981535186,neutral,0.0004668250766944,0.0214483317547357,0.1372378157133382,50.0,-0.0137486842607313,-1.2348109740200774,0.0397462423864769,-0.0122238040252657,-0.012251824233336,-0.0005875555954088,-0.0242651845588235,68,70.0,0.1144571029411764,4,0.0,0.0,0.0,0.0,0.0,0.0
2024-04-24,0.0048017142857142,0.1097997520913183,neutral,0.0004728330372244,0.0007231113445378,0.1241118986749386,50.0,-0.002702775614754,0.1772938810094704,-0.0207252204101979,-0.0105128281440041,-0.0098173563831823,0.0119768311688311,0.0340825499021526,84,71.0,0.0984717142857142,8,0.0,0.0,0.0,0.0,0.0,0.0
2024-04-25,0.0100276307692307,0.1125793655834586,neutral,0.000858091670933,0.0052259164835164,0.12644297918105,50.0,0.0001164951267056,1.088343906480286,0.0045028051389786,-0.0061900686463589,-0.0098567617484053,0.0302593164835164,-0.0005516751131221,65,70.28571428571429,0.085572723076923,9,0.0,0.0,0.0,0.0,0.0,0.0
2024-04-26,0.0057803707865168,0.1235901764236968,neutral,0.0005922074303168,-0.0042472599827139,0.1234793005486512,50.0,0.0491426321353065,-0.4235556813426357,-0.0094731764662304,-0.0001460905728343,-0.0099510611565112,0.0423078465146721,-0.0013201917134831,89,68.28571428571429,0.1024514606741573,7,0.0,0.0,0.0,0.0,0.0,0.0
2024-04-27,0.0114630999999999,0.1430992957682684,neutral,0.0017674546949949,0.0056827292134831,0.1237759976040521,50.0,0.002519033889602,0.9831080779002164,0.009929989196197,0.0028156959696086,-0.0063480239384661,0.0207325057971014,0.0504425210526315,40,64.14285714285714,0.15418645,5,0.0,0.0,0.0,0.0,0.0,0.0
2024-04-28,-0.0009231578947368,0.1539778743816774,neutral,-0.0001255325491228,-0.0123862578947368,0.1286092928496839,50.0,-0.0038969302757158,-1.080533005446768,-0.0180689871082199,0.0025512188677631,-0.0050591910608174,-0.0018513397129186,0.0180436602870813,57,66.0,0.1359816666666666,8,0.0,0.0,0.0,0.0,0.0,0.0
2024-04-29,-0.0359233296703296,0.1479025237957648,neutral,-0.0051925495300537,-0.0350001717755928,0.1362298471905732,50.0,-0.0098438235930735,37.91352700890893,-0.0226139138808559,-9.92955403468776e-05,-0.0061195815259914,-0.0185536008567703,-0.0148454665124349,91,70.57142857142857,0.1445453296703296,7,0.0,0.0,0.0,0.0,0.0,0.0
2024-04-30,-0.0186863232323232,0.1162404469494887,neutral,-0.001709528473449,0.0172370064380064,0.1369620634637792,50.0,0.0273750966731898,-0.479827638367361,0.0522371782135992,-0.0033514278508468,-0.0077876159380563,-0.0227649261734997,-0.0233524817689086,99,75.0,0.0914855454545454,8,0.0,0.0,0.0,0.0,0.0,0.0
2024-05-01,-0.0122773611111111,0.1162535405150696,neutral,-0.0014146506354411,0.0064089621212121,0.1354947362820538,50.0,0.00737100513992,-0.342976092275126,-0.0108280443167943,-0.005791295764679,-0.0081520619543416,-0.0170790753968253,-0.0051022442279942,108,78.42857142857143,0.115224324074074,10,0.0,0.0,0.0,0.0,0.0,0.0
2024-05-02,-0.0180737977528089,0.1487670467930543,neutral,-0.0024636036302426,-0.0057964366416978,0.136628286487011,50.0,0.0124178872785829,0.4721239840743998,-0.01220539876291,-0.0098057855535418,-0.0079979270999504,-0.0281014285220397,0.0021578879614767,89,81.85714285714286,0.1363080224719101,8,0.0,0.0,0.0,0.0,0.0,0.0
2024-05-03,-0.0191908414634146,0.1257656478326932,neutral,-0.0022685170726082,-0.0011170437106056,0.1309858411772141,50.0,-0.02864326953748,0.0618045928079526,0.0046793929310922,-0.0133731015892463,-0.0067595960810403,-0.0249712122499314,0.0173366342647407,82,80.85714285714286,0.1182083170731707,6,0.0,0.0,0.0,0.0,0.0,0.0
2024-05-04,-0.0086338918918918,0.0932431032182314,neutral,-0.0011923376700891,0.0105569495715227,0.1200539570617074,50.0,0.0297652444385593,-0.5501035268124372,0.0116739932821283,-0.0162441004309451,-0.0067142022306682,-0.0200969918918918,0.0006355139052095,37,80.42857142857143,0.1380996756756757,6,0.0,0.0,0.0,0.0,0.0,0.0
2024-05-05,-0.002407731707317,0.1368128986201638,neutral,-0.000367016886464,0.0062261601845748,0.1241684473958425,50.0,0.0242651845588235,-0.7211301997447783,-0.0043307893869479,-0.0164561824041709,-0.0069524817682038,-0.0014845738125802,-0.0033359135254988,41,78.14285714285714,0.1524326341463414,5,0.0,0.0,0.0,0.0,0.0,0.0
2024-05-06,-0.017572206185567,0.1342219296465386,neutral,-0.0024170504391812,-0.0151644744782499,0.1277621252221362,50.0,-0.0340825499021526,6.29824096769805,-0.0213906346628247,-0.0138345933349191,-0.006966944437633,0.0183511234847626,-0.0002024773720076,97,79.0,0.1375496288659793,10,0.0,0.0,0.0,0.0,0.0,0.0
2024-05-07,-0.0170436666666666,0.1313984922363732,neutral,-0.0018501869892528,0.0005285395189003,0.1242884143108001,50.0,0.0005516751131221,-0.0300781537229207,0.0156930139971502,-0.0135999281112539,-0.0084756779810503,0.0016426565656565,-0.0211222696078431,87,77.28571428571429,0.1085556896551724,12,0.0,0.0,0.0,0.0,0.0,0.0
2024-05-08,0.011252074074074,0.1430611387113133,neutral,0.0012090343174005,0.0282957407407407,0.1277475124865241,50.0,0.0013201917134831,-1.6601909257049976,0.0277672012218403,-0.010238580227656,-0.0080149379961675,0.0235294351851851,0.0064503597883597,108,77.28571428571429,0.1074499074074074,11,0.0,0.0,0.0,0.0,0.0,0.0
2024-05-09,-0.0044637096774193,0.1496408582373564,neutral,-0.000590825348335,-0.0157157837514934,0.1390270634903491,50.0,-0.0504425210526315,-1.3967010568926308,-0.0440115244922341,-0.0082942819311717,-0.0090500337423568,0.0136100880753896,-0.0144913404466501,93,77.85714285714286,0.1323619569892473,11,0.0,0.0,0.0,0.0,0.0,0.0
2024-05-10,-0.005641527027027,0.1207081953911226,neutral,-0.0007397584203942,-0.0011778173496076,0.1358061228445408,50.0,-0.0180436602870813,0.2638651334261093,0.0145379664018857,-0.0063586655831164,-0.0098658835861813,0.0135493144363876,-0.0114218978135438,74,76.71428571428571,0.1311273378378378,8,0.0,0.0,0.0,0.0,0.0,0.0
2024-05-11,-0.02519282,0.1427648291302854,neutral,-0.0040291390959528,-0.0195512929729729,0.1375147027412902,50.0,0.0148454665124349,3.46560299708005,-0.0183734756233653,-0.0087242267414175,-0.0124841635861813,-0.0165589281081081,-0.03665592,50,78.57142857142857,0.15993204,4,0.0,0.0,0.0,0.0,0.0,0.0
2024-05-12,0.02945778,0.1324575257424347,neutral,0.0036096114289224,0.0546506,0.1377265094425025,50.0,0.0233524817689086,-2.1692926794221528,0.0742018929729729,-0.0041720107832294,-0.0103140965937001,0.031865511707317,0.0303809378947368,50,79.85714285714286,0.12253508,6,0.0,0.0,0.0,0.0,0.0,0.0
2024-05-13,-0.017863125,0.1430876292955219,neutral,-0.0021327396191308,-0.047320905,0.1377318075593442,50.0,0.0051022442279942,-1.6063975289380257,-0.101971505,-0.0042135706138627,-0.0090240819743909,-0.0002909188144329,0.0180602046703296,64,75.14285714285714,0.119393421875,8,0.0,0.0,0.0,0.0,0.0,0.0
2024-05-14,0.0086612962962962,0.1281728107713678,neutral,0.0008517828338923,0.0265244212962963,0.1334381980661465,50.0,-0.0021578879614767,-1.484870161088628,0.0738453262962963,-0.0005414330477251,-0.0070706805794895,0.0257049629629629,0.0273476195286195,108,78.14285714285714,0.098343574074074,10,0.0,0.0,0.0,0.0,0.0,0.0
2024-05-15,0.03794723853211,0.1164050549706513,neutral,0.0038534717486955,0.0292859422358137,0.1325775699820522,50.0,-0.0173366342647407,3.381242395360255,0.0027615209395174,0.0032721618748514,-0.0034832091764022,0.026695164458036,0.0502245996432212,109,78.28571428571429,0.1015481467889908,14,0.0,0.0,0.0,0.0,0.0,0.0
2024-05-16,0.0275389279999999,0.1055127072120345,neutral,0.0030903693707124,-0.01040831053211,0.125127145598402,50.0,-0.0006355139052095,-0.2742837406548785,-0.0396942527679238,0.0078439672573399,-0.0002251573369159,0.0320026376774193,0.0456127257528089,125,82.85714285714286,0.112218216,8,0.0,0.0,0.0,0.0,0.0,0.0
2024-05-17,-0.0144271228070175,0.1213453699681633,neutral,-0.0016812171721212,-0.0419660508070175,0.1229047144435478,50.0,0.0033359135254988,-1.5238810605488182,-0.0315577402749074,0.0065888821459126,0.0001151082813981,-0.0087855957799905,0.004763718656397,114,88.57142857142857,0.1165317017543859,8,0.0,0.0,0.0,0.0,0.0,0.0
2024-05-18,-0.0195834107142857,0.1505754667721956,neutral,-0.0031678719667825,-0.0051562879072681,0.1244022819388825,50.0,0.0002024773720076,0.3574023716468322,0.0368097628997493,0.0073902263295861,-0.0006670002059157,0.0056094092857142,-0.0109495188223938,56,89.42857142857143,0.1617630357142857,6,0.0,0.0,0.0,0.0,0.0,0.0
2024-05-19,-0.00143066,0.1404564330248554,neutral,-0.0002049326312572,0.0181527507142857,0.1268590063895801,50.0,0.0211222696078431,-0.9269453099425444,0.0233090386215538,0.0029775920438718,-0.0005972093696787,-0.03088844,0.000977071707317,50,89.42857142857143,0.14324342,6,0.0,0.0,0.0,0.0,0.0,0.0
2024-05-20,-0.0152858541666666,0.1492156333400533,neutral,-0.0014224030268361,-0.0138551941666666,0.1334211220634604,50.0,-0.0064503597883597,9.684477210984204,-0.0320079448809523,0.0033457735914909,-0.0004338985111858,0.0025772708333333,0.0022863520189003,96,94.0,0.0930535520833333,9,0.0,0.0,0.0,0.0,0.0,0.0
2024-05-21,-0.0244069545454545,0.1357076828458883,neutral,-0.0032524727041895,-0.0091211003787878,0.1394601171902312,50.0,0.0144913404466501,0.5967020409417454,0.0047340937878787,-0.0013782622430449,-0.000959847645385,-0.0330682508417508,-0.0073632878787878,88,91.14285714285714,0.1332600795454545,11,0.0,0.0,0.0,0.0,0.0,0.0
2024-05-22,-0.0196118372093023,0.1547634398820919,neutral,-0.0025670834499499,0.0047951173361522,0.1461437311730169,50.0,0.0114218978135438,-0.196465205325883,0.0139162177149401,-0.0096009873489609,-0.0031644127370547,-0.0575590757414124,-0.0308639112833764,86,87.85714285714286,0.1308945930232558,7,0.0,0.0,0.0,0.0,0.0,0.0
2024-05-23,0.023962028169014,0.1593950404636204,neutral,0.0027097638426407,0.0435738653783164,0.1479076459113018,50.0,0.0366559199999999,-2.221814555836124,0.0387787480421641,-0.0101119730391018,-0.0011340028908809,-0.0035768998309859,0.0284257378464334,71,80.14285714285714,0.1130857464788732,8,0.0,0.0,0.0,0.0,0.0,0.0
2024-05-24,0.0107103837209302,0.1152376344623341,neutral,0.001136873108196,-0.0132516444480838,0.1428638861987976,50.0,-0.0303809378947368,-0.5530268287231168,-0.0568255098264002,-0.0065209006779664,3.399073397313511e-05,0.0251375065279477,0.0163519107479572,86,76.14285714285714,0.1061468139534883,9,0.0,0.0,0.0,0.0,0.0,0.0
2024-05-25,0.0438330217391304,0.1673253726437724,neutral,0.0058285369328341,0.0331226380182002,0.1464858340595414,50.0,-0.0180602046703296,3.0925724867795292,0.046374282466284,0.0025385896725215,0.0049644080010538,0.0634164324534161,0.0690258417391304,46,74.71428571428571,0.1329713695652174,7,0.0,0.0,0.0,0.0,0.0,0.0
2024-05-26,-0.0198454125,0.1653948332641417,neutral,-0.0027453714495454,-0.0636784342391304,0.1524232641431921,50.0,-0.0273476195286195,-1.452750271658403,-0.0968010722573306,-9.20892560498302e-05,0.001442751393911,-0.0184147525,-0.0493031925,80,79.0,0.1383378375,6,0.0,0.0,0.0,0.0,0.0,0.0
2024-05-27,-0.0554223,0.1773552915096299,neutral,-0.0077428569405075,-0.0355768875,0.1569416344686997,50.0,-0.0502245996432212,1.7927008319932876,0.0281015467391304,-0.0058258672322403,-0.0012400468203746,-0.0401364458333333,-0.037559175,80,76.71428571428571,0.139706525,9,0.0,0.0,0.0,0.0,0.0,0.0
2024-05-28,-0.0089961666666666,0.1024369501534109,neutral,-0.0009569646052847,0.0464261333333333,0.1455500164066578,50.0,-0.0456127257528089,-0.8376796584287072,0.0820030208333333,-0.0036243261066991,-0.002501294174872,0.0154107878787878,-0.0176574629629629,72,74.42857142857143,0.1063747083333333,9,0.0,0.0,0.0,0.0,0.0,0.0
2024-05-29,-0.0082013076923076,0.1523988262290532,neutral,-0.0010181526953254,0.0007948589743589,0.1529822547600016,50.0,-0.004763718656397,-0.0883552966291907,-0.0456312743589743,-0.0019942504614142,-0.0057976189051876,0.0114105295169946,-0.0461485462244177,91,75.14285714285714,0.1241451648351648,10,0.0,0.0,0.0,0.0,0.0,0.0
2024-05-30,0.0005599277108433,0.1163096643887094,neutral,5.345644696879071e-05,0.008761235403151,0.142779113108989,50.0,0.0109495188223938,-1.068272979365053,0.007966376428792,-0.0053374076697243,-0.007724690354413,-0.0234021004581707,-0.0269790002891566,83,76.85714285714286,0.0954702650602409,9,0.0,0.0,0.0,0.0,0.0,0.0
2024-05-31,0.009742225,0.1242306990828231,neutral,0.0011073223610615,0.0091822972891566,0.1345462862727253,50.0,-0.000977071707317,16.399076365279548,0.0004210618860055,-0.0054757160584286,-0.0059983083681975,-0.0009681587209302,0.0241693478070175,80,76.0,0.1136621625,13,0.0,0.0,0.0,0.0,0.0,0.0
2024-06-01,0.0325750909090909,0.1124441824035825,neutral,0.0044468767436652,0.0228328659090909,0.1215640644515158,50.0,-0.0022863520189003,2.343701352523773,0.0136505686199342,-0.0070839918912914,-0.0022727011093849,-0.0112579308300395,0.0521585016233766,44,75.71428571428571,0.1365115681818182,6,0.0,0.0,0.0,0.0,0.0,0.0
2024-06-02,-0.0042879687499999,0.1135730513257903,neutral,-0.0004712698754638,-0.0368630596590909,0.1237912846859917,50.0,0.0073632878787878,-1.1316333624967208,-0.0596959255681818,-0.0048614999270057,-0.0024767945915277,0.01555744375,-0.0028573087499999,32,68.85714285714286,0.10990515625,3,0.0,0.0,0.0,0.0,0.0,0.0
2024-06-03,0.0247766666666666,0.1046805932483041,neutral,0.0023334754137962,0.0290646354166666,0.1142476380898419,50.0,0.0308639112833763,-6.778182657386827,0.0659276950757575,0.0065954953110895,0.0003848140394246,0.0801989666666666,0.0400625208333333,72,67.71428571428571,0.0941803611111111,9,0.0,0.0,0.0,0.0,0.0,0.0
2024-06-04,-0.022995616,0.1260147393193443,neutral,-0.0027495646491532,-0.0477722826666666,0.1161886530759689,50.0,-0.0284257378464334,-1.9281158078837617,-0.0768369180833333,0.0045955739777561,0.0004856239355284,-0.0139994493333333,0.0014113385454545,125,75.28571428571429,0.11956908,9,0.0,0.0,0.0,0.0,0.0,0.0
2024-06-05,-0.0301616694214876,0.1401889367383287,neutral,-0.0037717967768254,-0.0071660534214876,0.11938030060707,50.0,-0.0163519107479572,0.3116269388690262,0.040606229245179,0.0014583794450161,-0.000267935508199,-0.0219603617291799,-0.0105498322121852,121,79.57142857142857,0.1250526528925619,9,0.0,0.0,0.0,0.0,0.0,0.0
2024-06-06,0.0055678411214953,0.1529950136175457,neutral,0.0007313001826462,0.0357295105429829,0.1274904668498626,50.0,-0.0690258417391304,-1.18459989875523,0.0428955639644705,0.0021737956465378,-0.0015818060115932,0.0050079134106519,-0.0183941870475187,107,83.0,0.1313435794392523,8,0.0,0.0,0.0,0.0,0.0,0.0
2024-06-07,-0.0052897065217391,0.1303176749224703,neutral,-0.0006110389539416,-0.0108575476432344,0.1308393915691986,50.0,0.0493031925,-1.9500462398823808,-0.0465870581862173,2.6376857718021685e-05,-0.0027246696003553,-0.0150319315217391,-0.0160000902426693,92,84.71428571428571,0.1155147173913043,10,0.0,0.0,0.0,0.0,0.0,0.0
2024-06-08,-0.059809690140845,0.192248611424641,neutral,-0.0092987826889775,-0.0545199836191059,0.148352995204466,50.0,0.037559175,10.306806889010746,-0.0436624359758714,-0.0131714490065585,-0.0101277204489249,-0.092384781049936,-0.1036427118799755,71,88.57142857142857,0.1554728450704225,7,0.0,0.0,0.0,0.0,0.0,0.0
2024-06-09,-0.0929464594594594,0.1656855798744536,neutral,-0.0135104787972439,-0.0331367693186143,0.1562871633154879,50.0,0.0176574629629629,0.5540367997323015,0.0213832143004915,-0.0258369476793384,-0.015349223803172,-0.0886584907094594,-0.0731010469594594,74,94.57142857142856,0.1453576486486486,4,0.0,0.0,0.0,0.0,0.0,0.0
2024-06-10,-0.0254837808219178,0.1441011793544389,neutral,-0.0025575536396592,0.0674626786375416,0.1570696118387099,50.0,0.0461485462244177,-0.7258230063832276,0.100599447956156,-0.0330170116062791,-0.0132107581475948,-0.0502604474885844,0.0299385191780821,73,94.71428571428572,0.1003600547945205,11,0.0,0.0,0.0,0.0,0.0,0.0
2024-06-11,0.0099256136363636,0.1150689842513204,neutral,0.0010869489865113,0.0354093944582814,0.1494844059654648,50.0,0.0269790002891566,-1.3894874824785388,-0.0320532841792602,-0.0283139788010843,-0.011859202411664,0.0329212296363636,0.0189217803030303,88,89.42857142857143,0.1095095,14,0.0,0.0,0.0,0.0,0.0,0.0
2024-06-12,0.0248325897435897,0.1400888126519926,neutral,0.0029749773614017,0.0149069761072261,0.1514386335113693,50.0,-0.0241693478070175,1.501869471587396,-0.0205024183510553,-0.0204576560632161,-0.0094996383090999,0.0549942591650773,0.0330338974358974,78,83.28571428571429,0.1198013333333333,10,0.0,0.0,0.0,0.0,0.0,0.0
2024-06-13,0.0273000151515151,0.1458241411566572,neutral,0.0034244547505732,0.0024674254079254,0.1421537394577725,50.0,-0.0521585016233766,0.099362387628634,-0.0124395506993007,-0.0173530597732132,-0.0075896320633376,0.0217321740300198,0.0267400874406717,66,77.42857142857143,0.1254378333333333,5,0.0,0.0,0.0,0.0,0.0,0.0
2024-06-14,0.0034544374999999,0.1615186529722319,neutral,0.0004405503516894,-0.0238455776515151,0.1413203540773282,50.0,0.0028573087499999,-0.8734638980664347,-0.0263130030594405,-0.0161038963415362,-0.0080387597419091,0.0087441440217391,-0.0062877875,64,73.42857142857143,0.12753171875,7,0.0,0.0,0.0,0.0,0.0,0.0
2024-06-15,0.0485804102564102,0.1216804196073766,neutral,0.0062170667917001,0.0451259727564102,0.1368362021279157,50.0,-0.0400625208333333,13.063189812063548,0.0689715504079254,-0.0006195962847854,-0.006895522645672,0.1083901003972553,0.0160053193473193,39,68.85714285714286,0.1279747692307692,5,0.0,0.0,0.0,0.0,0.0,0.0
2024-06-16,0.0343115178571428,0.1204128951816874,neutral,0.0040831717214365,-0.0142688923992674,0.1379049843139891,50.0,-0.0014113385454545,-0.2937170008230756,-0.0593948651556776,0.0175601147604434,-0.0041384164594475,0.1272579773166023,0.0385994866071428,56,66.28571428571429,0.1190029464285714,8,0.0,0.0,0.0,0.0,0.0,0.0
2024-06-17,-0.0248085079365079,0.1378409500774496,neutral,-0.0026316333608163,-0.0591200257936507,0.1374554117990805,50.0,0.0105498322121852,-1.7230373205813565,-0.0448511333943833,0.0176565823155019,-0.0076802146453885,0.0006752728854098,-0.0495851746031746,63,64.85714285714286,0.1060778571428571,9,0.0,0.0,0.0,0.0,0.0,0.0
2024-06-18,0.0151955211267605,0.1245959078614724,neutral,0.00178058505502,0.0400040290632685,0.1332097651400436,50.0,0.0183941870475187,-1.612512496344006,0.0991240548569192,0.0184094262427015,-0.0049522762791913,0.0052699074903969,0.0381911371267605,71,62.42857142857143,0.1171782816901408,8,0.0,0.0,0.0,0.0,0.0,0.0
2024-06-19,0.0318873333333333,0.1135706652057512,neutral,0.0031911913152777,0.0166918122065727,0.1236201675867474,50.0,0.0160000902426693,1.098469217826108,-0.0233122168566957,0.019417246755522,-0.000520204653847,0.0070547435897435,0.0620490027548209,60,59.857142857142854,0.1000770833333333,6,0.0,0.0,0.0,0.0,0.0,0.0
2024-06-20,0.011746037037037,0.1412637936036198,neutral,0.0013667202903406,-0.0201412962962963,0.1275368423859961,50.0,0.1036427118799755,-0.6316394063357331,-0.036833108502869,0.0171952498820251,-7.890494559406132e-05,-0.0155539781144781,0.0061781959155417,81,62.0,0.1163558641975308,8,0.0,0.0,0.0,0.0,0.0,0.0
2024-06-21,-0.0090544479166666,0.1507155617263941,neutral,-0.0010236793759543,-0.0208004849537037,0.1335973756949375,50.0,0.0731010469594594,-1.7708512997291443,-0.0006591886574073,0.0154082662510727,-0.0003478150452317,-0.0125088854166666,-0.0037647413949275,96,66.57142857142857,0.1130581770833333,12,0.0,0.0,0.0,0.0,0.0,0.0
2024-06-22,-0.0288987021276595,0.1584284407306469,neutral,-0.0038044938445282,-0.0198442542109929,0.1377148738255769,50.0,-0.0299385191780821,2.191658110315624,0.0009562307427107,0.004339821624777,0.0018601126699957,-0.0774791123840698,0.0309109880131855,47,67.71428571428571,0.1316492978723404,9,0.0,0.0,0.0,0.0,0.0,0.0
2024-06-23,0.0005417142857142,0.114970679911409,neutral,5.6134988081632696e-05,0.0294404164133738,0.1357898282355642,50.0,-0.0189217803030303,-1.0187452807853197,0.0492846706243667,-0.0004844360282841,0.0085378393660796,-0.0337698035714285,0.0934881737451737,49,66.71428571428571,0.1036247142857142,7,0.0,0.0,0.0,0.0,0.0,0.0
2024-06-24,-0.0289012419354838,0.1096465421904291,neutral,-0.0033884659774966,-0.0294429562211981,0.1350050036324998,50.0,-0.0330338974358974,-54.351448720566175,-0.058883372634572,-0.0010691123138521,0.0082937350008249,-0.0040927339989759,-0.003417461113566,62,66.57142857142857,0.1172429193548387,8,0.0,0.0,0.0,0.0,0.0,0.0
2024-06-25,0.0527112588235294,0.1077142934139676,neutral,0.0073140654425633,0.0816125007590132,0.1282951035945693,50.0,-0.0267400874406717,-2.8238406135347596,0.1110554569802114,0.0042902787856862,0.0113498525141939,0.0375157376967688,0.0427856451871657,85,68.57142857142857,0.1387571764705882,10,0.0,0.0,0.0,0.0,0.0,0.0
2024-06-26,0.0265801499999999,0.1238653817987454,neutral,0.0035031951932129,-0.0261311088235294,0.1229250676090396,50.0,0.0062877875,-0.4957405572690465,-0.1077436095825427,0.0035321097380672,0.0114746782467946,-0.0053071833333333,0.0017475602564102,100,74.28571428571429,0.13179742,11,0.0,0.0,0.0,0.0,0.0,0.0
2024-06-27,0.0238371428571428,0.114109743741187,neutral,0.003006701943485,-0.0027430071428571,0.1140613282111476,50.0,-0.0160053193473193,-0.1031975795041465,0.0233881016806722,0.0052594105695109,0.011227330225768,0.0120911058201058,-0.0034628722943722,91,75.71428571428571,0.1261351648351648,15,0.0,0.0,0.0,0.0,0.0,0.0
2024-06-28,0.0015048114754098,0.1182475002390424,neutral,0.0002087219894189,-0.022332331381733,0.1147166922766743,50.0,-0.0385994866071428,-0.936871147501685,-0.0195893242388758,0.0067678761969504,0.0110880712240115,0.0105592593920765,-0.0019496260245901,122,79.42857142857143,0.1387030819672131,15,0.0,0.0,0.0,0.0,0.0,0.0
2024-06-29,0.0263133846153846,0.1057635749729785,neutral,0.0036048901740177,0.0248085731399747,0.1139400988331842,50.0,0.0495851746031746,16.486166902214887,0.0471409045217078,0.0146553171602424,0.0094975693925097,0.0552120867430441,-0.0222670256410256,52,80.14285714285714,0.1369983461538461,8,0.0,0.0,0.0,0.0,0.0,0.0
2024-06-30,0.0393245294117647,0.1016744156541561,neutral,0.004762160416166,0.01301114479638,0.1127321232812219,50.0,-0.0381911371267605,0.4944686890934158,-0.0117974283435946,0.0201957193211067,0.0098556416464113,0.0387828151260504,0.0050130115546218,51,80.42857142857143,0.1210989803921568,7,0.0,0.0,0.0,0.0,0.0,0.0
2024-07-01,0.0010117432432432,0.1095813753265919,neutral,9.579056508290732e-05,-0.0383127861685214,0.1098753219867912,50.0,-0.0620490027548209,-0.9742719554848492,-0.0513239309649015,0.0244690029180678,0.0116999453021078,0.0299129851787271,0.0258202511797511,74,82.14285714285714,0.0946787297297297,10,0.0,0.0,0.0,0.0,0.0,0.0
2024-07-02,-0.0043561956521739,0.1273414758370457,neutral,-0.000495543061159,-0.0053679388954171,0.1125216684059629,50.0,-0.0061781959155417,-5.305633550079061,0.0329448472731043,0.0163165094215387,0.0103033941036125,-0.0570674544757033,-0.0195517167789344,92,83.14285714285714,0.1137559239130434,10,0.0,0.0,0.0,0.0,0.0,0.0
2024-07-03,0.0333308354430379,0.099361851520595,neutral,0.0041790032714757,0.0376870310952118,0.1087445386622735,50.0,0.0037647413949275,-8.651363277589375,0.043054969990629,0.0172808930562584,0.0104065013971628,0.0067506854430379,0.0014435021097046,79,80.14285714285714,0.125379493670886,11,0.0,0.0,0.0,0.0,0.0,0.0
2024-07-04,0.028519046875,0.1008786373503549,neutral,0.0034470303542651,-0.0048117885680379,0.1077675511377488,50.0,-0.0309109880131855,-0.14436447523979,-0.0424988196632498,0.0179497364873809,0.0116045735284459,0.0046819040178571,0.0167730098379629,64,76.28571428571429,0.12086765625,9,0.0,0.0,0.0,0.0,0.0,0.0
2024-07-05,0.0014067702702702,0.1420061484440213,neutral,0.0001622591452116,-0.0271122766047297,0.1158338976957218,50.0,-0.0934881737451737,-0.950672605699756,-0.0223004880366917,0.0179357306009324,0.0123518033989414,-9.804120513956733e-05,0.0104612181869369,74,69.42857142857143,0.115341608108108,11,0.0,0.0,0.0,0.0,0.0,0.0
2024-07-06,0.0190006585365853,0.1190601405119718,neutral,0.0024145851496014,0.017593888266315,0.1177296507327978,50.0,0.003417461113566,12.506582373918782,0.0447061648710448,0.0168910554468182,0.0157731863035303,-0.0073127260787992,0.0478993606642449,41,67.85714285714286,0.1270790243902439,5,0.0,0.0,0.0,0.0,0.0,0.0
2024-07-07,-0.023359447368421,0.1275003319547766,neutral,-0.0048661859802271,-0.0423601059050064,0.1177614219563439,50.0,-0.0427856451871657,-2.2294019874860087,-0.0599539941713215,0.0079362016210774,0.0140659604710921,-0.0626839767801857,-0.0239011616541353,38,66.0,0.2083176842105263,6,0.0,0.0,0.0,0.0,0.0,0.0
2024-07-08,0.0266874588235294,0.0999322143672724,neutral,0.0027617645491271,0.0500469061919504,0.1178754945256794,50.0,-0.0017475602564102,-2.142469614225866,0.0924070120969568,0.0116041609896897,0.0180365819538787,0.0256757155802861,0.0555887007590132,85,67.57142857142857,0.1034854823529411,10,0.0,0.0,0.0,0.0,0.0,0.0
2024-07-09,0.0305463736263736,0.131107189172206,neutral,0.0034203133721096,0.0038589148028442,0.1239212048900496,50.0,0.0034628722943722,0.1445965623164518,-0.0461879913891062,0.0165902423151965,0.0164533758683676,0.0349025692785475,-0.0221648851971557,91,67.42857142857143,0.1119711758241758,11,0.0,0.0,0.0,0.0,0.0,0.0
2024-07-10,-0.0051732474226804,0.1255889529142783,neutral,-0.0007562194416781,-0.035719621049054,0.120637765784101,50.0,0.0019496260245901,-1.169357171033024,-0.0395785358518982,0.0110896590486653,0.0141852760524618,-0.0385040828657183,-0.0317533974226804,97,70.0,0.1461788659793814,11,0.0,0.0,0.0,0.0,0.0,0.0
2024-07-11,-0.0055926029411764,0.1060908534471209,neutral,-0.0006542228565471,-0.000419355518496,0.1180439083711308,50.0,0.0222670256410256,0.0810623355568747,0.0353002655305579,0.0062165662177829,0.0120831513525819,-0.0341116498161764,-0.0294297457983193,68,70.57142857142857,0.1169800294117647,11,0.0,0.0,0.0,0.0,0.0,0.0
2024-07-12,0.0172868076923076,0.1511847861702762,neutral,0.0021120629360902,0.0228794106334841,0.1227807992142308,50.0,-0.0050130115546218,-4.0910128743506355,0.0232987661519802,0.0084851429923597,0.013210436796646,0.0158800374220374,0.0157819962168978,78,71.14285714285714,0.1221777307692307,10,0.0,0.0,0.0,0.0,0.0,0.0
2024-07-13,0.0427978421052631,0.140506068980742,neutral,0.0055527872529639,0.0255110344129554,0.1308955701369247,50.0,-0.0258202511797511,1.4757516174780725,0.0026316237794713,0.0118847406450279,0.0143878980459231,0.0237971835686777,0.0164844574898785,57,73.42857142857143,0.1297445614035087,11,0.0,0.0,0.0,0.0,0.0,0.0
2024-07-14,-0.0474899333333333,0.1409447924048137,neutral,-0.0061378022409146,-0.0902877754385965,0.1328630907834462,50.0,0.0195517167789344,-2.1096338272506774,-0.1157988098515519,0.0084375283643262,0.0081868649927018,-0.0241304859649122,-0.086814462745098,75,78.71428571428571,0.12924428,12,0.0,0.0,0.0,0.0,0.0,0.0
2024-07-15,0.006366014084507,0.1067175526440162,neutral,0.0007627850428091,0.0538559474178403,0.1290888107293938,50.0,-0.0014435021097046,-1.1340497582892737,0.1441437228564369,0.0055344648301801,0.0085693129099349,-0.0203214447390223,0.0053542708412637,71,76.71428571428571,0.1198214507042253,10,0.0,0.0,0.0,0.0,0.0,0.0
2024-07-16,0.0106558117647058,0.1205048948348349,neutral,0.0011905636941087,0.0042897976801988,0.1319716190069366,50.0,-0.0167730098379629,0.6738592820017342,-0.0495661497376415,0.002692955992799,0.0096415991539977,-0.0198905618616677,0.0150120074168797,85,75.85714285714286,0.1117290470588235,12,0.0,0.0,0.0,0.0,0.0,0.0
2024-07-17,0.019942,0.1316129793143518,neutral,0.002001568569,0.0092861882352941,0.1280572576357517,50.0,-0.0104612181869369,0.8714669928809906,0.0049963905550952,0.0062808484817534,0.0086852537652093,0.0251152474226804,-0.0133888354430379,62,70.85714285714286,0.1003694999999999,8,0.0,0.0,0.0,0.0,0.0,0.0
2024-07-18,-0.0108164,0.1847021458681517,neutral,-0.001392827828,-0.0307584,0.1368964730132336,50.0,-0.0478993606642449,-1.5423929395246216,-0.0400445882352941,0.0055345917590643,0.0058755789884236,-0.0052237970588235,-0.039335446875,5,61.857142857142854,0.12877,2,0.0,0.0,0.0,0.0,0.0,0.0
2024-07-19,-0.0121029999999999,0.1788745056513085,neutral,-0.0013497099183749,-0.0012865999999999,0.1444824156625326,50.0,0.0239011616541353,0.1189490033652593,0.0294718,0.0013360478030203,0.00491059539769,-0.0293898076923076,-0.0135097702702702,8,51.857142857142854,0.111518625,4,0.0,0.0,0.0,0.0,0.0,0.0
2024-07-20,0.262941,0.0,bullish,0.0212267010479999,0.2750439999999999,0.1539236314171617,50.0,-0.0555887007590132,-22.72527472527473,0.2763305999999999,0.0327850703594113,0.0223349055022196,0.2201431578947368,0.2439403414634146,1,43.857142857142854,0.080728,1,0.0,0.0,0.0,0.0,0.0,0.0
2024-07-21,0.042257,0.0,neutral,0.001761356274,-0.220684,0.1650632102779373,50.0,0.0221648851971557,-0.8392909435957115,-0.4957279999999999,0.0456060608356018,0.027021794599964,0.0897469333333333,0.065616447368421,1,33.285714285714285,0.041682,1,0.0,0.0,0.0,0.0,0.0,0.0
2024-07-22,-0.032382625,0.171729358649789,neutral,-0.0025233310487343,-0.074639625,0.178435336723083,50.0,0.0317533974226804,-1.766325697517571,0.146044375,0.0400705409663865,0.0228025028982833,-0.038748639084507,-0.0590700838235294,8,24.285714285714285,0.077922375,2,0.0,0.0,0.0,0.0,0.0,0.0
2024-07-23,-0.0194095714285714,0.0901933606404542,neutral,-0.0021318585962448,0.0129730535714285,0.1469324083138506,50.0,0.0294297457983193,-0.4006177254446967,0.0876126785714285,0.0357754862244897,0.0192342211086444,-0.0300653831932773,-0.049955945054945,7,13.142857142857142,0.1098354285714285,2,0.0,0.0,0.0,0.0,0.0,0.0
2024-07-24,-0.160125,0.2386397117301868,bearish,-0.0141044504999999,-0.1407154285714285,0.1668541436734767,50.0,-0.0157819962168978,7.249795756143877,-0.1536884821428571,0.0100516290816326,0.008166238781693,-0.1800669999999999,-0.1549517525773195,4,4.857142857142857,0.088084,4,0.0,0.0,0.0,0.0,0.0,0.0
2024-07-25,0.0302251666666666,0.2042008151143542,neutral,0.0036004369659166,0.1903501666666666,0.176190811533696,50.0,-0.0164844574898785,-1.188759823054905,0.3310655952380952,0.0159147100340136,0.0107246508965389,0.0410415666666666,0.0358177696078431,6,5.0,0.1191205,3,0.0,0.0,0.0,0.0,0.0,0.0
2024-07-26,0.0530531666666666,0.2760710088353478,neutral,0.0074904616531388,0.0228279999999999,0.1961668509940264,50.0,0.086814462745098,0.7552646525246618,-0.1675221666666666,0.0252227338435374,0.0132793908232789,0.0651561666666666,0.0357663589743589,6,4.714285714285714,0.1411878333333333,1,0.0,0.0,0.0,0.0,0.0,0.0
2024-07-27,-0.278442,0.0,bearish,-0.036856810656,-0.3314951666666667,0.2022762240800857,50.0,-0.0053542708412637,-6.2483577794602265,-0.3543231666666667,-0.0521176947278911,-0.0096663121842398,-0.541383,-0.3212398421052632,1,4.714285714285714,0.132368,1,0.0,0.0,0.0,0.0,0.0,0.0
2024-07-28,0.096014,0.0,neutral,0.009357236398,0.374456,0.2396371785599629,50.0,-0.0150120074168798,-1.3448258524216892,0.7059511666666667,-0.0444381232993197,0.000583968768141,0.053757,0.1435039333333333,1,4.714285714285714,0.097457,1,0.0,0.0,0.0,0.0,0.0,0.0
2024-07-29,0.1344931666666666,0.2000143126712852,neutral,0.0083353933283888,0.0384791666666666,0.2267620455403291,50.0,0.0133888354430379,0.4007662077058207,-0.3359768333333333,-0.0205987244897959,0.0097359082382953,0.1668757916666666,0.1281271525821596,6,4.428571428571429,0.0619763333333333,4,0.0,0.0,0.0,0.0,0.0,0.0
2024-07-30,0.1025166666666666,0.1816023607564982,neutral,0.0136626011999999,-0.0319765,0.2192292274210437,50.0,0.039335446875,-0.2377555737032489,-0.0704556666666666,-0.0031806904761904,0.0162973978741496,0.121926238095238,0.0918608549019607,3,3.857142857142857,0.133272,1,0.0,0.0,0.0,0.0,0.0,0.0
2024-07-31,-0.0141576,0.1971319435106852,neutral,-0.00059756964384,-0.1166742666666666,0.1929162056461562,50.0,0.0135097702702702,-1.138100471468054,-0.0846977666666666,0.0176717952380952,0.0138617121598639,0.1459674,-0.0340996,5,4.0,0.0422084,2,0.0,0.0,0.0,0.0,0.0,0.0
2024-08-01,0.032884875,0.1210403218311243,neutral,0.0028279019407499,0.047042475,0.1749472346923982,50.0,-0.2439403414634146,-3.322771868113239,0.1637167416666666,0.0180517535714285,0.016983231802721,0.0026597083333333,0.043701275,8,4.285714285714286,0.0859939999999999,3,0.0,0.0,0.0,0.0,0.0,0.0
2024-08-02,-0.094679,0.2312649078256362,neutral,-0.0079389603886666,-0.127563875,0.1862107693190458,50.0,-0.065616447368421,-3.8791047556057303,-0.17460635,-0.0030528416666666,0.0110849460884353,-0.1477321666666666,-0.082576,6,4.285714285714286,0.0838513333333333,5,0.0,0.0,0.0,0.0,0.0,0.0
2024-08-03,0.175433,0.0,bullish,0.022721380428,0.270112,0.1827598834809859,50.0,0.0590700838235294,-2.8529240908754847,0.397675875,0.061786444047619,0.0048343746598639,0.453875,-0.0875079999999999,1,4.285714285714286,0.129516,1,0.0,0.0,0.0,0.0,0.0,0.0
2024-08-04,-0.116877,0.0,neutral,-0.006500815617,-0.29231,0.1831457243891485,50.0,0.049955945054945,-1.6662201524228624,-0.562422,0.031373444047619,-0.0065323396258503,-0.212891,-0.159134,1,4.285714285714286,0.055621,1,0.0,0.0,0.0,0.0,0.0,0.0
2024-08-05,-0.0358773749999999,0.2203893564132983,neutral,-0.0038489741213906,0.0809996249999999,0.1908981953566862,50.0,0.1549517525773195,-0.6930330603968274,0.373309625,0.0070347952380952,-0.0067819646258503,-0.1703705416666666,-0.0034947499999999,8,4.571428571428571,0.107281375,3,0.0,0.0,0.0,0.0,0.0,0.0
2024-08-06,-0.0047238888888888,0.1874828314122685,neutral,-0.0006898935293827,0.0311534861111111,0.213045698550401,50.0,-0.0358177696078431,-0.8683323713373988,-0.0498461388888888,-0.0082852841269841,-0.0057329873015873,-0.1072405555555555,0.0146856825396825,9,5.428571428571429,0.1460435555555555,4,0.0,0.0,0.0,0.0,0.0,0.0
2024-08-07,0.0268195,0.2494700314807371,neutral,0.0043867851565,0.0315433888888889,0.2191140731021013,50.0,-0.0357663589743589,-6.6774197342114565,0.0003899027777777,-0.0024314126984127,0.0076201912698412,0.0409771,0.1869445,4,5.285714285714286,0.163567,2,0.0,0.0,0.0,0.0,0.0,0.0
2024-08-08,0.0353041999999999,0.1908247538803892,neutral,0.0039689369986199,0.0084846999999999,0.2120417432966733,50.0,0.3212398421052632,0.316363094017412,-0.0230586888888889,-0.0020857948412698,0.0079829793650793,0.0024193249999999,0.0050790333333333,10,5.571428571428571,0.1124210999999999,5,0.0,0.0,0.0,0.0,0.0,0.0
2024-08-09,-0.1228366,0.1293484618126555,neutral,-0.00847184376344,-0.1581408,0.1955030869998697,50.0,-0.1435039333333333,-4.479376391477501,-0.1666254999999999,-0.0061083091269841,-0.0045805753968254,-0.0281576,-0.1758897666666666,5,5.428571428571429,0.0689684,2,0.0,0.0,0.0,0.0,0.0,0.0
2024-08-10,-0.193085,0.0,bearish,-0.02214337397,-0.0702484,0.1892815196465126,50.0,-0.1281271525821596,0.5718849268052031,0.0878924,-0.0587537376984127,0.0015163531746031,-0.368518,0.085357,1,5.428571428571429,0.114682,1,0.0,0.0,0.0,0.0,0.0,0.0
2024-08-12,-0.0748829999999999,0.2408898216994649,neutral,-0.0100013609995,0.118202,0.2026332672183117,50.0,-0.0918608549019607,-0.6121759846699641,0.1884504,-0.0527545948412698,-0.0106905753968254,0.041994,-0.170897,6,6.142857142857143,0.1335598333333333,1,0.0,0.0,0.0,0.0,0.0,0.0
2024-08-13,0.0032497499999999,0.1660590507648308,neutral,0.0002345442067499,0.0781327499999999,0.1817805220393351,50.0,0.0340996,-1.0433977004126436,-0.04006925,-0.0471650055555555,-0.0200651051587301,0.0391271249999999,-0.1312434166666666,4,5.571428571428571,0.0721729999999999,2,0.0,0.0,0.0,0.0,0.0,0.0
2024-08-14,0.0276561666666666,0.1150364233630664,neutral,0.0052873382088611,0.0244064166666666,0.1628334394100044,50.0,-0.043701275,7.5102443777726595,-0.0537263333333333,-0.0425392833333333,-0.0254122837301587,0.0323800555555555,-0.0748605,6,5.142857142857143,0.1911811666666666,3,0.0,0.0,0.0,0.0,0.0,0.0
2024-08-15,0.073489,0.1703971603323639,neutral,0.00823695944825,0.0458328333333333,0.1730956140399315,50.0,0.0825759999999999,1.6572373852727242,0.0214264166666666,-0.0358722119047619,-0.0191518123015873,0.0466694999999999,0.0876466,4,5.142857142857143,0.11208425,3,0.0,0.0,0.0,0.0,0.0,0.0
2024-08-16,0.091686,0.299061075411863,neutral,0.0207017085912,0.018197,0.1982887063143178,50.0,0.0875079999999999,0.2476152893630339,-0.0276358333333333,-0.027817669047619,-0.0149517319444444,0.0563818,0.058801125,5,4.428571428571429,0.2257892,1,0.0,0.0,0.0,0.0,0.0,0.0
2024-08-17,0.0369606666666666,0.0368263989324687,neutral,0.0031118417288888,-0.0547253333333333,0.1574760217609186,50.0,0.159134,-0.5968777494201223,-0.0729223333333333,-0.0049894880952381,-0.0055488986111111,0.1597972666666666,0.1316396666666666,3,4.142857142857143,0.0841933333333333,1,0.0,0.0,0.0,0.0,0.0,0.0
2024-08-19,0.0068251428571428,0.145969766388373,neutral,0.0006609799849795,-0.0301355238095238,0.153458164885627,50.0,0.0034947499999999,-0.8153403747097945,0.0245898095238095,0.0235691037414965,-0.017592316978458,0.1999101428571428,-0.1686078571428571,7,5.0,0.0968448571428571,3,0.0,0.0,0.0,0.0,0.0,0.0
2024-08-20,-0.0052513333333333,0.1556157561313549,neutral,-0.0005314349333333,-0.0120764761904761,0.1615740314392847,50.0,-0.0146856825396825,-1.7694100245590532,0.0180590476190476,0.0335164846938775,-0.0096190550736961,0.0696316666666666,0.1116256666666666,3,4.571428571428571,0.1012,1,0.0,0.0,0.0,0.0,0.0,0.0
2024-08-21,0.1046595999999999,0.2429693579287314,neutral,0.0158855480668,0.1099109333333333,0.1760884709585582,50.0,-0.1869445,-20.930100291989348,0.1219874095238095,0.0480036061224489,0.0004193002834467,0.10140985,0.1405369749999999,5,4.714285714285714,0.151783,1,0.0,0.0,0.0,0.0,0.0,0.0
2024-08-22,0.058313,0.194004597631087,neutral,0.00840020632375,-0.0463465999999999,0.155077175402403,50.0,-0.0050790333333333,-0.4428318090265966,-0.1562575333333333,0.0523831537414965,0.0049219352040816,0.0306568333333333,0.0630368888888888,4,4.428571428571429,0.14405375,1,0.0,0.0,0.0,0.0,0.0,0.0
2024-08-23,0.0390174999999999,0.3945446410859823,neutral,0.0060906415043749,-0.0192955,0.2266208238331057,50.0,0.1758897666666667,-0.3308953406616024,0.0270510999999999,0.0474586537414965,0.0057932209183673,-0.0344715,0.0121979999999999,4,4.428571428571429,0.15610025,2,0.0,0.0,0.0,0.0,0.0,0.0
2024-08-24,-0.060561,0.0,neutral,-0.00569394522,-0.0995784999999999,0.2467835881942889,50.0,-0.085357,-2.552149676427245,-0.0802829999999999,0.0257090823129251,-0.0010542933673469,-0.152247,-0.0958651999999999,1,3.857142857142857,0.09402,1,0.0,0.0,0.0,0.0,0.0,0.0
2024-08-25,0.131354,0.0,neutral,0.011621151088,0.191915,0.2771728655486003,50.0,0.170897,-3.16895361701425,0.2914934999999999,0.039193844217687,0.0171021780612244,0.0943933333333333,0.2541906,1,3.5714285714285716,0.088472,1,0.0,0.0,0.0,0.0,0.0,0.0
2024-08-26,0.0283256,0.0986857376792614,neutral,0.00353736890944,-0.1030283999999999,0.2290783254654436,50.0,0.1312434166666666,-0.7843567763448391,-0.2949433999999999,0.042265338095238,0.0329172209183673,0.0215004571428571,0.2214106,5,3.2857142857142856,0.1248823999999999,2,0.0,0.0,0.0,0.0,0.0,0.0
2024-08-27,-0.0247659999999999,0.1743299254201641,neutral,-0.0020511613966666,-0.0530915999999999,0.2225201013951359,50.0,0.0748605,-1.874332759058943,0.0499368,0.0394775285714285,0.036497006632653,-0.0195146666666666,0.0501169999999999,3,3.2857142857142856,0.0828216666666666,1,0.0,0.0,0.0,0.0,0.0,0.0
2024-08-28,0.0567767142857142,0.1486978140152193,neutral,0.006160938598653,0.0815427142857142,0.1405711590382149,50.0,-0.0876465999999999,-3.2925266205973633,0.1346343142857142,0.0326371163265306,0.0403203612244897,-0.0478828857142857,0.0535269642857142,7,3.5714285714285716,0.1085117142857142,4,0.0,0.0,0.0,0.0,0.0,0.0
2024-08-29,-0.0310405,0.1460654611036728,neutral,-0.002957096512875,-0.0878172142857142,0.1419447345545794,50.0,-0.0588011249999999,-1.5467118058962803,-0.1693599285714285,0.0198723306122448,0.0361277421768707,-0.0893535,-0.0586966666666666,8,4.142857142857143,0.09526575,5,0.0,0.0,0.0,0.0,0.0,0.0
2024-08-30,0.0243473333333333,0.1132342317234501,neutral,0.0027779874491851,0.0553878333333333,0.1362026339883535,50.0,-0.1316396666666666,-1.7843731039555848,0.1432050476190476,0.0177765925170067,0.0326176231292516,-0.0146701666666666,-0.0491416666666666,9,4.857142857142857,0.1140982222222222,1,0.0,0.0,0.0,0.0,0.0,0.0
2024-08-31,-0.0654515,0.1099770247847249,neutral,-0.0162563854095,-0.0897988333333333,0.1384608914094462,50.0,0.1686078571428571,-3.688241012020482,-0.1451866666666666,0.0170779496598639,0.0213935159863945,-0.0048905,-0.1571375,2,5.0,0.248373,2,0.0,0.0,0.0,0.0,0.0,0.0
2024-09-02,-0.0798933333333333,0.1001348523958233,neutral,-0.0063207876977777,-0.0144418333333333,0.1236218768045781,50.0,-0.1116256666666666,0.2206493866960011,0.075357,-0.0131002408163265,0.0130468017006802,-0.2112473333333333,-0.116854,3,5.285714285714286,0.0791153333333333,2,0.0,0.0,0.0,0.0,0.0,0.0
2024-09-03,-0.036613,0.0934639270948958,neutral,-0.0026393286535999,0.0432803333333333,0.1125750994205134,50.0,-0.140536975,-0.5417264686248331,0.0577221666666666,-0.0223771836734693,0.0099440772108843,-0.0649386,-0.0434381428571428,5,5.285714285714286,0.0720871999999999,3,0.0,0.0,0.0,0.0,0.0,0.0
2024-09-04,-0.0843059999999999,0.2503273798808272,neutral,-0.0084927166607999,-0.0476929999999999,0.1334274831759442,50.0,-0.0630368888888888,1.3026247507715838,-0.0909733333333333,-0.0308828979591836,0.0042973153061224,-0.0595399999999999,-0.0790546666666666,5,5.571428571428571,0.1007368,2,0.0,0.0,0.0,0.0,0.0,0.0
2024-09-05,0.1365263636363636,0.1767060641881159,neutral,0.0172950232190909,0.2208323636363636,0.1461218496688774,50.0,-0.0121979999999999,-2.619414556927901,0.2685253636363636,-0.0194900909090909,0.0065735127087198,0.0797496493506493,0.0318667636363636,11,6.142857142857143,0.126679,1,0.0,0.0,0.0,0.0,0.0,0.0
2024-09-06,-0.105179,0.1745971504005721,neutral,-0.0118344606026666,-0.2417053636363636,0.1590458747920468,50.0,0.0958651999999999,-1.7703933306254536,-0.4625377272727272,-0.0300813051948052,-0.0051044872912801,-0.0741385,-0.163492,3,5.428571428571429,0.1125173333333333,3,0.0,0.0,0.0,0.0,0.0,0.0
2024-09-08,0.073073,0.0,neutral,0.0073916262419999,0.178252,0.1737736303911027,50.0,-0.2541906,-1.6947489517869536,0.4199573636363636,-0.0231204956709956,-0.0026719515769944,0.0487256666666666,0.0340555,1,4.285714285714286,0.101154,1,0.0,0.0,0.0,0.0,0.0,0.0
2024-09-09,-0.0215616666666666,0.3209443630309361,neutral,-0.0020415089105555,-0.0946346666666666,0.2306437393751128,50.0,-0.2214106,-1.2950702265770762,-0.2728866666666667,-0.0168505194805194,0.0001137150896722,0.0438898333333333,0.0389993333333333,3,4.428571428571429,0.0946823333333333,1,0.0,0.0,0.0,0.0,0.0,0.0
2024-09-10,-0.0015604999999999,0.1486077105323498,neutral,-0.0001460546073749,0.0200011666666666,0.2052138220379935,50.0,-0.0501169999999999,-0.9276261884517276,0.1146358333333333,-0.0056601147186147,-0.0093801777674706,0.0783328333333333,-0.1329145,4,4.571428571428571,0.09359475,1,0.0,0.0,0.0,0.0,0.0,0.0
2024-09-11,0.1176774615384615,0.1843964228912875,neutral,0.0168596318103905,0.1192379615384615,0.2071364117137863,50.0,-0.0535269642857142,-76.41010031301607,0.0992367948717948,0.0163813797868797,-0.0029979019432948,0.1542904615384615,0.0893518615384615,13,5.714285714285714,0.1432698461538461,2,0.0,0.0,0.0,0.0,0.0,0.0
2024-09-12,0.095503875,0.1786062246959075,neutral,0.0186453886480312,-0.0221735865384615,0.2081386802876202,50.0,0.0586966666666666,-0.1884267917456253,-0.141411548076923,0.0420685047868797,0.005592803413848,0.179809875,0.120269875,8,6.142857142857143,0.19523175,2,0.0,0.0,0.0,0.0,0.0,0.0
2024-09-13,0.0173756666666666,0.2212583279027782,neutral,0.0016179178259999,-0.0781282083333333,0.2107626098106518,50.0,0.0491416666666666,-0.8180632286735312,-0.0559546217948718,0.0250469766483516,0.0027784428696303,-0.1191506969696969,-0.0394010476190476,3,5.0,0.0931139999999999,2,0.0,0.0,0.0,0.0,0.0,0.0
2024-09-14,-0.11192,0.1920700007601395,neutral,-0.0176643336,-0.1292956666666666,0.1849877373564925,50.0,0.1571375,-7.441191704874636,-0.0511674583333333,0.0240839766483516,-0.0029986642732267,-0.0067409999999999,-0.0808795,2,4.857142857142857,0.15783,1,0.0,0.0,0.0,0.0,0.0,0.0
2024-09-15,0.192385,0.0122074914704045,bullish,0.0330302920725,0.304305,0.1577076935441034,50.0,0.116854,-2.7189510364546106,0.4336006666666666,0.041128548076923,0.0090040262029636,0.119312,0.1680376666666666,2,5.0,0.1716885,2,0.0,0.0,0.0,0.0,0.0,0.0
2024-09-16,-0.0128181428571428,0.2670209613678475,neutral,-0.0015079995722448,-0.2052031428571428,0.1742326012394154,50.0,0.0434381428571428,-1.0666275585785945,-0.5095081428571429,0.042377622906855,0.0127635517131677,0.0087435238095238,0.0526333571428571,7,5.571428571428571,0.1176457142857142,2,0.0,0.0,0.0,0.0,0.0,0.0
2024-09-17,0.0824116666666666,0.1633810291139498,neutral,0.007657609655,0.0952298095238095,0.1711875621230239,50.0,0.0790546666666666,-7.429298501751601,0.3004329523809524,0.0543736467163788,0.024356765998882,0.0839721666666666,0.1623049999999999,3,5.428571428571429,0.092919,1,0.0,0.0,0.0,0.0,0.0,0.0
2024-09-18,-0.0257156666666666,0.0675326015368379,neutral,-0.0012725911963333,-0.1081273333333333,0.1404424168498358,50.0,-0.0318667636363636,-1.31203915303254,-0.2033571428571428,0.0338889141156462,0.025135146951263,-0.1433931282051282,0.0108973333333333,3,4.0,0.049487,3,0.0,0.0,0.0,0.0,0.0,0.0
2024-09-19,-0.0211895999999999,0.1843120812882324,neutral,-0.0038269349942399,0.0045260666666666,0.1388908329554544,50.0,0.163492,-0.176004251623524,0.1126534,0.0172184176870748,0.0296434612369773,-0.1166934749999999,0.0631163999999999,5,3.5714285714285716,0.1806044,3,0.0,0.0,0.0,0.0,0.0,0.0
2024-09-20,-0.074016,0.1775459561822422,neutral,-0.006768689184,-0.0528264,0.171958525897822,50.0,-0.0340555,2.4930343187223927,-0.0573524666666666,0.0041624653061224,0.014604720977237,-0.0913916666666666,-0.2105423636363636,4,3.7142857142857144,0.091449,2,0.0,0.0,0.0,0.0,0.0,0.0
2024-09-21,-0.11698325,0.0674719749445402,neutral,-0.0140191849425625,-0.04296725,0.1320487286131605,50.0,-0.0389993333333333,0.5805129971897969,0.0098591499999999,0.003439143877551,0.0137615602629513,-0.00506325,-0.01180425,4,4.0,0.11983925,2,0.0,0.0,0.0,0.0,0.0,0.0
2024-09-22,0.438028,0.0,bullish,0.217523390716,0.55501125,0.1242156534879632,50.0,0.1329145,-4.744365112099381,0.5979785,0.0385310010204081,0.0398297745486656,0.2456429999999999,0.364955,1,3.857142857142857,0.496597,1,0.0,0.0,0.0,0.0,0.0,0.0
2024-09-23,0.0141115999999999,0.1479610142716655,neutral,0.0012222536554399,-0.4239163999999999,0.1443227566716701,50.0,-0.0893518615384615,-0.9677837946432648,-0.97892765,0.0423781071428571,0.042377865024856,0.0269297428571428,0.0356732666666666,5,3.5714285714285716,0.0866134,2,0.0,0.0,0.0,0.0,0.0,0.0
2024-09-24,0.0626110909090909,0.133237533535753,neutral,0.0056740048914545,0.0484994909090909,0.1315541197335502,50.0,-0.120269875,3.4368527246443294,0.4724158909090908,0.0395494534632034,0.0469615500897911,-0.0198005757575757,0.0641715909090909,11,4.714285714285714,0.090623,4,0.0,0.0,0.0,0.0,0.0,0.0
2024-09-25,0.05713175,0.1267349413503294,neutral,0.0083225319933437,-0.0054793409090909,0.118851366025572,50.0,0.0394010476190476,-0.087513902561556,-0.0539788318181818,0.0513847987012986,0.0426368564084724,0.0828474166666666,-0.0605457115384615,8,5.428571428571429,0.145672625,1,0.0,0.0,0.0,0.0,0.0,0.0
2024-09-26,0.0632925714285714,0.1398245434712818,neutral,0.0079151519797551,0.0061608214285714,0.1369395081572574,50.0,0.0808795,0.1078353354933365,0.0116401623376623,0.0634536803339517,0.0403360490105132,0.0844821714285714,-0.0322113035714285,7,5.714285714285714,0.1250565714285714,1,0.0,0.0,0.0,0.0,0.0,0.0
2024-09-27,-0.0122329999999999,0.2120683947456574,neutral,-0.0009739486444999,-0.0755255714285714,0.1519652854749374,50.0,-0.1680376666666666,-1.193277026417002,-0.0816863928571428,0.0722798231910946,0.0382211442486085,0.061783,-0.0296086666666666,2,5.428571428571429,0.0796165,1,0.0,0.0,0.0,0.0,0.0,0.0
2024-09-28,-0.081125,0.0,neutral,-0.010394951875,-0.068892,0.1529663532757554,50.0,-0.0526333571428571,5.631652088612772,0.0066335714285714,0.0774024303339517,0.0404207871057513,0.03585825,0.030795,1,5.0,0.128135,1,0.0,0.0,0.0,0.0,0.0,0.0
2024-09-30,0.0061811666666666,0.2027277699018234,neutral,0.0006780142320555,0.0873061666666666,0.170338912367273,50.0,-0.1623049999999999,-1.0761931176168464,0.1561981666666667,0.015710025572047,0.0271205132962275,-0.4318468333333333,-0.1862038333333333,6,5.714285714285714,0.1096903333333333,2,0.0,0.0,0.0,0.0,0.0,0.0
2024-10-01,0.0109234999999999,0.1783993053369323,neutral,0.0009337790122499,0.0047423333333333,0.1832550033639237,50.0,-0.0108973333333333,0.7672230161512099,-0.0825638333333333,0.0152545827149041,0.0288163449288806,-0.0031880999999999,0.0237416428571428,6,5.857142857142857,0.0854834999999999,2,0.0,0.0,0.0,0.0,0.0,0.0
2024-10-02,-0.0016123999999999,0.2001506336782929,neutral,-0.0001935694261999,-0.0125358999999999,0.1983365259156765,50.0,-0.0631163999999999,-1.1476083672815487,-0.0172782333333333,0.0060797982993197,0.0228146258812615,-0.0642234909090909,-0.0840240666666666,10,5.714285714285714,0.1200504999999999,2,0.0,0.0,0.0,0.0,0.0,0.0
2024-10-03,0.0171963333333333,0.2115200038530635,neutral,0.002644935548037,0.0188087333333333,0.198199428192528,50.0,0.2105423636363636,-11.665054163565715,0.0313446333333333,0.0003747387755102,0.0258797687384044,-0.0399354166666666,0.042912,9,5.857142857142857,0.1538081111111111,4,0.0,0.0,0.0,0.0,0.0,0.0
2024-10-04,-0.0747094285714285,0.1907064889455846,neutral,-0.0109788600390612,-0.0919057619047618,0.1967008403431393,50.0,0.01180425,-5.344497581156559,-0.1107144952380952,-0.0193398326530612,0.0220569238404452,-0.138002,-0.0535198285714285,7,5.857142857142857,0.1469541428571428,4,0.0,0.0,0.0,0.0,0.0,0.0
2024-10-05,0.0762625,0.092575945808473,neutral,0.01307425234375,0.1509719285714285,0.1746704755244693,50.0,-0.364955,-2.0207881583123948,0.2428776904761904,-0.0066976183673469,0.0327911024118738,0.0884954999999999,0.1502784999999999,4,6.142857142857143,0.1714375,1,0.0,0.0,0.0,0.0,0.0,0.0
2024-10-06,-0.095592,0.0,neutral,-0.0076653312959999,-0.1718545,0.1737382680713535,50.0,-0.0356732666666666,-2.2534600885100806,-0.3228264285714285,-0.0087643326530612,0.0343190488404452,-0.0144669999999999,0.02139125,1,6.142857142857143,0.080188,1,0.0,0.0,0.0,0.0,0.0,0.0
2024-10-07,-0.0052273636363636,0.1597044673603545,neutral,-0.0005347645273636,0.0903646363636363,0.1636267264918689,50.0,-0.0641715909090909,-0.945315887978454,0.2622191363636363,-0.0103941226963512,0.0026579514378478,-0.0114085303030303,-0.4432553636363636,11,6.857142857142857,0.1023009999999999,2,0.0,0.0,0.0,0.0,0.0,0.0
2024-10-08,0.0031886,0.1548007394545831,neutral,0.0003988896085333,0.0084159636363636,0.1494469103922488,50.0,0.0605457115384615,-1.6099824350880851,-0.0819486727272727,-0.0114991084106369,0.0018777371521335,-0.0077348999999999,-0.0109229999999999,15,8.142857142857142,0.1250986666666666,5,0.0,0.0,0.0,0.0,0.0,0.0
2024-10-09,0.0106662142857142,0.1435269218821004,neutral,0.001119928881954,0.0074776142857142,0.1376520186263777,50.0,0.0322113035714285,2.345108914794669,-0.0009383493506493,-0.0097450206555349,-0.0018326111781076,0.0122786142857142,-0.0519448766233766,14,8.714285714285714,0.1049977857142857,4,0.0,0.0,0.0,0.0,0.0,0.0
2024-10-10,-0.06628,0.1399546377203291,neutral,-0.007165787635,-0.0769462142857142,0.1494966916043417,50.0,0.0296086666666666,-7.214013540752846,-0.0844238285714285,-0.0216702111317254,-0.0106477361781076,-0.0834763333333333,-0.12341175,8,8.571428571428571,0.108113875,4,0.0,0.0,0.0,0.0,0.0,0.0
2024-10-11,0.0067754999999999,0.2449536452749785,neutral,0.0006894195467499,0.0730555,0.1685880823384691,50.0,-0.030795,-1.1022254073627036,0.1500017142857143,-0.0100295070500927,-0.0146846698515769,0.0814849285714285,-0.0565170714285714,6,8.428571428571429,0.1017518333333333,2,0.0,0.0,0.0,0.0,0.0,0.0
2024-10-12,-0.062365,0.0,neutral,-0.0054972876549999,-0.0691405,0.1708089860829977,50.0,0.1862038333333333,-10.204486753745112,-0.142196,-0.0298334356215213,-0.0182655269944341,-0.1386275,-0.050132,1,8.0,0.088147,1,0.0,0.0,0.0,0.0,0.0,0.0
2024-10-13,-0.0011515,0.158965501155649,neutral,-9.399896012500026e-05,0.0612134999999999,0.1718501765082642,50.0,-0.0237416428571428,-0.981536118014912,0.1303539999999999,-0.0163419356215213,-0.0125531341372912,0.0944405,0.0799735,4,8.428571428571429,0.08163175,2,0.0,0.0,0.0,0.0,0.0,0.0
2024-10-14,-0.0299923749999999,0.1099602895606766,neutral,-0.0021833661700156,-0.0288408749999999,0.1634585184279083,50.0,0.0840240666666666,25.04635258358655,-0.0900543749999999,-0.0198797943877551,-0.0151369585420531,-0.0247650113636363,-0.0361735416666666,8,8.0,0.072797375,5,0.0,0.0,0.0,0.0,0.0,0.0
2024-10-15,0.0859044545454545,0.2416785177074551,neutral,0.0083822208662231,0.1158968295454545,0.1888894884246898,50.0,-0.0429119999999999,-3.864209804840549,0.1447377045454545,-0.0080632437384044,-0.0097811760745207,0.0827158545454545,0.0749809545454545,11,7.428571428571429,0.0975760909090909,4,0.0,0.0,0.0,0.0,0.0,0.0
2024-10-16,-0.03227425,0.2338827710647295,neutral,-0.0043889349146875,-0.1181787045454545,0.1861217698721275,50.0,0.0535198285714285,-1.3756993763684602,-0.2340755340909091,-0.0141975957792207,-0.0119713082173778,-0.0429404642857142,-0.03066185,4,6.0,0.13598875,2,0.0,0.0,0.0,0.0,0.0,0.0
2024-10-17,0.0532756666666666,0.1508822737284492,neutral,0.0052242385111666,0.0855499166666666,0.1790738706433919,50.0,-0.1502784999999999,-2.650717419201582,0.2037286212121212,0.0028817851731601,-0.0093942129792826,0.1195556666666666,0.0360793333333333,6,5.714285714285714,0.0980605,4,0.0,0.0,0.0,0.0,0.0,0.0
2024-10-18,-0.1361685,0.0492365522808004,neutral,-0.0182960081655,-0.1894441666666666,0.1571280808684222,50.0,-0.02139125,-3.5559229667077528,-0.2749940833333333,-0.0175387862554112,-0.013784146652752,-0.142944,-0.0614590714285714,2,5.142857142857143,0.134363,2,0.0,0.0,0.0,0.0,0.0,0.0
2024-10-19,0.0126429999999999,0.0760804470149854,neutral,0.0010390459904999,0.1488114999999999,0.1503521123592839,50.0,0.4432553636363636,-1.0928481991062544,0.3382556666666666,-0.0068233576839826,-0.018328396652752,0.0750079999999999,-0.0636195,2,5.285714285714286,0.0821835,2,0.0,0.0,0.0,0.0,0.0,0.0
2024-10-20,-0.07423,0.0,neutral,-0.01268427394,-0.086873,0.1275205110222411,50.0,0.010923,-6.871233093411375,-0.2356845,-0.0172631433982684,-0.0168025395098948,-0.0730785,0.0213619999999999,1,4.857142857142857,0.170878,1,0.0,0.0,0.0,0.0,0.0,0.0
2024-10-21,-0.008209,0.1323108750859127,neutral,-0.0005172559308333,0.066021,0.1021275370275369,50.0,0.0519448766233766,-0.8894112892361579,0.152894,-0.0141512326839826,-0.0170155135358688,0.0217833749999999,-0.0029816363636363,6,4.571428571428571,0.0630108333333333,4,0.0,0.0,0.0,0.0,0.0,0.0
2024-10-22,-0.0998083999999999,0.1903082636521599,neutral,-0.0114554691866399,-0.0915993999999999,0.1119840345084646,50.0,0.12341175,11.158411499573631,-0.1576204,-0.0406816404761904,-0.0243724421072974,-0.1857128545454545,-0.1029969999999999,5,3.7142857142857144,0.1147745999999999,2,0.0,0.0,0.0,0.0,0.0,0.0
2024-10-23,-0.0849743999999999,0.2859290278098745,neutral,-0.0091069103865599,0.014834,0.1711571533907331,50.0,0.0565170714285714,-0.1486247650498356,0.1064334,-0.0482102333333333,-0.031203914556277,-0.0527001499999999,-0.0956406142857142,5,3.857142857142857,0.1071724,2,0.0,0.0,0.0,0.0,0.0,0.0
2024-10-24,-0.0890138,0.1553159962502253,neutral,-0.00887674098016,-0.0040394,0.1909660406995431,50.0,0.050132,0.0475366698676309,-0.0188734,-0.0685373,-0.0328277574134199,-0.1422894666666666,-0.0227338,5,3.7142857142857144,0.0997231999999999,2,0.0,0.0,0.0,0.0,0.0,0.0
2024-10-25,-0.0873475,0.1174497292483043,neutral,-0.012340978885,0.0016663,0.1762627784092953,50.0,-0.0799735,-0.0187195693252059,0.0057057,-0.0615628714285714,-0.0395508288419913,0.048821,-0.094123,2,3.7142857142857144,0.141286,2,0.0,0.0,0.0,0.0,0.0,0.0
2024-10-26,-0.1356455,0.105178598167593,neutral,-0.00942736225,-0.048298,0.1708363230256314,50.0,0.0361735416666666,0.5529408397492774,-0.0499643,-0.0827469428571428,-0.0447851502705627,-0.1482885,-0.0732805,2,3.7142857142857144,0.0695,2,0.0,0.0,0.0,0.0,0.0,0.0
2024-10-27,-0.0383976666666666,0.1416908023914514,neutral,-0.0042001287683333,0.0972478333333333,0.1611128307734897,50.0,-0.0749809545454545,-0.7169263509171578,0.1455458333333333,-0.077628038095238,-0.0474455907467532,0.0358323333333333,-0.0372461666666666,3,4.0,0.109385,1,0.0,0.0,0.0,0.0,0.0,0.0
2024-10-28,0.0187912,0.2231319454195207,neutral,0.0023501402192,0.0571888666666666,0.1485534142954189,50.0,0.03066185,-1.4893839035358054,-0.0400589666666666,-0.0737708666666666,-0.0439610496753246,0.0270002,0.048783575,5,3.857142857142857,0.1250659999999999,1,0.0,0.0,0.0,0.0,0.0,0.0
2024-10-29,0.0784425,0.2078851248815075,neutral,0.007701739588125,0.0596512999999999,0.1590672400216754,50.0,-0.0360793333333333,3.1744273915449757,0.0024624333333333,-0.0483064523809523,-0.0444940464285714,0.1782509,-0.0074619545454545,4,3.7142857142857144,0.09818325,1,0.0,0.0,0.0,0.0,0.0,0.0
2024-10-30,0.0314789999999999,0.2453176780543954,neutral,0.0035608100429999,-0.0469635,0.1846408297828936,50.0,0.0614590714285714,-0.5986996844822642,-0.1066148,-0.0316702523809523,-0.0399402428571428,0.1164533999999999,0.06375325,5,3.7142857142857144,0.113117,3,0.0,0.0,0.0,0.0,0.0,0.0
2024-10-31,-0.0349225714285714,0.2832923910996417,neutral,-0.0028319810737959,-0.0664015714285714,0.2202635883693034,50.0,0.0636195,-2.1093926563287093,-0.0194380714285714,-0.0239429340136054,-0.0462401170068027,0.0540912285714285,-0.0881982380952381,7,4.0,0.0810931428571428,4,0.0,0.0,0.0,0.0,0.0,0.0
2024-11-01,-0.0172063333333333,0.4303715245011764,neutral,-0.0025243641051111,0.017716238095238,0.2779997327912483,50.0,-0.0213619999999999,-0.5073005042447642,0.0841178095238095,-0.0139227673469387,-0.037742819387755,0.0701411666666666,0.1189621666666666,6,4.571428571428571,0.1467113333333333,4,0.0,0.0,0.0,0.0,0.0,0.0
2024-11-04,-0.0967976666666666,0.1640856622021965,neutral,-0.0078434181323333,-0.0795913333333333,0.2661904761477835,50.0,0.0029816363636363,4.625699839206489,-0.0973075714285714,-0.0083730768707483,-0.0455600098639455,0.0388478333333333,-0.1094406666666666,3,4.714285714285714,0.081029,2,0.0,0.0,0.0,0.0,0.0,0.0
2024-11-05,0.1230796666666666,0.5321556283666775,neutral,0.0321254340622222,0.2198773333333333,0.3310445768448175,50.0,0.1029969999999999,-2.27151480924127,0.2994686666666667,0.0146951136054421,-0.0314664622448979,0.1614773333333333,0.1973096666666667,3,4.714285714285714,0.2610133333333333,1,0.0,0.0,0.0,0.0,0.0,0.0
2024-11-06,0.121835,0.1685857181465856,neutral,0.015853218934,-0.0012446666666666,0.3156981848632555,50.0,0.0956406142857142,-0.0101126912379246,-0.221122,0.029415656462585,-0.0221776051020408,0.1030437999999999,0.130044,5,4.714285714285714,0.1301204,2,0.0,0.0,0.0,0.0,0.0,0.0
2024-11-07,0.1044084999999999,0.1368658993737625,neutral,0.0103352303614,-0.0174265,0.2864128865180797,50.0,0.0227338,-0.1430336110313129,-0.0161818333333333,0.0331250850340136,-0.0075906836734693,0.0259659999999999,0.2042168999999999,10,5.571428571428571,0.0989884,4,0.0,0.0,0.0,0.0,0.0,0.0
2024-11-08,0.228032,0.0,bullish,0.0013282864,0.1236235,0.2504232270223056,50.0,0.094123,1.184036740303711,0.14105,0.0612040850340136,0.0147669163265306,0.196553,0.3130064,1,5.0,0.005825,1,0.0,0.0,0.0,0.0,0.0,0.0
2024-11-09,0.065118,0.1045543961677365,neutral,0.008661963801,-0.162914,0.2355404105136905,50.0,0.0732805,-0.7144348161661522,-0.2865375,0.0754955952380952,0.0257763306122448,0.1000405714285714,0.1541317999999999,4,4.571428571428571,0.1330195,1,0.0,0.0,0.0,0.0,0.0,0.0
2024-11-11,0.0573962499999999,0.1125469113136828,neutral,0.0029699115599999,-0.0077217499999999,0.1306382312504418,50.0,0.0372461666666666,-0.1185808839337817,0.15519225,0.0861531071428571,0.0361151698979591,0.0746025833333333,0.14474375,4,4.285714285714286,0.051744,2,0.0,0.0,0.0,0.0,0.0,0.0
2024-11-12,0.1585682,0.2450781145700284,bullish,0.0303360311920399,0.10117195,0.1497613303563026,50.0,-0.0487835749999999,1.762692684626609,0.1088937,0.1226339452380952,0.0571304341836734,0.2553658666666666,0.2942137,5,4.571428571428571,0.1913122,2,0.0,0.0,0.0,0.0,0.0,0.0
2024-11-13,0.0938017499999999,0.2376808966491177,neutral,0.0092979225904687,-0.06476645,0.1749650796751414,50.0,0.0074619545454545,-0.4084453881673627,-0.1659383999999999,0.1184513857142857,0.0665732496598639,-0.0292779166666666,0.1321994166666666,8,5.285714285714286,0.0991231249999999,3,0.0,0.0,0.0,0.0,0.0,0.0
2024-11-14,-0.1076213333333333,0.2198027254069733,neutral,-0.0073052284853333,-0.2014230833333333,0.1839326088215078,50.0,-0.0637532499999999,-2.1473275640735205,-0.1366566333333333,0.0856719095238095,0.0575437829931972,-0.2294563333333333,-0.1264125333333333,3,5.0,0.067879,2,0.0,0.0,0.0,0.0,0.0,0.0
2024-11-15,-0.0230416666666666,0.2563281471385198,neutral,-0.0014322507986111,0.0845796666666666,0.2142873590156644,50.0,0.0881982380952381,-0.7859005649437535,0.28600275,0.0674647428571428,0.0502949139455782,-0.1274501666666666,-0.1014841666666666,6,4.428571428571429,0.0621591666666666,3,0.0,0.0,0.0,0.0,0.0,0.0
2024-11-17,0.122651,0.0,neutral,0.004380357814,0.1456926666666666,0.2397224709411598,50.0,-0.1189621666666666,-6.3230090415913205,0.0611129999999999,0.0524103142857142,0.0568071996598639,-0.105381,0.091172,1,4.428571428571429,0.035714,1,0.0,0.0,0.0,0.0,0.0,0.0
2024-11-18,-0.023382,0.2165404306562633,neutral,-0.003347928288,-0.146033,0.2325880499627185,50.0,0.1094406666666666,-1.1906384782839112,-0.2917256666666666,0.0397674571428571,0.0576315261904761,-0.0885,0.0115405714285714,6,4.714285714285714,0.143184,4,0.0,0.0,0.0,0.0,0.0,0.0
2024-11-19,-0.302673,0.0,bearish,-0.031684717659,-0.279291,0.2308904344005855,50.0,-0.1973096666666667,11.944701052091352,-0.133258,-0.0116710071428571,0.03724105,-0.36006925,-0.2854666666666667,1,4.285714285714286,0.104683,1,0.0,0.0,0.0,0.0,0.0,0.0
2024-11-20,0.1389841666666666,0.1254091615958207,neutral,0.0244922531305555,0.4416571666666666,0.1994259131302012,50.0,-0.130044,-1.4591891799620933,0.7209481666666666,-0.0144687261904761,0.0540826095238095,-0.0195840333333333,0.2357818333333333,6,4.428571428571429,0.1762233333333333,2,0.0,0.0,0.0,0.0,0.0,0.0
2024-11-21,0.0711786666666666,0.101126299666638,neutral,0.0058816118577777,-0.0678054999999999,0.1476919639729073,50.0,-0.2042168999999999,-0.4878649246616821,-0.5094626666666666,-0.0177005952380952,0.0503753952380952,-0.0226230833333333,-0.051901,6,4.142857142857143,0.0826316666666666,1,0.0,0.0,0.0,0.0,0.0,0.0
2024-11-22,0.030947,0.2741764117643966,neutral,0.0070362491815,-0.0402316666666666,0.1793130759207796,50.0,-0.3130064,-0.5652208526899445,0.0275738333333333,0.0020948809523809,0.0438833952380952,0.1385683333333333,-0.090888,2,4.0,0.2273645,1,0.0,0.0,0.0,0.0,0.0,0.0
2024-11-24,0.1205096666666666,0.0367998504118336,neutral,0.0082623435961111,0.0895626666666666,0.1343779308596722,50.0,-0.1541317999999999,2.894066199200784,0.1297943333333333,0.0226022142857142,0.0450334785714285,0.1435513333333333,0.0161011666666666,3,3.5714285714285716,0.0685616666666666,2,0.0,0.0,0.0,0.0,0.0,0.0
2024-11-25,-0.0374469999999999,0.1815072396627748,neutral,-0.0028908709529999,-0.1579566666666666,0.1438037926202927,50.0,-0.14474375,-1.3107385576260824,-0.2475193333333333,-0.0002689285714285,0.0260706928571428,-0.160098,-0.265479,2,3.7142857142857144,0.0771989999999999,1,0.0,0.0,0.0,0.0,0.0,0.0
2024-11-26,-0.0406835,0.118473798481774,neutral,-0.0040623763060833,-0.0032365,0.1424167199974834,50.0,-0.2942137,0.0864288193980828,0.1547201666666666,-0.0027405714285714,0.0185134428571428,-0.0173015,-0.1058014999999999,6,3.7142857142857144,0.0998531666666666,2,0.0,0.0,0.0,0.0,0.0,0.0
2024-11-27,0.0526791999999999,0.1361171643610753,neutral,0.0030560152145599,0.0933626999999999,0.1494148929363709,50.0,-0.1321994166666666,-2.2948541792127024,0.0965992,0.0480240285714285,0.0181765107142857,0.3553522,-0.00471705,5,4.285714285714286,0.0580117999999999,2,0.0,0.0,0.0,0.0,0.0,0.0
2024-11-28,0.101714,0.0,neutral,0.008156242232,0.0490348,0.1182245132293644,50.0,0.1264125333333333,0.9308189949733484,-0.0443278999999999,0.042699719047619,0.0141154964285714,-0.0372701666666666,-0.0568541999999999,1,3.5714285714285716,0.080188,1,0.0,0.0,0.0,0.0,0.0,0.0
2024-11-29,0.0540844999999999,0.249147549207961,neutral,0.0097831288669999,-0.0476295,0.1713114379283963,50.0,0.1014841666666666,-0.4682688715417741,-0.0966643,0.0402576952380952,0.0112785499999999,-0.0170941666666666,-0.0397172499999999,4,3.2857142857142856,0.180886,2,0.0,0.0,0.0,0.0,0.0,0.0
2024-11-30,0.021022,0.1018530749756726,neutral,0.0019311334749999,-0.0330624999999999,0.1513978967566207,50.0,-0.091172,-0.6113119285562407,0.014567,0.0388398380952381,0.0204673595238095,-0.009925,0.1286433333333333,2,3.2857142857142856,0.0918625,1,0.0,0.0,0.0,0.0,0.0,0.0
2024-12-02,-0.0594506666666666,0.1076293920838231,neutral,-0.0035480554204444,-0.0804726666666666,0.148686795157133,50.0,-0.0115405714285714,-3.828021437858752,-0.0474101666666666,0.013131219047619,0.0178667166666666,-0.1799603333333333,-0.036409,3,3.2857142857142856,0.0596806666666666,1,0.0,0.0,0.0,0.0,0.0,0.0
2024-12-03,-0.06289375,0.2441023934750538,neutral,-0.005996069996875,-0.0034430833333333,0.1756831024356276,50.0,0.2854666666666666,0.0579149659101101,0.0770295833333333,0.009495969047619,0.0046135202380952,-0.02544675,-0.1855447499999999,4,3.5714285714285716,0.0953365,2,0.0,0.0,0.0,0.0,0.0,0.0
2024-12-04,-0.0194057999999999,0.292479541764377,neutral,-0.0033002900697599,0.04348795,0.1990423903013775,50.0,-0.2357818333333333,-0.6914510583325053,0.0469310333333333,0.0125356404761904,0.0048975345238095,0.0212777,0.0039762,5,3.4285714285714284,0.1700672,2,0.0,0.0,0.0,0.0,0.0,0.0
2024-12-05,-0.1499336,0.1010136323958306,neutral,-0.00858690717904,-0.1305278,0.1694156069389514,50.0,0.051901,6.726226179801917,-0.17401575,-0.0164090452380952,0.0158074916666666,-0.2026127999999999,0.1527394,5,3.4285714285714284,0.0572713999999999,3,0.0,0.0,0.0,0.0,0.0,0.0
2024-12-06,0.0092661111111111,0.1496915976478343,neutral,0.0007868575641975,0.1591997111111111,0.1789833114733838,50.0,0.090888,-1.0618014315077549,0.2897275111111111,-0.0296158865079365,0.0065419162698412,-0.0924478888888888,-0.1297180555555555,9,4.571428571428571,0.0849177777777777,3,0.0,0.0,0.0,0.0,0.0,0.0
2024-12-07,-0.0045709999999999,0.1567939353004445,neutral,-0.0004231328989999,-0.0138371111111111,0.1888162201167081,50.0,-0.0161011666666666,-1.493302955812698,-0.1730368222222222,-0.0379952436507936,0.0011312257936507,-0.0586554999999999,-0.0757496666666666,3,4.428571428571429,0.092569,2,0.0,0.0,0.0,0.0,0.0,0.0
2024-12-08,-0.175334,0.0,bearish,-0.022112948746,-0.170763,0.1749946767771216,50.0,0.265479,37.357908553926976,-0.1569258888888889,-0.0660461007936508,-0.0136031313492063,-0.1963559999999999,-0.206281,1,4.285714285714286,0.126119,1,0.0,0.0,0.0,0.0,0.0,0.0
2024-12-09,-0.0601875,0.3533518651606356,neutral,-0.012096363375,0.1151464999999999,0.1902127576261862,50.0,0.1058015,-0.6567265903931924,0.2859095,-0.0661513626984127,-0.0265100718253968,-0.0007368333333333,-0.1806971666666667,2,4.142857142857143,0.200978,1,0.0,0.0,0.0,0.0,0.0,0.0
2024-12-10,-0.107303,0.2107407003433366,neutral,-0.0087528666645,-0.0471154999999999,0.2176445246130627,50.0,0.00471705,0.7828120456905501,-0.1622619999999999,-0.0724955412698412,-0.0314997861111111,-0.04440925,-0.069856,6,4.428571428571429,0.0815715,2,0.0,0.0,0.0,0.0,0.0,0.0
2024-12-11,-0.0711352,0.226136166650096,neutral,-0.00787524994864,0.0361678,0.2367556668636282,50.0,0.0568542,-0.3370623374928939,0.0832832999999999,-0.0798854555555555,-0.0336749075396825,-0.0517294,-0.0304516999999999,5,4.428571428571429,0.1107082,2,0.0,0.0,0.0,0.0,0.0,0.0
2024-12-12,0.1112659999999999,0.2081115261440365,neutral,0.0308618504199999,0.1824011999999999,0.2495850645745262,50.0,0.0397172499999999,-2.5641482697736144,0.1462333999999999,-0.0425712269841269,-0.0294901361111111,0.2611996,0.0585867999999999,6,4.571428571428571,0.27737,3,0.0,0.0,0.0,0.0,0.0,0.0
2024-12-13,-0.316524,0.0,bearish,-0.034487821992,-0.42779,0.2495850645745262,50.0,-0.1286433333333333,-3.844750417917424,-0.6101912,-0.0891126714285714,-0.0593642789682539,-0.3257901111111111,-0.418238,1,3.4285714285714284,0.108958,1,0.0,0.0,0.0,0.0,0.0,0.0
2024-12-14,0.291387,0.0,bullish,0.032790361884,0.6079110000000001,0.214996131045823,50.0,0.0364089999999999,-1.9205842211017172,1.035701,-0.0468329571428571,-0.0424141003968253,0.295958,0.2373025,1,3.142857142857143,0.112532,1,0.0,0.0,0.0,0.0,0.0,0.0
2024-12-16,-0.0502492499999999,0.192712509881732,neutral,-0.0035241055256249,-0.34163625,0.2089867342252881,50.0,0.1855447499999999,-1.1724484963296236,-0.94954725,-0.0289637071428571,-0.0475049039682539,0.12508475,-0.07127125,4,3.5714285714285716,0.0701325,2,0.0,0.0,0.0,0.0,0.0,0.0
2024-12-17,0.092942,0.1446920793948307,neutral,0.0067564496706666,0.113852,0.0,0.0,0.0025543717948717,-5.4448589191774275,0.0,0.0,0.0,0.0,0.0,2,0.0,0.0726953333333333,6,0.0419503333333333,0.1789315,0.06497625,0.0619889999999999,0.0,0.0619889999999999
2024-12-18,0.0133888749999999,0.1569859374224669,neutral,0.0008052671924374,-0.079553125,0.0,0.0,0.0007878390297954,-0.855943760624906,4.588915158552521,0.0,0.0,0.0,0.0,5,0.0,0.0601445,8,0.0,0.0,-0.0789796666666666,-0.048414,0.079496,0.0027499999999999
2024-12-19,-0.064090375,0.1888438803138247,neutral,-0.0056546136732812,-0.07747925,0.0,0.0,-0.0028322814476044,-5.786837953151407,-4.930894192526501,0.0,0.0,0.0,0.0,3,0.0,0.08822875,8,0.0344506666666666,-0.269194,-0.10561,-0.245619,0.083966,0.0345812
2024-12-20,0.0405443999999999,0.2750804313183691,neutral,0.0062031310223999,0.104634775,0.0,0.0,-0.0005761156063969,-1.6326129313488955,4.154225021802511,0.0,0.0,0.0,0.0,2,0.0,0.152996,5,0.315392,0.2474125,0.032593,-0.397046,0.0,0.032593
2024-12-23,-0.0391041428571428,0.1909378239518723,neutral,-0.0032977920247959,-0.0796485428571428,0.0,0.0,-0.002614843233619,-1.9644770389287511,-0.3318641075798556,0.0,0.0,0.0,0.0,4,0.0,0.0843335714285714,7,-0.0323946666666666,0.0,-0.043343,-0.0935045,0.0826195,0.0079822499999999
2024-12-24,-0.0061497499999999,0.218364159842185,neutral,-0.0002458362562499,0.0329543928571428,0.0524938377005886,0.0,-0.0023843698286705,-0.842734054484545,1.1217429844442064,0.0023744295918367,0.0,-0.0068805718112244,0.0,4,3.0,0.039975,4,0.144878,0.0,-0.0061497499999999,0.0965853333333333,0.0,-0.067412
2024-12-26,-0.0602363333333333,0.2471060779631559,neutral,-0.0039720239775555,-0.0540865833333333,0.0572867403775659,0.0,-0.0047638403863839,8.79492391289619,9.637657967380736,-0.0032436180272108,0.0,-0.0169152149234694,0.0,2,3.142857142857143,0.0659406666666666,3,0.0,0.0,-0.1324845,0.0,0.0824265,-0.0602363333333333
2024-12-27,-0.03948525,0.2032946025293916,neutral,-0.0046184811080625,0.0207510833333333,0.0392579591676882,0.0,-0.0053095583619644,-0.3444944634744256,-9.139418376370616,-0.0221617965986394,0.0,-0.007057444345238,0.0,2,3.142857142857143,0.11696725,4,-0.163992,0.0,-0.0816266666666666,0.0,0.0850215,-0.0566586666666666
2024-12-28,0.1758874999999999,0.0392126065506999,bullish,0.0223891595937499,0.2153727499999999,0.0850828421702607,0.0,0.0054742810724696,-5.454511494798689,-5.110017031324263,0.0010522926870748,0.0,0.0192407905187074,0.0,1,2.5714285714285716,0.1272925,2,-0.163992,0.0,-0.0816266666666666,0.0,0.0850215,-0.0566586666666666
2024-12-29,0.037493,0.0500872017385679,neutral,0.0019287336525,-0.1383944999999999,0.0806687974773381,0.0,0.0058170362009153,-0.7868353350863477,4.667676159712341,0.0155642034013605,0.0,0.013839056632653,0.0,2,2.4285714285714284,0.0514425,2,0.07291,0.0,0.07291,0.0,0.0,0.07291
2024-12-30,-0.0540663333333333,0.2370155560766705,neutral,-0.0031741983857777,-0.0915593333333333,0.0836564295106258,0.0,0.0009597453150577,-2.442038069328497,-1.6552027342421491,0.0020483843537414,0.0,0.0099472414965986,0.0,2,2.4285714285714284,0.0587093333333333,3,0.0,0.0,-0.1234089999999999,0.0,0.0827705,-0.0540663333333333
2024-12-31,-0.0167319999999999,0.1892963490280077,neutral,-0.0009083593649999,0.0373343333333333,0.0822375215521922,0.0,-0.0005463364189288,-0.6905283016541409,1.751509767674356,0.0052444047619047,0.0,0.0020561249999999,0.0,2,2.142857142857143,0.05428875,4,-0.300471,0.0,-0.0505886666666666,0.0,0.082802,-0.0449556666666666
2025-01-01,-0.1562235,0.2209333924613932,bearish,-0.017552960013,-0.1394915,0.1027153591291363,44.291110009074465,-0.0097509561225342,8.336809705952666,9.027338007606806,-0.0161947023809523,-0.0069101363945578,-0.016871744047619,-0.0049231146258503,2,1.8571428571428572,0.112358,2,-0.312447,0.0,-0.1562235,0.0,0.0,-0.312447
2025-01-02,-0.0554835,0.1928983642327396,neutral,-0.0057150224339999,0.10074,0.1023909072353748,48.65561917488511,-0.0105901350398406,-0.6448453657740353,-8.981655071726701,-0.0155157261904761,-0.0093796721088435,-0.0273729196428571,-0.0067724589795918,3,2.0,0.103004,4,0.0268273333333333,0.0,-0.207482,-0.302416,0.0,-0.302416
2025-01-03,-0.110333,0.271842959386481,neutral,-0.0075273034255,-0.0548495,0.1084758859373311,41.71557016607427,-0.0144203964077725,0.9885731794136998,1.6334185451877352,-0.0256368333333333,-0.0238993149659864,-0.0409561309523809,-0.0062835978388278,2,2.0,0.0682235,2,0.0,0.0,-0.302555,0.0,0.081889,-0.110333
2025-01-05,0.131752,0.271842959386481,neutral,0.014553589424,0.242085,0.0952916728015281,54.25956158360858,-0.0021812270392904,-2.194130495862525,-3.182703675276225,-0.0319419047619047,-0.0154448060374149,0.0046961488095237,-0.0006071364233385,1,2.0,0.110462,1,0.131752,0.0,0.0,0.0,0.0,0.0
2025-01-06,-0.0770913333333333,0.2555115036183955,neutral,-0.0079608365366666,-0.2088433333333333,0.0911268617139425,49.572546581780294,-0.0059487681636083,-1.5851245774890197,0.6090059183735055,-0.0483110952380952,-0.0163734459183673,0.0097779821428571,-0.0039721658503401,1,1.8571428571428572,0.103265,3,0.130998,0.0,-0.181136,-0.362272,0.0,-0.362272
2025-01-07,-0.087036,0.1578119924720551,neutral,-0.009630250533,-0.0099446666666666,0.0923181450910039,45.526808097723865,-0.0094097416790657,0.1289985039390506,1.7141230814280703,-0.0530210476190476,-0.025486331632653,0.0048067083333333,-0.0041146834641548,2,1.8571428571428572,0.11064675,4,0.0,0.0,-0.0833766666666666,-0.304126,0.0,-0.1340466666666666
2025-01-08,-0.0633415,0.1740082843806581,neutral,-0.0072389305429166,0.0236945,0.0909350563889434,49.11549043760436,-0.0104192170453683,-0.2722379245369732,-0.4012364284760239,-0.0596795476190476,-0.0272175714285714,0.0088850952380952,-0.0056451985347985,3,2.0,0.1142841666666666,6,-0.298983,0.0,-0.142393,-0.298983,0.0817865,-0.0972034
2025-01-09,0.0409626666666666,0.1040474549536572,neutral,0.0021975787955555,0.1043041666666666,0.0864760092989752,51.63420083289902,-0.004173597866461,-1.6466955576780888,-1.3744576331411156,-0.0315100952380952,-0.0238523988095238,0.0058761964285714,-0.0030026481684981,1,1.8571428571428572,0.0536483333333333,3,0.0,0.0,-0.069017,0.0,0.0,-0.069017
2025-01-10,-0.1396715,0.3421640216687021,neutral,-0.0100531355555,-0.1806341666666666,0.0957255185419109,47.46698897416271,-0.0114047110721215,-4.409726743050582,-2.763031185372493,-0.0435369523809523,-0.0295263392857142,-0.0091372976190476,-0.0075112357142857,1,1.5714285714285714,0.071977,2,0.0,0.102275,-0.1396715,-0.381618,0.0,-0.1396715
2025-01-12,0.024536,0.3421640216687021,neutral,0.0008065228559999,0.1642075,0.0935894787943955,51.87037464169746,-0.0057216526015253,-1.1756693384119166,3.2340574046386656,-0.0242699523809523,-0.0249533928571428,-0.0113860595238095,-0.0062949131868131,1,1.4285714285714286,0.032871,1,0.0,0.0,0.024536,0.024536,0.0,0.0
2025-01-13,-0.0018138888888888,0.1584578496370915,neutral,-0.0001125596657407,-0.0263498888888888,0.0660389012677136,44.16389883104826,-0.0030516861581652,-1.073927652791363,0.1017416856205535,-0.0433507936507936,-0.0376463492063492,0.0133087976190476,0.0009873438339438,4,1.8571428571428572,0.0620543333333333,9,0.0707909999999999,0.0,-0.03754275,-0.383445,0.0874445,-0.0695186666666666
2025-01-14,0.0222327142857142,0.2148440890550744,neutral,0.0022559693990816,0.0240466031746031,0.0682156722004797,49.4581189623102,0.0007318319103781,-13.256932837453537,-12.183005184662171,-0.0291616439909297,-0.0387363696145124,0.0155155249433106,0.0051752956218384,2,2.0,0.1014707142857142,7,-0.05039075,-0.076703,-0.0735865,-0.128032,0.0,0.0140656666666666
2025-01-15,-0.2261226666666666,0.4438680416535226,bearish,-0.0514851916053333,-0.2483553809523809,0.1004994901626095,44.50257291306602,-0.0137701172002686,-11.17071796815932,2.086214869294217,-0.0490311678004535,-0.0510261077097505,-0.0138552069160997,-0.0006839819989534,1,1.8571428571428572,0.2276869999999999,3,-0.48239,-0.48239,-0.48239,-0.2261226666666666,0.0,-0.48239
2025-01-16,-0.1805487499999999,0.2431259793774618,bearish,-0.0307966065221874,0.0455739166666666,0.1123465385325982,44.79325362369842,-0.0216779005287298,-0.2015451053115714,10.969172862847747,-0.0657750606575963,-0.0627273041383219,-0.0299907096088435,-0.0032540539420896,1,1.5714285714285714,0.1705722499999999,4,0.0,-0.460213,-0.2846113333333333,-0.460213,0.0,-0.173056
2025-01-17,-0.0629706666666666,0.3098726789188316,neutral,-0.0049535245226666,0.1175780833333333,0.1023085431209311,53.00581582556478,-0.0191837915009942,-0.6512262385274522,-0.4496811332158807,-0.0806226797052154,-0.0560663874716553,-0.014441992063492,-0.0063432993284493,2,1.7142857142857142,0.078664,3,-0.0629706666666666,-0.2090275,-0.2090275,-0.387978,0.0,-0.2090275
2025-01-20,0.0752486666666666,0.0654817491850464,neutral,0.0060727429802222,0.1382193333333333,0.1132936252423391,54.114474584694854,-0.0070509550582371,-2.194979673075294,-1.543753434547842,-0.0499197987528344,-0.0467283755668934,-0.0061770364229024,-0.0025722245682888,2,1.8571428571428572,0.0807023333333333,3,0.0532315,0.0,0.106463,0.112873,0.0,0.0
2025-01-21,-0.0797306666666666,0.1223445624878087,neutral,-0.0094810127653333,-0.1549793333333333,0.1086313476670569,50.906029302018695,-0.0087536270422464,-2.05956251716531,0.1354171559099848,-0.0648150368480725,-0.0445424946145124,0.0012654846938775,-0.0056120029216814,1,1.8571428571428572,0.118913,3,0.0,0.0,-0.171521,-0.171521,0.0,-0.056178
2025-01-22,-0.0378501999999999,0.1416764247544382,neutral,-0.0081475962017999,0.0418804666666666,0.1059693819196693,44.303341796517245,-0.0069190219841995,-0.5252742566641027,1.5342882605012067,-0.069963081292517,-0.0566569374716553,0.0131547383503401,0.000391111911739,3,1.7142857142857142,0.215259,5,0.082885,0.044243,-0.0776945,-0.1102636666666666,0.0,0.044243
2025-01-23,-0.0195335,0.2204358602031438,neutral,-0.00229812604175,0.0183166999999999,0.1009710643321983,52.21702917582365,-0.004057225282096,-0.4839261087127676,0.041348147951335,-0.0759296833333333,-0.0525456636621315,0.0317287357142857,0.000778120151753,2,1.7142857142857142,0.1176504999999999,6,0.107572,-0.1259414999999999,-0.10997925,-0.0210066666666666,0.0,0.0
2025-01-24,-0.014214,0.2234477758302821,neutral,-0.0015402176688,0.0053195,0.0774669691881828,52.81500881032092,-0.0013796168686125,-0.2723270279263828,0.2115990807863847,-0.0456570166666666,-0.0473440922335601,0.0168849898809523,0.000736266487005,2,1.8571428571428572,0.1083592,5,-0.1087943333333333,-0.108622,-0.073947,-0.073947,0.0,0.025608
2025-01-26,-0.069543,0.2234477758302821,neutral,-0.004736712816,-0.0553289999999999,0.0526327261158832,49.765997739998674,-0.0033901249222289,3.8925707049387928,4.1648977328651755,-0.0297990523809523,-0.0477870565192743,-0.0049444702380952,-0.0004253750898308,1,1.8571428571428572,0.068112,1,0.0,0.0,-0.069543,-0.069543,0.0,-0.069543
2025-01-27,0.0237454,0.1846096075230105,neutral,0.0028663642229599,0.0932884,0.0537178370082343,49.34489189037605,0.0020587499076601,-1.3414491753303712,-5.234019880269164,-0.0174110428571428,-0.0490168612811791,-0.0039463666666666,0.0045442244322344,2,1.8571428571428572,0.1207123999999999,5,-0.1400465,0.0,-0.1400465,-0.104001,0.0,-0.0933643333333333
2025-01-28,-0.1798085,0.2542876193299627,bearish,-0.0177246228875,-0.2035539,0.0655836580424091,48.49898803852379,-0.0090100457653821,-8.572350855323558,-7.230901679993187,-0.0538477809523809,-0.0518837898526077,-0.0081089928571428,-0.0021812939944182,2,1.8571428571428572,0.098575,2,-0.1798085,0.0,-0.359617,-0.1798085,0.0,-0.359617
2025-01-29,-0.0065956,0.1168034868927293,neutral,-0.00050477314008,0.1732129,0.0665908359811475,48.8435541896421,-0.0044832909363504,-0.9633187530066708,7.6090321023168865,-0.0433999142857142,-0.0541074755668934,-0.0067438142857142,0.0016319880184894,3,2.142857142857143,0.0765318,5,-0.0065956,-0.0258395,-0.021536,-0.0065956,-0.052516,-0.112825
2025-01-30,0.025613,0.2184769527902199,neutral,0.0024176930316,0.0322086,0.0716038306458497,51.014411474907455,0.0015530965392602,-4.883346473406511,-3.92002772039984,-0.0343337428571428,-0.0521484120748299,0.0014432428571428,0.0056336802878074,2,2.0,0.0943932,5,0.0312876666666666,0.0,-0.0844465,0.0312876666666666,0.0,-0.305915
2025-01-31,0.081805,0.2599805360252955,neutral,0.01659054483,0.056192,0.0842266204521355,52.15216626714021,0.0105370276968053,2.1938859173076173,7.077232390714128,-0.0198568142857142,-0.0478932488095238,0.016001,0.0119130456776556,1,1.8571428571428572,0.202806,2,-0.102029,0.0,0.081805,-0.102029,0.0,-0.102029
2025-02-02,-0.201904,0.2599805360252955,bearish,-0.016692817008,-0.283709,0.1085062001861447,50.85315379214977,-0.0042248980015406,-3.468113196014913,-5.66199911332253,-0.0466696714285714,-0.046163344047619,-0.0026979392857142,0.0016370434065934,1,1.7142857142857142,0.082677,1,0.0,0.0,-0.201904,0.0,0.0,0.0
2025-02-03,-0.014746,0.2209141607789475,neutral,-0.001202086547,0.187158,0.108557623535778,55.310972743619566,-0.0013886255100943,-0.9269652904350582,2.5411479055798547,-0.0388415285714285,-0.0343202904761904,-0.0025451642857142,-0.0018956063003662,2,1.8571428571428572,0.0815195,4,-0.0468935,-0.032111,-0.014746,-0.0089576666666666,0.0,-0.12103
2025-02-04,0.0641012,0.1713859650371056,neutral,0.0044424311040799,0.0788472,0.11339897979042,54.173915061895585,0.0069084620277157,-5.347022921470226,-4.420057631035168,-0.0330764142857142,-0.0252437285714285,0.0174254035714285,-2.808161172161346e-05,2,1.8571428571428572,0.0693033999999999,5,0.0914893333333333,0.046038,0.049435,0.049435,0.0,-0.063795
2025-02-05,-0.084817,0.1199493517197988,neutral,-0.0069292944489999,-0.1489182,0.097479655934559,44.77903684740053,0.0018468074791211,-2.32317335712904,3.0238495643411865,-0.0195062,-0.0366769904761904,-0.0090799571428571,0.001582761025641,1,1.7142857142857142,0.0816969999999999,2,-0.169634,0.0,-0.169634,-0.169634,0.0,-0.169634
2025-02-06,0.0262546666666666,0.1703866429103721,neutral,0.0022113736882222,0.1110716666666666,0.0989839300024961,53.55893013695092,0.0064457047947166,-1.3095448632546147,1.013628493874425,-0.0148133047619047,-0.0291066095238095,-0.0023326357142857,0.0019614564102564,2,1.5714285714285714,0.0842278333333333,6,0.08203925,0.0,-0.0237099999999999,-0.176316,0.0,-0.176223
2025-02-07,0.114201,0.2438063906299422,neutral,0.014083952526,0.0879463333333333,0.1100577091065136,54.952577450143366,0.0167853552302574,3.349740998425677,4.659285861680292,-0.0021578761904761,-0.0182458095238095,0.0172655119047618,0.0057677093040293,2,1.5714285714285714,0.123326,3,0.0,0.0,-0.167303,-0.167303,0.0,0.042395
2025-02-10,-0.0221246666666666,0.3194604140583514,neutral,-0.0015899670453333,-0.1363256666666666,0.1036677790567246,49.92162611331802,0.0141070905649158,-1.193734438986232,-4.543475437411909,-0.0170049714285714,-0.0184308928571428,0.0271209095238095,0.0056144334798534,2,1.7142857142857142,0.071864,3,0.0,0.0,-0.0475625,-0.36397,0.0,-0.36397
2025-02-11,-0.0844897499999999,0.0787654733258805,neutral,-0.0103664909986875,-0.0623650833333333,0.0740260667270782,47.945304847283325,0.0069970316717324,2.818803296471507,4.012537735457739,-0.0002315071428571,-0.0234505892857142,-0.0065237494047618,0.003866056007326,2,1.8571428571428572,0.12269525,4,-0.18541,0.0,-0.0508496666666666,-0.103851,0.0,-0.103851
2025-02-12,-0.1903385,0.110125517208774,bearish,-0.017908949465,-0.10584875,0.1036054007680776,46.56956819875799,-0.0069004860068259,1.2527998958453543,-1.5660034006261525,-0.02531615,-0.0320788392857142,-0.0289658547619047,-0.00242170003663,1,1.7142857142857142,0.09409,2,-0.1903385,0.0,-0.1903385,-0.268209,0.0,-0.268209
2025-02-13,-0.108628,0.2421218197746746,neutral,-0.0094445166226666,0.0817104999999999,0.0992368208141211,46.21588711426738,-0.0113268985197334,-0.4292904483328386,-1.682090344178193,-0.04999175,-0.0415340821428571,-0.0251182172619047,-0.0027684593772893,2,1.7142857142857142,0.0869436666666666,3,-0.2116435,-0.375309,-0.375309,-0.108628,0.097403,-0.138953
2025-02-14,0.0216144999999999,0.1759020042083091,neutral,0.0011881058359999,0.1302424999999999,0.1011468395382953,56.009912896647755,-0.0044799814430874,-1.1989772434363146,-0.769686795103476,-0.03478725,-0.027146725,-0.0224211547619047,-0.0055227114652014,2,1.8571428571428572,0.054968,2,0.0216144999999999,0.0,0.0216144999999999,0.0216144999999999,0.0,-0.102767
2025-02-18,0.0034214999999999,0.2609952342562982,neutral,0.0002484590654999,-0.018193,0.0991996411336785,50.329350285207205,-0.0004907042706512,-0.8417034860857298,0.3572737573505848,-0.0380491309523809,-0.0264312178571428,-0.0096070863095238,-0.0039718239926739,2,1.8571428571428572,0.072617,2,0.187973,0.0,-0.18113,-0.18113,0.0,-0.18113
2025-02-19,-0.0761033333333333,0.028887849666137,neutral,-0.0075845343033333,-0.0795248333333333,0.0731866970031202,46.75660355130064,-0.0035966889979347,-23.242681085294016,-22.40097759920829,-0.0652354642857142,-0.0336966702380952,0.0080656964285714,-0.0036752838461538,1,1.7142857142857142,0.099661,3,0.0,0.0,-0.0761033333333333,-0.107945,0.0,-0.107945
2025-02-21,0.0145984999999999,0.2064674641823742,neutral,0.0014956041595833,0.0907018333333333,0.0779529995560575,47.903155190383934,0.001133335061206,-1.1918247120143663,22.05085637327965,-0.0599892976190476,-0.0384971345238095,0.0227780208333333,0.0015123255311355,3,1.8571428571428572,0.1024491666666666,6,0.0518089999999999,0.0835583333333333,-0.026493,-0.104374,0.0,-0.19157
2025-02-23,-0.103488,0.2064674641823742,neutral,-0.00727624128,-0.1180865,0.0792678201328327,53.42449912431977,-0.0044575238722617,-8.08894749460561,-6.897122782591245,-0.0627033333333333,-0.0314674202380952,0.0146173809523809,-0.0057315958608058,1,1.7142857142857142,0.07031,1,0.0,0.0,0.0,-0.103488,0.0,-0.103488
2025-02-24,-0.2551793333333333,0.2357608597739101,bearish,-0.0201871520002222,-0.1516913333333333,0.0981970633999999,41.42212284109947,-0.0207236859923768,1.4657866934652652,9.554734188070876,-0.0719663095238095,-0.0486412297619047,-0.0242386428571428,-0.0115721091941391,3,2.0,0.0791096666666666,3,-0.194518,-0.376502,-0.2551793333333333,-0.3910369999999999,0.0,-0.2551793333333333
2025-02-25,-0.398691,0.2357608597739101,bearish,-0.046612559574,-0.1435116666666666,0.1587668191086151,34.21730280208301,-0.0445341527195815,0.5623953350454189,-0.9033913584198464,-0.1134038809523809,-0.0816978154761904,-0.064482244047619,-0.0178567478021978,1,1.8571428571428572,0.116914,1,-0.398691,0.0,-0.398691,-0.398691,0.0,-0.398691
2025-02-26,-0.00735825,0.283091809077756,neutral,-0.00076948899375,0.39133275,0.1549931248855809,52.266794663260015,-0.0318207535002552,-0.9815439776669148,-1.5439393127123338,-0.1175428452380952,-0.0761650476190476,-0.0338318720238095,-0.0158355904761904,2,1.8571428571428572,0.104575,4,0.0,0.145959,-0.0914156666666666,-0.1263555,0.0,-0.39867
2025-02-27,0.1662986,0.1032387922291487,bullish,0.0261137028594,0.17365685,0.1854188752657886,53.95350235163358,-0.0077937053848182,-23.600292189039504,-22.618748211372587,-0.094274688095238,-0.0661619095238095,0.0138603321428571,-0.0055315835897435,5,2.2857142857142856,0.157029,10,0.2175549999999999,0.0,0.134731,0.14658675,0.0,0.227153
2025-02-28,-0.2390759999999999,0.2091947127869153,bearish,-0.02104825104,-0.4053746,0.1928401233498521,41.54259375683882,-0.0208999633595619,-2.4376308640000577,21.162661325039444,-0.1175564976190476,-0.0913959809523809,0.0009418136904761,-0.0045259561904761,2,2.4285714285714284,0.08804,2,-0.091153,0.0,-0.2390759999999999,-0.386999,0.0,-0.386999
2025-03-01,-0.427375,0.2091947127869153,bearish,-0.146201995875,-0.188299,0.2135964433526328,40.53391936636027,-0.0458116821342727,0.7876114708293598,3.2252423348294172,-0.180695569047619,-0.1203424333333333,-0.0133737404761904,-0.011841687032967,1,2.142857142857143,0.342093,1,0.0,0.0,-0.427375,0.0,0.0,0.0
2025-03-02,-0.084999,0.2091947127869153,neutral,-0.005069000364,0.342376,0.214821101366943,49.98948069704292,-0.0377242936068224,-0.8011137759578824,-1.588725246787242,-0.1780542833333333,-0.1203788083333333,0.0079091160714285,-0.009649918058608,1,2.142857142857143,0.059636,1,0.0,0.0,0.0,0.0,0.0,0.0
2025-03-03,0.0336065555555555,0.1352133820550975,neutral,0.002539748223,0.1186055555555555,0.2250284324329368,54.60166067647228,-0.0215713061462021,-1.395375893311163,-0.5942621173532807,-0.1367991563492063,-0.1043827329365079,0.0195691988095238,-0.0075566996947496,5,2.4285714285714284,0.075573,9,-0.219391,-0.140035,-0.023819,-0.219391,0.1340259999999999,-0.0228435
2025-03-04,-0.0920733333333333,0.3100147454671578,neutral,-0.0090060917177777,-0.1256798888888888,0.1931360514630369,50.334130403468016,-0.0186237132350738,-3.7397432379264623,-2.344367344615299,-0.0929966325396825,-0.1032002567460317,-0.0130518692460317,-0.0073449564224664,2,2.5714285714285716,0.0978143333333333,6,0.022684,-0.286608,-0.3593636666666666,-0.505212,0.0,-0.1651979999999999
2025-03-05,0.0276914444444444,0.223307153862181,neutral,0.0024276750893456,0.1197647777777777,0.1961569899822058,50.12317471867822,-0.0066126612555385,-1.3007542297202712,2.438989008206191,-0.0879895333333333,-0.1027661892857142,0.0121130507936507,0.0005095786691086,3,2.7142857142857144,0.0876687777777777,9,-0.0194018333333333,0.0,-0.2043013333333333,-0.409919,0.0804875,-0.02520925
2025-03-06,0.1699775,0.0800918637846566,bullish,0.0033375082125,0.1422860555555555,0.1969551515674538,53.214260240429965,0.0141518830950456,5.138267736123872,6.439021965844143,-0.0874639761904761,-0.0908693321428571,0.076079251984127,0.0118029485592185,2,2.2857142857142856,0.019635,2,0.1699775,0.113344,0.113344,0.1699775,0.0,0.0
2025-03-07,-0.0557736666666666,0.362723739197386,neutral,-0.0036058790973333,-0.2257511666666666,0.1852773131904795,50.37136993786384,0.0123531986961127,-1.328123820309551,-6.466391556433423,-0.0612779285714285,-0.0894172130952381,0.0578157817460317,0.013292473028083,1,2.142857142857143,0.064652,3,0.152142,0.0,-0.181421,-0.471605,0.0,0.0
2025-03-10,0.0503696666666666,0.2328885041502335,neutral,0.0022753825321111,0.1061433333333333,0.0929143934026619,50.64978008568858,0.0192251074314042,-1.9031083964355944,-0.5749845761260435,0.0069713095238095,-0.0868621297619047,0.0174784424603174,0.0207154733211233,2,2.2857142857142856,0.0451736666666666,3,-0.199773,0.0,-0.054911,-0.054911,0.0,0.0
2025-03-11,-0.1278865,0.3633857103856727,neutral,-0.00920469478075,-0.1782561666666667,0.1010477077437856,49.56628422526587,0.010240099139114,-3.538958632510307,-1.6358502360747127,0.0008445238095238,-0.0886048797619047,-0.0101092242063492,0.0189952428449328,1,2.2857142857142856,0.0719755,2,-0.1278865,0.0,-0.384839,-0.384839,0.0,-0.384839
2025-03-12,-0.0429446666666666,0.150675079111754,neutral,-0.0026385489497777,0.0849418333333333,0.1010534695590593,53.86446176132536,0.0098290947826935,-0.6641970288758652,2.8747616036344414,-0.010091365079365,-0.0734452607142857,-0.0101206329365079,0.0148083548595848,2,1.8571428571428572,0.0614406666666666,3,-0.0429446666666666,0.081596,-0.064417,-0.064417,0.0,0.081596
2025-03-13,-0.071194625,0.1018491449700241,neutral,-0.0070858497376718,-0.0282499583333333,0.0985064407048336,56.22446767296014,0.0071510343475946,0.6578222751758076,1.3220193040516728,-0.0071086924603174,-0.0500526625,-0.0283791205357142,0.0041502717277167,3,2.0,0.099527875,8,-0.0029029999999999,-0.044905,-0.1106026,-0.170824,0.0,-0.0374076666666666
2025-03-14,-0.1285235,0.1349503460414237,neutral,-0.01092687518475,-0.057328875,0.1066657245116993,47.36220428890957,0.0004161624379622,0.805241617608071,0.1474193424322634,-0.029425113095238,-0.0587073232142857,-0.0364164017857143,0.0033157559035409,2,1.8571428571428572,0.0850185,6,-0.1729466666666667,0.0,-0.1285235,-0.1342626666666666,0.0,-0.1283215
2025-03-15,-0.192744,0.1349503460414237,bearish,-0.036132368472,-0.0642204999999999,0.0778693862774312,41.79247796985024,-0.0099692659870484,0.4996790470225287,-0.3055625705855422,-0.0812424702380952,-0.0843532232142857,-0.0254287663690476,0.0069039142551892,1,1.7142857142857142,0.187463,1,0.0,0.0,-0.192744,0.0,0.0,0.0
2025-03-17,-0.0908645,0.1658186615085889,neutral,-0.00979114962975,0.1018795,0.0770820579044585,53.933880138976875,-0.0098922440649124,-0.5285741709210143,-1.028253217943543,-0.0862554464285714,-0.0737666875,-0.0228212976190476,0.0016171268925518,2,1.8571428571428572,0.1077555,2,-0.0908645,0.026387,-0.0908645,-0.208116,0.0,-0.0908645
2025-03-18,0.0439469999999999,0.2041188741807087,neutral,0.0044000542094999,0.1348115,0.0751999828045513,62.875573920805486,0.0010014798796452,-1.4836542324009927,-0.9550800614799784,-0.0871729702380952,-0.0401008303571428,0.010646837797619,-0.0066770417887667,2,1.8571428571428572,0.1001218333333333,6,-0.002366,-0.00707725,0.01580525,-0.1965015,0.0,0.0494406
2025-03-19,-0.2673226666666666,0.1074710239894146,bearish,-0.0263788661013333,-0.3112696666666666,0.1016112313496582,44.93317018984914,-0.0152340929267035,-7.082842211451673,-5.599187979050681,-0.1070924226190476,-0.0531239494047619,-0.0144711339285714,-0.0146492536935286,1,1.8571428571428572,0.098678,3,-0.390808,-0.216236,-0.2673226666666666,-0.390808,0.0,-0.390808
2025-03-20,0.021009,0.2286782180171517,neutral,0.0017059308,0.2883316666666666,0.1107999683934446,49.68008887467287,-0.0048409286989072,-1.078590417572771,6.004251793878902,-0.0979561845238095,-0.0540237748015873,0.0084179836309523,-0.009671922008547,1,1.7142857142857142,0.0812,5,0.2291755,0.0,-0.0452237499999999,-0.0614115,0.078641,-0.1177686666666666
2025-03-21,-0.16660375,0.1922104069336083,bearish,-0.012902877324375,-0.18761275,0.1128093455835863,48.16504175001138,-0.0115723556796908,-8.930113284782708,-7.851522867209937,-0.1115860595238095,-0.0593473759920634,0.0048859672619047,-0.0141428737789987,1,1.4285714285714286,0.0774465,4,0.0,0.0,-0.16660375,-0.37827,0.0,-0.16660375
2025-03-22,-0.049199,0.1922104069336083,neutral,-0.005083781869,0.11740475,0.1147911495659902,48.104734783402826,-0.0073700634604675,-0.7046945221821237,8.225418762600585,-0.1002539880952381,-0.064839550595238,0.0091506607142857,-0.0109835085164835,1,1.2857142857142858,0.103331,1,-0.049199,0.0,-0.049199,0.0,0.0,0.0
2025-03-23,-0.050649,0.1922104069336083,neutral,-0.005038359924,-0.00145,0.1080770355273678,44.15605898333997,-0.0041091671362591,0.0294721437427589,0.7341666659248827,-0.0799547023809523,-0.0805985863095238,0.0012526220238095,-0.0028368427655677,1,1.2857142857142858,0.099476,1,-0.049199,0.0,-0.049199,0.0,0.0,0.0
2025-03-24,-0.0732135999999999,0.0916467319291855,neutral,-0.0064504842279999,-0.0225645999999999,0.1079859440502579,49.482330226570646,-0.0033040386152583,0.4455092894232855,0.4160371456805265,-0.0774331452380952,-0.0818442958333333,0.0004163404761904,-0.0018074392124542,1,1.1428571428571428,0.088105,5,-0.207804,0.042226,-0.0732135999999999,-0.082789,0.0,-0.123456
2025-03-25,-0.0918625,0.2387920588903659,neutral,-0.0125578027854166,-0.0186489,0.0938136119143375,45.54681342508483,-0.0041205409598641,0.2547190685883498,-0.1907902208349357,-0.0968345023809523,-0.0920037363095238,0.0162103589285714,0.0022650284432234,1,1.0,0.1367021666666666,6,0.0448629999999999,-0.467507,-0.1063445999999999,-0.167805,-0.467507,-0.1286873333333333
2025-03-26,-0.0471096666666666,0.2778847149634779,neutral,-0.0048670409923333,0.0447528333333333,0.0566930728290261,52.759775756297486,-0.00114926460321,-0.4871719508323128,-0.7418910194206626,-0.0653755023809523,-0.0862339625,-0.0028174321428571,0.0023647678937728,2,1.1428571428571428,0.1033129999999999,3,-0.366516,0.0,-0.0471096666666666,-0.113689,0.0,-0.366516
2025-03-27,0.0079371428571428,0.2105137156358452,neutral,0.0008743091681632,0.0550468095238095,0.0534987199975351,51.77465096060313,0.0055760475026954,-1.1684822546782936,-0.6813103038459808,-0.0672429105442176,-0.0825995475340135,0.0173781373299319,0.0064824905468341,2,1.2857142857142858,0.1101541428571428,7,-0.0684405,-0.0086856666666666,0.0079371428571428,-0.0548524,0.067118,-0.1241025
2025-03-28,0.0481896,0.2663634888198831,neutral,0.00311942846304,0.0402524571428571,0.0483630075687024,54.129299442401155,0.013987883198219,5.071403887688989,6.239886142367283,-0.0365581462585034,-0.0740721028911564,0.0155515006802721,0.0105953097906855,2,1.4285714285714286,0.0647324,5,0.042247,-0.097417,-0.2084515,-0.2084515,0.0,0.0
2025-03-29,-0.044307,0.2663634888198831,neutral,-0.004462999803,-0.0924966,0.048184917675542,52.843725296740764,0.0130500349644601,-1.919430748543254,-6.990834636232243,-0.0358592891156462,-0.0680566386054421,0.0129154301020408,0.0096506402982731,1,1.4285714285714286,0.100729,1,0.042247,-0.097417,-0.2084515,-0.2084515,0.0,0.0
2025-03-31,-0.0760571666666666,0.2011873832171556,neutral,-0.0064711085305277,-0.0317501666666666,0.0503911807255272,54.02848419424654,0.0096368821279239,0.7165948194792395,2.6360255680224935,-0.0394890272108843,-0.0597218647959183,0.0064956988095238,0.0053114814285714,1,1.4285714285714286,0.0850821666666666,6,-0.1165419999999999,-0.070029,-0.0466933333333333,-0.304367,0.0,-0.2262543333333333
2025-04-01,0.04285475,0.1862667773473228,neutral,0.0071807097689374,0.1189119166666666,0.0562053166362156,54.562848177745785,0.0163279137381946,-1.5634544629806966,-2.2800492824599363,-0.0229078343537414,-0.0501704897959183,0.010500450255102,0.0072155615698587,2,1.5714285714285714,0.16755925,8,0.0256652,0.1998,-0.0166848,-0.0412526666666666,0.0,-0.1459475
2025-04-02,0.0959184999999999,0.1800515860316148,neutral,0.00943844754295,0.0530637499999999,0.0622920423629435,51.87818445530223,0.0256125010615036,1.238223300800961,2.8016777637816577,0.0039180227891156,-0.0464582397959183,0.0133811767006802,0.0144923070957613,3,1.8571428571428572,0.0984007,10,0.0743013999999999,0.179257,0.0690658,-0.031916,0.0,0.1268718571428571
2025-04-03,0.0652547142857142,0.186103123854056,neutral,0.0054537280011428,-0.0306637857142857,0.0614226840899974,65.07670718191522,0.0301510241286039,-0.3196858344770372,-1.5579091352779983,0.0199700772108843,-0.022702712585034,0.0126632951530612,0.0104028609419152,2,1.8571428571428572,0.083576,7,0.060244,0.0,-0.04963225,-0.1014295,0.0,0.077243
2025-04-04,-0.1314636666666666,0.1777539075726138,neutral,-0.0106362870577777,-0.1967183809523809,0.0843087385048608,42.46183215227384,0.0176848243118278,-3.01462328209821,-2.6949374476211725,5.5675850340132704e-05,-0.0335936173469387,-0.0052807394557823,0.0087364505808477,1,1.7142857142857142,0.0809066666666666,3,-0.271365,0.0,-0.231472,-0.271365,0.0,-0.271365
2025-04-07,-0.0326962857142857,0.1723969030558208,neutral,-0.0021401213687346,0.0987673809523809,0.0821268835583111,57.25791748032573,0.015588631151058,-0.751290325735483,2.263332956362727,-0.0114994506802721,-0.0240287984693877,-0.0019136033163265,0.004377139199372,3,1.8571428571428572,0.0654545714285714,7,-0.2296885,0.0,-0.080741,-0.2296885,0.08903,-0.1182699999999999
2025-04-08,-0.0119268888888888,0.1654906497037253,neutral,-0.0008296860742962,0.0207693968253968,0.0808733740408923,52.2565717862797,0.0154241836503034,-0.6352219027839675,0.1160684229515155,-0.0068737205215419,-0.0213665048185941,-0.0066461930272108,0.0038931211808826,3,2.142857142857143,0.0695643333333333,9,-0.2702245,0.0,-0.0352242,-0.1799675,0.087296,-0.0145226666666666
2025-04-09,-0.1171995,0.2789769597018721,neutral,-0.01116436577025,-0.1052726111111111,0.0879267034570795,46.42078298827996,0.0067278114714556,8.826493823480094,9.461715726264062,-0.0127511967120181,-0.0261201119614512,-0.0283501617063492,0.0001896786202686,1,2.142857142857143,0.0952595,2,-0.1171995,0.0,-0.314466,-0.314466,0.0,-0.314466
2025-04-10,0.0255944285714285,0.218128446125868,neutral,0.0023211843215714,0.1427939285714285,0.0863350420743953,54.7055524021284,0.011221131725106,-1.2183834280131618,-10.044877251493256,-0.0152169569160997,-0.0190623956349206,-0.0162979951814059,0.0001147043485086,3,2.2857142857142856,0.090691,7,0.07112025,0.0945324999999999,-0.0765052,-0.333625,-0.11969,-0.178401
2025-04-11,-0.07803225,0.2563491778068539,neutral,-0.0101315512755,-0.1036266785714285,0.0730232992796492,50.60932294159227,0.0063522346792448,-4.048798287573748,-2.8304148595605856,-0.0400670640589569,-0.0180745206349206,-0.0071517113095238,-0.0039701520739577,1,2.0,0.129838,4,-0.299186,-0.326311,-0.0133559999999999,-0.326311,0.0,-0.326311
2025-04-12,-0.019123,0.2563491778068539,neutral,-0.004633216055,0.0589092499999999,0.0581998063108479,51.217824916984306,0.0071618173914463,-0.7549346584264839,3.2938636291472636,-0.0521210232426303,-0.016075473015873,0.0101382638888889,-0.0049573112436769,1,1.8571428571428572,0.242285,1,0.0,0.0,-0.019123,0.0,0.0,0.0
2025-04-14,-0.1781628,0.1426095610634153,bearish,-0.01586233293984,-0.1590398,0.0702412924612707,42.57403907255134,-0.0049657094340165,8.31667625372588,9.071610912152364,-0.0587923280045351,-0.0293683260770975,-0.0147008755385487,-0.0087967530298273,2,2.0,0.0890328,5,-0.296907,-0.3135635,-0.1973405,-0.33022,0.0,0.0
2025-04-15,-0.038654625,0.1672444894654337,neutral,-0.0035179767485624,0.139508175,0.0699076616832786,46.78899836376511,-0.0032873015344545,-0.7830376206480815,-9.09971387437396,-0.0596435193310657,-0.0355714850056689,-0.0088152584608843,-0.0065052211503575,1,1.7142857142857142,0.0910105,8,-0.0966553333333333,-0.1490095,-0.0685568,-0.413221,0.0,0.0
2025-04-16,-0.08157375,0.213864679250494,neutral,-0.0081129376996875,-0.042919125,0.0668749954904188,48.5696499730152,-0.0053570391807964,1.110323150205183,1.8933607708532645,-0.0695930709183673,-0.0382333957199546,-0.0043482645408163,-0.0081075555895691,2,1.5714285714285714,0.09945525,4,0.191012,-0.31782,-0.180412,-0.180412,0.0,0.191012
2025-04-17,-0.1914315,0.1489456794959155,bearish,-0.01282811196225,-0.10985775,0.0802336403843498,45.82225879819334,-0.0156774476327263,1.3467291867788354,0.2364060365736526,-0.0801976423469387,-0.0464744195294784,-0.024203300382653,-0.0137315817870225,1,1.5714285714285714,0.0670115,2,-0.086111,-0.296752,-0.1914315,-0.296752,0.0,-0.296752
2025-04-18,0.020843,0.1489456794959155,neutral,0.002271011594,0.2122745,0.0792029526798963,49.253426222755905,-0.0066575662179921,-1.108879677587022,-2.4556088643658573,-0.0808764178571428,-0.0480466873866213,0.0017356357142857,-0.0088633092665271,1,1.2857142857142858,0.108958,1,0.0,0.0,0.0,0.0,0.0,0.0
2025-04-19,0.0944305,0.1065928117299661,neutral,0.01208063551075,0.0735875,0.1033715106420735,49.95022440040194,0.0063532363122761,3.530561819315837,4.639441496902859,-0.0562388821428571,-0.048152973100907,0.0209248294642857,-4.642740537240808e-05,1,1.2857142857142858,0.1279315,2,0.019058,0.0,0.019058,0.0,0.0,0.019058
2025-04-21,-0.039793,0.2158056813302189,neutral,-0.004696210688,-0.1342235,0.102425467251084,46.713701463132125,0.0057707357439054,-1.4213998655095548,-4.951961684825392,-0.0591917392857142,-0.0556563812641723,0.0279891571428571,0.0039311439377289,3,1.5714285714285714,0.118016,6,0.0604253333333333,-0.45318,-0.2305915,-0.2305915,0.0,-0.1319505
2025-04-22,-0.0154044999999999,0.2190217195569121,neutral,-0.0012081287214999,0.0243885,0.0884352339535907,54.0695724095474,0.0071935134399066,-0.6128841756087757,0.808515689900779,-0.0359405535714285,-0.0473664407879818,0.0156847812499999,0.0025820564111285,1,1.4285714285714286,0.078427,4,-0.342365,-0.1392534999999999,-0.1194269999999999,-0.342365,0.0,-0.1392534999999999
2025-04-23,-0.0646665,0.4041730437380751,neutral,-0.00513183644025,-0.049262,0.0891121931219792,48.83865684332159,0.0042976368823166,3.1978967184913527,3.810780894100128,-0.0396565357142857,-0.0496500275226757,0.0122192767857142,0.0025714004910169,2,1.5714285714285714,0.0793585,2,-0.35046,0.221127,-0.35046,-0.0646665,0.0,-0.35046
2025-04-24,-0.113392,0.1531573225885723,neutral,-0.0114768805664,-0.0487255,0.092359023109999,46.38757052917654,-0.0019060828045227,0.7534890553841633,-2.4444076631071896,-0.044202,-0.0568975354591836,-0.0016691249999999,0.001993821232339,2,1.5714285714285714,0.1012142,5,-0.1091336666666666,-0.074843,-0.178025,-0.1343475,0.0,-0.229616
2025-04-25,-0.1015636666666666,0.1525620217284323,neutral,-0.0103694133847777,0.0118283333333333,0.0726191242607401,50.59635754414346,-0.005801470398921,-0.1043136494050139,-0.8578027047891773,-0.031363738095238,-0.0557806902210884,-0.0288478035714285,-0.0012703307980115,4,2.0,0.1020976666666666,6,-0.246561,-0.059189,-0.1015636666666666,-0.1022356666666666,0.0,-0.1543876
2025-04-27,0.185596,0.1525620217284323,bullish,0.06095993418,0.2871596666666667,0.1096278230788513,55.49716351847776,0.0141148118606474,-2.8273857777223483,-2.7230721283173343,-0.0078275952380952,-0.044352006547619,0.001855988095238,0.0083088422893772,1,2.0,0.328455,1,0.0,0.0,0.0,0.0,0.0,0.0
2025-04-28,-0.0238085,0.1979041563148687,neutral,-0.00209799311575,-0.2094045,0.0999258225733484,51.73672933641605,0.0128567310190013,-1.128281320718119,1.6991044570042293,-0.0247188809523809,-0.040478881547619,0.0147520476190476,0.0077854619230769,3,2.2857142857142856,0.0881195,6,-0.061735,0.0,-0.0285702,-0.1424065,0.0,-0.1424065
2025-04-29,-0.1424433333333333,0.1545985479632112,neutral,-0.0114687775022222,-0.1186348333333333,0.1095730646800857,46.195727658230425,0.0022626407504924,4.98287726372234,6.111158584440459,-0.0393832142857142,-0.0492874767857142,-1.4732142857142942e-05,0.0055762319230769,1,2.0,0.0805146666666666,3,-0.044005,0.0,-0.1823185,-0.1823185,0.0,-0.1424433333333333
2025-04-30,-0.1060649999999999,0.1656897921961398,neutral,-0.0078370898174999,0.0363783333333333,0.1116055788344363,52.40622412055082,-0.0031618887806749,-0.255388107551541,-5.238265371273881,-0.0523347142857142,-0.0441376339285714,-0.0037336785714285,-0.000294620054945,3,2.2857142857142856,0.0738895,4,-0.0998615,0.0,-0.1186116666666666,-0.1186116666666666,0.0,-0.0998615
2025-05-01,-0.115884,0.2318348577069462,neutral,-0.006454391148,-0.009819,0.1141975792689939,47.17824403551515,-0.0081589838424161,0.0925753075943998,0.3479634151459408,-0.0596515,-0.0496540178571428,-0.0123042142857142,-0.0021637576923076,1,2.142857142857143,0.0556969999999999,2,-0.115884,0.0,-0.279816,-0.279816,0.0,-0.115884
2025-05-02,-0.115035,0.1693238682190631,neutral,-0.01023423256875,0.000849,0.1143280570418721,48.73863733816934,-0.0119133806765999,-0.0073262918090504,-0.0999015994034502,-0.0598862142857142,-0.0520441071428571,-0.0259153749999999,-0.0050840846153846,2,2.142857142857143,0.08896625,4,-0.0501635,0.0,-0.0334423333333333,-0.0486555,0.0,0.0
2025-05-03,-0.124078,0.1693238682190631,neutral,-0.0114857763819999,-0.0090429999999999,0.1160004234742715,52.74782555009072,-0.0154403611965427,0.0786108575650887,0.0859371493741392,-0.0631025476190476,-0.0472331428571428,-0.0387469880952381,-0.0117373846153846,1,1.7142857142857142,0.092569,1,-0.124078,0.0,0.0,0.0,0.0,0.0
2025-05-04,-0.077628,0.1693238682190631,neutral,-0.007341745728,0.0464499999999999,0.0391545777954162,45.35406184015719,-0.0143227778943362,-0.3743612888666806,-0.4529721464317694,-0.1007059761904761,-0.0542667857142857,-0.0047749226190476,-0.0103615406593406,1,1.7142857142857142,0.094576,1,0.0,0.0,-0.077628,-0.077628,0.0,0.0
2025-05-05,0.0620092857142857,0.1222706490069118,neutral,0.0045560348246938,0.1396372857142857,0.0691729974771942,48.56008550084178,-0.0021461699347454,-1.7988005064446555,-1.4244392175779748,-0.0884462925170068,-0.0565825867346938,0.0236442091836734,-0.0021372588697017,4,1.8571428571428572,0.0734734285714285,7,0.078894,0.0,0.071798,0.071798,0.0,-0.167468
2025-05-06,0.0972872,0.1624381202387543,neutral,0.01418239181392,0.0352779142857142,0.0931670249409229,56.67474070413381,0.0102322230680347,0.5689134115858225,2.367713918030478,-0.0541990734693877,-0.046791143877551,0.0358303632653061,0.002812523610675,2,2.0,0.1457786,5,0.095343,0.235998,0.0985833333333333,-0.0547234999999999,0.0,-0.161854
2025-05-07,0.1074236,0.1772153385765464,neutral,0.01030140760672,0.0101363999999999,0.1072390840163565,56.06495163484651,0.0206222886082101,0.1041904793230763,-0.4647229322627462,-0.0237007020408163,-0.0380177081632653,0.0457376602040816,0.0082533836734693,3,2.0,0.0958952,5,0.0,0.0,0.029373,0.034,0.0,0.034
2025-05-08,0.0509972857142857,0.1414178159305659,neutral,0.0076544667405918,-0.0564263142857142,0.1017389431281023,55.67107173836015,0.0240268232326565,-0.5252692544814574,-0.6294597338045338,0.000139481632653,-0.0297560091836734,0.0405719734693877,0.0099181376138147,4,2.4285714285714284,0.1500955714285714,7,0.030798,-0.163689,0.0767429999999999,0.0585573333333333,0.0871484999999999,0.0580989999999999
2025-05-09,-0.0010266666666666,0.211079627964109,neutral,-0.0001870131511111,-0.0520239523809523,0.0884912717997107,55.491583880858286,0.0222706935161391,-1.020131790394073,-0.4948625359126155,0.0164263863945578,-0.0217299139455782,0.023993531632653,0.0079817455049712,2,2.4285714285714284,0.1821556666666666,6,-0.265433,-0.074187,-0.0186533999999999,-0.118556,0.085733,0.002847
2025-05-10,-0.0196843333333333,0.1036402528814617,neutral,-0.0012052586071111,-0.0186576666666666,0.0670694541396216,53.97511908624209,0.0191527733126217,18.173051948052123,19.19318373844619,0.0313397673469387,-0.0158813901360544,5.24707482993309e-05,0.0054083087074829,2,2.5714285714285716,0.0612293333333333,3,-0.138949,0.0,0.039948,0.0,0.0,0.0
2025-05-11,0.094026,0.1036402528814617,neutral,0.005870419284,0.1137103333333333,0.0497261837921398,44.65408623892403,0.0255618982580699,-5.776692124024182,-23.949744072076307,0.0558617673469387,-0.0224221044217687,-0.0087979710884353,0.0151906316169544,1,2.5714285714285716,0.062434,1,0.0,0.094026,0.094026,0.094026,0.094026,0.094026
2025-05-12,-0.0401546,0.1908260410276857,neutral,-0.0040466842169599,-0.1341805999999999,0.0612732204888156,48.953815631091,0.0195888846923389,-1.427058473188267,4.349633650835915,0.0412669265306122,-0.0235896829931972,-0.0182072221088435,0.0146382835374149,1,2.142857142857143,0.1007776,5,-0.1154773333333333,0.0,-0.1525783333333333,-0.316488,0.0,-0.1025925
2025-05-13,0.0220772857142857,0.16043810908438,neutral,0.001551894414204,0.0622318857142857,0.0561965904701311,61.349040894484965,0.0196499761639172,-1.549807138267738,-0.1227486650794711,0.0305226530612244,-0.0118382102040816,-0.0122603588435374,0.012024801862899,2,2.142857142857143,0.0702937142857142,7,-0.15939,0.0,-0.052701,-0.15939,0.0,-0.15939
2025-05-14,0.0844176666666666,0.1376611008566569,neutral,0.0140989884591111,0.0623403809523809,0.0514192686162483,62.68558828658692,0.0244466215167588,2.8237339389978504,4.373541077265589,0.0272360911564625,0.0017676945578231,0.004499956462585,0.011668592087912,3,2.142857142857143,0.1670146666666666,6,0.064404,-0.160252,0.029268,0.0033679999999999,0.0829785,0.0019016666666666
2025-05-15,-0.048655,0.0714411922772849,neutral,-0.007587426127,-0.1330726666666666,0.0572128430415968,53.845888059252395,0.017311200112733,-1.5763603984947858,-4.400094337492636,0.013000050340136,0.0065697659863945,-0.000236775510204,0.0063493163788592,3,2.0,0.1559434,5,-0.05249125,0.0,-0.081747,-0.163494,0.0,-0.113774
2025-05-16,-0.0684634,0.1763430209004598,neutral,-0.00371081212876,-0.0198084,0.0651021352935132,52.6076017293679,0.0099434199985903,0.4071195149522146,1.9834799134470005,0.003366231292517,0.0098963088435374,-0.010968819047619,0.000196563307169,4,2.2857142857142856,0.0542014,5,-0.1411286666666666,0.0,-0.1411286666666666,-0.180992,0.0,-0.1411286666666666
2025-05-17,0.031003,0.0949314214420072,neutral,0.0034002126876666,0.0994664,0.0649296557556978,57.88477804299729,0.0119918834955905,-1.4528404957977543,-1.8599600107499692,0.0106072789115646,0.0209735231292516,-0.0113006744897959,-0.0036171238304552,2,2.2857142857142856,0.1096736666666666,3,0.0,0.0,-0.008674,-0.008674,0.0,0.065331
2025-05-19,0.061549375,0.1249916748792694,neutral,0.0061783493435156,0.030546375,0.0588513656363024,57.19250597851515,0.0158967809018514,0.9852715866206498,2.4381120824184044,0.0059677610544217,0.0309147642006802,0.0060743673894557,-0.005708413440607,2,2.4285714285714284,0.100380375,8,-0.069013,0.0,0.0190362499999999,0.036083,0.181434,0.0366176666666666
2025-05-20,-0.0454613333333333,0.191006962990009,neutral,-0.0027363100764444,-0.1070107083333333,0.0595742616740464,44.25223184966561,0.0102389019964158,-1.738615677792558,-2.723887264413208,0.005209656292517,0.0232382914115646,-0.0060248014455782,-0.0068654935400313,3,2.7142857142857144,0.0601898333333333,6,-0.0250263333333333,-0.2049415,-0.1638033333333333,-0.1638033333333333,0.023891,0.023891
2025-05-21,0.0692765714285714,0.2122371889756498,neutral,0.0061656841337142,0.1147379047619047,0.0642862807969479,48.6192818602962,0.0148419355160674,-2.5238570087819268,-0.7852413309893687,0.0119524113945578,0.0212375322278911,0.0032491722363945,-0.0031089413003663,1,2.5714285714285716,0.089001,7,0.12808275,0.300312,0.0038243333333333,-0.062608,0.0,-0.032388
2025-05-22,0.0765092,0.2751447177390473,neutral,0.01106271005744,0.0072326285714285,0.0628540456011882,48.47177242395142,0.0188561003317036,0.104402230397413,2.62825923917934,0.0108226304421768,0.0190293607993197,0.020518150340136,0.0013115481449502,3,2.5714285714285716,0.1445932,5,0.0927105,0.053941,0.0765092,0.0458663333333333,0.0,-0.0608636666666666
2025-05-23,-0.160252,0.2751447177390473,bearish,-0.014022530756,-0.2367612,0.0891193953331176,41.13724469651979,0.0028999100212366,-3.0945454925682143,-3.1989477229656273,-0.0051197981292517,0.0039401261054421,-0.0063080786989795,-0.0027568888147566,1,2.2857142857142856,0.087503,1,-0.160252,0.0,-0.160252,-0.160252,0.0,0.0
2025-05-24,-0.0251975,0.2587070367123785,neutral,-0.00363811584,0.1350545,0.0854174867271732,49.05198413689844,0.0011388249173706,-0.8427632728452686,2.2517822197229456,0.0010610447278911,0.002213638010204,-0.0175083470238095,-0.0037531328388278,1,1.8571428571428572,0.144384,2,-0.208131,0.0,-0.208131,-0.208131,0.0,0.157736
2025-05-25,0.349402,0.2587070367123785,bullish,0.160882849704,0.3745995,0.1579763812567159,61.31643553441641,0.0296278078051442,-14.86653437841055,-14.023771105565285,0.0465466161564625,0.0285769475340136,0.0240913203656462,0.0054446235034013,1,1.7142857142857142,0.460452,1,0.0,0.0,0.349402,0.349402,0.0,0.349402
2025-05-26,-0.203194,0.2587070367123785,bearish,-0.020129616804,-0.552596,0.1834265487456621,42.81952121943576,0.0075300211482835,-1.5815479018437215,13.284986476566829,0.0087261340136054,0.0073469475340136,-0.0005233515306122,0.0009802575013082,1,1.5714285714285714,0.099066,1,0.0,0.0,0.349402,0.349402,0.0,0.349402
2025-05-27,0.014192125,0.1607450364703037,neutral,0.0011567043119062,0.217386125,0.1818685541779104,51.262207293240984,0.0074720522440067,-1.0698451972007048,0.5117027046430167,0.017248056632653,0.011228856462585,-0.0076787764030612,-0.0003901510832025,3,1.5714285714285714,0.08150325,8,-0.1188333333333333,-0.352777,-0.0280318,-0.0220667999999999,0.0,-0.190483
2025-05-28,0.07400975,0.1618243345820296,neutral,0.005010645099375,0.059817625,0.1821028779971245,51.207489996902886,0.0121131513214212,4.214846261571118,5.284691458771823,0.0179242249999999,0.0149383181972789,0.0058354785714285,0.0017612292569335,2,1.7142857142857142,0.0677025,4,0.054208,0.184552,-0.166482,-0.166482,0.0,0.009035
2025-05-29,-0.0275659999999999,0.1683030977938314,neutral,-0.002053741822,-0.1015757499999999,0.1807662081919269,47.44290504242629,0.0075085581909126,-1.372464438807049,-5.5873107003781675,0.0030563392857142,0.0069394848639455,0.0093308080357143,0.0028373481371009,3,1.7142857142857142,0.0745027142857143,7,-0.371565,0.0,-0.0816836,-0.371565,0.081814,-0.0533359999999999
2025-05-30,-0.0091863333333333,0.1576669451607829,neutral,-0.0008821942111111,0.0183796666666666,0.1664725613623263,50.95106468344279,0.0052815597551011,-0.6667513120027087,0.7057131268043404,0.0246371488095238,0.009758675340136,-0.0153106696428571,0.0005438252590266,1,1.7142857142857142,0.0960333333333333,3,-0.018432,0.0,-0.0091863333333333,-0.0045634999999999,0.0,-0.162027
2025-06-01,-0.004096,0.1576669451607829,neutral,-0.000306896896,0.0050903333333333,0.1656085612048244,51.56212237931777,0.0038826310995093,-0.5541202510976451,0.1126310609050635,0.0276516488095238,0.0143563467687074,-0.0255084568452381,-0.0024307723443223,1,1.7142857142857142,0.074926,1,0.0,0.0,0.0,0.0,0.0,-0.004096
2025-06-03,-0.0341235,0.0482579164956383,neutral,-0.0015586761712499,-0.0300275,0.0854760572639533,48.36432633660092,0.0003470417635214,7.3309326171875,7.885052868285145,-0.0271377083333333,0.0097044539115646,0.0138371130952381,-0.0032671200575614,1,1.7142857142857142,0.0456774999999999,2,-0.068247,0.0,0.0,0.0,0.0,0.0
2025-06-04,0.0712316666666666,0.1682506299562253,neutral,0.0077047494811111,0.1053551666666666,0.0442703097158773,50.234367164963224,0.0059773099164549,-3.0874666041486565,-10.418399221336156,0.0120659583333333,0.0103960461734693,-0.0007742098214285,0.0001999735295656,2,1.8571428571428572,0.1081646666666666,6,0.0094334999999999,0.0094334999999999,0.012657,0.070283,0.0,0.00916775
2025-06-05,0.0178847142857142,0.1848530074173479,neutral,0.0011967122221224,-0.0533469523809524,0.0443218369471708,51.5742365847746,0.0060648336352378,-0.7489218612642183,2.338544742884438,0.0125934710884353,0.0149207638605442,0.0001529664115646,-0.001427516596023,1,1.5714285714285714,0.0669125714285714,7,-0.058924,0.056614,-0.0465496,-0.120887,0.0,-0.2332685
2025-06-06,0.15577575,0.1757125393673333,bullish,0.0135536975120624,0.1378910357142857,0.0677749463248929,52.125167909016845,0.0170640005099862,7.709993769619707,8.458915630883926,0.0242743282312925,0.0210992766156462,0.0242676789965986,0.0043888612794348,2,1.5714285714285714,0.08700775,4,0.0,0.0,0.062031,0.0,0.0,-0.10718
2025-06-08,-0.098844,0.1757125393673333,neutral,-0.002949406116,-0.25461975,0.080937805222186,46.15874884717105,0.0051758197875495,-1.634527517922398,-9.344521287542106,0.014091756802721,0.0085740480442176,0.0036706683673469,0.0027886112899005,1,1.2857142857142858,0.029839,1,-0.098844,0.0,0.0,0.0,0.0,0.0
2025-06-09,0.096674,0.1273009913558485,neutral,0.0214553844708333,0.195518,0.0856179610801727,55.73173661661428,0.0113994363085617,-1.978046214236575,-0.3435186963141765,0.0292146615646258,0.0269259051870748,0.0091933244047619,-0.0002599411172161,2,1.4285714285714286,0.2219354166666667,12,0.0008459999999999,0.145871,0.1146423749999999,0.1983209999999999,0.121341,0.251391
2025-06-10,0.18000375,0.1261516153744506,bullish,0.0371704143674999,0.08332975,0.1006384152336513,54.68595895781981,0.0227928978228755,0.8619665059892008,2.8400127202257757,0.0555146258503401,0.0415831373299319,0.0205906322278911,0.0023953575745682,2,1.5714285714285714,0.206498,4,0.0,0.0,0.18000375,0.058336,0.0,0.058336
2025-06-11,-0.0127766666666666,0.0961670717050973,neutral,-0.0029268830588888,-0.1927804166666666,0.0977515153909485,40.980322551383985,0.0160813040488391,-1.0709800027314245,-1.9329465087206252,0.0585641734693877,0.0157132325680272,0.0004682614795918,0.0109900949110413,1,1.5714285714285714,0.2290803333333333,3,0.050776,0.0,-0.0445529999999999,-0.123413,0.0,0.0
2025-06-12,0.185789,0.0292697094143416,bullish,0.0103128377416666,0.1985656666666666,0.1091505647591318,61.7611061607234,0.0264795241198639,-15.541273154187325,-14.470293151455898,0.074929506802721,0.0434977325680272,0.0159091347789115,0.0086326805991627,4,1.8571428571428572,0.0555083333333333,6,0.17899175,0.1822195,0.1824153333333333,0.225249,0.0,0.168658
2025-06-13,0.0269404285714285,0.1091198107645248,neutral,0.0020372775435306,-0.1588485714285714,0.1084129473066505,50.39959671706309,0.0216529401710261,-0.8549944906779812,14.68627866350934,0.0762231802721088,0.0444083256802721,0.0026181917517006,0.0071934958398744,3,2.142857142857143,0.0756215714285714,7,0.097474,0.0,0.0167813333333333,0.020036,0.0866295,0.0610114
2025-06-16,-0.0914076666666666,0.214471433121834,neutral,-0.0085010044076666,-0.1183480952380952,0.1180135388749051,44.99849574007309,0.0081838706014948,-4.392955179770534,-3.537960689092553,0.0409112636054421,0.0325927959183673,-0.0039776033163265,0.0042889100470957,1,2.0,0.093001,3,0.0,0.154693,-0.04186,0.0,0.0,0.0
2025-06-17,0.1915678,0.1295032112987936,bullish,0.02083774913144,0.2829754666666667,0.1115650780847443,55.97069973249692,0.0201112983797178,-3.0957519974619196,1.2972031823086143,0.0823986636054422,0.0482452102040816,-0.007800869217687,0.0068477960125588,4,2.4285714285714284,0.1087747999999999,5,0.1087375,0.0,0.1087375,0.075961,0.0,0.075961
2025-06-18,0.0104138,0.0785343193527517,neutral,0.00078824968064,-0.181154,0.1144520719640289,50.49053048074652,0.0147760238248656,-0.945639089659118,2.150112907802802,0.0700757778911564,0.0496452197278911,-0.0134741994047619,0.0038735509890109,1,2.2857142857142856,0.0756928,5,-0.0140983333333333,0.0,-0.0099759999999999,0.0,0.0,0.009773
2025-06-20,0.0869195,0.1214901373960043,neutral,0.0032766043915,0.0765057,0.1045286256632086,52.199221773765544,0.0165305592627973,7.346568975782136,8.292208065441253,0.0567780278911564,0.0561463268707482,0.0040344811224489,0.003166841862899,2,2.2857142857142856,0.037697,2,0.172826,0.172826,0.001013,0.001013,0.0,0.0869195
2025-06-21,0.204351,0.1214901373960043,bullish,0.013064772483,0.1174315,0.1123702291523504,55.52876638757349,0.0270845144268706,1.3510374541961236,-5.995531521586011,0.0877962659863945,0.0731802197278911,0.0099094860544217,0.004425332736787,1,2.2857142857142856,0.063933,1,0.0,0.0,0.204351,0.204351,0.0,0.204351
2025-06-23,0.02812375,0.0585875362136293,neutral,0.001341741926875,-0.17622725,0.1050154381445219,49.03238830801668,0.0209866860332808,-0.8623752758733747,-2.213412730069498,0.0652726588435374,0.0701010828231292,0.0175149642006802,0.0030737670172684,1,1.8571428571428572,0.0477085,4,0.0231206666666666,-0.040611,0.0231206666666666,0.010802,0.0,0.0
2025-06-24,-0.0106458,0.121315984728724,neutral,-0.00065674153116,-0.03876955,0.1082142074858705,49.355378022740354,0.0128773081585346,-1.3785341570736478,-0.5161588812002731,0.0599031976190476,0.0680631889455782,0.0039048107142857,-0.0009547055206698,2,1.7142857142857142,0.0616901999999999,5,-0.0728485,0.115877,0.0644503333333333,0.0,0.106013,-0.038403
2025-06-25,0.047508,0.1219314963760389,neutral,0.0045132980064,0.0581538,0.0863749161589869,47.46234873790733,0.0110160859755333,-5.462604970974469,-4.084070813900821,0.0797482928571428,0.0603297782312925,-0.0190390839285714,0.0013496262585034,3,2.0,0.0950008,5,0.064398,0.0,0.0855186666666666,0.060876,0.0,0.06792
2025-06-26,0.0880934,0.1961838285825312,neutral,0.01280574994704,0.0405854,0.0716475528667513,54.870208044891086,0.0126698922895312,0.8542855940052205,6.316890564979689,0.0649662357142857,0.0736824496598639,-0.00217075,-0.003104614599686,2,1.7142857142857142,0.1453655999999999,5,0.1344993333333333,-0.243942,0.17110225,0.280911,0.0,0.134748
2025-06-27,0.3123346666666666,0.3690070595562276,bullish,0.1068435468848888,0.2242412666666666,0.1125411685448998,55.53567552940712,0.031709346257607,2.545494516804512,1.6912089227992912,0.1080977880952381,0.0890867829931972,0.0165398053571428,0.0044719833699633,2,1.8571428571428572,0.3420803333333333,3,0.468502,0.0,0.1087505,0.217501,0.0,0.3597515
2025-06-28,0.0063905,0.0633475752061592,neutral,0.00034713515525,-0.3059441666666666,0.1189975652059103,46.0006730611546,0.0218592211546744,-0.9795395750711844,-3.525034091875696,0.0965936452380952,0.0766858365646258,0.0026171261904761,0.0051064950758765,2,1.8571428571428572,0.0543205,2,-0.038403,0.0,0.0063905,0.0,0.0,-0.038403
2025-06-29,-0.038627,0.0633475752061592,neutral,-0.002814981252,-0.0450175,0.1177578408385829,49.361015841032874,0.0103016512209266,-7.04444096706048,-6.064901391989296,0.0618825023809523,0.0748393841836734,0.0035231077380952,-0.0011374706907378,1,1.8571428571428572,0.072876,1,-0.038627,0.0,-0.038627,0.0,0.0,-0.038627
