date,sentiment_mean,sentiment_std,sentiment_count,sentiment_min,sentiment_max,relevance_mean,relevance_sum,overall_sentiment_mean,overall_sentiment_std,source_count,article_count,sentiment_polarity,sentiment_momentum,sentiment_volatility,weighted_sentiment,sentiment_ma_3d,sentiment_std_3d,article_count_ma_3d,relevance_ma_3d,sentiment_trend_3d,sentiment_ma_7d,sentiment_std_7d,article_count_ma_7d,relevance_ma_7d,sentiment_trend_7d,sentiment_ma_14d,sentiment_std_14d,article_count_ma_14d,relevance_ma_14d,sentiment_trend_14d,sentiment_ma_30d,sentiment_std_30d,article_count_ma_30d,relevance_ma_30d,sentiment_trend_30d,sentiment_rsi,sentiment_macd,sentiment_macd_signal,sentiment_bb_upper,sentiment_bb_lower,sentiment_rate_of_change,sentiment_acceleration,Blockchain_relevance_score,Earnings_relevance_score,Economy - Fiscal_relevance_score,Economy - Macro_relevance_score,Economy - Monetary_relevance_score,Energy & Transportation_relevance_score,Finance_relevance_score,Financial Markets_relevance_score,IPO_relevance_score,Life Sciences_relevance_score,Manufacturing_relevance_score,Mergers & Acquisitions_relevance_score,Real Estate & Construction_relevance_score,Retail & Wholesale_relevance_score,Technology_relevance_score,Blockchain_sentiment_score,Earnings_sentiment_score,Economy - Fiscal_sentiment_score,Economy - Macro_sentiment_score,Economy - Monetary_sentiment_score,Energy & Transportation_sentiment_score,Finance_sentiment_score,Financial Markets_sentiment_score,IPO_sentiment_score,Life Sciences_sentiment_score,Manufacturing_sentiment_score,Mergers & Acquisitions_sentiment_score,Real Estate & Construction_sentiment_score,Retail & Wholesale_sentiment_score,Technology_sentiment_score,Blockchain_weighted_sentiment,Earnings_weighted_sentiment,Economy - Fiscal_weighted_sentiment,Economy - Macro_weighted_sentiment,Economy - Monetary_weighted_sentiment,Energy & Transportation_weighted_sentiment,Finance_weighted_sentiment,Financial Markets_weighted_sentiment,IPO_weighted_sentiment,Life Sciences_weighted_sentiment,Manufacturing_weighted_sentiment,Mergers & Acquisitions_weighted_sentiment,Real Estate & Construction_weighted_sentiment,Retail & Wholesale_weighted_sentiment,Technology_weighted_sentiment,weighted_sentiment_mean,weighted_sentiment_sum,avg_source_weight,unique_sources
2024-01-01,0.100858,0.2240312272697714,2,-0.057556,0.259272,0.262635,0.52527,0.229423,0.2972648623836998,2,2,neutral,0.0,0.2240312272697714,0.02648884083,0.100858,0.2240312272697714,2.0,0.262635,0.0,0.100858,0.2240312272697714,2.0,0.262635,0.0,0.100858,0.2240312272697714,2.0,0.262635,0.0,0.100858,0.2240312272697714,2.0,0.262635,0.0,50.0,0.0,0.0,0.548920454539543,-0.3472044545395429,0.0,0.0,0.0,0.0,0.0,0.0,0.0,0.0,0.0,0.0,0.0,0.0,0.0,0.0,0.0,0.0,0.0,0.0,0.0,0.0,0.0,0.0,0.0,0.0,0.0,0.0,0.0,0.0,0.0,0.0,0.0,0.0,0.0,0.0,0.0,0.0,0.0,0.0,0.0,0.0,0.0,0.0,0.0,0.0,0.0,0.0,0.0,0.02648884083,0.05297768166,0.262635,2
2024-01-02,0.0314376666666666,0.1760339811620188,9,-0.373847,0.204125,0.1541161111111111,1.387045,0.0899512222222222,0.1459155711497043,7,9,neutral,-0.0694203333333333,0.2000326042158951,0.004845050929074,0.0661478333333333,0.2000326042158951,5.5,0.2083755555555555,0.0,0.0661478333333333,0.2000326042158951,5.5,0.2083755555555555,0.0,0.0661478333333333,0.2000326042158951,5.5,0.2083755555555555,0.0,0.0661478333333333,0.2000326042158951,5.5,0.2083755555555555,0.0,50.0,0.0,0.0,0.4662130417651236,-0.3339173750984569,-0.6882977387349871,0.0,0.0,0.0,0.0,0.0,0.0,0.0,0.0,0.0,0.0,0.0,0.0,0.0,0.0,0.0,0.0,0.0,0.0,0.0,0.0,0.0,0.0,0.0,0.0,0.0,0.0,0.0,0.0,0.0,0.0,0.0,0.0,0.0,0.0,0.0,0.0,0.0,0.0,0.0,0.0,0.0,0.0,0.0,0.0,0.0,0.0,0.004845050929074,0.0436054583616666,0.1541161111111111,7
2024-01-03,0.05353925,0.0422254707522604,4,-0.003017,0.089809,0.1398647499999999,0.5594589999999999,0.158746,0.0458213192375194,4,4,neutral,0.0221015833333333,0.1474302263946836,0.0074882538164374,0.0619449722222222,0.1474302263946836,5.0,0.1855386203703704,0.0,0.0619449722222222,0.1474302263946836,5.0,0.1855386203703704,0.0,0.0619449722222222,0.1474302263946836,5.0,0.1855386203703704,0.0,0.0619449722222222,0.1474302263946836,5.0,0.1855386203703704,0.0,50.0,0.0,0.0,0.3568054250115894,-0.2329154805671449,0.7030287447117574,0.0915219166666666,0.0,0.0,0.0,0.0,0.0,0.0,0.0,0.0,0.0,0.0,0.0,0.0,0.0,0.0,0.0,0.0,0.0,0.0,0.0,0.0,0.0,0.0,0.0,0.0,0.0,0.0,0.0,0.0,0.0,0.0,0.0,0.0,0.0,0.0,0.0,0.0,0.0,0.0,0.0,0.0,0.0,0.0,0.0,0.0,0.0,0.0074882538164374,0.0299530152657499,0.1398647499999999,4
2024-01-04,0.1206234444444444,0.163885507352779,9,-0.039205,0.506643,0.152442,1.371978,0.2029983333333333,0.1246581054494652,5,9,neutral,0.0670841944444444,0.1515440466342074,0.018388079118,0.0685334537037037,0.1273816530890194,7.333333333333333,0.1488076203703703,0.0197654444444444,0.0766145902777777,0.1515440466342074,6.0,0.1772644652777777,0.0,0.0766145902777777,0.1515440466342074,6.0,0.1772644652777777,0.0,0.0766145902777777,0.1515440466342074,6.0,0.1772644652777777,0.0,50.0,0.0,0.0,0.3797026835461926,-0.226473502990637,1.2529909261792884,0.0449826111111111,0.0,0.0,0.0,0.0,0.0,0.0,0.0,0.0,0.0,0.0,0.0,0.0,0.0,0.0,0.0,0.0,0.0,0.0,0.0,0.0,0.0,0.0,0.0,0.0,0.0,0.0,0.0,0.0,0.0,0.0,0.0,0.0,0.0,0.0,0.0,0.0,0.0,0.0,0.0,0.0,0.0,0.0,0.0,0.0,0.0,0.018388079118,0.165492712062,0.152442,5
2024-01-05,-0.033985,0.1939358760466974,5,-0.309216,0.150973,0.1015808,0.507904,0.1565546,0.1444760114458452,5,5,neutral,-0.1546084444444444,0.1600224125167054,-0.003452223488,0.0467258981481481,0.1333489513839122,6.0,0.13129585,-0.0654226666666666,0.0544946722222222,0.1600224125167054,5.8,0.1621277322222222,0.0,0.0544946722222222,0.1600224125167054,5.8,0.1621277322222222,0.0,0.0544946722222222,0.1600224125167054,5.8,0.1621277322222222,0.0,50.0,0.0,0.0,0.374539497255633,-0.2655501528111886,-1.2817445659633149,-0.2216926388888889,0.0,0.0,0.0,0.0,0.0,0.0,0.0,0.0,0.0,0.0,0.0,0.0,0.0,0.0,0.0,0.0,0.0,0.0,0.0,0.0,0.0,0.0,0.0,0.0,0.0,0.0,0.0,0.0,0.0,0.0,0.0,0.0,0.0,0.0,0.0,0.0,0.0,0.0,0.0,0.0,0.0,0.0,0.0,0.0,0.0,-0.003452223488,-0.01726111744,0.1015808,5
2024-01-08,0.0712759166666666,0.0611172103621146,12,-0.008432,0.14862,0.0470619166666666,0.564743,0.1739769166666666,0.0845301033687873,7,12,neutral,0.1052609166666666,0.127439609135174,0.0033543812505069,0.0526381203703703,0.1396461979205303,8.666666666666666,0.1003615722222222,0.0177366666666666,0.0572915462962962,0.1435382121576069,6.833333333333333,0.1429500962962963,0.0,0.0572915462962962,0.1435382121576069,6.833333333333333,0.1429500962962963,0.0,0.0572915462962962,0.1435382121576069,6.833333333333333,0.1429500962962963,0.0,50.0,0.0,0.0,0.3443679706115102,-0.2297848780189176,-3.097275758913246,0.2598693611111111,0.0,0.0,0.0,0.0,0.0,0.0,0.0,0.0,0.0,0.0,0.0,0.0,0.0,0.0,0.0,0.0,0.0,0.0,0.0,0.0,0.0,0.0,0.0,0.0,0.0,0.0,0.0,0.0,0.0,0.0,0.0,0.0,0.0,0.0,0.0,0.0,0.0,0.0,0.0,0.0,0.0,0.0,0.0,0.0,0.0,0.0033543812505069,0.0402525750060833,0.0470619166666666,7
2024-01-09,0.2275033749999999,0.2651027940079834,8,-0.018016,0.650218,0.225524375,1.804195,0.18354625,0.1590826399918788,4,8,bullish,0.1562274583333333,0.1452533717043669,0.0513075564572656,0.0882647638888888,0.1733852934722651,8.333333333333334,0.1247223638888889,0.1068799305555555,0.0816075218253968,0.160904580993375,7.0,0.1547464218253968,0.0,0.0816075218253968,0.160904580993375,7.0,0.1547464218253968,0.0,0.0816075218253968,0.160904580993375,7.0,0.1547464218253968,0.0,50.0,0.0,0.0,0.4034166838121469,-0.2402016401613532,2.191868805615735,0.0509665416666666,0.0,0.0,0.0,0.0,0.0,0.0,0.0,0.0,0.0,0.0,0.0,0.0,0.0,0.0,0.0,0.0,0.0,0.0,0.0,0.0,0.0,0.0,0.0,0.0,0.0,0.0,0.0,0.0,0.0,0.0,0.0,0.0,0.0,0.0,0.0,0.0,0.0,0.0,0.0,0.0,0.0,0.0,0.0,0.0,0.0,0.0513075564572656,0.4104604516581249,0.225524375,4
2024-01-10,0.2868395,0.4017363537701063,2,0.002769,0.57091,0.2225825,0.445165,0.2312455,0.1759274600524318,2,2,bullish,0.059336125,0.2171555483079361,0.06384545300875,0.1952062638888888,0.242652119380068,7.333333333333333,0.1650562638888889,0.3208245,0.1081763075396825,0.18629102763628,7.0,0.1490246361111111,0.1859815,0.1072615190972222,0.1910085525904664,6.375,0.1632259315972222,0.0,0.1072615190972222,0.1910085525904664,6.375,0.1632259315972222,0.0,50.0,0.0,0.0,0.4892786242781551,-0.2747555860837106,0.2608142626455543,-0.0968913333333332,0.0,0.0,0.0,0.0,0.0,0.0,0.0,0.0,0.0,0.0,0.0,0.0,0.0,0.0,0.0,0.0,0.0,0.0,0.0,0.0,0.0,0.0,0.0,0.0,0.0,0.0,0.0,0.0,0.0,0.0,0.0,0.0,0.0,0.0,0.0,0.0,0.0,0.0,0.0,0.0,0.0,0.0,0.0,0.0,0.0,0.06384545300875,0.1276909060175,0.2225825,2
2024-01-11,-0.02449,0.0,1,-0.02449,-0.02449,0.229149,0.229149,0.256221,0.0,1,1,neutral,-0.3113295,0.2304730585467254,-0.00561185901,0.1632842916666666,0.3334195738890448,3.6666666666666665,0.2257519583333333,-0.0957659166666666,0.1001866408730158,0.1880005353819902,5.857142857142857,0.1597436202380952,-0.0559276666666666,0.0926224614197531,0.1910085525904664,5.777777777777778,0.1705507169753086,0.0,0.0926224614197531,0.1910085525904664,5.777777777777778,0.1705507169753086,0.0,50.0,0.0,0.0,0.474639566600686,-0.2893946437611798,-1.0853787571098124,-0.3706656250000001,0.0,0.0,0.0,0.0,0.0,0.0,0.0,0.0,0.0,0.0,0.0,0.0,0.0,0.0,0.0,0.0,0.0,0.0,0.0,0.0,0.0,0.0,0.0,0.0,0.0,0.0,0.0,0.0,0.0,0.0,0.0,0.0,0.0,0.0,0.0,0.0,0.0,0.0,0.0,0.0,0.0,0.0,0.0,0.0,0.0,-0.00561185901,-0.00561185901,0.229149,1
2024-01-12,0.0609143333333333,0.112546685025963,3,-0.008046,0.190789,0.094735,0.284205,0.1731073333333333,0.074628869777944,2,3,neutral,0.0854043333333333,0.2101257607915418,0.0057707193683333,0.1077546111111111,0.2571415193980346,2.0,0.1821555,-0.1665890416666666,0.1012402242063492,0.1997207377609406,5.714285714285714,0.1532965130952381,0.0073750833333333,0.0894516486111111,0.1822905673055216,5.5,0.1629691452777777,0.0,0.0894516486111111,0.1822905673055216,5.5,0.1629691452777777,0.0,50.0,0.0,0.0,0.4540327832221543,-0.2751294859999321,-3.487314550156526,0.3967338333333333,0.0,0.0,0.0,0.0,0.0,0.0,0.0,0.0,0.0,0.0,0.0,0.0,0.0,0.0,0.0,0.0,0.0,0.0,0.0,0.0,0.0,0.0,0.0,0.0,0.0,0.0,0.0,0.0,0.0,0.0,0.0,0.0,0.0,0.0,0.0,0.0,0.0,0.0,0.0,0.0,0.0,0.0,0.0,0.0,0.0,0.0057707193683333,0.017312158105,0.094735,2
2024-01-14,-0.166405,0.0,1,-0.166405,-0.166405,0.032691,0.032691,0.099245,0.0,1,1,bearish,-0.2273193333333333,0.2597952776013509,-0.0054399458549999,-0.0433268888888888,0.112546685025963,1.6666666666666667,0.1188583333333333,-0.4532445,0.0602361607142857,0.2068877838425729,4.571428571428571,0.1361892273809523,-0.2870284444444444,0.0661919532828282,0.1822905673055216,5.090909090909091,0.1511256775252525,0.0,0.0661919532828282,0.1822905673055216,5.090909090909091,0.1511256775252525,0.0,50.0,0.0,0.0,0.4307730878938715,-0.2983891813282149,-3.731787264081251,-0.3127236666666666,0.0,0.0,0.0,0.0,0.0,0.0,0.0,0.0,0.0,0.0,0.0,0.0,0.0,0.0,0.0,0.0,0.0,0.0,0.0,0.0,0.0,0.0,0.0,0.0,0.0,0.0,0.0,0.0,0.0,0.0,0.0,0.0,0.0,0.0,0.0,0.0,0.0,0.0,0.0,0.0,0.0,0.0,0.0,0.0,0.0,-0.0054399458549999,-0.0054399458549999,0.032691,1
2024-01-15,0.18,0.0,1,0.18,0.18,0.057907,0.057907,0.356592,0.0,1,1,bullish,0.3464049999999999,0.2571415193980346,0.01042326,0.0248364444444444,0.112546685025963,1.6666666666666667,0.0617776666666666,0.20449,0.0908054464285714,0.2101257607915418,4.0,0.1299501130952381,0.2139849999999999,0.0756759571759259,0.1822905673055216,4.75,0.1433574543981481,0.0,0.0756759571759259,0.1822905673055216,4.75,0.1433574543981481,0.0,50.0,0.0,0.0,0.4402570917869691,-0.2889051774351173,-2.0816982662780568,0.5737243333333333,0.0,0.0,0.0,0.0,0.0,0.0,0.0,0.0,0.0,0.0,0.0,0.0,0.0,0.0,0.0,0.0,0.0,0.0,0.0,0.0,0.0,0.0,0.0,0.0,0.0,0.0,0.0,0.0,0.0,0.0,0.0,0.0,0.0,0.0,0.0,0.0,0.0,0.0,0.0,0.0,0.0,0.0,0.0,0.0,0.0,0.01042326,0.01042326,0.057907,1
2024-01-16,0.1663742,0.1102031832398683,5,0.008547,0.27599,0.1851988,0.925994,0.1254118,0.1436678612449562,4,5,bullish,-0.0136257999999999,0.1113749341329156,0.03081230219096,0.0599897333333333,0.1102031832398683,2.3333333333333335,0.0919322666666666,0.1054598666666666,0.1043909154761904,0.2223972540109802,3.0,0.1496839535714285,0.0950982833333333,0.08265274508547,0.1750818288989563,4.769230769230769,0.1465760194444444,0.0,0.08265274508547,0.1750818288989563,4.769230769230769,0.1465760194444444,0.0,50.0,0.0,0.0,0.4328164028833827,-0.2675109127124425,-0.0756988888888888,-0.3600308,0.0,0.0,0.0,0.0,0.0,0.0,0.0,0.0,0.0,0.0,0.0,0.0,0.0,0.0,0.0,0.0,0.0,0.0,0.0,0.0,0.0,0.0,0.0,0.0,0.0,0.0,0.0,0.0,0.0,0.0,0.0,0.0,0.0,0.0,0.0,0.0,0.0,0.0,0.0,0.0,0.0,0.0,0.0,0.0,0.0,0.03081230219096,0.1540615109548,0.1851988,4
2024-01-17,0.1081582,0.2019882552646179,10,-0.153274,0.540225,0.146592,1.46592,0.2042349,0.1436311265270635,6,10,neutral,-0.0582159999999999,0.1415793745101497,0.0158551268544,0.1515107999999999,0.156095719252243,5.333333333333333,0.1298992666666666,0.2745632,0.0873416047619047,0.2066186193251389,3.2857142857142856,0.1384079,-0.1193451749999999,0.0844745632936507,0.1775278676594709,5.142857142857143,0.1465771609126984,0.0,0.0844745632936507,0.1775278676594709,5.142857142857143,0.1465771609126984,0.0,50.0,0.0,0.0,0.4395302986125927,-0.2705811720252911,-0.3499100221067929,-0.0445901999999999,0.0,0.0,0.0,0.0,0.0,0.0,0.0,0.0,0.0,0.0,0.0,0.0,0.0,0.0,0.0,0.0,0.0,0.0,0.0,0.0,0.0,0.0,0.0,0.0,0.0,0.0,0.0,0.0,0.0,0.0,0.0,0.0,0.0,0.0,0.0,0.0,0.0,0.0,0.0,0.0,0.0,0.0,0.0,0.0,0.0,0.0158551268544,0.158551268544,0.146592,6
2024-01-18,0.1735802,0.1461707351616595,5,0.052573,0.413268,0.1937762,0.968881,0.258691,0.1224048075955352,4,5,bullish,0.065422,0.1527873912220485,0.03363571155124,0.1493708666666666,0.1527873912220485,6.666666666666667,0.175189,-0.0064197999999999,0.0711617047619047,0.1427272146730271,3.7142857142857144,0.1342927142857143,-0.1132593,0.0896690061507936,0.170449641104188,5.357142857142857,0.1416586751984127,0.0727222,0.090414939074074,0.1749147732846533,5.133333333333334,0.1497237635185185,0.0,50.0,0.0,0.0,0.4402444856433808,-0.2594146074952326,0.6048732319879584,0.123638,0.0,0.0,0.0,0.0,0.0,0.0,0.0,0.0,0.0,0.0,0.0,0.0,0.0,0.0,0.0,0.0,0.0,0.0,0.0,0.0,0.0,0.0,0.0,0.0,0.0,0.0,0.0,0.0,0.0,0.0,0.0,0.0,0.0,0.0,0.0,0.0,0.0,0.0,0.0,0.0,0.0,0.0,0.0,0.0,0.0,0.03363571155124,0.1681785577562,0.1937762,4
2024-01-19,-0.02291575,0.1235820561877141,4,-0.127115,0.143251,0.0750955,0.300382,0.1583685,0.1495311584508949,3,4,neutral,-0.19649595,0.1454860574634649,-0.001720869704125,0.0862742166666666,0.1572470155379971,6.333333333333333,0.1384879,-0.18928995,0.0713865976190476,0.1388981829759645,4.142857142857143,0.1122850714285714,0.0015742499999999,0.0857866192460317,0.1656812842883422,5.0,0.1360143458333333,-0.0543534166666666,0.0833317710069444,0.1709661027387349,5.0625,0.1450594970486111,0.0,50.0,0.0,0.0,0.4252639764844143,-0.2586004344705254,-1.1320182255810285,-0.26191795,0.0,0.0,0.0,0.0,0.0,0.0,0.0,0.0,0.0,0.0,0.0,0.0,0.0,0.0,0.0,0.0,0.0,0.0,0.0,0.0,0.0,0.0,0.0,0.0,0.0,0.0,0.0,0.0,0.0,0.0,0.0,0.0,0.0,0.0,0.0,0.0,0.0,0.0,0.0,0.0,0.0,0.0,0.0,0.0,0.0,-0.001720869704125,-0.0068834788165,0.0750955,3
2024-01-21,0.0360515,0.056774310568249,2,-0.004094,0.076197,0.070717,0.141434,0.17336,0.0077626182438659,1,2,neutral,0.05896725,0.1277437080844218,0.0025494539255,0.06223865,0.1088423673058742,3.6666666666666665,0.1131962333333333,-0.0721067,0.0678347642857142,0.1277437080844218,4.0,0.1088539285714285,-0.0248628333333333,0.0845374942460317,0.1670039060897957,4.857142857142857,0.1310752208333333,-0.0174877499999999,0.0805505785947712,0.1628095461551288,4.882352941176471,0.1406864089869281,0.0,50.0,0.0,0.0,0.4061696709050288,-0.2450685137154864,-2.5732192924080595,0.2554632,0.0,0.0,0.0,0.0,0.0,0.0,0.0,0.0,0.0,0.0,0.0,0.0,0.0,0.0,0.0,0.0,0.0,0.0,0.0,0.0,0.0,0.0,0.0,0.0,0.0,0.0,0.0,0.0,0.0,0.0,0.0,0.0,0.0,0.0,0.0,0.0,0.0,0.0,0.0,0.0,0.0,0.0,0.0,0.0,0.0,0.0025494539255,0.005098907851,0.070717,1
2024-01-22,0.123556375,0.1053688485476986,8,0.020645,0.358264,0.077581,0.6206480000000001,0.160373,0.0940500310381964,7,8,neutral,0.087504875,0.1267768411459878,0.009585627128875,0.0455640416666666,0.0952417384345539,4.666666666666667,0.0744645,-0.050023825,0.1092578178571428,0.1240145648283012,5.0,0.1152667857142857,0.289961375,0.0847469892857143,0.1616842098347884,4.785714285714286,0.125728006547619,0.0029329305555555,0.0829397895061728,0.1589801663146334,5.055555555555555,0.1371805529320987,0.0,50.0,0.0,0.0,0.4009001221354398,-0.2350205431230941,2.427218701024923,0.028537625,0.0,0.0,0.0,0.0,0.0,0.0,0.0,0.0,0.0,0.0,0.0,0.0,0.0,0.0,0.0,0.0,0.0,0.0,0.0,0.0,0.0,0.0,0.0,0.0,0.0,0.0,0.0,0.0,0.0,0.0,0.0,0.0,0.0,0.0,0.0,0.0,0.0,0.0,0.0,0.0,0.0,0.0,0.0,0.0,0.0,0.009585627128875,0.076685017031,0.077581,7
2024-01-23,0.1970048,0.1433707115788375,10,-0.010973,0.514071,0.4105489999999999,4.10549,0.1467038,0.0955448574147243,7,10,bullish,0.073448425,0.1150533324088317,0.0808801236351999,0.1188708916666666,0.1018379568982617,6.666666666666667,0.1862823333333333,0.21992055,0.111687075,0.1267797286498064,6.285714285714286,0.1656442142857142,0.0170048,0.1012462607142857,0.1570873767013466,5.142857142857143,0.1477971636904761,0.2309898,0.0889432111111111,0.1580045753936462,5.315789473684211,0.1515683659356725,0.0,50.0,0.0,0.0,0.4049523618984035,-0.2270659396761813,0.5944527346322679,-0.01405645,0.0,0.0,0.0,0.0,0.0,0.0,0.0,0.0,0.0,0.0,0.0,0.0,0.0,0.0,0.0,0.0,0.0,0.0,0.0,0.0,0.0,0.0,0.0,0.0,0.0,0.0,0.0,0.0,0.0,0.0,0.0,0.0,0.0,0.0,0.0,0.0,0.0,0.0,0.0,0.0,0.0,0.0,0.0,0.0,0.0,0.0808801236351999,0.8088012363519999,0.4105489999999999,7
2024-01-24,0.1489735555555555,0.1407329665910861,9,-0.001838,0.438057,0.2469694444444444,2.222725,0.2113963333333333,0.1374929106081473,4,9,neutral,-0.0480312444444444,0.1139657786947171,0.0367919162524691,0.1565115768518518,0.1298241755725407,9.0,0.2450331481481481,0.1129220555555555,0.1092012686507936,0.131141126271409,6.857142857142857,0.174468592063492,-0.0174006444444444,0.106796092063492,0.1643251727221622,4.928571428571429,0.1620762728174603,0.0776976388888888,0.0919447283333333,0.1569885984052603,5.5,0.1563384198611111,0.0,50.0,0.0,0.0,0.405921925143854,-0.2220324684771873,-0.2438074830889626,-0.1214796694444444,0.0,0.0,0.0,0.0,0.0,0.0,0.0,0.0,0.0,0.0,0.0,0.0,0.0,0.0,0.0,0.0,0.0,0.0,0.0,0.0,0.0,0.0,0.0,0.0,0.0,0.0,0.0,0.0,0.0,0.0,0.0,0.0,0.0,0.0,0.0,0.0,0.0,0.0,0.0,0.0,0.0,0.0,0.0,0.0,0.0,0.0367919162524691,0.3311272462722222,0.2469694444444444,4
2024-01-25,0.0515746666666666,0.0907209962724543,6,-0.007316,0.232315,0.1548545,0.929127,0.0833266666666666,0.1117781134689017,3,6,neutral,-0.0973988888888889,0.1073935667116651,0.0079865692193333,0.132517674074074,0.1249415581474593,8.333333333333334,0.2707909814814814,-0.0719817083333333,0.1011179067460317,0.1152458035582427,6.285714285714286,0.1756489492063492,-0.0565835333333333,0.0942297557539682,0.1484722820189322,4.785714285714286,0.1570284246031746,-0.1759287083333333,0.0900223444444444,0.1533070649534378,5.523809523809524,0.156267757010582,0.0,50.0,0.0,0.0,0.3877742018892677,-0.2088130785559343,-0.6537998541128105,-0.0493676444444444,0.0,0.0,0.0,0.0,0.0,0.0,0.0,0.0,0.0,0.0,0.0,0.0,0.0,0.0,0.0,0.0,0.0,0.0,0.0,0.0,0.0,0.0,0.0,0.0,0.0,0.0,0.0,0.0,0.0,0.0,0.0,0.0,0.0,0.0,0.0,0.0,0.0,0.0,0.0,0.0,0.0,0.0,0.0,0.0,0.0,0.0079865692193333,0.047919415316,0.1548545,3
2024-01-26,0.0853431666666666,0.1076801594100169,6,0.0,0.288944,0.2176046666666666,1.305628,0.1726073333333333,0.1514327742645781,4,6,neutral,0.0337685,0.1175747364800187,0.0185710713347777,0.0952971296296296,0.1130447074245191,7.0,0.2064762037037037,-0.1116616333333333,0.0885126162698412,0.1097471498794366,6.428571428571429,0.1790530158730159,-0.0882370333333333,0.079837160515873,0.1217399007134696,5.071428571428571,0.1566728650793651,-0.2014963333333333,0.0898096545454545,0.1509056488722051,5.545454545454546,0.1590557983585858,0.0,50.0,0.0,0.0,0.3824278508007969,-0.1980761774674636,0.6547497479382645,0.1311673888888889,0.0,0.0,0.0,0.0,0.0,0.0,0.0,0.0,0.0,0.0,0.0,0.0,0.0,0.0,0.0,0.0,0.0,0.0,0.0,0.0,0.0,0.0,0.0,0.0,0.0,0.0,0.0,0.0,0.0,0.0,0.0,0.0,0.0,0.0,0.0,0.0,0.0,0.0,0.0,0.0,0.0,0.0,0.0,0.0,0.0,0.0185710713347777,0.1114264280086666,0.2176046666666666,4
2024-01-29,0.00388125,0.010167097566005,4,-0.001795,0.01908,0.15541875,0.621675,0.1658205,0.0466943853048736,3,4,neutral,-0.0814619166666666,0.09853438628368,0.0006032190234375,0.0469330277777777,0.0695227510828254,5.333333333333333,0.1759593055555555,-0.1450923055555555,0.0923407591269841,0.0935450129334782,6.428571428571429,0.1905277658730158,0.026797,0.0818636783730158,0.1124421671178475,5.285714285714286,0.1514064186507936,0.02837125,0.0860736369565217,0.1438687213068951,5.478260869565218,0.158897665821256,0.0,50.0,0.0,0.0,0.3761733774847668,-0.1967875041514335,-0.9545218422095892,-0.1152304166666667,0.0,0.0,0.0,0.0,0.0,0.0,0.0,0.0,0.0,0.0,0.0,0.0,0.0,0.0,0.0,0.0,0.0,0.0,0.0,0.0,0.0,0.0,0.0,0.0,0.0,0.0,0.0,0.0,0.0,0.0,0.0,0.0,0.0,0.0,0.0,0.0,0.0,0.0,0.0,0.0,0.0,0.0,0.0,0.0,0.0,0.0006032190234375,0.00241287609375,0.15541875,3
2024-01-30,0.1230446,0.2158697153036989,5,-0.13007,0.445448,0.1639336,0.8196680000000001,0.2174694,0.1330375192428812,3,5,neutral,0.11916335,0.1130341870286522,0.02017114423856,0.0707563388888889,0.1112389907599069,5.0,0.1789856722222222,0.0714699333333333,0.1047683448412698,0.1162729278956853,6.857142857142857,0.203844423015873,0.0869931,0.086301554563492,0.1210524196409922,5.428571428571429,0.1563491757936508,0.0621302666666666,0.08761409375,0.1472973400686476,5.458333333333333,0.159107496412037,0.0,50.0,0.0,0.0,0.3824102244332411,-0.2027822355443522,30.702312399355883,0.2006252666666667,0.0,0.0,0.0,0.0,0.0,0.0,0.0,0.0,0.0,0.0,0.0,0.0,0.0,0.0,0.0,0.0,0.0,0.0,0.0,0.0,0.0,0.0,0.0,0.0,0.0,0.0,0.0,0.0,0.0,0.0,0.0,0.0,0.0,0.0,0.0,0.0,0.0,0.0,0.0,0.0,0.0,0.0,0.0,0.0,0.0,0.02017114423856,0.1008557211928,0.1639336,3
2024-01-31,0.2214193333333333,0.2031405437224845,6,-0.001617,0.598258,0.2634606666666667,1.580764,0.2705821666666667,0.1163645610818288,3,6,bullish,0.0983747333333333,0.1255157024549319,0.0583352851728888,0.1161150611111111,0.1430591188640628,5.0,0.1942710055555555,0.1360761666666666,0.1187487674603174,0.1302403129206548,6.571428571428571,0.2303986611111111,0.0978629583333333,0.1140032926587301,0.1273668907241839,5.785714285714286,0.1728327234126984,0.3878243333333333,0.0929663033333333,0.1498356675074584,5.48,0.1632816232222222,0.0,50.0,0.0,0.0,0.3962633431794121,-0.1910949209571898,0.7995046782494584,-0.0207886166666667,0.0,0.0,0.0,0.0,0.0,0.0,0.0,0.0,0.0,0.0,0.0,0.0,0.0,0.0,0.0,0.0,0.0,0.0,0.0,0.0,0.0,0.0,0.0,0.0,0.0,0.0,0.0,0.0,0.0,0.0,0.0,0.0,0.0,0.0,0.0,0.0,0.0,0.0,0.0,0.0,0.0,0.0,0.0,0.0,0.0,0.0583352851728888,0.3500117110373333,0.2634606666666667,3
2024-02-01,0.2196727142857142,0.215738565343986,14,-0.220618,0.736086,0.3201137857142857,4.481593,0.1802005,0.1218171789790876,8,14,bullish,-0.001746619047619,0.1505192162692383,0.0703202641881326,0.1880455492063492,0.2115829414567231,8.333333333333334,0.2491693507936508,0.2157914642857142,0.1219870409297052,0.1405785777442474,7.142857142857143,0.2174793447845804,0.0226679142857142,0.1168370579648526,0.1336791531970269,6.714285714285714,0.1915617795351474,0.0396727142857142,0.0978396268315018,0.1527010108916552,5.8076923076923075,0.1693136294719169,0.0,50.0,0.0,0.0,0.4218739307052905,-0.2018658287211635,-0.0078882860919359,-0.1001213523809523,0.0,0.0,0.0,0.0,0.0,0.0,0.0,0.0,0.0,0.0,0.0,0.0,0.0,0.0,0.0,0.0,0.0,0.0,0.0,0.0,0.0,0.0,0.0,0.0,0.0,0.0,0.0,0.0,0.0,0.0,0.0,0.0,0.0,0.0,0.0,0.0,0.0,0.0,0.0,0.0,0.0,0.0,0.0,0.0,0.0,0.0703202641881326,0.9844836986338572,0.3201137857142857,8
2024-02-02,0.1622055714285714,0.1828956612906724,7,-0.003127,0.527018,0.2368828571428571,1.65818,0.1539228571428571,0.0961647787644183,4,7,bullish,-0.0574671428571428,0.1655623166453693,0.0384237192044897,0.2010992063492063,0.2005915901190476,9.0,0.2734857698412699,0.0391609714285714,0.1238773289115646,0.1466018198441883,6.857142857142857,0.2160384037414966,0.0132320158730158,0.1165392987811791,0.1388714730577986,6.857142857142857,0.1952534979024943,-0.0041686285714285,0.1002235507054673,0.1539591213249476,5.851851851851852,0.1718161934597295,0.0,50.0,-0.0727222,-0.0727222,0.408937613148212,-0.1954592915212278,-0.2616034633340899,-0.0557205238095238,0.0,0.0,0.0,0.0,0.0,0.0,0.0,0.0,0.0,0.0,0.0,0.0,0.0,0.0,0.0,0.0,0.0,0.0,0.0,0.0,0.0,0.0,0.0,0.0,0.0,0.0,0.0,0.0,0.0,0.0,0.0,0.0,0.0,0.0,0.0,0.0,0.0,0.0,0.0,0.0,0.0,0.0,0.0,0.0,0.0,0.0384237192044897,0.2689660344314286,0.2368828571428571,4
2024-02-03,-0.08025,0.0,1,-0.08025,-0.08025,0.038843,0.038843,0.083096,0.0,1,1,neutral,-0.2424555714285714,0.2044111214152104,-0.00311715075,0.1005427619047618,0.1993171133173291,7.333333333333333,0.1986132142857143,-0.3016693333333333,0.1050452336734694,0.1559152904394773,6.142857142857143,0.1994653323129251,-0.1318246666666666,0.1030815702097505,0.1340163359649664,6.214285714285714,0.1875571407596372,-0.1884082,0.0937780667517006,0.1539591213249476,5.678571428571429,0.1670671508361678,0.0,50.0,0.0543534166666666,-0.0091843916666666,0.3592534971978686,-0.1824841255708845,-1.4947425621279522,-0.1849884285714285,0.0,0.0,0.0,0.0,0.0,0.0,0.0,0.0,0.0,0.0,0.0,0.0,0.0,0.0,0.0,0.0,0.0,0.0,0.0,0.0,0.0,0.0,0.0,0.0,0.0,0.0,0.0,0.0,0.0,0.0,0.0,0.0,0.0,0.0,0.0,0.0,0.0,0.0,0.0,0.0,0.0,0.0,0.0,0.0,0.0,-0.00311715075,-0.00311715075,0.038843,1
2024-02-05,0.0028506,0.1504850389417499,5,-0.186067,0.221252,0.312138,1.56069,0.0492676,0.1130414293425202,4,5,neutral,0.0831006,0.1880649523247232,0.0008897805828,0.0282687238095237,0.1666903501162111,4.333333333333333,0.195954619047619,-0.2168221142857142,0.093260581292517,0.1630494370280995,6.0,0.212970094217687,-0.0824925666666666,0.0908865987811791,0.1343482054865118,6.214285714285714,0.1960115550453514,-0.1707296,0.090642636863711,0.1538201580296197,5.655172413793103,0.1720695939107827,0.0,50.0,0.0174877499999999,-0.0002936777777777,0.3623911899331112,-0.182887758306127,-1.0355214953271028,0.3255561714285714,0.0,0.0,0.0,0.0,0.0,0.0,0.0,0.0,0.0,0.0,0.0,0.0,0.0,0.0,0.0,0.0,0.0,0.0,0.0,0.0,0.0,0.0,0.0,0.0,0.0,0.0,0.0,0.0,0.0,0.0,0.0,0.0,0.0,0.0,0.0,0.0,0.0,0.0,0.0,0.0,0.0,0.0,0.0,0.0,0.0,0.0008897805828,0.004448902914,0.312138,4
2024-02-06,0.0172275,0.0121912280144372,2,0.008607,0.025848,0.070645,0.14129,0.061502,0.1110072793649137,2,2,neutral,0.0143769,0.1403276233977114,0.0012170367375,-0.0200573,0.0813381334780935,2.6666666666666665,0.140542,-0.1449780714285714,0.0951671884353741,0.1633867921028381,5.714285714285714,0.2008595585034013,0.01334625,0.0937539737811791,0.1257796802424136,6.071428571428571,0.1956936621882086,0.04014325,0.0881954656349206,0.1483728914905742,5.533333333333333,0.1686887741137566,0.0,50.0,-0.0029329305555555,-0.0009534909722222,0.3484003239121473,-0.1732655756184965,5.043464533782361,-0.0687237,0.0,0.0,0.0,0.0,0.0,0.0,0.0,0.0,0.0,0.0,0.0,0.0,0.0,0.0,0.0,0.0,0.0,0.0,0.0,0.0,0.0,0.0,0.0,0.0,0.0,0.0,0.0,0.0,0.0,0.0,0.0,0.0,0.0,0.0,0.0,0.0,0.0,0.0,0.0,0.0,0.0,0.0,0.0,0.0,0.0,0.0012170367375,0.002434073475,0.070645,2
2024-02-07,-0.0048076666666666,0.0505401925830653,3,-0.049454,0.050063,0.1248843333333333,0.374653,0.066446,0.2282640368345395,3,3,neutral,-0.0220351666666666,0.0990280302074812,-0.0006004022465555,0.0050901444444444,0.0710721531797508,3.3333333333333335,0.1692224444444444,0.0754423333333333,0.0769025789115646,0.1358318716493992,5.428571428571429,0.1952810918367347,-0.1278522666666667,0.0908354618764172,0.1253001327050918,6.142857142857143,0.1995627574263038,-0.0408591666666666,0.0846732767460317,0.1417001593872394,5.566666666666666,0.1640970852248677,-0.1056656666666666,50.0,-0.2309898,-0.0469607527777777,0.3476050481010811,-0.156310566474097,-1.279069317467228,-0.0364120666666666,0.0,0.0,0.0,0.0,0.0,0.0,0.0,0.0,0.0,0.0,0.0,0.0,0.0,0.0,0.0,0.0,0.0,0.0,0.0,0.0,0.0,0.0,0.0,0.0,0.0,0.0,0.0,0.0,0.0,0.0,0.0,0.0,0.0,0.0,0.0,0.0,0.0,0.0,0.0,0.0,0.0,0.0,0.0,0.0,0.0,-0.0006004022465555,-0.0018012067396666,0.1248843333333333,3
2024-02-08,0.0250715714285714,0.1252021739812014,7,-0.172805,0.254214,0.0697068571428571,0.487948,0.1221602857142857,0.2535845326058054,5,7,neutral,0.029879238095238,0.0846046583801135,0.0017476604479183,0.0124971349206349,0.0626445315262346,4.0,0.0884120634920634,0.0222209714285714,0.0488528986394557,0.1228421433591854,5.571428571428571,0.1676019761904762,-0.1963477619047618,0.0838008330498866,0.1268257731230535,6.071428571428571,0.1990003186507936,-0.0984848035714285,0.0844610735714285,0.1397450898802849,5.5,0.1612834434259259,-0.0063660952380952,50.0,-0.0776976388888888,-0.0520835671296296,0.3397768656553946,-0.1639752268855534,-6.214914670021099,0.0519144047619047,0.0,0.0,0.0,0.0,0.0,0.0,0.0,0.0,0.0,0.0,0.0,0.0,0.0,0.0,0.0,0.0,0.0,0.0,0.0,0.0,0.0,0.0,0.0,0.0,0.0,0.0,0.0,0.0,0.0,0.0,0.0,0.0,0.0,0.0,0.0,0.0,0.0,0.0,0.0,0.0,0.0,0.0,0.0,0.0,0.0,0.0017476604479183,0.0122336231354285,0.0697068571428571,5
2024-02-09,0.363099,0.0,1,0.363099,0.363099,0.288893,0.288893,0.276384,0.0,1,1,bullish,0.3380274285714286,0.0846046583801135,0.104896759407,0.1277876349206349,0.0878711832821333,3.6666666666666665,0.1611613968253968,0.3458715,0.0693423680272108,0.1042628589622253,3.7142857142857144,0.1631418639455782,0.1434262857142857,0.095664704478458,0.1254470282517382,5.428571428571429,0.1903106043650793,0.1660942,0.0947797319047619,0.1436458746454059,5.4,0.1662510517592592,0.30955975,50.0,0.1759287083333333,-0.0195103849206349,0.3513614211993245,-0.1558873024294832,13.48249867522122,0.3081481904761904,0.0,0.0,0.0,0.0,0.0,0.0,0.0,0.0,0.0,0.0,0.0,0.0,0.0,0.0,0.0,0.0,0.0,0.0,0.0,0.0,0.0,0.0,0.0,0.0,0.0,0.0,0.0,0.0,0.0,0.0,0.0,0.0,0.0,0.0,0.0,0.0,0.0,0.0,0.0,0.0,0.0,0.0,0.0,0.0,0.0,0.104896759407,0.104896759407,0.288893,1
2024-02-12,-0.03637725,0.131764656597473,4,-0.195965,0.126447,0.129946,0.519784,0.151585,0.0866094270888952,4,4,neutral,-0.39947625,0.0799245627940442,-0.0047270781285,0.1172644404761904,0.1284834152893372,4.0,0.162848619047619,-0.0315695833333333,0.0409733935374149,0.0940366580235854,3.2857142857142856,0.1478651700680271,-0.1985828214285714,0.0824253612244898,0.1246996690856037,5.071428571428571,0.1819517869047619,-0.1853508055555555,0.0895463754232804,0.1423610406151936,5.233333333333333,0.1655011850925926,-0.1570006944444444,50.0,0.2014963333333334,0.0081154548611111,0.3363320266251974,-0.155311452855356,-1.1001854866028271,-0.7375036785714286,0.0,0.0,0.0,0.0,0.0,0.0,0.0,0.0,0.0,0.0,0.0,0.0,0.0,0.0,0.0,0.0,0.0,0.0,0.0,0.0,0.0,0.0,0.0,0.0,0.0,0.0,0.0,0.0,0.0,0.0,0.0,0.0,0.0,0.0,0.0,0.0,0.0,0.0,0.0,0.0,0.0,0.0,0.0,0.0,0.0,-0.0047270781285,-0.018908312514,0.129946,4
2024-02-13,0.179072,0.0,1,0.179072,0.179072,0.033703,0.033703,0.312133,0.0,1,1,bullish,0.21544925,0.1025023410539132,0.006035263616,0.1685979166666666,0.131764656597473,2.0,0.1508473333333333,0.1540004285714285,0.0780193935374149,0.0940366580235854,3.2857142857142856,0.1471308843537415,0.259322,0.0915323136054421,0.1277886393413446,4.714285714285714,0.1732981083333333,0.1274973333333333,0.0966482754232804,0.140212089138881,5.1,0.1632385917592592,0.213057,50.0,-0.02837125,0.0040613765432098,0.3338701618850184,-0.1523004081151771,-5.922637087740277,0.6149255,0.0,0.0,0.0,0.0,0.0,0.0,0.0,0.0,0.0,0.0,0.0,0.0,0.0,0.0,0.0,0.0,0.0,0.0,0.0,0.0,0.0,0.0,0.0,0.0,0.0,0.0,0.0,0.0,0.0,0.0,0.0,0.0,0.0,0.0,0.0,0.0,0.0,0.0,0.0,0.0,0.0,0.0,0.0,0.0,0.0,0.006035263616,0.006035263616,0.033703,1
2024-02-15,0.192178,0.4932055656640545,2,-0.156571,0.540927,0.439274,0.878548,0.1221535,0.3175015513544776,2,2,bullish,0.013106,0.250057465414243,0.084418798772,0.1116242499999999,0.3124851111307637,2.3333333333333335,0.2009743333333333,-0.170921,0.1050661649659864,0.1625807633680463,2.857142857142857,0.1652931700680272,0.1893274,0.0991633731292517,0.1628364035462571,4.428571428571429,0.1891316321428571,0.1068348333333333,0.1006783448677248,0.1582157706097951,4.766666666666667,0.1763123278703703,0.1209020833333333,50.0,-0.0621302666666667,0.0052382580246913,0.3881099681469407,-0.1850308393770995,0.0731884381701215,-0.20234325,0.0,0.0,0.0,0.0,0.0,0.0,0.0,0.0,0.0,0.0,0.0,0.0,0.0,0.0,0.0,0.0,0.0,0.0,0.0,0.0,0.0,0.0,0.0,0.0,0.0,0.0,0.0,0.0,0.0,0.0,0.0,0.0,0.0,0.0,0.0,0.0,0.0,0.0,0.0,0.0,0.0,0.0,0.0,0.0,0.0,0.084418798772,0.168837597544,0.439274,2
2024-02-16,0.0760598333333333,0.1567544759876625,6,0.0,0.395476,0.1641581666666666,0.984949,0.1068166666666666,0.1738196163770552,4,6,neutral,-0.1161181666666666,0.2605748994163967,0.0124858427969722,0.1491032777777778,0.3249800208258585,3.0,0.2123783888888889,0.1124370833333333,0.1134707840136054,0.1914934129626913,3.4285714285714284,0.178652193877551,0.0588323333333333,0.1043189862244898,0.1761625288573169,4.571428571428571,0.1897558761904762,0.0721785833333333,0.0956302268121693,0.1537012573589484,4.7,0.1742667875925926,-0.1514435416666666,50.0,-0.3878243333333333,-0.0438926030864197,0.4018727572158914,-0.1947927951127168,-0.6042219539524122,-0.1292241666666667,0.0,0.0,0.0,0.0,0.0,0.0,0.0,0.0,0.0,0.0,0.0,0.0,0.0,0.0,0.0,0.0,0.0,0.0,0.0,0.0,0.0,0.0,0.0,0.0,0.0,0.0,0.0,0.0,0.0,0.0,0.0,0.0,0.0,0.0,0.0,0.0,0.0,0.0,0.0,0.0,0.0,0.0,0.0,0.0,0.0,0.0124858427969722,0.0749150567818333,0.1641581666666666,4
2024-02-18,-0.0104704999999999,0.0976323545987701,2,-0.079507,0.058566,0.0926885,0.185377,-0.0627264999999999,0.3401798800406926,2,2,neutral,-0.0865303333333333,0.2198392632119901,-0.0009704949392499,0.0859224444444444,0.249197465416829,3.3333333333333335,0.2320402222222222,-0.1895425,0.1126618078231292,0.2009118453658323,3.2857142857142856,0.1740527891156462,-0.0056628333333333,0.0947821933673469,0.1654136778841415,4.357142857142857,0.1846669404761904,-0.1335151,0.0857198934788359,0.1410302573934761,4.7,0.1699369875925926,-0.29731,50.0,-0.0396727142857142,-0.0502437657848324,0.3942612377071939,-0.2005839631040193,-1.1376613587110147,0.0295878333333333,0.0,0.0,0.0,0.0,0.0,0.0,0.0,0.0,0.0,0.0,0.0,0.0,0.0,0.0,0.0,0.0,0.0,0.0,0.0,0.0,0.0,0.0,0.0,0.0,0.0,0.0,0.0,0.0,0.0,0.0,0.0,0.0,0.0,0.0,0.0,0.0,0.0,0.0,0.0,0.0,0.0,0.0,0.0,0.0,0.0,-0.0009704949392499,-0.0019409898784999,0.0926885,2
2024-02-19,0.135628,0.0,1,0.135628,0.135628,0.059194,0.059194,0.11487,0.0,1,1,neutral,0.1460985,0.2491974654168291,0.008028363832,0.0670724444444444,0.1271934152932163,3.0,0.1053468888888888,-0.05655,0.1284555833333333,0.2198392632119901,2.4285714285714284,0.1725509523809524,0.1105564285714285,0.0886542409863945,0.1616409913003072,4.0,0.1700764642857143,-0.0857913333333333,0.0910571601455026,0.1410302573934761,4.7,0.1642718209259259,0.160118,50.0,0.0041686285714285,-0.0494547036596119,0.3918599712851897,-0.204320376682015,-13.953345112458816,0.2326288333333333,0.0,0.0,0.0,0.0,0.0,0.0,0.0,0.0,0.0,0.0,0.0,0.0,0.0,0.0,0.0,0.0,0.0,0.0,0.0,0.0,0.0,0.0,0.0,0.0,0.0,0.0,0.0,0.0,0.0,0.0,0.0,0.0,0.0,0.0,0.0,0.0,0.0,0.0,0.0,0.0,0.0,0.0,0.0,0.0,0.0,0.008028363832,0.008028363832,0.059194,1
2024-02-20,0.1380205,0.2024319351065933,4,-0.06969,0.332997,0.32434775,1.297391,0.1773172499999999,0.0548058840537826,4,4,neutral,0.0023924999999999,0.2375060828392701,0.044766638628875,0.0877259999999999,0.1500321448526817,2.3333333333333335,0.1587434166666666,0.0619606666666666,0.0963015119047619,0.2163577975909107,2.857142857142857,0.1776159166666666,-0.2250785,0.0828219399659864,0.160310328276568,3.2857142857142856,0.1703788903061224,-0.0816522142857142,0.0936273657010582,0.1447754761468357,4.733333333333333,0.1719255792592592,0.0771061666666666,50.0,0.1884082,-0.0028549258818342,0.3990246895718503,-0.2125804005242312,0.0176401627982421,-0.143706,0.0,0.0,0.0,0.0,0.0,0.0,0.0,0.0,0.0,0.0,0.0,0.0,0.0,0.0,0.0,0.0,0.0,0.0,0.0,0.0,0.0,0.0,0.0,0.0,0.0,0.0,0.0,0.0,0.0,0.0,0.0,0.0,0.0,0.0,0.0,0.0,0.0,0.0,0.0,0.0,0.0,0.0,0.0,0.0,0.0,0.044766638628875,0.1790665545155,0.32434775,4
2024-02-21,0.1612539999999999,0.2228009408564066,5,0.040001,0.557487,0.1991725999999999,0.995863,0.2261586,0.1041134934400916,4,5,bullish,0.0232334999999999,0.1699049266373581,0.0321173784403999,0.1449674999999999,0.2126164379814999,3.3333333333333335,0.1942381166666666,0.1717244999999999,0.1245345476190476,0.2345650544426974,3.0,0.1875054309523809,0.1976312499999999,0.0827539705782312,0.1643008562331414,3.142857142857143,0.1676853005102041,-0.0009515714285714,0.1045493323677248,0.1478964947352185,4.866666666666666,0.1774749659259259,0.327659,50.0,0.1707296,0.0247481006613756,0.421018649311511,-0.2236064269305585,0.1683336895606086,0.020841,0.0,0.0,0.0,0.0,0.0,0.0,0.0,0.0,0.0,0.0,0.0,0.0,0.0,0.0,0.0,0.0,0.0,0.0,0.0,0.0,0.0,0.0,0.0,0.0,0.0,0.0,0.0,0.0,0.0,0.0,0.0,0.0,0.0,0.0,0.0,0.0,0.0,0.0,0.0,0.0,0.0,0.0,0.0,0.0,0.0,0.0321173784403999,0.1605868922019999,0.1991725999999999,4
2024-02-22,0.06526375,0.0941346821753279,4,0.0,0.203652,0.09315975,0.372639,0.107492,0.0605856645255294,3,4,neutral,-0.0959902499999999,0.1542499781842745,0.0060799546340625,0.1215127499999999,0.1731225193794425,4.333333333333333,0.2055600333333333,-0.07036425,0.1082762261904762,0.2111599923981358,3.4285714285714284,0.1959992523809524,-0.11380825,0.0931478098639455,0.1579221131369765,3.357142857142857,0.1715650683673469,0.14551375,0.1007247907010582,0.1458287327136843,4.966666666666667,0.1786500575925926,-0.11473625,50.0,-0.04014325,0.0007401052910052,0.4183214938238415,-0.2229172131095557,-0.5952736056159846,-0.1192237499999999,0.0,0.0,0.0,0.0,0.0,0.0,0.0,0.0,0.0,0.0,0.0,0.0,0.0,0.0,0.0,0.0,0.0,0.0,0.0,0.0,0.0,0.0,0.0,0.0,0.0,0.0,0.0,0.0,0.0,0.0,0.0,0.0,0.0,0.0,0.0,0.0,0.0,0.0,0.0,0.0,0.0,0.0,0.0,0.0,0.0,0.0060799546340625,0.02431981853625,0.09315975,3
2024-02-23,0.0823291,0.1309985724251731,10,-0.045565,0.391464,0.2097935,2.097935,0.1106824,0.1337318672661415,4,10,neutral,0.01706535,0.1625915326408752,0.01727211004085,0.1029489499999999,0.1493113984856358,6.333333333333333,0.1673752833333333,-0.0556913999999999,0.0925835261904761,0.1507921601916556,4.571428571428571,0.1632163238095238,-0.1098489,0.0988248455782313,0.1561506161809241,3.7142857142857144,0.1642547469387755,0.0794785,0.0979232873677248,0.1466285553746575,5.133333333333334,0.1794698809259259,-0.0840451,50.0,0.0408591666666666,-0.0171084687830687,0.4373478206812375,-0.2340987549669518,0.2614828292888473,0.1130555999999999,0.0,0.0,0.0,0.0,0.0,0.0,0.0,0.0,0.0,0.0,0.0,0.0,0.0,0.0,0.0,0.0,0.0,0.0,0.0,0.0,0.0,0.0,0.0,0.0,0.0,0.0,0.0,0.0,0.0,0.0,0.0,0.0,0.0,0.0,0.0,0.0,0.0,0.0,0.0,0.0,0.0,0.0,0.0,0.0,0.0,0.01727211004085,0.1727211004085,0.2097935,4
2024-02-24,0.0361133333333333,0.0298656024605788,3,0.007211,0.066857,0.1372983333333333,0.411895,0.0599463333333333,0.2018990365116518,3,3,neutral,-0.0462157666666666,0.1360463466048159,0.0049583004777777,0.0612353944444444,0.0849996190203599,5.666666666666667,0.1467505277777777,-0.1251406666666666,0.0868768833333333,0.1296440146038083,4.142857142857143,0.1593792047619047,-0.0399465,0.1001738336734694,0.1577573774942097,3.7857142857142856,0.1690156993197278,0.0188858333333333,0.0955217918121693,0.1400084533437329,4.9,0.179160092037037,-0.0720448666666666,50.0,0.0984848035714285,-0.0030133517195767,0.4097507432425141,-0.2151948041948951,-0.5613539643536328,-0.0632811166666666,0.0,0.0,0.0,0.0,0.0,0.0,0.0,0.0,0.0,0.0,0.0,0.0,0.0,0.0,0.0,0.0,0.0,0.0,0.0,0.0,0.0,0.0,0.0,0.0,0.0,0.0,0.0,0.0,0.0,0.0,0.0,0.0,0.0,0.0,0.0,0.0,0.0,0.0,0.0,0.0,0.0,0.0,0.0,0.0,0.0,0.0049583004777777,0.0148749014333333,0.1372983333333333,3
2024-02-26,0.033867,0.0478951707168896,2,0.0,0.067734,0.028258,0.056516,0.133472,0.0244757941239911,1,2,neutral,-0.0022463333333333,0.1051389937268752,0.000957013686,0.050769811111111,0.0695864485342138,5.0,0.1251166111111111,-0.0313967499999999,0.0932108119047619,0.1213544839568282,4.142857142857143,0.1501748476190476,0.0443375,0.1029363098639455,0.157516920960921,3.7142857142857144,0.1621138183673469,0.0386746666666666,0.0908646851455026,0.136228623942011,4.8,0.1736428187037036,-0.1397132,50.0,-0.1660942,-0.0145648998677248,0.3809674549501481,-0.2051667492358624,-0.0622023260107069,0.0439694333333333,0.0,0.0,0.0,0.0,0.0,0.0,0.0,0.0,0.0,0.0,0.0,0.0,0.0,0.0,0.0,0.0,0.0,0.0,0.0,0.0,0.0,0.0,0.0,0.0,0.0,0.0,0.0,0.0,0.0,0.0,0.0,0.0,0.0,0.0,0.0,0.0,0.0,0.0,0.0,0.0,0.0,0.0,0.0,0.0,0.0,0.000957013686,0.001914027372,0.028258,1
2024-02-27,0.124655875,0.2053700746710939,8,-0.071969,0.464901,0.2575179999999999,2.060144,0.201152875,0.0832713890608593,5,8,neutral,0.0907888749999999,0.1016528204898127,0.03210113161825,0.0648787361111111,0.0943769492828541,4.333333333333333,0.1410247777777777,0.042326775,0.0916433654761904,0.1333567112017233,5.142857142857143,0.1785068476190476,-0.010972125,0.1100494744047619,0.1648049119327294,3.7857142857142856,0.1755289,0.0995843035714285,0.0957837393121693,0.1393743169606026,4.933333333333334,0.1797235687037037,0.147571625,50.0,0.1853508055555555,0.049121226675485,0.3749205516517509,-0.2086215298660366,2.680747482800366,0.0930352083333333,0.0,0.0,0.0,0.0,0.0,0.0,0.0,0.0,0.0,0.0,0.0,0.0,0.0,0.0,0.0,0.0,0.0,0.0,0.0,0.0,0.0,0.0,0.0,0.0,0.0,0.0,0.0,0.0,0.0,0.0,0.0,0.0,0.0,0.0,0.0,0.0,0.0,0.0,0.0,0.0,0.0,0.0,0.0,0.0,0.0,0.03210113161825,0.256809052946,0.2575179999999999,5
2024-02-28,0.095598,0.1322122318338965,5,-0.115943,0.196428,0.1308266,0.654133,0.2129703999999999,0.0957769021466031,5,5,neutral,-0.0290578749999999,0.1092683304215264,0.0125067613067999,0.0847069583333333,0.1284924924072933,5.0,0.1388675333333333,0.0594846666666666,0.0855830083333333,0.1233253250199095,5.285714285714286,0.150860969047619,-0.0424224999999999,0.0909422601190476,0.1620888552578266,4.071428571428571,0.1642384428571428,-0.267501,0.0977686226455026,0.1422757754708198,5.033333333333333,0.181727222037037,0.0595465,50.0,-0.1274973333333333,0.039362935670194,0.3652547443982253,-0.2056164797553682,-0.2331047373419021,-0.1198467499999999,0.0,0.0,0.0,0.0,0.0,0.0,0.0,0.0,0.0,0.0,0.0,0.0,0.0,0.0,0.0,0.0,0.0,0.0,0.0,0.0,0.0,0.0,0.0,0.0,0.0,0.0,0.0,0.0,0.0,0.0,0.0,0.0,0.0,0.0,0.0,0.0,0.0,0.0,0.0,0.0,0.0,0.0,0.0,0.0,0.0,0.0125067613067999,0.062533806534,0.1308266,5
2024-02-29,0.11501475,0.1089847167981975,4,0.039745,0.274508,0.0710585,0.284234,0.2268349999999999,0.1146313281989991,4,4,neutral,0.0194167499999999,0.1048655592961313,0.008172775612875,0.1117562083333333,0.1488556744343959,5.666666666666667,0.1531343666666666,0.0811477499999999,0.0789774011904762,0.1070658644401653,5.142857142857143,0.1325589547619047,-0.0462392499999999,0.1017559744047619,0.1601905269412204,4.071428571428571,0.1600321928571428,0.151392,0.0974839018121693,0.1424148473266082,4.9,0.1815098053703703,-0.008541625,50.0,-0.1068348333333333,0.027029217680776,0.3710493831640841,-0.1918846435212269,0.2031083286261219,0.0484746249999999,0.0,0.0,0.0,0.0,0.0,0.0,0.0,0.0,0.0,0.0,0.0,0.0,0.0,0.0,0.0,0.0,0.0,0.0,0.0,0.0,0.0,0.0,0.0,0.0,0.0,0.0,0.0,0.0,0.0,0.0,0.0,0.0,0.0,0.0,0.0,0.0,0.0,0.0,0.0,0.0,0.0,0.0,0.0,0.0,0.0,0.008172775612875,0.0326911024515,0.0710585,4
2024-03-01,0.0407634999999999,0.2351815941023021,2,-0.125535,0.207062,0.0475535,0.095107,0.1518855,0.1205963544245845,2,2,neutral,-0.07425125,0.1459287576244759,0.0019384470972499,0.0837920833333333,0.158792847578132,3.6666666666666665,0.0831461999999999,-0.083892375,0.0754773654761904,0.127215423286876,4.857142857142857,0.1260437761904762,-0.02450025,0.0918767958333333,0.1659590705689959,4.142857142857143,0.1610215142857142,-0.1383085,0.0922758584788359,0.1459460351159722,4.633333333333334,0.1694099553703703,-0.1562413,50.0,-0.0721785833333333,-0.001924869356261,0.3829093287712078,-0.1999532991283507,-0.6455802407952024,-0.093668,0.0,0.0,0.0,0.0,0.0,0.0,0.0,0.0,0.0,0.0,0.0,0.0,0.0,0.0,0.0,0.0,0.0,0.0,0.0,0.0,0.0,0.0,0.0,0.0,0.0,0.0,0.0,0.0,0.0,0.0,0.0,0.0,0.0,0.0,0.0,0.0,0.0,0.0,0.0,0.0,0.0,0.0,0.0,0.0,0.0,0.0019384470972499,0.0038768941944999,0.0475535,2
2024-03-02,-0.103878,0.0,1,-0.103878,-0.103878,0.043421,0.043421,0.095661,0.0,1,1,neutral,-0.1446414999999999,0.1704371543513725,-0.004510486638,0.0173000833333333,0.1720831554502498,2.3333333333333335,0.0540109999999999,-0.199476,0.0488763511904761,0.1265848984304931,3.5714285714285716,0.1022762761904761,-0.1862071,0.0707299386904762,0.1386885293110743,4.071428571428571,0.1327463,-0.296056,0.0838474732936507,0.1461545578569676,4.366666666666666,0.1626250072222222,-0.2528515555555555,50.0,0.1335151,-0.0060598138007054,0.3935446073912644,-0.2226991277484072,-3.548309149116244,-0.0703902499999999,0.0,0.0,0.0,0.0,0.0,0.0,0.0,0.0,0.0,0.0,0.0,0.0,0.0,0.0,0.0,0.0,0.0,0.0,0.0,0.0,0.0,0.0,0.0,0.0,0.0,0.0,0.0,0.0,0.0,0.0,0.0,0.0,0.0,0.0,0.0,0.0,0.0,0.0,0.0,0.0,0.0,0.0,0.0,0.0,0.0,-0.004510486638,-0.004510486638,0.043421,1
2024-03-04,0.046484,0.0848162213730368,3,-0.004928,0.14438,0.0300976666666666,0.090293,0.10438,0.084207667394365,2,3,neutral,0.150362,0.1402986910268583,0.0013990599373333,-0.0055435,0.1599989077376694,2.0,0.0403573888888888,-0.06853075,0.0503578749999999,0.1357433349159028,3.5714285714285716,0.0869618952380952,0.0103706666666666,0.0686173791666666,0.1326936747598555,3.857142857142857,0.12317055,-0.0295758333333333,0.0836777844047619,0.145918366860991,4.266666666666667,0.1584664461111111,-0.0050906666666666,50.0,0.0857913333333333,0.007932917680776,0.4003936943233442,-0.2244190480138204,-1.4474864745181848,0.2950035,0.0,0.0,0.0,0.0,0.0,0.0,0.0,0.0,0.0,0.0,0.0,0.0,0.0,0.0,0.0,0.0,0.0,0.0,0.0,0.0,0.0,0.0,0.0,0.0,0.0,0.0,0.0,0.0,0.0,0.0,0.0,0.0,0.0,0.0,0.0,0.0,0.0,0.0,0.0,0.0,0.0,0.0,0.0,0.0,0.0,0.0013990599373333,0.004197179812,0.0300976666666666,2
2024-03-05,0.075506,0.004946919041181,2,0.072008,0.079004,0.036224,0.072448,0.2795425,0.0137892893399188,2,2,neutral,0.029022,0.1084823628286794,0.002735129344,0.0060373333333333,0.0448815702071089,2.0,0.0365808888888888,0.0347425,0.0563063035714285,0.1285852929699513,3.5714285714285716,0.0880998952380952,0.041639,0.0747585577380952,0.1249698884633898,3.857142857142857,0.1191373714285714,0.0859765,0.0833498788492063,0.1418090372462375,4.133333333333334,0.1524204238888889,-0.0098371666666666,50.0,0.0816522142857142,0.0124654785273368,0.387883508884413,-0.2068654197177463,0.6243438602529903,-0.12134,0.0,0.0,0.0,0.0,0.0,0.0,0.0,0.0,0.0,0.0,0.0,0.0,0.0,0.0,0.0,0.0,0.0,0.0,0.0,0.0,0.0,0.0,0.0,0.0,0.0,0.0,0.0,0.0,0.0,0.0,0.0,0.0,0.0,0.0,0.0,0.0,0.0,0.0,0.0,0.0,0.0,0.0,0.0,0.0,0.0,0.002735129344,0.005470258688,0.036224,2
2024-03-06,0.0686686666666666,0.0926157726164033,3,0.0,0.174004,0.045394,0.136182,0.139435,0.1492923706724493,3,3,neutral,-0.0068373333333333,0.1043901267832308,0.0031171454546666,0.0635528888888888,0.0607929710102071,2.6666666666666665,0.0372385555555555,0.1725466666666666,0.0483081309523809,0.1097929092941696,2.857142857142857,0.0577964666666666,-0.0559872083333333,0.0699757482142857,0.1224811103213139,4.0,0.1181516571428571,-0.0669593333333333,0.0855094594047619,0.1451069842482534,4.1,0.1487529322222222,0.0647874166666666,50.0,0.0009515714285714,0.001628452733686,0.3665653499196127,-0.2149902940862793,-0.0905535100963278,-0.0358593333333333,0.0,0.0,0.0,0.0,0.0,0.0,0.0,0.0,0.0,0.0,0.0,0.0,0.0,0.0,0.0,0.0,0.0,0.0,0.0,0.0,0.0,0.0,0.0,0.0,0.0,0.0,0.0,0.0,0.0,0.0,0.0,0.0,0.0,0.0,0.0,0.0,0.0,0.0,0.0,0.0,0.0,0.0,0.0,0.0,0.0,0.0031171454546666,0.009351436364,0.045394,3
2024-03-07,-0.014984,0.0971635428028434,2,-0.083689,0.053721,0.0437204999999999,0.0874409999999999,0.090501,0.0071700627612315,1,2,neutral,-0.0836526666666666,0.0698856139583662,-0.000655107972,0.0430635555555555,0.0649087448201426,2.3333333333333335,0.0417795,-0.061468,0.0325107023809523,0.1039514611223274,2.4285714285714284,0.045352738095238,-0.110582,0.0590468553571428,0.1143835416825639,3.857142857142857,0.0981068535714285,-0.1530045,0.0809085060714285,0.1403587373482192,4.0,0.1447458288888889,-0.1380286,50.0,-0.14551375,0.0039151694003527,0.3635642931496562,-0.2098499123163229,-1.2182072366824268,-0.0768153333333333,0.0,0.0,0.0,0.0,0.0,0.0,0.0,0.0,0.0,0.0,0.0,0.0,0.0,0.0,0.0,0.0,0.0,0.0,0.0,0.0,0.0,0.0,0.0,0.0,0.0,0.0,0.0,0.0,0.0,0.0,0.0,0.0,0.0,0.0,0.0,0.0,0.0,0.0,0.0,0.0,0.0,0.0,0.0,0.0,0.0,-0.000655107972,-0.001310215944,0.0437204999999999,1
2024-03-08,0.0883595,0.0417982058665999,4,0.04265,0.143965,0.077226,0.308904,0.18004675,0.0732929365099393,3,4,neutral,0.1033435,0.0642681323400129,0.006823650747,0.0473480555555555,0.0771925070952822,3.0,0.0554468333333333,0.0128535,0.0287028095238095,0.0927537093003944,2.4285714285714284,0.0462338095238095,-0.0266552499999999,0.0538401053571428,0.1004602543756557,3.7857142857142856,0.0893963821428571,-0.0728944999999999,0.0764731782936508,0.1339050438339838,3.933333333333333,0.1385380066666666,-0.1330598333333333,50.0,-0.0794785,-0.0255103089947089,0.3477447408718902,-0.2031016100385568,-6.89692338494394,0.1869961666666666,0.0,0.0,0.0,0.0,0.0,0.0,0.0,0.0,0.0,0.0,0.0,0.0,0.0,0.0,0.0,0.0,0.0,0.0,0.0,0.0,0.0,0.0,0.0,0.0,0.0,0.0,0.0,0.0,0.0,0.0,0.0,0.0,0.0,0.0,0.0,0.0,0.0,0.0,0.0,0.0,0.0,0.0,0.0,0.0,0.0,0.006823650747,0.027294602988,0.077226,3
2024-03-10,-0.005561,3.394112549695388e-05,2,-0.005585,-0.005537,0.0226375,0.045275,0.07188,0.0066835732957752,2,2,neutral,-0.0939205,0.0473116762905049,-0.0001258871375,0.0226048333333333,0.0463318965983134,2.6666666666666665,0.0478613333333333,-0.0742296666666666,0.0220850238095238,0.0535624338042602,2.4285714285714284,0.0426743809523809,-0.0463244999999999,0.0487811946428571,0.093221735833361,3.642857142857143,0.0843590785714285,-0.0708247499999999,0.0689653878174603,0.1252768588652443,3.533333333333333,0.1286221304761904,-0.2252337142857143,50.0,-0.0188858333333333,-0.0134423645502645,0.2830609437009393,-0.158191712867606,-1.0629360736536535,-0.197264,0.0,0.0,0.0,0.0,0.0,0.0,0.0,0.0,0.0,0.0,0.0,0.0,0.0,0.0,0.0,0.0,0.0,0.0,0.0,0.0,0.0,0.0,0.0,0.0,0.0,0.0,0.0,0.0,0.0,0.0,0.0,0.0,0.0,0.0,0.0,0.0,0.0,0.0,0.0,0.0,0.0,0.0,0.0,0.0,0.0,-0.0001258871375,-0.000251774275,0.0226375,2
2024-03-11,0.0429461666666666,0.1574134433438474,6,-0.166535,0.319016,0.0858236666666666,0.514942,0.1435304999999999,0.1807808448954147,2,6,neutral,0.0485071666666666,0.0778049811510382,0.0036857974926111,0.0419148888888888,0.0664151967786481,4.0,0.0618957222222222,0.0579301666666666,0.0430599047619047,0.0683982923099155,3.142857142857143,0.0487319047619047,0.1468241666666666,0.0459681279761904,0.0952536489809513,3.357142857142857,0.0755040904761904,-0.0393829333333333,0.0649900743253968,0.1242575701473713,3.5,0.1235868241269841,-0.1192594047619047,50.0,-0.0386746666666666,-0.0058690126984126,0.2814784789627376,-0.159920614796071,-8.722741713121142,0.1424276666666666,0.0,0.0,0.0,0.0,0.0,0.0,0.0,0.0,0.0,0.0,0.0,0.0,0.0,0.0,0.0,0.0,0.0,0.0,0.0,0.0,0.0,0.0,0.0,0.0,0.0,0.0,0.0,0.0,0.0,0.0,0.0,0.0,0.0,0.0,0.0,0.0,0.0,0.0,0.0,0.0,0.0,0.0,0.0,0.0,0.0,0.0036857974926111,0.0221147849556666,0.0858236666666666,2
2024-03-12,0.1116395,0.0509069510152264,4,0.043225,0.156938,0.2308775,0.92351,0.1558102499999999,0.0617234402982367,2,4,neutral,0.0686933333333333,0.0694632168308028,0.02577504866125,0.0496748888888888,0.0694514451615236,4.0,0.1131128888888888,0.0232799999999999,0.0523678333333333,0.0635541108302284,3.2857142857142856,0.0774147380952381,0.0651555,0.0513628541666666,0.0968722142543858,3.4285714285714284,0.0821883166666666,0.0755261666666666,0.0713863909920635,0.1214363924884426,3.6,0.1299879741269841,0.1918895,50.0,-0.0995843035714285,-0.0089140927248677,0.282392267453455,-0.1486234032867883,1.599521882046127,0.0201861666666666,0.0,0.0,0.0,0.0,0.0,0.0,0.0,0.0,0.0,0.0,0.0,0.0,0.0,0.0,0.0,0.0,0.0,0.0,0.0,0.0,0.0,0.0,0.0,0.0,0.0,0.0,0.0,0.0,0.0,0.0,0.0,0.0,0.0,0.0,0.0,0.0,0.0,0.0,0.0,0.0,0.0,0.0,0.0,0.0,0.0,0.02577504866125,0.103100194645,0.2308775,2
2024-03-13,0.32078525,0.2600908036941137,4,0.052082,0.606033,0.3881195,1.552478,0.24486375,0.1506875940113076,3,4,bullish,0.20914575,0.1020486690090569,0.124503010837375,0.1584569722222222,0.1561370660177292,4.666666666666667,0.2349402222222222,0.32634625,0.0874077261904762,0.1000032372092187,3.5714285714285716,0.1276855238095238,0.24527925,0.0718570148809523,0.1131949552526338,3.5714285714285716,0.1078927095238095,0.28691825,0.0819842126587301,0.125651998825072,3.566666666666667,0.1325206907936507,0.31793465,50.0,0.267501,0.0059732294973544,0.3076855916386185,-0.1554010024719518,1.873402783065134,0.1404524166666667,0.0,0.0,0.0,0.0,0.0,0.0,0.0,0.0,0.0,0.0,0.0,0.0,0.0,0.0,0.0,0.0,0.0,0.0,0.0,0.0,0.0,0.0,0.0,0.0,0.0,0.0,0.0,0.0,0.0,0.0,0.0,0.0,0.0,0.0,0.0,0.0,0.0,0.0,0.0,0.0,0.0,0.0,0.0,0.0,0.0,0.124503010837375,0.4980120433495,0.3881195,3
2024-03-14,0.1851472857142857,0.2274037492169044,7,-0.003017,0.683398,0.1567584285714285,1.097309,0.2077932857142857,0.1095857963222033,3,7,bullish,-0.1356379642857143,0.1391697776791178,0.0290233975628367,0.2058573452380952,0.1794671679754148,5.0,0.2585851428571428,0.142201119047619,0.1040475289115646,0.1192586624378617,4.142857142857143,0.1435947278911564,0.116478619047619,0.0761778299319728,0.1148898532946192,3.5,0.1006955972789115,0.0604914107142857,0.0875815388492063,0.1339294034867054,3.7333333333333334,0.1353911384126984,0.1679197857142857,50.0,-0.151392,-0.0203804742063492,0.3126705429359445,-0.1556732751978492,-0.4228310506350099,-0.3447837142857143,0.0,0.0,0.0,0.0,0.0,0.0,0.0,0.0,0.0,0.0,0.0,0.0,0.0,0.0,0.0,0.0,0.0,0.0,0.0,0.0,0.0,0.0,0.0,0.0,0.0,0.0,0.0,0.0,0.0,0.0,0.0,0.0,0.0,0.0,0.0,0.0,0.0,0.0,0.0,0.0,0.0,0.0,0.0,0.0,0.0,0.0290233975628367,0.2031637829398571,0.1567584285714285,3
2024-03-15,0.12189825,0.1946974107915066,4,-0.125151,0.332997,0.18899575,0.755983,0.156229,0.055028382906763,3,4,neutral,-0.0632490357142857,0.1781024716123197,0.0230382511824375,0.2092769285714285,0.2273973212341749,5.0,0.2446245595238095,0.0102587499999999,0.1236021360544217,0.1331920721505279,4.428571428571429,0.1643483350340136,0.13688225,0.078056419217687,0.1196964055221277,3.4285714285714284,0.1048505365646258,0.0263002499999999,0.0918050694047619,0.1394739118793377,3.7666666666666666,0.1375281856349206,0.1267059166666666,50.0,0.1383085,-0.0140853313492063,0.3077444891133234,-0.1546827963752281,-0.3416147067469837,0.0723889285714286,0.0,0.0,0.0,0.0,0.0,0.0,0.0,0.0,0.0,0.0,0.0,0.0,0.0,0.0,0.0,0.0,0.0,0.0,0.0,0.0,0.0,0.0,0.0,0.0,0.0,0.0,0.0,0.0,0.0,0.0,0.0,0.0,0.0,0.0,0.0,0.0,0.0,0.0,0.0,0.0,0.0,0.0,0.0,0.0,0.0,0.0230382511824375,0.09215300472975,0.18899575,3
2024-03-19,0.2401025,0.5984251760249564,2,-0.183048,0.663253,0.4063055,0.812611,0.2119704999999999,0.3237834879985389,2,2,bullish,0.11820425,0.2663048181485415,0.0975549663137499,0.1823826785714285,0.3401754453444558,4.333333333333333,0.2506865595238095,-0.08068275,0.1452797074829932,0.2127102107445788,4.142857142857143,0.2113596921768707,0.151743,0.0869912585034013,0.1573456716164937,3.2857142857142856,0.1287967508503401,0.12508775,0.0989727670238095,0.1576747965733283,3.6,0.1487481403968254,0.2150309285714285,50.0,0.296056,0.0187040496031746,0.3695696364922317,-0.1990240687541364,0.9696960374738768,0.1814532857142857,0.0,0.0,0.0,0.0,0.0,0.0,0.0,0.0,0.0,0.0,0.0,0.0,0.0,0.0,0.0,0.0,0.0,0.0,0.0,0.0,0.0,0.0,0.0,0.0,0.0,0.0,0.0,0.0,0.0,0.0,0.0,0.0,0.0,0.0,0.0,0.0,0.0,0.0,0.0,0.0,0.0,0.0,0.0,0.0,0.0,0.0975549663137499,0.1951099326274999,0.4063055,2
2024-03-20,0.015105,0.1996233153967742,2,-0.12605,0.15626,0.0590985,0.118197,0.145526,0.040858044030521,1,2,neutral,-0.2249975,0.2960480910248511,0.0008926828425,0.1257019166666666,0.3309153007377457,2.6666666666666665,0.21813325,-0.1700422857142857,0.1482319931972789,0.2412229784976184,4.142857142857143,0.216568406462585,0.020666,0.0851585085034013,0.1546104194083762,3.2857142857142856,0.129621393707483,-0.0256584999999999,0.0873729670238095,0.1592284454186411,3.6333333333333337,0.1410883237301587,-0.347994,50.0,0.0295758333333333,0.0381584477513227,0.373432088647137,-0.2096089309090418,-0.9370893680823814,-0.3432017499999999,0.0,0.0,0.0,0.0,0.0,0.0,0.0,0.0,0.0,0.0,0.0,0.0,0.0,0.0,0.0,0.0,0.0,0.0,0.0,0.0,0.0,0.0,0.0,0.0,0.0,0.0,0.0,0.0,0.0,0.0,0.0,0.0,0.0,0.0,0.0,0.0,0.0,0.0,0.0,0.0,0.0,0.0,0.0,0.0,0.0,0.0008926828425,0.001785365685,0.0590985,1
2024-03-22,0.098863,0.0526872929715189,4,0.040567,0.168048,0.13879125,0.555165,0.21469875,0.0987838833021359,4,4,neutral,0.083758,0.2545673888803321,0.01372131934875,0.1180234999999999,0.2835785947977499,2.6666666666666665,0.2013984166666667,-0.0230352499999999,0.1562201122448979,0.2262620998730001,3.857142857142857,0.2241352040816326,0.0559168333333333,0.0996400085034013,0.1473301960914578,3.5,0.1364335544217687,0.202741,0.0918809753571428,0.1562996541732354,3.6333333333333337,0.1413831653968253,0.13524025,50.0,-0.0859765,0.0374364477513227,0.3789718551921483,-0.2088737307873864,5.545051307514066,0.3087554999999999,0.0,0.0,0.0,0.0,0.0,0.0,0.0,0.0,0.0,0.0,0.0,0.0,0.0,0.0,0.0,0.0,0.0,0.0,0.0,0.0,0.0,0.0,0.0,0.0,0.0,0.0,0.0,0.0,0.0,0.0,0.0,0.0,0.0,0.0,0.0,0.0,0.0,0.0,0.0,0.0,0.0,0.0,0.0,0.0,0.0,0.01372131934875,0.054885277395,0.13879125,4
2024-03-25,0.0283266666666666,0.0330638679275933,3,-0.005768,0.060253,0.029568,0.088704,0.18157,0.0552210371054365,3,3,neutral,-0.0705363333333333,0.2156994126224699,0.00083756288,0.0474315555555555,0.0951248254319621,3.0,0.07581925,-0.2117758333333333,0.1443182789115646,0.2237130880033382,3.7142857142857144,0.1953767040816326,-0.0833128333333333,0.0983430561224489,0.1436335994167833,3.5,0.1363957210884353,-0.0181573333333333,0.0868561309126984,0.1518983760930339,3.7,0.141245332063492,-0.1507453333333333,50.0,0.0669593333333333,0.0469747996031746,0.3771336487581872,-0.2075895576867586,-0.7134755503407072,-0.1542943333333333,0.0,0.0,0.0,0.0,0.0,0.0,0.0,0.0,0.0,0.0,0.0,0.0,0.0,0.0,0.0,0.0,0.0,0.0,0.0,0.0,0.0,0.0,0.0,0.0,0.0,0.0,0.0,0.0,0.0,0.0,0.0,0.0,0.0,0.0,0.0,0.0,0.0,0.0,0.0,0.0,0.0,0.0,0.0,0.0,0.0,0.00083756288,0.00251268864,0.029568,3
2024-03-26,0.147025,0.3362465592552584,3,-0.090669,0.531744,0.2906183333333333,0.871855,0.2158156666666666,0.1210989494187845,3,3,neutral,0.1186983333333333,0.2440092423152202,0.0427281604583333,0.0914048888888888,0.1406659067181235,3.3333333333333335,0.1529925277777778,0.1319199999999999,0.1194953860544217,0.2345924816549303,3.5714285714285716,0.1814479659863945,-0.17376025,0.1034515561224489,0.1672978594320745,3.5714285714285716,0.1545667448979592,0.0715189999999999,0.0853510309126984,0.1462926972927198,3.7333333333333334,0.1362901431746031,-0.045153,50.0,0.1530045,0.0682724847883597,0.3920285770696782,-0.2202475734982497,4.190338903271358,0.1892346666666666,0.0,0.0,0.0,0.0,0.0,0.0,0.0,0.0,0.0,0.0,0.0,0.0,0.0,0.0,0.0,0.0,0.0,0.0,0.0,0.0,0.0,0.0,0.0,0.0,0.0,0.0,0.0,0.0,0.0,0.0,0.0,0.0,0.0,0.0,0.0,0.0,0.0,0.0,0.0,0.0,0.0,0.0,0.0,0.0,0.0,0.0427281604583333,0.128184481375,0.2906183333333333,3
2024-03-27,0.1423749285714285,0.1541133057423682,14,-0.074478,0.45396,0.3164212142857143,4.429897,0.1955855714285714,0.0718837018071169,6,14,neutral,-0.0046500714285714,0.1551468682587026,0.0450504477824132,0.105908865079365,0.17447457764174,6.666666666666667,0.2122025158730159,0.0435119285714285,0.1133850493197279,0.2241224183014251,4.571428571428571,0.2042569353741496,-0.0427723571428571,0.1087162891156462,0.1716905403696434,4.357142857142857,0.173925831632653,0.0737062619047619,0.0875615340873015,0.1461983697839592,4.0,0.1413655780952381,0.0663150952380952,50.0,0.0728944999999999,0.0874367962962963,0.3966727996991415,-0.22021410327057,-0.0316277600991083,-0.1233484047619047,0.0,0.0,0.0,0.0,0.0,0.0,0.0,0.0,0.0,0.0,0.0,0.0,0.0,0.0,0.0,0.0,0.0,0.0,0.0,0.0,0.0,0.0,0.0,0.0,0.0,0.0,0.0,0.0,0.0,0.0,0.0,0.0,0.0,0.0,0.0,0.0,0.0,0.0,0.0,0.0,0.0,0.0,0.0,0.0,0.0,0.0450504477824132,0.6307062689537857,0.3164212142857143,6
2024-03-28,0.0613303076923076,0.1723003013855869,13,-0.125654,0.51972,0.1020451538461538,1.326587,0.1371402307692307,0.1372674595568531,7,13,neutral,-0.0810446208791209,0.1496822654564651,0.0062584606838934,0.1169100787545787,0.2208867221277378,10.0,0.2363615671550671,0.033003641025641,0.1047324861329147,0.2209228312434366,5.857142857142857,0.1918354216378859,-0.0605679423076923,0.1141673110936682,0.1770574516969822,5.142857142857143,0.1780918783359497,0.0763143076923077,0.0899548943437118,0.1488650821692027,4.366666666666666,0.1416774665567765,0.0718008076923076,50.0,0.0708247499999999,0.0655838796296296,0.4006533759613768,-0.2295631237635746,-0.5692337948282891,-0.0763945494505494,0.0,0.0,0.0,0.0,0.0,0.0,0.0,0.0,0.0,0.0,0.0,0.0,0.0,0.0,0.0,0.0,0.0,0.0,0.0,0.0,0.0,0.0,0.0,0.0,0.0,0.0,0.0,0.0,0.0,0.0,0.0,0.0,0.0,0.0,0.0,0.0,0.0,0.0,0.0,0.0,0.0,0.0,0.0,0.0,0.0,0.0062584606838934,0.0813599888906153,0.1020451538461538,7
2024-03-29,0.0505,0.1025304832720494,2,-0.022,0.123,0.0531415,0.106283,0.128997,0.1144763452334149,2,2,neutral,-0.0108303076923076,0.1596509035165712,0.00268364575,0.0847350787545787,0.1429813634666681,9.666666666666666,0.1572026227106227,-0.0965249999999999,0.0776464147043432,0.1500807322787356,5.857142857142857,0.1413834216378859,-0.1896025,0.1114630610936682,0.1813954715116572,5.0,0.1763715569073783,-0.0378595,0.0871172943437118,0.1472673373796457,4.4,0.1414757165567765,-0.085128,50.0,0.0393829333333333,0.0867810944444444,0.3871769261371396,-0.2151130239393374,-0.1765898150494045,0.0702143131868132,0.0,0.0,0.0,0.0,0.0,0.0,0.0,0.0,0.0,0.0,0.0,0.0,0.0,0.0,0.0,0.0,0.0,0.0,0.0,0.0,0.0,0.0,0.0,0.0,0.0,0.0,0.0,0.0,0.0,0.0,0.0,0.0,0.0,0.0,0.0,0.0,0.0,0.0,0.0,0.0,0.0,0.0,0.0,0.0,0.0,0.00268364575,0.0053672915,0.0531415,2
2024-03-31,0.027785,0.0,1,0.027785,0.027785,0.049629,0.049629,0.21937,0.0,1,1,neutral,-0.022715,0.1912976624138157,0.001378941765,0.0465384358974358,0.1374153923288181,5.333333333333333,0.0682718846153846,-0.1145899285714285,0.0794578432757718,0.1418236350923958,5.714285714285714,0.1400306359236002,0.0126799999999999,0.1138449182365253,0.1953463584644388,4.928571428571429,0.1782995211930926,0.033346,0.0834427776770451,0.1452971731751118,4.3,0.1323184248901099,-0.1102354999999999,50.0,-0.0755261666666666,0.063021687037037,0.3937600761371396,-0.2085298739393374,-0.4498019801980198,-0.0118846923076923,0.0,0.0,0.0,0.0,0.0,0.0,0.0,0.0,0.0,0.0,0.0,0.0,0.0,0.0,0.0,0.0,0.0,0.0,0.0,0.0,0.0,0.0,0.0,0.0,0.0,0.0,0.0,0.0,0.0,0.0,0.0,0.0,0.0,0.0,0.0,0.0,0.0,0.0,0.0,0.0,0.0,0.0,0.0,0.0,0.0,0.001378941765,0.001378941765,0.049629,1
2024-04-01,0.521102,0.0,1,0.521102,0.521102,0.832201,0.832201,0.30086,0.0,1,1,bullish,0.4933169999999999,0.1429813634666682,0.4336616055019999,0.1997956666666666,0.1025304832720494,1.3333333333333333,0.3116571666666667,0.4597716923076922,0.1397777004186289,0.1596509035165712,5.285714285714286,0.2390891716378859,0.4222389999999999,0.1479989063317635,0.1985074347244881,4.571428571428571,0.2316121878597593,0.4781558333333333,0.0954377110103785,0.1424266632609898,4.166666666666667,0.1534193715567765,0.3598479999999999,50.0,-0.28691825,-0.0017532296296296,0.4247972279311487,-0.1921052257333466,17.75479575310419,0.5160319999999999,0.0,0.0,0.0,0.0,0.0,0.0,0.0,0.0,0.0,0.0,0.0,0.0,0.0,0.0,0.0,0.0,0.0,0.0,0.0,0.0,0.0,0.0,0.0,0.0,0.0,0.0,0.0,0.0,0.0,0.0,0.0,0.0,0.0,0.0,0.0,0.0,0.0,0.0,0.0,0.0,0.0,0.0,0.0,0.0,0.0,0.4336616055019999,0.4336616055019999,0.832201,1
2024-04-02,0.0013024999999999,0.0677938626462602,2,-0.046635,0.04924,0.0455365,0.091073,0.0049425,0.0172286567236102,2,2,neutral,-0.5197995,0.1142082157679655,5.931129124999991e-05,0.1833964999999999,0.0677938626462602,1.3333333333333333,0.3091221666666667,-0.0491975,0.1359171051805337,0.1665969024603046,5.142857142857143,0.2413703859236002,-0.0270241666666666,0.1401176920460492,0.1999146773604075,4.428571428571429,0.2183735450026164,-0.110337,0.0933056693437118,0.1414510773525058,4.1,0.1518319298901098,-0.06396125,50.0,-0.0604914107142856,-0.0117607011904762,0.4280700466650464,-0.2027983944672442,-0.997500489347575,-1.0131165,0.0,0.0,0.0,0.0,0.0,0.0,0.0,0.0,0.0,0.0,0.0,0.0,0.0,0.0,0.0,0.0,0.0,0.0,0.0,0.0,0.0,0.0,0.0,0.0,0.0,0.0,0.0,0.0,0.0,0.0,0.0,0.0,0.0,0.0,0.0,0.0,0.0,0.0,0.0,0.0,0.0,0.0,0.0,0.0,0.0,5.931129124999991e-05,0.0001186225824999,0.0455365,2
2024-04-03,0.0184,0.0684493506324201,2,-0.030001,0.066801,0.050021,0.100042,0.0410395,0.0201122381772889,2,2,neutral,0.0170975,0.0795912321835766,0.0009203864,0.1802681666666666,0.0681216066393402,1.6666666666666667,0.3092528333333333,-0.009385,0.1175421051805337,0.1130374607357369,5.0,0.2069993383045525,-0.128625,0.1185187456174777,0.1839445562719331,4.285714285714286,0.1942236521454736,-0.30238525,0.0911746993437118,0.1391344395083298,3.8333333333333335,0.1465061798901099,-0.0639291,50.0,-0.0263002499999999,-0.0051300067460317,0.4228714553334928,-0.2026266698023572,13.126679462571998,0.536897,0.0,0.0,0.0,0.0,0.0,0.0,0.0,0.0,0.0,0.0,0.0,0.0,0.0,0.0,0.0,0.0,0.0,0.0,0.0,0.0,0.0,0.0,0.0,0.0,0.0,0.0,0.0,0.0,0.0,0.0,0.0,0.0,0.0,0.0,0.0,0.0,0.0,0.0,0.0,0.0,0.0,0.0,0.0,0.0,0.0,0.0009203864,0.0018407728,0.050021,2
2024-04-04,0.0641709999999999,0.1822699970867394,6,-0.188781,0.264868,0.2700036666666667,1.620022,0.0789205,0.1467241353216982,4,6,neutral,0.0457709999999999,0.1061710701218066,0.0173264052936666,0.0279578333333332,0.1061710701218066,3.3333333333333335,0.1218537222222222,-0.456931,0.1063701153846153,0.1186687990046112,3.857142857142857,0.2003682600732601,-0.0782039285714285,0.1098775823521716,0.180183410261086,4.214285714285714,0.2023125977237048,-0.1209762857142857,0.0921099548992674,0.1447790467167061,3.933333333333333,0.1509296910012209,0.0280576666666666,50.0,-0.12508775,-0.0264685715608465,0.4362854780317035,-0.2081251925005679,2.4875543478260864,0.0286734999999999,0.0,0.0,0.0,0.0,0.0,0.0,0.0,0.0,0.0,0.0,0.0,0.0,0.0,0.0,0.0,0.0,0.0,0.0,0.0,0.0,0.0,0.0,0.0,0.0,0.0,0.0,0.0,0.0,0.0,0.0,0.0,0.0,0.0,0.0,0.0,0.0,0.0,0.0,0.0,0.0,0.0,0.0,0.0,0.0,0.0,0.0173264052936666,0.103958431762,0.2700036666666667,4
2024-04-05,0.115397,0.0509044114067402,4,0.048148,0.167621,0.1979705,0.791882,0.12690825,0.1580464259901185,4,4,neutral,0.051226,0.09235440544304,0.0228452017885,0.0659893333333332,0.1005412530419666,4.0,0.1726650555555556,0.1140945,0.1140939285714285,0.0943896210088419,2.5714285714285716,0.2140718809523809,0.0540666923076923,0.1094132073521716,0.1682006603123554,4.214285714285714,0.2029536512951334,-0.00650125,0.094827621565934,0.1448905000755894,4.0,0.1565867743345543,0.0815299999999999,50.0,0.0256584999999999,-0.0406181271164021,0.4386491536472745,-0.207785118116139,0.79827336335728,0.005455,0.0,0.0,0.0,0.0,0.0,0.0,0.0,0.0,0.0,0.0,0.0,0.0,0.0,0.0,0.0,0.0,0.0,0.0,0.0,0.0,0.0,0.0,0.0,0.0,0.0,0.0,0.0,0.0,0.0,0.0,0.0,0.0,0.0,0.0,0.0,0.0,0.0,0.0,0.0,0.0,0.0,0.0,0.0,0.0,0.0,0.0228452017885,0.091380807154,0.1979705,4
2024-04-07,0.2696286666666667,0.2311104040936568,3,0.060849,0.517964,0.3705263333333333,1.111579,0.2424036666666666,0.1375926066376145,3,3,bullish,0.1542316666666666,0.1201056051731634,0.0999045212215555,0.1497322222222221,0.1547616041957121,4.333333333333333,0.2795001666666667,0.2512286666666666,0.1453980238095238,0.1201056051731634,2.7142857142857144,0.2594125714285714,0.2191286666666667,0.1115222192569335,0.1375910959847472,4.285714285714286,0.2003979965332286,0.0295261666666666,0.0996600479548229,0.1458438456097585,3.8333333333333335,0.1603537187789988,0.1449727916666666,50.0,-0.2027409999999999,-0.0712442937830687,0.4780837995326257,-0.2197007973348235,1.336530990118172,0.1030056666666666,0.0,0.0,0.0,0.0,0.0,0.0,0.0,0.0,0.0,0.0,0.0,0.0,0.0,0.0,0.0,0.0,0.0,0.0,0.0,0.0,0.0,0.0,0.0,0.0,0.0,0.0,0.0,0.0,0.0,0.0,0.0,0.0,0.0,0.0,0.0,0.0,0.0,0.0,0.0,0.0,0.0,0.0,0.0,0.0,0.0,0.0999045212215555,0.2997135636646666,0.3705263333333333,3
2024-04-08,0.196308,0.1250321559319842,3,0.093899,0.335645,0.3550549999999999,1.065165,0.2361963333333333,0.0537773175356797,3,3,bullish,-0.0733206666666666,0.1315532638303081,0.0697001369399999,0.1937778888888888,0.1356823238107937,3.3333333333333335,0.307850611111111,0.132137,0.169472738095238,0.1209266969663001,3.0,0.3030448571428571,0.168523,0.1244652906855049,0.131375166029348,4.357142857142857,0.2215377465332287,0.181203,0.1030170479548229,0.1455779168726506,3.7666666666666666,0.1678279987789988,0.10071,50.0,0.0181573333333333,-0.0770962289682539,0.482153970375752,-0.2084347848446164,-0.2719320151418123,-0.2275523333333333,0.0,0.0,0.0,0.0,0.0,0.0,0.0,0.0,0.0,0.0,0.0,0.0,0.0,0.0,0.0,0.0,0.0,0.0,0.0,0.0,0.0,0.0,0.0,0.0,0.0,0.0,0.0,0.0,0.0,0.0,0.0,0.0,0.0,0.0,0.0,0.0,0.0,0.0,0.0,0.0,0.0,0.0,0.0,0.0,0.0,0.0697001369399999,0.2091004108199999,0.3550549999999999,3
2024-04-09,0.0266576,0.0475416054188328,5,-0.032387,0.090008,0.149184,0.74592,0.130712,0.1848213486072429,4,5,neutral,-0.1696504,0.1273717147875907,0.0039768873984,0.1641980888888888,0.1345613884814913,3.6666666666666665,0.2915884444444445,-0.0887394,0.0988378238095238,0.1104431124595191,3.5714285714285716,0.205471,-0.4944443999999999,0.1193077621140764,0.1309463587332908,4.428571428571429,0.2222800858189429,-0.0722054,0.1000718096214896,0.1433022460808223,3.8,0.1704321821123321,-0.08835715,50.0,-0.0715189999999999,-0.089418666005291,0.4775309480872639,-0.2123099525561283,-0.8642052285184506,-0.0963297333333333,0.0,0.0,0.0,0.0,0.0,0.0,0.0,0.0,0.0,0.0,0.0,0.0,0.0,0.0,0.0,0.0,0.0,0.0,0.0,0.0,0.0,0.0,0.0,0.0,0.0,0.0,0.0,0.0,0.0,0.0,0.0,0.0,0.0,0.0,0.0,0.0,0.0,0.0,0.0,0.0,0.0,0.0,0.0,0.0,0.0,0.0039768873984,0.019884436992,0.149184,4
2024-04-10,0.14267025,0.1402492861024611,4,0.025152,0.308012,0.186063,0.744252,0.15350875,0.0705819528792594,3,4,neutral,0.11601265,0.118967572590735,0.02654565472575,0.1218786166666666,0.1042743491510927,4.0,0.2301006666666667,-0.1269584166666666,0.1190332166666666,0.1207938872389764,3.857142857142857,0.2255462142857142,0.14136775,0.1274751609236002,0.1398784769145298,4.5,0.2334583001046572,0.1143435833333333,0.1034687012881562,0.1397862346734208,3.8666666666666663,0.1750491654456654,0.10190675,50.0,-0.0737062619047619,-0.0892164543650793,0.4553094739104136,-0.207899978379278,4.351954039373386,0.28566305,0.0,0.0,0.0,0.0,0.0,0.0,0.0,0.0,0.0,0.0,0.0,0.0,0.0,0.0,0.0,0.0,0.0,0.0,0.0,0.0,0.0,0.0,0.0,0.0,0.0,0.0,0.0,0.0,0.0,0.0,0.0,0.0,0.0,0.0,0.0,0.0,0.0,0.0,0.0,0.0,0.0,0.0,0.0,0.0,0.0,0.02654565472575,0.106182618903,0.186063,3
2024-04-12,0.1664985,0.2354644368147767,2,0.0,0.332997,0.3843379999999999,0.7686759999999999,-0.0100214999999999,0.2437913262700295,2,2,bullish,0.0238282499999999,0.1558795776723423,0.0639917004929999,0.1119421166666666,0.1410851094453569,3.6666666666666665,0.2398616666666667,-0.0298095,0.1401901452380952,0.1446531852650273,3.857142857142857,0.2733057857142857,0.1480985,0.1288661252093144,0.1314799667111564,4.428571428571429,0.2401525620094191,0.0194735,0.1124812512881563,0.1432033133213263,3.9,0.1864130654456654,0.2703765,50.0,-0.0763143076923076,-0.0658160163308913,0.4552726665800184,-0.2097280496203114,0.1670162490077644,-0.0921844,0.0,0.0,0.0,0.0,0.0,0.0,0.0,0.0,0.0,0.0,0.0,0.0,0.0,0.0,0.0,0.0,0.0,0.0,0.0,0.0,0.0,0.0,0.0,0.0,0.0,0.0,0.0,0.0,0.0,0.0,0.0,0.0,0.0,0.0,0.0,0.0,0.0,0.0,0.0,0.0,0.0,0.0,0.0,0.0,0.0,0.0639917004929999,0.1279834009859999,0.3843379999999999,2
2024-04-16,0.2528335,0.227114919942526,2,0.092239,0.413428,0.162446,0.324892,0.35879,0.1308840509840675,2,2,bullish,0.086335,0.1550804808421161,0.041071790741,0.1873340833333332,0.2009428809532546,2.6666666666666665,0.2442823333333333,0.2261758999999999,0.1671419309523809,0.151059602815854,3.2857142857142856,0.2579404047619047,0.1886625,0.1367560231684981,0.1375634345611695,3.5714285714285716,0.2291543324175824,0.1104585714285714,0.1193595679548229,0.1482854096988081,3.8666666666666663,0.1908246765567765,0.2063495,50.0,0.0378595,-0.0548881373626373,0.4654213745412427,-0.2067832325815358,0.5185331999987988,0.06250675,0.0,0.0,0.0,0.0,0.0,0.0,0.0,0.0,0.0,0.0,0.0,0.0,0.0,0.0,0.0,0.0,0.0,0.0,0.0,0.0,0.0,0.0,0.0,0.0,0.0,0.0,0.0,0.0,0.0,0.0,0.0,0.0,0.0,0.0,0.0,0.0,0.0,0.0,0.0,0.0,0.0,0.0,0.0,0.0,0.0,0.041071790741,0.082143581482,0.162446,2
2024-04-17,0.074716,0.1007631915598813,7,-0.12096,0.168627,0.2764211428571428,1.934948,0.1119475714285714,0.0715700491869262,2,7,neutral,-0.1781174999999999,0.1502266879676956,0.0206530821097142,0.1646826666666666,0.1877808494390613,3.6666666666666665,0.2744017142857143,-0.06795425,0.1613303595238095,0.1581822856948741,3.7142857142857144,0.2691476394557823,-0.0406809999999999,0.137712144047619,0.1316020087423607,3.142857142857143,0.2416097602040816,0.0133856923076923,0.1193332346214896,0.1517074194316188,4.033333333333333,0.198831247985348,-0.0007899999999999,50.0,-0.033346,-0.0556709984737484,0.4018562734895678,-0.1597567815298609,-0.7044853628969262,-0.2644525,0.0,0.0,0.0,0.0,0.0,0.0,0.0,0.0,0.0,0.0,0.0,0.0,0.0,0.0,0.0,0.0,0.0,0.0,0.0,0.0,0.0,0.0,0.0,0.0,0.0,0.0,0.0,0.0,0.0,0.0,0.0,0.0,0.0,0.0,0.0,0.0,0.0,0.0,0.0,0.0,0.0,0.0,0.0,0.0,0.0,0.0206530821097142,0.144571574768,0.2764211428571428,2
2024-04-18,-0.04005,0.0823179773864737,3,-0.124321,0.040165,0.0509566666666666,0.15287,0.1781783333333333,0.0585341340786154,3,3,neutral,-0.114766,0.1571819623612237,-0.0020408145,0.0958331666666666,0.136732029629627,4.0,0.1632746031746032,-0.2065485,0.11709055,0.1369262247367051,3.7142857142857144,0.2234948299319727,-0.3096786666666666,0.1312442869047619,0.129917633251896,3.2142857142857144,0.2414537006802721,-0.09055,0.115709279065934,0.1513396410305499,4.033333333333333,0.1990166702075702,-0.1087186666666666,50.0,-0.4781558333333333,-0.0949007855107855,0.3860645970439789,-0.1494806050842718,-1.536029766047433,0.0633514999999999,0.0,0.0,0.0,0.0,0.0,0.0,0.0,0.0,0.0,0.0,0.0,0.0,0.0,0.0,0.0,0.0,0.0,0.0,0.0,0.0,0.0,0.0,0.0,0.0,0.0,0.0,0.0,0.0,0.0,0.0,0.0,0.0,0.0,0.0,0.0,0.0,0.0,0.0,0.0,0.0,0.0,0.0,0.0,0.0,0.0,-0.0020408145,-0.0061224435,0.0509566666666666,3
2024-04-19,0.0,0.0,1,0.0,0.0,0.039224,0.039224,0.035644,0.0,1,1,neutral,0.04005,0.1614151314259144,0.0,0.0115553333333332,0.0915405844731775,3.6666666666666665,0.1222006031746032,-0.2528335,0.0890465499999999,0.1389085695374919,3.4285714285714284,0.1783761156462585,-0.196308,0.129259644047619,0.129917633251896,3.2142857142857144,0.2407104863945578,-0.027785,0.1162087457326007,0.1533461631871316,4.0,0.1988667868742369,0.014984,50.0,0.110337,-0.0854920632885632,0.3906742714628664,-0.1639765795031594,-1.0,0.154816,0.0,0.0,0.0,0.0,0.0,0.0,0.0,0.0,0.0,0.0,0.0,0.0,0.0,0.0,0.0,0.0,0.0,0.0,0.0,0.0,0.0,0.0,0.0,0.0,0.0,0.0,0.0,0.0,0.0,0.0,0.0,0.0,0.0,0.0,0.0,0.0,0.0,0.0,0.0,0.0,0.0,0.0,0.0,0.0,0.0,0.0,0.0,0.039224,1
2024-04-21,0.026825,0.0379362788106582,2,0.0,0.05365,0.0545275,0.109055,0.1496799999999999,0.0065025539597915,2,2,neutral,0.026825,0.1120330919248848,0.0014627001875,-0.0044083333333333,0.060127128098566,2.0,0.0482360555555556,-0.047891,0.0890704642857142,0.1373076817694628,3.0,0.1648537585034013,0.0001673999999999,0.093954144047619,0.1228421444487239,3.2857142857142856,0.1851623792517006,-0.4942769999999999,0.1141575957326007,0.1532031288517263,3.933333333333333,0.1981101702075702,-0.0615345,50.0,0.30238525,-0.0293669243996744,0.3911724129393054,-0.164624887646265,inf,-0.013225,0.0,0.0,0.0,0.0,0.0,0.0,0.0,0.0,0.0,0.0,0.0,0.0,0.0,0.0,0.0,0.0,0.0,0.0,0.0,0.0,0.0,0.0,0.0,0.0,0.0,0.0,0.0,0.0,0.0,0.0,0.0,0.0,0.0,0.0,0.0,0.0,0.0,0.0,0.0,0.0,0.0,0.0,0.0,0.0,0.0,0.0014627001875,0.002925400375,0.0545275,2
2024-04-22,0.0770565,0.0229746064275321,2,0.060811,0.093302,0.032952,0.065904,0.1843265,0.0588814887761849,2,2,neutral,0.0502315,0.0609980135461363,0.002539165788,0.0346271666666666,0.0304554426190951,1.6666666666666667,0.0422345,0.1171065,0.0796970714285714,0.1177619018236413,2.7142857142857144,0.1429807585034013,-0.06561375,0.099365144047619,0.1193945093549756,3.2857142857142856,0.1842634863945578,0.075754,0.1169115123992673,0.1540527831221721,3.933333333333333,0.1984539868742368,0.0826175,50.0,0.1209762857142857,-0.0179425963573463,0.3508184640772198,-0.1312677887841795,1.8725629077353216,0.0234064999999999,0.0,0.0,0.0,0.0,0.0,0.0,0.0,0.0,0.0,0.0,0.0,0.0,0.0,0.0,0.0,0.0,0.0,0.0,0.0,0.0,0.0,0.0,0.0,0.0,0.0,0.0,0.0,0.0,0.0,0.0,0.0,0.0,0.0,0.0,0.0,0.0,0.0,0.0,0.0,0.0,0.0,0.0,0.0,0.0,0.0,0.002539165788,0.005078331576,0.032952,2
2024-04-23,0.0966424999999999,0.0686128712779169,4,0.007427,0.173501,0.24743575,0.989743,0.14551025,0.0577542165120146,3,4,neutral,0.0195859999999999,0.0529604334756452,0.0239128094693749,0.0668413333333332,0.0431745855053691,2.6666666666666665,0.1116384166666667,0.0966424999999999,0.0697176428571428,0.089953307567498,3.0,0.123423294217687,-0.069856,0.104953894047619,0.1194070878661676,3.4285714285714284,0.1983645399659863,0.0782424999999999,0.1187013901770451,0.1507638730456562,3.8666666666666663,0.2038410563186813,0.0536963333333333,50.0,0.00650125,-0.0092736796906796,0.3384729680057718,-0.1234955355698744,0.2541771297684165,-0.0306455,0.0,0.0,0.0,0.0,0.0,0.0,0.0,0.0,0.0,0.0,0.0,0.0,0.0,0.0,0.0,0.0,0.0,0.0,0.0,0.0,0.0,0.0,0.0,0.0,0.0,0.0,0.0,0.0,0.0,0.0,0.0,0.0,0.0,0.0,0.0,0.0,0.0,0.0,0.0,0.0,0.0,0.0,0.0,0.0,0.0,0.0239128094693749,0.0956512378774999,0.24743575,3
2024-04-24,0.033175,0.0156813711454068,3,0.015351,0.04485,0.1244896666666666,0.373469,0.0653546666666666,0.1253677220513052,3,3,neutral,-0.0634674999999999,0.0363012819153785,0.0041299446916666,0.0689579999999999,0.0357562829502853,3.0,0.1349591388888889,0.00635,0.0383378571428571,0.0547143827679782,3.142857142857143,0.1180009608843537,-0.2196584999999999,0.102739894047619,0.1065925781783728,3.2142857142857144,0.1879706828231292,-0.0309959999999999,0.1160859068437118,0.1494592219393665,3.8333333333333335,0.2002947952075701,-0.0784644999999999,50.0,-0.0295261666666666,-0.0043647802197802,0.3186394461223117,-0.1064775444556451,-0.6567245259590759,-0.0830534999999999,0.0,0.0,0.0,0.0,0.0,0.0,0.0,0.0,0.0,0.0,0.0,0.0,0.0,0.0,0.0,0.0,0.0,0.0,0.0,0.0,0.0,0.0,0.0,0.0,0.0,0.0,0.0,0.0,0.0,0.0,0.0,0.0,0.0,0.0,0.0,0.0,0.0,0.0,0.0,0.0,0.0,0.0,0.0,0.0,0.0,0.0041299446916666,0.012389834075,0.1244896666666666,3
2024-04-25,0.1558757333333333,0.1494834412857761,15,-0.004593,0.428018,0.2207915333333333,3.311873,0.2194835333333333,0.1400335081812649,6,15,bullish,0.1227007333333333,0.058937713789458,0.0344160421721244,0.0952310777777777,0.0779258945697,7.333333333333333,0.1975723166666667,0.0788192333333333,0.0499321047619047,0.0628344243889606,4.285714285714286,0.1100538738095238,0.0811597333333333,0.1056312321428571,0.1141755804767602,4.0,0.189600756632653,0.0404787333333333,0.1105889229548229,0.14536265296128,4.2,0.1947171963186813,-0.1649095166666667,50.0,-0.181203,-0.0160190793650793,0.329432110202358,-0.106732635202358,3.698590303943732,0.1861682333333333,0.0,0.0,0.0,0.0,0.0,0.0,0.0,0.0,0.0,0.0,0.0,0.0,0.0,0.0,0.0,0.0,0.0,0.0,0.0,0.0,0.0,0.0,0.0,0.0,0.0,0.0,0.0,0.0,0.0,0.0,0.0,0.0,0.0,0.0,0.0,0.0,0.0,0.0,0.0,0.0,0.0,0.0,0.0,0.0,0.0,0.0344160421721244,0.5162406325818666,0.2207915333333333,6
2024-04-26,0.0802455,0.0783170257638784,2,0.024867,0.135624,0.071557,0.143114,0.2115205,0.0747956339935694,2,2,neutral,-0.0756302333333333,0.0670138631801021,0.0057421272435,0.089765411111111,0.0811606127316871,6.666666666666667,0.1389460666666666,-0.0163969999999999,0.0671171761904761,0.0621675991185281,4.142857142857143,0.1129967785714285,0.1202955,0.0921038630952381,0.1024222436821618,3.928571428571429,0.1682458042517007,-0.1893831666666666,0.1070921967643467,0.1398409224630198,4.033333333333333,0.1918771486996337,-0.1049017857142857,50.0,0.0722054,-0.0122028682539682,0.3286413395815468,-0.1006958145815468,-0.4851956857941539,-0.1983309666666666,0.0,0.0,0.0,0.0,0.0,0.0,0.0,0.0,0.0,0.0,0.0,0.0,0.0,0.0,0.0,0.0,0.0,0.0,0.0,0.0,0.0,0.0,0.0,0.0,0.0,0.0,0.0,0.0,0.0,0.0,0.0,0.0,0.0,0.0,0.0,0.0,0.0,0.0,0.0,0.0,0.0,0.0,0.0,0.0,0.0,0.0057421272435,0.011484254487,0.071557,2
2024-04-29,0.046167,0.0,1,0.046167,0.046167,0.015111,0.015111,0.081649,0.0,1,1,neutral,-0.0340785,0.0780236773682446,0.000697629537,0.0940960777777777,0.1139002335248273,6.0,0.1024865111111111,0.0129919999999999,0.0737124619047619,0.0621675991185281,4.142857142857143,0.1095520642857142,0.046167,0.0813795059523809,0.10053808432801,3.7857142857142856,0.1439640899659864,-0.150141,0.1045678217643467,0.1377310575273087,3.933333333333333,0.1860809903663003,-0.07573125,50.0,-0.1143435833333333,-0.0212025997354497,0.3048945895815469,-0.1244425645815468,-0.4246780193281866,0.0415517333333333,0.0,0.0,0.0,0.0,0.0,0.0,0.0,0.0,0.0,0.0,0.0,0.0,0.0,0.0,0.0,0.0,0.0,0.0,0.0,0.0,0.0,0.0,0.0,0.0,0.0,0.0,0.0,0.0,0.0,0.0,0.0,0.0,0.0,0.0,0.0,0.0,0.0,0.0,0.0,0.0,0.0,0.0,0.0,0.0,0.0,0.000697629537,0.000697629537,0.015111,1
2024-04-30,0.0896705,0.1531989736486508,4,-0.128142,0.212727,0.16872575,0.674903,0.20476125,0.1599619139115621,3,4,neutral,0.0435035,0.099170202960928,0.015129722365375,0.0720276666666666,0.1157579997062646,2.3333333333333335,0.08513125,-0.0662052333333333,0.0826903904761904,0.0813780482581935,4.428571428571429,0.1258661,0.0628455,0.0858804273809523,0.1093428650138282,3.7142857142857144,0.1453599292517007,0.0630129,0.0995534217643467,0.1206069728205277,4.0,0.1781616653663003,-0.150432,50.0,-0.0194735,0.0297621039682539,0.3188024463595902,-0.1295136213595902,0.9423072757597416,0.077582,0.0,0.0,0.0,0.0,0.0,0.0,0.0,0.0,0.0,0.0,0.0,0.0,0.0,0.0,0.0,0.0,0.0,0.0,0.0,0.0,0.0,0.0,0.0,0.0,0.0,0.0,0.0,0.0,0.0,0.0,0.0,0.0,0.0,0.0,0.0,0.0,0.0,0.0,0.0,0.0,0.0,0.0,0.0,0.0,0.0,0.015129722365375,0.0605188894615,0.16872575,3
2024-05-01,0.119679,0.0,1,0.119679,0.119679,0.031822,0.031822,0.160038,0.0,1,1,neutral,0.0300084999999999,0.1269998135661018,0.003808425138,0.0851721666666666,0.1531989736486508,2.0,0.07188625,0.0394334999999999,0.088779319047619,0.0930587366243258,4.285714285714286,0.1257046714285714,0.0426224999999999,0.0842381952380952,0.106533190369407,3.5,0.1343427149659864,-0.02299125,0.1030392217643467,0.1174463191174779,3.966666666666667,0.1772524486996337,0.1045739999999999,50.0,-0.1104585714285714,0.0052292626984126,0.3289992982769285,-0.1295825732769285,0.3346529795194628,-0.013495,0.0,0.0,0.0,0.0,0.0,0.0,0.0,0.0,0.0,0.0,0.0,0.0,0.0,0.0,0.0,0.0,0.0,0.0,0.0,0.0,0.0,0.0,0.0,0.0,0.0,0.0,0.0,0.0,0.0,0.0,0.0,0.0,0.0,0.0,0.0,0.0,0.0,0.0,0.0,0.0,0.0,0.0,0.0,0.0,0.0,0.003808425138,0.003808425138,0.031822,1
2024-05-02,0.039598,0.0899575505284404,14,-0.106597,0.253054,0.1192815714285714,1.669942,0.0981915,0.0961580084282355,7,14,neutral,-0.0800809999999999,0.1071578499803232,0.0047233116654285,0.0829824999999999,0.1215782620885456,6.333333333333333,0.1066097738095238,-0.0065689999999999,0.0806301047619047,0.0973276724744305,5.714285714285714,0.107396931632653,-0.0570444999999999,0.0751738738095238,0.0933052916161037,4.357142857142857,0.11541011292517,-0.1269005,0.1010637217643467,0.1189371294197547,4.3,0.176602126080586,-0.059265,50.0,-0.0133856923076923,-0.0298563975579975,0.3169103604465403,-0.1199509354465403,-0.6691315936797599,-0.1100894999999999,0.0,0.0,0.0,0.0,0.0,0.0,0.0,0.0,0.0,0.0,0.0,0.0,0.0,0.0,0.0,0.0,0.0,0.0,0.0,0.0,0.0,0.0,0.0,0.0,0.0,0.0,0.0,0.0,0.0,0.0,0.0,0.0,0.0,0.0,0.0,0.0,0.0,0.0,0.0,0.0,0.0,0.0,0.0,0.0,0.0,0.0047233116654285,0.066126363316,0.1192815714285714,7
2024-05-03,-0.0649535,0.0918581206236008,2,-0.129907,0.0,0.1203974999999999,0.2407949999999999,0.0914914999999999,0.092234301431192,2,2,neutral,-0.1045514999999999,0.1116715482668973,-0.00782023901625,0.0314411666666666,0.0909078355760206,5.666666666666667,0.0905003571428571,-0.1546239999999999,0.0666117476190476,0.1125630223700693,5.571428571428571,0.1068123363945578,-0.0981285,0.0524748023809523,0.0810092189507469,4.357142857142857,0.1124066486394557,-0.317787,0.0979543828754578,0.121288899527595,4.266666666666667,0.1796297760805861,-0.0932801666666666,50.0,0.09055,-0.0332370959706959,0.3127109188838181,-0.133786543883818,-2.6403227435729075,-0.0244705,0.0,0.0,0.0,0.0,0.0,0.0,0.0,0.0,0.0,0.0,0.0,0.0,0.0,0.0,0.0,0.0,0.0,0.0,0.0,0.0,0.0,0.0,0.0,0.0,0.0,0.0,0.0,0.0,0.0,0.0,0.0,0.0,0.0,0.0,0.0,0.0,0.0,0.0,0.0,0.0,0.0,0.0,0.0,0.0,0.0,-0.00782023901625,-0.0156404780325,0.1203974999999999,2
2024-05-06,0.06102,0.0692384818002243,2,0.012061,0.109979,0.024648,0.049296,0.0578239999999999,0.2016286702282193,2,2,neutral,0.1259735,0.1010632816502291,0.0015040209599999,0.0118881666666666,0.0836847176507552,6.0,0.0881090238095238,-0.0586589999999999,0.0530609285714285,0.0965140304729589,3.7142857142857144,0.078791831632653,-0.0948557333333333,0.0514965166666666,0.0781433362453235,4.0,0.0944228527210884,-0.013696,0.0950875495421245,0.1106085764293937,4.233333333333333,0.1707640983028083,-0.086005,50.0,0.0277849999999999,-0.0308722348595848,0.2832367299865515,-0.1251732216532182,-1.939441292617026,0.2305249999999999,0.0,0.0,0.0,0.0,0.0,0.0,0.0,0.0,0.0,0.0,0.0,0.0,0.0,0.0,0.0,0.0,0.0,0.0,0.0,0.0,0.0,0.0,0.0,0.0,0.0,0.0,0.0,0.0,0.0,0.0,0.0,0.0,0.0,0.0,0.0,0.0,0.0,0.0,0.0,0.0,0.0,0.0,0.0,0.0,0.0,0.0015040209599999,0.0030080419199999,0.024648,2
2024-05-07,0.0455482,0.0634987124058433,5,0.0,0.14606,0.1069916,0.534958,0.1352654,0.0537863836096088,3,5,neutral,-0.0154718,0.0786382163395272,0.00487327479512,0.0138715666666666,0.0748651049432228,3.0,0.0840123666666667,0.0059501999999999,0.0481041714285714,0.0935503678013519,4.142857142857143,0.0838539173469387,-0.0346973,0.0576106738095238,0.0764324939743571,4.142857142857143,0.0984253479591836,0.0855982,0.0918599919230769,0.1069839926959327,3.933333333333333,0.1637831111599511,-0.0968267285714285,50.0,0.4942769999999999,0.0273281169922669,0.2684595113364173,-0.125471983003084,-0.2535529334644378,-0.1414453,0.0,0.0,0.0,0.0,0.0,0.0,0.0,0.0,0.0,0.0,0.0,0.0,0.0,0.0,0.0,0.0,0.0,0.0,0.0,0.0,0.0,0.0,0.0,0.0,0.0,0.0,0.0,0.0,0.0,0.0,0.0,0.0,0.0,0.0,0.0,0.0,0.0,0.0,0.0,0.0,0.0,0.0,0.0,0.0,0.0,0.00487327479512,0.0243663739756,0.1069916,3
2024-05-08,0.070673,0.1390040500221897,8,-0.127157,0.303706,0.19446575,1.555726,0.150336875,0.1036914022216713,5,8,neutral,0.0251248,0.0907113830760597,0.01374347794975,0.0590803999999999,0.0905804147427524,5.0,0.1087017833333333,0.1356264999999999,0.0516050285714285,0.1011259815048249,5.142857142857143,0.1094760244897959,0.024506,0.0626587452380952,0.0816467903116765,4.642857142857143,0.1095140443877551,0.070673,0.0921714149999999,0.1056521426413968,3.7666666666666666,0.1668637976984127,0.0093426923076923,50.0,-0.075754,0.0390446725478225,0.2814205689368122,-0.1340315006034789,0.5516090646831269,0.0405966,0.0,0.0,0.0,0.0,0.0,0.0,0.0,0.0,0.0,0.0,0.0,0.0,0.0,0.0,0.0,0.0,0.0,0.0,0.0,0.0,0.0,0.0,0.0,0.0,0.0,0.0,0.0,0.0,0.0,0.0,0.0,0.0,0.0,0.0,0.0,0.0,0.0,0.0,0.0,0.0,0.0,0.0,0.0,0.0,0.0,0.01374347794975,0.109947823598,0.19446575,5
2024-05-09,0.1582656,0.1311915543081947,5,0.062189,0.387512,0.2256356,1.128178,0.1845418,0.0312972685501466,3,5,bullish,0.0875926,0.0989581838320105,0.03571035361536,0.0914955999999999,0.1112314389120759,6.0,0.17569765,0.0972456,0.0614043285714285,0.0974580782814155,5.285714285714286,0.1176060030612244,0.0685951,0.0720473595238095,0.0894180632698045,4.857142857142857,0.1217360515306122,0.1314406,0.0957636016666666,0.1067985854828426,3.8666666666666663,0.172613601031746,0.1077656,50.0,-0.0782424999999999,0.0223282392144892,0.2811347209316044,-0.1321861175982711,1.2394068456128933,0.0624678,0.0,0.0,0.0,0.0,0.0,0.0,0.0,0.0,0.0,0.0,0.0,0.0,0.0,0.0,0.0,0.0,0.0,0.0,0.0,0.0,0.0,0.0,0.0,0.0,0.0,0.0,0.0,0.0,0.0,0.0,0.0,0.0,0.0,0.0,0.0,0.0,0.0,0.0,0.0,0.0,0.0,0.0,0.0,0.0,0.0,0.03571035361536,0.1785517680768,0.2256356,3
2024-05-10,0.1494608636363636,0.1523082435480588,22,-0.122789,0.458566,0.332232409090909,7.309113,0.1680476818181818,0.1283115327475936,10,22,neutral,-0.0088047363636363,0.1110482084169021,0.0496557427907169,0.1261331545454544,0.140834615959481,11.666666666666666,0.2507779196969698,0.1039126636363636,0.0656588805194805,0.1052938161766503,8.285714285714286,0.1605217757884972,0.0297818636363636,0.0772190997835497,0.1001958663631818,6.285714285714286,0.1431132236085343,0.0724043636363636,0.0998194637878787,0.1085489569468894,4.566666666666666,0.1820337146681096,0.1216758636363636,50.0,0.0309959999999999,0.0384770818070817,0.2704997575526322,-0.1232549178556625,-0.055632660310493,-0.0963973363636363,0.0,0.0,0.0,0.0,0.0,0.0,0.0,0.0,0.0,0.0,0.0,0.0,0.0,0.0,0.0,0.0,0.0,0.0,0.0,0.0,0.0,0.0,0.0,0.0,0.0,0.0,0.0,0.0,0.0,0.0,0.0,0.0,0.0,0.0,0.0,0.0,0.0,0.0,0.0,0.0,0.0,0.0,0.0,0.0,0.0,0.0496557427907169,1.0924263413957724,0.332232409090909,10
2024-05-12,-0.016372,0.0,1,-0.016372,-0.016372,0.082111,0.082111,0.002424,0.0,1,1,neutral,-0.1658328636363636,0.1215006400710716,-0.001344321292,0.0971181545454544,0.1417498989281267,9.333333333333334,0.2133263363636364,-0.087045,0.0576631662337662,0.1078498604513519,6.428571428571429,0.1552116941558441,-0.05597,0.0691466354978354,0.1030670477345695,6.071428571428571,0.1313043128942486,-0.1130144999999999,0.0819036637878787,0.1085489569468894,4.566666666666666,0.1570307146681096,-0.537474,50.0,-0.0404787333333333,0.0361431669922669,0.2409549511663257,-0.120630661469356,-1.1095403813524916,-0.1570281272727272,0.0,0.0,0.0,0.0,0.0,0.0,0.0,0.0,0.0,0.0,0.0,0.0,0.0,0.0,0.0,0.0,0.0,0.0,0.0,0.0,0.0,0.0,0.0,0.0,0.0,0.0,0.0,0.0,0.0,0.0,0.0,0.0,0.0,0.0,0.0,0.0,0.0,0.0,0.0,0.0,0.0,0.0,0.0,0.0,0.0,-0.001344321292,-0.001344321292,0.082111,1
2024-05-13,0.0940855,0.1033720978033687,14,-0.101414,0.240343,0.2684522857142857,3.758332,0.1082919999999999,0.0999075546908625,7,14,neutral,0.1104575,0.131468986420453,0.0252574675275714,0.0757247878787878,0.1278401706757137,12.333333333333334,0.227598564935065,-0.0641801,0.0803830233766233,0.1097688566479799,8.142857142857142,0.1763623778293135,0.1590389999999999,0.0734973854978355,0.1110389319762024,6.857142857142857,0.1415873571119356,0.0609105,0.0849964304545454,0.1099173506067782,4.966666666666667,0.1644612408585858,0.092783,50.0,0.1893831666666667,0.0694589156695156,0.2422495394467616,-0.1199882997497919,-6.746732225751282,0.2762903636363636,0.0,0.0,0.0,0.0,0.0,0.0,0.0,0.0,0.0,0.0,0.0,0.0,0.0,0.0,0.0,0.0,0.0,0.0,0.0,0.0,0.0,0.0,0.0,0.0,0.0,0.0,0.0,0.0,0.0,0.0,0.0,0.0,0.0,0.0,0.0,0.0,0.0,0.0,0.0,0.0,0.0,0.0,0.0,0.0,0.0,0.0252574675275714,0.353604545386,0.2684522857142857,7
2024-05-14,0.106728,0.157184598420668,4,-0.109803,0.229277,0.2930325,1.17213,0.179909,0.1379939919151072,3,4,neutral,0.0126425,0.1360141235200725,0.03127477266,0.0614804999999999,0.1302783481120183,6.333333333333333,0.2145319285714286,-0.0427328636363636,0.0869127376623376,0.1244265427513872,8.428571428571429,0.2147030206864564,0.045708,0.0699868331168831,0.1117390371702834,6.071428571428571,0.1467474261595547,-0.0491477333333333,0.0879406971212121,0.11333024475248,5.033333333333333,0.1725616241919191,0.088328,50.0,0.150141,0.0876285481481481,0.2589467670760359,-0.1220077273790662,0.134372459093059,-0.097815,0.0,0.0,0.0,0.0,0.0,0.0,0.0,0.0,0.0,0.0,0.0,0.0,0.0,0.0,0.0,0.0,0.0,0.0,0.0,0.0,0.0,0.0,0.0,0.0,0.0,0.0,0.0,0.0,0.0,0.0,0.0,0.0,0.0,0.0,0.0,0.0,0.0,0.0,0.0,0.0,0.0,0.0,0.0,0.0,0.0,0.03127477266,0.12509909064,0.2930325,3
2024-05-15,0.1126995,0.122803022271848,6,-0.028487,0.305697,0.2246636666666666,1.347982,0.1041788333333333,0.0822112008607505,4,6,neutral,0.0059715,0.1339169905109858,0.0253194829015,0.1045043333333332,0.1277865728319615,8.0,0.2620494841269842,0.1290715,0.0965057805194805,0.1343105943957213,8.571428571428571,0.2315133159245516,0.0671513,0.0723049759740259,0.1157832186710079,6.357142857142857,0.1576836166357452,0.032454,0.0895583137878787,0.1110430534134457,5.033333333333333,0.1710502908585858,0.0485285,50.0,-0.0630129,0.0705660037037037,0.2678246125063974,-0.1196156228094277,0.0559506408814931,-0.0066709999999999,0.0,0.0,0.0,0.0,0.0,0.0,0.0,0.0,0.0,0.0,0.0,0.0,0.0,0.0,0.0,0.0,0.0,0.0,0.0,0.0,0.0,0.0,0.0,0.0,0.0,0.0,0.0,0.0,0.0,0.0,0.0,0.0,0.0,0.0,0.0,0.0,0.0,0.0,0.0,0.0,0.0,0.0,0.0,0.0,0.0,0.0253194829015,0.151916897409,0.2246636666666666,4
2024-05-16,0.2586774,0.1704881044744764,5,0.076735,0.501267,0.3050036,1.525018,0.136378,0.0711809682007768,4,5,bullish,0.1459779,0.1384619557425903,0.07889753823864,0.1593682999999999,0.1501585750556641,5.0,0.2742332555555556,0.1645919,0.1233635519480519,0.1395579368044358,8.142857142857142,0.247304437353123,0.1880044,0.0874842902597402,0.1203419591546303,6.642857142857143,0.1783902309214595,0.2125104,0.0943343271212121,0.1156424262237433,5.066666666666666,0.1746180608585858,0.1432804,50.0,0.02299125,0.0700333648148148,0.2950115649374348,-0.1236173352404651,1.295284362397349,0.1400063999999999,0.0,0.0,0.0,0.0,0.0,0.0,0.0,0.0,0.0,0.0,0.0,0.0,0.0,0.0,0.0,0.0,0.0,0.0,0.0,0.0,0.0,0.0,0.0,0.0,0.0,0.0,0.0,0.0,0.0,0.0,0.0,0.0,0.0,0.0,0.0,0.0,0.0,0.0,0.0,0.0,0.0,0.0,0.0,0.0,0.0,0.07889753823864,0.3944876911932,0.3050036,4
2024-05-17,0.08930975,0.1815981945016249,4,-0.12457,0.299097,0.306814,1.227256,0.10785125,0.0774748276167814,4,4,neutral,-0.16936765,0.1470892034943972,0.0274014816365,0.1535622166666666,0.1582964404159831,5.0,0.2788270888888889,-0.01741825,0.1135127162337662,0.1479590435033408,8.0,0.2589013516388374,-0.06895585,0.0874585224025974,0.1227085608923782,6.642857142857143,0.1882536773500309,-0.00036075,0.0883236965656565,0.1137381104702036,5.1,0.1724943164141414,-0.1803189166666667,50.0,0.1269005,0.0292137537037037,0.3142858260343869,-0.1416662713374172,-0.6547446742544962,-0.31534555,0.0,0.0,0.0,0.0,0.0,0.0,0.0,0.0,0.0,0.0,0.0,0.0,0.0,0.0,0.0,0.0,0.0,0.0,0.0,0.0,0.0,0.0,0.0,0.0,0.0,0.0,0.0,0.0,0.0,0.0,0.0,0.0,0.0,0.0,0.0,0.0,0.0,0.0,0.0,0.0,0.0,0.0,0.0,0.0,0.0,0.0274014816365,0.109605926546,0.306814,4
2024-05-18,0.0136475,0.0193004795924868,2,0.0,0.027295,0.305108,0.610216,0.1565405,0.1291792165346268,2,2,neutral,-0.0756622499999999,0.1302748798522208,0.00416396143,0.1205448833333332,0.123795592856196,3.6666666666666665,0.3056418666666667,-0.099052,0.0941108071428571,0.1257910828440788,5.142857142857143,0.2550264360544217,-0.1358133636363636,0.0798848438311688,0.1147540931000788,6.714285714285714,0.2077741059214594,-0.1060315,0.0822350132323232,0.1096715075340691,5.066666666666666,0.1708294164141414,-0.1826605,50.0,0.317787,0.0729405314814814,0.3043346181890421,-0.1400145634920725,-0.8471891366844045,0.0937054,0.0,0.0,0.0,0.0,0.0,0.0,0.0,0.0,0.0,0.0,0.0,0.0,0.0,0.0,0.0,0.0,0.0,0.0,0.0,0.0,0.0,0.0,0.0,0.0,0.0,0.0,0.0,0.0,0.0,0.0,0.0,0.0,0.0,0.0,0.0,0.0,0.0,0.0,0.0,0.0,0.0,0.0,0.0,0.0,0.0,0.00416396143,0.00832792286,0.305108,2
2024-05-19,0.226334,0.0,1,0.226334,0.226334,0.499789,0.499789,0.11988,0.0,1,1,bullish,0.2126865,0.123547450210109,0.113119243526,0.1097637499999999,0.1004493370470558,2.3333333333333335,0.3705703333333334,-0.0323433999999999,0.1287830928571428,0.1257910828440788,5.142857142857143,0.3146947217687074,0.242706,0.0932231295454545,0.1168204716477153,5.785714285714286,0.2349532079622758,0.186736,0.0888908932323232,0.1121567036186785,4.933333333333334,0.1825162497474747,0.1996764,50.0,0.013696,0.0831559203703703,0.3259183087234011,-0.1422823540264314,15.584282835684192,0.28834875,0.0,0.0,0.0,0.0,0.0,0.0,0.0,0.0,0.0,0.0,0.0,0.0,0.0,0.0,0.0,0.0,0.0,0.0,0.0,0.0,0.0,0.0,0.0,0.0,0.0,0.0,0.0,0.0,0.0,0.0,0.0,0.0,0.0,0.0,0.0,0.0,0.0,0.0,0.0,0.0,0.0,0.0,0.0,0.0,0.0,0.113119243526,0.113119243526,0.499789,1
2024-05-20,0.1063558,0.1392265216031054,5,0.013667,0.332997,0.2101359999999999,1.0506799999999998,0.1160482,0.2284856656350678,3,5,neutral,-0.1199782,0.1276533250429234,0.0223491823887999,0.1154457666666666,0.0792635005977961,2.6666666666666665,0.3383443333333333,0.01704605,0.1305359928571428,0.1317668201440349,3.857142857142857,0.3063638238095238,0.0122702999999999,0.1054595081168831,0.1207678383960074,6.0,0.2413631008194186,0.1713093,0.0876804115656565,0.1121157930387043,4.966666666666667,0.1833186830808081,-0.03631445,50.0,-0.0855982,0.0702010092592592,0.3221601970964006,-0.1434762357327643,-0.5300935785167054,-0.3326647,0.0,0.0,0.0,0.0,0.0,0.0,0.0,0.0,0.0,0.0,0.0,0.0,0.0,0.0,0.0,0.0,0.0,0.0,0.0,0.0,0.0,0.0,0.0,0.0,0.0,0.0,0.0,0.0,0.0,0.0,0.0,0.0,0.0,0.0,0.0,0.0,0.0,0.0,0.0,0.0,0.0,0.0,0.0,0.0,0.0,0.0223491823887999,0.1117459119439999,0.2101359999999999,3
2024-05-21,0.1678223636363636,0.154166057383117,11,-0.065886,0.438868,0.292842,3.221262,0.1600685454545454,0.0985668189020662,6,11,bullish,0.0614665636363636,0.1235728132700835,0.049145436612,0.1668373878787878,0.1466962894931112,5.666666666666667,0.3342556666666667,0.1541748636363636,0.1392637590909091,0.1312637299711098,4.857142857142857,0.3063366095238095,0.0610943636363636,0.1130882483766233,0.1278451363612485,6.642857142857143,0.2605198151051329,0.1068023636363636,0.0877245403535353,0.1088638578614379,5.266666666666667,0.1802688164141414,0.0013238636363636,50.0,-0.070673,0.0668460907407407,0.3360201692306237,-0.1485785215033509,0.5779333485937168,0.1814447636363636,0.0,0.0,0.0,0.0,0.0,0.0,0.0,0.0,0.0,0.0,0.0,0.0,0.0,0.0,0.0,0.0,0.0,0.0,0.0,0.0,0.0,0.0,0.0,0.0,0.0,0.0,0.0,0.0,0.0,0.0,0.0,0.0,0.0,0.0,0.0,0.0,0.0,0.0,0.0,0.0,0.0,0.0,0.0,0.0,0.0,0.049145436612,0.540599802732,0.292842,6
2024-05-22,0.0680755,0.1490323140245094,6,-0.144121,0.249713,0.2538743333333333,1.523246,0.1489345,0.1221508620268395,4,6,neutral,-0.0997468636363636,0.1154313431508047,0.0172826221788333,0.1140845545454545,0.1474749643369106,7.333333333333333,0.2522841111111111,-0.1582585,0.1328889019480519,0.1356352785965533,4.857142857142857,0.3105095619047619,-0.044624,0.1146973412337662,0.1349729364961373,6.714285714285714,0.2710114389146568,0.0225273,0.0815659403535353,0.1057405536247172,5.4,0.1833164275252525,-0.1847579999999999,50.0,-0.1314406,0.0311990055555555,0.3403959049766256,-0.1507634072493528,-0.5943597830173246,-0.1612134272727272,0.0,0.0,0.0,0.0,0.0,0.0,0.0,0.0,0.0,0.0,0.0,0.0,0.0,0.0,0.0,0.0,0.0,0.0,0.0,0.0,0.0,0.0,0.0,0.0,0.0,0.0,0.0,0.0,0.0,0.0,0.0,0.0,0.0,0.0,0.0,0.0,0.0,0.0,0.0,0.0,0.0,0.0,0.0,0.0,0.0,0.0172826221788333,0.1036957330729999,0.2538743333333333,4
2024-05-23,0.0196565,0.0433901934139501,2,-0.011025,0.050338,0.0350235,0.070047,0.078751,0.1976278600602657,2,2,neutral,-0.048419,0.1214537716061705,0.00068843942775,0.0851847878787878,0.1155295216071922,6.333333333333333,0.1939132777777777,-0.0866993,0.0987430590909091,0.1144522934197989,4.428571428571429,0.2719409761904762,-0.2390209,0.1110533055194805,0.1270051151121173,6.285714285714286,0.2596227067717996,-0.0510165,0.0797306236868686,0.10344563369888,5.233333333333333,0.1752698394300144,-0.0550595,50.0,-0.0724043636363636,0.0064717429292929,0.3239765249490137,-0.1413454272217409,-0.711254416052765,0.0513278636363636,0.0,0.0,0.0,0.0,0.0,0.0,0.0,0.0,0.0,0.0,0.0,0.0,0.0,0.0,0.0,0.0,0.0,0.0,0.0,0.0,0.0,0.0,0.0,0.0,0.0,0.0,0.0,0.0,0.0,0.0,0.0,0.0,0.0,0.0,0.0,0.0,0.0,0.0,0.0,0.0,0.0,0.0,0.0,0.0,0.0,0.00068843942775,0.0013768788555,0.0350235,2
2024-05-24,0.0052913999999999,0.0894288629962385,5,-0.11311,0.093594,0.1634196,0.817098,0.0292082,0.2265862626985581,5,5,neutral,-0.0143651,0.1150487898841841,0.0008647184714399,0.0310077999999999,0.093950456811566,4.333333333333333,0.1507724777777778,-0.1625309636363636,0.0867404376623376,0.0990907381689012,4.571428571428571,0.2514560619047619,-0.0840183499999999,0.1001265769480519,0.123524890836121,6.285714285714286,0.2551787067717996,-0.1529742,0.0812420036868687,0.1037300691232706,5.3,0.1790186038744588,0.0453414,50.0,0.1130144999999999,0.0260303429292929,0.3152680754994081,-0.1440757377721353,-0.7308066034136291,0.0340539,0.0,0.0,0.0,0.0,0.0,0.0,0.0,0.0,0.0,0.0,0.0,0.0,0.0,0.0,0.0,0.0,0.0,0.0,0.0,0.0,0.0,0.0,0.0,0.0,0.0,0.0,0.0,0.0,0.0,0.0,0.0,0.0,0.0,0.0,0.0,0.0,0.0,0.0,0.0,0.0,0.0,0.0,0.0,0.0,0.0,0.0008647184714399,0.0043235923572,0.1634196,5
2024-05-25,0.0485495,0.0517382960726385,2,0.011965,0.085134,0.066362,0.132724,0.259213,0.046642177500627,2,2,neutral,0.0432581,0.0975511447780907,0.003221841919,0.0244991333333332,0.0615191174942757,3.0,0.0882683666666667,-0.0195259999999999,0.0917264376623376,0.1044970409155931,4.571428571428571,0.2173494904761904,0.034902,0.0929186224025974,0.115144061879836,4.857142857142857,0.2361879632653061,-0.1009113636363636,0.0828603203535353,0.1017303855444001,5.333333333333333,0.1799232038744588,0.0485495,50.0,-0.0609105,0.0167079262626262,0.3114690666709857,-0.1393815789437129,8.175171032240996,0.0576232,0.0,0.0,0.0,0.0,0.0,0.0,0.0,0.0,0.0,0.0,0.0,0.0,0.0,0.0,0.0,0.0,0.0,0.0,0.0,0.0,0.0,0.0,0.0,0.0,0.0,0.0,0.0,0.0,0.0,0.0,0.0,0.0,0.0,0.0,0.0,0.0,0.0,0.0,0.0,0.0,0.0,0.0,0.0,0.0,0.0,0.003221841919,0.006443683838,0.066362,2
2024-05-27,0.0155225,0.1353645124672637,6,-0.255004,0.124636,0.1280705,0.7684230000000001,0.1871746666666666,0.1814033992092393,5,6,neutral,-0.033027,0.09379083579492,0.00198797433625,0.0231211333333332,0.0921772238453802,4.333333333333333,0.1192840333333333,-0.004134,0.061610509090909,0.1089066797086889,5.285714285714286,0.1642468476190476,-0.2108115,0.0951968009740259,0.1166994811557919,5.214285714285714,0.2394707846938775,0.0318945,0.0824835703535353,0.1054776253004234,5.466666666666667,0.1823746372077922,-0.0113025,50.0,0.0491477333333333,0.0080687299663299,0.3203269102091704,-0.1401918224818977,-0.6802747711098982,-0.0762851,0.0,0.0,0.0,0.0,0.0,0.0,0.0,0.0,0.0,0.0,0.0,0.0,0.0,0.0,0.0,0.0,0.0,0.0,0.0,0.0,0.0,0.0,0.0,0.0,0.0,0.0,0.0,0.0,0.0,0.0,0.0,0.0,0.0,0.0,0.0,0.0,0.0,0.0,0.0,0.0,0.0,0.0,0.0,0.0,0.0,0.00198797433625,0.0119278460175,0.1280705,5
2024-05-28,-0.0926335,0.2143035592809881,2,-0.244169,0.058902,0.1103555,0.220711,0.0723284999999999,0.0151950176209177,2,2,neutral,-0.1081559999999999,0.1068450848462158,-0.01022261620925,-0.0095205,0.1338021226069634,3.3333333333333335,0.101596,-0.0979249,0.0331834662337662,0.1196319708055293,4.857142857142857,0.1499924904761904,-0.1989892999999999,0.0818597295454545,0.1252326705002242,4.357142857142857,0.2281781571428571,-0.186719,0.076827237020202,0.1128364311794025,5.466666666666667,0.1849547538744588,-0.16969,50.0,-0.0324539999999999,-0.0308469367003367,0.3287625771514775,-0.1639928394242047,-6.967692059913029,-0.0751289999999999,0.0,0.0,0.0,0.0,0.0,0.0,0.0,0.0,0.0,0.0,0.0,0.0,0.0,0.0,0.0,0.0,0.0,0.0,0.0,0.0,0.0,0.0,0.0,0.0,0.0,0.0,0.0,0.0,0.0,0.0,0.0,0.0,0.0,0.0,0.0,0.0,0.0,0.0,0.0,0.0,0.0,0.0,0.0,0.0,0.0,-0.01022261620925,-0.0204452324185,0.1103555,2
2024-05-29,0.1318296,0.059066495763673,5,0.079499,0.231637,0.1811326,0.905663,0.1638896,0.1191800591722457,3,5,neutral,0.2244631,0.1099803453161603,0.02387863820496,0.0182395333333333,0.1362448558373083,4.333333333333333,0.1398528666666667,0.0832801,0.0280416428571428,0.1060463191456087,4.0,0.1340340047619047,-0.0359927636363636,0.0836527009740259,0.1176851241419938,4.428571428571429,0.2201853071428571,0.0251016,0.0780001403535353,0.1124692628903931,5.5,0.1827446488744588,0.0351871,50.0,-0.2125104,-0.0559809811447811,0.3325841786356808,-0.1591863009084081,-2.4231309407503767,0.3326191,0.0,0.0,0.0,0.0,0.0,0.0,0.0,0.0,0.0,0.0,0.0,0.0,0.0,0.0,0.0,0.0,0.0,0.0,0.0,0.0,0.0,0.0,0.0,0.0,0.0,0.0,0.0,0.0,0.0,0.0,0.0,0.0,0.0,0.0,0.0,0.0,0.0,0.0,0.0,0.0,0.0,0.0,0.0,0.0,0.0,0.02387863820496,0.1193931910248,0.1811326,3
2024-05-30,0.2306195,0.2158147208147149,4,0.012589,0.469416,0.34176025,1.367041,0.25538075,0.133568008421116,3,4,bullish,0.0987898999999999,0.1352575168798556,0.078816577974875,0.0899385333333333,0.1630615919531253,3.6666666666666665,0.2110827833333333,0.215097,0.0512622142857142,0.1155866629727809,3.7142857142857144,0.1465891357142857,0.162544,0.0920755581168831,0.1248398701837528,4.285714285714286,0.2285493488095238,0.11792,0.0845816236868686,0.1201666994161357,5.533333333333333,0.1899870016522366,0.1974445,50.0,0.00036075,-0.0464299867003367,0.3491160226126281,-0.1597234948853553,0.7493757092489091,-0.1256732,0.0,0.0,0.0,0.0,0.0,0.0,0.0,0.0,0.0,0.0,0.0,0.0,0.0,0.0,0.0,0.0,0.0,0.0,0.0,0.0,0.0,0.0,0.0,0.0,0.0,0.0,0.0,0.0,0.0,0.0,0.0,0.0,0.0,0.0,0.0,0.0,0.0,0.0,0.0,0.0,0.0,0.0,0.0,0.0,0.0,0.078816577974875,0.3152663118995,0.34176025,3
2024-05-31,0.1403778666666666,0.1611285038337265,15,-0.024619,0.496817,0.2232009999999999,3.3480149999999997,0.125324,0.1184932194696629,6,15,neutral,-0.0902416333333333,0.1571355584320732,0.0313324802178666,0.1676089888888888,0.1453365734707048,8.0,0.24869795,0.2330113666666666,0.0685081238095238,0.1324064216041776,5.571428571428571,0.1734716357142857,0.1207213666666666,0.0836255914502164,0.1241199009036951,5.0,0.2227063059523809,-0.1182995333333333,0.0840650281313131,0.1206145864372107,5.533333333333333,0.1900673172077922,-0.0154978666666666,50.0,0.1060314999999999,-0.0267961533670033,0.3515479636710205,-0.1639442092770811,-0.3913009668884605,-0.1890315333333333,0.0,0.0,0.0,0.0,0.0,0.0,0.0,0.0,0.0,0.0,0.0,0.0,0.0,0.0,0.0,0.0,0.0,0.0,0.0,0.0,0.0,0.0,0.0,0.0,0.0,0.0,0.0,0.0,0.0,0.0,0.0,0.0,0.0,0.0,0.0,0.0,0.0,0.0,0.0,0.0,0.0,0.0,0.0,0.0,0.0,0.0313324802178666,0.469987203268,0.2232009999999999,6
2024-06-02,-0.10883,0.0,1,-0.10883,-0.10883,0.182506,0.182506,-0.21187,0.0,1,1,neutral,-0.2492078666666666,0.1625783199232756,-0.0198621279799999,0.0873891222222221,0.1884716123242207,6.666666666666667,0.24915575,-0.2406596,0.0522050666666666,0.1395693480388341,5.0,0.1761982642857143,-0.1141214,0.0694727521645021,0.1193300431038676,4.785714285714286,0.213827163095238,-0.19813975,0.0777625114646464,0.122306488864144,5.5,0.1937656172077922,-0.1890755,50.0,-0.186736,-0.0329400867003367,0.3358763380996689,-0.1741016700693659,-1.775264666604612,-0.1589662333333333,0.0,0.0,0.0,0.0,0.0,0.0,0.0,0.0,0.0,0.0,0.0,0.0,0.0,0.0,0.0,0.0,0.0,0.0,0.0,0.0,0.0,0.0,0.0,0.0,0.0,0.0,0.0,0.0,0.0,0.0,0.0,0.0,0.0,0.0,0.0,0.0,0.0,0.0,0.0,0.0,0.0,0.0,0.0,0.0,0.0,-0.0198621279799999,-0.0198621279799999,0.182506,1
2024-06-03,-0.0545412,0.1276635935327687,5,-0.267496,0.039886,0.2173776,1.086888,-0.068101,0.1523184649985024,4,5,neutral,0.0542888,0.1409183284862208,-0.01185603515712,-0.0076644444444444,0.1443960486832476,7.0,0.2076948666666667,-0.2851607,0.0374778238095238,0.1522235642821892,5.428571428571429,0.1977719214285714,-0.1030907,0.0646021307359307,0.1283603025988912,5.0,0.2075607059523809,-0.0681886999999999,0.0744055714646464,0.1225125313513988,5.633333333333334,0.2005078372077922,-0.1007082,50.0,-0.1713093,-0.043929524074074,0.333986666043059,-0.1760289180127559,-0.4988403932739135,0.3034966666666666,0.0,0.0,0.0,0.0,0.0,0.0,0.0,0.0,0.0,0.0,0.0,0.0,0.0,0.0,0.0,0.0,0.0,0.0,0.0,0.0,0.0,0.0,0.0,0.0,0.0,0.0,0.0,0.0,0.0,0.0,0.0,0.0,0.0,0.0,0.0,0.0,0.0,0.0,0.0,0.0,0.0,0.0,0.0,0.0,0.0,-0.01185603515712,-0.0592801757856,0.2173776,4
2024-06-04,0.0823945,0.1012430037977933,8,-0.124349,0.234436,0.1221754999999999,0.977404,0.17466625,0.0791584884533193,4,8,neutral,0.1369357,0.1514624554947509,0.01006658923475,-0.0269922333333333,0.114453298665281,4.666666666666667,0.1740197,-0.0579833666666666,0.0470309666666666,0.1465366461706108,5.714285714285714,0.1969297785714285,0.066872,0.0543207378787878,0.1262743565372683,5.5,0.1805883130952381,-0.1439395,0.0741630381313131,0.1205142248186735,5.766666666666667,0.1989561622077922,-0.0072759999999999,50.0,-0.1068023636363636,-0.06835362003367,0.3331655500424395,-0.1763769020121364,-2.5106836666593333,0.0826469,0.0,0.0,0.0,0.0,0.0,0.0,0.0,0.0,0.0,0.0,0.0,0.0,0.0,0.0,0.0,0.0,0.0,0.0,0.0,0.0,0.0,0.0,0.0,0.0,0.0,0.0,0.0,0.0,0.0,0.0,0.0,0.0,0.0,0.0,0.0,0.0,0.0,0.0,0.0,0.0,0.0,0.0,0.0,0.0,0.0,0.01006658923475,0.080532713878,0.1221754999999999,4
2024-06-05,0.092876,0.0,1,0.092876,0.092876,0.076358,0.076358,0.214717,0.0,1,1,neutral,0.0104814999999999,0.1300117003880962,0.007091825608,0.0402430999999999,0.114453298665281,4.666666666666667,0.1386370333333333,0.201706,0.0735323238095238,0.1329832635485353,5.571428571428571,0.1920729928571428,0.1855095,0.053357895021645,0.1251950094484485,5.214285714285714,0.1710327416666666,-0.0134798,0.0732696047979798,0.1205142248186735,5.766666666666667,0.2004406955411255,-0.0268029999999999,50.0,-0.0225273,-0.06408882003367,0.3289671870533778,-0.1735637390230747,0.1272111609391402,-0.1264542,0.0,0.0,0.0,0.0,0.0,0.0,0.0,0.0,0.0,0.0,0.0,0.0,0.0,0.0,0.0,0.0,0.0,0.0,0.0,0.0,0.0,0.0,0.0,0.0,0.0,0.0,0.0,0.0,0.0,0.0,0.0,0.0,0.0,0.0,0.0,0.0,0.0,0.0,0.0,0.0,0.0,0.0,0.0,0.0,0.0,0.007091825608,0.007091825608,0.076358,1
2024-06-06,0.143808,0.3030150547283088,2,-0.070456,0.358072,0.155231,0.310462,0.290886,0.374428596987463,2,2,neutral,0.0509319999999999,0.177307217352957,0.022323459648,0.1063594999999999,0.2021290292630511,3.6666666666666665,0.1179215,0.1983492,0.0752435238095238,0.1817729753414624,5.142857142857143,0.1883727642857142,0.0119783999999999,0.0516425833333333,0.1375990925605478,4.571428571428571,0.1612033845238095,-0.0240143636363636,0.0767432714646464,0.1287087442109762,5.366666666666666,0.2016390098268398,0.10421,50.0,0.0510165,-0.0638811792929293,0.3517240276364909,-0.1932097296061878,0.5483870967741935,0.0404505,0.0,0.0,0.0,0.0,0.0,0.0,0.0,0.0,0.0,0.0,0.0,0.0,0.0,0.0,0.0,0.0,0.0,0.0,0.0,0.0,0.0,0.0,0.0,0.0,0.0,0.0,0.0,0.0,0.0,0.0,0.0,0.0,0.0,0.0,0.0,0.0,0.0,0.0,0.0,0.0,0.0,0.0,0.0,0.0,0.0,0.022323459648,0.044646919296,0.155231,2
2024-06-07,0.01328,0.0,1,0.01328,0.01328,0.035086,0.035086,0.069745,0.0,1,1,neutral,-0.1305279999999999,0.177307217352957,0.00046594208,0.0833213333333333,0.3030150547283088,1.3333333333333333,0.0888916666666667,-0.0691145,0.0441950238095238,0.1732625389731494,4.714285714285714,0.1445621571428571,-0.2173395,0.047728619047619,0.1365597087910967,4.214285714285714,0.1455756464285714,-0.0547955,0.0793510547979798,0.1301827691544712,5.333333333333333,0.1987952931601731,0.0782335,50.0,0.1529742,-0.0432780459595959,0.335172324491015,-0.201197766460712,-0.9076546506453048,-0.1814599999999999,0.0,0.0,0.0,0.0,0.0,0.0,0.0,0.0,0.0,0.0,0.0,0.0,0.0,0.0,0.0,0.0,0.0,0.0,0.0,0.0,0.0,0.0,0.0,0.0,0.0,0.0,0.0,0.0,0.0,0.0,0.0,0.0,0.0,0.0,0.0,0.0,0.0,0.0,0.0,0.0,0.0,0.0,0.0,0.0,0.0,0.00046594208,0.00046594208,0.035086,1
2024-06-10,-0.0104958999999999,0.1340845131230051,10,-0.19535,0.250959,0.1155538,1.155538,0.102845,0.0649938058279402,7,10,neutral,-0.0237759,0.1794475238830357,-0.0012128411294199,0.0488640333333333,0.218549783925657,4.333333333333333,0.1019569333333333,-0.1033719,0.0226416285714285,0.166501541295469,4.0,0.1291839857142857,-0.1508737666666667,0.0455748761904761,0.1448046469464654,4.785714285714286,0.1513278107142857,-0.0301524,0.0769671914646464,0.1327766104073824,5.6,0.2018254864935064,-0.0715159,50.0,0.1009113636363636,-0.0084534055555555,0.3242428318186875,-0.2002488387883845,-1.790353915662651,0.1067520999999999,0.0,0.0,0.0,0.0,0.0,0.0,0.0,0.0,0.0,0.0,0.0,0.0,0.0,0.0,0.0,0.0,0.0,0.0,0.0,0.0,0.0,0.0,0.0,0.0,0.0,0.0,0.0,0.0,0.0,0.0,0.0,0.0,0.0,0.0,0.0,0.0,0.0,0.0,0.0,0.0,0.0,0.0,0.0,0.0,0.0,-0.0012128411294199,-0.0121284112941999,0.1155538,7
2024-06-11,0.0989871428571428,0.0865083050433667,7,0.0,0.215571,0.1328477142857143,0.929934,0.1554882857142857,0.1190535153935885,5,7,neutral,0.1094830428571428,0.1745359576315602,0.0131502156722448,0.0339237476190475,0.1102964090831859,6.0,0.0944958380952381,-0.0448208571428571,0.0523297918367346,0.1505028940450485,4.857142857142857,0.1220899448979591,0.2078171428571428,0.0522674292517006,0.1445391416780225,4.928571428571429,0.1491441045918367,0.0936957428571428,0.0787484895598845,0.1336969941128833,5.666666666666667,0.2026873569696969,0.0534389428571428,50.0,-0.0318944999999999,-0.0120373222222222,0.3369107921429046,-0.2043828348268873,-10.431029531259146,0.1332589428571428,0.0,0.0,0.0,0.0,0.0,0.0,0.0,0.0,0.0,0.0,0.0,0.0,0.0,0.0,0.0,0.0,0.0,0.0,0.0,0.0,0.0,0.0,0.0,0.0,0.0,0.0,0.0,0.0,0.0,0.0,0.0,0.0,0.0,0.0,0.0,0.0,0.0,0.0,0.0,0.0,0.0,0.0,0.0,0.0,0.0,0.0131502156722448,0.0920515097057143,0.1328477142857143,5
2024-06-12,0.1079104999999999,0.194847536687021,4,-0.085911,0.332997,0.316378,1.265512,0.2483875,0.0823990093043195,4,4,neutral,0.0089233571428571,0.1796138523954254,0.0341405081689999,0.0654672476190475,0.1384801182844643,7.0,0.1882598380952381,0.0946304999999999,0.0755371775510204,0.163939682675899,4.714285714285714,0.1362328591836734,0.1624516999999999,0.0565075006802721,0.1575490726429664,5.071428571428571,0.1670023903061224,0.0593609999999999,0.0799897395598845,0.1359307335794766,5.533333333333333,0.2067510986363636,0.0372374999999999,50.0,0.186719,-0.0030720444444444,0.3379924559599133,-0.217306848643896,0.0901466279892049,-0.1005596857142857,0.0,0.0,0.0,0.0,0.0,0.0,0.0,0.0,0.0,0.0,0.0,0.0,0.0,0.0,0.0,0.0,0.0,0.0,0.0,0.0,0.0,0.0,0.0,0.0,0.0,0.0,0.0,0.0,0.0,0.0,0.0,0.0,0.0,0.0,0.0,0.0,0.0,0.0,0.0,0.0,0.0,0.0,0.0,0.0,0.0,0.0341405081689999,0.1365620326759999,0.316378,4
2024-06-13,0.215193,0.3780800964055103,2,-0.05215,0.482536,0.4328234999999999,0.8656469999999999,0.1299314999999999,0.3059714681804498,1,2,bullish,0.1072825,0.1983801128147257,0.0931405874355,0.1406968809523809,0.2198119793786327,4.333333333333333,0.2940164047619047,0.2256889,0.0945083918367346,0.2193071011974424,3.857142857142857,0.1806111448979591,0.1327985,0.0707696792517006,0.1796141257282615,4.785714285714286,0.1887704617346938,0.1996705,0.0818873195598845,0.1458062752633692,5.433333333333334,0.2136573619696969,0.0569274,50.0,-0.0251016,0.0148873333333333,0.3715347365249021,-0.2399654092088847,0.994180362429977,0.0983591428571429,0.0,0.0,0.0,0.0,0.0,0.0,0.0,0.0,0.0,0.0,0.0,0.0,0.0,0.0,0.0,0.0,0.0,0.0,0.0,0.0,0.0,0.0,0.0,0.0,0.0,0.0,0.0,0.0,0.0,0.0,0.0,0.0,0.0,0.0,0.0,0.0,0.0,0.0,0.0,0.0,0.0,0.0,0.0,0.0,0.0,0.0931405874355,0.186281174871,0.4328234999999999,1
2024-06-14,0.207932,0.1494852019699609,2,0.10223,0.313634,0.309879,0.619758,0.1586044999999999,0.0412038192465212,2,2,bullish,-0.007261,0.1886011306457728,0.064433760228,0.1770118333333332,0.2408042783541641,2.6666666666666665,0.3530268333333333,0.1089448571428571,0.1109449632653061,0.2076701179928621,4.0,0.213971287755102,0.115056,0.0922386435374149,0.1737215477908954,4.785714285714286,0.2030221403061224,0.3005655,0.0838363574386724,0.1456933536002453,4.766666666666667,0.2129122483333333,0.0584711363636363,50.0,-0.11792,0.0208194777777777,0.3729895294709479,-0.2374092385185668,-0.0337418038690849,-0.1145435,0.0,0.0,0.0,0.0,0.0,0.0,0.0,0.0,0.0,0.0,0.0,0.0,0.0,0.0,0.0,0.0,0.0,0.0,0.0,0.0,0.0,0.0,0.0,0.0,0.0,0.0,0.0,0.0,0.0,0.0,0.0,0.0,0.0,0.0,0.0,0.0,0.0,0.0,0.0,0.0,0.0,0.0,0.0,0.0,0.0,0.064433760228,0.128867520456,0.309879,2
2024-06-15,-0.029037,0.0,1,-0.029037,-0.029037,0.057628,0.057628,0.201283,0.0,1,1,neutral,-0.236969,0.2022302850264647,-0.001673344236,0.1313626666666666,0.2637826491877356,1.6666666666666667,0.2667768333333333,-0.1369475,0.0862528204081632,0.1886011306457728,3.857142857142857,0.2000280020408163,-0.172845,0.0807481721088435,0.1851870529936176,4.5,0.1942003831632653,-0.1608666,0.0834141907720057,0.1456933536002453,4.766666666666667,0.2120961483333333,-0.012665,50.0,0.1182995333333332,0.0458307996632996,0.3685798267175565,-0.2427107857651755,-1.1396466152395976,-0.229708,0.0,0.0,0.0,0.0,0.0,0.0,0.0,0.0,0.0,0.0,0.0,0.0,0.0,0.0,0.0,0.0,0.0,0.0,0.0,0.0,0.0,0.0,0.0,0.0,0.0,0.0,0.0,0.0,0.0,0.0,0.0,0.0,0.0,0.0,0.0,0.0,0.0,0.0,0.0,0.0,0.0,0.0,0.0,0.0,0.0,-0.001673344236,-0.001673344236,0.057628,1
2024-06-16,0.0229665,0.0538030478737032,2,-0.015078,0.061011,0.0396185,0.079237,0.17598,0.1145018010775376,2,2,neutral,0.0520035,0.1940539707340488,0.00090989828025,0.0672871666666666,0.1016441249218321,1.6666666666666667,0.1357085,-0.1922265,0.0876366061224489,0.1661347835170945,4.0,0.2006755020408163,0.0096865,0.0659158149659863,0.1689858856995164,4.357142857142857,0.1726188295918367,-0.207653,0.0810435574386724,0.1437105916030587,4.366666666666666,0.2044683554761905,-0.071119,50.0,0.1981397499999999,0.0703493607744107,0.3700469335250257,-0.2438468925726447,-1.7909391466060542,0.2889725,0.0,0.0,0.0,0.0,0.0,0.0,0.0,0.0,0.0,0.0,0.0,0.0,0.0,0.0,0.0,0.0,0.0,0.0,0.0,0.0,0.0,0.0,0.0,0.0,0.0,0.0,0.0,0.0,0.0,0.0,0.0,0.0,0.0,0.0,0.0,0.0,0.0,0.0,0.0,0.0,0.0,0.0,0.0,0.0,0.0,0.00090989828025,0.0018197965605,0.0396185,2
2024-06-17,0.027961,0.0395428254175141,2,0.0,0.055922,0.206279,0.412558,0.0945805,0.0131486505961638,2,2,neutral,0.0049944999999999,0.1552277929166721,0.005767767119,0.0072968333333332,0.0466729366456086,1.6666666666666667,0.1011751666666667,-0.179971,0.0931304489795918,0.1503778355661793,2.857142857142857,0.2136362448979591,0.0384569,0.0578860387755102,0.1568273178578952,3.4285714285714284,0.1714101153061224,-0.1124168666666666,0.0784179907720057,0.1390049206829325,4.3,0.2015765721428571,-0.078767,50.0,0.0681886999999999,0.0722573829966329,0.3649446588276851,-0.2364776578753041,0.2174689221257046,-0.047009,0.0,0.0,0.0,0.0,0.0,0.0,0.0,0.0,0.0,0.0,0.0,0.0,0.0,0.0,0.0,0.0,0.0,0.0,0.0,0.0,0.0,0.0,0.0,0.0,0.0,0.0,0.0,0.0,0.0,0.0,0.0,0.0,0.0,0.0,0.0,0.0,0.0,0.0,0.0,0.0,0.0,0.0,0.0,0.0,0.0,0.005767767119,0.011535534238,0.206279,2
2024-06-18,0.1919158571428571,0.2609341331795111,7,-0.096465,0.730145,0.2342731428571428,1.639912,0.2259652857142857,0.1653498171329643,6,7,bullish,0.1639548571428571,0.1259413021101723,0.0449607310169795,0.0809477857142856,0.1180933354902428,3.6666666666666665,0.160056880952381,0.2209528571428571,0.1064059795918367,0.1794488069222034,2.857142857142857,0.2281255918367346,0.0929287142857142,0.0793678857142857,0.1662915737962239,3.857142857142857,0.1751077683673469,0.3007458571428571,0.081058536010101,0.1445301651192391,4.333333333333333,0.201896888015873,0.0792163571428571,50.0,0.1439395,0.0712535274410774,0.398262456323187,-0.2554588196565204,5.863697905756487,0.1589603571428571,0.0,0.0,0.0,0.0,0.0,0.0,0.0,0.0,0.0,0.0,0.0,0.0,0.0,0.0,0.0,0.0,0.0,0.0,0.0,0.0,0.0,0.0,0.0,0.0,0.0,0.0,0.0,0.0,0.0,0.0,0.0,0.0,0.0,0.0,0.0,0.0,0.0,0.0,0.0,0.0,0.0,0.0,0.0,0.0,0.0,0.0449607310169795,0.3147251171188571,0.2342731428571428,6
2024-06-19,0.0242473333333333,0.0501581740729597,3,-0.00473,0.082165,0.0744866666666666,0.22346,0.1598866666666666,0.0967239419034053,3,3,neutral,-0.1676685238095238,0.101109545135922,0.0018061030355555,0.0813747301587301,0.1168783775566616,4.0,0.1716796031746032,0.0012808333333333,0.0944540986394558,0.1553339131531932,2.7142857142857144,0.1935696870748299,-0.0836631666666666,0.0849956380952381,0.1592456265726049,3.7142857142857144,0.1649012731292516,0.0787885333333333,0.0732442004545454,0.1397169679031784,4.266666666666667,0.1942129902380952,-0.2344300666666666,50.0,0.0134798,0.0615389092592592,0.3880479056905658,-0.2443717856905657,-0.873656436240783,-0.3316233809523809,0.0,0.0,0.0,0.0,0.0,0.0,0.0,0.0,0.0,0.0,0.0,0.0,0.0,0.0,0.0,0.0,0.0,0.0,0.0,0.0,0.0,0.0,0.0,0.0,0.0,0.0,0.0,0.0,0.0,0.0,0.0,0.0,0.0,0.0,0.0,0.0,0.0,0.0,0.0,0.0,0.0,0.0,0.0,0.0,0.0,0.0018061030355555,0.0054183091066666,0.0744866666666666,3
2024-06-20,-0.0533223333333333,0.1590722615553489,3,-0.191036,0.120797,0.1349726666666666,0.404918,0.1261313333333333,0.1370861174931048,3,3,neutral,-0.0775696666666666,0.1127020884198074,-0.0071970575228888,0.0542802857142856,0.1567215229359399,4.333333333333333,0.1479108253968254,-0.0812833333333333,0.0560947653061224,0.118832607344833,2.857142857142857,0.1510195680272109,-0.2685153333333334,0.0753015785714285,0.1645028318232918,3.357142857142857,0.165815356462585,-0.1357168333333333,0.0684897976767676,0.1388159305853273,4.233333333333333,0.1884849457936507,-0.1426320833333333,50.0,0.0240143636363636,0.0677510052188552,0.3831095518081941,-0.2355023151415275,-3.199100932061258,0.0900988571428571,0.0,0.0,0.0,0.0,0.0,0.0,0.0,0.0,0.0,0.0,0.0,0.0,0.0,0.0,0.0,0.0,0.0,0.0,0.0,0.0,0.0,0.0,0.0,0.0,0.0,0.0,0.0,0.0,0.0,0.0,0.0,0.0,0.0,0.0,0.0,0.0,0.0,0.0,0.0,0.0,0.0,0.0,0.0,0.0,0.0,-0.0071970575228888,-0.0215911725686666,0.1349726666666666,3
2024-06-21,0.119404,0.1815292800062843,6,-0.003111,0.471126,0.1977418333333333,1.186451,0.1724023333333333,0.119363359127777,3,6,neutral,0.1727263333333333,0.1382473348463236,0.0236111658673333,0.0301096666666666,0.1302532385448643,4.0,0.1357337222222222,-0.0725118571428571,0.0434479081632653,0.1241732870175535,3.4285714285714284,0.1349999727891156,-0.088528,0.0771964357142857,0.1659217025052078,3.7142857142857144,0.1744856302721088,0.0265279999999999,0.0720150143434343,0.1453050826018793,4.366666666666666,0.1849060735714285,0.1057565,50.0,0.0547955,0.0530928385521885,0.3977961198385206,-0.2514314431718539,-3.239286852913413,0.250296,0.0,0.0,0.0,0.0,0.0,0.0,0.0,0.0,0.0,0.0,0.0,0.0,0.0,0.0,0.0,0.0,0.0,0.0,0.0,0.0,0.0,0.0,0.0,0.0,0.0,0.0,0.0,0.0,0.0,0.0,0.0,0.0,0.0,0.0,0.0,0.0,0.0,0.0,0.0,0.0,0.0,0.0,0.0,0.0,0.0,0.0236111658673333,0.1416669952039999,0.1977418333333333,3
2024-06-24,0.020935,0.0,2,0.020935,0.020935,0.21193,0.42386,-0.048133,0.0,2,2,neutral,-0.098469,0.1303387697628208,0.00443675455,0.0290055555555555,0.1135338471872111,3.6666666666666665,0.1815481666666667,-0.0033123333333333,0.0505867653061224,0.1064342460150459,3.5714285714285716,0.1570431156462585,0.049972,0.0684197928571428,0.1406704479445154,3.7142857142857144,0.1785355588435374,-0.122873,0.065168381010101,0.1397164255787301,4.4,0.1753107735714285,-0.205399,50.0,0.0301524,0.0592321718855218,0.3603350547366812,-0.2349388280700145,-0.824670865297645,-0.2711953333333333,0.0,0.0,0.0,0.0,0.0,0.0,0.0,0.0,0.0,0.0,0.0,0.0,0.0,0.0,0.0,0.0,0.0,0.0,0.0,0.0,0.0,0.0,0.0,0.0,0.0,0.0,0.0,0.0,0.0,0.0,0.0,0.0,0.0,0.0,0.0,0.0,0.0,0.0,0.0,0.0,0.0,0.0,0.0,0.0,0.0,0.00443675455,0.0088735091,0.21193,2
2024-06-25,-0.0185473749999999,0.0750466220119914,8,-0.126625,0.062714,0.141429125,1.131433,-0.038055625,0.1881107509010411,7,8,neutral,-0.039482375,0.0931612675293168,-0.0026231390172968,0.0405972083333332,0.0855253006727586,5.333333333333333,0.1837003194444444,0.0347749583333333,0.0446562117346938,0.1094690423205156,4.428571428571429,0.1715874906462585,-0.041513875,0.0661464089285714,0.1356224613343213,4.214285714285714,0.1861314963435374,-0.031827375,0.0610049418434343,0.1372479679021487,4.5,0.1730205444047619,-0.124903175,50.0,-0.0936957428571428,0.0619237560125059,0.341628557425631,-0.232124854925631,-1.885950561261046,0.058986625,0.0,0.0,0.0,0.0,0.0,0.0,0.0,0.0,0.0,0.0,0.0,0.0,0.0,0.0,0.0,0.0,0.0,0.0,0.0,0.0,0.0,0.0,0.0,0.0,0.0,0.0,0.0,0.0,0.0,0.0,0.0,0.0,0.0,0.0,0.0,0.0,0.0,0.0,0.0,0.0,0.0,0.0,0.0,0.0,0.0,-0.0026231390172968,-0.0209851121383749,0.141429125,7
2024-06-26,0.103119375,0.1278707648201747,8,-0.005714,0.328648,0.1805797499999999,1.444638,0.077959,0.1769356225822585,4,8,neutral,0.1216667499999999,0.1087037856787598,0.0186212709576562,0.0351689999999999,0.0676391289440553,6.0,0.177979625,-0.0162846249999999,0.0553931224489795,0.1220873193780386,5.285714285714286,0.167916169217687,0.075158375,0.0742617857142857,0.135144480695642,4.071428571428571,0.1907762070578231,0.113615275,0.0588481755555555,0.1362366104958817,4.4,0.1692784694047619,-0.0647029886363636,50.0,-0.0593609999999999,0.0421836967532467,0.3503945452029673,-0.2196959052029673,-6.559782718578775,0.161149125,0.0,0.0,0.0,0.0,0.0,0.0,0.0,0.0,0.0,0.0,0.0,0.0,0.0,0.0,0.0,0.0,0.0,0.0,0.0,0.0,0.0,0.0,0.0,0.0,0.0,0.0,0.0,0.0,0.0,0.0,0.0,0.0,0.0,0.0,0.0,0.0,0.0,0.0,0.0,0.0,0.0,0.0,0.0,0.0,0.0,0.0186212709576562,0.1489701676612499,0.1805797499999999,4
2024-06-27,0.2274912,0.2105235782773511,5,0.033192,0.565972,0.3368654,1.684327,0.2375782,0.0636610193854921,3,5,bullish,0.124371825,0.1189940490231603,0.07663391408448,0.1040210666666666,0.1378136550365057,7.0,0.2196247583333333,0.2065562,0.0604753142857142,0.1148858115348729,5.0,0.1825722059523809,0.0355753428571428,0.0834406469387755,0.1446841170982562,3.928571428571429,0.2053488988945578,0.1285040571428571,0.0641620322222222,0.138601659120991,4.366666666666666,0.1720448382936507,0.1594157,50.0,-0.1996705,-0.0020174421356421,0.37424439870233,-0.21534251870233,1.2060956052148302,0.002705075,0.0,0.0,0.0,0.0,0.0,0.0,0.0,0.0,0.0,0.0,0.0,0.0,0.0,0.0,0.0,0.0,0.0,0.0,0.0,0.0,0.0,0.0,0.0,0.0,0.0,0.0,0.0,0.0,0.0,0.0,0.0,0.0,0.0,0.0,0.0,0.0,0.0,0.0,0.0,0.0,0.0,0.0,0.0,0.0,0.0,0.07663391408448,0.3831695704224,0.3368654,3
2024-06-28,0.0550728181818181,0.0715193179662924,11,-0.045,0.195688,0.107062909090909,1.177692,0.1793231818181818,0.0818004903259365,6,11,neutral,-0.1724183818181818,0.0969920566151619,0.0058962561263801,0.128561131060606,0.1366378870212727,8.0,0.208169353030303,0.0736201931818181,0.0648789549783549,0.1179374035196347,6.142857142857143,0.1872259548701298,0.0308254848484848,0.0796665268089053,0.1351973310428155,4.428571428571429,0.1903978209724798,-0.0528376818181818,0.0653425761616161,0.1396835485268503,4.666666666666667,0.1744461519300144,0.0354163181818181,50.0,-0.3005655,-0.042990131024531,0.3693814103959503,-0.2132116985777684,-0.7579123140507493,-0.2967902068181818,0.0,0.0,0.0,0.0,0.0,0.0,0.0,0.0,0.0,0.0,0.0,0.0,0.0,0.0,0.0,0.0,0.0,0.0,0.0,0.0,0.0,0.0,0.0,0.0,0.0,0.0,0.0,0.0,0.0,0.0,0.0,0.0,0.0,0.0,0.0,0.0,0.0,0.0,0.0,0.0,0.0,0.0,0.0,0.0,0.0,0.0058962561263801,0.0648588173901818,0.107062909090909,6
2024-06-29,0.154935,0.0,1,0.154935,0.154935,0.432291,0.432291,0.074155,0.0,1,1,bullish,0.0998621818181818,0.1212400707689524,0.066977006085,0.145833006060606,0.1410214481218218,5.666666666666667,0.292073103030303,0.0518156249999999,0.0946300025974026,0.1110815938470156,5.857142857142857,0.2297000024891775,0.2082573333333333,0.0753623839517625,0.1149571005959243,4.357142857142857,0.1903597852581942,-0.060258,0.0703306961616161,0.1416937359480748,4.533333333333333,0.1834085319300144,0.1496436,50.0,0.1608666,-0.0411093421356421,0.3724843603959503,-0.2101087485777684,1.8132753164818145,0.2722805636363636,0.0,0.0,0.0,0.0,0.0,0.0,0.0,0.0,0.0,0.0,0.0,0.0,0.0,0.0,0.0,0.0,0.0,0.0,0.0,0.0,0.0,0.0,0.0,0.0,0.0,0.0,0.0,0.0,0.0,0.0,0.0,0.0,0.0,0.0,0.0,0.0,0.0,0.0,0.0,0.0,0.0,0.0,0.0,0.0,0.0,0.066977006085,0.066977006085,0.432291,1
2024-07-01,0.14194275,0.1257647144349983,4,0.069954,0.330334,0.15898225,0.635929,0.2219545,0.1072451439568866,3,4,neutral,-0.0129922499999999,0.1339195938747041,0.0225663777661875,0.117316856060606,0.0986420162006453,5.333333333333333,0.2327787196969697,-0.08554845,0.097849824025974,0.1017874995851346,5.571428571428571,0.2241629191558441,0.02253875,0.0706488660946196,0.1129803933013441,4.5,0.1795814459724799,-0.06598925,0.0734438044949495,0.1446547926825692,4.6,0.1864958735966811,0.09339325,50.0,0.207653,-0.0195345421356421,0.3515381166849725,-0.1893490298667907,-0.0838561332171554,-0.1128544318181817,0.0,0.0,0.0,0.0,0.0,0.0,0.0,0.0,0.0,0.0,0.0,0.0,0.0,0.0,0.0,0.0,0.0,0.0,0.0,0.0,0.0,0.0,0.0,0.0,0.0,0.0,0.0,0.0,0.0,0.0,0.0,0.0,0.0,0.0,0.0,0.0,0.0,0.0,0.0,0.0,0.0,0.0,0.0,0.0,0.0,0.0225663777661875,0.09026551106475,0.15898225,3
2024-07-02,0.1299844,0.1368100276087246,5,0.006053,0.364997,0.1103987999999999,0.551994,0.0864957999999999,0.1216841930806955,4,5,neutral,-0.01195835,0.1361544095718416,0.0143501217787199,0.1422873833333333,0.1312873710218615,3.3333333333333335,0.2338906833333333,0.0749115818181818,0.1134283097402597,0.1245891708532554,6.0,0.209658462012987,0.1090494,0.0820075375231911,0.1148134420942195,4.785714285714286,0.1833507888296227,0.1590214,0.0772592011616161,0.1447126132882276,4.566666666666666,0.1859068169300144,0.1144619,50.0,0.1124168666666666,-0.0097120417989418,0.3575498079039485,-0.1836902810857666,-0.0842476984558916,0.0010338999999999,0.0,0.0,0.0,0.0,0.0,0.0,0.0,0.0,0.0,0.0,0.0,0.0,0.0,0.0,0.0,0.0,0.0,0.0,0.0,0.0,0.0,0.0,0.0,0.0,0.0,0.0,0.0,0.0,0.0,0.0,0.0,0.0,0.0,0.0,0.0,0.0,0.0,0.0,0.0,0.0,0.0,0.0,0.0,0.0,0.0,0.0143501217787199,0.0717506088935999,0.1103987999999999,4
2024-07-03,0.0947485,0.1377339471905891,6,-0.003083,0.333933,0.2118885,1.271331,0.0659818333333333,0.0799824894346673,4,6,neutral,-0.0352359,0.1179570018001511,0.02007611754225,0.1222252166666666,0.1334362297447707,5.0,0.1604231833333333,-0.0601864999999999,0.1296134347402597,0.1350370583830217,5.714285714285714,0.219724087012987,0.1132958749999999,0.0871348232374768,0.1212696651185954,5.071428571428571,0.1956557888296227,0.071782,0.0835052678282828,0.1416498288046117,4.7,0.1892912502633477,0.187382,50.0,-0.3007458571428571,-0.049216637037037,0.3632175205781245,-0.1788335537599427,-0.2710779139650604,-0.0232775499999999,0.0,0.0,0.0,0.0,0.0,0.0,0.0,0.0,0.0,0.0,0.0,0.0,0.0,0.0,0.0,0.0,0.0,0.0,0.0,0.0,0.0,0.0,0.0,0.0,0.0,0.0,0.0,0.0,0.0,0.0,0.0,0.0,0.0,0.0,0.0,0.0,0.0,0.0,0.0,0.0,0.0,0.0,0.0,0.0,0.0,0.02007611754225,0.1204567052535,0.2118885,4
2024-07-04,-0.0052969999999999,0.0558782408814021,3,-0.063995,0.047253,0.0450426666666666,0.135128,-0.0066093333333333,0.1843894189869183,2,3,neutral,-0.1000455,0.1140467325289285,-0.0002385910053333,0.0731452999999999,0.1101407385602386,4.666666666666667,0.1224433222222222,-0.14723975,0.1141253811688311,0.1230383043932263,5.0,0.2003616465367965,-0.108416375,0.0847592518089053,0.1225262355388944,5.142857142857143,0.1841389078772418,-0.0332579999999999,0.0789343811616161,0.1415222986093209,4.633333333333334,0.1847549191522366,-0.1371266,50.0,-0.0787885333333333,-0.0613211851851851,0.3545999729728268,-0.1806444204403593,-1.0559058982464102,-0.0648096,0.0,0.0,0.0,0.0,0.0,0.0,0.0,0.0,0.0,0.0,0.0,0.0,0.0,0.0,0.0,0.0,0.0,0.0,0.0,0.0,0.0,0.0,0.0,0.0,0.0,0.0,0.0,0.0,0.0,0.0,0.0,0.0,0.0,0.0,0.0,0.0,0.0,0.0,0.0,0.0,0.0,0.0,0.0,0.0,0.0,-0.0002385910053333,-0.0007157730159999,0.0450426666666666,2
2024-07-05,0.0885239999999999,0.1417635959194038,2,-0.011718,0.188766,0.0828695,0.165739,0.082468,0.1201105720659093,2,2,neutral,0.0938209999999999,0.1195901052070236,0.0073359396179999,0.0593251666666666,0.1117919279971317,3.6666666666666665,0.1132668888888889,-0.0414604,0.094272924025974,0.1115783073335684,4.571428571428571,0.1640765179653679,-0.1389672,0.0773741191558441,0.1133592711342708,4.785714285714286,0.1733243619588744,-0.1033918571428571,0.0741978644949494,0.1385602536135084,4.566666666666666,0.1761252274855699,-0.1420955,50.0,0.1357168333333333,-0.0358308989417989,0.3477324323319805,-0.1757155297995129,-17.712101189352474,0.1938665,0.0,0.0,0.0,0.0,0.0,0.0,0.0,0.0,0.0,0.0,0.0,0.0,0.0,0.0,0.0,0.0,0.0,0.0,0.0,0.0,0.0,0.0,0.0,0.0,0.0,0.0,0.0,0.0,0.0,0.0,0.0,0.0,0.0,0.0,0.0,0.0,0.0,0.0,0.0,0.0,0.0,0.0,0.0,0.0,0.0,0.0073359396179999,0.0146718792359999,0.0828695,2
2024-07-08,0.0606535,0.0774090370456404,4,0.0,0.161687,0.09117425,0.364697,0.2058835,0.099752777663916,3,4,neutral,-0.0278704999999999,0.109918969729152,0.0055300373723749,0.0479601666666666,0.0916836246154821,3.0,0.0730288055555555,-0.034095,0.0950701642857142,0.1125599271801264,3.5714285714285716,0.1618067095238095,0.0055806818181818,0.0799745596320346,0.1154554913629385,4.857142857142857,0.1745163321969697,0.0364061666666666,0.0715403856060606,0.135211474941985,4.2,0.1717243358189033,-0.0797243666666666,50.0,-0.0265279999999999,-0.0321827878306878,0.3065975618475505,-0.150034609315083,-0.3148355248294248,-0.1216914999999999,0.0,0.0,0.0,0.0,0.0,0.0,0.0,0.0,0.0,0.0,0.0,0.0,0.0,0.0,0.0,0.0,0.0,0.0,0.0,0.0,0.0,0.0,0.0,0.0,0.0,0.0,0.0,0.0,0.0,0.0,0.0,0.0,0.0,0.0,0.0,0.0,0.0,0.0,0.0,0.0,0.0,0.0,0.0,0.0,0.0,0.0055300373723749,0.0221201494894999,0.09117425,3
2024-07-09,0.2242115,0.1485382024071024,4,0.056736,0.413716,0.326234,1.304936,0.2421444999999999,0.1056748980426919,4,4,bullish,0.163558,0.1122646046888276,0.073145414491,0.1244629999999999,0.1225702784573822,3.3333333333333335,0.16675925,0.2295085,0.1049668071428571,0.1176996807839801,4.0,0.1466557095238095,0.0692765,0.0997984048701298,0.1146451791207657,4.928571428571429,0.1881778560064935,0.2775338333333333,0.0826417689393939,0.135724041382951,4.3,0.1765152691522366,0.3330415,50.0,0.1228729999999999,0.0036553788359788,0.3073063146738995,-0.149115412141432,2.696596239293693,0.1914285,0.0,0.0,0.0,0.0,0.0,0.0,0.0,0.0,0.0,0.0,0.0,0.0,0.0,0.0,0.0,0.0,0.0,0.0,0.0,0.0,0.0,0.0,0.0,0.0,0.0,0.0,0.0,0.0,0.0,0.0,0.0,0.0,0.0,0.0,0.0,0.0,0.0,0.0,0.0,0.0,0.0,0.0,0.0,0.0,0.0,0.073145414491,0.292581657964,0.326234,4
2024-07-10,0.1225525999999999,0.1838863158402495,5,-0.095587,0.340282,0.1137402,0.568701,0.2044081999999999,0.1509594858420629,5,5,neutral,-0.1016589,0.1214950784187596,0.0139391572345199,0.1358058666666666,0.1366111850976641,4.333333333333333,0.1770494833333333,0.0340285999999999,0.1021967857142857,0.126002766699016,4.142857142857143,0.1401925595238095,-0.01939015,0.1000233048701298,0.1148264895695323,4.857142857142857,0.1821777393398268,0.0031485999999999,0.0885448956060606,0.1378864537793926,4.3,0.1730606891522366,0.1770937999999999,50.0,0.031827375,0.0405879205026455,0.3222311508987855,-0.1488812883663179,-0.4534062704187788,-0.2652169,0.0,0.0,0.0,0.0,0.0,0.0,0.0,0.0,0.0,0.0,0.0,0.0,0.0,0.0,0.0,0.0,0.0,0.0,0.0,0.0,0.0,0.0,0.0,0.0,0.0,0.0,0.0,0.0,0.0,0.0,0.0,0.0,0.0,0.0,0.0,0.0,0.0,0.0,0.0,0.0,0.0,0.0,0.0,0.0,0.0,0.0139391572345199,0.0696957861725999,0.1137402,5
2024-07-11,0.0930673333333333,0.0667386432386315,3,0.02309,0.15601,0.11899,0.35697,0.0807576666666666,0.0148107835151734,3,3,neutral,-0.0294852666666666,0.1236671588902055,0.0110740819933333,0.1466104777777777,0.1330543871619944,4.0,0.1863214,0.0324138333333333,0.096922919047619,0.1159925689318598,3.857142857142857,0.1414198738095238,-0.0369170666666666,0.1051756143939394,0.1199602313571193,4.928571428571429,0.1755391679112554,0.0721323333333333,0.0889006567171717,0.1365593629886556,4.133333333333334,0.1729545058189033,0.0106728333333333,50.0,-0.113615275,0.0100899343915343,0.3270978341828131,-0.1467378883170122,-0.2405927468423081,0.0721736333333333,0.0,0.0,0.0,0.0,0.0,0.0,0.0,0.0,0.0,0.0,0.0,0.0,0.0,0.0,0.0,0.0,0.0,0.0,0.0,0.0,0.0,0.0,0.0,0.0,0.0,0.0,0.0,0.0,0.0,0.0,0.0,0.0,0.0,0.0,0.0,0.0,0.0,0.0,0.0,0.0,0.0,0.0,0.0,0.0,0.0,0.0110740819933333,0.03322224598,0.11899,3
2024-07-12,0.09078825,0.0380074807494086,4,0.052764,0.142993,0.1517235,0.606894,0.23297825,0.0710271808693685,3,4,neutral,-0.0022790833333333,0.1029159358562065,0.013774711048875,0.102136061111111,0.0962108132760965,4.0,0.1281512333333333,-0.13342325,0.096357169047619,0.101745930868834,3.5714285714285716,0.1328248738095238,-0.0039602499999999,0.1129853018939393,0.1171110666446129,4.642857142857143,0.1762744804112554,0.109335625,0.088831065050505,0.1329092932760909,4.233333333333333,0.1754666891522366,-0.0020877499999999,50.0,-0.1285040571428571,-0.0272608497354497,0.3300775814545914,-0.1434349105887905,-0.024488542345685,0.0272061833333333,0.0,0.0,0.0,0.0,0.0,0.0,0.0,0.0,0.0,0.0,0.0,0.0,0.0,0.0,0.0,0.0,0.0,0.0,0.0,0.0,0.0,0.0,0.0,0.0,0.0,0.0,0.0,0.0,0.0,0.0,0.0,0.0,0.0,0.0,0.0,0.0,0.0,0.0,0.0,0.0,0.0,0.0,0.0,0.0,0.0,0.013774711048875,0.0550988441955,0.1517235,3
2024-07-16,-0.062326,0.0881422744884655,2,-0.124652,0.0,0.126668,0.253336,0.1281489999999999,0.1040903608313469,1,2,neutral,-0.15311425,0.1050625833447715,-0.007894709768,0.040509861111111,0.0642961328255018,3.0,0.1324605,-0.1848785999999999,0.088210169047619,0.1063550785269859,3.4285714285714284,0.1444856357142857,-0.057029,0.1011677751082251,0.1140550289267892,4.214285714285714,0.1724236411255411,-0.165445375,0.0819599317171717,0.1249510421560967,4.233333333333333,0.1745145891522366,-0.2061339999999999,50.0,0.0528376818181818,-0.0338807591630591,0.299176871893128,-0.1379583867416128,-1.6864985281685678,-0.1508351666666667,0.0,0.0,0.0,0.0,0.0,0.0,0.0,0.0,0.0,0.0,0.0,0.0,0.0,0.0,0.0,0.0,0.0,0.0,0.0,0.0,0.0,0.0,0.0,0.0,0.0,0.0,0.0,0.0,0.0,0.0,0.0,0.0,0.0,0.0,0.0,0.0,0.0,0.0,0.0,0.0,0.0,0.0,0.0,0.0,0.0,-0.007894709768,-0.015789419536,0.126668,1
2024-07-17,0.1078516666666666,0.0818764456137009,3,0.031309,0.194182,0.272828,0.818484,0.1162546666666666,0.0692213752415634,2,3,neutral,0.1701776666666666,0.0917302319860912,0.0294249545133333,0.0454379722222221,0.069342066950525,3.0,0.1837398333333333,0.0147843333333333,0.0909712642857143,0.097799771340457,3.5714285714285716,0.1716225642857143,0.0193276666666666,0.0926220941558441,0.1041590956449699,4.071428571428571,0.1678495411255411,-0.1196395333333333,0.0851123206060606,0.123412663708154,4.3,0.18243932248557,0.0945716666666666,50.0,0.060258,0.0062307805194805,0.3066958539851358,-0.1371169355002873,-2.7304442233845694,0.3232919166666667,0.0,0.0,0.0,0.0,0.0,0.0,0.0,0.0,0.0,0.0,0.0,0.0,0.0,0.0,0.0,0.0,0.0,0.0,0.0,0.0,0.0,0.0,0.0,0.0,0.0,0.0,0.0,0.0,0.0,0.0,0.0,0.0,0.0,0.0,0.0,0.0,0.0,0.0,0.0,0.0,0.0,0.0,0.0,0.0,0.0,0.0294249545133333,0.08827486354,0.272828,2
2024-07-18,0.091399,0.0664609663637236,2,0.044404,0.138394,0.0749135,0.149827,0.2560725,0.010332951393479,2,2,neutral,-0.0164526666666666,0.068245162090786,0.0068470189864999,0.0456415555555555,0.0788265621552967,2.3333333333333335,0.1581365,0.0006107499999999,0.0953634785714285,0.0962357612430403,3.2857142857142856,0.1692996,0.0307454999999999,0.0952168214285714,0.1037699916755416,3.4285714285714284,0.1655531547619047,0.0363261818181818,0.0885088172727272,0.1209975370381796,4.033333333333333,0.1810846458189033,0.1018949,50.0,0.06598925,0.0223172008898508,0.3041833632632103,-0.1201323114450285,-0.1525490256679699,-0.1866303333333333,0.0,0.0,0.0,0.0,0.0,0.0,0.0,0.0,0.0,0.0,0.0,0.0,0.0,0.0,0.0,0.0,0.0,0.0,0.0,0.0,0.0,0.0,0.0,0.0,0.0,0.0,0.0,0.0,0.0,0.0,0.0,0.0,0.0,0.0,0.0,0.0,0.0,0.0,0.0,0.0,0.0,0.0,0.0,0.0,0.0,0.0068470189864999,0.0136940379729999,0.0749135,2
2024-07-19,0.0,0.0,1,0.0,0.0,0.051551,0.051551,0.143768,0.0,1,1,neutral,-0.091399,0.0686217918038246,0.0,0.0664168888888888,0.0741687059887123,2.0,0.1330975,0.062326,0.0633332642857142,0.0875186877156966,2.857142857142857,0.1300591714285714,-0.2242115,0.0841500357142857,0.1037699916755416,3.4285714285714284,0.1383574404761904,-0.154935,0.0852092458441558,0.1222749160009505,3.8333333333333335,0.1783747553427128,-0.0989871428571428,50.0,-0.1590214,-0.0104314917027417,0.2898297897821853,-0.1177191379640035,-1.0,-0.0749463333333333,0.0,0.0,0.0,0.0,0.0,0.0,0.0,0.0,0.0,0.0,0.0,0.0,0.0,0.0,0.0,0.0,0.0,0.0,0.0,0.0,0.0,0.0,0.0,0.0,0.0,0.0,0.0,0.0,0.0,0.0,0.0,0.0,0.0,0.0,0.0,0.0,0.0,0.0,0.0,0.0,0.0,0.0,0.0,0.0,0.0,0.0,0.0,0.051551,1
2024-07-22,0.023536,0.1337488288060871,3,-0.103051,0.163449,0.0719193333333333,0.215758,0.2337083333333333,0.0339283189287847,3,3,neutral,0.023536,0.0925571288179943,0.0016926934293333,0.0383116666666666,0.1001048975849053,2.0,0.0661279444444444,-0.0843156666666666,0.0491880357142857,0.0791624398766695,2.5714285714285716,0.1240847619047619,-0.0990165999999999,0.0756924107142857,0.1043841543194714,3.357142857142857,0.1321386607142857,-0.11840675,0.0823967625108225,0.1200120008942492,3.8,0.1702261331204906,-0.0843744999999999,50.0,-0.071782,-0.0154597139249639,0.3048208207606395,-0.1324500689424577,inf,0.114935,0.0,0.0,0.0,0.0,0.0,0.0,0.0,0.0,0.0,0.0,0.0,0.0,0.0,0.0,0.0,0.0,0.0,0.0,0.0,0.0,0.0,0.0,0.0,0.0,0.0,0.0,0.0,0.0,0.0,0.0,0.0,0.0,0.0,0.0,0.0,0.0,0.0,0.0,0.0,0.0,0.0,0.0,0.0,0.0,0.0,0.0016926934293333,0.005078080288,0.0719193333333333,3
2024-07-23,-0.0021805999999999,0.0936047889869957,5,-0.109355,0.131306,0.2039878,1.019939,0.0934147999999999,0.0647740257255946,2,5,neutral,-0.0257166,0.0939227574426268,-0.0004448157966799,0.0071184666666666,0.1136768088965414,3.0,0.1091527111111111,-0.0935795999999999,0.0355811880952381,0.0836401308347302,2.857142857142857,0.1362273047619047,-0.0952479333333333,0.0662520535714285,0.1010606744254923,3.357142857142857,0.1388235892857142,-0.132165,0.0751509758441558,0.1094758783972672,3.9,0.1625982764538239,-0.2173736,50.0,0.0332579999999999,-0.0254169361471861,0.3077011780634178,-0.1336937487452359,-1.0926495581237252,-0.0492526,0.0,0.0,0.0,0.0,0.0,0.0,0.0,0.0,0.0,0.0,0.0,0.0,0.0,0.0,0.0,0.0,0.0,0.0,0.0,0.0,0.0,0.0,0.0,0.0,0.0,0.0,0.0,0.0,0.0,0.0,0.0,0.0,0.0,0.0,0.0,0.0,0.0,0.0,0.0,0.0,0.0,0.0,0.0,0.0,0.0,-0.0004448157966799,-0.0022240789833999,0.2039878,2
2024-07-24,0.082716,0.0826008541037359,4,0.03072,0.205096,0.13034725,0.521389,0.26052625,0.0935467749038771,2,4,neutral,0.0848965999999999,0.0941038595651356,0.010781803131,0.0346904666666666,0.1033181572989396,4.0,0.1354181277777777,0.082716,0.0344280095238095,0.0910723597271181,2.857142857142857,0.1331735547619047,-0.00807225,0.0653925892857142,0.0968196672649651,3.2142857142857144,0.1329992142857143,-0.0120325,0.0709771091774891,0.1069986803281478,3.966666666666667,0.1566138847871573,-0.125216,50.0,0.1033918571428571,-0.017465327020202,0.3016510192338134,-0.1296839274156316,-38.932679079152585,0.1106132,0.0,0.0,0.0,0.0,0.0,0.0,0.0,0.0,0.0,0.0,0.0,0.0,0.0,0.0,0.0,0.0,0.0,0.0,0.0,0.0,0.0,0.0,0.0,0.0,0.0,0.0,0.0,0.0,0.0,0.0,0.0,0.0,0.0,0.0,0.0,0.0,0.0,0.0,0.0,0.0,0.0,0.0,0.0,0.0,0.0,0.010781803131,0.043127212524,0.13034725,2
2024-07-25,0.2223097692307692,0.1857579433654426,13,0.0,0.662672,0.3218912307692307,4.1845859999999995,0.2052460769230769,0.1155248121425736,5,13,bullish,0.1395937692307692,0.1239281038155653,0.0715595652297159,0.1009483897435897,0.1206545288187247,7.333333333333333,0.2187420935897435,0.1987737692307692,0.0750902622710622,0.1073416378732809,4.428571428571429,0.1610625877289377,0.2846357692307692,0.0816502156593406,0.1068104136098913,3.928571428571429,0.1527741117216117,0.2276067692307692,0.0793553348185148,0.1098115111509083,4.366666666666666,0.1654226591461316,0.2513467692307692,50.0,-0.0364061666666666,-0.0088865372053872,0.2986402104829176,-0.1271912617416589,1.6876271728658208,0.0546971692307692,0.0,0.0,0.0,0.0,0.0,0.0,0.0,0.0,0.0,0.0,0.0,0.0,0.0,0.0,0.0,0.0,0.0,0.0,0.0,0.0,0.0,0.0,0.0,0.0,0.0,0.0,0.0,0.0,0.0,0.0,0.0,0.0,0.0,0.0,0.0,0.0,0.0,0.0,0.0,0.0,0.0,0.0,0.0,0.0,0.0,0.0715595652297159,0.9302743479863076,0.3218912307692307,5
2024-07-26,0.0288818333333333,0.120469865379549,6,-0.191452,0.163182,0.1931481666666666,1.158889,0.1600221666666666,0.1789911060957126,3,6,neutral,-0.1934279358974359,0.123236456128362,0.0055784731583055,0.1113025341880341,0.1296095542829091,7.666666666666667,0.2151288824786324,0.0310624333333333,0.0638088575091575,0.1137738745009223,4.857142857142857,0.1496797543956043,-0.0789698333333333,0.0773900608974359,0.1051724343375948,4.214285714285714,0.1606511593406593,-0.0596421666666666,0.0795525125962925,0.1121924689189742,4.5,0.1705403147016872,0.0059153333333333,50.0,-0.2775338333333333,-0.0254454012265512,0.3027696109530775,-0.1339397606966672,-0.8700829323278525,-0.3330217051282051,0.0,0.0,0.0,0.0,0.0,0.0,0.0,0.0,0.0,0.0,0.0,0.0,0.0,0.0,0.0,0.0,0.0,0.0,0.0,0.0,0.0,0.0,0.0,0.0,0.0,0.0,0.0,0.0,0.0,0.0,0.0,0.0,0.0,0.0,0.0,0.0,0.0,0.0,0.0,0.0,0.0,0.0,0.0,0.0,0.0,0.0055784731583055,0.0334708389498333,0.1931481666666666,3
2024-07-27,0.116889,0.0,1,0.116889,0.116889,0.05234,0.05234,0.26283,0.0,1,1,neutral,0.0880071666666666,0.1206083629589308,0.00611797026,0.1226935341880341,0.1531139043724958,6.666666666666667,0.1891264658119658,0.034173,0.067450286080586,0.123236456128362,4.714285714285714,0.1464549686813186,0.02549,0.0814068823260073,0.107486050778591,4.0,0.1578772843406593,0.0562355,0.0825167792629592,0.1148831964560653,4.466666666666667,0.1654090147016872,0.088928,50.0,-0.0031485999999999,-0.0316660992063492,0.3008673109530775,-0.1358420606966672,3.0471461299201925,0.2814351025641026,0.0,0.0,0.0,0.0,0.0,0.0,0.0,0.0,0.0,0.0,0.0,0.0,0.0,0.0,0.0,0.0,0.0,0.0,0.0,0.0,0.0,0.0,0.0,0.0,0.0,0.0,0.0,0.0,0.0,0.0,0.0,0.0,0.0,0.0,0.0,0.0,0.0,0.0,0.0,0.0,0.0,0.0,0.0,0.0,0.0,0.00611797026,0.00611797026,0.05234,1
2024-07-29,0.0116576666666666,0.1261828625540463,3,-0.123734,0.125979,0.268436,0.8053080000000001,0.1673746666666666,0.171577257176857,2,3,neutral,-0.1052313333333333,0.1287528813506934,0.0031293374093333,0.0524761666666666,0.1233263639667976,3.3333333333333335,0.1713080555555556,-0.2106521025641025,0.069115667032967,0.1237275238659761,5.0,0.1774385401098901,0.0116576666666666,0.0662244656593406,0.1056231057908363,3.928571428571429,0.1537488557692307,-0.2125538333333333,0.0765081729137529,0.1098924086551222,4.333333333333333,0.1665477766064491,-0.1802581904761904,50.0,-0.0721323333333333,-0.0463761362433862,0.2943995176885272,-0.1424027757654503,-0.9002672050691967,-0.1932385,0.0,0.0,0.0,0.0,0.0,0.0,0.0,0.0,0.0,0.0,0.0,0.0,0.0,0.0,0.0,0.0,0.0,0.0,0.0,0.0,0.0,0.0,0.0,0.0,0.0,0.0,0.0,0.0,0.0,0.0,0.0,0.0,0.0,0.0,0.0,0.0,0.0,0.0,0.0,0.0,0.0,0.0,0.0,0.0,0.0,0.0031293374093333,0.009388012228,0.268436,2
2024-07-30,0.0085375,0.1018201376103961,4,-0.124443,0.120111,0.09367875,0.374715,0.27679875,0.1603535517606329,2,4,neutral,-0.0031201666666666,0.1335577022273585,0.000799782328125,0.0456947222222221,0.1140015000822212,2.6666666666666665,0.1381515833333333,-0.0203443333333333,0.0669730241758241,0.1184060753333609,5.142857142857143,0.1805470282051282,-0.0149985,0.0580805299450549,0.0987842576050152,3.857142857142857,0.152315895054945,-0.1140150999999999,0.0759845118026418,0.1118058147120643,4.366666666666666,0.1671875127175602,-0.0157098333333333,50.0,-0.109335625,-0.0658566779100529,0.2844394071331574,-0.1445873552100805,-0.2676493294827441,0.1021111666666666,0.0,0.0,0.0,0.0,0.0,0.0,0.0,0.0,0.0,0.0,0.0,0.0,0.0,0.0,0.0,0.0,0.0,0.0,0.0,0.0,0.0,0.0,0.0,0.0,0.0,0.0,0.0,0.0,0.0,0.0,0.0,0.0,0.0,0.0,0.0,0.0,0.0,0.0,0.0,0.0,0.0,0.0,0.0,0.0,0.0,0.000799782328125,0.0031991293125,0.09367875,2
2024-07-31,0.0632983333333333,0.0502260423717948,3,0.01311,0.113562,0.0803013333333333,0.240904,0.1835056666666666,0.1295267240623854,3,3,neutral,0.0547608333333333,0.0996747269789465,0.0050829405644444,0.0278311666666666,0.0927430141787457,3.3333333333333335,0.1474720277777778,-0.0535906666666666,0.0763271575091575,0.1111762842308274,4.857142857142857,0.1628775329670329,0.0654789333333333,0.0559541728021978,0.0974082075327788,3.857142857142857,0.1495524188644688,-0.029769,0.0798718673581973,0.1077744732608215,4.366666666666666,0.1653651349397824,0.1166206666666666,50.0,0.165445375,-0.029804814021164,0.2731437982644025,-0.1364367630079922,6.414153245485602,0.057881,0.0,0.0,0.0,0.0,0.0,0.0,0.0,0.0,0.0,0.0,0.0,0.0,0.0,0.0,0.0,0.0,0.0,0.0,0.0,0.0,0.0,0.0,0.0,0.0,0.0,0.0,0.0,0.0,0.0,0.0,0.0,0.0,0.0,0.0,0.0,0.0,0.0,0.0,0.0,0.0,0.0,0.0,0.0,0.0,0.0,0.0050829405644444,0.0152488216933333,0.0803013333333333,3
2024-08-01,0.1231044285714285,0.1830624597151267,7,-0.075924,0.482941,0.2270431428571428,1.589302,0.1701131428571428,0.0975689538077705,3,7,neutral,0.0598060952380952,0.1153228755628409,0.0279500163624897,0.0649800873015872,0.1117028798991058,4.666666666666667,0.1336744087301587,0.1114467619047619,0.0820969330193615,0.1279198851660592,5.285714285714286,0.1766912319466248,0.0403884285714285,0.0582624712715855,0.1094961224465887,4.071428571428571,0.1549323933542647,0.0323161785714285,0.0799952149772449,0.1078312576944823,4.4,0.1663418452572427,0.0037004285714285,50.0,0.1196395333333333,-0.0085357547619047,0.2936954495633878,-0.1441482714498346,0.9448289092092248,0.0050452619047619,0.0,0.0,0.0,0.0,0.0,0.0,0.0,0.0,0.0,0.0,0.0,0.0,0.0,0.0,0.0,0.0,0.0,0.0,0.0,0.0,0.0,0.0,0.0,0.0,0.0,0.0,0.0,0.0,0.0,0.0,0.0,0.0,0.0,0.0,0.0,0.0,0.0,0.0,0.0,0.0,0.0,0.0,0.0,0.0,0.0,0.0279500163624897,0.1956501145374286,0.2270431428571428,3
2024-08-02,0.16769,0.0,1,0.16769,0.16769,0.194242,0.194242,0.354773,0.0,1,1,bullish,0.0445855714285714,0.1153228755628409,0.03257244098,0.1180309206349206,0.1166442510434607,3.6666666666666665,0.167195492063492,0.1591525,0.0742941088435374,0.1163522735261826,3.5714285714285716,0.1584556275510204,-0.0546197692307692,0.0746921855572998,0.1114373813518726,4.0,0.159759107639979,0.230016,0.0848870483105783,0.1119786137596547,4.366666666666666,0.1657522452572427,0.146755,50.0,-0.0363261818181818,-0.0162673305194805,0.2938534359556115,-0.1363896578420584,0.3621768278035722,-0.0152205238095238,0.0,0.0,0.0,0.0,0.0,0.0,0.0,0.0,0.0,0.0,0.0,0.0,0.0,0.0,0.0,0.0,0.0,0.0,0.0,0.0,0.0,0.0,0.0,0.0,0.0,0.0,0.0,0.0,0.0,0.0,0.0,0.0,0.0,0.0,0.0,0.0,0.0,0.0,0.0,0.0,0.0,0.0,0.0,0.0,0.0,0.03257244098,0.03257244098,0.194242,1
2024-08-03,0.301509,0.0,1,0.301509,0.301509,0.284861,0.284861,0.199839,0.0,1,1,bullish,0.133819,0.1117028798991058,0.085888155249,0.1974344761904761,0.1830624597151267,3.0,0.2353820476190476,0.2382106666666666,0.1132408469387755,0.1153228755628409,2.857142857142857,0.1715574608843537,0.2726271666666667,0.0885248522239665,0.1143934749256898,3.857142857142857,0.1606186076399791,0.1936573333333333,0.0955555941439116,0.1134558934295613,4.133333333333334,0.1705333077572427,0.320056375,50.0,0.154935,-0.0105403146464646,0.3096651780060836,-0.1281158498925305,0.7980141928558651,0.0892334285714285,0.0,0.0,0.0,0.0,0.0,0.0,0.0,0.0,0.0,0.0,0.0,0.0,0.0,0.0,0.0,0.0,0.0,0.0,0.0,0.0,0.0,0.0,0.0,0.0,0.0,0.0,0.0,0.0,0.0,0.0,0.0,0.0,0.0,0.0,0.0,0.0,0.0,0.0,0.0,0.0,0.0,0.0,0.0,0.0,0.0,0.085888155249,0.085888155249,0.284861,1
2024-08-05,0.09178075,0.0687888683406213,4,0.023124,0.159239,0.12662925,0.506517,0.188095,0.0625274467360801,1,4,neutral,-0.20972825,0.1006924568091809,0.0116221275369374,0.1869932499999999,0.0687888683406213,2.0,0.20191075,-0.0313236785714285,0.1096539540816326,0.106016074118397,3.2857142857142856,0.1821702108843537,-0.02510825,0.0885521200811093,0.1146262651233795,4.0,0.1643125897828362,0.00038175,0.0951776399772449,0.1110926175703792,4.0,0.1687349577572427,-0.011338625,50.0,0.11840675,0.0066611205387205,0.2930749737477734,-0.1247687206342203,-0.6955953221960207,-0.3435472500000001,0.0,0.0,0.0,0.0,0.0,0.0,0.0,0.0,0.0,0.0,0.0,0.0,0.0,0.0,0.0,0.0,0.0,0.0,0.0,0.0,0.0,0.0,0.0,0.0,0.0,0.0,0.0,0.0,0.0,0.0,0.0,0.0,0.0,0.0,0.0,0.0,0.0,0.0,0.0,0.0,0.0,0.0,0.0,0.0,0.0,0.0116221275369374,0.0464885101477499,0.12662925,1
2024-08-06,0.0924224999999999,0.0874740585802442,2,0.030569,0.154276,0.072788,0.145576,0.2826865,0.0230340033971518,2,2,neutral,0.0006417499999999,0.1131084622119974,0.00672724893,0.1619040833333333,0.0781314634604327,2.3333333333333335,0.1614260833333333,-0.0752675,0.1211917874149659,0.0982743133236366,3.142857142857143,0.1542204965986394,0.0807648333333333,0.0951537272239665,0.1121578827103672,4.071428571428571,0.1658295183542648,0.0924224999999999,0.0906753499772449,0.1061706367824949,3.9,0.1599323777572427,-0.1350687,50.0,0.1321649999999999,0.0521832131313131,0.2795169365902728,-0.1142236934767197,0.0069922069715053,0.21037,0.0,0.0,0.0,0.0,0.0,0.0,0.0,0.0,0.0,0.0,0.0,0.0,0.0,0.0,0.0,0.0,0.0,0.0,0.0,0.0,0.0,0.0,0.0,0.0,0.0,0.0,0.0,0.0,0.0,0.0,0.0,0.0,0.0,0.0,0.0,0.0,0.0,0.0,0.0,0.0,0.0,0.0,0.0,0.0,0.0,0.00672724893,0.01345449786,0.072788,2
2024-08-08,0.123462875,0.1468672607643062,8,0.031103,0.468543,0.2267321249999999,1.813857,0.182950125,0.087277355016616,4,8,neutral,0.031040375,0.1010433958950572,0.0279930000073593,0.1025553749999999,0.1010433958950572,4.666666666666667,0.1420497916666666,-0.178046125,0.1376096981292517,0.1072837379544186,3.7142857142857144,0.1732281215986394,0.114925375,0.1022913611525379,0.1133504674338417,4.428571428571429,0.1768875749018838,0.099926875,0.092955018537851,0.1091845544944154,3.8,0.1639213516208791,0.0683900568181818,50.0,0.0120325,0.053870002020202,0.2910527908643155,-0.1227199935840957,0.335853011983013,0.030398625,0.0,0.0,0.0,0.0,0.0,0.0,0.0,0.0,0.0,0.0,0.0,0.0,0.0,0.0,0.0,0.0,0.0,0.0,0.0,0.0,0.0,0.0,0.0,0.0,0.0,0.0,0.0,0.0,0.0,0.0,0.0,0.0,0.0,0.0,0.0,0.0,0.0,0.0,0.0,0.0,0.0,0.0,0.0,0.0,0.0,0.0279930000073593,0.223944000058875,0.2267321249999999,4
2024-08-09,0.1383416,0.1410085651983595,5,0.0,0.332997,0.3465358,1.732679,0.1008606,0.0350334455527857,3,5,neutral,0.014878725,0.1110346882208828,0.04794031702928,0.1180756583333332,0.1251166281809699,5.0,0.215351975,0.04656085,0.1483301647959183,0.1254402425197315,4.0,0.2112616168367347,0.0750432666666666,0.1123286611525379,0.1176599016348748,4.428571428571429,0.1870695749018838,0.1405222,0.0924019052045177,0.1104085549061056,3.933333333333333,0.1610628449542124,-0.0165933999999999,50.0,-0.2276067692307692,0.0365950646982647,0.3063055939204343,-0.1332174616402145,0.1205117327779707,-0.01616165,0.0,0.0,0.0,0.0,0.0,0.0,0.0,0.0,0.0,0.0,0.0,0.0,0.0,0.0,0.0,0.0,0.0,0.0,0.0,0.0,0.0,0.0,0.0,0.0,0.0,0.0,0.0,0.0,0.0,0.0,0.0,0.0,0.0,0.0,0.0,0.0,0.0,0.0,0.0,0.0,0.0,0.0,0.0,0.0,0.0,0.04794031702928,0.2397015851464,0.3465358,3
2024-08-11,0.05977,0.0,1,0.05977,0.05977,0.053749,0.053749,0.185298,0.0,1,1,neutral,-0.0785716,0.1110346882208828,0.0032125777299999,0.1071914916666666,0.1439379129813328,4.666666666666667,0.2090056416666666,-0.0326524999999999,0.1392823892857143,0.1110346882208828,3.142857142857143,0.1865053107142857,-0.0633344285714285,0.1106896611525379,0.1211658063879886,4.214285714285714,0.1815982713304552,-0.022946,0.089662813537851,0.1097943085249499,3.8333333333333335,0.1575550699542124,-0.08217275,50.0,0.0596421666666666,0.0553703748834498,0.3153088591739939,-0.1300111268937741,-0.5679535295240188,-0.093450325,0.0,0.0,0.0,0.0,0.0,0.0,0.0,0.0,0.0,0.0,0.0,0.0,0.0,0.0,0.0,0.0,0.0,0.0,0.0,0.0,0.0,0.0,0.0,0.0,0.0,0.0,0.0,0.0,0.0,0.0,0.0,0.0,0.0,0.0,0.0,0.0,0.0,0.0,0.0,0.0,0.0,0.0,0.0,0.0,0.0,0.0032125777299999,0.0032125777299999,0.053749,1
2024-08-12,0.08750775,0.0286396557751078,4,0.044982,0.106996,0.05184325,0.207373,0.1929442499999999,0.065560530724794,3,4,neutral,0.02773775,0.1009973850795044,0.0045366861601874,0.0952064499999999,0.0848241104867336,3.3333333333333335,0.15070935,-0.035955125,0.1278277821428571,0.0945556817317278,3.5714285714285716,0.1661626321428571,-0.08018225,0.1010609454931972,0.1054539776289552,3.5714285714285716,0.1623091298469388,-0.1348020192307692,0.0882469252045177,0.1054674936516052,3.8,0.1556032182875458,-0.04247665,50.0,-0.0562355,0.0307391665501165,0.3071934246955148,-0.1239300840819617,0.4640747866822821,0.10630935,0.0,0.0,0.0,0.0,0.0,0.0,0.0,0.0,0.0,0.0,0.0,0.0,0.0,0.0,0.0,0.0,0.0,0.0,0.0,0.0,0.0,0.0,0.0,0.0,0.0,0.0,0.0,0.0,0.0,0.0,0.0,0.0,0.0,0.0,0.0,0.0,0.0,0.0,0.0,0.0,0.0,0.0,0.0,0.0,0.0,0.0045366861601874,0.0181467446407499,0.05184325,3
2024-08-13,-0.12446,0.0,1,-0.12446,-0.12446,0.064797,0.064797,0.183348,0.0,1,1,neutral,-0.21196775,0.1055051605792578,-0.0080646346199999,0.0076059166666666,0.0286396557751078,2.0,0.0567964166666666,-0.2628016,0.0669750678571428,0.0945556817317278,3.5714285714285716,0.1347249178571428,-0.425969,0.0901079573979591,0.103785545656667,3.2142857142857144,0.1531411893707483,-0.1533418333333333,0.0809399752045177,0.1041230580874809,3.6333333333333337,0.1507001682875458,-0.2192085,50.0,0.2125538333333333,0.0410629776612276,0.3023033190998928,-0.1406258784863396,-2.4222740271575947,-0.2397055,0.0,0.0,0.0,0.0,0.0,0.0,0.0,0.0,0.0,0.0,0.0,0.0,0.0,0.0,0.0,0.0,0.0,0.0,0.0,0.0,0.0,0.0,0.0,0.0,0.0,0.0,0.0,0.0,0.0,0.0,0.0,0.0,0.0,0.0,0.0,0.0,0.0,0.0,0.0,0.0,0.0,0.0,0.0,0.0,0.0,-0.0080646346199999,-0.0080646346199999,0.064797,1
2024-08-14,0.1251855,0.0681262028334179,2,0.077013,0.173358,0.203669,0.407338,0.2472369999999999,0.1846962912459262,2,2,neutral,0.2496455,0.0792581412689617,0.0254964055995,0.0294110833333332,0.0483829293042628,2.3333333333333335,0.10676975,0.0654155,0.0717471749999999,0.0944231486302871,3.2857142857142856,0.1457305964285714,0.03340475,0.0907005645408163,0.1002196113743421,3.2857142857142856,0.1639504036564626,0.0082964999999999,0.0852893918711843,0.1046333898354815,3.6,0.1559877127319902,0.1304825,50.0,0.1140150999999999,0.0577675645299145,0.3028817812248074,-0.1286857906112543,-2.0058291820665275,0.46161325,0.0,0.0,0.0,0.0,0.0,0.0,0.0,0.0,0.0,0.0,0.0,0.0,0.0,0.0,0.0,0.0,0.0,0.0,0.0,0.0,0.0,0.0,0.0,0.0,0.0,0.0,0.0,0.0,0.0,0.0,0.0,0.0,0.0,0.0,0.0,0.0,0.0,0.0,0.0,0.0,0.0,0.0,0.0,0.0,0.0,0.0254964055995,0.050992811199,0.203669,2
2024-08-15,0.1418805,0.0439940626050834,2,0.110772,0.172989,0.2047334999999999,0.4094669999999999,0.2985735,0.044394285043235,2,2,neutral,0.0166949999999999,0.0469199737378697,0.0290476913467499,0.0475353333333332,0.0560601327192506,1.6666666666666667,0.1577331666666666,0.05437275,0.0788126035714285,0.0857271494352549,3.2857142857142856,0.1645799535714285,0.049458,0.1000021954931972,0.0920007313794458,3.2142857142857144,0.159400225085034,0.1302228333333333,0.0870679418711843,0.1005596592807182,3.6,0.1600498460653235,0.0533565,50.0,0.029769,0.0438602311965811,0.2968317040646736,-0.1108012634511204,0.1333620906574641,-0.2329505,0.0,0.0,0.0,0.0,0.0,0.0,0.0,0.0,0.0,0.0,0.0,0.0,0.0,0.0,0.0,0.0,0.0,0.0,0.0,0.0,0.0,0.0,0.0,0.0,0.0,0.0,0.0,0.0,0.0,0.0,0.0,0.0,0.0,0.0,0.0,0.0,0.0,0.0,0.0,0.0,0.0,0.0,0.0,0.0,0.0,0.0290476913467499,0.0580953826934999,0.2047334999999999,2
2024-08-16,0.0103,0.0458601174006347,2,-0.022128,0.042728,0.132103,0.264206,0.0942285,0.2473904997862691,2,2,neutral,-0.1315805,0.0466550096535609,0.0013606609,0.0924553333333332,0.0526601276130453,2.0,0.1801685,0.13476,0.0626464785714285,0.0655257207625206,2.4285714285714284,0.1510615071428571,-0.113162875,0.1001280883503401,0.0864047293584696,3.0714285714285716,0.1621448143707483,0.0017625,0.0853894918711843,0.0992451209621763,3.533333333333333,0.1614141377319902,-0.0503534999999999,50.0,-0.0323161785714285,0.0271132391330891,0.2910897778531588,-0.1038112772396056,-0.9274036953633517,-0.1482754999999999,0.0,0.0,0.0,0.0,0.0,0.0,0.0,0.0,0.0,0.0,0.0,0.0,0.0,0.0,0.0,0.0,0.0,0.0,0.0,0.0,0.0,0.0,0.0,0.0,0.0,0.0,0.0,0.0,0.0,0.0,0.0,0.0,0.0,0.0,0.0,0.0,0.0,0.0,0.0,0.0,0.0,0.0,0.0,0.0,0.0,0.0013606609,0.0027213218,0.132103,2
2024-08-18,0.09514,0.0,1,0.09514,0.09514,0.055364,0.055364,0.237978,0.0,1,1,neutral,0.08484,0.0526601276130453,0.0052673309599999,0.0824401666666666,0.044927090002859,1.6666666666666667,0.1307335,-0.0300455,0.0564748214285714,0.0466550096535609,1.8571428571428572,0.1094655357142857,-0.0432016,0.1024024931122449,0.0904245834681002,2.9285714285714284,0.1603635762755102,0.0318416666666666,0.081087108537851,0.0971019435080491,3.433333333333333,0.1523851377319902,-0.1290715,50.0,-0.230016,-0.0131290942002442,0.2940144649487952,-0.1054935643352421,8.236893203883493,0.2164205,0.0,0.0,0.0,0.0,0.0,0.0,0.0,0.0,0.0,0.0,0.0,0.0,0.0,0.0,0.0,0.0,0.0,0.0,0.0,0.0,0.0,0.0,0.0,0.0,0.0,0.0,0.0,0.0,0.0,0.0,0.0,0.0,0.0,0.0,0.0,0.0,0.0,0.0,0.0,0.0,0.0,0.0,0.0,0.0,0.0,0.0052673309599999,0.0052673309599999,0.055364,1
2024-08-19,0.1774984999999999,0.1672583309150847,2,0.059229,0.295768,0.0969775,0.193955,0.1339785,0.1053765880663252,1,2,bullish,0.0823584999999999,0.0813096784385552,0.0172133607837499,0.0943128333333332,0.1065592241578597,1.6666666666666667,0.0948148333333333,0.0356179999999999,0.0732931785714285,0.0707756739058657,2.0,0.1156410357142857,0.1177284999999999,0.1062877839285714,0.0886685691569844,2.5714285714285716,0.1510731732142857,0.0543940714285714,0.082918638537851,0.0963789876417375,3.3333333333333335,0.1518263810653235,0.0549458999999999,50.0,-0.1936573333333333,-0.0359835201261701,0.2891310997086342,-0.105091326018158,0.865655875551818,-0.0024815,0.0,0.0,0.0,0.0,0.0,0.0,0.0,0.0,0.0,0.0,0.0,0.0,0.0,0.0,0.0,0.0,0.0,0.0,0.0,0.0,0.0,0.0,0.0,0.0,0.0,0.0,0.0,0.0,0.0,0.0,0.0,0.0,0.0,0.0,0.0,0.0,0.0,0.0,0.0,0.0,0.0,0.0,0.0,0.0,0.0,0.0172133607837499,0.0344267215674999,0.0969775,1
2024-08-20,0.07494875,0.1234523694584946,4,-0.012401,0.254342,0.16947125,0.677885,0.136497,0.0467073731581356,4,4,neutral,-0.1025497499999999,0.0951412200948244,0.0127016583484375,0.1158624166666666,0.1453553501867897,2.3333333333333335,0.1072709166666666,0.06464875,0.0714990357142857,0.0897382166425431,2.0,0.1324450357142857,-0.0125589999999999,0.0996634089285714,0.0921469491871354,2.7857142857142856,0.1493038339285714,-0.09274125,0.0823146857600732,0.0988448018252099,3.3666666666666667,0.1535090893986569,-0.0181185833333333,50.0,-0.00038175,-0.0107362957671957,0.2918605175532455,-0.1032140521961026,-0.5777499528165025,-0.1849082499999999,0.0,0.0,0.0,0.0,0.0,0.0,0.0,0.0,0.0,0.0,0.0,0.0,0.0,0.0,0.0,0.0,0.0,0.0,0.0,0.0,0.0,0.0,0.0,0.0,0.0,0.0,0.0,0.0,0.0,0.0,0.0,0.0,0.0,0.0,0.0,0.0,0.0,0.0,0.0,0.0,0.0,0.0,0.0,0.0,0.0,0.0127016583484375,0.05080663339375,0.16947125,4
2024-08-21,0.230074,0.0,1,0.230074,0.230074,0.238913,0.238913,0.242755,0.0,1,1,bullish,0.15512525,0.1121902725914047,0.054967669562,0.1608404166666666,0.1453553501867897,2.3333333333333335,0.1684539166666666,0.134934,0.12214675,0.0897382166425431,2.0,0.1573187499999999,0.354534,0.0945609089285714,0.0921469491871354,2.7857142857142856,0.1460218339285714,-0.071435,0.0869575440934065,0.1016101346013826,3.2666666666666666,0.1564154060653235,0.1392857499999999,50.0,-0.0924224999999999,-0.0276323698412698,0.2975197675532455,-0.0975548021961026,2.0697509965142844,0.257675,0.0,0.0,0.0,0.0,0.0,0.0,0.0,0.0,0.0,0.0,0.0,0.0,0.0,0.0,0.0,0.0,0.0,0.0,0.0,0.0,0.0,0.0,0.0,0.0,0.0,0.0,0.0,0.0,0.0,0.0,0.0,0.0,0.0,0.0,0.0,0.0,0.0,0.0,0.0,0.0,0.0,0.0,0.0,0.0,0.0,0.054967669562,0.054967669562,0.238913,1
2024-08-22,0.018805,0.0325712154363327,3,0.0,0.056415,0.031566,0.094698,0.1037526666666666,0.209280586859683,2,3,neutral,-0.211269,0.107760638603304,0.00059359863,0.1079425833333332,0.0780117924474136,2.6666666666666665,0.1466500833333333,-0.1586935,0.1069495357142857,0.082627219163126,2.142857142857143,0.1327326071428571,-0.1063805,0.0893483553571428,0.0885251838967066,2.7142857142857144,0.1392316017857142,-0.0729757499999999,0.0896619107600732,0.0990841773717403,3.3,0.1532453393986569,0.081131,50.0,-0.099926875,-0.032486967063492,0.2845040417745245,-0.0838243430840483,-0.9182654276450186,-0.36639425,0.0,0.0,0.0,0.0,0.0,0.0,0.0,0.0,0.0,0.0,0.0,0.0,0.0,0.0,0.0,0.0,0.0,0.0,0.0,0.0,0.0,0.0,0.0,0.0,0.0,0.0,0.0,0.0,0.0,0.0,0.0,0.0,0.0,0.0,0.0,0.0,0.0,0.0,0.0,0.0,0.0,0.0,0.0,0.0,0.0,0.00059359863,0.00178079589,0.031566,2
2024-08-24,0.190308,0.0,1,0.190308,0.190308,0.174587,0.174587,0.187692,0.0,1,1,bullish,0.171503,0.107760638603304,0.033225302796,0.1463956666666666,0.0325712154363327,1.6666666666666667,0.1483553333333333,0.11535925,0.11386775,0.0922855083026367,2.0,0.1284259642857142,0.0484275,0.0963401767857142,0.0886419755985357,2.642857142857143,0.1465029589285714,0.0978855,0.0924104552045177,0.0999035931697421,3.2333333333333334,0.1499706393986568,0.0824563333333333,50.0,-0.1405222,-0.0717176374338624,0.2920944065597933,-0.0732376578693171,9.120074448285033,0.382772,0.0,0.0,0.0,0.0,0.0,0.0,0.0,0.0,0.0,0.0,0.0,0.0,0.0,0.0,0.0,0.0,0.0,0.0,0.0,0.0,0.0,0.0,0.0,0.0,0.0,0.0,0.0,0.0,0.0,0.0,0.0,0.0,0.0,0.0,0.0,0.0,0.0,0.0,0.0,0.0,0.0,0.0,0.0,0.0,0.0,0.033225302796,0.033225302796,0.174587,1
2024-08-25,0.01298,0.0,1,0.01298,0.01298,0.053992,0.053992,0.132835,0.0,1,1,neutral,-0.177328,0.0780117924474137,0.00070081616,0.0740309999999999,0.0325712154363327,1.6666666666666667,0.086715,-0.217094,0.1142506071428571,0.107760638603304,1.8571428571428572,0.11726725,0.0026799999999999,0.0884485428571428,0.0813638149528144,2.142857142857143,0.1341643785714285,-0.110482875,0.089796488537851,0.101575724510043,3.2,0.1492732560653235,-0.0784189999999999,50.0,0.0229459999999999,-0.0818364263227513,0.2964296521823737,-0.0826047368252309,-0.931794774786136,-0.348831,0.0,0.0,0.0,0.0,0.0,0.0,0.0,0.0,0.0,0.0,0.0,0.0,0.0,0.0,0.0,0.0,0.0,0.0,0.0,0.0,0.0,0.0,0.0,0.0,0.0,0.0,0.0,0.0,0.0,0.0,0.0,0.0,0.0,0.0,0.0,0.0,0.0,0.0,0.0,0.0,0.0,0.0,0.0,0.0,0.0,0.00070081616,0.00070081616,0.053992,1
2024-08-26,0.040066,0.11067265017519,6,-0.157647,0.177592,0.0681718333333333,0.409031,0.0758278333333333,0.1198691841340661,3,6,neutral,0.027086,0.0716219328057614,0.0027313726743333,0.0811179999999999,0.11067265017519,2.6666666666666665,0.0989169444444444,0.021261,0.1063828928571428,0.1084886414962755,2.5714285714285716,0.1190969404761904,-0.055074,0.0814288571428571,0.0775718255749182,2.2142857142857144,0.114281238095238,-0.0982756,0.0911320218711843,0.1020089114464786,3.3666666666666667,0.1498272838431013,0.040066,50.0,0.1348020192307692,-0.0701660908526658,0.2802127624971462,-0.0746916899971462,2.086748844375963,0.204414,0.0,0.0,0.0,0.0,0.0,0.0,0.0,0.0,0.0,0.0,0.0,0.0,0.0,0.0,0.0,0.0,0.0,0.0,0.0,0.0,0.0,0.0,0.0,0.0,0.0,0.0,0.0,0.0,0.0,0.0,0.0,0.0,0.0,0.0,0.0,0.0,0.0,0.0,0.0,0.0,0.0,0.0,0.0,0.0,0.0,0.0027313726743333,0.016388236046,0.0681718333333333,3
2024-08-27,0.0405772499999999,0.1628548793565915,4,-0.124245,0.18777,0.1301295,0.520518,0.22745325,0.0592866077703613,3,4,neutral,0.0005112499999999,0.1020329149893714,0.005280297253875,0.0312077499999999,0.1367637647658908,3.6666666666666665,0.0840977777777777,-0.14973075,0.0868227142857142,0.1073877786066522,2.857142857142857,0.1238329404761904,-0.13692125,0.0800579464285714,0.0870477204395486,2.4285714285714284,0.1197369880952381,-0.01919275,0.091700063537851,0.1033949138536455,3.4,0.1517676227319902,0.0170412499999999,50.0,0.1533418333333333,-0.0495374228632478,0.2852615505714567,-0.0924517530714567,0.0127601956771326,-0.02657475,0.0,0.0,0.0,0.0,0.0,0.0,0.0,0.0,0.0,0.0,0.0,0.0,0.0,0.0,0.0,0.0,0.0,0.0,0.0,0.0,0.0,0.0,0.0,0.0,0.0,0.0,0.0,0.0,0.0,0.0,0.0,0.0,0.0,0.0,0.0,0.0,0.0,0.0,0.0,0.0,0.0,0.0,0.0,0.0,0.0,0.005280297253875,0.0211211890155,0.1301295,3
2024-08-28,0.054607,0.0,1,0.054607,0.054607,0.116348,0.116348,-0.040236,0.0,1,1,neutral,0.01402975,0.1367637647658908,0.006353415236,0.0450834166666666,0.1367637647658908,3.6666666666666665,0.1048831111111111,0.041627,0.08391675,0.1020329149893714,2.4285714285714284,0.1162439047619047,-0.02034175,0.0777078928571428,0.0943487285226037,2.2142857142857144,0.1243444702380952,-0.0329007499999999,0.093592983537851,0.103884420096978,3.2666666666666666,0.1488462960653235,0.0567876,50.0,-0.0082964999999999,-0.0249019228632478,0.2729164505714567,-0.1047968530714567,0.3457540863414847,0.0135185,0.0,0.0,0.0,0.0,0.0,0.0,0.0,0.0,0.0,0.0,0.0,0.0,0.0,0.0,0.0,0.0,0.0,0.0,0.0,0.0,0.0,0.0,0.0,0.0,0.0,0.0,0.0,0.0,0.0,0.0,0.0,0.0,0.0,0.0,0.0,0.0,0.0,0.0,0.0,0.0,0.0,0.0,0.0,0.0,0.0,0.006353415236,0.006353415236,0.116348,1
2024-08-29,0.040933,0.0,1,0.040933,0.040933,0.028188,0.028188,0.219782,0.0,1,1,neutral,-0.013674,0.1367637647658908,0.001153819404,0.0453724166666666,0.1628548793565915,2.0,0.0915551666666666,0.0008669999999999,0.0568966071428571,0.1020329149893714,2.4285714285714284,0.0861403333333333,-0.189141,0.0895216785714285,0.0943487285226037,2.2142857142857144,0.1217295416666666,0.165393,0.0922002168711843,0.1050046077808328,3.1666666666666665,0.1454409877319902,-0.041783,50.0,-0.1302228333333333,-0.01785364508547,0.2746473059998079,-0.1116124834998079,-0.2504074569194426,-0.02770375,0.0,0.0,0.0,0.0,0.0,0.0,0.0,0.0,0.0,0.0,0.0,0.0,0.0,0.0,0.0,0.0,0.0,0.0,0.0,0.0,0.0,0.0,0.0,0.0,0.0,0.0,0.0,0.0,0.0,0.0,0.0,0.0,0.0,0.0,0.0,0.0,0.0,0.0,0.0,0.0,0.0,0.0,0.0,0.0,0.0,0.001153819404,0.001153819404,0.028188,1
2024-08-30,-0.043562,0.0,1,-0.043562,-0.043562,0.020958,0.020958,0.151752,0.0,1,1,neutral,-0.0844949999999999,0.1367637647658908,-0.000912972396,0.0173259999999999,0.0,1.0,0.0551646666666666,-0.08413925,0.0479870357142857,0.1367637647658908,2.142857142857143,0.0846249047619047,-0.0623669999999999,0.0774682857142857,0.0980948036210588,2.142857142857143,0.1086787559523809,-0.1687475,0.083337824563492,0.1005183113594656,2.7666666666666666,0.1354098800396825,-0.2658717692307692,50.0,-0.0017625,-0.0180070617521367,0.2695009698715642,-0.1200645973715642,-2.0642269073852395,-0.0708209999999999,0.0,0.0,0.0,0.0,0.0,0.0,0.0,0.0,0.0,0.0,0.0,0.0,0.0,0.0,0.0,0.0,0.0,0.0,0.0,0.0,0.0,0.0,0.0,0.0,0.0,0.0,0.0,0.0,0.0,0.0,0.0,0.0,0.0,0.0,0.0,0.0,0.0,0.0,0.0,0.0,0.0,0.0,0.0,0.0,0.0,-0.000912972396,-0.000912972396,0.020958,1
2024-09-02,0.0514952,0.0356779240455495,5,0.015211,0.103999,0.17877,0.89385,0.1479838,0.1117449237133392,4,5,neutral,0.0950572,0.0992664017010705,0.009205796904,0.0162887333333332,0.0356779240455495,2.3333333333333335,0.075972,-0.0031118,0.0281566357142857,0.103068484525777,2.7142857142857144,0.0852224761904762,-0.1388128,0.0710121928571428,0.0969067838268397,2.357142857142857,0.1068242202380952,-0.0903853,0.0840916034523809,0.0958076479520212,2.7333333333333334,0.1349306078174603,0.0226133666666666,50.0,-0.0318416666666666,-0.011275858048433,0.2456863430817903,-0.1034467380817903,-2.1821128506496485,0.1795522,0.0,0.0,0.0,0.0,0.0,0.0,0.0,0.0,0.0,0.0,0.0,0.0,0.0,0.0,0.0,0.0,0.0,0.0,0.0,0.0,0.0,0.0,0.0,0.0,0.0,0.0,0.0,0.0,0.0,0.0,0.0,0.0,0.0,0.0,0.0,0.0,0.0,0.0,0.0,0.0,0.0,0.0,0.0,0.0,0.0,0.009205796904,0.04602898452,0.17877,4
2024-09-03,0.199706,0.1483261976894169,3,0.10069,0.370241,0.412009,1.236027,0.178107,0.0881064389871705,2,3,bullish,0.1482108,0.0920020608674832,0.082280669354,0.0692130666666666,0.0920020608674832,3.0,0.2039123333333334,0.158773,0.0548317785714285,0.114382912816687,3.0,0.1363677619047619,0.186726,0.0845411928571428,0.1115447952966657,2.4285714285714284,0.1268175059523809,0.189406,0.0868521701190476,0.0985717821487262,2.8,0.1469195744841269,0.082817,50.0,-0.0543940714285714,-0.0062166576516076,0.250085041716528,-0.101708996716528,2.87814786620889,0.0531536,0.0,0.0,0.0,0.0,0.0,0.0,0.0,0.0,0.0,0.0,0.0,0.0,0.0,0.0,0.0,0.0,0.0,0.0,0.0,0.0,0.0,0.0,0.0,0.0,0.0,0.0,0.0,0.0,0.0,0.0,0.0,0.0,0.0,0.0,0.0,0.0,0.0,0.0,0.0,0.0,0.0,0.0,0.0,0.0,0.0,0.082280669354,0.246842008062,0.412009,2
2024-09-04,0.1778988,0.1723897870255079,5,0.0,0.389738,0.2116105999999999,1.058053,0.2111848,0.0587393513557989,3,5,bullish,-0.0218072,0.1187979695868248,0.0376452718072799,0.1430333333333333,0.1187979695868248,4.333333333333333,0.2674632,0.2214607999999999,0.0745221785714285,0.1298121970292665,2.857142857142857,0.1568590142857142,0.1378328,0.0904525357142857,0.119150419262771,2.7142857142857144,0.1379779773809523,0.0827588,0.0923935412301587,0.1010037255419611,2.8666666666666667,0.145025394484127,0.1662411333333333,50.0,0.09274125,0.0197015034595034,0.2700650279527353,-0.1098761029527353,-0.1091965188827577,-0.170018,0.0,0.0,0.0,0.0,0.0,0.0,0.0,0.0,0.0,0.0,0.0,0.0,0.0,0.0,0.0,0.0,0.0,0.0,0.0,0.0,0.0,0.0,0.0,0.0,0.0,0.0,0.0,0.0,0.0,0.0,0.0,0.0,0.0,0.0,0.0,0.0,0.0,0.0,0.0,0.0,0.0,0.0,0.0,0.0,0.0,0.0376452718072799,0.1882263590363999,0.2116105999999999,3
2024-09-05,0.0946923333333333,0.1039373407273183,6,-0.018088,0.219516,0.0947515,0.568509,0.2095844999999999,0.0743946718999418,3,6,neutral,-0.0832064666666666,0.1150828123719481,0.0089722406218333,0.1574323777777777,0.1415511084807477,4.666666666666667,0.2394570333333333,0.0431971333333333,0.0822529047619047,0.1150828123719481,3.142857142857143,0.1518050142857143,0.0541150833333333,0.0845378095238095,0.1112352954893002,3.0,0.1378189773809523,-0.0828061666666666,0.0952653690079365,0.101115157284957,2.933333333333333,0.1450611528174603,0.0861548333333333,50.0,0.071435,0.0250891701261701,0.2829738712781037,-0.1220664879447704,-0.4677179759878463,-0.0613992666666666,0.0,0.0,0.0,0.0,0.0,0.0,0.0,0.0,0.0,0.0,0.0,0.0,0.0,0.0,0.0,0.0,0.0,0.0,0.0,0.0,0.0,0.0,0.0,0.0,0.0,0.0,0.0,0.0,0.0,0.0,0.0,0.0,0.0,0.0,0.0,0.0,0.0,0.0,0.0,0.0,0.0,0.0,0.0,0.0,0.0,0.0089722406218333,0.0538334437309999,0.0947515,3
2024-09-06,0.0554044999999999,0.1214505394162578,2,-0.030474,0.141283,0.2011605,0.402321,0.0831965,0.0571547340165274,1,2,neutral,-0.0392878333333333,0.1163563577808101,0.0111451969222499,0.1093318777777777,0.132592555723028,4.333333333333333,0.1691742,-0.1443015,0.0823668333333333,0.1163563577808101,3.2857142857142856,0.1639210857142857,0.0007974999999999,0.0831417916666666,0.1109850667340206,2.857142857142857,0.1400824952380952,-0.01954425,0.0950022412301587,0.1048638150241392,2.9,0.1490897917063492,-0.0078938333333333,50.0,0.0729757499999999,0.0182195846560846,0.2950733192951098,-0.1161794859617764,-0.4148998334958479,0.0439186333333333,0.0,0.0,0.0,0.0,0.0,0.0,0.0,0.0,0.0,0.0,0.0,0.0,0.0,0.0,0.0,0.0,0.0,0.0,0.0,0.0,0.0,0.0,0.0,0.0,0.0,0.0,0.0,0.0,0.0,0.0,0.0,0.0,0.0,0.0,0.0,0.0,0.0,0.0,0.0,0.0,0.0,0.0,0.0,0.0,0.0,0.0111451969222499,0.0222903938444999,0.2011605,1
2024-09-09,0.12106025,0.1272643093798437,8,0.0,0.363654,0.0724085,0.579268,0.142980125,0.1506683397024618,3,8,neutral,0.06565575,0.1346736348476689,0.008765791112125,0.0903856944444443,0.1175507298411399,5.333333333333333,0.1227735,-0.05683855,0.0938135833333333,0.1181743497139823,4.285714285714286,0.1702383,0.08012725,0.0753550952380952,0.1127938714724454,3.357142857142857,0.1281893166666666,-0.10901375,0.0949341019444444,0.1019270702696507,2.933333333333333,0.1439353036111111,-0.0020441785714285,50.0,-0.0978855,-0.0096945634920634,0.3039652270330215,-0.1254839186996881,1.1850255845644306,0.1049435833333333,0.0,0.0,0.0,0.0,0.0,0.0,0.0,0.0,0.0,0.0,0.0,0.0,0.0,0.0,0.0,0.0,0.0,0.0,0.0,0.0,0.0,0.0,0.0,0.0,0.0,0.0,0.0,0.0,0.0,0.0,0.0,0.0,0.0,0.0,0.0,0.0,0.0,0.0,0.0,0.0,0.0,0.0,0.0,0.0,0.0,0.008765791112125,0.070126328897,0.0724085,3
2024-09-10,0.0518683333333333,0.00244307313303,3,0.049286,0.054143,0.0639053333333333,0.191716,0.2100656666666666,0.0595375848127326,3,3,neutral,-0.0691919166666666,0.1054970099363915,0.0033146631311111,0.0761110277777777,0.0837193073097105,4.333333333333333,0.1124914444444444,-0.0428239999999999,0.107446488095238,0.1016413102024177,4.571428571428571,0.1763736333333333,0.0954303333333333,0.0777167619047619,0.1094463001054117,3.357142857142857,0.130499269047619,0.0330633333333333,0.0910733797222222,0.0969528704128196,3.0,0.1395907480555555,-0.1158216666666666,50.0,0.110482875,0.0035031448412698,0.2930721587809107,-0.123592067114244,-0.57154942821171,-0.1348476666666666,0.0,0.0,0.0,0.0,0.0,0.0,0.0,0.0,0.0,0.0,0.0,0.0,0.0,0.0,0.0,0.0,0.0,0.0,0.0,0.0,0.0,0.0,0.0,0.0,0.0,0.0,0.0,0.0,0.0,0.0,0.0,0.0,0.0,0.0,0.0,0.0,0.0,0.0,0.0,0.0,0.0,0.0,0.0,0.0,0.0,0.0033146631311111,0.0099439893933333,0.0639053333333333,3
2024-09-11,0.0425118333333333,0.0707774750530053,12,-0.124223,0.173796,0.164247,1.970964,0.0704074166666666,0.0956236931142622,5,12,neutral,-0.0093564999999999,0.085174547541891,0.0069824410895,0.0718134722222221,0.066828285855293,7.666666666666667,0.1001869444444444,-0.0128926666666666,0.10616315,0.1066555317749114,5.571428571428571,0.174298919047619,-0.0089833666666666,0.0671598928571428,0.1055794176001711,4.142857142857143,0.1297606976190476,-0.1477961666666666,0.0824401408333333,0.0957064230147332,3.3666666666666667,0.1355702813888889,-0.2589971666666667,50.0,0.0982756,0.0288918596560846,0.2985161900864036,-0.1258149150864036,-0.1803894476398573,0.0598354166666666,0.0,0.0,0.0,0.0,0.0,0.0,0.0,0.0,0.0,0.0,0.0,0.0,0.0,0.0,0.0,0.0,0.0,0.0,0.0,0.0,0.0,0.0,0.0,0.0,0.0,0.0,0.0,0.0,0.0,0.0,0.0,0.0,0.0,0.0,0.0,0.0,0.0,0.0,0.0,0.0,0.0,0.0,0.0,0.0,0.0,0.0069824410895,0.083789293074,0.164247,5
2024-09-12,0.1407396666666666,0.0239115241323788,3,0.124434,0.168189,0.2371406666666666,0.711422,0.1736366666666666,0.0383165712627491,3,3,neutral,0.0982278333333333,0.0691693842229031,0.0333750983797777,0.0783732777777777,0.0323773574394713,6.0,0.1550976666666667,0.0196794166666666,0.097739388095238,0.0888820069810488,5.571428571428571,0.1493177285714285,-0.0589663333333333,0.0762855833333333,0.0981550636485536,4.285714285714286,0.1428427452380952,0.1277596666666667,0.0840721047222222,0.0935694066238645,3.3333333333333335,0.1392539952777777,0.0489589166666666,50.0,0.0191927499999999,0.0312202207671957,0.2890574231110479,-0.1117961814443812,2.3105997937829077,0.1075843333333333,0.0,0.0,0.0,0.0,0.0,0.0,0.0,0.0,0.0,0.0,0.0,0.0,0.0,0.0,0.0,0.0,0.0,0.0,0.0,0.0,0.0,0.0,0.0,0.0,0.0,0.0,0.0,0.0,0.0,0.0,0.0,0.0,0.0,0.0,0.0,0.0,0.0,0.0,0.0,0.0,0.0,0.0,0.0,0.0,0.0,0.0333750983797777,0.1001252951393333,0.2371406666666666,3
2024-09-13,0.1119896666666666,0.1243132850633833,9,-0.003061,0.343983,0.2121321111111111,1.909189,0.1099011111111111,0.0989198462170818,5,9,neutral,-0.02875,0.0697419333523282,0.0237566044126296,0.0984137222222221,0.0730007614162557,8.0,0.2045065925925926,0.0601213333333333,0.0883237976190476,0.0820139352721739,6.142857142857143,0.1493922301587301,-0.0659091333333333,0.0814229880952381,0.0993951213656621,4.5,0.1531256222222222,0.0719236666666666,0.0847243436111111,0.095323655504014,3.566666666666667,0.1438987989814814,0.0195671666666666,50.0,0.0329007499999999,0.0384138226190476,0.2796469748941382,-0.1089366165608048,-0.2042778747522022,-0.1269778333333333,0.0,0.0,0.0,0.0,0.0,0.0,0.0,0.0,0.0,0.0,0.0,0.0,0.0,0.0,0.0,0.0,0.0,0.0,0.0,0.0,0.0,0.0,0.0,0.0,0.0,0.0,0.0,0.0,0.0,0.0,0.0,0.0,0.0,0.0,0.0,0.0,0.0,0.0,0.0,0.0,0.0,0.0,0.0,0.0,0.0,0.0237566044126296,0.2138094397136666,0.2121321111111111,5
2024-09-14,0.114972,0.0,1,0.114972,0.114972,0.057628,0.057628,0.313952,0.0,1,1,neutral,0.0029823333333333,0.0553613393454493,0.006625606416,0.122567111111111,0.074112404597881,4.333333333333333,0.1689669259259259,0.0724601666666666,0.0912208928571428,0.0783600343629831,5.428571428571429,0.144088873015873,0.0202796666666666,0.0867368988095238,0.0930491455665691,4.285714285714286,0.1479469436507936,0.07439475,0.0844413144444444,0.0927464752409994,3.3333333333333335,0.1382619948148148,-0.0084908749999999,50.0,-0.165393,0.0260806083333333,0.2776009879180214,-0.1028883045846881,0.0266304331649647,0.0317323333333333,0.0,0.0,0.0,0.0,0.0,0.0,0.0,0.0,0.0,0.0,0.0,0.0,0.0,0.0,0.0,0.0,0.0,0.0,0.0,0.0,0.0,0.0,0.0,0.0,0.0,0.0,0.0,0.0,0.0,0.0,0.0,0.0,0.0,0.0,0.0,0.0,0.0,0.0,0.0,0.0,0.0,0.0,0.0,0.0,0.0,0.006625606416,0.006625606416,0.057628,1
2024-09-16,0.1966195,0.1512855750922737,4,-0.005666,0.332997,0.36334875,1.453395,0.19682625,0.0718542066194921,2,4,bullish,0.0816475,0.0925719648352602,0.071441449550625,0.1411937222222221,0.1377994300778285,4.666666666666667,0.211036287037037,0.0558798333333333,0.1113944642857142,0.0833325403089858,5.714285714285714,0.167258623015873,0.141215,0.0968806488095238,0.0983433664325423,4.5,0.1655898543650793,0.1420124999999999,0.0863839111111111,0.0932603257356951,3.3,0.1388224264814815,0.0582778999999999,50.0,0.1687475,0.0345257472222222,0.2839515846275352,-0.1125843512942019,0.7101511672407195,0.0786651666666666,0.0,0.0,0.0,0.0,0.0,0.0,0.0,0.0,0.0,0.0,0.0,0.0,0.0,0.0,0.0,0.0,0.0,0.0,0.0,0.0,0.0,0.0,0.0,0.0,0.0,0.0,0.0,0.0,0.0,0.0,0.0,0.0,0.0,0.0,0.0,0.0,0.0,0.0,0.0,0.0,0.0,0.0,0.0,0.0,0.0,0.071441449550625,0.2857657982025,0.36334875,2
2024-09-17,-0.029482,0.0227691573991368,4,-0.048694,-0.003025,0.04629075,0.185163,0.103878,0.0525279086264308,2,4,neutral,-0.2261015,0.0805698854217931,-0.0013647438915,0.0940364999999999,0.0870273662457052,3.0,0.1557558333333333,-0.1414716666666666,0.0898884285714285,0.0659166816455346,5.142857142857143,0.1635275158730158,-0.15054225,0.0918510059523809,0.0920455156797585,4.714285714285714,0.1668829079365079,-0.070415,0.0834088444444444,0.0899036034339542,3.4,0.1385738181481481,-0.089252,50.0,0.0903853,0.0366313361111111,0.2801369406222215,-0.1135984072888881,-1.1499444358265585,-0.307749,0.0,0.0,0.0,0.0,0.0,0.0,0.0,0.0,0.0,0.0,0.0,0.0,0.0,0.0,0.0,0.0,0.0,0.0,0.0,0.0,0.0,0.0,0.0,0.0,0.0,0.0,0.0,0.0,0.0,0.0,0.0,0.0,0.0,0.0,0.0,0.0,0.0,0.0,0.0,0.0,0.0,0.0,0.0,0.0,0.0,-0.0013647438915,-0.005458975566,0.04629075,2
2024-09-18,-0.0325323333333333,0.0883579424009711,3,-0.116867,0.059363,0.18563,0.55689,0.1267503333333333,0.0436777289282917,2,3,neutral,-0.0030503333333333,0.0966814899889412,-0.0060389770366666,0.0448683888888888,0.0874708916307938,3.6666666666666665,0.1984231666666667,-0.1475043333333333,0.0778311904761904,0.0802358265235248,5.142857142857143,0.1809167539682539,-0.0844006666666666,0.0926388392857142,0.0917618561967748,4.857142857142857,0.1786451936507936,0.0110296666666666,0.0794075083333333,0.0927473313685192,3.3666666666666667,0.1430333764814814,-0.1200400833333333,50.0,-0.189406,0.0074778083333333,0.267651471345314,-0.123396971345314,0.103464260678832,0.2230511666666667,0.0,0.0,0.0,0.0,0.0,0.0,0.0,0.0,0.0,0.0,0.0,0.0,0.0,0.0,0.0,0.0,0.0,0.0,0.0,0.0,0.0,0.0,0.0,0.0,0.0,0.0,0.0,0.0,0.0,0.0,0.0,0.0,0.0,0.0,0.0,0.0,0.0,0.0,0.0,0.0,0.0,0.0,0.0,0.0,0.0,-0.0060389770366666,-0.0181169311099999,0.18563,2
2024-09-19,0.1776766666666666,0.1586437175003578,3,0.048955,0.354913,0.248615,0.745845,0.2182783333333333,0.0741681865514678,2,3,bullish,0.210209,0.1052640980981848,0.0441730844833333,0.038554111111111,0.0899236057668219,3.3333333333333335,0.1601785833333333,-0.0189428333333333,0.0971404523809523,0.0948802002647502,3.857142857142857,0.1929693253968254,0.1351648333333333,0.1016518011904762,0.1012207633856063,4.714285714285714,0.1836341222222222,0.1261814666666667,0.0894787305555555,0.0957426216472391,3.433333333333333,0.1491606431481481,0.3021366666666666,50.0,-0.0827588,0.0091585527777777,0.2834965055321099,-0.1227723388654432,-6.461540826049982,0.2132593333333333,0.0,0.0,0.0,0.0,0.0,0.0,0.0,0.0,0.0,0.0,0.0,0.0,0.0,0.0,0.0,0.0,0.0,0.0,0.0,0.0,0.0,0.0,0.0,0.0,0.0,0.0,0.0,0.0,0.0,0.0,0.0,0.0,0.0,0.0,0.0,0.0,0.0,0.0,0.0,0.0,0.0,0.0,0.0,0.0,0.0,0.0441730844833333,0.1325192534499999,0.248615,2
2024-09-20,0.0077008181818181,0.0288611572907885,11,-0.038716,0.05616,0.1837785454545454,2.021564,0.0477015454545454,0.0409058999152045,4,11,neutral,-0.1699758484848485,0.0899835099367056,0.0014152451642644,0.0509483838383838,0.0919542723973724,5.666666666666667,0.2060078484848485,0.0371828181818181,0.0781349025974025,0.0957051391244852,5.0,0.1853461652236652,-0.1330388484848485,0.0879371453463203,0.0920311448934041,5.285714285714286,0.1673319468975469,-0.1920051818181818,0.0855625744949494,0.0939578468498469,3.7333333333333334,0.148497627996633,-0.1174846818181818,50.0,0.0828061666666666,0.0060833629629629,0.2716518098306507,-0.1141641613458022,-0.956658247105314,-0.3801848484848485,0.0,0.0,0.0,0.0,0.0,0.0,0.0,0.0,0.0,0.0,0.0,0.0,0.0,0.0,0.0,0.0,0.0,0.0,0.0,0.0,0.0,0.0,0.0,0.0,0.0,0.0,0.0,0.0,0.0,0.0,0.0,0.0,0.0,0.0,0.0,0.0,0.0,0.0,0.0,0.0,0.0,0.0,0.0,0.0,0.0,0.0014152451642644,0.015567696806909,0.1837785454545454,4
2024-09-23,0.1678803999999999,0.267046215682417,5,-0.125316,0.55442,0.3125433999999999,1.562717,0.2174504,0.0881139811142363,2,5,bullish,0.1601795818181818,0.1131356380547342,0.0524699110093599,0.1177526282828282,0.1515170301578544,6.333333333333333,0.2483123151515152,0.2004127333333333,0.086119293073593,0.1194939608943241,4.428571428571429,0.199690635064935,0.0558907333333333,0.0872215453463203,0.0993124086362432,5.285714285714286,0.1745414326118326,-0.0100184,0.0864292378282828,0.1040965810806347,3.8333333333333335,0.1520912913299663,0.0259998999999999,50.0,0.01954425,-0.0026645648148148,0.2910408843713788,-0.1208229208865303,20.80033290441393,0.3301554303030303,0.0,0.0,0.0,0.0,0.0,0.0,0.0,0.0,0.0,0.0,0.0,0.0,0.0,0.0,0.0,0.0,0.0,0.0,0.0,0.0,0.0,0.0,0.0,0.0,0.0,0.0,0.0,0.0,0.0,0.0,0.0,0.0,0.0,0.0,0.0,0.0,0.0,0.0,0.0,0.0,0.0,0.0,0.0,0.0,0.0,0.0524699110093599,0.2623495550467999,0.3125433999999999,2
2024-09-24,0.1794059999999999,0.1679181160000314,3,-0.013415,0.293467,0.1982366666666666,0.59471,0.2009839999999999,0.0691634698883738,2,3,bullish,0.0115255999999999,0.1421654297749132,0.0355648474199999,0.1183290727272726,0.1546084963244123,6.333333333333333,0.2315195373737374,0.0017293333333333,0.0953241502164502,0.1264116973379966,4.714285714285714,0.2197775874458874,0.0644339999999999,0.0932725215367965,0.1042340067341442,5.071428571428571,0.1819332302308802,0.0847136666666666,0.0920661044949495,0.1096446719260619,3.8666666666666663,0.1542957468855218,0.1691059999999999,50.0,0.10901375,0.0073155462962962,0.3049222655108558,-0.1222244020260073,0.0686536367556902,-0.1486539818181818,0.0,0.0,0.0,0.0,0.0,0.0,0.0,0.0,0.0,0.0,0.0,0.0,0.0,0.0,0.0,0.0,0.0,0.0,0.0,0.0,0.0,0.0,0.0,0.0,0.0,0.0,0.0,0.0,0.0,0.0,0.0,0.0,0.0,0.0,0.0,0.0,0.0,0.0,0.0,0.0,0.0,0.0,0.0,0.0,0.0,0.0355648474199999,0.1066945422599999,0.1982366666666666,2
2024-09-25,0.0402622,0.1795372301563104,5,-0.125386,0.270171,0.2204549999999999,1.102275,0.1885324,0.0546875895363838,1,5,neutral,-0.1391437999999999,0.160401287325981,0.008876003301,0.1291828666666666,0.2048338539462529,4.333333333333333,0.2437450222222222,0.0325613818181818,0.072987393073593,0.1304476480614304,4.857142857142857,0.1993641945887445,-0.1563573,0.0921909286796536,0.1087022137141483,5.285714285714286,0.1833114088023088,-0.0151422999999999,0.0902368444949495,0.1126834788056379,4.0,0.1597987802188552,-0.0548778,50.0,-0.0330633333333333,-1.3796296296308038e-05,0.3129721214299774,-0.1303413379451289,-0.7755805268497151,-0.1506693999999999,0.0,0.0,0.0,0.0,0.0,0.0,0.0,0.0,0.0,0.0,0.0,0.0,0.0,0.0,0.0,0.0,0.0,0.0,0.0,0.0,0.0,0.0,0.0,0.0,0.0,0.0,0.0,0.0,0.0,0.0,0.0,0.0,0.0,0.0,0.0,0.0,0.0,0.0,0.0,0.0,0.0,0.0,0.0,0.0,0.0,0.008876003301,0.0443800165049999,0.2204549999999999,1
2024-09-26,0.1292067142857142,0.1013221126831227,7,0.04449,0.344709,0.2950952857142857,2.065667,0.1997611428571428,0.1076544596806971,3,7,neutral,0.0889445142857142,0.148936966362534,0.0381282922683469,0.116291638095238,0.1495924862798215,5.0,0.2379289841269841,-0.0386736857142857,0.0956572094001236,0.1416694988162856,5.285714285714286,0.2349076996907854,0.1586887142857143,0.0927728189857761,0.1067066601220928,5.214285714285714,0.1992176077819006,0.0081464642857142,0.0886271183044733,0.1098166867085961,4.166666666666667,0.1664027064093313,-0.0482917857142856,50.0,0.1477961666666666,0.0347849999999999,0.3206098990220891,-0.1207022441086691,2.209131996903157,0.2280883142857142,0.0,0.0,0.0,0.0,0.0,0.0,0.0,0.0,0.0,0.0,0.0,0.0,0.0,0.0,0.0,0.0,0.0,0.0,0.0,0.0,0.0,0.0,0.0,0.0,0.0,0.0,0.0,0.0,0.0,0.0,0.0,0.0,0.0,0.0,0.0,0.0,0.0,0.0,0.0,0.0,0.0,0.0,0.0,0.0,0.0,0.0381282922683469,0.2668980458784286,0.2950952857142857,3
2024-09-27,0.019696125,0.0282745627347141,8,-0.043803,0.046381,0.172345375,1.378763,0.052742625,0.0629345715801906,2,8,neutral,-0.1095105892857142,0.1488196474513191,0.0033945360491718,0.063055013095238,0.1030446351913824,6.666666666666667,0.2292985535714286,-0.1597098749999999,0.103118417733457,0.1330861588639631,6.0,0.2330098961193568,0.0522284583333333,0.0904748041048237,0.1086936977837608,5.571428571428571,0.2069633250438054,-0.0321722083333333,0.0867853641378066,0.1056785211988665,4.3,0.1664985105759981,-0.055252625,50.0,-0.1277596666666666,0.0018397592592592,0.3182406440814748,-0.1215128966680549,-0.8475611340410217,-0.1984551035714285,0.0,0.0,0.0,0.0,0.0,0.0,0.0,0.0,0.0,0.0,0.0,0.0,0.0,0.0,0.0,0.0,0.0,0.0,0.0,0.0,0.0,0.0,0.0,0.0,0.0,0.0,0.0,0.0,0.0,0.0,0.0,0.0,0.0,0.0,0.0,0.0,0.0,0.0,0.0,0.0,0.0,0.0,0.0,0.0,0.0,0.0033945360491718,0.027156288393375,0.172345375,2
2024-09-29,0.143562,0.0282745627347141,1,0.143562,0.143562,0.046999,0.046999,0.206827,0.0629345715801906,1,1,neutral,0.1238658749999999,0.0,0.006747270438,0.0,0.0,0.0,0.0,0.0,0.0,0.0,0.0,0.0,0.0,0.0,0.0,0.0,0.0,0.0,0.0,0.0,0.0,0.0,0.0,0.0,0.0027790420673076,0.0015439122596153,0.0,0.0,6.288844887001884,0.0,0.0,0.0,0.0,0.0,0.0,0.0,0.0,0.989041,0.0,0.333333,0.333333,0.0,0.0,0.0,0.333333,0.0,0.0,0.0,0.0,0.0,0.0,0.0,0.143562,0.0,0.143562,0.143562,0.0,0.0,0.0,0.143562,0.0,0.0,0.0,0.0,0.0,0.0,0.0,0.1419887040419999,0.0,0.0478539521459999,0.0478539521459999,0.0,0.0,0.0,0.0478539521459999,0.1004934,0.1004934,0.7,1
2024-09-30,0.4245394999999999,0.0058824213126909,2,0.42038,0.428699,0.504777,1.009554,0.2510155,0.0129138911448099,2,2,bullish,0.2809775,0.0,0.2142977751915,0.1959325416666666,0.2074404608464624,1.6666666666666667,0.2413737916666666,0.2024216875,0.0,0.0,0.0,0.0,0.0,0.0,0.0,0.0,0.0,0.0,0.0,0.0,0.0,0.0,0.0,0.0,0.0122541466592378,0.0059333525873295,0.0,0.0,1.9571857455315471,-4.331659141470336,0.0,0.682689,0.0,0.158519,0.0,0.0,0.0,0.134913,0.0,1.0,0.0,0.0,0.0,0.0,0.0,0.0,0.4245394999999999,0.0,0.4245394999999999,0.0,0.0,0.0,0.4245394999999999,0.0,0.4245394999999999,0.0,0.0,0.0,0.0,0.0,0.0,0.579656893431,0.0,0.1345951540009999,0.0,0.0,0.0,0.114774195273,0.0,0.8490789999999999,0.0,0.0,0.0,0.0,0.0,0.2122697499999999,0.4245394999999999,0.5,2
2024-10-02,-0.002789,0.0058824213126909,1,-0.002789,-0.002789,0.170275,0.170275,0.187809,0.0129138911448099,1,1,neutral,-0.4273284999999999,0.0,-0.000474896975,0.1884375,0.2171699095253529,1.3333333333333333,0.2406836666666666,-0.0731754999999999,0.0,0.0,0.0,0.0,0.0,0.0,0.0,0.0,0.0,0.0,0.0,0.0,0.0,0.0,0.0,0.0,0.0008347592196962,0.004206186812386,0.0,0.0,-1.0065694711563942,-2.9637552166879413,0.0,0.9545,0.0,0.0,0.0,0.0,0.0,0.214378,0.0,1.0,0.0,0.158519,0.0,0.0,0.0,0.0,-0.002789,0.0,0.0,0.0,0.0,0.0,-0.002789,0.0,-0.002789,0.0,-0.002789,0.0,0.0,0.0,0.0,-0.0026621005,0.0,0.0,0.0,0.0,0.0,-0.000597900242,0.0,-0.002789,0.0,-0.0004421094909999,0.0,0.0,0.0,-0.0013945,-0.0013945,0.5,1
2024-10-03,-0.0629135,0.086863118321299,2,-0.124335,-0.001492,0.1246029999999999,0.2492059999999999,0.1882265,0.1444145392420721,2,2,neutral,-0.0601245,0.0,-0.0078392108404999,0.1196123333333333,0.265780307027408,1.6666666666666667,0.2665516666666666,-0.2437264999999999,0.0,0.0,0.0,0.0,0.0,0.0,0.0,0.0,0.0,0.0,0.0,0.0,0.0,0.0,0.0,0.0,-0.0077804311171756,0.000640438975177,0.0,0.0,21.557726783793473,22.564296254949863,0.0,0.367404,0.0,0.0,0.0,0.0,0.0,0.9551575,0.0,1.0,0.0,0.0,0.0,0.0,0.0,0.0,-0.0629135,0.0,0.0,0.0,0.0,0.0,-0.0629135,0.0,-0.0629135,0.0,0.0,0.0,0.0,0.0,0.0,-0.020569283053,0.0,0.0,0.0,0.0,0.0,-0.1233495912259999,0.0,-0.125827,0.0,0.0,0.0,0.0,0.0,-0.03145675,-0.0629135,0.5,2
2024-10-04,0.1398102,0.2481339308945876,5,-0.091469,0.560471,0.2982554,1.491277,0.0592316,0.0577256943336327,5,3,neutral,0.2027237,0.0,0.04169914712508,0.0247025666666666,0.1041204317786058,2.0,0.1977111333333333,0.0712996,0.0,0.0,0.0,0.0,0.0,0.0,0.0,0.0,0.0,0.0,0.0,0.0,0.0,0.0,0.0,0.0,-0.0041444985186311,-0.0006565451230231,0.0,0.0,-3.22226072305626,-24.779987506849732,0.0,0.1880125,0.0,0.0,0.0,0.0,0.0,0.3963495,0.0,0.9,0.0,0.0,0.0,0.0,0.5,0.0,0.293173,0.0,0.0,0.0,0.0,0.0,0.1487135,0.0,0.1398102,0.0,0.0,0.0,0.0,0.560471,0.0,0.096145486487,0.0,0.0,0.0,0.0,0.0,0.1855377207,0.0,0.4188155,0.0,0.0,0.0,0.0,0.2802355,0.0699051,0.3495255,0.5,3
2024-10-05,0.098369,0.2481339308945876,1,0.098369,0.098369,0.110209,0.110209,0.181006,0.0577256943336327,1,1,neutral,-0.0414412,0.1590844363084079,0.010841149121,0.0584219,0.107103000584624,2.0,0.1776891333333333,0.08064125,0.1086106178571428,0.1590844363084079,1.7142857142857142,0.2039233964285714,-0.0092477848214285,0.0,0.0,0.0,0.0,0.0,0.0,0.0,0.0,0.0,0.0,0.0,-0.00361870817183,-0.0014061895673568,0.0,0.0,-0.2964104192684083,2.925850303787852,0.0,0.87644,0.0,0.0,0.0,0.0,0.0,0.360215,0.0,1.0,0.0,0.0,0.0,0.0,0.0,0.0,0.098369,0.0,0.0,0.0,0.0,0.0,0.098369,0.0,0.098369,0.0,0.0,0.0,0.0,0.0,0.0,0.08621452636,0.0,0.0,0.0,0.0,0.0,0.035433989335,0.0,0.098369,0.0,0.0,0.0,0.0,0.0,0.0688583,0.0688583,0.7,1
2024-10-07,0.0219476666666666,0.1129921161069803,3,-0.101754,0.119724,0.127621,0.382863,0.2567713333333333,0.1206127606944362,3,3,neutral,-0.0764213333333333,0.1588768407271738,0.0028009831676666,0.0867089555555555,0.0597901469162986,2.3333333333333335,0.1786951333333333,-0.0589312666666666,0.1089322666666666,0.1588768407271738,1.8571428571428572,0.1975342,-0.0312351714285714,0.0,0.0,0.0,0.0,0.0,0.0,0.0,0.0,0.0,0.0,0.0,-0.0068425495681443,-0.0027126491063185,0.0,0.0,-0.7768843165360361,-0.4804738972676278,0.0,0.823324,0.0,0.0,0.0,0.0,0.5,0.4403043333333333,0.0,0.5,0.0,0.99986,0.0,0.0,0.5,0.0,0.0837985,0.0,0.0,0.0,0.0,-0.101754,0.0219476666666666,0.0,0.0219476666666666,0.0,0.119724,0.0,0.0,0.0837985,0.0,0.150387899475,0.0,0.0,0.0,0.0,-0.050877,0.102892207999,0.0,0.0329215,0.0,0.1197072386399999,0.0,0.0,0.0837985,0.0141653666666666,0.0424960999999999,0.5666666666666667,3
2024-10-08,0.1166189999999999,0.115211904923059,3,0.002815,0.233189,0.1299483333333333,0.389845,0.1954136666666666,0.1005972975100888,3,2,neutral,0.0946713333333333,0.1582230845716929,0.0151544446849999,0.0789785555555555,0.0502260623640015,2.0,0.1225927777777777,0.009125,0.1050832666666666,0.1582230845716929,2.0,0.2093841047619047,-0.0254644880952381,0.0,0.0,0.0,0.0,0.0,0.0,0.0,0.0,0.0,0.0,0.0,-0.0042738973501615,-0.0030733051960388,0.0,0.0,4.313503333687711,5.0903876502237475,0.0,0.6516515,0.0,0.0,0.0,0.0,0.0,0.4410719999999999,0.0,0.6666666666666666,0.0,0.99986,0.0,0.0,0.5,0.0,0.173521,0.0,0.0,0.0,0.0,0.0,0.1166189999999999,0.0,0.1166189999999999,0.0,0.113853,0.0,0.0,0.058334,0.0,0.1854797167069999,0.0,0.0,0.0,0.0,0.0,0.151993458054,0.0,0.291523,0.0,0.11383706058,0.0,0.0,0.058334,0.0583094999999999,0.1749285,0.5,2
2024-10-09,-0.0746333333333333,0.0896914102371756,3,-0.128428,0.028907,0.2182663333333333,0.654799,0.1046733333333333,0.0959162845211037,3,2,neutral,-0.1912523333333333,0.0864646569965427,-0.0162899440111111,0.0213111111111111,0.0956277556653535,2.3333333333333335,0.1586118888888888,-0.0482905,0.0337728619047619,0.0864646569965427,2.0,0.1684540095238095,0.0009167666666666,0.0,0.0,0.0,0.0,0.0,0.0,0.0,0.0,0.0,0.0,0.0,-0.0122408662646922,-0.0051273710516068,0.0,0.0,-1.6399757615254231,-5.953479095213135,0.0,0.875462,0.0,0.0,0.0,0.0,0.0,0.3547580000000001,0.0,1.0,0.0,0.0,0.0,0.0,0.0,0.0,-0.124379,0.0,0.0,0.0,0.0,0.0,-0.0746333333333333,0.0,-0.0746333333333333,0.0,0.0,0.0,0.0,0.0,0.0,-0.1088890880979999,0.0,0.0,0.0,0.0,0.0,-0.077799262787,0.0,-0.2239,0.0,0.0,0.0,0.0,0.0,-0.0373166666666666,-0.11195,0.5,2
2024-10-10,0.0602412499999999,0.2575597658568783,4,-0.191923,0.329935,0.27270675,1.090827,0.1376045,0.0597073804399422,4,3,neutral,0.1348745833333333,0.0852966222942745,0.0164281955034375,0.0340756388888888,0.0982743260214717,2.3333333333333335,0.2069738055555555,-0.0281888749999999,0.0427771833333333,0.0852966222942745,2.2857142857142856,0.1830871166666667,-0.0014704577380952,0.0,0.0,0.0,0.0,0.0,0.0,0.0,0.0,0.0,0.0,0.0,-0.0106407358270654,-0.0063336637614633,0.0,0.0,-1.8071627958910228,-0.1671870343655994,0.0,0.3445426666666666,0.0,0.0,0.0,0.0,0.333333,0.7952676666666667,0.158519,0.83333325,0.0,0.0,0.333333,0.0,0.0,0.0,0.0042203333333333,0.0,0.0,0.0,0.0,0.329935,0.0042203333333333,0.228304,0.0602412499999999,0.0,0.0,0.329935,0.0,0.0,0.0,-0.121229469866,0.0,0.0,0.0,0.0,0.1099782233549999,0.0831203076049999,0.036190521776,0.0210082233549999,0.0,0.0,0.1099782233549999,0.0,0.0,0.0301206249999999,0.1204824999999999,0.5,3
2024-10-11,0.08293675,0.1276325167512182,4,-0.045927,0.249318,0.4381365,1.752546,0.12524325,0.0740076817516263,4,2,neutral,0.0226955,0.0719449483445766,0.036337617366375,0.0228482222222222,0.0851807588907883,2.3333333333333335,0.3097031944444444,0.0787850416666666,0.0636129333333333,0.0719449483445766,2.2857142857142856,0.2278776166666666,-0.0122663160714285,0.0,0.0,0.0,0.0,0.0,0.0,0.0,0.0,0.0,0.0,0.0,-0.00807614963697,-0.0067078766504861,0.0,0.0,0.3767435104683254,2.183906306359348,0.0,0.684621,0.0,0.0,0.0,0.0,0.333333,0.22290775,0.0,0.83333325,0.0,0.0,0.0,0.0,0.333333,0.0,-0.045927,0.0,0.0,0.0,0.0,0.249318,0.08293675,0.0,0.08293675,0.0,0.0,0.0,0.0,0.249318,0.0,-0.031442588667,0.0,0.0,0.0,0.0,0.083105916894,0.088340582711,0.0,0.165534916894,0.0,0.0,0.0,0.0,0.083105916894,0.041468375,0.1658735,0.5,2
2024-10-13,0.087308,0.1276325167512182,1,0.087308,0.087308,0.037155,0.037155,0.170322,0.0740076817516263,1,1,neutral,0.0043712499999999,0.0650872533475872,0.0032439287399999,0.0768286666666666,0.0145304421954671,2.0,0.24933275,0.013533375,0.056112619047619,0.0650872533475872,2.0,0.1905775595238095,0.0011577648809523,0.0,0.0,0.0,0.0,0.0,0.0,0.0,0.0,0.0,0.0,0.0,-0.0058201257051004,-0.0065199977072753,0.0,0.0,0.0527058270308395,-0.3240376834374858,0.0,0.98396,0.0,0.0,0.158519,0.0,0.0,0.967645,0.0,0.333333,0.0,0.0,0.0,0.333333,0.333333,0.0,0.087308,0.0,0.0,0.087308,0.0,0.0,0.087308,0.0,0.087308,0.0,0.0,0.0,0.087308,0.087308,0.0,0.08590757968,0.0,0.0,0.0138399768519999,0.0,0.0,0.0844831496599999,0.0,0.0291026375639999,0.0,0.0,0.0,0.0291026375639999,0.0291026375639999,0.0611155999999999,0.0611155999999999,0.7,1
2024-10-14,0.0836985,0.2234310067000549,4,-0.173833,0.370899,0.225661,0.902644,0.1695725,0.1708255841289588,4,2,neutral,-0.0036095,0.063721707659691,0.0188874872085,0.08464775,0.0023351152674929,1.6666666666666667,0.2336508333333333,0.000380875,0.0540168333333333,0.063721707659691,2.142857142857143,0.2070707023809523,0.0101500208333333,0.0813137255952381,0.1198208817026476,1.9285714285714288,0.2054970494047619,-0.0057682862087912,0.0,0.0,0.0,0.0,0.0,51.922735652088846,-0.0042650632504702,-0.0060482637364695,0.0,0.0,-0.0413421450497091,-0.0940479720805487,0.0,0.5309013333333333,0.0,0.0,0.158519,0.0,0.5,0.93822,0.0,0.875,0.0,0.0,0.0,0.0,0.0,0.0,0.0832813333333333,0.0,0.0,-0.173833,0.0,-0.173833,0.2279244999999999,0.0,0.0836985,0.0,0.0,0.0,0.0,0.0,0.0,0.321052316019,0.0,0.0,-0.027555833327,0.0,-0.0869165,0.4100207195599999,0.0,0.4217104999999999,0.0,0.0,0.0,0.0,0.0,0.04184925,0.167397,0.5,2
2024-10-15,0.1363555714285714,0.1228019473079276,7,0.013318,0.332997,0.2355934285714285,1.649154,0.1451814285714285,0.1218203629213347,7,4,neutral,0.0526570714285714,0.0686101198366126,0.0321244765776734,0.1024540238095238,0.0294150186263309,2.3333333333333335,0.1661364761904762,0.0245237857142857,0.0703608197278911,0.0686101198366126,2.2857142857142856,0.2224953350340135,0.014390718962585,0.0896465431972789,0.1192612975448255,2.0714285714285716,0.2100147675170068,-0.0062270115122972,0.0,0.0,0.0,0.0,0.0,53.39716025073096,8.686130161979222e-05,-0.0047764922475744,0.0,0.0,0.6291280181672481,0.6704701632169572,0.0,0.0,0.158519,0.158519,0.0,0.0,0.0,0.27411375,0.158519,0.8571428571428571,0.0,0.0,0.5,0.0,0.5,0.0,0.0,0.086424,0.0134745,0.0,0.0,0.0,0.210279,0.196067,0.1363555714285714,0.0,0.0,0.070055,0.0,0.086424,0.0,0.0,0.013699846056,0.0042719285309999,0.0,0.0,0.0,0.228757851395,0.0310803447729999,0.8762495,0.0,0.0,0.0350275,0.0,0.043212,0.0737797,0.5164579,0.5285714285714286,4
2024-10-16,0.1229484999999999,0.028330233188239,2,0.102916,0.142981,0.0421195,0.084239,0.2806095,0.0731735310375275,2,1,neutral,-0.0134070714285714,0.06935898513526,0.00517852934575,0.1143341904761904,0.0273650605569839,2.3333333333333335,0.1677913095238095,0.019625,0.0712650340136054,0.06935898513526,2.142857142857143,0.2099483588435373,0.0266334247448979,0.088174150340136,0.1186702395689137,2.0714285714285716,0.2096662318027211,-0.0034980943903715,0.0,0.0,0.0,0.0,0.0,49.3584565989602,0.0025748485732896,-0.0032636411095164,0.0,0.0,-0.0983243389918584,-0.7274523571591065,0.0,0.0,0.0,0.0,0.0,0.0,0.0,0.0,0.0,0.75,0.0,0.0,0.5,0.0,0.0,0.0,0.0,0.0,0.0,0.0,0.0,0.0,0.0,0.0,0.1229484999999999,0.0,0.0,0.102916,0.0,0.0,0.0,0.0,0.0,0.0,0.0,0.0,0.0,0.0,0.0,0.194439,0.0,0.0,0.051458,0.0,0.0,0.0614742499999999,0.1229484999999999,0.5,1
2024-10-17,0.1384948888888889,0.0807514104527661,9,0.0113,0.274333,0.2445013333333333,2.200512,0.1613514444444444,0.0943388236360183,9,4,neutral,0.0155463888888889,0.0305735217819882,0.0338621849931851,0.1325996534391534,0.0084263124691973,3.0,0.1740714206349206,0.0010696587301587,0.1017119229024943,0.0305735217819882,2.4285714285714284,0.2136962159863945,0.0129939995748299,0.0677423924036281,0.0715865634655471,2.2142857142857144,0.191075112755102,0.0090286085679399,0.0,0.0,0.0,0.0,0.0,39.335641052837715,0.0054024133381435,-0.0014905026924117,0.0,0.0,0.126446348584073,0.2247706875759314,0.0,0.5401859999999999,0.0,0.0,0.0,0.0,0.0,0.645026,0.158519,0.7037036666666666,0.0,0.0,0.0,0.45833325,0.4166665,0.0,0.2546675,0.0,0.0,0.0,0.0,0.0,0.1692763333333333,0.078723,0.1384948888888889,0.0,0.0,0.0,0.17548325,0.176528,0.0,0.258144368993,0.0,0.0,0.0,0.0,0.0,0.561330815598,0.0124790912369999,0.810403741889,0.0,0.0,0.0,0.305244241889,0.130805741889,0.0697496666666666,0.627747,0.5444444444444445,4
2024-10-18,0.0997605,0.1142701992107595,4,0.037861,0.271073,0.2736409999999999,1.094564,0.1135265,0.020805678399578,4,3,neutral,-0.0387343888888888,0.0247296131025154,0.0272985629804999,0.1204012962962963,0.0194924191849042,2.6666666666666665,0.1867539444444444,-0.0115939999999999,0.1073575300453514,0.0247296131025154,2.4285714285714284,0.2138296802721088,0.0068605367063491,0.0750673566893424,0.0690148141115809,2.357142857142857,0.1984583984693877,0.0076182009035409,0.0,0.0,0.0,0.0,0.0,55.383005439396186,0.0050593517410157,-0.0001565005596949,0.0,0.0,-0.279680999058128,-0.406127347642201,0.0,0.96136,0.0,0.0,0.0,0.0,0.0,0.199746,0.0,0.875,0.0,0.0,0.0,0.0,0.5,0.0,0.037861,0.0,0.0,0.0,0.0,0.0,0.0997605,0.0,0.0997605,0.0,0.0,0.0,0.0,0.047043,0.0,0.03639805096,0.0,0.0,0.0,0.0,0.0,0.094336559514,0.0,0.3755205,0.0,0.0,0.0,0.0,0.0235215,0.04988025,0.199521,0.5,3
2024-10-21,0.2432579999999999,0.1415108220684905,5,0.032365,0.373548,0.4782432,2.391216,0.1904136,0.1320739687232121,5,4,bullish,0.1434974999999999,0.0545741735417077,0.1163364843455999,0.1605044629629629,0.0742374510591123,3.6666666666666665,0.3321285111111111,0.0523815555555555,0.1302605657596371,0.0545741735417077,2.7142857142857144,0.2195592088435374,0.0179326184807256,0.0969367495464852,0.0704235374979877,2.5,0.223718412755102,0.0078748284039769,0.0,0.0,0.0,0.0,0.0,64.77799825336679,0.0139393616787192,0.0027038945255561,0.0,0.0,1.4384200159381717,1.7181010149962996,0.0,0.77235575,0.0,0.158519,0.0,0.0,0.0,0.5952234,0.0,0.9,0.0,0.158519,0.0,0.0,0.5,0.0,0.29598125,0.0,0.29598125,0.0,0.0,0.0,0.2432579999999999,0.0,0.2432579999999999,0.0,0.3695695,0.0,0.0,0.259902,0.0,1.008004348914,0.0,0.187674607075,0.0,0.0,0.0,0.853627989211,0.0,1.086339,0.0,0.1171675751409999,0.0,0.0,0.129951,0.1229236,0.614618,0.54,4
2024-10-23,-0.124495,0.1415108220684905,1,-0.124495,-0.124495,0.06515,0.06515,0.102749,0.1320739687232121,1,1,neutral,-0.367753,0.1114427158420068,-0.00811084925,0.0728411666666666,0.1853484694638272,2.6666666666666665,0.2723447333333333,-0.11212775,0.1000029943310657,0.1114427158420068,2.7142857142857144,0.2235584945578231,-0.0154987015306122,0.0780578066893424,0.0905866582230594,2.357142857142857,0.2070680270408162,0.0029616174428745,0.0,0.0,0.0,0.0,0.0,38.99583406516105,-0.0033563462037451,0.00147770942802,0.3229390842216519,-0.1474676223565725,-1.5117817296861769,-2.9502017456243483,0.0,0.158519,0.0,0.0,0.0,0.0,0.5,0.962106,0.0,0.5,0.0,0.0,0.0,0.0,0.0,0.0,-0.124495,0.0,0.0,0.0,0.0,-0.124495,-0.124495,0.0,-0.124495,0.0,0.0,0.0,0.0,0.0,0.0,-0.0197348229049999,0.0,0.0,0.0,0.0,-0.0622475,-0.11977738647,0.0,-0.0622475,0.0,0.0,0.0,0.0,0.0,-0.0622475,-0.0622475,0.5,1
2024-10-24,0.066747,0.0694619275430793,2,0.01763,0.115864,0.1387745,0.277549,0.0879979999999999,0.2133906844264763,2,2,neutral,0.191242,0.1120386448434326,0.0092627815515,0.0618366666666666,0.1839256664588531,2.3333333333333335,0.2273892333333333,-0.0882554999999999,0.0975813514739229,0.1120386448434326,2.7142857142857144,0.2111461374149659,-0.0213910572562358,0.0757990924036281,0.0904353654170058,2.4285714285714284,0.2091084198979591,0.003308051316937,0.0,0.0,0.0,0.0,0.0,48.82945059999451,-0.0040268209267405,0.0003665547642131,0.3233594664208902,-0.1431829170558108,-1.5361420137354913,-0.0243602840493144,0.0,0.682689,0.0,0.0,0.158519,0.0,0.0,0.738291,0.0,0.4166665,0.333333,0.0,0.0,0.333333,0.5,0.0,0.115864,0.0,0.0,0.115864,0.0,0.0,0.066747,0.0,0.066747,0.115864,0.0,0.0,0.115864,0.01763,0.0,0.0790990782959999,0.0,0.0,0.018366645416,0.0,0.0,0.122371796204,0.0,0.0474362947119999,0.0386212947119999,0.0,0.0,0.0386212947119999,0.008815,0.0333735,0.066747,0.5,2
2024-10-25,0.2532006666666666,0.1107050550087935,9,0.115199,0.400921,0.3000256666666666,2.7002309999999996,0.2701328888888888,0.1001071375545276,9,5,bullish,0.1864536666666666,0.1265434590344914,0.075966698817111,0.0651508888888888,0.1888528920422021,2.6666666666666665,0.1679833888888888,0.1888478333333333,0.1142735079365079,0.1265434590344914,2.857142857142857,0.2203507428571428,0.000821615079365,0.0923171638321995,0.1004117324053723,2.5714285714285716,0.2214230389455782,0.0066013459968602,0.0,0.0,0.0,0.0,0.0,57.9154726127956,0.0080086899732556,0.0019063434410815,0.339061724569456,-0.14792130853771,2.793438906118127,4.329580919853618,0.0,0.912042,0.0,0.310843,0.310843,0.0,0.5,0.4029881666666666,0.0,0.9444444444444444,0.0,0.158519,0.0,0.0,0.0,0.0,0.270450875,0.0,0.2111433333333333,0.154682,0.0,0.154682,0.2139728333333333,0.0,0.2532006666666666,0.0,0.154682,0.0,0.0,0.0,0.0,1.989529794948,0.0,0.1968972814899999,0.0480818169259999,0.0,0.077341,0.5371923000329999,0.0,2.201465,0.0,0.0245200359579999,0.0,0.0,0.0,0.1389470666666666,1.2505236,0.5444444444444445,5
2024-10-26,0.062863,0.1107050550087935,1,0.062863,0.062863,0.055364,0.055364,0.192282,0.1001071375545276,1,1,neutral,-0.1903376666666666,0.1278876554588566,0.003480347132,0.1276035555555555,0.1087876238530494,2.6666666666666665,0.1647213888888888,-0.0019419999999999,0.105689865079365,0.1278876554588566,2.857142857142857,0.2222428142857142,-0.003447369047619,0.0884774495464852,0.1004387562743547,2.5,0.2160955865646258,0.0065609578929007,0.0,0.0,0.0,0.0,0.0,48.27310146729479,0.0043166989973432,0.0023912770953782,0.2655104774206349,-0.1105377113888888,-0.7517265620680303,-3.5451654681861573,0.0,0.858979,0.0,0.0,0.0,0.0,0.0,0.161647,0.0,0.5,0.0,0.0,0.0,0.0,0.5,0.0,0.062863,0.0,0.0,0.0,0.0,0.0,0.062863,0.0,0.062863,0.0,0.0,0.0,0.0,0.062863,0.0,0.053997996877,0.0,0.0,0.0,0.0,0.0,0.010161615361,0.0,0.0314315,0.0,0.0,0.0,0.0,0.0314315,0.0440041,0.0440041,0.7,1
2024-10-28,0.21374925,0.1847433135756654,4,-0.009697,0.439896,0.2324892499999999,0.929957,0.167311,0.0527895263033618,4,2,bullish,0.15088625,0.1341163327912599,0.0496944028205625,0.1766043055555555,0.1004585337906313,2.6666666666666665,0.1959596388888888,-0.0197257083333332,0.116440488095238,0.1341163327912599,2.5714285714285716,0.2205268023809523,0.0128168541666666,0.1090762054988662,0.0937635499735729,2.5,0.2171115091836734,0.004762873635095,0.0,0.0,0.0,0.0,0.0,59.51088588100565,0.0117712228650274,0.004276167392069,0.2817345845412905,-0.1051079935095445,2.4002394095095685,3.151965971577599,0.0,0.8423305,0.0,0.0,0.0,0.0,0.2916665,1.0,0.0,0.64583325,0.2916665,0.108179,0.0,0.25,0.0,0.0,0.21374925,0.0,0.0,0.0,0.0,0.3133215,0.186747,0.0,0.21374925,0.3133215,-0.009697,0.0,0.186747,0.0,0.0,0.598349971988,0.0,0.0,0.0,0.0,0.193318603368,0.186747,0.0,0.421672603368,0.193318603368,-0.001049011763,0.0,0.04668675,0.0,0.116211975,0.4648479,0.55,2
2024-10-30,0.0,0.1847433135756654,1,0.0,0.0,0.087824,0.087824,0.102687,0.0527895263033618,1,1,neutral,-0.21374925,0.1412925881681377,0.0,0.0922040833333333,0.1098538112550985,1.3333333333333333,0.12522575,-0.0314315,0.102188988095238,0.1412925881681377,2.2857142857142856,0.1939815166666666,-0.0020417678571428,0.1047732590702947,0.0974854599822344,2.357142857142857,0.2039055984693877,3.646703296703349e-05,0.0,0.0,0.0,0.0,0.0,48.11148911667494,0.0025729505141498,0.0039342322219358,0.2763844551038515,-0.0934665140721054,-1.0,-3.4002394095095685,0.0,0.744043,0.0,0.158519,0.0,0.0,0.0,0.214378,0.0,1.0,0.0,0.0,0.0,0.0,0.0,0.0,0.0,0.0,0.0,0.0,0.0,0.0,0.0,0.0,0.0,0.0,0.0,0.0,0.0,0.0,0.0,0.0,0.0,0.0,0.0,0.0,0.0,0.0,0.0,0.0,0.0,0.0,0.0,0.0,0.0,0.0,0.0,0.5,1
2024-10-31,0.171456,0.1114640703455602,2,0.092639,0.250273,0.2308215,0.461643,0.1685195,0.018657012421607,2,2,bullish,0.171456,0.1316197311447191,0.039575731104,0.12840175,0.1131920350607209,1.6666666666666667,0.1837115833333333,-0.0211466249999999,0.0919315595238095,0.1316197311447191,2.0,0.1586355595238095,0.0255324136904762,0.1110960626417233,0.0988216959917058,2.357142857142857,0.1890973841836734,0.0012218032879818,0.0,0.0,0.0,0.0,0.0,52.53825770010314,0.007421451346907,0.0046337903315827,0.2802363043316998,-0.0941537832999537,inf,inf,0.0,0.9150395,0.0,0.0,0.0,0.0,0.0,0.161647,0.0,1.0,0.0,0.0,0.0,0.0,0.0,0.0,0.171456,0.0,0.0,0.0,0.0,0.0,0.250273,0.0,0.171456,0.0,0.0,0.0,0.0,0.0,0.0,0.317522384243,0.0,0.0,0.0,0.0,0.0,0.040455879631,0.0,0.342912,0.0,0.0,0.0,0.0,0.0,0.085728,0.171456,0.5,2
2024-11-01,0.1966804999999999,0.005663218210523,2,0.192676,0.200685,0.218353,0.436706,0.1364115,0.0066517534906218,2,2,bullish,0.0252244999999999,0.0942851733739181,0.0429457772165,0.1227121666666666,0.1070176421721358,1.6666666666666667,0.1789995,0.09834025,0.1378137738095238,0.0942851733739181,2.142857142857143,0.1805217023809523,0.0058374345238095,0.1189083840702947,0.1010935703848524,2.4285714285714284,0.2020400984693877,0.0028828510814582,0.0,0.0,0.0,0.0,0.0,53.09915378782023,0.0129003614332551,0.0062911117091266,0.290818321474862,-0.094904650443116,0.147119377566256,-inf,0.0,0.928769,0.0,0.0,0.0,0.0,0.0,0.134913,0.0,1.0,0.0,0.0,0.0,0.0,0.0,0.0,0.192676,0.0,0.0,0.0,0.0,0.0,0.1966804999999999,0.0,0.1966804999999999,0.0,0.0,0.0,0.0,0.0,0.0,0.1789514958439999,0.0,0.0,0.0,0.0,0.0,0.052855399987,0.0,0.3933609999999999,0.0,0.0,0.0,0.0,0.0,0.0983402499999999,0.1966804999999999,0.5,2
2024-11-03,0.185295,0.0101384970286527,2,0.178126,0.192464,0.147577,0.295154,0.177838,0.0112132993360562,2,1,bullish,-0.0113854999999999,0.0899393154887137,0.027345280215,0.1844771666666666,0.0126321213017973,1.6666666666666667,0.1989171666666667,0.0069195,0.1547492023809523,0.0899393154887137,2.0,0.1817792023809523,0.0007723124999999,0.1261652769274376,0.1020139513740217,2.357142857142857,0.1964626698979591,0.0036188461276818,0.0,0.0,0.0,0.0,0.0,52.86618421630294,0.0162079572940871,0.0082783246549816,0.299267355691958,-0.0870189513268786,-0.0578883010771276,-0.2050076786433836,0.0,0.0,0.0,0.0,0.0,0.0,0.0,0.360215,0.0,1.0,0.0,0.0,0.0,0.0,0.0,0.0,0.0,0.0,0.0,0.0,0.0,0.0,0.192464,0.0,0.185295,0.0,0.0,0.0,0.0,0.0,0.0,0.0,0.0,0.0,0.0,0.0,0.0,0.06932841976,0.0,0.37059,0.0,0.0,0.0,0.0,0.0,0.0926475,0.185295,0.5,1
2024-11-04,-0.119118,0.0101384970286527,1,-0.119118,-0.119118,0.060541,0.060541,0.071756,0.0112132993360562,1,1,neutral,-0.304413,0.1251945216220803,-0.007211522838,0.0876191666666666,0.1791301188063674,1.3333333333333333,0.142157,-0.15789925,0.1015608214285714,0.1251945216220803,1.4285714285714286,0.1475671071428571,-0.0145061071428571,0.1079171646825396,0.1211125144411799,2.142857142857143,0.1839589249999999,-0.0030533037240537,0.0,0.0,0.0,0.0,0.0,43.68916270383257,-0.0033439221246593,0.005950272813318,0.3119998777898291,-0.1233251734247497,-1.6428559864000647,-1.584967685322937,0.0,0.158519,0.0,0.0,0.0,0.0,0.5,0.459462,0.0,0.5,0.0,0.0,0.0,0.0,0.0,0.0,-0.119118,0.0,0.0,0.0,0.0,-0.119118,-0.119118,0.0,-0.119118,0.0,0.0,0.0,0.0,0.0,0.0,-0.018882466242,0.0,0.0,0.0,0.0,-0.059559,-0.0547301945159999,0.0,-0.059559,0.0,0.0,0.0,0.0,0.0,-0.059559,-0.059559,0.5,1
2024-11-05,0.0093689999999999,0.0217435335214863,2,-0.006006,0.024744,0.097967,0.195934,0.2154984999999999,0.0213935156647989,2,2,neutral,0.128487,0.1295086991107092,0.0009178528229999,0.0251819999999999,0.1528213233452712,1.3333333333333333,0.1020283333333333,-0.0879629999999999,0.0939188214285714,0.1295086991107092,1.5714285714285714,0.15365325,-0.0299120625,0.0998043432539682,0.1238024122185986,2.2142857142857144,0.1879480321428571,-0.005373427045177,0.093165234510582,0.1161492804356485,2.1,0.1928648023412698,-0.000209341100429,47.34523888981661,-0.0092365080132198,0.0029091519226956,0.3054477419089752,-0.1083728042105625,-1.0786531002871105,0.5642028861129544,0.0,0.988915,0.0,0.0,0.0,0.0,0.5,0.554083,0.310843,0.75,0.0,0.0,0.0,0.0,0.0,0.0,0.024744,0.0,0.0,0.0,0.0,0.024744,0.0093689999999999,-0.006006,0.0093689999999999,0.0,0.0,0.0,0.0,0.0,0.0,0.0244697127599999,0.0,0.0,0.0,0.0,0.012372,0.024093955254,-0.001866923058,0.0063659999999999,0.0,0.0,0.0,0.0,0.0,0.0071588999999999,0.0143177999999999,0.6,2
2024-11-06,0.0343772857142857,0.0859773429839014,7,-0.11923,0.136652,0.0869004285714285,0.608303,0.1337801428571428,0.1232163899682567,7,4,neutral,0.0250082857142857,0.1191809219490359,0.0029874008616938,-0.0251239047619047,0.0823560625777657,2.3333333333333335,0.0818028095238095,0.0767476428571428,0.0682942551020408,0.1191809219490359,1.8571428571428572,0.1328548469387755,-0.0191728801020408,0.0923673715986394,0.1244251107472382,2.2142857142857144,0.1766908246598639,-0.0059672590528519,0.0936546065343915,0.1158596257290091,2.1666666666666665,0.1900166374603174,-0.0010953017033034,47.5771142610536,-0.0119027396244369,-5.6163092479965056e-05,0.3054813934203367,-0.1109928521504954,2.6692588018236436,3.747911902110754,0.0,0.9549735,0.0,0.310843,0.0,0.0,0.4166665,0.50365,0.0,0.6190475714285714,0.0,0.0,0.333333,0.0,0.5,0.0,0.053662,0.0,0.136652,0.0,0.0,0.1183925,0.0343772857142857,0.0,0.0343772857142857,0.0,0.0,0.136652,0.0,0.0086643333333333,0.0,0.2239406831959999,0.0,0.0424773176359999,0.0,0.0,0.0956171211159999,0.176085510344,0.0,0.0864766211159999,0.0,0.0,0.0455506211159999,0.0,0.0129965,0.0239539285714285,0.1676774999999999,0.5571428571428572,4
2024-11-07,0.1065805,0.2238509150405689,2,-0.051706,0.264867,0.157051,0.314102,0.312585,0.0249283424639505,2,1,neutral,0.0722032142857143,0.1157608975099505,0.0167385741055,0.0501089285714285,0.0504790290447526,2.3333333333333335,0.1139728095238095,0.04860575,0.0835200408163265,0.1157608975099505,1.8571428571428572,0.1427444183673469,-0.0248271045918367,0.0928545144557823,0.1244696251964622,2.0714285714285716,0.1683629675170068,-0.0053174401622187,0.0924218898677248,0.115506512196747,2.1666666666666665,0.1936850374603174,-0.0006677199217825,50.15627170838202,-0.0085333918555813,-0.0017529531807088,0.3065900225637209,-0.1097371062938797,2.1003174853827904,-0.5689413164408532,0.0,0.0,0.0,0.0,0.0,0.0,0.0,0.0,0.0,0.75,0.0,0.0,0.0,0.0,0.5,0.0,0.0,0.0,0.0,0.0,0.0,0.0,0.0,0.0,0.1065805,0.0,0.0,0.0,0.0,-0.051706,0.0,0.0,0.0,0.0,0.0,0.0,0.0,0.0,0.0,0.239014,0.0,0.0,0.0,0.0,-0.025853,0.05329025,0.1065805,0.5,1
2024-11-08,0.0631106666666666,0.0841289848645122,3,-0.033892,0.116145,0.1537013333333333,0.461104,0.2177136666666666,0.04787015022259,3,3,neutral,-0.0434698333333333,0.1090950374969408,0.0097001936142222,0.0680228174603174,0.0363513817806397,2.6666666666666665,0.1325509206349206,0.0143666904761904,0.0680421360544217,0.1090950374969408,2.0,0.1317272517006802,-0.0144515433673469,0.0799868477891156,0.1168004053392438,2.0,0.1451814056122448,-0.0012089077184719,0.080374262089947,0.0970448806994729,2.2,0.1819825152380952,0.0014336416891784,45.67383888543567,-0.0090202748494016,-0.003207339341192,0.3059327875252062,-0.1114996045886983,-0.4078591612286801,-2.5081766466114708,0.0,0.9884565,0.0,0.0,0.498503,0.0,0.0,0.575344,0.0,1.0,0.0,0.365926,0.0,0.0,0.0,0.0,0.0365935,0.0,0.0,0.1116119999999999,0.0,0.0,0.0365935,0.0,0.0631106666666666,0.0,0.107079,0.0,0.0,0.0,0.0,0.073969464604,0.0,0.0,0.108195538728,0.0,0.0,0.100426981115,0.0,0.189332,0.0,0.0391829901539999,0.0,0.0,0.0,0.0315553333333333,0.094666,0.5,3
2024-11-11,0.011635,0.0769219040845973,2,-0.042757,0.066027,0.19759,0.39518,0.0582914999999999,0.0587725943318822,2,2,neutral,-0.0514756666666666,0.0941210289538465,0.0022989596499999,0.0604420555555555,0.0475289712334405,2.0,0.1694474444444444,-0.0474727499999999,0.0416070646258503,0.0941210289538465,2.0,0.1287611088435374,-0.0021182559523809,0.089710419217687,0.1033611406591603,2.0714285714285716,0.1546414056122449,-0.0099029774725274,0.080855062089947,0.0966535905038518,2.2333333333333334,0.1828930152380952,0.0004166228403693,53.85464462543763,-0.0131298473905435,-0.0051928477234193,0.30577197309289,-0.118545140156382,-0.8156413073331502,-0.40778214610447,0.0,0.998917,0.0,0.0,0.576289,0.0,0.0,0.3613925,0.0,1.0,0.0,0.0,0.0,0.0,0.0,0.0,-0.042757,0.0,0.0,0.066027,0.0,0.0,0.011635,0.0,0.011635,0.0,0.0,0.0,0.0,0.0,0.0,-0.042710694169,0.0,0.0,0.038050633803,0.0,0.0,0.035955180859,0.0,0.02327,0.0,0.0,0.0,0.0,0.0,0.0058175,0.011635,0.5,2
2024-11-12,0.069447,0.0671015838263151,4,-0.025195,0.117899,0.0780015,0.312006,0.2196072499999999,0.0415044912378969,4,3,neutral,0.0578119999999999,0.0723005261356656,0.0054169701705,0.0480642222222222,0.0317073091544327,2.6666666666666665,0.1430976111111111,0.0031681666666666,0.025057350340136,0.0723005261356656,2.2857142857142856,0.1188217517006802,0.0213914421768707,0.0899032763605442,0.1033175080109309,2.142857142857143,0.1503004770408163,-0.0112389681057038,0.0852670787566137,0.0928091010446063,2.2666666666666666,0.1813396319047619,-0.0006484848849691,50.08270225218653,-0.0118654978294322,-0.0065279193139989,0.301697577264423,-0.1211616014707722,4.968801031370863,5.784442338704014,0.0,0.87689125,0.0,0.158519,0.0,0.0,0.333333,0.6753582499999999,0.0,0.70833325,0.0,0.0,0.333333,0.0,0.5,0.0,0.069447,0.0,-0.025195,0.0,0.0,-0.025195,0.069447,0.0,0.069447,0.0,0.0,-0.025195,0.0,0.068705,0.0,0.242461844509,0.0,-0.003993886205,0.0,0.0,-0.008398324935,0.168869618501,0.0,0.260232175065,0.0,0.0,-0.008398324935,0.0,0.0343525,0.03346375,0.133855,0.55,3
2024-11-13,0.1569846666666666,0.1572255088283492,3,-0.004181,0.309949,0.3027136666666666,0.908141,0.1119779999999999,0.0645848718199548,3,2,bullish,0.0875376666666666,0.0533730556309712,0.0475214040571111,0.0793555555555555,0.0731796830064594,2.3333333333333335,0.1927683888888889,0.0726748333333333,0.0645005884353741,0.0533730556309712,2.4285714285714284,0.1534178469387755,0.0149300331632653,0.0830307049319727,0.0944381038290302,1.9285714285714288,0.1504924770408163,-0.0039389265044479,0.0858395609788359,0.0932092521914061,2.2333333333333334,0.1814882407936507,0.0001903686874304,46.86275191765821,-0.0041570200580658,-0.0060535855326996,0.3050484398824874,-0.1211088474221699,1.2604960137466945,-3.708305017624169,0.0,0.986564,0.0,0.0,0.0,0.0,0.0,0.134913,0.0,0.8333333333333334,0.0,0.0,0.0,0.0,0.5,0.0,0.165186,0.0,0.0,0.0,0.0,0.0,0.2375675,0.0,0.1569846666666666,0.0,0.0,0.0,0.0,0.309949,0.0,0.162966560904,0.0,0.0,0.0,0.0,0.0,0.060231794213,0.0,0.3159794999999999,0.0,0.0,0.0,0.0,0.1549745,0.0784923333333333,0.235477,0.5,2
2024-11-14,0.0268346666666666,0.0514917790946606,3,-0.026507,0.076252,0.2055859999999999,0.6167579999999999,0.146659,0.0066806614193506,3,3,neutral,-0.13015,0.0507079045808265,0.0055168317813333,0.0844221111111111,0.0663546990769497,2.6666666666666665,0.1954337222222222,-0.0213061666666666,0.0669956836734693,0.0507079045808265,2.5714285714285716,0.1687919897959183,0.0030184574829931,0.0804572525510204,0.0955147037037468,2.0714285714285716,0.1612226198979591,-0.0062093969911041,0.0834550832010581,0.0937908522138076,2.3,0.1846674741269841,-0.0001038981257834,48.77725662248153,-0.0079087177742832,-0.0064247083300031,0.3001828096025011,-0.1274092393644059,-0.8290618616680185,-2.089557875414713,0.0,0.95493,0.0,0.0,0.0,0.0,0.0,0.259367,0.0,1.0,0.0,0.0,0.0,0.0,0.0,0.0,0.030759,0.0,0.0,0.0,0.0,0.0,0.0248725,0.0,0.0268346666666666,0.0,0.0,0.0,0.0,0.0,0.0,0.02937269187,0.0,0.0,0.0,0.0,0.0,0.023265251047,0.0,0.080504,0.0,0.0,0.0,0.0,0.0,0.0154679333333333,0.0464038,0.5666666666666667,3
2024-11-15,-0.0372891111111111,0.1011555240439745,9,-0.223867,0.057119,0.1405376666666666,1.264839,0.0622417777777777,0.088234115361885,9,3,neutral,-0.0641237777777777,0.0639079851900218,-0.0052405246676296,0.0488434074074074,0.0989892099410696,2.6666666666666665,0.2162791111111111,-0.0971368888888889,0.0567576269841269,0.0639079851900218,2.4285714285714284,0.1764544523809523,-0.0128146845238095,0.0625259410430839,0.0920684380168362,2.142857142857143,0.1546546496598639,-0.0051793371358799,0.0814805239417989,0.0957338311645955,2.3,0.1850980296825396,-0.001307082007345,40.94701980983433,-0.0156165998182717,-0.0082634685232078,0.3002004046317057,-0.1411317955047215,-2.3895872668852896,-1.560525405217271,0.0,0.2600683333333333,0.0,0.0,0.0,0.0,0.5,0.4060447499999999,0.0,0.6111111111111112,0.0,0.0,0.0,0.0,0.5,0.0,-0.1158983333333333,0.0,0.0,0.0,0.0,-0.061914,-0.04503225,0.0,-0.0372891111111111,0.0,0.0,0.0,0.0,-0.0587098,0.0,-0.1074575319369999,0.0,0.0,0.0,0.0,-0.061914,-0.141977688098,0.0,-0.1269135,0.0,0.0,0.0,0.0,-0.1467745,-0.0186445555555555,-0.167801,0.5,3
2024-11-18,0.1887107499999999,0.1383597827679103,4,0.0,0.299297,0.275978,1.103912,0.14719475,0.0730287535124579,4,2,bullish,0.2259998611111111,0.0800739928657595,0.0520800153634999,0.0594187685185185,0.1164700694413772,2.6666666666666665,0.2073672222222222,0.0809380416666666,0.0684905198412698,0.0800739928657595,2.5714285714285716,0.1934440238095238,0.0084407033730158,0.0760052803287981,0.0959427638299317,2.2142857142857144,0.1680942210884353,-0.0036353516396302,0.0838835822751322,0.0975341486890237,2.3,0.1899656852380952,-0.0003729397796493,56.745710399751424,-0.0042652322741817,-0.0074636883871342,0.2901806119891745,-0.1365667278621904,-6.060746807229992,-3.6711595403447026,0.0,0.682689,0.0,0.158519,0.0,0.0,0.0,0.108179,0.0,1.0,0.0,0.0,0.0,0.0,0.0,0.0,0.2921215,0.0,0.2921215,0.0,0.0,0.0,0.2921215,0.0,0.1887107499999999,0.0,0.0,0.0,0.0,0.0,0.0,0.3988562694269999,0.0,0.0926136161169999,0.0,0.0,0.0,0.0632028234969999,0.0,0.7548429999999999,0.0,0.0,0.0,0.0,0.0,0.0943553749999999,0.3774214999999999,0.5,2
2024-11-19,-0.119169,0.1383597827679103,1,-0.119169,-0.119169,0.061473,0.061473,0.135544,0.0730287535124579,1,1,neutral,-0.30787975,0.107169386741779,-0.0073256759369999,0.0107508796296296,0.1594627406254935,2.0,0.1593295555555555,-0.0409399444444444,0.0424505674603174,0.107169386741779,2.2857142857142856,0.1802685476190476,-0.0124342242063492,0.0552463517573696,0.104739338472405,2.142857142857143,0.1559978996598639,-0.0060650326268969,0.08239906005291,0.1003289450279146,2.2666666666666666,0.1847392407936508,-0.0027761765471335,40.534436268207855,-0.018850654771057,-0.0097413844216522,0.2893998098082215,-0.1352533256812373,-1.631490256914352,4.429256550315641,0.0,0.158519,0.0,0.0,0.0,0.0,0.5,0.413559,0.0,0.5,0.0,0.0,0.0,0.0,0.0,0.0,-0.119169,0.0,0.0,0.0,0.0,-0.119169,-0.119169,0.0,-0.119169,0.0,0.0,0.0,0.0,0.0,0.0,-0.0188905507109999,0.0,0.0,0.0,0.0,-0.0595845,-0.049283412471,0.0,-0.0595845,0.0,0.0,0.0,0.0,0.0,-0.0595845,-0.0595845,0.5,1
2024-11-20,0.3380125,0.0070929881220822,2,0.332997,0.343028,0.3914029999999999,0.7828059999999999,0.0463195,0.164113119952367,2,2,bullish,0.4571815,0.1528078608337126,0.1322991065375,0.1358514166666666,0.233129390738053,1.6666666666666667,0.2429513333333333,0.074650875,0.0890759246031746,0.1528078608337126,2.2857142857142856,0.207956119047619,0.0148309017857142,0.0653414946145124,0.1243879127444125,2.142857142857143,0.1683586139455782,0.0066766644078144,0.0916581017195767,0.1105139070137245,2.2333333333333334,0.1886957824603174,-0.0012798700628564,53.59234548680652,0.0049855499856571,-0.0067956842996248,0.3327524660116249,-0.1514794318846408,-3.836412993312019,-2.204922736397667,0.0,0.0,0.0,0.0,0.0,0.0,0.0,0.234197,0.0,1.0,0.0,0.0,0.0,0.0,0.0,0.0,0.0,0.0,0.0,0.0,0.0,0.0,0.3380125,0.0,0.3380125,0.0,0.0,0.0,0.0,0.0,0.0,0.0,0.0,0.0,0.0,0.0,0.0,0.157058940367,0.0,0.676025,0.0,0.0,0.0,0.0,0.0,0.16900625,0.3380125,0.5,2
2024-11-21,0.120491,0.0111312749494386,2,0.11262,0.128362,0.027862,0.055724,0.236616,0.0818094261561587,2,2,neutral,-0.2175214999999999,0.1529329119955123,0.003357120242,0.1131115,0.2286800685471953,1.6666666666666667,0.1602459999999999,0.11983,0.0963679246031745,0.1529329119955123,2.142857142857143,0.2007933333333333,0.0153926706349206,0.0607126374716553,0.1207327764150622,2.2142857142857144,0.1598075425170067,0.01220687572824,0.09290991005291,0.1106243486610924,2.2333333333333334,0.1750199657936507,-0.0011539986175115,48.50906221788614,0.0068688116182626,-0.0040625526069169,0.3143459582171571,-0.1463438907568396,-0.6435309345068599,3.192882058805159,0.0,0.9998835,0.0,0.0,0.0,0.0,0.25,0.7595955,0.0,0.2916665,0.2916665,0.0,0.0,0.0,0.2916665,0.0,0.120491,0.0,0.0,0.0,0.0,0.11262,0.120491,0.0,0.120491,0.120491,0.0,0.0,0.0,0.120491,0.0,0.240952091654,0.0,0.0,0.0,0.0,0.028155,0.1795647210179999,0.0,0.070942290546,0.070942290546,0.0,0.0,0.0,0.070942290546,0.0715075,0.143015,0.6,2
2024-11-26,-0.0281943333333333,0.1602294768272471,3,-0.122255,0.156814,0.1134893333333333,0.340468,0.1099053333333333,0.2427266969542768,3,2,neutral,-0.1486853333333333,0.1566702845640429,-0.0031997560937777,0.1434363888888889,0.1841785257527426,2.0,0.1775847777777777,-0.1831034166666666,0.0699137817460317,0.1566702845640429,2.142857142857143,0.1737612857142856,0.0107062490079365,0.0672071850907029,0.1124784171136006,2.2857142857142856,0.1635895663265305,0.0037381940083725,0.0890598322751322,0.1128142832096494,2.2666666666666666,0.1775644435714286,-0.0019739501792114,52.253335112915686,-0.0031960401893919,-0.0038892383282533,0.3150909105493037,-0.1561945764223196,-1.2339953468170513,-0.5904644123101913,0.0,0.636289,0.0,0.0,0.0,0.25,0.5,0.6235325,0.0,0.5833333333333334,0.25,0.0,0.0,0.0,0.25,0.0,0.018836,0.0,0.0,0.0,0.156814,-0.119142,0.018836,0.0,-0.0281943333333333,0.156814,0.0,0.0,0.0,0.156814,0.0,0.113779055584,0.0,0.0,0.0,0.0392035,-0.059571,-0.075134060522,0.0,-0.1426224999999999,0.0392035,0.0,0.0,0.0,0.0392035,-0.0140971666666666,-0.0422914999999999,0.5,2
2024-11-27,0.079922,0.1602294768272471,1,0.079922,0.079922,0.275867,0.275867,0.140299,0.2427266969542768,1,1,neutral,0.1081163333333333,0.1555180661471004,0.022047842374,0.0574062222222222,0.0768573501612875,1.6666666666666667,0.1390727777777777,-0.0202844999999999,0.0774976865079365,0.1555180661471004,1.8571428571428572,0.1838014285714285,0.0056243988095238,0.0722466850907029,0.1112616407507187,2.2142857142857144,0.1762967091836735,0.0021947210797139,0.0889339489417989,0.1128225786102352,2.2333333333333334,0.1792379769047619,-0.0020698786411709,51.76632901670465,-0.0026852124653618,-0.0036484200442805,0.2997850171139544,-0.1542714079869702,-3.8346830923471624,-2.600687745530111,0.0,0.0,0.0,0.0,0.0,0.0,0.0,0.214378,0.0,1.0,0.0,0.0,0.0,0.0,0.0,0.0,0.0,0.0,0.0,0.0,0.0,0.0,0.079922,0.0,0.079922,0.0,0.0,0.0,0.0,0.0,0.0,0.0,0.0,0.0,0.0,0.0,0.0,0.017133518516,0.0,0.079922,0.0,0.0,0.0,0.0,0.0,0.0719298,0.0719298,0.9,1
2024-11-28,0.086028,0.1602294768272471,1,0.086028,0.086028,0.108303,0.108303,0.203819,0.2427266969542768,1,1,neutral,0.0061059999999999,0.147105136132315,0.0093170904839999,0.0459185555555555,0.0642562139687091,1.3333333333333333,0.1658864444444444,0.0571111666666666,0.0951144166666666,0.147105136132315,1.5714285714285714,0.1791964761904761,-0.0098597529761904,0.0759360218253968,0.1107645671916364,2.0,0.1778254642857142,0.0013400311965811,0.0872563632275132,0.112466745817525,2.1333333333333333,0.1749949626190476,-0.0017615810265374,51.30545657978749,-0.0017814947760534,-0.0032750187267139,0.3015276962542919,-0.1474112871273077,0.0763994895022646,3.911082581849427,0.0,0.714479,0.0,0.0,0.0,0.0,0.0,0.459462,0.0,1.0,0.0,0.0,0.0,0.0,0.0,0.0,0.086028,0.0,0.0,0.0,0.0,0.0,0.086028,0.0,0.086028,0.0,0.0,0.0,0.0,0.0,0.0,0.0614651994119999,0.0,0.0,0.0,0.0,0.0,0.039526596936,0.0,0.086028,0.0,0.0,0.0,0.0,0.0,0.043014,0.043014,0.5,1
2024-11-29,0.0,0.1602294768272471,1,0.0,0.0,0.024347,0.024347,0.115337,0.2427266969542768,1,1,neutral,-0.086028,0.1443598586006594,0.0,0.0553166666666666,0.0480028230142069,1.0,0.1361723333333333,-0.039961,0.0681557380952381,0.1443598586006594,1.4285714285714286,0.1432491904761904,-0.0066796785714285,0.0683231289682539,0.1121503355486834,2.0,0.1683466071428571,0.000180688095238,0.0831580798941798,0.1133578655891075,2.1333333333333333,0.1744025459523809,-0.0020783726380281,47.32490377903466,-0.007731768069889,-0.0041663996554411,0.2908617050970104,-0.1538908959700263,-1.0,-1.0763994895022646,0.0,0.994953,0.0,0.158519,0.158519,0.0,0.0,0.413559,0.0,1.0,0.0,0.0,0.0,0.0,0.0,0.0,0.0,0.0,0.0,0.0,0.0,0.0,0.0,0.0,0.0,0.0,0.0,0.0,0.0,0.0,0.0,0.0,0.0,0.0,0.0,0.0,0.0,0.0,0.0,0.0,0.0,0.0,0.0,0.0,0.0,0.0,0.0,0.5,1
2024-12-02,0.1071073333333333,0.0238893621792908,3,0.088552,0.134062,0.0555913333333333,0.166774,0.263482,0.052873231232827,3,3,neutral,0.1071073333333333,0.1184277954037136,0.0059542394697777,0.0643784444444444,0.0567408376326892,1.6666666666666667,0.0627471111111111,0.0105396666666666,0.1004809285714285,0.1184277954037136,1.7142857142857142,0.1424089523809523,-0.0292669702380952,0.071465748015873,0.1126085291585096,2.0,0.16133875,0.0011169688034188,0.082111828042328,0.1129737122396603,2.1,0.1681055459523809,-0.0015422281600367,51.07010112275896,-0.0039714845928761,-0.00412741555621,0.2789974651063184,-0.1509839726460009,inf,inf,0.0,0.744043,0.0,0.0,0.0,0.0,0.0,0.234197,0.0,0.8333333333333334,0.0,0.0,0.0,0.0,0.5,0.0,0.088552,0.0,0.0,0.0,0.0,0.0,0.1113069999999999,0.0,0.1071073333333333,0.0,0.0,0.0,0.0,0.134062,0.0,0.065886495736,0.0,0.0,0.0,0.0,0.0,0.0578706101379999,0.0,0.254291,0.0,0.0,0.0,0.0,0.067031,0.0535536666666666,0.160661,0.5,3
2024-12-03,0.1315786666666666,0.1155436119667951,3,0.043524,0.262411,0.2131613333333333,0.6394839999999999,0.1801343333333333,0.0870481256910988,3,3,neutral,0.0244713333333333,0.0613851657464535,0.0280474840248888,0.079562,0.0699806789176679,2.3333333333333335,0.0976998888888888,0.0657893333333333,0.0709903809523809,0.0613851657464535,1.8571428571428572,0.1169458571428571,0.0079980119047618,0.0800331527777777,0.1122685960439296,2.0714285714285716,0.162450988095238,0.0008620385225885,0.0831724335978836,0.1132940142126944,2.1,0.166089557063492,-0.0011013722866677,52.95614090841663,0.0009259823757796,-0.0031167134304015,0.2712134561571195,-0.1485715970301354,0.2284748632213169,-inf,0.0,0.0,0.0,0.0,0.0,0.0,0.0,0.3613925,0.0,0.8333333333333334,0.0,0.214378,0.0,0.0,0.5,0.0,0.0,0.0,0.0,0.0,0.0,0.0,0.1529675,0.0,0.1315786666666666,0.0,0.088801,0.0,0.0,0.043524,0.0,0.0,0.0,0.0,0.0,0.0,0.0,0.055137471113,0.0,0.372974,0.0,0.019036980778,0.0,0.0,0.021762,0.0657893333333333,0.197368,0.5,3
2024-12-04,0.2605415,0.1958098885258351,2,0.122083,0.399,0.3173095,0.634619,0.2489245,0.1889014552736426,2,1,bullish,0.1289628333333333,0.0942391696024032,0.08267229309425,0.1664091666666666,0.0824341171655345,2.3333333333333335,0.1953540555555555,0.0767170833333333,0.0909975952380952,0.0942391696024032,1.7142857142857142,0.1582954999999999,0.0353785773809523,0.0936827599206349,0.1220712028927502,1.9285714285714288,0.1795444166666666,0.0056704258241758,0.0837485502645502,0.1141766501689112,2.0,0.1607251003968254,0.0011469826597453,54.55014807521795,0.014819042871803,0.0004705018280981,0.2901580930424829,-0.1295502839154989,0.9801196242551982,0.7516447610338812,0.0,0.0,0.0,0.0,0.0,0.0,0.0,0.5351425,0.0,0.5,0.5,0.0,0.5,0.0,0.0,0.0,0.0,0.0,0.0,0.0,0.0,0.0,0.2605415,0.0,0.2605415,0.122083,0.0,0.399,0.0,0.0,0.0,0.0,0.0,0.0,0.0,0.0,0.0,0.397087110857,0.0,0.2605415,0.0610415,0.0,0.1995,0.0,0.0,0.13027075,0.2605415,0.5,1
2024-12-05,0.19712875,0.0992895333301384,4,0.105907,0.33765,0.2026075,0.81043,0.1979475,0.0447868862466086,4,4,bullish,-0.0634127499999999,0.0847450148846405,0.039939763215625,0.1964163055555555,0.064484368479152,2.6666666666666665,0.2443594444444444,0.0327750416666666,0.1231866071428571,0.0847450148846405,2.0,0.1710266666666666,0.0297223541666666,0.0965501944444444,0.1241267194998163,2.0714285714285716,0.1723939761904761,0.0107129015873015,0.0944693419312169,0.1089280920855412,2.1,0.165307017063492,0.0004423054037113,50.96697952023065,0.0205723608036632,0.0044909310046938,0.3029561485229196,-0.1235723643959355,-0.2433882893895981,-1.2235079136447964,0.0,0.53833,0.158519,0.0,0.0,0.0,0.5,0.402206,0.0,0.75,0.0,0.0,0.0,0.0,0.5,0.0,0.1452385,0.160388,0.0,0.0,0.0,0.160388,0.249019,0.0,0.19712875,0.0,0.0,0.0,0.0,0.33765,0.0,0.126495410717,0.025424545372,0.0,0.0,0.0,0.080194,0.224432671334,0.0,0.539496,0.0,0.0,0.0,0.0,0.168825,0.103859725,0.4154389,0.55,4
2024-12-06,0.0260335,0.0759049693344689,4,-0.043886,0.11548,0.38232625,1.529305,0.103381,0.0233974103837725,4,3,neutral,-0.17109525,0.0915080619072991,0.009953290429375,0.1612345833333333,0.1213045502712936,2.6666666666666665,0.30074775,-0.1172539999999999,0.11548825,0.0915080619072991,2.2857142857142856,0.1862351309523809,0.0131324345238095,0.0964929682539682,0.1241615126647359,2.0714285714285716,0.1850182797619047,0.0063998247863247,0.0931122252645502,0.1095373076683611,2.1333333333333333,0.1734254087301587,-0.000190404722178,49.98107502567948,0.0114448213596864,0.005881724955752,0.3030266539103703,-0.1244772483548148,-0.8679365643012498,-0.6245482749116517,0.0,0.5647915,0.0,0.0,0.0,0.0,0.0,0.3260653333333333,0.0,1.0,0.0,0.0,0.0,0.0,0.0,0.0,0.0260335,0.0,0.0,0.0,0.0,0.0,0.04934,0.0,0.0260335,0.0,0.0,0.0,0.0,0.0,0.0,0.033610062806,0.0,0.0,0.0,0.0,0.0,0.037853641577,0.0,0.104134,0.0,0.0,0.0,0.0,0.0,0.01301675,0.052067,0.5,3
2024-12-07,0.0517605,0.0531341248587007,2,0.014189,0.089332,0.159001,0.318002,0.0870404999999999,0.0003146625176279,2,2,neutral,0.025727,0.0942230690995997,0.0082299712605,0.0916409166666666,0.0922563378216954,3.0,0.2479782499999999,-0.072684125,0.1105928928571428,0.0942230690995997,2.4285714285714284,0.1934777023809523,0.0020958541666666,0.1028536547619047,0.1189524754003936,2.0,0.1863370892857142,0.000711356043956,0.086397553042328,0.1054846422529908,2.033333333333333,0.1687245865079365,0.0006468681701008,52.14237200764964,0.0061822624661912,0.0059418330068899,0.3007566914130875,-0.1276892858575319,0.988226707895596,1.8561632721968455,0.0,0.0,0.0,0.0,0.0,0.0,0.0,0.259367,0.0,1.0,0.0,0.0,0.0,0.0,0.0,0.0,0.0,0.0,0.0,0.0,0.0,0.0,0.0517605,0.0,0.0517605,0.0,0.0,0.0,0.0,0.0,0.0,0.0,0.0,0.0,0.0,0.0,0.0,0.034427952471,0.0,0.103521,0.0,0.0,0.0,0.0,0.0,0.02588025,0.0517605,0.5,2
2024-12-08,0.04666,0.0531341248587007,1,0.04666,0.04666,0.014096,0.014096,0.06719,0.0003146625176279,1,1,neutral,-0.0051005,0.0864229185587632,0.0006577193599999,0.0414846666666666,0.0136219561217649,2.0,0.1851410833333333,0.01031325,0.1172586071428571,0.0864229185587632,2.4285714285714284,0.1920132738095237,-0.0205530833333333,0.0927071726190476,0.1171097312139275,1.9285714285714288,0.1676312321428571,0.0019362767399267,0.085857453042328,0.1056506490148631,2.033333333333333,0.1673489865079365,0.0002281895977894,46.17607675981757,0.00158908061286,0.0050712761664827,0.3004385679438924,-0.1290162290550035,-0.0985403927705489,-1.0867671006661448,0.0,0.0,0.0,0.0,0.0,0.0,0.0,0.158519,0.0,0.5,0.0,0.0,0.0,0.0,0.5,0.0,0.0,0.0,0.0,0.0,0.0,0.0,0.04666,0.0,0.04666,0.0,0.0,0.0,0.0,0.04666,0.0,0.0,0.0,0.0,0.0,0.0,0.0,0.0073964965399999,0.0,0.02333,0.0,0.0,0.0,0.0,0.02333,0.02333,0.02333,0.5,1
2024-12-09,0.0300203333333333,0.0353979117510247,3,-0.010771,0.052666,0.1098333333333333,0.3295,0.062774,0.0073923557138438,3,2,neutral,-0.0166396666666666,0.0926211621690848,0.0032972332777777,0.0428136111111111,0.0113690255645325,1.6666666666666667,0.0943101111111111,-0.0108700833333333,0.1062461785714286,0.0926211621690848,2.2857142857142856,0.1997621309523809,-0.0313502232142857,0.1033635535714285,0.1021835707895291,2.0,0.1710855416666666,-0.0068397045787545,0.0797331558201058,0.103279999598504,2.033333333333333,0.1632604559523809,0.0007499625086074,54.762916236916475,-0.003334971683295,0.0033900167678737,0.3001767351650299,-0.1269158629428077,-0.3566152307472496,-0.2580748379767007,0.158519,0.0,0.0,0.0,0.0,0.0,0.0,0.225751,0.0,0.8333333333333334,0.0,0.0,0.0,0.0,0.5,0.052666,0.0,0.0,0.0,0.0,0.0,0.0,0.0300203333333333,0.0,0.0300203333333333,0.0,0.0,0.0,0.0,0.052666,0.0083485616539999,0.0,0.0,0.0,0.0,0.0,0.0,0.0239912691949999,0.0,0.0637279999999999,0.0,0.0,0.0,0.0,0.026333,0.0150101666666666,0.0450305,0.5,2
2024-12-10,0.05334,0.0353979117510247,1,0.05334,0.05334,0.02617,0.02617,0.106419,0.0073923557138438,1,1,neutral,0.0233196666666666,0.0937682755658556,0.0013959077999999,0.0433401111111111,0.0120090782342773,1.3333333333333333,0.0500331111111111,0.00334,0.0950692261904762,0.0937682755658556,2.0,0.1730490833333333,-0.0333998154761904,0.0830298035714285,0.0771576987613347,1.9285714285714288,0.1449974702380952,-0.0005332694139194,0.0815111558201058,0.1023146558437043,2.033333333333333,0.1612053226190476,2.980025071949666e-05,37.42938557891572,-0.0053187753253147,0.001648250203333,0.2997653702661728,-0.1281151980439505,0.7767957273403583,1.133410958087608,0.682689,0.0,0.158519,0.0,0.158519,0.166667,0.166667,0.999862,0.310843,0.166667,0.166667,0.0,0.166667,0.0,0.166667,0.05334,0.0,0.05334,0.0,0.05334,0.05334,0.05334,0.05334,0.05334,0.05334,0.05334,0.0,0.05334,0.0,0.05334,0.03641463126,0.0,0.00845540346,0.0,0.00845540346,0.00889001778,0.00889001778,0.05333263908,0.01658036562,0.00889001778,0.00889001778,0.0,0.00889001778,0.0,0.00889001778,0.02667,0.02667,0.5,1
2024-12-11,0.063425,0.1605965489614684,7,-0.11105,0.359618,0.2664652857142857,1.865257,0.0880395714285714,0.1171585021653104,7,3,neutral,0.0100849999999999,0.058913097843795,0.0169005607464285,0.0489284444444444,0.0171337183819668,2.0,0.1341562063492063,0.0167023333333333,0.0669097261904762,0.058913097843795,2.2857142857142856,0.1657856241496598,-0.0131513720238095,0.0789536607142857,0.076531257632628,2.0,0.1620405620748299,0.0001415778388278,0.0779101224867724,0.1009315893303606,2.066666666666667,0.1623934488095238,0.0005334246446669,46.91487440761112,-0.0060175491637718,0.0001150845936585,0.2926131742220039,-0.1303189686664484,0.1890701162354704,-0.5877256111048879,0.0,0.451494,0.0,0.158519,0.0,0.0,0.5,0.322533,0.0,0.7857142857142857,0.0,0.0,0.0,0.0,0.5,0.0,-0.11105,0.0,-0.11105,0.0,0.0,0.036566,0.0140595,0.0,0.063425,0.0,0.0,0.0,0.0,-0.0145244999999999,0.0,-0.0501384087,0.0,-0.01760353495,0.0,0.0,0.018283,-0.0071042651759999,0.0,0.4402165,0.0,0.0,0.0,0.0,-0.0145244999999999,0.0317125,0.2219875,0.5,3
2024-12-12,0.100657,0.1605965489614684,1,0.100657,0.100657,0.164282,0.164282,0.068508,0.1171585021653104,1,1,neutral,0.037232,0.0247550003812759,0.016536133274,0.072474,0.0249226387647849,1.6666666666666667,0.1523057619047619,0.0236585,0.0531280476190476,0.0247550003812759,1.8571428571428572,0.1603105527210884,0.0090671249999999,0.0881573273809523,0.0701349642414694,1.9285714285714288,0.1656686096938775,-0.0027706782051282,0.0747093391534391,0.0985291928491042,2.033333333333333,0.1605910821428571,0.0014992847449547,57.92050359579561,-0.0035604734821778,-0.0006200292218186,0.2948849964630878,-0.1252085575741989,0.5870240441466299,0.3979539279111594,0.0,0.990786,0.0,0.0,0.0,0.0,0.0,0.365926,0.0,1.0,0.0,0.0,0.0,0.0,0.0,0.0,0.100657,0.0,0.0,0.0,0.0,0.0,0.100657,0.0,0.100657,0.0,0.0,0.0,0.0,0.0,0.0,0.0997295464019999,0.0,0.0,0.0,0.0,0.0,0.036833013382,0.0,0.100657,0.0,0.0,0.0,0.0,0.0,0.0503285,0.0503285,0.5,1
2024-12-13,0.1838773333333333,0.1332497636075451,6,0.037349,0.405962,0.2771174999999999,1.662705,0.1643853333333333,0.1089188106263866,6,3,bullish,0.0832203333333333,0.0524068730839303,0.05095562692,0.1159864444444444,0.061671995683556,2.3333333333333335,0.2359549285714285,0.0602261666666666,0.0756771666666666,0.0524068730839303,1.8571428571428572,0.1452807312925169,0.0192053273809523,0.0955827083333333,0.074559456238422,2.0714285714285716,0.1657579311224489,-0.0003073152014652,0.0746620835978836,0.0984746508668598,2.1,0.1649090988095237,0.0029662541148012,56.591903777726955,0.0049725433555284,0.0004984879719673,0.3021239388712695,-0.1103308555379362,0.8267714449400771,0.2397474007934472,0.0,0.752214,0.0,0.0,0.0,0.0,0.0,0.2267936666666666,0.0,0.9166666666666666,0.5,0.0,0.0,0.0,0.0,0.0,0.228821,0.0,0.0,0.0,0.0,0.0,0.1196323333333333,0.0,0.1838773333333333,0.112237,0.0,0.0,0.0,0.0,0.0,0.343311261338,0.0,0.0,0.0,0.0,0.0,0.075783609719,0.0,1.0471455,0.0561185,0.0,0.0,0.0,0.0,0.0919386666666666,0.551632,0.5,3
2024-12-15,0.044694,0.1332497636075451,1,0.044694,0.044694,0.024622,0.024622,0.219165,0.1089188106263866,1,1,neutral,-0.1391833333333333,0.05300895854965,0.001100455668,0.1097427777777777,0.0700350882616333,1.6666666666666667,0.1553405,-0.0279815,0.0746676666666666,0.05300895854965,1.7142857142857142,0.126083731292517,0.0124690357142857,0.0926302797619047,0.0757753741159344,2.0714285714285716,0.1597807168367346,-0.0020762686813186,0.0801224835978835,0.0916653086012059,2.1,0.1637117988095237,0.0014364972703356,47.75745047933723,0.0006073193610927,0.0005202542914884,0.2913031512891277,-0.1139117429557944,-0.756935783275807,-1.5837072282158842,0.0,0.0,0.0,0.0,0.0,0.0,0.0,0.0,0.0,0.5,0.0,0.0,0.0,0.0,0.5,0.0,0.0,0.0,0.0,0.0,0.0,0.0,0.0,0.0,0.044694,0.0,0.0,0.0,0.0,0.044694,0.0,0.0,0.0,0.0,0.0,0.0,0.0,0.0,0.0,0.022347,0.0,0.0,0.0,0.0,0.022347,0.022347,0.022347,0.5,1
2024-12-16,0.157973,0.1332497636075451,1,0.157973,0.157973,0.056943,0.056943,0.281043,0.1089188106263866,1,1,bullish,0.113279,0.0595048511532671,0.008995456539,0.1288481111111111,0.0740215808669134,1.6666666666666667,0.1195608333333333,-0.0129521666666666,0.0905695238095238,0.0595048511532671,1.7142857142857142,0.1322047312925169,0.0173935119047619,0.1039140654761904,0.0726167834330065,2.0714285714285716,0.1621090025510204,-0.0032630793040293,0.0850759502645502,0.0917252038709743,2.066666666666667,0.1623443321428571,0.0014508036071825,58.32456820778301,0.0061343712843774,0.0016430794107907,0.2818717894600128,-0.0767661811266794,2.53454602407482,3.2914818073506273,0.0,0.0,0.0,0.0,0.0,0.0,0.0,0.0,0.0,1.0,0.0,0.0,0.0,0.0,0.0,0.0,0.0,0.0,0.0,0.0,0.0,0.0,0.0,0.0,0.157973,0.0,0.0,0.0,0.0,0.0,0.0,0.0,0.0,0.0,0.0,0.0,0.0,0.0,0.0,0.157973,0.0,0.0,0.0,0.0,0.0,0.0789865,0.0789865,0.5,1
2024-12-17,0.1197555,0.0584492098467916,8,0.027053,0.193629,0.3148516249999999,2.5188129999999997,0.1291777499999999,0.1229825157860719,8,2,neutral,-0.0382175,0.0536660006068915,0.0377052137776875,0.1074741666666666,0.0576294744170315,1.3333333333333333,0.132138875,0.03753075,0.1033888333333333,0.0536660006068915,1.7142857142857142,0.1614930586734693,0.0118706964285714,0.1048175059523809,0.0727381453690505,2.0,0.1806275948129251,-0.0027051943223443,0.0879218907407407,0.0914219495633287,2.0,0.1699427053571428,0.0013248966753182,50.71868979863729,0.0073713713847529,0.0027887392101579,0.2332179232311967,-0.0499380148978633,-0.2419242528786565,-2.776470276953477,0.0,0.2629615,0.0,0.0,0.158519,0.0,0.2,0.232745875,0.0,0.8375,0.2,0.0,0.0,0.2,0.35,0.0,0.1124407499999999,0.0,0.0,0.193629,0.0,0.027053,0.1197555,0.0,0.1197555,0.027053,0.0,0.0,0.027053,0.0375575,0.0,0.082597912807,0.0,0.0,0.0306938754509999,0.0,0.0054106,0.227769661139,0.0,0.9123706,0.0054106,0.0,0.0,0.0054106,0.0294416,0.05987775,0.479022,0.5,2
2024-12-18,0.1707678,0.0771985111818874,5,0.051332,0.249183,0.321552,1.60776,0.2428164,0.0887479605951596,5,2,bullish,0.0510123,0.0537670575131795,0.0549107276256,0.1494987666666666,0.0265409713605833,1.6666666666666667,0.2311155416666666,0.0063974,0.1201642333333333,0.0537670575131795,1.8571428571428572,0.2036904872448979,0.011940038095238,0.1076167297619047,0.0745780302252247,1.9285714285714288,0.1883697852891156,6.133586080585492e-05,0.0900614674074073,0.0926169680456244,2.033333333333333,0.1754260720238095,0.0019880664763317,52.16159346847135,0.0122936522543361,0.0046897236834737,0.2396207168678415,-0.0513131285345082,0.4259704147199918,0.6678946675986484,0.0,0.7041149999999999,0.0,0.0,0.0,0.0,0.0,0.36993,0.0,1.0,0.0,0.0,0.0,0.0,0.0,0.0,0.1550399999999999,0.0,0.0,0.0,0.0,0.0,0.156441,0.0,0.1707678,0.0,0.0,0.0,0.0,0.0,0.0,0.250451902458,0.0,0.0,0.0,0.0,0.0,0.218652802587,0.0,0.853839,0.0,0.0,0.0,0.0,0.0,0.0853839,0.4269195,0.5,2
2024-12-19,0.1983376666666666,0.0692172309062803,3,0.122362,0.257815,0.216002,0.648006,0.2660896666666666,0.1177770990487256,3,3,bullish,0.0275698666666666,0.0542170329553512,0.0428413326753333,0.1629536555555555,0.0398695983119456,2.3333333333333335,0.2841352083333333,0.0392910833333333,0.1394374714285714,0.0542170329553512,1.8571428571428572,0.1964814464285714,0.0122101583333333,0.1031735988095238,0.0661422691353398,2.0714285714285716,0.1811335352891156,0.0076948385714285,0.094569034074074,0.0945309701626371,2.033333333333333,0.1775027609126983,0.0025007550092695,46.13685976692167,0.0181927663413824,0.0073903343340564,0.2460299540610143,-0.035069165727681,0.1614465178251793,-0.2645238968948125,0.0,0.95493,0.0,0.0,0.0,0.0,0.0,0.108179,0.0,1.0,0.0,0.310843,0.0,0.0,0.0,0.0,0.214836,0.0,0.0,0.0,0.0,0.0,0.214836,0.0,0.1983376666666666,0.0,0.214836,0.0,0.0,0.0,0.0,0.20515334148,0.0,0.0,0.0,0.0,0.0,0.023240743644,0.0,0.595013,0.0,0.066780266748,0.0,0.0,0.0,0.0991688333333333,0.2975065,0.5,3
2024-12-20,0.1912436666666666,0.0719958628691028,6,0.125745,0.320532,0.179272,1.075632,0.2338723333333333,0.136261428602032,6,4,bullish,-0.0070939999999999,0.0542288347899171,0.0342846346106666,0.1867830444444444,0.0143159788335083,3.0,0.238942,0.0102379333333333,0.1523784238095238,0.0542288347899171,2.2857142857142856,0.198622875,0.0122207547619047,0.1027532357142857,0.0655149363522567,2.0714285714285716,0.1794667138605442,0.0133085487912087,0.1005559896296296,0.0947846282370758,2.1,0.1768921609126983,0.0025525034606352,49.60701946122029,0.0220445101404517,0.0103211713350517,0.2560799262444798,-0.0339869712444797,-0.0357672857567817,-0.1972138035819611,0.0,0.8122316666666666,0.0,0.0,0.0,0.166667,0.166667,0.3917943333333333,0.0,0.7777778333333334,0.0,0.3355289999999999,0.166667,0.166667,0.3333335,0.0,0.155072,0.0,0.0,0.0,0.125745,0.125745,0.1912436666666666,0.0,0.1912436666666666,0.0,0.169449,0.125745,0.125745,0.1530929999999999,0.0,0.390200947812,0.0,0.0,0.0,0.020957541915,0.020957541915,0.379942162546,0.0,0.952454041915,0.0,0.111552353154,0.020957541915,0.020957541915,0.111178041915,0.1104977333333333,0.6629864,0.5666666666666667,4
2024-12-23,0.1823168,0.0928239511128458,5,0.079021,0.284861,0.3474468,1.737234,0.1626409999999999,0.0813499628487929,5,3,bullish,-0.0089268666666666,0.0540807672357871,0.06334538874624,0.1906327111111111,0.0080278884026812,3.3333333333333335,0.2475736,-0.0080104333333333,0.1521554904761905,0.0540807672357871,2.2857142857142856,0.2086699178571428,0.0199282821428571,0.1139163285714285,0.0647471576043658,2.0714285714285716,0.1769753245748299,0.0130525714285714,0.1043183162962963,0.0957424804951248,2.1,0.1858736709126983,0.0028654478037325,63.32095347646417,0.0241028591451577,0.0130775102812185,0.2637618722405025,-0.0320400372405024,-0.0466779727781835,-0.0109106870214017,0.0,0.3287565,0.0,0.0,0.158519,0.0,0.0,0.2624595,0.0,0.9,0.0,0.158519,0.0,0.0,0.5,0.0,0.1956099999999999,0.0,0.0,0.284861,0.0,0.0,0.16078025,0.0,0.1823168,0.0,0.284861,0.0,0.0,0.284861,0.0,0.0987867379609999,0.0,0.0,0.0451558808589999,0.0,0.0,0.169554891191,0.0,0.7691535,0.0,0.0451558808589999,0.0,0.0,0.1424305,0.0911584,0.455792,0.5,3
2024-12-24,0.1205206666666666,0.081687843810039,3,0.070483,0.214786,0.0815863333333333,0.244759,0.2696063333333333,0.0686388373468937,3,3,neutral,-0.0617961333333333,0.032093049899942,0.0098328392842222,0.1646937111111111,0.0385144859596909,3.3333333333333335,0.2027683777777778,-0.0353614999999999,0.1629878714285714,0.032093049899942,2.5714285714285716,0.2168076797619047,0.0011871952380952,0.118827769047619,0.0622285404608496,2.142857142857143,0.1714457055272109,0.0111921735531135,0.1031028496296296,0.0952811638744959,2.1333333333333333,0.1785027598015872,0.0033331953058954,55.52134242063222,0.0205393710169807,0.0145698830279086,0.259365361361286,-0.0155914596946193,-0.338949199049859,-0.2922712262716754,0.158519,0.3287565,0.0,0.0,0.158519,0.0,0.0,0.341326,0.0,0.5555553333333334,0.333333,0.158519,0.0,0.0,0.333333,0.076293,0.1455395,0.0,0.0,0.214786,0.0,0.0,0.1455395,0.0,0.1205206666666666,0.1455395,0.214786,0.0,0.0,0.1455395,0.0120938900669999,0.07255061728,0.0,0.0,0.034047661934,0.0,0.0,0.0959459029539999,0.0,0.167509236307,0.097026236307,0.034047661934,0.0,0.0,0.097026236307,0.0653465333333333,0.1960396,0.5666666666666667,3
2024-12-25,-0.130857,0.081687843810039,1,-0.130857,-0.130857,0.352223,0.352223,0.059396,0.0686388373468937,1,1,neutral,-0.2513776666666666,0.1158892461407469,-0.046090845111,0.0573268222222222,0.1658751148706804,2.3333333333333335,0.2604187111111111,-0.1565869,0.1217264428571428,0.1158892461407469,2.5714285714285716,0.2589905369047618,-0.031012594047619,0.1061479833333333,0.0899677316969163,2.142857142857143,0.1955976340986394,0.0016791657875457,0.0978464607407407,0.1036186629892624,2.066666666666667,0.1833906598015872,0.001297789452478,39.78558495661448,-0.0024321293338912,0.011169479462701,0.2880521201951112,-0.0680746518617779,-2.0857639906848617,-1.7468147916350028,0.0,0.614606,0.0,0.0,0.0,0.0,0.0,0.413559,0.0,1.0,0.0,0.0,0.0,0.0,0.0,0.0,-0.130857,0.0,0.0,0.0,0.0,0.0,-0.130857,0.0,-0.130857,0.0,0.0,0.0,0.0,0.0,0.0,-0.080425497342,0.0,0.0,0.0,0.0,0.0,-0.054117090063,0.0,-0.130857,0.0,0.0,0.0,0.0,0.0,-0.0654285,-0.0654285,0.5,1
2024-12-26,0.032887,0.081687843810039,1,0.032887,0.032887,0.27432,0.27432,0.038399,0.0686388373468937,1,1,neutral,0.163744,0.1206872312684899,0.00902156184,0.0075168888888888,0.1275947284492466,1.6666666666666667,0.2360431111111111,-0.0438168333333333,0.1093166571428571,0.1206872312684899,2.4285714285714284,0.2532003047619047,-0.040812669047619,0.1063527452380952,0.0897842162363424,2.0714285714285716,0.207346681717687,-0.0029237079120879,0.1001856644444444,0.101227286905255,2.0,0.1878500709126984,-5.3273303670743976e-05,50.141068108667056,-0.0074033605612112,0.0074549105028654,0.2860442667782168,-0.0759359651115501,-1.251320143362602,0.8344438473222597,0.0,0.0,0.0,0.0,0.0,0.0,0.0,0.266143,0.0,1.0,0.0,0.158519,0.0,0.0,0.0,0.0,0.0,0.0,0.0,0.0,0.0,0.0,0.032887,0.0,0.032887,0.0,0.032887,0.0,0.0,0.0,0.0,0.0,0.0,0.0,0.0,0.0,0.0,0.008752644841,0.0,0.032887,0.0,0.005213214353,0.0,0.0,0.0,0.0164435,0.0164435,0.5,1
2024-12-30,0.081887,0.081687843810039,1,0.081887,0.081887,0.212115,0.212115,0.264538,0.0686388373468937,1,1,neutral,0.049,0.1177851486870526,0.017369461005,-0.005361,0.1114099838973148,1.0,0.2795526666666667,0.106372,0.0966194,0.1177851486870526,2.2857142857142856,0.2375664476190475,-0.0349728261904762,0.1083918166666666,0.0888064808218801,2.0714285714285716,0.2206284674319727,-0.0053704021245421,0.0966248727777777,0.0998757362479092,1.9666666666666663,0.1857213042460317,0.0004391886281052,51.37016217129452,-0.0073226408208203,0.0044993996302149,0.261785819898482,-0.0695429682318153,1.4899504363426277,2.7412705797052297,0.0,0.0,0.0,0.0,0.0,0.0,0.0,0.365926,0.0,1.0,0.0,0.0,0.0,0.0,0.0,0.0,0.0,0.0,0.0,0.0,0.0,0.0,0.081887,0.0,0.081887,0.0,0.0,0.0,0.0,0.0,0.0,0.0,0.0,0.0,0.0,0.0,0.0,0.029964582362,0.0,0.081887,0.0,0.0,0.0,0.0,0.0,0.0409435,0.0409435,0.5,1
2025-01-02,0.0001465,0.171986046854098,2,-0.121466,0.121759,0.118309,0.236618,0.117065,0.0636466813746011,2,2,neutral,-0.0817405,0.1129816142472267,1.7332268500000095e-05,0.0383068333333333,0.0411388901173,1.3333333333333333,0.2015813333333333,-0.0163702499999999,0.0683063761904762,0.1129816142472267,2.142857142857143,0.2236103047619047,-0.0307780273809524,0.1038719238095238,0.0927920360502423,2.0,0.210045875595238,-0.0099455479853479,0.1006020561111111,0.0931343596191126,2.0,0.187615837579365,-0.001671486091954,47.15830476826027,-0.0136687863139545,0.0008657618434643,0.2500635096472743,-0.0775188829806076,-0.9982109492349212,-2.488161385577549,0.0,0.4775729999999999,0.0,0.0,0.0,0.0,0.0,0.5351425,0.0,1.0,0.0,0.0,0.0,0.0,0.0,0.0,0.0001465,0.0,0.0,0.0,0.0,0.0,0.0001465,0.0,0.0001465,0.0,0.0,0.0,0.0,0.0,0.0,0.077741838039,0.0,0.0,0.0,0.0,0.0,-0.103691400535,0.0,0.000293,0.0,0.0,0.0,0.0,0.0,0.0122491499999999,0.0244982999999999,0.6,2
2025-01-06,-0.039342,0.1167122168755268,2,-0.12187,0.043186,0.0816585,0.163317,0.1374995,0.0457321310732399,2,2,neutral,-0.0394885,0.1044573181812285,-0.003212608707,0.0142305,0.0618294986414247,1.6666666666666667,0.1373608333333333,-0.0606145,0.0353655666666666,0.1044573181812285,1.8571428571428572,0.209665519047619,-0.0247493119047619,0.0938719952380952,0.1003971412572975,2.0714285714285716,0.2041441970238095,-0.0141433608791208,0.0880235727777778,0.0851004137095389,2.0,0.1772910209126984,-0.0009370375639599,43.725675615112266,-0.0216223864183815,-0.0036318684009745,0.2542942633316644,-0.0882871866649978,-269.5460750853228,-268.54786413608787,0.0,0.367404,0.0,0.0,0.0,0.0,0.0,0.9840765,0.0,1.0,0.0,0.0,0.0,0.0,0.0,0.0,-0.039342,0.0,0.0,0.0,0.0,0.0,-0.039342,0.0,-0.039342,0.0,0.0,0.0,0.0,0.0,0.0,0.005568906224,0.0,0.0,0.0,0.0,0.0,-0.076288475166,0.0,-0.078684,0.0,0.0,0.0,0.0,0.0,-0.019671,-0.039342,0.5,2
2025-01-07,0.0964849999999999,0.1982911262210187,2,-0.043728,0.236698,0.4446569999999999,0.8893139999999999,0.0713885,0.07409276985307,2,1,neutral,0.1358269999999999,0.0880875185318509,0.0429027306449999,0.0190964999999999,0.0698682356815309,1.6666666666666667,0.2148748333333333,0.04816925,0.0231038809523809,0.0880875185318509,1.5714285714285714,0.2235526904761904,0.0027922321428571,0.0876296857142857,0.097030904893498,1.9285714285714288,0.2161113041666666,-0.0111014946520146,0.0872233727777777,0.0848972166213484,1.9666666666666663,0.1911841875793651,-0.0006585344197256,46.259711764252714,-0.0168112679894997,-0.0062677485962701,0.2559799738434994,-0.0855004471768327,-3.452468100249097,266.0936069850737,0.0,0.5829865,0.0,0.0,0.0,0.0,0.0,0.990999,0.0,1.0,0.0,0.0,0.0,0.0,0.0,0.0,0.0964849999999999,0.0,0.0,0.0,0.0,0.0,0.236698,0.0,0.0964849999999999,0.0,0.0,0.0,0.0,0.0,0.0,0.14937282071,0.0,0.0,0.0,0.0,0.0,0.2345674813019999,0.0,0.1929699999999999,0.0,0.0,0.0,0.0,0.0,0.0482424999999999,0.0964849999999999,0.5,1
2025-01-08,0.179712,0.1982911262210187,1,0.179712,0.179712,0.116725,0.116725,0.27461,0.07409276985307,1,1,bullish,0.083227,0.1009059149752286,0.0209768832,0.0789516666666666,0.1105745317075016,1.3333333333333333,0.2143468333333333,0.109527,0.0315597857142857,0.1009059149752286,1.2857142857142858,0.2285724999999999,0.0334883571428571,0.0972738285714285,0.0991224965438201,1.9285714285714288,0.2226900898809523,-0.0098860335531135,0.0941535838888888,0.0836269732124658,1.9333333333333331,0.1912920431349206,-0.0008578177790137,56.06931401321166,-0.0062335706759477,-0.0062609130116298,0.2666249446838746,-0.082840218017208,0.8625900399025759,4.315058140151673,0.0,0.0,0.0,0.0,0.0,0.0,0.0,0.266143,0.0,0.5,0.0,0.0,0.0,0.0,0.5,0.0,0.0,0.0,0.0,0.0,0.0,0.0,0.179712,0.0,0.179712,0.0,0.0,0.0,0.0,0.179712,0.0,0.0,0.0,0.0,0.0,0.0,0.0,0.047829090816,0.0,0.089856,0.0,0.0,0.0,0.0,0.089856,0.089856,0.089856,0.5,1
2025-01-09,0.0055781666666666,0.0770203390369496,6,-0.074488,0.139019,0.18938,1.13628,0.1202813333333333,0.0611899258070041,6,3,neutral,-0.1741338333333333,0.0738564285263687,0.0010563932033333,0.0939250555555555,0.087095137433207,1.6666666666666667,0.250254,-0.0454534166666666,0.0510505238095238,0.0738564285263687,1.5714285714285714,0.2053092142857142,0.0075022142857142,0.0863884833333333,0.1003046650501657,2.0714285714285716,0.232149875595238,-0.010504838021978,0.0916754561111111,0.0851508766126724,2.0,0.1884091431349206,-0.0015274209380793,43.50491573223264,-0.0117230888907521,-0.0073533482610842,0.2675535811935138,-0.0862130711935138,-0.9689605220204178,-1.8315505619229937,0.0,0.420604,0.0,0.0,0.158519,0.0,0.5,0.4326223999999999,0.0,0.9166666666666666,0.0,0.0,0.0,0.0,0.0,0.0,0.0590815,0.0,0.0,0.139019,0.0,-0.074488,0.010865,0.0,0.0055781666666666,0.0,0.0,0.0,0.0,0.0,0.0,0.007798991077,0.0,0.0,0.022037152861,0.0,-0.037244,0.007400627837,0.0,0.070713,0.0,0.0,0.0,0.0,0.0,0.0027890833333333,0.0167345,0.5,3
2025-01-10,0.0487622499999999,0.1573636166110726,4,-0.116477,0.261974,0.23225575,0.929023,0.1813675,0.0961135057193663,4,3,neutral,0.0431840833333333,0.0734483394885951,0.0113253129454375,0.0780174722222222,0.0906782719194292,2.3333333333333335,0.1794535833333333,-0.065474875,0.0533184166666666,0.0734483394885951,1.8571428571428572,0.1993000357142857,0.0046622529761904,0.0813175369047619,0.1002825655783994,2.142857142857143,0.2262501702380952,-0.0104798617216117,0.0904332644444444,0.085507176577899,2.066666666666667,0.1925409014682539,-0.0018432283055246,46.98701556099784,-0.0124552507849662,-0.0083737288208794,0.2675398015089739,-0.0866570665089739,7.741626579820132,8.710587101840549,0.0,0.496766,0.0,0.0,0.0,0.0,0.0,0.635305,0.0,1.0,0.0,0.0,0.0,0.0,0.0,0.0,0.0727485,0.0,0.0,0.0,0.0,0.0,0.1502305,0.0,0.0487622499999999,0.0,0.0,0.0,0.0,0.0,0.0,0.0019152174289999,0.0,0.0,0.0,0.0,0.0,0.1306816710319999,0.0,0.1950489999999999,0.0,0.0,0.0,0.0,0.0,0.0243811249999999,0.0975244999999999,0.5,3
2025-01-13,0.1364087142857143,0.0885982051223655,7,0.047159,0.267761,0.1131421428571428,0.791995,0.118811,0.1285099064663888,7,4,neutral,0.0876464642857143,0.079614828422182,0.0154335742386734,0.0635830436507936,0.066662583140053,3.3333333333333335,0.1782592976190476,0.0654152738095238,0.0611072329931972,0.079614828422182,2.2857142857142856,0.1851610561224489,0.0176460110544217,0.0788633164965986,0.0983264077349848,2.2857142857142856,0.2113637518707483,-0.0059569183097854,0.0949802215873015,0.084148506294374,2.1666666666666665,0.195500739563492,-0.0021702901859208,48.58576174397598,-0.0059138472121953,-0.0078817524779207,0.2718515367613082,-0.0836704303327368,1.7974245299532798,-5.944202049866852,0.0,0.368968,0.0,0.0,0.0,0.0,0.0,0.345353,0.0,0.8571428571428571,0.0,0.0,0.0,0.0,0.5,0.0,0.204314,0.0,0.0,0.0,0.0,0.0,0.1229938333333333,0.0,0.1364087142857143,0.0,0.0,0.0,0.0,0.15746,0.0,0.145552800976,0.0,0.0,0.0,0.0,0.0,0.264699512736,0.0,0.797401,0.0,0.0,0.0,0.0,0.15746,0.0805985285714285,0.5641897,0.5571428571428572,4
2025-01-14,0.0293359999999999,0.1457802756342572,3,-0.113722,0.177694,0.127228,0.381684,0.1498976666666666,0.0623770337089968,3,2,neutral,-0.1070727142857143,0.0765970055735049,0.003732360608,0.0715023214285714,0.0570436207876035,3.0,0.1575419642857143,-0.009713125,0.0652771615646258,0.0765970055735049,2.2857142857142856,0.1864351989795918,0.0055332742346938,0.066791768877551,0.0927460532101556,2.2142857142857144,0.2050227518707483,-0.003433269654631,0.0923878438095238,0.0849561035837545,2.1333333333333333,0.1978886284523809,-0.0025101660395148,43.47110208402427,-0.0092417925193606,-0.0081537604955954,0.2705775914244987,-0.0895285849959273,-0.7849404258839768,-2.582364955837257,0.0,0.682689,0.0,0.0,0.0,0.0,0.0,0.495866,0.0,1.0,0.0,0.0,0.0,0.0,0.0,0.0,-0.113722,0.0,0.0,0.0,0.0,0.0,0.024036,0.0,0.0293359999999999,0.0,0.0,0.0,0.0,0.0,0.0,-0.077636758458,0.0,0.0,0.0,0.0,0.0,0.0119186351759999,0.0,0.0880079999999999,0.0,0.0,0.0,0.0,0.0,0.0146679999999999,0.0440039999999999,0.5,2
2025-01-15,0.1777656666666666,0.1412054812687288,3,0.056948,0.332997,0.3006003333333333,0.901801,0.1662206666666666,0.0056530439882715,3,2,bullish,0.1484296666666666,0.070919467709535,0.0534364186552222,0.1145034603174603,0.0766010548246869,2.6666666666666665,0.180323492063492,0.0206784761904762,0.0962925425170068,0.070919467709535,2.2857142857142856,0.2177126037414965,0.0026400195578231,0.0658290545918367,0.0914152615952429,2.0714285714285716,0.2136890613945578,0.0038402229565672,0.0939274104761904,0.0861015820716212,2.1,0.2008032617857142,-0.0016890598389745,49.53057772683709,6.963400478167403e-05,-0.0065090815501153,0.2696244858994494,-0.0891866461375446,5.059642305244979,5.8445827311289555,0.0,0.890401,0.0,0.0,0.0,0.0,0.0,0.6801035,0.0,0.8333333333333334,0.5,0.0,0.0,0.0,0.0,0.0,0.143352,0.0,0.0,0.0,0.0,0.0,0.1949725,0.0,0.1777656666666666,0.056948,0.0,0.0,0.0,0.0,0.0,0.127640764152,0.0,0.0,0.0,0.0,0.0,0.176898058771,0.0,0.504823,0.028474,0.0,0.0,0.0,0.0,0.0888828333333333,0.2666485,0.5,2
2025-01-16,0.0899015,0.1271399205776848,2,0.0,0.179803,0.122761,0.245522,0.240989,0.0762614663509691,2,2,neutral,-0.0878641666666666,0.0709601320038749,0.0110363980414999,0.0990010555555555,0.0746320502209064,2.0,0.1835297777777778,0.03028275,0.0953520425170068,0.0709601320038749,2.4285714285714284,0.1717274608843537,0.0019827589285714,0.0592279617346938,0.0855020451864156,2.0,0.1976400756802721,0.0083682624542124,0.0882394104761904,0.0801456311174382,2.1333333333333333,0.1943183117857142,-0.0005659707685788,46.94904707981357,0.0003697078608605,-0.0051333236375357,0.2706043797510387,-0.0856457899891338,-0.4942696096171552,-5.553911914862134,0.0,0.989041,0.0,0.0,0.0,0.0,0.0,0.316726,0.0,1.0,0.0,0.161647,0.0,0.0,0.0,0.0,0.179803,0.0,0.0,0.0,0.0,0.0,0.179803,0.0,0.0899015,0.0,0.0,0.0,0.0,0.0,0.0,0.177832538923,0.0,0.0,0.0,0.0,0.0,0.0569482849779999,0.0,0.179803,0.0,0.0,0.0,0.0,0.0,0.0629310499999999,0.1258620999999999,0.6,2
2025-01-17,0.109,0.1271399205776848,1,0.109,0.109,0.052918,0.052918,0.266077,0.0762614663509691,1,1,neutral,0.0190985,0.061328886478828,0.005768062,0.1255557222222222,0.0462125188637392,1.6666666666666667,0.1587597777777777,-0.0343828333333333,0.0852503282312925,0.061328886478828,2.4285714285714284,0.162612175170068,0.015496462585034,0.0584050569727891,0.0849202232901894,1.8571428571428572,0.195592337585034,0.011810959314495,0.0853017854761904,0.0775912295135679,2.033333333333333,0.1893286617857142,0.0003189294809047,49.60862889696807,0.0021211155910731,-0.003682435766179,0.2656943087903455,-0.0856330190284407,0.2124380572070545,0.7067076668242098,0.0,0.0,0.0,0.0,0.0,0.0,0.0,0.459462,0.0,1.0,0.0,0.0,0.0,0.0,0.0,0.0,0.0,0.0,0.0,0.0,0.0,0.0,0.109,0.0,0.109,0.0,0.0,0.0,0.0,0.0,0.0,0.0,0.0,0.0,0.0,0.0,0.0,0.050081358,0.0,0.109,0.0,0.0,0.0,0.0,0.0,0.0762999999999999,0.0762999999999999,0.7,1
2025-01-21,0.018318,0.0554908777788445,4,-0.053001,0.08121,0.23556575,0.942263,0.17131025,0.1050989732026436,4,3,neutral,-0.090682,0.0587033374138447,0.0043150934085,0.0724065,0.0478054656890816,2.0,0.1370815833333333,-0.0357917499999999,0.0870703044217687,0.0587033374138447,2.4285714285714284,0.1692101394557823,-0.0030565956632653,0.0690604141156462,0.0667637103366479,2.0,0.1872596768707482,0.0044262063579277,0.0850446021428571,0.077806940914746,2.033333333333333,0.1844366451190476,-0.0005219707701679,55.68875859136155,-0.0037516171657013,-0.003696272046279,0.2628521983501545,-0.0929346585882497,-0.8319449541284404,-1.044383011335495,0.0,0.0,0.0,0.0,0.0,0.0,0.0,0.259367,0.0,1.0,0.0,0.0,0.0,0.0,0.0,0.0,0.0,0.0,0.0,0.0,0.0,0.0,0.0563485,0.0,0.018318,0.0,0.0,0.0,0.0,0.0,0.0,0.0,0.0,0.0,0.0,0.0,0.0,0.034244347903,0.0,0.073272,0.0,0.0,0.0,0.0,0.0,0.009159,0.036636,0.5,3
2025-01-22,0.00318475,0.0655877571877303,4,-0.075162,0.063752,0.2424025,0.96961,0.0049485,0.1655071164502199,4,2,neutral,-0.01513325,0.0657634799745431,0.000771991361875,0.0435009166666666,0.0572263160794122,2.0,0.1769620833333333,-0.052907625,0.0805592329931973,0.0657634799745431,2.2857142857142856,0.170659675170068,-0.017516912840136,0.0669388248299319,0.0684522183106523,2.0714285714285716,0.1849798554421768,0.0013515143903715,0.0834254104761904,0.0790194720805127,2.033333333333333,0.1872166951190476,-0.0012796443805286,48.72251428729424,-0.0095150670969255,-0.0048600310695679,0.2532377399225663,-0.1000785051606615,-0.8261409542526477,0.0058039998757927,0.0,0.310843,0.0,0.0,0.0,0.0,0.0,0.2912955,0.0,1.0,0.0,0.0,0.0,0.0,0.0,0.0,-0.075162,0.0,0.0,0.0,0.0,0.0,0.00318475,0.0,0.00318475,0.0,0.0,0.0,0.0,0.0,0.0,-0.023363581566,0.0,0.0,0.0,0.0,0.0,0.040182161245,0.0,0.012739,0.0,0.0,0.0,0.0,0.0,0.001592375,0.0063695,0.5,2
2025-01-23,0.1406826666666666,0.1965039282058588,3,-0.086207,0.256273,0.1431913333333333,0.429574,0.2669913333333333,0.0296106384485936,3,3,neutral,0.1374979166666666,0.0663853208951111,0.0201445386168888,0.0540618055555555,0.07539651184646,2.6666666666666665,0.2070531944444444,0.0611823333333333,0.0811697976190476,0.0663853208951111,2.142857142857143,0.1749524166666666,-0.003096619047619,0.0711385153061224,0.0711887864754559,2.2142857142857144,0.1800567363945578,0.0039512782836211,0.0865594993650793,0.0793747668261968,2.1,0.1915198728968253,-0.001163797282695,52.34989863079007,-0.0029706817876785,-0.0044821612097717,0.2437472695967114,-0.0963535348348066,43.173849334065984,43.999990288318635,0.0,0.0,0.0,0.0,0.0,0.0,0.0,0.0,0.0,1.0,0.0,0.0,0.0,0.0,0.0,0.0,0.0,0.0,0.0,0.0,0.0,0.0,0.0,0.0,0.1406826666666666,0.0,0.0,0.0,0.0,0.0,0.0,0.0,0.0,0.0,0.0,0.0,0.0,0.0,0.0,0.422048,0.0,0.0,0.0,0.0,0.0,0.0703413333333333,0.211024,0.5,3
2025-01-24,0.1305006666666666,0.0186849913388616,3,0.116766,0.151778,0.2047603333333333,0.614281,0.1617386666666666,0.1110814298536588,3,2,neutral,-0.0101819999999999,0.0641960741920997,0.0267213600068888,0.0914560277777777,0.0766145034663226,2.3333333333333335,0.1967847222222222,0.0636579583333333,0.0956218928571428,0.0641960741920997,2.142857142857143,0.1860284642857142,-0.0052159970238095,0.0804495272108843,0.069698379154139,2.2142857142857144,0.186231831632653,0.0033069436420722,0.0899088438095238,0.079025936444007,2.1,0.1946841062301587,-0.0012702311637268,55.52597724823991,0.0013793859127341,-0.0033098517767865,0.2339040274349631,-0.0925845926730584,-0.0723756539540524,-43.24622498802004,0.0,0.830131,0.0,0.0,0.0,0.0,0.0,0.299404,0.0,1.0,0.0,0.0,0.0,0.0,0.0,0.0,0.119862,0.0,0.0,0.0,0.0,0.0,0.1305006666666666,0.0,0.1305006666666666,0.0,0.0,0.0,0.0,0.0,0.0,0.199375515684,0.0,0.0,0.0,0.0,0.0,0.1193403809599999,0.0,0.391502,0.0,0.0,0.0,0.0,0.0,0.0652503333333333,0.195751,0.5,2
2025-01-27,0.076968,0.1088491894687323,2,0.0,0.153936,0.0534525,0.106905,0.2323335,0.088155709517308,2,2,neutral,-0.0535326666666666,0.0530341572202029,0.0041141320199999,0.1160504444444444,0.0342271292809488,2.3333333333333335,0.1338013888888889,-0.0318573333333333,0.0812222261904762,0.0530341572202029,2.142857142857143,0.1507216309523809,0.0045201964285714,0.0887573843537414,0.060668111578934,2.2142857142857144,0.1842171173469387,-0.0007416997906855,0.0906964438095238,0.0787662267864046,2.1333333333333333,0.1955935228968253,-0.0016059194014513,54.872597507558375,0.0005070845487188,-0.0025464645072657,0.2200388486202449,-0.0892542938583401,-0.4102099095279208,-0.3378342555738683,0.0,0.0,0.0,0.0,0.0,0.0,0.0,0.3065705,0.0,0.5,0.5,0.0,0.0,0.0,0.5,0.0,0.0,0.0,0.0,0.0,0.0,0.0,0.076968,0.0,0.076968,0.0,0.0,0.0,0.0,0.153936,0.0,0.0,0.0,0.0,0.0,0.0,0.0,0.024883292592,0.0,0.076968,0.0,0.0,0.0,0.0,0.076968,0.038484,0.076968,0.5,2
2025-01-28,0.022019,0.0256654971313629,3,0.002905,0.05119,0.0955253333333333,0.286576,0.1777846666666666,0.1435145827932943,3,3,neutral,-0.054949,0.057223440194401,0.0021033723146666,0.0764958888888889,0.0542423742785134,2.3333333333333335,0.1179127222222222,-0.0542408333333333,0.0715247261904762,0.057223440194401,2.2857142857142856,0.1468308214285714,-0.0005831101190476,0.0834383843537415,0.0631519950118962,2.357142857142857,0.1592791411564625,-0.0023937542124542,0.0893162438095238,0.07961873524587,2.1333333333333333,0.1898955244841269,-0.0022370786069177,46.65361433323867,-0.0045600700529878,-0.0029491856182754,0.2139913340661586,-0.0930569459709205,-0.7139200706787237,-0.3037101611508028,0.0,0.0,0.0,0.0,0.0,0.0,0.0,0.403109,0.0,1.0,0.0,0.0,0.0,0.0,0.0,0.0,0.0,0.0,0.0,0.0,0.0,0.0,0.022019,0.0,0.022019,0.0,0.0,0.0,0.0,0.0,0.0,0.0,0.0,0.0,0.0,0.0,0.0,0.032318718651,0.0,0.066057,0.0,0.0,0.0,0.0,0.0,0.0110095,0.0330285,0.5,3
2025-01-29,0.1752106,0.1071770052870483,5,0.071104,0.332997,0.2157899999999999,1.07895,0.243945,0.0728692167482264,5,4,bullish,0.1531915999999999,0.0687595248699117,0.0378086953739999,0.0913992,0.0776087058758227,3.0,0.1215892777777778,0.0491213,0.0809833833333333,0.0687595248699117,2.7142857142857144,0.1700982499999999,0.0158797011904761,0.0831168557823129,0.0626334583282779,2.5714285714285716,0.166355212585034,0.0034021645525902,0.0918013638095238,0.081134010066441,2.2333333333333334,0.1916124578174603,-0.0016047093585465,49.80968171239758,0.0037283504943518,-0.0016136783908014,0.2086204106405471,-0.057079262545309,6.957246014805395,7.671166085484119,0.0,0.9891293333333332,0.0,0.0,0.158519,0.0,0.25,0.45858,0.0,0.85,0.0,0.0,0.25,0.0,0.25,0.0,0.1032133333333333,0.0,0.0,0.136089,0.0,0.136089,0.1606592499999999,0.0,0.1752106,0.0,0.0,0.136089,0.0,0.136089,0.0,0.3068072878669999,0.0,0.0,0.0215726921909999,0.0,0.03402225,0.301219494893,0.0,0.77398625,0.0,0.0,0.03402225,0.0,0.03402225,0.0930488599999999,0.4652442999999999,0.54,4
2025-01-30,0.2775188,0.2105996465968069,5,-0.027593,0.502092,0.2872008,1.436004,0.2673024,0.1367657650686018,5,4,bullish,0.1023082,0.0944003781224342,0.07970362137504,0.1582494666666666,0.1285915898609754,3.6666666666666665,0.1995053777777778,0.1277499,0.118012069047619,0.0944003781224342,2.857142857142857,0.1774746857142857,0.0279848696428571,0.1025411867346939,0.0772089841686728,2.642857142857143,0.173342412585034,0.0064002852956567,0.094922746031746,0.0864271252172996,2.2666666666666666,0.1919485678174603,0.000228474335505,62.24106195394703,0.0183322002652468,0.0023754973522332,0.2467500512388108,-0.0707457231435727,0.5839155850159752,-6.373330429789419,0.0,0.997389,0.0,0.2346809999999999,0.158519,0.0,0.5,0.53392175,0.0,0.9,0.0,0.614606,0.0,0.0,0.0,0.0,0.2775188,0.0,0.2460595,0.364628,0.0,0.170816,0.2213755,0.0,0.2775188,0.0,0.170816,0.0,0.0,0.0,0.0,1.386160675275,0.0,0.1040295881449999,0.173401397796,0.0,0.085408,0.4923127992409999,0.0,1.302186,0.0,0.104984538496,0.0,0.0,0.0,0.1455920399999999,0.7279602,0.54,4
2025-01-31,0.083232,0.0560068762885415,6,0.024852,0.159665,0.1763368333333333,1.058021,0.1912518333333333,0.0966541633938583,6,3,neutral,-0.1942868,0.082237017524573,0.014676867312,0.1786538,0.0971891551729923,3.6666666666666665,0.2264425444444444,-0.0459893,0.1294473904761905,0.082237017524573,3.0,0.1680367333333333,0.0078545309523809,0.1050033117346938,0.0759006212072892,2.642857142857143,0.1693482042517007,0.0040756622658294,0.096207346031746,0.0859398410129363,2.3333333333333335,0.1970057289285714,-0.0001933549774882,51.36581481905468,0.0140814660999611,0.0047166911073307,0.2468075329060456,-0.0706687048108075,-0.7000851834182045,-1.2840007684341797,0.0,0.977219,0.0,0.0,0.0,0.0,0.0,0.4995134,0.0,0.8333333333333334,0.0,0.0,0.0,0.0,0.5,0.0,0.0922585,0.0,0.0,0.0,0.0,0.0,0.0679454,0.0,0.083232,0.0,0.0,0.0,0.0,0.109067,0.0,0.18337633477,0.0,0.0,0.0,0.0,0.0,0.2285725489569999,0.0,0.390325,0.0,0.0,0.0,0.0,0.109067,0.041616,0.249696,0.5,3
2025-02-03,0.1618295555555555,0.2061244092041934,9,-0.076298,0.620757,0.2993377777777778,2.69404,0.2161497777777777,0.1182816484907715,9,3,bullish,0.0785975555555555,0.0831023977557248,0.0484416995387654,0.1741934518518518,0.0977317226507297,3.3333333333333335,0.2542918037037038,-0.0578446222222222,0.1324683746031746,0.0831023977557248,3.0,0.1903433682539682,0.012929088095238,0.1068190861111111,0.0770057540610654,2.5714285714285716,0.1826478924603174,0.0067346121733821,0.0963358978835978,0.0860382462131966,2.4,0.2050855548544973,0.000655984143581,51.01453994924539,0.0168548367311774,0.0071443202367056,0.2524882640798778,-0.0601811304290841,0.9443189585202274,1.644404141938432,0.0,0.639595,0.0,0.0,0.0,0.0,0.0,0.246782,0.0,0.9444444444444444,0.0,0.108179,0.0,0.0,0.5,0.0,0.0995123999999999,0.0,0.0,0.0,0.0,0.0,0.13416275,0.0,0.1618295555555555,0.0,-0.076298,0.0,0.0,0.064708,0.0,0.2325356030489999,0.0,0.0,0.0,0.0,0.0,0.123132032245,0.0,1.424112,0.0,-0.008253841342,0.0,0.0,0.032354,0.0809147777777777,0.728233,0.5,3
2025-02-04,0.0746565,0.1083740112230392,8,-0.107272,0.258532,0.11050425,0.884034,0.200596375,0.0793876992845644,8,4,neutral,-0.0871730555555555,0.0859543308112903,0.008249860540125,0.1065726851851851,0.0480455626713686,3.3333333333333335,0.1953929537037037,-0.0042877499999999,0.1244906365079365,0.0859543308112903,3.2857142857142856,0.1768782134920634,0.0064538575396825,0.1100562646825396,0.074406685401287,2.7142857142857144,0.1814533388888888,0.0032612936874236,0.0948325978835979,0.0860089281120322,2.466666666666667,0.1982739756878307,0.0006776315578155,51.83792401626144,0.0118874712263364,0.0080929504360715,0.2451572514921572,-0.0414502678413636,-0.5386720321655294,-1.4829909906857568,0.0,0.9411322,0.0,0.0,0.0,0.0,0.0,0.3382982,0.0,0.9375,0.0,0.134913,0.0,0.0,0.5,0.0,0.0668084,0.0,0.0,0.0,0.0,0.0,0.0642966,0.0,0.0746565,0.0,-0.018378,0.0,0.0,0.070516,0.0,0.270649618926,0.0,0.0,0.0,0.0,0.0,0.1367088580919999,0.0,0.561994,0.0,-0.000205877836,0.0,0.0,0.035258,0.0367701999999999,0.2941615999999999,0.525,4
2025-02-05,0.0408805,0.0578137575365933,2,0.0,0.081761,0.058285,0.11657,0.1228829999999999,0.0381427539907647,2,1,neutral,-0.033776,0.0902543553026832,0.0023827199425,0.0924555185185185,0.0624081108920315,2.6666666666666665,0.1560423425925926,-0.0604745277777777,0.1193352793650793,0.0902543553026832,3.142857142857143,0.1775685706349206,-0.0092933194444444,0.1002787527777777,0.073816268676396,2.642857142857143,0.1641451007936508,0.0035170213553113,0.0905030212169312,0.0853210675880649,2.433333333333333,0.189498409021164,0.0008532445560322,43.87961606741444,0.0051679375580228,0.0075079478597515,0.2449500264881767,-0.046803492837383,-0.4524187445165525,0.0862532876489768,0.0,0.8409,0.0,0.158519,0.0,0.0,0.0,0.214378,0.0,1.0,0.0,0.0,0.0,0.0,0.0,0.0,0.0408805,0.0,0.0,0.0,0.0,0.0,0.0408805,0.0,0.0408805,0.0,0.0,0.0,0.0,0.0,0.0,0.079089132281,0.0,0.0,0.0,0.0,0.0,0.017527759658,0.0,0.081761,0.0,0.0,0.0,0.0,0.0,0.02044025,0.0408805,0.5,1
2025-02-06,0.1083379999999999,0.0353786121972018,3,0.076873,0.146634,0.0586096666666666,0.1758289999999999,0.2523913333333333,0.1753720346701073,3,2,neutral,0.0674574999999999,0.08006367213976,0.0063496540673333,0.074625,0.0337287610319437,2.3333333333333335,0.0757996388888889,0.01684075,0.131666565079365,0.08006367213976,3.0,0.1722949039682539,-0.0243739249999999,0.1015956456349206,0.0737813427387829,2.642857142857143,0.1595628626984127,0.0034051783272283,0.0875030323280423,0.0829479750465908,2.4,0.1842519979100529,0.001711996145276,50.83965161748534,0.0052218255295411,0.0070507233932653,0.2364850846247504,-0.0454759509739568,1.6501143577011042,2.1025331022176568,0.158519,0.9376086666666666,0.0,0.0,0.0,0.0,0.0,0.4225666666666667,0.0,0.8333333333333334,0.5,0.108179,0.0,0.0,0.0,0.146634,0.1083379999999999,0.0,0.0,0.0,0.0,0.0,0.1083379999999999,0.0,0.1083379999999999,0.146634,0.146634,0.0,0.0,0.0,0.0232442750459999,0.3007120559539999,0.0,0.0,0.0,0.0,0.0,0.171046602412,0.0,0.251697,0.073317,0.0158627194859999,0.0,0.0,0.0,0.0541689999999999,0.1625069999999999,0.5,2
2025-02-07,-0.03019175,0.0868209824384827,4,-0.076059,0.099974,0.301036,1.204144,0.104818,0.1527529785328805,4,2,neutral,-0.13852975,0.0972419833823668,-0.009088803653,0.0396755833333333,0.069272734729443,1.6666666666666667,0.1393102222222222,-0.035536125,0.1023233722222222,0.0972419833823668,2.7142857142857144,0.1844729039682539,-0.0354953109126984,0.0916533777777777,0.0816640098184006,2.7142857142857144,0.177285576984127,-0.0001160762393162,0.0801218517724867,0.0832499597489847,2.3333333333333335,0.1883107979100529,0.0016681276195773,44.282754482604645,-0.0058388710692638,0.0044728044987562,0.2402963796187296,-0.0528642376346026,-1.2786810721999669,-2.9287954299010712,0.0,0.0,0.0,0.0,0.0,0.0,0.0,0.37563225,0.0,0.875,0.0,0.0,0.0,0.0,0.5,0.0,0.0,0.0,0.0,0.0,0.0,0.0,-0.03019175,0.0,-0.03019175,0.0,0.0,0.0,0.0,0.099974,0.0,0.0,0.0,0.0,0.0,0.0,0.0,-0.091503452398,0.0,-0.170754,0.0,0.0,0.0,0.0,0.049987,-0.015095875,-0.0603835,0.5,2
2025-02-08,0.046464,0.0010281332598452,2,0.045737,0.047191,0.0147145,0.029429,0.0741405,0.0031784449814335,2,1,neutral,0.07665575,0.0599113710890727,0.0006836945279999,0.0415367499999999,0.0693961904803675,1.6666666666666667,0.1247867222222222,-0.0309369999999999,0.0693155436507936,0.0599113710890727,2.2857142857142856,0.1455462896825396,-0.0164523253968254,0.0936638063492063,0.0800502501810436,2.5714285714285716,0.1615104876984126,-0.0038248511355311,0.0755934251058201,0.0811681868732582,2.2666666666666666,0.1772197212433862,0.0021557729351837,51.169561925800146,-0.0083268473739464,0.0019128741226243,0.2403333784387338,-0.0531310614546068,-2.5389634585606995,-1.2602823863607326,0.0,0.0,0.0,0.0,0.0,0.0,0.0,0.158519,0.0,0.5,0.0,0.0,0.0,0.0,0.5,0.0,0.0,0.0,0.0,0.0,0.0,0.0,0.046464,0.0,0.046464,0.0,0.0,0.0,0.0,0.046464,0.0,0.0,0.0,0.0,0.0,0.0,0.0,0.014730853632,0.0,0.046464,0.0,0.0,0.0,0.0,0.046464,0.023232,0.046464,0.5,1
2025-02-10,0.0327226666666666,0.0193940034374889,3,0.01056,0.046586,0.0825023333333333,0.2475069999999999,0.2149309999999999,0.1593781684045842,3,3,neutral,-0.0137413333333333,0.0609879074019445,0.0026996963528888,0.0163316388888888,0.0408720606982873,2.0,0.1327509444444445,0.0314572083333333,0.0620999246031746,0.0609879074019445,2.2857142857142856,0.1321413611111111,-0.0183849255952381,0.0957736575396825,0.0778408610622884,2.642857142857143,0.1500890472222222,-0.0085488525885225,0.0726668251058201,0.0810752008337076,2.2666666666666666,0.1772502545767195,0.0021890304421138,51.22882226606602,-0.0112767452741579,-0.000725049758044,0.2361045065018035,-0.0592707942795813,-0.2957415059687786,2.243221952591921,0.0,0.986714,0.0,0.0,0.0,0.0,0.0,0.99793,0.0,1.0,0.0,0.0,0.0,0.0,0.0,0.0,0.041022,0.0,0.0,0.0,0.0,0.0,0.041022,0.0,0.0327226666666666,0.0,0.0,0.0,0.0,0.0,0.0,0.040476981708,0.0,0.0,0.0,0.0,0.0,0.04093708446,0.0,0.098168,0.0,0.0,0.0,0.0,0.0,0.0190961333333333,0.0572884,0.5666666666666667,3
2025-02-11,0.052979,0.0193940034374889,1,0.052979,0.052979,0.019554,0.019554,0.076329,0.1593781684045842,1,1,neutral,0.0202563333333333,0.0423511241360167,0.0010359513659999,0.0440552222222222,0.0103407648563717,1.6666666666666667,0.0389236111111111,0.0032575,0.0465498452380952,0.0423511241360167,2.0,0.0921722499999999,-0.0051150773809523,0.0895091099206349,0.0774769123322023,2.5,0.1412578091269841,-0.0082910403052503,0.0787946917724867,0.0715497410997302,2.2666666666666666,0.1661612879100529,0.0006583996286879,45.957005770458146,-0.0118443513816567,-0.0029489100836513,0.2356650649839924,-0.0564670527617702,0.619030641349523,0.9147721473183016,0.0,0.0,0.0,0.0,0.0,0.0,0.0,0.158519,0.0,0.5,0.0,0.0,0.0,0.0,0.5,0.0,0.0,0.0,0.0,0.0,0.0,0.0,0.052979,0.0,0.052979,0.0,0.0,0.0,0.0,0.052979,0.0,0.0,0.0,0.0,0.0,0.0,0.0,0.008398178101,0.0,0.0264895,0.0,0.0,0.0,0.0,0.0264895,0.0264895,0.0264895,0.5,1
2025-02-12,0.071194,0.0193940034374889,1,0.071194,0.071194,0.004293,0.004293,0.254243,0.1593781684045842,1,1,neutral,0.0182149999999999,0.041986791404434,0.0003056358419999,0.0522985555555555,0.0192446908416984,1.6666666666666667,0.0354497777777778,0.0192356666666666,0.0460552023809523,0.041986791404434,1.5714285714285714,0.0769992142857142,0.0015406041666666,0.0852729194444444,0.0766804741314676,2.4285714285714284,0.1269387138888889,-0.0074629591575091,0.0800715917724867,0.0710422259657658,2.2666666666666666,0.1571603879100528,0.0002927581367304,47.286159722699374,-0.0107017321484763,-0.0044994744971098,0.2244508723450875,-0.0559100267895319,0.3438154740557579,-0.275215167293765,0.0,1.0,0.0,0.0,0.0,0.0,0.5,0.972476,0.0,0.5,0.0,0.360215,0.0,0.0,0.0,0.0,0.071194,0.0,0.0,0.0,0.0,0.071194,0.071194,0.0,0.071194,0.0,0.071194,0.0,0.0,0.0,0.0,0.071194,0.0,0.0,0.0,0.0,0.035597,0.069234456344,0.0,0.035597,0.0,0.0256451467099999,0.0,0.0,0.0,0.0498357999999999,0.0498357999999999,0.7,1
2025-02-13,0.1254888333333333,0.133556065874099,6,0.018546,0.377146,0.4357223333333333,2.614334,0.1507418333333333,0.0945302189554571,6,2,neutral,0.0542948333333333,0.0513770623740479,0.0546782872672777,0.0832206111111111,0.0377213270394923,1.3333333333333333,0.1531897777777778,0.0362549166666666,0.0581421071428571,0.0513770623740479,1.7142857142857142,0.1309188333333333,0.0093121071428571,0.0887386932539682,0.0773696533029802,2.4285714285714284,0.1542437019841269,-0.0065877215995115,0.0815249862169312,0.0715250131546918,2.3,0.1646139656878306,0.0005982926551547,52.21873887804344,-0.0053553200906373,-0.0046706436158589,0.2274295155407735,-0.0553299366518846,0.7626321506493994,0.4188166765936414,0.0,0.7538327499999999,0.0,0.0,0.576289,0.0,0.0,0.3850103333333333,0.0,1.0,0.0,0.796627,0.0,0.0,0.0,0.0,0.059129,0.0,0.0,0.022013,0.0,0.0,0.1254888333333333,0.0,0.1254888333333333,0.0,0.022013,0.0,0.0,0.0,0.0,0.1449014334109999,0.0,0.0,0.012685849757,0.0,0.0,0.2641316813779999,0.0,0.752933,0.0,0.017536150151,0.0,0.0,0.0,0.0627444166666666,0.3764665,0.5,2
2025-02-14,-0.0062989999999999,0.1400338122454716,3,-0.167767,0.081887,0.19294,0.57882,0.1793806666666666,0.1154415660034691,3,3,neutral,-0.1317878333333333,0.0509791893220832,-0.0012153290599999,0.0634612777777777,0.0662333337406332,2.0,0.2109851111111111,-0.0387465,0.0417653928571428,0.0509791893220832,1.8571428571428572,0.1501088809523809,0.0095785446428571,0.0867159789682539,0.0795865222098144,2.4285714285714284,0.1612018924603175,-0.0115026345909645,0.0813101362169312,0.071787091197893,2.3333333333333335,0.1671016656878307,-0.0005295446469622,48.790109862346384,-0.0116140762022884,-0.0060593301334277,0.2270255501124056,-0.0664558712235167,-1.0501957013439442,-1.8128278519933436,0.0,0.158519,0.0,0.0,0.0,0.0,0.333333,0.560538,0.0,0.7777776666666667,0.0,0.158519,0.0,0.0,0.333333,0.0,-0.167767,0.0,0.0,0.0,0.0,-0.167767,-0.0062989999999999,0.0,-0.0062989999999999,0.0,-0.167767,0.0,0.0,-0.167767,0.0,-0.0265942570729999,0.0,0.0,0.0,0.0,-0.055922277411,0.043741883166,0.0,0.092947722589,0.0,-0.0265942570729999,0.0,0.0,-0.055922277411,-0.0031494999999999,-0.0094484999999999,0.5,3
2025-02-18,0.109442125,0.1045595426408697,8,0.008153,0.307175,0.182612625,1.460901,0.14252,0.132537033604089,8,4,neutral,0.115741125,0.0451113473887088,0.0199855137318281,0.0762106527777777,0.0719044943881522,3.0,0.2704249861111111,-0.0080233541666666,0.0617130892857142,0.0451113473887088,2.142857142857143,0.1331912559523809,0.0065500312499999,0.0820182307539682,0.0758127271397746,2.4285714285714284,0.1588320799603174,-0.007935911043956,0.0862696070502645,0.0682148703850346,2.4,0.1704668031878307,-0.0011801316431837,47.09713754563843,-0.0071559716236739,-0.0062786584315127,0.2291185922549691,-0.0594365008660802,-18.374523733926026,-17.324328032582077,0.0,0.5766346,0.0,0.158519,0.0,0.0,0.0,0.439087625,0.0,0.666666625,0.333333,0.0,0.0,0.0,0.4666666,0.0,0.1663581999999999,0.0,0.307175,0.0,0.0,0.0,0.109442125,0.0,0.109442125,0.05719,0.0,0.0,0.0,0.0567474,0.0,0.4949448889929999,0.0,0.0486930738249999,0.0,0.0,0.0,0.354244850966,0.0,0.72413681427,0.01906331427,0.0,0.0,0.0,0.13233681427,0.0592910875,0.4743287,0.525,4
2025-02-19,0.0837716,0.0372778083824679,5,0.043079,0.12301,0.2404782,1.202391,0.1299134,0.0362917266784042,5,3,neutral,-0.025670525,0.045213214206716,0.02014524357912,0.0623049083333333,0.0607833541555594,3.3333333333333335,0.2053436083333334,0.0450353,0.0670427464285714,0.045213214206716,2.4285714285714284,0.165443213095238,0.0067350017857142,0.0681791450396825,0.0510050694111693,2.357142857142857,0.1554947513888889,-0.001440741068376,0.0858458270502645,0.0681887051546128,2.466666666666667,0.1636608431878307,-0.0011257968318413,40.827956535810166,-0.0056286667445043,-0.006148660094094,0.2279536503946171,-0.0502128740057282,-0.2345579912670737,18.139965742658948,0.0,0.997845,0.0,0.0,0.0,0.0,0.0,0.5256145,0.0,0.8,0.0,0.0,0.0,0.0,0.5,0.0,0.110599,0.0,0.0,0.0,0.0,0.0,0.07706475,0.0,0.0837716,0.0,0.0,0.0,0.0,0.04423,0.0,0.110360659155,0.0,0.0,0.0,0.0,0.0,0.129590975823,0.0,0.3746279999999999,0.0,0.0,0.0,0.0,0.04423,0.0418858,0.209429,0.5,3
2025-02-20,0.0612485,0.0561746840178029,2,0.021527,0.10097,0.118258,0.236516,0.141696,0.0414223152419079,2,1,neutral,-0.0225230999999999,0.0428269145971314,0.007243125113,0.0848207416666666,0.0241139357289032,2.6666666666666665,0.1804496083333333,-0.0240968124999999,0.0711178654761904,0.0428269145971314,2.142857142857143,0.1705511654761904,0.0012113211309523,0.0666088950396825,0.050844142072863,2.2142857142857144,0.1513462632936508,-0.0011425115323565,0.0818970437169312,0.0659591485873299,2.466666666666667,0.1637119431878307,-0.000637136347529,48.757179417300904,-0.0061640301011226,-0.0061517340955001,0.2222784438121395,-0.0524810840899173,-0.2688631946865046,-0.0343052034194308,0.0,0.8846685000000001,0.0,0.0,0.0,0.0,0.0,0.452403,0.0,1.0,0.0,0.0,0.0,0.0,0.0,0.0,0.0612485,0.0,0.0,0.0,0.0,0.0,0.0612485,0.0,0.0612485,0.0,0.0,0.0,0.0,0.0,0.0,0.117489889467,0.0,0.0,0.0,0.0,0.0,0.028071823059,0.0,0.122497,0.0,0.0,0.0,0.0,0.0,0.03062425,0.0612485,0.5,1
2025-02-21,0.246277,0.0561746840178029,1,0.246277,0.246277,0.28387,0.28387,0.139122,0.0414223152419079,1,1,bullish,0.1850284999999999,0.0774799336149116,0.06991065199,0.1304323666666666,0.100954478912544,1.6666666666666667,0.2142020666666667,0.0812527,0.0987318654761904,0.0774799336149116,2.142857142857143,0.208310594047619,0.0173871047619047,0.0726408553571428,0.0658149610638002,2.0714285714285716,0.1502414220238095,0.0071300055494505,0.0899203381613756,0.0708160975781493,2.4,0.1668616098544973,-0.0001029575836467,54.26136095240052,0.0082423041486006,-0.0032729264464397,0.2448855311064335,-0.0635105380508779,3.0209474517743287,3.2898106464608334,0.0,0.0,0.0,0.0,0.0,0.0,0.0,0.214378,0.0,1.0,0.0,0.158519,0.0,0.0,0.0,0.0,0.0,0.0,0.0,0.0,0.0,0.0,0.246277,0.0,0.246277,0.0,0.246277,0.0,0.0,0.0,0.0,0.0,0.0,0.0,0.0,0.0,0.0,0.052796370706,0.0,0.246277,0.0,0.039039583763,0.0,0.0,0.0,0.1231385,0.1231385,0.5,1
2025-02-22,0.0689016666666666,0.0325944416171428,3,0.03654,0.101724,0.1644286666666666,0.493286,0.1155046666666666,0.0076203313794961,3,2,neutral,-0.1773753333333333,0.0776204405201687,0.0113294091811111,0.1254757222222222,0.1046869345934094,1.3333333333333333,0.1888522222222222,0.0038265833333333,0.0984043892857143,0.0776204405201687,2.2857142857142856,0.2311871178571428,0.0102570312499999,0.0722297958333333,0.0658193748816066,1.9285714285714288,0.1540931660714285,0.0070896214102564,0.0905916520502645,0.0705072622989564,2.3666666666666667,0.1646007070767195,-0.0005224107997422,49.73383202410305,0.0052898084613294,-0.0015603794647716,0.2446753818082297,-0.0641070220860074,-0.7202269531191843,-3.741174404893513,0.0,0.158519,0.0,0.0,0.0,0.0,0.0,0.3217426666666667,0.0,1.0,0.0,0.0,0.0,0.0,0.0,0.0,0.0689016666666666,0.0,0.0,0.0,0.0,0.0,0.0689016666666666,0.0,0.0689016666666666,0.0,0.0,0.0,0.0,0.0,0.0,0.032766669895,0.0,0.0,0.0,0.0,0.0,0.061420954882,0.0,0.206705,0.0,0.0,0.0,0.0,0.0,0.0344508333333333,0.1033525,0.5,2
2025-02-24,0.08156275,0.1022020435261285,4,0.008056,0.23283,0.19348925,0.773957,0.144721,0.0148725267299586,4,3,neutral,0.0126610833333333,0.0768375206227734,0.0157815153254375,0.1322471388888889,0.0989554580432926,2.0,0.2139293055555556,-0.0823571249999999,0.0921292345238095,0.0768375206227734,2.4285714285714284,0.1965823916666666,0.0123217761904761,0.0751356708333333,0.0652242165849013,2.0714285714285716,0.1637506124999999,0.0063227839743589,0.0887634532407407,0.0699874362182373,2.3333333333333335,0.1672789439814815,-0.0002646820411568,51.91908630504803,0.0039260545335421,-0.0004630926650502,0.2443714429824485,-0.0578487082602263,0.1837558356111366,0.9039827887303208,0.0,0.0,0.0,0.0,0.0,0.0,0.333333,0.396665,0.0,0.70833325,0.0,0.158519,0.0,0.0,0.4166665,0.0,0.0,0.0,0.0,0.0,0.0,0.038981,0.08156275,0.0,0.08156275,0.0,0.23283,0.0,0.0,0.0426825,0.0,0.0,0.0,0.0,0.0,0.0,0.012993653673,0.107985024374,0.0,0.277071653673,0.0,0.03690797877,0.0,0.0,0.036185653673,0.040781375,0.1631255,0.5,3
2025-02-25,0.0374245,0.0883326196209531,6,-0.119468,0.115783,0.1515038333333333,0.909023,0.1713086666666666,0.07274126903668,6,2,neutral,-0.04413825,0.0688663097726988,0.0056699552105833,0.0626296388888888,0.0227277369660839,2.3333333333333335,0.16980725,-0.0157385833333333,0.0983754488095238,0.0688663097726988,2.2857142857142856,0.1906629392857142,-0.0076006217261904,0.0700704208333333,0.065200945436832,2.0714285714285716,0.1703859101190476,0.0063399042307692,0.0890330699074074,0.069765835120168,2.3333333333333335,0.1680881384259259,-0.0010057455994314,46.57957662834094,-0.0007072860127868,-0.0005119313345996,0.2342806682754955,-0.0615365435532732,-0.5411569619709978,-0.7249127975821344,0.0,0.6010645,0.0,0.0,0.0,0.0,0.5,0.44792075,0.0,0.9166666666666666,0.0,0.0,0.0,0.0,0.0,0.0,-0.024115,0.0,0.0,0.0,0.0,-0.119468,-0.00098475,0.0,0.0374245,0.0,0.0,0.0,0.0,0.0,0.0,0.026357640544,0.0,0.0,0.0,0.0,-0.059734,-0.076842763409,0.0,0.284281,0.0,0.0,0.0,0.0,0.0,0.01871225,0.1122735,0.5,2
2025-02-26,0.055904,0.0883326196209531,1,0.055904,0.055904,0.020456,0.020456,0.101891,0.07274126903668,1,1,neutral,0.0184795,0.0703885508442079,0.001143572224,0.0582970833333333,0.0221662223697632,2.0,0.1218163611111111,-0.0128293749999999,0.0907271452380952,0.0703885508442079,1.8571428571428572,0.1674977071428571,-0.0105701803571428,0.0762201172619047,0.0587588582970603,2.0,0.150344481547619,0.002629803058608,0.0849710143518518,0.0679451943025725,2.3,0.1587499939814814,-0.0006075325911506,54.696634785070614,-0.0028555128738691,-0.0009806476424695,0.1930342279486196,-0.0424515832263974,0.493780812034897,1.0349377740058947,0.0,0.0,0.0,0.0,0.0,0.0,0.0,0.158519,0.0,0.5,0.0,0.0,0.0,0.0,0.5,0.0,0.0,0.0,0.0,0.0,0.0,0.0,0.055904,0.0,0.055904,0.0,0.0,0.0,0.0,0.055904,0.0,0.0,0.0,0.0,0.0,0.0,0.0,0.008861846176,0.0,0.027952,0.0,0.0,0.0,0.0,0.027952,0.027952,0.027952,0.5,1
2025-02-27,0.1195663333333333,0.1068236467142614,3,-0.003745,0.183873,0.2138766666666666,0.6416299999999999,0.1446916666666666,0.0927842209986877,3,3,neutral,0.0636623333333333,0.071095675135765,0.0255724488188888,0.0709649444444444,0.0430922757754707,2.0,0.1286121666666667,0.0410709166666666,0.0958406785714285,0.071095675135765,1.8571428571428572,0.163697488095238,-0.0084739166666666,0.0814417125,0.0591579383491878,2.142857142857143,0.164570350595238,0.0028872954761904,0.0859598421296296,0.0682346677058983,2.3333333333333335,0.1617871828703704,-0.0003503336355209,54.04517204390226,0.0005713548204761,-0.0006702471498719,0.1964768387714684,-0.0422607607159128,1.1387795745086815,0.6449987624737845,0.0,0.931201,0.0,0.0,0.0,0.25,0.0,0.1786563333333333,0.0,0.75,0.25,0.0,0.0,0.0,0.25,0.0,0.1195663333333333,0.0,0.0,0.0,0.183873,0.0,0.1195663333333333,0.0,0.1195663333333333,0.183873,0.0,0.0,0.0,0.183873,0.0,0.336766686757,0.0,0.0,0.0,0.04596825,0.0,0.047759958169,0.0,0.22079425,0.04596825,0.0,0.0,0.0,0.04596825,0.0720413666666666,0.2161240999999999,0.5666666666666667,3
2025-02-28,0.05772,0.0604348161106934,7,-0.01721,0.163593,0.0991074285714285,0.693752,0.1528058571428571,0.0885829250955069,7,3,neutral,-0.0618463333333333,0.0713936958450047,0.0057204807771428,0.0777301111111111,0.0362426072650731,2.3333333333333335,0.1111466984126984,0.000908,0.0953366071428571,0.0713936958450047,2.142857142857143,0.1609616921768707,-0.0175000148809524,0.0832272363095238,0.0579390545776819,2.142857142857143,0.1657564288265306,0.0006034098717948,0.0842505087962963,0.0682798782968073,2.4,0.163326830489418,-0.0003736285249042,51.31332649338305,-0.0016829414389802,-0.000872786007698,0.1846094889685761,-0.0408043664685761,-0.5172554147070385,-1.65603498921572,0.0,0.8257049999999999,0.0,0.0,0.158519,0.0,0.5,0.401502,0.0,0.7857142857142857,0.0,0.161647,0.0,0.0,0.5,0.0,0.0576372,0.0,0.0,0.097286,0.0,0.044517,0.0702083333333333,0.0,0.05772,0.0,0.06102,0.0,0.0,0.07606,0.0,0.2314955092159999,0.0,0.0,0.015421679434,0.0,0.0222585,0.151992552049,0.0,0.3057215,0.0,0.00986369994,0.0,0.0,0.07606,0.0318753428571428,0.2231274,0.5571428571428572,3
2025-03-01,0.191169,0.0604348161106934,1,0.191169,0.191169,0.019102,0.019102,0.34869,0.0885829250955069,1,1,bullish,0.133449,0.0525188259849515,0.003651710238,0.1228184444444444,0.066783913259551,2.3333333333333335,0.1106953650793651,0.0358013333333333,0.0874640357142857,0.0525188259849515,2.142857142857143,0.1231376921768707,0.0143306547619047,0.0930979505952381,0.0638583631841436,2.142857142857143,0.1657241431122448,0.0026902656593406,0.0900122087962963,0.0698003715198542,2.3333333333333335,0.1561113721560846,-0.0001385387646768,56.48856870457057,0.0072136323899239,0.0007444976718546,0.2024397996800232,-0.0469834271800232,2.312006237006237,2.8292616517132756,0.0,0.0,0.0,0.0,0.999855,0.0,0.0,0.0,0.0,0.333333,0.0,0.0,0.333333,0.0,0.333333,0.0,0.0,0.0,0.0,0.191169,0.0,0.0,0.0,0.0,0.191169,0.0,0.0,0.191169,0.0,0.191169,0.0,0.0,0.0,0.0,0.191141280495,0.0,0.0,0.0,0.0,0.063722936277,0.0,0.0,0.063722936277,0.0,0.063722936277,0.0955845,0.0955845,0.5,1
2025-03-03,0.047726,0.0674947564778183,2,0.0,0.095452,0.192968,0.385936,0.1568445,0.0785984542627906,2,2,neutral,-0.143443,0.05434435577316,0.0092095907679999,0.0988716666666666,0.0800878786979234,2.0,0.1037258095238095,-0.004997,0.0844389404761905,0.05434435577316,2.142857142857143,0.1272147397959183,0.0074212410714285,0.0914216648809524,0.0647789548608598,2.2142857142857144,0.1792009288265306,0.0006718159523809,0.0914969171296296,0.0683484099538256,2.3333333333333335,0.1544635554894179,-0.0010101630756395,49.01403305560474,0.0026608303183501,0.0011277642011591,0.2023932348294436,-0.0462523123294436,-0.7503465520037245,-3.0623527890099616,0.0,0.917436,0.0,0.0,0.158519,0.0,0.0,0.564646,0.0,0.75,0.0,0.0,0.5,0.0,0.0,0.0,0.095452,0.0,0.0,0.095452,0.0,0.0,0.047726,0.0,0.047726,0.0,0.0,0.095452,0.0,0.0,0.0,0.087571101072,0.0,0.0,0.015130955588,0.0,0.0,0.09236365054,0.0,0.047726,0.0,0.0,0.047726,0.0,0.0,0.023863,0.047726,0.5,2
2025-03-04,-0.18842,0.0674947564778183,1,-0.18842,-0.18842,0.027925,0.027925,0.059251,0.0785984542627906,1,1,bearish,-0.236146,0.1167266235769312,-0.0052616285,0.0168249999999999,0.1916718708652888,1.3333333333333333,0.0799983333333334,-0.1897945,0.0458699761904762,0.1167266235769312,1.8571428571428572,0.1035627040816326,-0.0222245297619047,0.0689996053571428,0.0979263348716699,2.142857142857143,0.1500725478741496,-0.0062005667216117,0.0805268282407407,0.0846488906956669,2.2666666666666666,0.1506213443783068,-0.0024768666042516,38.55977277629325,-0.0197714296397858,-0.0030520745670766,0.2343677793498293,-0.1079026568498292,-4.947952897791561,-4.197606345787836,0.0,0.0,0.0,0.0,0.0,0.0,0.0,0.938793,0.0,0.5,0.0,0.0,0.0,0.0,0.5,0.0,0.0,0.0,0.0,0.0,0.0,0.0,-0.18842,0.0,-0.18842,0.0,0.0,0.0,0.0,-0.18842,0.0,0.0,0.0,0.0,0.0,0.0,0.0,-0.17688737706,0.0,-0.09421,0.0,0.0,0.0,0.0,-0.09421,-0.09421,-0.09421,0.5,1
2025-03-05,0.1070573333333333,0.0881094389968142,3,0.006751,0.17195,0.1689986666666666,0.506996,0.168479,0.0304779343788256,3,2,neutral,0.2954773333333333,0.1188349826374335,0.0180925465902222,-0.0112122222222222,0.1563073867655698,1.6666666666666667,0.1299638888888889,0.0296656666666666,0.0558175238095238,0.1188349826374335,1.8571428571428572,0.1060619659863945,-0.0168752380952381,0.0770964863095238,0.0958865715118892,2.0714285714285716,0.1483624526360544,-0.0075955746703296,0.0797453837962963,0.0842790458874068,2.2666666666666666,0.1494292888227513,-0.001961054893709,53.69084644706282,-0.0135537548194472,-0.0051524106175696,0.2363954042655894,-0.096205373432256,-1.5681845522414464,3.379768345550114,0.0,0.0,0.0,0.0,0.0,0.0,0.0,0.7610556666666666,0.0,0.8333333333333334,0.0,0.0,0.0,0.0,0.5,0.0,0.0,0.0,0.0,0.0,0.0,0.0,0.1070573333333333,0.0,0.1070573333333333,0.0,0.0,0.0,0.0,0.006751,0.0,0.0,0.0,0.0,0.0,0.0,0.0,0.285921042117,0.0,0.3177965,0.0,0.0,0.0,0.0,0.0033755,0.0535286666666666,0.160586,0.5,2
2025-03-06,0.0719725,0.0801908587340228,2,0.015269,0.128676,0.153719,0.307438,0.1357475,0.0001407142494561,2,1,neutral,-0.0350848333333333,0.1189920229304385,0.0110635407275,-0.0031300555555555,0.1614218356254069,1.3333333333333333,0.1168808888888889,0.13019625,0.0581130238095238,0.1189920229304385,1.8571428571428572,0.1250995374149659,-0.015131994047619,0.0744200845238095,0.0954361570225818,1.8571428571428572,0.1462986222789115,-0.0066756345421245,0.0795788671296296,0.0842896569354965,2.2333333333333334,0.1527715054894179,-0.0020303569021134,48.71237085671237,-0.0113263211882388,-0.0063871927317122,0.2372985844738961,-0.0945577036405627,-0.3277200378613328,1.2404645143801134,0.0,0.986236,0.0,0.0,0.158519,0.0,0.0,0.59765,0.0,0.75,0.0,0.214378,0.0,0.0,0.5,0.0,0.0719725,0.0,0.0,0.015269,0.0,0.0,0.0719725,0.0,0.0719725,0.0,0.015269,0.0,0.0,0.015269,0.0,0.1404032607,0.0,0.0,0.002420426611,0.0,0.0,0.042563001546,0.0,0.1363105,0.0,0.003273337682,0.0,0.0,0.0076345,0.03598625,0.0719725,0.5,1
2025-03-07,-0.0303106,0.1580315357208807,5,-0.301319,0.110107,0.0702048,0.351024,0.1603296,0.1052752541806478,5,3,neutral,-0.1022831,0.1195741217337921,-0.00212794961088,0.0495730777777777,0.0713707773811157,2.0,0.1309741555555556,-0.0686839666666667,0.0367020333333333,0.1195741217337921,1.8571428571428572,0.1045749850340135,-0.0158269095238095,0.0662713559523809,0.0993657662108103,1.8571428571428572,0.1341362365646258,-0.0093596480952381,0.0778345471296296,0.0860450801729252,2.2333333333333334,0.1519274877116402,-0.0031362858070695,46.27571261043288,-0.0176104364032159,-0.0086318414660259,0.2395445250685924,-0.1031069709019257,-1.4211414081767342,-1.0934213703154012,0.0,0.8243635,0.0,0.158519,0.0,0.0,0.0,0.642852,0.158519,0.7,0.5,0.0,0.0,0.0,0.5,0.0,0.0550535,0.0,0.0,0.0,0.0,0.0,-0.0303106,0.039659,-0.0303106,0.110107,0.0,0.0,0.0,-0.1506595,0.0,0.081924342601,0.0,0.0,0.0,0.0,0.0,0.0970403449389999,0.0062867050209999,-0.055947,0.0550535,0.0,0.0,0.0,-0.1506595,-0.00916466,-0.0458233,0.58,3
2025-03-08,0.025356,0.031301418306524,4,0.002189,0.071009,0.1126282499999999,0.4505129999999999,0.04959775,0.1234420365930909,4,3,neutral,0.0556666,0.1192512532692778,0.0028558019069999,0.0223392999999999,0.0512082365989101,2.3333333333333335,0.1121840166666667,-0.02330825,0.0320786047619047,0.1192512532692778,1.8571428571428572,0.1065065309523809,-0.0140399892857143,0.0637076059523809,0.0999665479834726,2.0,0.1337341115646258,-0.0106942469230769,0.0728393937962963,0.0845336648647493,2.2,0.1484887627116402,-0.0028032980935607,48.85308509803411,-0.0178930549000441,-0.010484084152838,0.2391233426412318,-0.1054480884745651,-1.836539032549669,-0.4153976243729349,0.0,0.0,0.0,0.0,0.0,0.0,0.0,0.51726,0.0,0.625,0.0,0.0,0.0,0.0,0.5,0.0,0.0,0.0,0.0,0.0,0.0,0.0,0.025356,0.0,0.025356,0.0,0.0,0.0,0.0,0.0101383333333333,0.0,0.0,0.0,0.0,0.0,0.0,0.0,0.072765614932,0.0,0.0862165,0.0,0.0,0.0,0.0,0.0152075,0.01622845,0.0649138,0.55,3
2025-03-09,0.090158,0.031301418306524,1,0.090158,0.090158,0.172507,0.172507,0.266524,0.1234420365930909,1,1,neutral,0.064802,0.1015964464370575,0.015552886106,0.0284011333333333,0.0602920021582738,2.3333333333333335,0.1184466833333333,0.0602343,0.0176484619047619,0.1015964464370575,1.8571428571428572,0.1284215309523809,0.0149100023809523,0.0525562488095238,0.0857277175718785,2.0,0.1257796115646258,-0.0039197501465201,0.0665940337962962,0.0753081974563371,2.1,0.1446656360449735,-0.0012799830385613,44.59614360449223,-0.012741722170743,-0.0109356117564206,0.2403809585163732,-0.1048093043497065,2.555687016879634,4.392226049429303,0.0,0.0,0.0,0.0,0.0,0.0,0.0,0.214378,0.0,1.0,0.0,0.0,0.0,0.0,0.0,0.0,0.0,0.0,0.0,0.0,0.0,0.0,0.090158,0.0,0.090158,0.0,0.0,0.0,0.0,0.0,0.0,0.0,0.0,0.0,0.0,0.0,0.0,0.019327891724,0.0,0.090158,0.0,0.0,0.0,0.0,0.0,0.0631106,0.0631106,0.7,1
2025-03-10,0.1532126666666666,0.1410668394497209,3,-0.000796,0.276161,0.1176633333333333,0.35299,0.121251,0.0539274019029287,3,3,bullish,0.0630546666666666,0.113881802066707,0.0180275130688888,0.0895755555555555,0.0639303232740606,2.3333333333333335,0.1342661944444445,0.0639283333333333,0.0327179857142857,0.113881802066707,2.0,0.1176637214285714,0.0337315297619047,0.0585784630952381,0.0898275883368344,2.0714285714285716,0.1224392306122448,-0.0005049925641025,0.0689267226851851,0.0769081709566279,2.1,0.1427098527116402,-0.0006064085545668,53.16912412352072,-0.0035310658689604,-0.0094547025789242,0.2441473881851046,-0.1058033506851046,0.699379607651752,-1.856307409227882,0.0,0.999981,0.0,0.0,0.0,0.0,0.5,0.597547,0.0,0.8333333333333334,0.0,0.0,0.0,0.0,0.0,0.0,-0.000796,0.0,0.0,0.0,0.0,-0.000796,0.1376824999999999,0.0,0.1532126666666666,0.0,0.0,0.0,0.0,0.0,0.0,-0.000795984876,0.0,0.0,0.0,0.0,-0.000398,0.058422192922,0.0,0.460036,0.0,0.0,0.0,0.0,0.0,0.0765532666666666,0.2296598,0.5666666666666667,3
2025-03-11,0.106704,0.3967038748084016,2,-0.173808,0.387216,0.1779764999999999,0.3559529999999999,0.162506,0.2836756842628568,2,1,neutral,-0.0465086666666666,0.0604754966268606,0.0189908044559999,0.1166915555555555,0.032692295676391,1.6666666666666667,0.1560489444444444,0.008273,0.0748785571428571,0.0604754966268606,2.0,0.1390996499999999,0.0100674619047618,0.0603742666666666,0.0905706627041366,1.9285714285714288,0.1213311770408163,0.0016277465201465,0.0670892041666666,0.0752526842535858,2.033333333333333,0.1386644767857142,0.0002780250074156,50.92157195545977,1.5735387873611062e-05,-0.0075606149855602,0.2468087628496297,-0.0971644253496297,-0.303556276896166,-1.002935884547918,0.0,0.0,0.0,0.0,0.0,0.0,0.0,0.621183,0.0,1.0,0.0,0.0,0.0,0.0,0.0,0.0,0.0,0.0,0.0,0.0,0.0,0.0,0.106704,0.0,0.106704,0.0,0.0,0.0,0.0,0.0,0.0,0.0,0.0,0.0,0.0,0.0,0.0,-0.0106398815039999,0.0,0.213408,0.0,0.0,0.0,0.0,0.0,0.053352,0.106704,0.5,1
2025-03-12,0.2385153333333333,0.2670282660812022,3,0.04763,0.543663,0.1467943333333333,0.4403829999999999,0.1967773333333333,0.1543991580169184,3,2,bullish,0.1318113333333333,0.0868106093342632,0.0350126993464444,0.166144,0.0668503660058125,2.0,0.1474780555555556,0.0426513333333333,0.0936582714285714,0.0868106093342632,2.0,0.1359276023809523,0.0321969416666666,0.0747378976190476,0.1018893583859249,1.9285714285714288,0.1209947841836734,0.0059609055677655,0.0725511652777777,0.0815074972970406,1.9666666666666663,0.1398741462301587,0.0014361882814238,56.9259763414028,0.0133083683220005,-0.0033868183240402,0.2678042306826642,-0.1052525723493308,1.2352988953866144,1.5388551722827803,0.0,0.0,0.0,0.0,0.0,0.0,0.0,0.68806,0.0,0.7777776666666667,0.0,0.857896,0.0,0.333333,0.333333,0.0,0.0,0.0,0.0,0.0,0.0,0.0,0.2385153333333333,0.0,0.2385153333333333,0.0,0.04763,0.0,0.04763,0.04763,0.0,0.0,0.0,0.0,0.0,0.0,0.0,0.353316459768,0.0,0.6837926507900001,0.0,0.0408615864799999,0.0,0.01587665079,0.01587665079,0.1192576666666666,0.357773,0.5,2
2025-03-13,0.1705653333333333,0.0974486605825515,3,0.065998,0.258842,0.047482,0.142446,0.1827856666666666,0.1136623764899068,3,2,bullish,-0.0679499999999999,0.0906203300457615,0.0080987831573333,0.1719282222222221,0.0659162347102014,1.6666666666666667,0.1240842777777778,0.0319306666666666,0.1077429619047619,0.0906203300457615,2.142857142857143,0.120750888095238,0.0373390166666666,0.0829279928571428,0.1048250674937003,2.0,0.122925212755102,0.0080779345787545,0.0768739930555555,0.0831914767380321,2.0,0.1395140462301587,0.0018501193715239,53.8190269039867,0.0181510576188591,0.0009207568645461,0.2763789354716616,-0.1051479038049949,-0.2848873447688896,-1.5201862401555042,0.0,0.0,0.0,0.0,0.999326,0.0,0.0,0.386887,0.0,0.5833333333333334,0.25,0.0,0.25,0.0,0.375,0.0,0.0,0.0,0.0,0.258842,0.0,0.0,0.126427,0.0,0.1705653333333333,0.258842,0.0,0.258842,0.0,0.222849,0.0,0.0,0.0,0.0,0.258667540492,0.0,0.0,0.101049450074,0.0,0.2241365,0.0647105,0.0,0.0647105,0.0,0.1581385,0.0852826666666666,0.255848,0.5,2
2025-03-14,0.065702,0.0019162593770155,2,0.064347,0.067057,0.0611625,0.122325,0.232426,0.0005048742417671,2,2,neutral,-0.1048633333333333,0.0714889324507073,0.004018498575,0.1582608888888888,0.0870612517671279,2.0,0.0851462777777778,-0.0864066666666666,0.1214590476190476,0.0714889324507073,2.0,0.1194591309523809,0.0131126904761904,0.0790805404761904,0.1043643611640332,1.9285714285714288,0.1120170579931972,0.0087936207326007,0.0754527930555555,0.0829993908715527,2.0,0.1395991406746031,0.0019950351483129,48.253863612974065,0.0133737670099504,0.0034113588936299,0.2764922151875228,-0.1048158335208561,-0.6147986304368218,-0.3299112856679321,0.0,0.0,0.0,0.0,0.0,0.0,0.0,0.999413,0.0,1.0,0.0,0.0,0.0,0.0,0.0,0.0,0.0,0.0,0.0,0.0,0.0,0.0,0.065702,0.0,0.065702,0.0,0.0,0.0,0.0,0.0,0.0,0.0,0.0,0.0,0.0,0.0,0.0,0.131325643642,0.0,0.131404,0.0,0.0,0.0,0.0,0.0,0.032851,0.065702,0.5,2
2025-03-15,0.059249,0.0019162593770155,1,0.059249,0.059249,0.093653,0.093653,0.111839,0.0005048742417671,1,1,neutral,-0.006453,0.0647227342549267,0.005548846597,0.0985054444444444,0.0624890469783244,1.6666666666666667,0.0674325,-0.0556581666666666,0.1263009047619047,0.0647227342549267,1.7142857142857142,0.1167483809523809,-0.0072816785714285,0.0791897547619047,0.1043410859319196,1.7857142857142858,0.1116274559523809,0.0075228116483516,0.0784341513888888,0.0806467833279112,1.9666666666666663,0.1326863740079365,0.0011619114923989,50.051412486040626,0.008963734540658,0.0045218340230366,0.251730948753696,-0.0987573670870293,-0.0982161882438892,0.5165824421929326,0.0,0.538269,0.0,0.0,0.0,0.0,0.0,0.0,0.0,1.0,0.0,0.0,0.0,0.0,0.0,0.0,0.059249,0.0,0.0,0.0,0.0,0.0,0.0,0.0,0.059249,0.0,0.0,0.0,0.0,0.0,0.0,0.031891899981,0.0,0.0,0.0,0.0,0.0,0.0,0.0,0.059249,0.0,0.0,0.0,0.0,0.0,0.0414743,0.0414743,0.7,1
2025-03-17,-0.0049813333333333,0.0519371570682621,3,-0.035529,0.054987,0.0355343333333333,0.106603,0.1076033333333333,0.1074153939728069,3,3,neutral,-0.0642303333333333,0.0814144131985909,-0.0001770083591111,0.0399898888888888,0.0390796420578583,2.0,0.0634499444444445,-0.0353416666666666,0.1127095714285714,0.0814144131985909,2.0,0.0971808571428571,-0.0265109047619047,0.0651790166666666,0.1012722980325415,1.9285714285714288,0.112801194047619,0.0088095468864468,0.0767193069444444,0.0818874412375553,2.033333333333333,0.1333803684523809,0.0004032632721542,43.082455114032506,0.0002829603835693,0.0036740592951425,0.2517848676371764,-0.1061995859705098,-1.084074555407405,-0.9858583671635156,0.0,0.0,0.0,0.0,0.0,0.0,0.0,0.5655956666666667,0.0,1.0,0.0,0.0,0.0,0.0,0.0,0.0,0.0,0.0,0.0,0.0,0.0,0.0,-0.0049813333333333,0.0,-0.0049813333333333,0.0,0.0,0.0,0.0,0.0,0.0,0.0,0.0,0.0,0.0,0.0,0.0,0.0308373933239999,0.0,-0.0149439999999999,0.0,0.0,0.0,0.0,0.0,-0.0024906666666666,-0.0074719999999999,0.5,3
2025-03-18,-0.033608,0.1719997643864665,3,-0.232095,0.071644,0.083641,0.250923,0.176775,0.1104672126696423,3,2,neutral,-0.0286266666666666,0.0953521338203845,-0.002811006728,0.0068865555555555,0.0475525046896502,2.0,0.0709427777777778,-0.0464285,0.0860209047619047,0.0953521338203845,1.8571428571428572,0.0923205238095238,-0.0364016309523809,0.0593694452380952,0.1046278274952395,1.9285714285714288,0.1049921226190476,0.0054116865201465,0.0745082847222222,0.0839849719037332,2.0,0.1334183240079365,-0.0006119509102706,46.8788706802901,-0.0088049139389743,0.0011782646483176,0.2521443114394139,-0.1180761047727472,5.746788008565311,6.830862563972715,0.0,0.310843,0.0,0.0,0.0,0.0,0.0,0.247317,0.0,0.7777776666666667,0.333333,0.0,0.0,0.0,0.333333,0.0,0.059627,0.0,0.0,0.0,0.0,0.0,-0.033608,0.0,-0.033608,0.059627,0.0,0.0,0.0,0.059627,0.0,0.0185346355609999,0.0,0.0,0.0,0.0,0.0,-0.01635595464,0.0,-0.140575353209,0.019875646791,0.0,0.0,0.0,0.019875646791,-0.016804,-0.050412,0.5,2
2025-03-19,0.042771,0.1719997643864665,1,0.042771,0.042771,0.01601,0.01601,0.096284,0.1104672126696423,1,1,neutral,0.076379,0.0960997936368902,0.00068476371,0.0013938888888888,0.0385865326770492,2.0,0.0450617777777778,0.0238761666666666,0.076887619047619,0.0960997936368902,1.8571428571428572,0.0691824523809523,-0.0380808214285714,0.0758830880952381,0.0771456481299098,1.9285714285714288,0.1041410511904761,-0.0032314375824175,0.0741680180555555,0.0840958118115798,2.0,0.1333001906746031,-0.0009651854115684,60.11165356289585,-0.0097321070278415,-0.0010038096869152,0.2522469615727781,-0.1176441049061115,-2.272643418233754,-8.019431426799065,0.0,0.0,0.0,0.0,0.0,0.0,0.0,0.614606,0.0,0.5,0.0,0.0,0.0,0.0,0.5,0.0,0.0,0.0,0.0,0.0,0.0,0.0,0.042771,0.0,0.042771,0.0,0.0,0.0,0.0,0.042771,0.0,0.0,0.0,0.0,0.0,0.0,0.0,0.026287313226,0.0,0.0213855,0.0,0.0,0.0,0.0,0.0213855,0.0213855,0.0213855,0.5,1
2025-03-20,0.2687736,0.1451105927846068,5,0.117121,0.481912,0.460732,2.30366,0.2073914,0.0527332018352764,5,3,bullish,0.2260026,0.1048625600579818,0.1238325982751999,0.0926455333333333,0.1572394982536299,2.0,0.1867943333333334,0.1511908,0.0812102285714285,0.1048625600579818,2.0,0.1140306904761904,0.0055680642857142,0.08743425,0.0927095416912437,2.0,0.1249791464285714,0.0033074422710622,0.0807540047222222,0.0912843780290843,2.066666666666667,0.1485148240079365,0.0002698240025954,57.53068067276875,0.0076801834557816,0.0007329889416247,0.2834832259355538,-0.1275934092688872,5.284014869888475,7.556658288122229,0.0,0.0,0.0,0.0,0.0,0.0,0.0,0.3693976,0.0,0.9,0.0,0.158519,0.0,0.0,0.5,0.0,0.0,0.0,0.0,0.0,0.0,0.0,0.2687736,0.0,0.2687736,0.0,0.2080475,0.0,0.0,0.117121,0.0,0.0,0.0,0.0,0.0,0.0,0.0,0.376592961878,0.0,1.2853075,0.0,0.0659589633049999,0.0,0.0,0.0585605,0.1343868,0.671934,0.5,3
2025-03-21,0.09154125,0.0625345807607012,4,0.027627,0.170265,0.18605475,0.744219,0.23370125,0.1197426387253791,4,2,neutral,-0.1772323499999999,0.0976449513642513,0.0170316843834375,0.1343619499999999,0.118930664939945,2.0,0.22093225,0.024385125,0.0699210738095238,0.0976449513642513,2.0,0.1338267976190476,0.0194399744047619,0.0888320178571428,0.0926059550062227,2.0714285714285716,0.1272888428571428,0.0029150571062271,0.0796224186111111,0.090920396719358,2.066666666666667,0.1401925712301587,0.0006479351928068,50.80472633588478,0.0070972066121573,0.0020058324757316,0.2812677289271073,-0.1281804205937739,-0.659411303788765,-5.94342617367724,0.0,0.161647,0.0,0.0,0.158519,0.0,0.333333,0.7083096666666666,0.0,0.70833325,0.0,0.214378,0.0,0.0,0.4166665,0.0,0.027627,0.0,0.0,0.027627,0.0,0.170265,0.0853826666666666,0.0,0.09154125,0.0,0.110017,0.0,0.0,0.1142605,0.0,0.004465821669,0.0,0.0,0.004379404413,0.0,0.056754943245,0.199423866164,0.0,0.223526943245,0.0,0.023585224426,0.0,0.0,0.085882943245,0.045770625,0.1830825,0.5,2
2025-03-24,0.0895835,0.0423846875711028,2,0.059613,0.119554,0.4389745,0.8779490000000001,0.0942915,0.0022507208845167,2,2,neutral,-0.00195775,0.0978898653526459,0.03932487212075,0.1499661166666666,0.1028949550185324,2.3333333333333335,0.3619204166666667,-0.0895950499999999,0.0733327166666666,0.0978898653526459,2.0,0.1877999404761904,0.020943938095238,0.0973958821428571,0.0860523375038922,2.0,0.1536295357142857,-0.0009912505860805,0.0828185019444444,0.0894695714320179,2.033333333333333,0.1483937212301587,0.0001196387263626,55.37382266480675,0.0064034109846652,0.0028853481775186,0.282740009019263,-0.1264663506859297,-0.0213865333934156,0.6380247703953493,0.0,0.0,0.0,0.0,0.0,0.0,0.0,0.259367,0.0,1.0,0.0,0.0,0.0,0.0,0.0,0.0,0.0,0.0,0.0,0.0,0.0,0.0,0.0895835,0.0,0.0895835,0.0,0.0,0.0,0.0,0.0,0.0,0.0,0.0,0.0,0.0,0.0,0.0,0.052514937257,0.0,0.179167,0.0,0.0,0.0,0.0,0.0,0.04479175,0.0895835,0.5,2
2025-03-25,0.077731,0.0692239023218618,4,0.014514,0.176218,0.1679022499999999,0.6716089999999999,0.0327495,0.0794388276537361,4,3,neutral,-0.0118525,0.0976957441013653,0.0130512097947499,0.08628525,0.0074725893144523,2.3333333333333335,0.2643105,-0.006905125,0.0759730023809523,0.0976957441013653,2.2857142857142856,0.1984069761904761,0.0194032232142857,0.1011369535714285,0.0837882342680978,2.0,0.1575776785714285,-0.0039280455311355,0.0817614644444444,0.0893313992134939,2.0,0.1479033753968253,0.0002704273266592,52.44349245822758,0.0048414035312871,0.0032765592482724,0.270043521012165,-0.1251136626788317,-0.1323067305921291,-0.1109201971987134,0.0,0.990786,0.0,0.0,0.0,0.0,0.0,0.292983,0.0,1.0,0.0,0.0,0.0,0.0,0.0,0.0,0.176218,0.0,0.0,0.0,0.0,0.0,0.044902,0.0,0.077731,0.0,0.0,0.0,0.0,0.0,0.0,0.174594327348,0.0,0.0,0.0,0.0,0.0,0.045595706046,0.0,0.310924,0.0,0.0,0.0,0.0,0.0,0.0388655,0.155462,0.5,3
2025-03-26,0.116703,0.1107804967334052,5,-0.004025,0.278864,0.3323652,1.661826,0.1065354,0.0822608522889229,5,3,neutral,0.038972,0.0915212015664214,0.0387880159356,0.0946724999999999,0.0199781790148644,2.6666666666666665,0.31308065,0.01355975,0.0933564785714285,0.0915212015664214,2.2857142857142856,0.2408113857142857,0.0122022464285714,0.103033025,0.0838210180117203,2.142857142857143,0.1689961214285714,-0.0038452448717948,0.0828591777777777,0.0895589939846898,2.0,0.1509662753968254,0.0005097195921394,51.26900980997886,0.0066712017582734,0.0039554877502727,0.2740813190002918,-0.1222537606669585,0.5013701097374279,0.6336768403295571,0.0,0.7012683333333333,0.0,0.158519,0.0,0.0,0.5,0.2948866666666667,0.0,0.9,0.0,0.0,0.0,0.0,0.0,0.0,0.147383,0.0,0.278864,0.0,0.0,-0.004025,0.0457803333333333,0.0,0.116703,0.0,0.0,0.0,0.0,0.0,0.0,0.431306054685,0.0,0.044205242416,0.0,0.0,-0.0020125,0.0405692317479999,0.0,0.5855275,0.0,0.0,0.0,0.0,0.0,0.0583515,0.2917575,0.5,3
2025-03-27,0.302186,0.1107804967334052,1,0.302186,0.302186,0.359707,0.359707,0.187189,0.0822608522889229,1,1,bullish,0.185483,0.1013560902263689,0.108698419502,0.16554,0.1199324859368803,2.3333333333333335,0.28665815,0.1122275,0.14132705,0.1013560902263689,2.142857142857143,0.2802493857142857,0.0164390553571428,0.1136739773809523,0.0987990239185273,2.0,0.1862849547619047,0.003499114029304,0.0908904277777777,0.0979630107811898,2.0,0.1590145753968254,0.0017756921913236,56.3755225583255,0.0228246501599593,0.0077293202322105,0.2815670873875388,-0.0806789290542054,1.589359313813698,1.0879892040762702,0.0,0.0,0.0,0.0,0.0,0.0,0.0,0.0,0.0,1.0,0.0,0.0,0.0,0.0,0.0,0.0,0.0,0.0,0.0,0.0,0.0,0.0,0.0,0.0,0.302186,0.0,0.0,0.0,0.0,0.0,0.0,0.0,0.0,0.0,0.0,0.0,0.0,0.0,0.0,0.302186,0.0,0.0,0.0,0.0,0.0,0.151093,0.151093,0.5,1
2025-03-28,0.0024396666666666,0.0583674004480811,6,-0.10705,0.066703,0.1575755,0.945453,0.0318483333333333,0.0551896426466657,6,2,neutral,-0.2997463333333333,0.1087676258782023,0.0003844316948333,0.1404428888888889,0.1512767425285097,2.0,0.2832159,-0.0571316666666666,0.1355654309523809,0.1087676258782023,2.2857142857142856,0.3004730285714285,-0.0125211714285714,0.1062265249999999,0.1031966756665521,2.0714285714285716,0.1848277404761904,9.121139194139406e-05,0.0827625166666666,0.0946868623413437,2.033333333333333,0.1548047587301587,0.0022766736522061,46.33274998366818,0.0113097183199658,0.0084453998497616,0.281501157101001,-0.0910747654343343,-0.9919266059093848,-2.581285919723083,0.0,0.0,0.0,0.0,0.0,0.0,0.0,0.412306,0.0,0.75,0.0,0.0,0.0,0.0,0.5,0.0,0.0,0.0,0.0,0.0,0.0,0.0,0.0024396666666666,0.0,0.0024396666666666,0.0,0.0,0.0,0.0,0.009307,0.0,0.0,0.0,0.0,0.0,0.0,0.0,0.053753085384,0.0,0.0006774999999999,0.0,0.0,0.0,0.0,0.0139605,0.0012198333333333,0.0073189999999999,0.5,2
2025-03-31,-0.0010919999999999,0.0873955697275325,2,-0.06289,0.060706,0.1773065,0.354613,0.159277,0.1597340076564787,2,2,neutral,-0.0035316666666666,0.1012499345463191,-0.0001936186979999,0.1011778888888889,0.1740870865880168,1.6666666666666667,0.2315296666666667,-0.1516389999999999,0.0970132023809523,0.1012499345463191,2.142857142857143,0.2599836714285714,-0.0081333005952381,0.0891117154761904,0.099367346215008,2.0714285714285716,0.1870071809523809,0.0013861373260073,0.0804293944444444,0.0958948073321746,2.033333333333333,0.1552340198412698,0.0016400847015202,40.73645171493598,0.0018774448046536,0.0071318088407399,0.2825727073509036,-0.0994527656842369,-1.4476021314387209,-0.4556755255293361,0.0,0.0,0.0,0.0,0.0,0.0,0.333333,0.580823,0.0,0.6666665,0.333333,0.0,0.0,0.0,0.0,0.0,0.0,0.0,0.0,0.0,0.0,0.060706,-0.0010919999999999,0.0,-0.0010919999999999,0.060706,0.0,0.0,0.0,0.0,0.0,0.0,0.0,0.0,0.0,0.0,0.020235313098,0.050539959464,0.0,-0.042654686902,0.020235313098,0.0,0.0,0.0,0.0,-0.0005459999999999,-0.0010919999999999,0.5,2
2025-04-01,0.0970985,0.0700820601901799,2,0.047543,0.146654,0.229528,0.459056,0.2024805,0.1182416888432333,2,1,neutral,0.0981905,0.1012216615696689,0.022286824508,0.0328153888888888,0.0556988056241213,1.6666666666666667,0.1881366666666667,0.0473294166666666,0.0978070952380952,0.1012216615696689,2.0,0.2661941357142857,-0.008905869047619,0.0838640845238095,0.0966372572904273,2.0,0.2000104666666666,0.0042996152747252,0.0809472527777777,0.0959430753269474,1.9666666666666663,0.1564353115079365,0.0017554435632183,47.224568726788405,0.0022987473269649,0.0061651965379848,0.280124334399609,-0.0842634827329423,-89.91804029304036,-88.47043816160165,0.0,0.9545,0.0,0.0,0.0,0.0,0.25,0.962106,0.0,0.625,0.0,0.0,0.0,0.25,0.25,0.0,0.146654,0.0,0.0,0.0,0.0,0.047543,0.047543,0.0,0.0970985,0.0,0.0,0.0,0.047543,0.047543,0.0,0.139981243,0.0,0.0,0.0,0.0,0.01188575,0.045741405558,0.0,0.15853975,0.0,0.0,0.0,0.01188575,0.01188575,0.04854925,0.0970985,0.5,1
2025-04-02,0.105627,0.0700820601901799,1,0.105627,0.105627,0.339834,0.339834,0.110413,0.1182416888432333,1,1,neutral,0.0085284999999999,0.1011860509666534,0.035895645918,0.0672111666666666,0.0593057818478375,1.3333333333333333,0.2488895,0.0533595,0.1000990238095238,0.1011860509666534,1.8571428571428572,0.2520312071428571,-0.0092428214285714,0.0867158702380952,0.096649158970889,1.9285714285714288,0.2199155738095237,0.0043226628205128,0.0832206694444444,0.0956839165323218,1.9333333333333331,0.1627129837301587,0.0016145108231368,51.626688761656546,0.0032829504193921,0.0055887473142663,0.2809144025644043,-0.0770264508977377,0.0878334886738723,90.00587378171423,0.0,0.0,0.0,0.0,0.0,0.0,0.0,0.538269,0.0,1.0,0.0,0.0,0.0,0.0,0.0,0.0,0.0,0.0,0.0,0.0,0.0,0.0,0.105627,0.0,0.105627,0.0,0.0,0.0,0.0,0.0,0.0,0.0,0.0,0.0,0.0,0.0,0.0,0.056855739663,0.0,0.105627,0.0,0.0,0.0,0.0,0.0,0.0528135,0.0528135,0.5,1
2025-04-03,0.0590745454545454,0.1085533667993431,11,-0.090856,0.332997,0.2302661818181818,2.532928,0.1374647272727272,0.0923046125858192,11,3,neutral,-0.0465524545454545,0.1021148515712269,0.0136028700244628,0.0872666818181818,0.0247846977512712,1.6666666666666667,0.2665427272727274,-0.0190119772727272,0.097433816017316,0.1021148515712269,1.8571428571428572,0.2609403402597403,-0.0168337332251082,0.0867034091991342,0.0966529838722692,2.0714285714285716,0.2296736582251082,0.0026274094671994,0.0833263542929293,0.0956544507322109,2.0,0.1697066564574314,0.0012703385542859,49.99311699991123,0.000303134850291,0.0045316248214712,0.2803284093540729,-0.0795488031419517,-0.4407249523839033,-0.5285584410577756,0.0,0.8426963333333334,0.0,0.0,0.0,0.166667,0.5,0.3987042,0.0,0.7878788181818183,0.166667,0.0,0.166667,0.166667,0.388889,0.0,0.0752093333333333,0.0,0.0,0.0,0.0,-0.090856,0.0569666999999999,0.0,0.0590745454545454,0.0,0.0,0.0,0.0,0.0335683333333333,0.0,0.2187924744,0.0,0.0,0.0,0.0,-0.045428,0.169167650801,0.0,0.6448955,0.0,0.0,0.0,0.0,0.0503525,0.0295372727272727,0.32491,0.5,3
2025-04-04,0.040501,0.1085533667993431,1,0.040501,0.040501,0.16117,0.16117,0.094096,0.0923046125858192,1,1,neutral,-0.0185735454545454,0.1037666987242577,0.00652754617,0.0684008484848484,0.0335497230265727,1.6666666666666667,0.2437567272727273,-0.032563,0.086547816017316,0.1037666987242577,1.5714285714285714,0.2364838831168831,-0.0201809372294372,0.0899521472943722,0.0940638903994226,1.9285714285714288,0.2386476344155844,-0.0017152332967032,0.0806908431818182,0.095710724676786,1.9333333333333331,0.1679497675685425,0.0012439768358782,51.86154463824337,-0.0035165516446764,0.0029219895282416,0.2747871129195438,-0.0852786733740892,-0.3144086054599734,0.1263163469239299,0.0,0.0,0.0,0.0,0.0,0.0,0.0,0.266143,0.0,0.5,0.0,0.158519,0.0,0.0,0.5,0.0,0.0,0.0,0.0,0.0,0.0,0.0,0.040501,0.0,0.040501,0.0,0.040501,0.0,0.0,0.040501,0.0,0.0,0.0,0.0,0.0,0.0,0.0,0.010779057643,0.0,0.0202505,0.0,0.006420178019,0.0,0.0,0.0202505,0.0202505,0.0202505,0.5,1
2025-04-06,0.116286,0.1085533667993431,1,0.116286,0.116286,0.058188,0.058188,0.002473,0.0923046125858192,1,1,neutral,0.0757849999999999,0.0483954662526708,0.0067664497679999,0.0719538484848484,0.0394999859640449,1.6666666666666667,0.1498747272727273,0.0286057272727272,0.0599906731601731,0.0483954662526708,1.5714285714285714,0.1934097402597402,0.0138107516233766,0.1006588615800865,0.0871981345820856,1.8571428571428572,0.236829562987013,-0.0050362489543789,0.0826430431818181,0.0958232504961407,1.8666666666666667,0.1665857866161616,0.0013152034007483,55.90697951555628,-0.0004236983710398,0.0022528519483853,0.2754510138607604,-0.0849843743153058,1.8711883657193649,2.185596971179338,0.0,0.158519,0.0,0.0,0.0,0.166667,0.166667,0.684621,0.0,0.166667,0.166667,0.0,0.0,0.166667,0.166667,0.0,0.116286,0.0,0.0,0.0,0.116286,0.116286,0.116286,0.0,0.116286,0.116286,0.0,0.0,0.116286,0.116286,0.0,0.018433540434,0.0,0.0,0.0,0.019381038762,0.019381038762,0.079611837606,0.0,0.019381038762,0.019381038762,0.0,0.0,0.019381038762,0.019381038762,0.0814001999999999,0.0814001999999999,0.7,1
2025-04-08,0.073873,0.0816790741683572,3,0.01555,0.167224,0.1392489999999999,0.417747,0.0530626666666666,0.0031250840522029,3,3,neutral,-0.0424129999999999,0.0412398824243038,0.010286741377,0.0768866666666666,0.037982274765123,1.6666666666666667,0.1195356666666667,0.016686,0.070195435064935,0.0412398824243038,1.7142857142857142,0.1907916688311688,0.0070765714285714,0.102880433008658,0.0859977966253709,2.0,0.2456323487012987,-0.0077099503263403,0.0787331765151515,0.0936098254803367,1.9333333333333331,0.1705906866161615,0.0020070773516027,51.25937261200245,-0.0013790071592414,0.0015264801268599,0.2542348278734416,-0.0802324216613204,-0.3647300620882995,-2.2359184278076643,0.0,0.538269,0.0,0.0,0.0,0.0,0.0,0.4747366666666666,0.0,1.0,0.0,0.0,0.0,0.0,0.0,0.0,0.167224,0.0,0.0,0.0,0.0,0.0,0.073873,0.0,0.073873,0.0,0.0,0.0,0.0,0.0,0.0,0.090011495256,0.0,0.0,0.0,0.0,0.0,0.167874840749,0.0,0.221619,0.0,0.0,0.0,0.0,0.0,0.0480847666666666,0.1442543,0.5666666666666667,3
2025-04-09,-0.0393053333333333,0.1290247578464433,3,-0.179222,0.07498,0.0768706666666666,0.230612,0.1071303333333333,0.0598305552734832,3,2,neutral,-0.1131783333333333,0.0530789959864023,-0.0030214271768888,0.0502845555555555,0.0804330577908893,2.0,0.0914358888888889,-0.0777956666666666,0.0647363874458874,0.0530789959864023,1.7142857142857142,0.1764436926406926,-0.014839573051948,0.0808747949134199,0.0794499596270334,1.9285714285714288,0.218213682034632,-0.0063033952880452,0.075832132070707,0.0959238826133663,1.9333333333333331,0.1667207755050505,0.0010316959817305,36.27095475127264,-0.0111400737042903,-0.0010068306393701,0.2479484666132856,-0.094933127067831,-1.5320662939549408,-1.1673362318666411,0.0,0.72506,0.0,0.0,0.0,0.0,0.0,0.349958,0.0,1.0,0.0,0.0,0.0,0.0,0.0,0.0,0.030653,0.0,0.0,0.0,0.0,0.0,-0.0964479999999999,0.0,-0.0393053333333333,0.0,0.0,0.0,0.0,0.0,0.0,0.068703248524,0.0,0.0,0.0,0.0,0.0,-0.03633098894,0.0,-0.1179159999999999,0.0,0.0,0.0,0.0,0.0,-0.0196526666666666,-0.0589579999999999,0.5,2
2025-04-10,0.079987,0.1290247578464433,1,0.079987,0.079987,0.205807,0.205807,0.268841,0.0598305552734832,1,1,neutral,0.1192923333333333,0.051716735979287,0.016461884509,0.0381848888888888,0.0671780928133345,2.0,0.1406422222222222,0.003057,0.0622918874458874,0.051716735979287,1.7142857142857142,0.1730549783549783,-0.0085824199134199,0.0800494913419913,0.079390625417076,1.8571428571428572,0.219624557034632,-0.0059771194805194,0.084779032070707,0.0819223790418371,1.9333333333333331,0.1726501755050505,-0.0007639269157649,49.45706616727818,-0.0091446279540075,-0.0026343901022976,0.2485921791710253,-0.0941483396255707,-3.035016452389837,-1.502950158434896,0.0,0.0,0.0,0.0,0.0,0.0,0.0,0.413559,0.0,1.0,0.0,0.0,0.0,0.0,0.0,0.0,0.0,0.0,0.0,0.0,0.0,0.0,0.079987,0.0,0.079987,0.0,0.0,0.0,0.0,0.0,0.0,0.0,0.0,0.0,0.0,0.0,0.0,0.033079343733,0.0,0.079987,0.0,0.0,0.0,0.0,0.0,0.0399935,0.0399935,0.5,1
2025-04-11,0.2614433333333333,0.2782647100556111,3,0.067057,0.580203,0.24067,0.72201,0.2927453333333333,0.1283980672608951,3,3,bullish,0.1814563333333333,0.0916175939609579,0.0629215670333333,0.1007083333333333,0.151441309974451,2.0,0.1744492222222222,0.1503743333333333,0.0845513636363636,0.0916175939609579,2.0,0.1588886926406926,0.0189459653679653,0.0923251937229437,0.0930841045174231,1.9285714285714288,0.2054599498917748,-0.0004801303030303,0.089925232070707,0.0879942123583886,1.9666666666666663,0.1750392199494949,0.0005294862267839,56.91001862535823,0.0069979100632978,-0.0007079300691785,0.2771056092137364,-0.1024423363349485,2.2685728097482505,5.303589262138088,0.0,0.310843,0.0,0.0,0.0,0.0,0.0,0.5535705,0.0,0.8333333333333334,0.5,0.0,0.0,0.0,0.0,0.0,0.580203,0.0,0.0,0.0,0.0,0.0,0.1020635,0.0,0.2614433333333333,0.13707,0.0,0.0,0.0,0.0,0.0,0.180352041129,0.0,0.0,0.0,0.0,0.0,0.081815490364,0.0,0.7157950000000001,0.068535,0.0,0.0,0.0,0.0,0.1398596666666667,0.419579,0.5666666666666667,3
2025-04-14,0.165602,0.2782647100556111,1,0.165602,0.165602,0.047278,0.047278,0.148531,0.1283980672608951,1,1,bullish,-0.0958413333333333,0.0954477881624321,0.007829331356,0.1690107777777777,0.0907761810782329,1.6666666666666667,0.164585,0.0428074999999999,0.0997695714285714,0.0954477881624321,1.7142857142857142,0.1327475238095238,0.0239904166666666,0.0986016937229437,0.0949677816605269,1.7857142857142858,0.196843932034632,0.0011323654678654,0.0930462154040404,0.088990297292697,1.9666666666666663,0.1714911866161616,0.0008939114939157,53.30953165908081,0.0119200856853438,0.0018176730817259,0.2834869124272252,-0.0917653062151039,-0.3665854933510128,-2.6351583030992636,0.0,0.0,0.0,0.0,0.0,0.0,0.0,0.360215,0.0,1.0,0.0,0.0,0.0,0.0,0.0,0.0,0.0,0.0,0.0,0.0,0.0,0.0,0.165602,0.0,0.165602,0.0,0.0,0.0,0.0,0.0,0.0,0.0,0.0,0.0,0.0,0.0,0.0,0.05965232443,0.0,0.165602,0.0,0.0,0.0,0.0,0.0,0.082801,0.082801,0.5,1
2025-04-15,0.0822106,0.0398844824499453,5,0.025466,0.119145,0.1656444,0.828222,0.0981327999999999,0.0341727148936106,5,2,neutral,-0.0833914,0.0923838985444229,0.01361772551064,0.1697519777777777,0.0896884045526592,2.0,0.1511974666666667,-0.0896163666666666,0.1057280857142857,0.0923838985444229,1.8571428571428572,0.1333867238095238,0.0136421595238095,0.0961379508658008,0.0949094566319161,1.7142857142857142,0.1849353034632034,0.0012607948651348,0.096796922070707,0.0859304831293802,1.9333333333333331,0.1746725066161616,-2.673236019820008e-05,48.74295511018367,0.0089884248105946,0.0032518234274997,0.2793388353433547,-0.0760353691312334,-0.5035651743336433,-0.1369796809826304,0.0,0.0,0.0,0.0,0.0,0.0,0.0,0.5206268,0.0,1.0,0.0,0.0,0.0,0.0,0.0,0.0,0.0,0.0,0.0,0.0,0.0,0.0,0.0822106,0.0,0.0822106,0.0,0.0,0.0,0.0,0.0,0.0,0.0,0.0,0.0,0.0,0.0,0.0,0.268669735948,0.0,0.411053,0.0,0.0,0.0,0.0,0.0,0.0411053,0.2055265,0.5,2
2025-04-16,0.103081,0.0398844824499453,1,0.103081,0.103081,0.522333,0.522333,0.152087,0.0341727148936106,1,1,neutral,0.0208704,0.0922671262160635,0.053842607973,0.1169645333333333,0.0433946514198847,1.3333333333333333,0.2450851333333334,-0.0312604999999999,0.1038416571428571,0.0922671262160635,1.8571428571428572,0.1996931523809524,0.0148668166666666,0.0819161651515151,0.0743496123784733,1.7142857142857142,0.1965514463203463,0.0082519605261405,0.0993877554040403,0.0848673816880332,1.8666666666666667,0.1883293316161616,-0.0004788859362254,41.75446999207687,0.0082539638063764,0.004252251503275,0.2801806707081627,-0.0708462044960415,0.2538650733603698,0.7574302476940131,0.0,0.9545,0.0,0.0,0.0,0.0,0.0,0.0,0.0,1.0,0.0,0.0,0.0,0.0,0.0,0.0,0.103081,0.0,0.0,0.0,0.0,0.0,0.0,0.0,0.103081,0.0,0.0,0.0,0.0,0.0,0.0,0.0983908145,0.0,0.0,0.0,0.0,0.0,0.0,0.0,0.103081,0.0,0.0,0.0,0.0,0.0,0.0515405,0.0515405,0.5,1
2025-04-17,0.0520869999999999,0.1412247765053993,3,-0.08822,0.194212,0.1489753333333333,0.446926,0.1254556666666666,0.0197375566201425,3,3,neutral,-0.050994,0.0938011685690207,0.0077596781873333,0.0791262,0.0256365393826851,2.0,0.2789842444444445,-0.0150617999999999,0.1007293714285714,0.0938011685690207,1.8571428571428572,0.2010826285714285,0.0050404380952381,0.0854624032467532,0.0713924404575004,1.7857142857142858,0.1959371487012987,0.0047795943190143,0.098118722070707,0.0852937240428481,1.9333333333333331,0.1875449427272727,-0.0008477055856675,52.58957831646218,0.0035166143163882,0.0041051240658977,0.2526507195049903,-0.0649849132928691,-0.4946983440207216,-0.7485634173810914,0.0,0.838487,0.0,0.0,0.0,0.0,0.0,0.1864485,0.0,0.8333333333333334,0.0,0.0,0.0,0.0,0.5,0.0,-0.08822,0.0,0.0,0.0,0.0,0.0,-0.0189755,0.0,0.0520869999999999,0.0,0.0,0.0,0.0,0.050269,0.0,-0.07397132314,0.0,0.0,0.0,0.0,0.0,-0.010943835549,0.0,0.1311264999999999,0.0,0.0,0.0,0.0,0.0251345,0.0260434999999999,0.0781304999999999,0.5,3
2025-04-18,0.0382358333333333,0.0400145430083446,6,0.009135,0.115532,0.1080796666666666,0.648478,0.0391621666666666,0.1280175756346239,6,3,neutral,-0.0138511666666666,0.0777053533241504,0.0041325161213888,0.0644679444444444,0.0341495204799309,2.3333333333333335,0.2597960000000001,-0.0324225833333333,0.1118066809523809,0.0777053533241504,2.0,0.2055410571428571,-0.0216602559523809,0.0882715341991341,0.0684373123369058,1.8571428571428572,0.1909923748917748,0.0005768218847818,0.0942861609595959,0.0853159489807529,1.9333333333333331,0.1872254871717172,-0.0008540885647352,52.029471077867626,-0.0013399848885451,0.0030161022750091,0.2519246757941097,-0.0695894112486552,-0.2659236789730003,0.2287746650477213,0.0,0.0,0.0,0.0,0.0,0.0,0.0,0.3826728333333333,0.0,0.5,0.5,0.0,0.0,0.0,0.5,0.0,0.0,0.0,0.0,0.0,0.0,0.0,0.0382358333333333,0.0,0.0382358333333333,0.115532,0.0,0.0,0.0,0.0227766,0.0,0.0,0.0,0.0,0.0,0.0,0.0,0.066755017829,0.0,0.1147074999999999,0.057766,0.0,0.0,0.0,0.0569415,0.0229689833333333,0.1378139,0.5333333333333333,3
2025-04-21,0.1006936666666666,0.1119296455561855,3,0.004546,0.223567,0.2566556666666666,0.769967,0.1576143333333333,0.066297531095308,3,2,neutral,0.0624578333333333,0.0766795130287158,0.0258436001474444,0.0636721666666666,0.0328010259167972,2.6666666666666665,0.1712368888888889,0.0243033333333333,0.1147647761904761,0.0766795130287158,2.142857142857143,0.2128051523809524,-0.0273966047619047,0.0885283318181818,0.0684797135475681,1.9285714285714288,0.1929300653679653,0.0012227388278388,0.0940858165151515,0.0852928368723299,1.9666666666666663,0.189848126060606,-0.0007271095489938,50.19262869777714,-0.0001473953831775,0.0023834027433718,0.2525339104171017,-0.0690876292049805,1.633489527711789,1.8994132066847893,0.0,0.974695,0.0,0.158519,0.0,0.0,0.0,0.161647,0.0,1.0,0.0,0.0,0.0,0.0,0.0,0.0,0.1487675,0.0,0.223567,0.0,0.0,0.0,0.073968,0.0,0.1006936666666666,0.0,0.0,0.0,0.0,0.0,0.0,0.28698472502,0.0,0.035439617273,0.0,0.0,0.0,0.011956705296,0.0,0.302081,0.0,0.0,0.0,0.0,0.0,0.0503468333333333,0.1510405,0.5,2
2025-04-22,0.07868725,0.0799661018989713,4,-0.001688,0.188704,0.1091245,0.436498,0.1994485,0.0529153103269743,4,3,neutral,-0.0220064166666666,0.0414207618654898,0.008586706812625,0.0725389166666666,0.0316795949825263,2.6666666666666665,0.1579532777777778,0.0202257083333333,0.0886567642857143,0.0414207618654898,2.142857142857143,0.194012938095238,-0.0103079744047619,0.0866040639610389,0.0683406446925966,2.0714285714285716,0.1764508153679653,0.0015052574192474,0.0887582137373737,0.0808354869604418,2.0,0.1885924649494949,0.0001696104938146,48.577121195803926,-0.000966833762197,0.001713355442258,0.2525647741700775,-0.0690228679579563,-0.2185481708548368,-1.8520376985666256,0.0,0.9999825,0.0,0.0,0.0,0.0,0.0,0.5566765,0.0,0.875,0.0,0.0,0.0,0.0,0.5,0.0,0.093508,0.0,0.0,0.0,0.0,0.0,0.0638664999999999,0.0,0.07868725,0.0,0.0,0.0,0.0,0.054365,0.0,0.18700939536,0.0,0.0,0.0,0.0,0.0,0.066546180023,0.0,0.2875665,0.0,0.0,0.0,0.0,0.0271825,0.039343625,0.1573745,0.5,3
2025-04-23,0.0152693333333333,0.0332909763950133,3,-0.007648,0.053456,0.1388763333333333,0.416629,0.168392,0.0483609364673596,3,2,neutral,-0.0634179166666666,0.032991575028177,0.0021205490257777,0.0648834166666666,0.0443535629051591,2.3333333333333335,0.1682188333333333,-0.0427121666666666,0.067180669047619,0.032991575028177,2.2857142857142856,0.2070984142857142,-0.0071787369047619,0.0834751202380952,0.0706614211368473,2.0,0.169922969047619,-0.0014404442857142,0.0835816804040404,0.0803872563278661,2.0,0.1916389427272727,0.0002596757164526,47.72683481399408,-0.0066567658320416,3.9331187398089105e-05,0.2505516119448316,-0.0771530723993771,-0.8059490790015749,-0.5874009081467381,0.0,0.6554215,0.0,0.0,0.0,0.0,0.0,0.1435786666666666,0.0,0.8333333333333334,0.0,0.0,0.5,0.0,0.0,0.0,-0.003824,0.0,0.0,0.0,0.0,0.0,0.0152693333333333,0.0,0.0152693333333333,0.0,0.0,0.053456,0.0,0.0,0.0,-0.002377327264,0.0,0.0,0.0,0.0,0.0,0.0041432536799999,0.0,0.01908,0.0,0.0,0.026728,0.0,0.0,0.0111983999999999,0.0335951999999999,0.5666666666666667,2
2025-04-24,0.2981065,0.2148514977390197,6,0.0,0.538927,0.2899443333333333,1.739666,0.2767391666666666,0.1038225596147902,6,3,bullish,0.2828371666666666,0.0939616808115039,0.0864342904048333,0.1306876944444444,0.1484158023217937,2.6666666666666665,0.1793150555555556,0.109709625,0.0980229404761904,0.0939616808115039,2.4285714285714284,0.2248555476190476,0.0197104494047618,0.1018755130952381,0.0896099605762172,2.142857142857143,0.1791211357142857,0.0032751516117216,0.091328497070707,0.0893080755925047,2.033333333333333,0.1992650038383838,0.0015203986699025,60.49059478800696,0.0115235190845902,0.0023361687668365,0.2492244573258635,-0.076233867780409,18.523216468739086,19.32916554774066,0.0,0.607209,0.0,0.158519,0.158519,0.25,0.0,0.4369454,0.0,0.875,0.0,0.0,0.0,0.25,0.25,0.0,0.3577278,0.0,0.292366,0.132712,0.132712,0.0,0.2999494,0.0,0.2981065,0.0,0.0,0.0,0.132712,0.132712,0.0,0.929712318535,0.0,0.046345565954,0.021037373528,0.033178,0.0,0.410677475558,0.0,1.689105,0.0,0.0,0.0,0.033178,0.033178,0.14905325,0.8943195,0.5,3
2025-04-25,0.1253318,0.1339627376761911,5,0.0,0.349269,0.1011452,0.505726,0.1371624,0.1891572815061582,5,4,neutral,-0.1727746999999999,0.0945359246598799,0.01267670997736,0.1462358777777777,0.1425726168056526,3.0,0.1766552888888889,0.0550312333333333,0.1012016261904762,0.0945359246598799,2.857142857142857,0.1646858619047619,0.0233589785714285,0.1025216416666666,0.0897543553521415,2.357142857142857,0.1821895071428571,0.0044204022344322,0.093531257070707,0.089304516730258,2.1333333333333333,0.1995147438383838,0.001518536907001,50.34140702862635,0.0118535025547514,0.0042396355244194,0.2512333959234242,-0.0659535930446363,-0.5795737429408616,-19.10279021167995,0.0,0.919817,0.0,0.0,0.0,0.25,0.0,0.43533575,0.0,0.75,0.375,0.0,0.0,0.0,0.25,0.0,0.1072925,0.0,0.0,0.0,0.133443,0.0,0.0693475,0.0,0.1253318,0.1072925,0.0,0.0,0.0,0.133443,0.0,0.193187738009,0.0,0.0,0.0,0.03336075,0.0,0.159787474451,0.0,0.48600575,0.07393175,0.0,0.0,0.0,0.03336075,0.06800362,0.3400181,0.54,4
2025-04-26,0.058013,0.1339627376761911,1,0.058013,0.058013,0.058047,0.058047,0.193089,0.1891572815061582,1,1,neutral,-0.0673188,0.0940480732142661,0.003367480611,0.1604837666666666,0.12384654922913,2.6666666666666665,0.1497121777777778,-0.1200467499999999,0.1020481976190476,0.0940480732142661,2.5714285714285716,0.1516960999999999,0.0117152505952381,0.1013887845238095,0.0902425293563454,2.2142857142857144,0.1763893642857143,0.002204266043956,0.0956310681818181,0.0876332767177651,2.066666666666667,0.200265166060606,0.0006099896861832,49.4124568628743,0.0066068260174717,0.0047130736230299,0.2489507349663315,-0.0577604320875437,-0.5371246563122847,0.0424490866285769,0.0,0.0,0.0,0.0,0.0,0.0,0.0,0.918141,0.0,1.0,0.0,0.0,0.0,0.0,0.0,0.0,0.0,0.0,0.0,0.0,0.0,0.0,0.058013,0.0,0.058013,0.0,0.0,0.0,0.0,0.0,0.0,0.0,0.0,0.0,0.0,0.0,0.0,0.053264113833,0.0,0.058013,0.0,0.0,0.0,0.0,0.0,0.0406091,0.0406091,0.7,1
2025-04-28,0.014931,0.057748000199141,3,-0.051691,0.050684,0.0210893333333333,0.063268,0.1062773333333333,0.0360739235644438,3,2,neutral,-0.043082,0.0970481331121708,0.000314884836,0.0660919333333333,0.0556420347670112,2.3333333333333335,0.0600938444444444,-0.0552004,0.0987189357142857,0.0970481331121708,2.4285714285714284,0.1392689095238095,-0.0067347869047619,0.1052628083333333,0.0847341018529287,2.2142857142857144,0.1724049833333333,-0.0049042239926739,0.0972490348484848,0.0855891094902108,2.066666666666667,0.1981801105050505,-0.000801959833485,52.11928262330743,-0.0010158304719489,0.0035672928040341,0.2490184351539427,-0.0660448822751549,-0.7426266526468206,-0.2055019963345359,0.0,1.0,0.0,0.0,0.0,0.0,0.0,0.158519,0.0,0.6666666666666666,0.0,0.0,0.0,0.0,0.5,0.0,-0.051691,0.0,0.0,0.0,0.0,0.0,0.048242,0.0,0.014931,0.0,0.0,0.0,0.0,0.048242,0.0,-0.051691,0.0,0.0,0.0,0.0,0.0,0.015294547196,0.0,-0.003449,0.0,0.0,0.0,0.0,0.048242,0.0074655,0.0223965,0.5,2
2025-04-29,0.153977125,0.1304502253674201,8,-0.071982,0.284222,0.225459875,1.803679,0.1796815,0.0572188942021277,8,3,bullish,0.139046125,0.0992925133149848,0.0347156633553593,0.075640375,0.0711793472955592,2.0,0.1015320694444444,0.0479820625,0.1063308583333333,0.0992925133149848,2.5714285714285716,0.1348123678571428,-0.0005321622023809,0.1105478172619047,0.0853416049266072,2.357142857142857,0.1738087601190476,-0.0043456547802197,0.1009559056818181,0.0855564680290413,2.1333333333333333,0.2051617730050505,-0.0008116827402501,52.847207297063015,0.0041155199228518,0.0036769382277976,0.2538156216928703,-0.0660070563140824,9.31257953251624,10.055206185163062,0.0,0.9524168,0.0,0.0,0.0,0.0,0.0,0.3938194,0.0,0.875,0.0,0.0,0.0,0.0,0.5,0.0,0.0807971999999999,0.0,0.0,0.0,0.0,0.0,0.0807971999999999,0.0,0.153977125,0.0,0.0,0.0,0.0,0.1450795,0.0,0.3708730355499999,0.0,0.0,0.0,0.0,0.0,0.1807097911919999,0.0,1.0867375,0.0,0.0,0.0,0.0,0.1450795,0.0769885625,0.6159085,0.5,3
2025-04-30,0.1503786666666666,0.1345324933369878,6,0.0,0.304733,0.3021041666666667,1.812625,0.2083288333333333,0.0901761392640351,6,3,bullish,-0.0035984583333333,0.0996626162842824,0.0454300217777777,0.1064289305555555,0.0792599564569405,2.6666666666666665,0.1828844583333333,0.0677238333333333,0.1165724892857143,0.0996626162842824,2.5714285714285716,0.1623808916666666,0.0002381589285714,0.1026146267857143,0.0747392423680951,2.357142857142857,0.1781969148809523,0.0017669469413919,0.0970094079040404,0.0801055236939809,2.1333333333333333,0.199874178560606,0.0006645371913236,45.04833334257206,0.0078018527801491,0.0045019211382679,0.259404059270674,-0.0624650817706739,-0.0233700839220977,-9.335949616438338,0.0,0.9364335,0.0,0.158519,0.0,0.0,0.0,0.30886625,0.0,1.0,0.0,0.0,0.0,0.0,0.0,0.0,0.1321645,0.0,0.11107,0.0,0.0,0.0,0.14938475,0.0,0.1503786666666666,0.0,0.0,0.0,0.0,0.0,0.0,0.263643066245,0.0,0.05282011599,0.0,0.0,0.0,0.2027193436629999,0.0,0.902272,0.0,0.0,0.0,0.0,0.0,0.0751893333333333,0.451136,0.5,3
2025-05-01,0.1097635999999999,0.073494962693371,5,0.022,0.174586,0.088392,0.44196,0.0729017999999999,0.1288437146088236,5,3,neutral,-0.0406150666666666,0.0895398038774428,0.0097022241312,0.1380397972222222,0.0245539146086052,3.0,0.2053186805555556,-0.0221067625,0.1300716702380952,0.0895398038774428,2.7142857142857144,0.155168844047619,-0.0149632443452381,0.0986261696428571,0.072578019619789,2.5,0.1811336291666666,0.0040477101282051,0.097616819570707,0.0801317133525182,2.1666666666666665,0.196618753560606,0.0007091108677992,47.38158028689868,0.0073611613148783,0.00507376917359,0.2605795566634428,-0.0567143191634428,-0.2700852957866364,-0.2467152118645387,0.0,0.0,0.0,0.0,0.0,0.0,0.5,0.1840149999999999,0.0,0.6,0.0,0.0,0.0,0.0,0.5,0.0,0.0,0.0,0.0,0.0,0.0,0.162845,0.0935579999999999,0.0,0.1097635999999999,0.0,0.0,0.0,0.0,0.022,0.0,0.0,0.0,0.0,0.0,0.0,0.2442674999999999,0.0736702290119999,0.0,0.2935505,0.0,0.0,0.0,0.0,0.011,0.0548817999999999,0.2744089999999999,0.5,3
2025-05-02,0.1314076666666666,0.2494394443674322,3,-0.147548,0.332997,0.2958086666666666,0.8874259999999999,0.132432,0.0471300600042053,3,3,neutral,0.0216440666666666,0.0514790473262522,0.0388715266664444,0.1305166444444444,0.0203221886256081,3.0,0.2287682777777778,-0.0094854999999999,0.1062575511904762,0.0514790473262522,2.7142857142857144,0.1560066059523809,0.0091848738095237,0.1021402458333333,0.072912312717139,2.5714285714285716,0.1904310767857142,0.0044431517032967,0.0990109584595959,0.0803506606814428,2.2,0.1918465591161616,0.0008717141289985,52.44879916819487,0.0086585873221994,0.0057907328033119,0.2617672113172955,-0.0563898071506288,0.1971880173998181,0.4672733131864546,0.0,0.999687,0.0,0.0,0.0,0.0,0.0,0.2275906666666667,0.0,1.0,0.0,0.0,0.0,0.0,0.0,0.0,0.208774,0.0,0.0,0.0,0.0,0.0,0.1314076666666666,0.0,0.1314076666666666,0.0,0.0,0.0,0.0,0.0,0.0,0.208708653738,0.0,0.0,0.0,0.0,0.0,0.1109044317569999,0.0,0.394223,0.0,0.0,0.0,0.0,0.0,0.0657038333333333,0.1971115,0.5,3
2025-05-05,0.0887,0.1228732864539725,3,-0.018242,0.22292,0.1339653333333333,0.401896,0.1484676666666666,0.0132025605597298,3,2,neutral,-0.0427076666666666,0.0510772227807697,0.0118827250666666,0.1099570888888888,0.0213544907804037,2.6666666666666665,0.172722,-0.0105317999999999,0.1010244369047619,0.0510772227807697,2.4285714285714284,0.1606951964285714,0.010028600297619,0.101113031547619,0.0729992899417098,2.642857142857143,0.1626905291666666,0.0040901585531135,0.0993765917929292,0.0802754095741581,2.1666666666666665,0.190715328560606,0.0006584334821518,49.29941147673548,0.0061695494651756,0.0058664961356846,0.2620807538605692,-0.0552206496939025,-0.3250013317335619,-0.5221893491333801,0.0,0.9998623333333332,0.0,0.0,0.158519,0.0,0.0,0.795202,0.0,1.0,0.0,0.0,0.0,0.0,0.0,0.0,0.0887,0.0,0.0,0.061422,0.0,0.0,0.061422,0.0,0.0887,0.0,0.0,0.0,0.0,0.0,0.0,0.266009064526,0.0,0.0,0.0097365540179999,0.0,0.0,0.048842897244,0.0,0.2661,0.0,0.0,0.0,0.0,0.0,0.04435,0.13305,0.5,2
2025-05-06,0.038501,0.034846222176873,2,0.013861,0.063141,0.0295735,0.059147,0.0920245,0.0859509505735684,2,2,neutral,-0.050199,0.0542495841358315,0.0011386093235,0.0862028888888888,0.0465036434132173,2.3333333333333335,0.1531158333333333,-0.0464533333333333,0.0982370083333333,0.0542495841358315,2.5714285714285716,0.1566275535714285,-0.0028148303571428,0.1001426029761904,0.0737872111071164,2.5714285714285716,0.1541618267857142,0.0006850005677655,0.0967698584595959,0.0809601608245375,2.1333333333333333,0.1806222718939394,0.0003851801990427,49.33762783690928,0.0001446760539569,0.0047221321193391,0.2546455835550998,-0.0400048460550997,-0.5659413754227733,-0.2409400436892114,0.0,0.918763,0.0,0.0,0.0,0.0,0.0,0.55394,0.0,0.75,0.0,0.576289,0.0,0.0,0.5,0.0,0.038501,0.0,0.0,0.0,0.0,0.0,0.038501,0.0,0.038501,0.0,0.063141,0.0,0.0,0.063141,0.0,0.066849427566,0.0,0.0,0.0,0.0,0.0,0.0646215899599999,0.0,0.0454315,0.0,0.036387463749,0.0,0.0,0.0315705,0.0192505,0.038501,0.5,2
2025-05-07,0.048646,0.14500921604505,2,-0.053891,0.151183,0.1426135,0.285227,0.1029035,0.0350364339010122,2,1,neutral,0.010145,0.0465744841933535,0.006937576321,0.0586156666666666,0.0265429951274021,1.6666666666666667,0.1020507777777778,-0.0200269999999999,0.1030534369047619,0.0465744841933535,2.4285714285714284,0.1739881488095238,-0.0200290110119047,0.1008861863095238,0.0731651945219243,2.4285714285714284,0.1566285291666666,-0.0028272134615384,0.0883185251262626,0.0714527200987196,2.1333333333333333,0.1733858218939394,0.0014913667379579,50.50937830696094,-0.0037680298182342,0.0030240997318244,0.2549574321718062,-0.0434507946718062,0.263499649359757,0.8294410247825303,0.0,0.781247,0.0,0.0,0.0,0.0,0.0,0.108179,0.0,1.0,0.0,0.0,0.0,0.0,0.0,0.0,0.048646,0.0,0.0,0.0,0.0,0.0,0.151183,0.0,0.048646,0.0,0.0,0.0,0.0,0.0,0.0,0.08363865622,0.0,0.0,0.0,0.0,0.0,0.016354825757,0.0,0.097292,0.0,0.0,0.0,0.0,0.0,0.024323,0.048646,0.5,1
2025-05-08,0.2163705,0.2368348097567163,2,0.048903,0.383838,0.171599,0.343198,0.1984955,0.0038699954134339,2,2,bullish,0.1677245,0.061517608490056,0.0371289614295,0.1011725,0.0998932663358746,1.6666666666666667,0.1145953333333333,0.08893475,0.1119667761904762,0.061517608490056,2.2857142857142856,0.1662937380952381,-0.0006130845238095,0.1091488172619047,0.0794072698782758,2.4285714285714284,0.1505530529761904,0.0004659915567765,0.0954495529040404,0.073239293274098,2.1333333333333333,0.1738532718939393,0.0017252405219604,55.13153671299958,0.006589091733028,0.0037370981320651,0.2439044097790515,-0.0369050556123848,3.4478579944908105,3.1843583451310535,0.0,0.99838,0.0,0.0,0.682689,0.0,0.0,0.5190435,0.0,0.75,0.0,0.365926,0.0,0.0,0.5,0.0,0.2163705,0.0,0.0,0.048903,0.0,0.0,0.2163705,0.0,0.2163705,0.0,0.048903,0.0,0.0,0.383838,0.0,0.43149736488,0.0,0.0,0.033385540167,0.0,0.0,0.104906806506,0.0,0.240822,0.0,0.017894879178,0.0,0.0,0.191919,0.10818525,0.2163705,0.5,2
2025-05-09,0.035667,0.1513470556337321,3,-0.094661,0.201662,0.1437246666666666,0.431174,0.1153806666666666,0.042327028909827,3,2,neutral,-0.1807035,0.0647724937266681,0.005126227686,0.1002278333333333,0.100791630979875,1.6666666666666667,0.1526457222222222,-0.0064894999999999,0.0955793952380952,0.0647724937266681,2.142857142857143,0.1436680952380952,-0.0033006476190476,0.1060759422619047,0.0814820240492527,2.357142857142857,0.1530244934523809,-0.0026377164285714,0.0966748529040404,0.0718630089706825,2.1333333333333333,0.1727338774494949,0.0006737428191256,48.32711997554648,0.0002135028374243,0.003032379073137,0.2373329823352941,-0.0433271281686274,-0.8351577502478388,-4.283015744738649,0.0,0.7089473333333333,0.0,0.0,0.0,0.0,0.5,0.379453,0.0,0.8333333333333334,0.0,0.0,0.0,0.0,0.0,0.0,0.035667,0.0,0.0,0.0,0.0,0.0,-0.0473305,0.0,0.035667,0.0,0.0,0.0,0.0,0.0,0.0,0.109665693407,0.0,0.0,0.0,0.0,0.0,-0.010240332319,0.0,0.107001,0.0,0.0,0.0,0.0,0.0,0.0178335,0.0535005,0.5,2
2025-05-11,0.160632,0.1513470556337321,1,0.160632,0.160632,0.052685,0.052685,0.203443,0.042327028909827,1,1,bullish,0.1249649999999999,0.0693227344627493,0.00846289692,0.1375565,0.0925353864921414,1.6666666666666667,0.1226695555555555,-0.02786925,0.1028463095238095,0.0693227344627493,1.8571428571428572,0.1385670952380952,0.0056955892857142,0.1164589898809524,0.0782168479204316,2.2857142857142856,0.1468679696428571,-0.0040725963919413,0.0987926362373737,0.0728058960978402,2.1333333333333333,0.1668391107828282,0.0010892912786934,55.394347219205535,0.0051846421818326,0.0034628316948761,0.243871791097448,-0.0420237969307813,3.5036588443098653,4.338816594557704,0.0,0.0,0.0,0.0,0.0,0.0,0.0,0.0,0.0,1.0,0.0,0.0,0.0,0.0,0.0,0.0,0.0,0.0,0.0,0.0,0.0,0.0,0.0,0.0,0.160632,0.0,0.0,0.0,0.0,0.0,0.0,0.0,0.0,0.0,0.0,0.0,0.0,0.0,0.0,0.160632,0.0,0.0,0.0,0.0,0.0,0.1124423999999999,0.1124423999999999,0.7,1
2025-05-12,0.0172675,0.2014526006397038,2,-0.125181,0.159716,0.0620575,0.124115,0.102251,0.0802113648306772,2,2,neutral,-0.1433645,0.0747001683780054,0.00107157788125,0.0711888333333333,0.0780044578699403,1.6666666666666667,0.0861557222222222,-0.0091997499999999,0.0865405714285714,0.0747001683780054,1.7142857142857142,0.1051740714285714,0.0006066249999999,0.0963990613095238,0.0624757813594658,2.2142857142857144,0.1305903386904761,-0.0009182595054945,0.095847319570707,0.0742919797254213,2.1666666666666665,0.1575798941161616,0.0006104562009977,38.37479506074119,-0.0024161314254428,0.0022870390708123,0.2443794771621264,-0.0511128329954597,-0.892502739180238,-4.396161583490104,0.0,0.0,0.0,0.0,0.158519,0.0,0.0,0.483579,0.0,1.0,0.0,0.0,0.0,0.0,0.0,0.0,0.0,0.0,0.0,-0.125181,0.0,0.0,0.0172675,0.0,0.0172675,0.0,0.0,0.0,0.0,0.0,0.0,0.0,0.0,0.0,-0.0198435669389999,0.0,0.0,0.123650734565,0.0,0.034535,0.0,0.0,0.0,0.0,0.0,0.0246053499999999,0.0492106999999999,0.6,2
2025-05-13,0.11383,0.2459679690020633,3,-0.123665,0.367475,0.1647633333333333,0.49429,0.1487063333333333,0.1434518799644442,3,2,neutral,0.0965625,0.0754216193742597,0.0187550102333333,0.0972431666666666,0.0731073679261078,1.6666666666666667,0.0931686111111111,-0.0234009999999999,0.0901305714285714,0.0754216193742597,1.7142857142857142,0.1095737857142857,0.0038389821428571,0.0955775041666666,0.0621407751701664,2.0714285714285716,0.1351344910714285,0.0005335938644688,0.0976725013888888,0.0740295492059132,2.1333333333333333,0.1553964658333333,0.0004728681553578,49.49182459746914,-0.00064064493249,0.0017015022701518,0.2461216089321402,-0.0466806647654735,5.592152888374112,6.48465562755435,0.0,0.0,0.0,0.0,0.158519,0.0,0.0,0.214378,0.0,1.0,0.0,0.0,0.0,0.0,0.0,0.0,0.0,0.0,0.0,-0.123665,0.0,0.0,0.121905,0.0,0.11383,0.0,0.0,0.0,0.0,0.0,0.0,0.0,0.0,0.0,-0.019603252135,0.0,0.0,0.05226750018,0.0,0.34149,0.0,0.0,0.0,0.0,0.0,0.056915,0.170745,0.5,2
2025-05-14,0.212702,0.20749907072563,2,0.065978,0.359426,0.283156,0.566312,0.1138755,0.1541655417546346,2,2,bullish,0.098872,0.0838187779977477,0.060227847512,0.1145998333333333,0.0977195243034027,2.0,0.1699922777777778,0.09771725,0.1150164285714285,0.0838187779977477,1.7142857142857142,0.1457998571428571,0.0095959821428571,0.1066267184523809,0.0683863745122135,2.142857142857143,0.1512137053571428,0.0026416177838827,0.1034125347222222,0.0760910561632034,2.1666666666666665,0.1594626658333333,0.0008207077363737,56.64911848928392,0.0086449151229655,0.0030901848407146,0.2601156449400918,-0.0432280841067584,0.8685935166476324,-4.723559371726479,0.0,0.0,0.0,0.0,0.0,0.0,0.0,0.6705685,0.0,1.0,0.0,0.0,0.0,0.0,0.0,0.0,0.0,0.0,0.0,0.0,0.0,0.0,0.212702,0.0,0.212702,0.0,0.0,0.0,0.0,0.0,0.0,0.0,0.0,0.0,0.0,0.0,0.0,0.376335136042,0.0,0.425404,0.0,0.0,0.0,0.0,0.0,0.106351,0.212702,0.5,2
2025-05-15,0.161473,0.1246190584488049,4,0.059233,0.334814,0.20228375,0.809135,0.089625,0.0549410678454651,4,3,bullish,-0.051229,0.0796744865125324,0.03266336396375,0.1626683333333333,0.0494468372328638,2.3333333333333335,0.2167343611111112,0.0238215,0.1311345714285714,0.0796744865125324,2.0,0.1543241785714285,0.0050919821428571,0.1170940041666666,0.0643686280968878,2.2142857142857144,0.1641561636904762,0.0011857186263736,0.1049187680555555,0.0767986272702619,2.2333333333333334,0.1642658574999999,0.0012840739024842,56.25512013410207,0.0117347728134555,0.0048191024352627,0.264926041129334,-0.0419605469626673,-0.2408486991189551,-1.1094422157665875,0.0,0.451494,0.0,0.0,0.0,0.0,0.0,0.28260225,0.0,0.58333325,0.333333,0.0,0.0,0.0,0.4444443333333334,0.0,0.168124,0.0,0.0,0.0,0.0,0.0,0.161473,0.0,0.161473,0.168124,0.0,0.0,0.0,0.1036926666666666,0.0,0.075906977256,0.0,0.0,0.0,0.0,0.0,0.2237011965,0.0,0.462332277292,0.0560412772919999,0.0,0.0,0.0,0.127518277292,0.0807365,0.322946,0.5,3
2025-05-19,0.0782855,0.0826263055348194,4,-0.00726,0.191338,0.190046,0.760184,0.20013275,0.056312326047826,4,3,neutral,-0.0831875,0.0717543027146074,0.014877846133,0.1508201666666666,0.0678384921087086,2.6666666666666665,0.2251619166666667,-0.0672082499999999,0.1114081428571428,0.0717543027146074,2.142857142857143,0.1569594642857142,0.0116061428571428,0.1116874595238095,0.0642109917043779,2.2142857142857144,0.1616266011904762,0.0012928312820512,0.1050658513888889,0.0767413226848647,2.2333333333333334,0.1659590908333333,0.0008981376214312,46.60733213637545,0.007385843766995,0.0053324507016092,0.2649241348321507,-0.041998815665484,-0.5151790082552501,-0.2743303091362949,0.0,0.0,0.0,0.0,0.9545,0.0,0.0,0.4893993333333333,0.0,0.6666665,0.0,0.0,0.333333,0.0,0.333333,0.0,0.0,0.0,0.0,0.064532,0.0,0.0,0.0406013333333333,0.0,0.0782855,0.0,0.0,0.064532,0.0,0.064532,0.0,0.0,0.0,0.0,0.123191588,0.0,0.0,0.038820884616,0.0,0.227099290312,0.0,0.0,0.043021290312,0.0,0.043021290312,0.03914275,0.156571,0.5,3
2025-05-20,0.197593,0.026889856674962,2,0.178579,0.216607,0.0708605,0.141721,0.1929585,0.0798443764112413,2,2,bullish,0.1193074999999999,0.0693270872161023,0.0140015387765,0.1457838333333333,0.0611815523837318,2.6666666666666665,0.15439675,0.01806,0.1345404285714286,0.0693270872161023,2.142857142857143,0.1465502976190476,0.0100200714285714,0.1150599119047619,0.067552368976877,2.142857142857143,0.1451091964285714,0.0050228095970695,0.1129624625,0.0734929571704462,2.2333333333333334,0.1657587519444444,0.0004994236243974,51.917369461635055,0.0134117857174779,0.0069483177047829,0.2716227189996005,-0.0304650331662671,1.5240050839555217,2.0391840922107716,0.0,0.891286,0.0,0.0,0.0,0.333333,0.0,0.999365,0.0,0.6666665,0.0,0.0,0.0,0.0,0.333333,0.0,0.216607,0.0,0.0,0.0,0.216607,0.0,0.216607,0.0,0.197593,0.0,0.0,0.0,0.0,0.216607,0.0,0.193058786602,0.0,0.0,0.0,0.0722022611309999,0.0,0.216469454555,0.0,0.2507812611309999,0.0,0.0,0.0,0.0,0.0722022611309999,0.1345123,0.2690246,0.7,2
2025-05-21,0.1002736,0.0689221800279126,5,-0.018141,0.150041,0.3087238,1.543619,0.1699124,0.0451405657175449,5,2,neutral,-0.0973193999999999,0.069294621613778,0.03095684683168,0.1253840333333333,0.063493860220523,2.3333333333333335,0.1898767666666667,0.01099405,0.1259178,0.069294621613778,2.2857142857142856,0.183127269047619,0.0100759928571428,0.1143820547619047,0.0676571358694321,2.0714285714285716,0.1608471821428571,0.0044257398534798,0.1136386825,0.0732720805265193,2.2666666666666666,0.1691893119444444,0.0001901430126066,49.63157968021788,0.0102167652729063,0.0076020072184076,0.2366003178630729,-0.0152259220297396,-0.4925245327516663,-2.016529616707188,0.0,0.4453883333333333,0.0,0.0,0.0,0.0,0.0,0.8914678,0.0,0.6,0.0,0.4280405,0.0,0.0,0.5,0.0,0.0915683333333333,0.0,0.0,0.0,0.0,0.0,0.1002736,0.0,0.1002736,0.0,0.12987725,0.0,0.0,0.12987725,0.0,0.078067765639,0.0,0.0,0.0,0.0,0.0,0.498425605145,0.0,0.2416134999999999,0.0,0.2268597871809999,0.0,0.0,0.2597545,0.0501368,0.250684,0.5,2
2025-05-22,0.139499,0.0864203854538962,6,0.050423,0.294151,0.249839,1.499034,0.119755,0.0817611237349389,6,3,neutral,0.0392254,0.0500926907709385,0.034852290661,0.1457885333333333,0.0489636097142901,2.3333333333333335,0.2098077666666667,-0.0290469999999999,0.1433794428571428,0.0500926907709385,2.4285714285714284,0.2099531976190476,-0.0039903499999999,0.1149600071428571,0.0678480528118696,2.0714285714285716,0.1575636345238095,0.0057046507692307,0.1095738713888889,0.0679812337918554,2.2666666666666666,0.1694949452777777,0.0013763261902113,50.30989107878811,0.0107262010694846,0.008226845988623,0.2378139614077381,-0.0150228455744048,0.3911837213384181,0.8837082540900845,0.310843,0.52446,0.0,0.0,0.0,0.0,0.0,0.1918898,0.158519,0.5,0.25,0.0,0.0,0.25,0.4,0.050423,0.1103045,0.0,0.0,0.0,0.0,0.0,0.148889,0.1103045,0.139499,0.1103045,0.0,0.0,0.1103045,0.148889,0.015673636589,0.115298426981,0.0,0.0,0.0,0.0,0.0,0.138097126075,0.0349707180709999,0.40961925,0.05515225,0.0,0.0,0.05515225,0.31707025,0.0697495,0.418497,0.5,3
2025-05-23,0.1753052,0.1181317910373833,5,-0.014956,0.271935,0.1297162,0.648581,0.0606439999999999,0.0625958981603427,5,3,bullish,0.0358061999999999,0.049433228809187,0.02273992438424,0.1383592666666666,0.0375287822037076,2.6666666666666665,0.2294263333333334,0.0375158,0.1521616142857143,0.049433228809187,2.5714285714285716,0.2049464642857143,-0.0047910821428571,0.1211460928571428,0.0692041932088985,2.142857142857143,0.157260125,0.0065630846153846,0.1098973113888888,0.0682794244391067,2.3333333333333335,0.1722428852777777,0.0021868001649981,53.33453205001344,0.0138594270256404,0.0093533621960265,0.2441331108853585,-0.0096127750520251,0.2566771087964787,-0.1345066125419394,0.0,0.487274,0.158519,0.158519,0.451494,0.225,0.2,0.5242036666666666,0.0,0.5900000000000001,0.0,0.0,0.0,0.225,0.3166666666666666,0.0,0.2065156666666666,0.239415,0.21859,0.21859,0.239415,0.21859,0.2065156666666666,0.0,0.1753052,0.0,0.0,0.0,0.239415,0.2065156666666666,0.0,0.320141931843,0.07590365277,0.03465066821,0.09869207346,0.108778,0.043718,0.318284556033,0.0,0.4361155,0.0,0.0,0.0,0.108778,0.1791365,0.0876526,0.438263,0.5,3
2025-05-24,0.0838033333333333,0.1314889947726931,3,-0.068006,0.161899,0.1117313333333333,0.335194,0.218936,0.0461544851233333,3,2,neutral,-0.0915018666666666,0.0470744598327572,0.0093634581711111,0.1328691777777777,0.0461098016466651,2.6666666666666665,0.1637621777777778,-0.0278478333333333,0.133747519047619,0.0470744598327572,2.5714285714285716,0.1804572261904761,-0.0034665571428571,0.1243819738095238,0.0660288643222882,2.142857142857143,0.1631285416666666,0.0027715851282051,0.1099504025,0.0682577698984,2.3333333333333335,0.1704457830555555,0.0018275090823136,51.6904942347538,0.0088570061028809,0.0092540909773974,0.2393545003149166,0.00205306885175,-0.5219575156165742,-0.778634624413053,0.0,0.5092536666666667,0.0,0.0,0.0,0.0,0.0,0.779455,0.0,0.8333333333333334,0.0,0.158519,0.0,0.0,0.5,0.0,0.0838033333333333,0.0,0.0,0.0,0.0,0.0,0.0838033333333333,0.0,0.0838033333333333,0.0,0.161899,0.0,0.0,0.161899,0.0,0.0869451779119999,0.0,0.0,0.0,0.0,0.0,0.162700537998,0.0,0.1704605,0.0,0.0256640675809999,0.0,0.0,0.0809495,0.0478690666666666,0.1436072,0.6333333333333333,2
2025-05-27,0.0785502857142857,0.0272586492311112,7,0.046653,0.122419,0.201608,1.411256,0.183969,0.0444861679476516,7,4,neutral,-0.0052530476190476,0.0493148894857642,0.0158363660022857,0.1125529396825396,0.054408485170373,3.0,0.1476851777777778,-0.0483774571428571,0.1219014170068027,0.0493148894857642,2.7142857142857144,0.1803606904761904,-0.0054197634353741,0.126517994217687,0.0638376978981674,2.357142857142857,0.1673424345238095,-0.0010346820198848,0.1091327120238095,0.0684894382760227,2.433333333333333,0.1597549497222222,0.0015775524940409,51.119992316016976,0.0044177498861571,0.0082868227591493,0.2359245303811014,-0.0020596451430061,-0.0626830390881144,0.4592744765284597,0.0,0.5997553333333333,0.0,0.0,0.0,0.0,0.333333,0.3962456666666666,0.0,0.8095237142857143,0.333333,0.0,0.333333,0.0,0.333333,0.0,0.0892259999999999,0.0,0.0,0.0,0.0,0.094672,0.0838665,0.0,0.0785502857142857,0.082087,0.0,0.094672,0.0,0.082087,0.0,0.158164617397,0.0,0.0,0.0,0.0,0.031557301776,0.203808160389,0.0,0.432012607747,0.0273623059709999,0.0,0.031557301776,0.0,0.0273623059709999,0.0419800571428571,0.2938604,0.5285714285714286,4
2025-05-28,0.022552,0.0390612098122933,3,0.0,0.067656,0.039055,0.117165,0.160675,0.0100917940426863,3,2,neutral,-0.0559982857142857,0.0607123851274328,0.00088076836,0.0616352063492063,0.0339488054461851,2.6666666666666665,0.1174647777777778,-0.0306256666666666,0.1139394884353741,0.0607123851274328,2.5714285714285716,0.1587905476190476,-0.0222951891156462,0.1126738156462584,0.0638691384376951,2.357142857142857,0.1578750059523809,-0.001042968477237,0.1081482120238095,0.0695419051865641,2.4,0.1560909386111111,0.0006255485515652,42.07801923933846,-0.0035777396003759,0.0059139102872442,0.2355487643967739,-0.0144665458253453,-0.712897288724966,-0.6502142496368516,0.0,0.0,0.0,0.0,0.158519,0.0,0.0,0.3666369999999999,0.0,1.0,0.0,0.0,0.0,0.0,0.0,0.0,0.0,0.0,0.0,0.0,0.0,0.0,0.022552,0.0,0.022552,0.0,0.0,0.0,0.0,0.0,0.0,0.0,0.0,0.0,0.0,0.0,0.0,0.007318958424,0.0,0.067656,0.0,0.0,0.0,0.0,0.0,0.011276,0.033828,0.5,2
2025-05-30,0.02414075,0.069960716850346,8,-0.120544,0.106463,0.2031825,1.62546,0.0659105,0.0530415623234674,8,3,neutral,0.00158875,0.0561009669496015,0.004904977936875,0.0417476785714285,0.0318818906438149,3.0,0.1479485,-0.0272047678571428,0.0891605955782313,0.0561009669496015,2.7142857142857144,0.1776936904761905,-0.0199659808673469,0.1118505120748299,0.0650023866047137,2.4285714285714284,0.162121994047619,-0.0061111708686551,0.1076783759126984,0.0700760944369902,2.4,0.1592610330555555,-0.0003985894101912,49.448072194766624,-0.0096745021741735,0.0027962277949607,0.237107965917404,-0.0245880323459754,0.0704482972685351,0.7833455859935012,0.0,0.5530225,0.0,0.0,0.0,0.0,0.5,0.5379427142857143,0.0,0.572916625,0.0,0.0,0.2916665,0.25,0.4166666,0.0,-0.067481,0.0,0.0,0.0,0.0,-0.120544,0.0208081428571428,0.0,0.02414075,0.0,0.0,0.0460225,-0.014418,0.0540359999999999,0.0,-0.0489354810279999,0.0,0.0,0.0,0.0,-0.060272,-0.021411691347,0.0,0.1041686311789999,0.0,0.0,0.031883131179,-0.0036045,0.120950631179,0.012070375,0.096563,0.5,3
2025-05-31,-0.0863405,0.1970459111793492,2,-0.225673,0.052992,0.0791815,0.158363,0.0901565,0.2100382911768709,2,2,neutral,-0.11048125,0.08620331782187,-0.00683657030075,-0.0132159166666666,0.0633327288800644,2.3333333333333335,0.1071396666666667,-0.05444625,0.0625014384353741,0.08620331782187,2.7142857142857144,0.1449019333333333,-0.0371820976190476,0.094209619217687,0.0820282604809529,2.5,0.1640146011904762,-0.0101655902930402,0.1014439036904761,0.0785290611845337,2.4,0.1533452275,-0.0016984945020922,38.007518132515074,-0.0231542284050434,-0.0023938634450401,0.2512520763379174,-0.0605069594331555,-4.576545881963071,-4.646994179231606,0.0,0.993856,0.0,0.0,0.158519,0.0,0.2,0.576798,0.0,0.6,0.2,0.0,0.0,0.2,0.2,0.0,-0.225673,0.0,0.0,-0.225673,0.0,-0.225673,-0.0863405,0.0,-0.0863405,-0.225673,0.0,0.0,-0.225673,-0.225673,0.0,-0.224286465088,0.0,0.0,-0.035773458287,0.0,-0.0451346,-0.216161772973,0.0,0.0078573999999999,-0.0451346,0.0,0.0,-0.0451346,-0.0451346,-0.04317025,-0.0863405,0.5,2
2025-06-02,0.1830491428571428,0.1035403525705778,14,0.051478,0.420474,0.2582396428571428,3.615355,0.1488083571428571,0.0962548855308391,14,4,bullish,0.2693896428571428,0.0939133036223747,0.0472705452767346,0.0402831309523809,0.135418341692636,3.0,0.1802012142857143,0.0794541964285714,0.0687228874149659,0.0939133036223747,2.857142857142857,0.146102025170068,-0.0132666204931972,0.1060511651360544,0.0820326023567015,2.642857142857143,0.1780276113945578,-0.0101638715698587,0.1049226334523809,0.0797876693037414,2.433333333333333,0.1583157322619047,-0.0013289515273584,57.17220896012542,-0.0119616471915678,-0.0043074201943456,0.260756447969089,-0.0605764167786128,-3.120084350416581,1.45646153154649,0.0,0.526024,0.0,0.0,0.0,0.0,0.25,0.6174375,0.0,0.9107142857142856,0.25,0.8315878,0.0,0.0,0.375,0.0,0.253154,0.0,0.0,0.0,0.0,0.175818,0.1958119166666666,0.0,0.1830491428571428,0.175818,0.155662,0.0,0.0,0.113648,0.0,0.388265278672,0.0,0.0,0.0,0.0,0.0439545,1.361164525246,0.0,2.4050855,0.0439545,0.630275132202,0.0,0.0,0.0696935,0.0927507714285714,1.2985108,0.5142857142857143,4
2025-06-03,0.0781674285714285,0.0705796645615367,7,-0.021489,0.163828,0.1715154285714285,1.200608,0.1553,0.0770236084998186,7,3,neutral,-0.1048817142857142,0.0819549650517974,0.0134069200117551,0.0582920238095238,0.1357901642443658,3.0,0.1696455238095238,0.0822539642857143,0.05484606292517,0.0819549650517974,2.857142857142857,0.1520733435374149,0.0029713392857142,0.1035038386054421,0.0823256527554678,2.7142857142857144,0.1785099039115646,-0.0107041046520146,0.1070192366269841,0.0781603893494797,2.466666666666667,0.1594037021031746,-0.0021198643739075,48.46815729173341,-0.0114228419221443,-0.0057305045399054,0.2605023405738415,-0.0563556665262224,-0.5729702562309575,2.5471140941856234,0.0,0.8623955,0.0,0.0,0.0,0.0,0.333333,0.305641,0.0,0.8333332857142857,0.0,0.108179,0.0,0.0,0.4166665,0.0,0.0300535,0.0,0.0,0.0,0.0,0.115069,0.077596,0.0,0.0781674285714285,0.0,0.115069,0.0,0.0,0.0570465,0.0,0.042297087386,0.0,0.0,0.0,0.0,0.038356294977,0.10840902096,0.0,0.470947294977,0.0,0.012448049351,0.0,0.0,0.037868294977,0.0390837142857142,0.273586,0.5,3
2025-06-04,0.1007152,0.1168748647152158,5,-0.014015,0.281472,0.133068,0.66534,0.0881844,0.0539808022615447,5,3,neutral,0.0225477714285714,0.0831908380959208,0.0134019702336,0.1206439238095238,0.055207871018404,3.3333333333333335,0.1876076904761905,-0.0411669714285714,0.057262043877551,0.0831908380959208,3.0,0.1551214387755101,0.0120226426020408,0.095504781462585,0.0761048970232,2.7857142857142856,0.1677893324829932,-0.0071838406541078,0.1004395266269841,0.0693290426724538,2.466666666666667,0.1541744909920635,-0.0008426923822766,44.85221035565005,-0.0090718448496714,-0.0063987726018586,0.2611077891429874,-0.0517541950953683,0.2884548185945188,0.8614250748254764,0.0,0.5401859999999999,0.0,0.0,0.0,0.25,0.0,0.8156120000000001,0.0,0.65,0.25,0.5658125,0.0,0.0,0.4166666666666667,0.0,0.1337285,0.0,0.0,0.0,0.148705,0.0,0.0787063333333333,0.0,0.1007152,0.148705,0.2150885,0.0,0.0,0.0787063333333333,0.0,0.016824074593,0.0,0.0,0.0,0.03717625,0.0,0.211147366904,0.0,0.34834025,0.03717625,0.21610296053,0.0,0.0,0.08088325,0.0503576,0.251788,0.5,3
2025-06-05,0.3228466666666666,0.2133677461949986,3,0.076806,0.456993,0.4438746666666666,1.331624,0.2591986666666666,0.0460011969119645,3,3,bullish,0.2221314666666666,0.1310728032353271,0.1433034565511111,0.1672430984126984,0.1352274134157874,3.0,0.2494860317460318,0.122339619047619,0.0921615268707483,0.1310728032353271,2.857142857142857,0.189730962585034,0.0435193153061224,0.1070314719387755,0.0963837850096906,2.7857142857142856,0.1850458265306122,0.0014864182155939,0.107023355515873,0.0802869584377355,2.433333333333333,0.165598806547619,0.0007638632430213,56.41073925887759,0.0105933646955777,-0.0030003451423713,0.2881734148399003,-0.0681722041256146,2.20554064000932,1.917085821414801,0.0,0.0,0.0,0.0,0.0,0.0,0.0,0.161647,0.0,1.0,0.0,0.0,0.0,0.0,0.0,0.0,0.0,0.0,0.0,0.0,0.0,0.0,0.434741,0.0,0.3228466666666666,0.0,0.0,0.0,0.0,0.0,0.0,0.0,0.0,0.0,0.0,0.0,0.0,0.070274578427,0.0,0.96854,0.0,0.0,0.0,0.0,0.0,0.1614233333333333,0.48427,0.5,3
2025-06-06,0.0521934285714285,0.0774294152176831,7,-0.116485,0.127298,0.1242552857142857,0.8697869999999999,0.0854605714285714,0.0552130334005089,7,3,neutral,-0.2706532380952381,0.1289101268400283,0.006485309379551,0.1585850984126984,0.1443086542088915,3.0,0.2337326507936508,-0.0242608857142857,0.0963960166666666,0.1289101268400283,3.0,0.2019024319727891,0.0292928009353741,0.1051677525510204,0.0972309281139065,2.7857142857142856,0.1803464897959183,-0.0010280524280481,0.1068293698015873,0.0804163845433122,2.5,0.1678057494047619,7.211932703003175e-05,49.09783789315604,0.0042892993549294,-0.0015424162429111,0.2876967220980181,-0.0660428685265895,-0.8383336922437011,-3.043874332253021,0.158519,0.0,0.0,0.0,0.0,0.0,0.4375,0.4872978333333333,0.0,0.6785714285714286,0.25,0.682689,0.0,0.0,0.25,0.127298,0.0,0.0,0.0,0.0,0.0,0.0879892499999999,0.0480655,0.0,0.0521934285714285,0.127298,0.127298,0.0,0.0,0.127298,0.020179151662,0.0,0.0,0.0,0.0,0.0,0.144154,0.212508007103,0.0,0.157551,0.0318245,0.086904944322,0.0,0.0,0.0318245,0.0260967142857142,0.1826769999999999,0.5,3
2025-06-07,0.03738,0.0774294152176831,1,0.03738,0.03738,0.111401,0.111401,-0.029164,0.0552130334005089,1,1,neutral,-0.0148134285714285,0.1277653785892844,0.00416416938,0.137473365079365,0.1607087586989044,2.3333333333333335,0.2265103174603174,-0.1427333333333333,0.098287338095238,0.1277653785892844,2.7142857142857144,0.1887907891156462,0.012647475340136,0.0937239668367346,0.0949167261558426,2.7142857142857144,0.1832422397959183,8.214082155939329e-05,0.1075776698015873,0.0796323790917312,2.466666666666667,0.1708161382936507,-0.0010097229840033,44.02899449835001,-0.001880361389075,-0.0016100052721439,0.2828116604330211,-0.0734830068615925,-0.2838178862144659,0.5545158060292352,0.0,0.0,0.0,0.0,0.0,0.0,0.0,0.310843,0.0,0.5,0.0,0.0,0.0,0.0,0.5,0.0,0.0,0.0,0.0,0.0,0.0,0.0,0.03738,0.0,0.03738,0.0,0.0,0.0,0.0,0.03738,0.0,0.0,0.0,0.0,0.0,0.0,0.0,0.0116193113399999,0.0,0.01869,0.0,0.0,0.0,0.0,0.01869,0.01869,0.01869,0.5,1
2025-06-09,0.1435452857142857,0.096390673281036,7,0.007777,0.332997,0.335823,2.350761,0.1423101428571428,0.0767598950438499,7,4,neutral,0.1061652857142857,0.0986197713517678,0.0482058084844285,0.077706238095238,0.0574973439390689,2.6666666666666665,0.1904930952380953,0.0456759285714286,0.1311281646258503,0.0986197713517678,3.0,0.2254538605442176,-0.0088788642857143,0.0968148015306122,0.0958464012592419,2.857142857142857,0.1851778969387754,0.001721529047619,0.1072299418253968,0.0794453381162683,2.5,0.1744949091269841,-0.000457677606335,51.60213599655616,0.0017763087014737,-0.0009327424774204,0.2849863610614115,-0.0630299289185543,2.8401628066957127,3.1239806929101785,0.0,0.0,0.0,0.0,0.0,0.333333,0.0,0.428213,0.0,0.9047618571428572,0.0,0.6774225,0.0,0.0,0.333333,0.0,0.0,0.0,0.0,0.0,0.139295,0.0,0.1754912,0.0,0.1435452857142857,0.0,0.1294394999999999,0.0,0.0,0.139295,0.0,0.0,0.0,0.0,0.0,0.046431620235,0.0,0.365212054074,0.0,0.911953620235,0.0,0.178949119549,0.0,0.0,0.046431620235,0.0722170428571428,0.5055193,0.5571428571428572,4
2025-06-10,0.093592,0.0673139227153887,4,0.044949,0.187697,0.09571775,0.382871,0.2732825,0.0372724200314388,4,3,neutral,-0.0499532857142857,0.0965445542315218,0.008958415658,0.0915057619047619,0.0531133812211336,2.6666666666666665,0.1809805833333333,0.028106,0.1183485727891156,0.0965445542315218,2.857142857142857,0.2022364472789115,-0.0054833136054421,0.0935357301020408,0.0950557883015504,2.857142857142857,0.1741692362244898,0.0030366203819989,0.1053370529365079,0.0790573735040206,2.5,0.1676153619047619,-0.0002480869150908,48.31368746145613,0.0006361027444331,-0.0006189734330497,0.2841399336210739,-0.0642073014782167,-0.3479966998965981,-3.188159506592311,0.0,0.0,0.0,0.0,0.0,0.0,0.0,0.234197,0.0,1.0,0.0,0.0,0.0,0.0,0.0,0.0,0.0,0.0,0.0,0.0,0.0,0.0,0.0708385,0.0,0.093592,0.0,0.0,0.0,0.0,0.0,0.0,0.0,0.0,0.0,0.0,0.0,0.0,0.039705414391,0.0,0.374368,0.0,0.0,0.0,0.0,0.0,0.046796,0.187184,0.5,3
2025-06-11,0.080975,0.0673139227153887,1,0.080975,0.080975,0.223522,0.223522,0.052978,0.0372724200314388,1,1,neutral,-0.012617,0.096355452395136,0.01809969395,0.1060374285714285,0.0330896763785431,2.6666666666666665,0.21835425,-0.0312851428571428,0.1187496544217687,0.096355452395136,2.5714285714285716,0.2096659574829931,-0.0152277884353741,0.0867978586734693,0.0921114619690776,2.7142857142857144,0.180869650510204,0.0053734391889063,0.1043774329365079,0.0791764223968388,2.433333333333333,0.1721196952380952,-0.0003747335393823,46.47489201413448,-0.0012709539206744,-0.0007493695305746,0.2710365125666842,-0.0642765804238271,-0.1348085306436447,0.2131881692529533,0.0,0.0,0.0,0.0,0.0,0.0,0.0,0.161647,0.0,1.0,0.0,0.0,0.0,0.0,0.0,0.0,0.0,0.0,0.0,0.0,0.0,0.0,0.080975,0.0,0.080975,0.0,0.0,0.0,0.0,0.0,0.0,0.0,0.0,0.0,0.0,0.0,0.0,0.013089365825,0.0,0.080975,0.0,0.0,0.0,0.0,0.0,0.0404875,0.0404875,0.5,1
2025-06-12,0.0689268571428571,0.0385116450848682,7,0.035701,0.13045,0.0792418571428571,0.554693,0.1995717142857143,0.1446528577810963,7,4,neutral,-0.0120481428571428,0.0980807081412603,0.0054618921670204,0.081164619047619,0.012333664685656,2.6666666666666665,0.1328272023809524,-0.0123325714285714,0.114208462585034,0.0980807081412603,2.7142857142857144,0.2019765085034013,-0.0231422959183673,0.0857352532312925,0.0922343904776491,2.857142857142857,0.1785489736394557,0.0047641185295656,0.1022947392857143,0.0792626040116712,2.466666666666667,0.1649008015873015,-0.0004170315265639,49.4089705014405,-0.0037117078360157,-0.0013418371916628,0.2647586101306016,-0.0672532922734587,-0.1487884267631102,-0.0139798961194654,0.0,0.108179,0.0,0.0,0.0,0.0,0.0,0.1427816666666666,0.0,0.8571428571428571,0.0,0.108179,0.0,0.0,0.5,0.0,0.115001,0.0,0.0,0.0,0.0,0.0,0.0793713333333333,0.0,0.0689268571428571,0.0,0.062026,0.0,0.0,0.0374265,0.0,0.012440693179,0.0,0.0,0.0,0.0,0.0,0.035030196714,0.0,0.4450615,0.0,0.0067099106539999,0.0,0.0,0.0374265,0.0377491714285714,0.2642442,0.5285714285714286,4
2025-06-13,0.0992463333333333,0.0278769355262254,3,0.067057,0.115434,0.03478,0.10434,0.063767,0.146377538331535,3,2,neutral,0.0303194761904761,0.0348101345728635,0.0034517874733333,0.0830493968253968,0.0152658115001494,2.3333333333333335,0.112514619047619,0.0091356666666666,0.0822655578231292,0.0348101345728635,2.5714285714285716,0.143534413265306,0.0050600765306122,0.0872135423469387,0.0922762187104798,2.7142857142857144,0.16663268792517,0.0049132823286237,0.1026462837301587,0.0792236075457506,2.466666666666667,0.1615946238095238,-0.0005304554844006,50.80617907452815,-0.0031630339995734,-0.0017060765532449,0.2655270168404199,-0.0659256156499436,0.4398789883548051,0.5886674151179153,0.0,0.0,0.0,0.0,0.0,0.0,0.0,0.6535106666666667,0.0,1.0,0.0,0.0,0.0,0.0,0.0,0.0,0.0,0.0,0.0,0.0,0.0,0.0,0.0992463333333333,0.0,0.0992463333333333,0.0,0.0,0.0,0.0,0.0,0.0,0.0,0.0,0.0,0.0,0.0,0.0,0.177864230992,0.0,0.297739,0.0,0.0,0.0,0.0,0.0,0.0496231666666666,0.1488695,0.5,2
2025-06-15,-0.0179061666666666,0.0886439238603902,6,-0.146612,0.043972,0.20791,1.24746,0.007455,0.0577960285902067,6,3,neutral,-0.1171524999999999,0.0511509545717732,-0.0037228711116666,0.0500890079365079,0.0608056369599341,3.0,0.107310619047619,-0.0434165119047619,0.0722513299319728,0.0511509545717732,2.5714285714285716,0.1554850867346938,-0.0099686267006802,0.0843236732993197,0.0950489049726114,2.7857142857142856,0.1786937593537415,-0.0002218371271585,0.1007660448412698,0.0814369306861426,2.5,0.1675391738095238,-0.0017505944960008,48.49569144069382,-0.0120426106202124,-0.0037733833666384,0.2559983745879556,-0.0779468900641461,-1.1804214429416369,-1.620300431296442,0.0,0.310843,0.0,0.0,0.0,0.0,0.333333,0.4713243333333333,0.0,0.5555555,0.0,0.0,0.333333,0.0,0.5,0.0,-0.146612,0.0,0.0,0.0,0.0,-0.146612,-0.0179061666666666,0.0,-0.0179061666666666,0.0,0.0,-0.146612,0.0,0.038915,0.0,-0.0455733139159999,0.0,0.0,0.0,0.0,-0.0488706177959999,-0.0544842403789999,0.0,-0.087525617796,0.0,0.0,-0.0488706177959999,0.0,0.07783,-0.01384015,-0.0830409,0.5333333333333333,3
2025-06-16,0.1208315,0.0021828386335228,2,0.119288,0.122375,0.11026,0.22052,0.2090705,0.0330367359238166,2,1,neutral,0.1387376666666666,0.0513933608152888,0.01332288119,0.0673905555555555,0.0746533855320581,2.0,0.11765,0.0107925833333333,0.0841729727891156,0.0513933608152888,2.5714285714285716,0.1553220867346938,-0.0097452270408163,0.0912301554421768,0.0938447451869733,2.642857142857143,0.17205643792517,-0.001162808780743,0.1031722281746031,0.0809085623910211,2.5,0.1664607238095238,-0.0019805885317018,53.26240908731557,-0.007794917531987,-0.0045776901997082,0.2575700435609879,-0.0774627690371784,-7.748038385286261,-6.567616942344624,0.0,0.8070485000000001,0.0,0.0,0.310843,0.0,0.0,0.6047275,0.0,1.0,0.0,0.980509,0.0,0.0,0.0,0.0,0.1208315,0.0,0.0,0.119288,0.0,0.0,0.1208315,0.0,0.1208315,0.0,0.119288,0.0,0.0,0.0,0.0,0.194439691658,0.0,0.0,0.037079839784,0.0,0.0,0.144935252926,0.0,0.241663,0.0,0.116962957592,0.0,0.0,0.0,0.06041575,0.1208315,0.5,1
2025-06-17,0.1147565,0.0888452539660954,6,-0.015082,0.232681,0.1658166666666666,0.9949,0.1803231666666666,0.0829027694553485,6,4,neutral,-0.006075,0.0467966285126952,0.0190285403083333,0.0725606111111111,0.0784053876807603,2.6666666666666665,0.1613288888888889,0.0663313333333333,0.0800602891156462,0.0467966285126952,2.5714285714285716,0.1310354676870748,0.0020133384353741,0.1055942268707483,0.0787510440134562,2.7857142857142856,0.1782446641156462,-0.0063446051596023,0.0997850948412698,0.0780839148565019,2.566666666666667,0.1662679793650793,-0.0011251735573918,57.29942284766053,-0.0048627371385527,-0.0046346995874771,0.2551567300577795,-0.07752370553397,-0.0502766248867224,7.697761760399539,0.0,0.451494,0.0,0.0,0.0,0.0,0.5,0.7178892,0.0,0.7222221666666666,0.333333,0.310843,0.0,0.0,0.333333,0.0,0.095947,0.0,0.0,0.0,0.0,0.161147,0.1185184,0.0,0.1147565,-0.015082,0.232681,0.0,0.0,-0.015082,0.0,0.043319494818,0.0,0.0,0.0,0.0,0.161147,0.358370811584,0.0,0.5374466716940001,-0.005027328306,0.072327260083,0.0,0.0,-0.005027328306,0.05737825,0.3442695,0.5,4
2025-06-18,0.026,0.0888452539660954,1,0.026,0.026,0.054732,0.054732,0.174992,0.0829027694553485,1,1,neutral,-0.0887565,0.0503757315062532,0.001423032,0.087196,0.0530842652605267,2.0,0.1102695555555555,-0.04741575,0.0704042891156462,0.0503757315062532,2.2857142857142856,0.1251803605442177,-0.0018457338435374,0.0943764309523809,0.0780516011951698,2.5714285714285716,0.1637084039115646,-0.0060652671585557,0.0994628615079365,0.0783770352813298,2.533333333333333,0.1633015571428571,-0.0020434001848614,43.439076829375715,-0.0095903176075221,-0.0056258231914861,0.2447230221846573,-0.0820205176608478,-0.7734333131456606,-0.7231566882589381,0.0,0.0,0.0,0.0,0.0,0.0,0.0,0.0,0.0,1.0,0.0,0.495866,0.0,0.0,0.0,0.0,0.0,0.0,0.0,0.0,0.0,0.0,0.0,0.0,0.026,0.0,0.026,0.0,0.0,0.0,0.0,0.0,0.0,0.0,0.0,0.0,0.0,0.0,0.0,0.026,0.0,0.0128925159999999,0.0,0.0,0.0,0.013,0.013,0.5,1
2025-06-19,0.091241,0.0890784838667565,2,0.028253,0.154229,0.0853195,0.170639,0.1307229999999999,0.0373762502399585,2,2,neutral,0.065241,0.050881657989123,0.0077846364995,0.0773325,0.0459838433827574,2.3333333333333335,0.1019560555555555,-0.0117577499999999,0.0718708605442177,0.050881657989123,2.4285714285714284,0.1054371462585034,0.0018968724489795,0.0953102574829932,0.0779208536124017,2.5,0.1575515518707483,-0.0066892136159079,0.0971498281746031,0.0775289182825917,2.566666666666667,0.1643893738095238,-0.0016745883251231,50.56487377068534,-0.00798056213569,-0.0060967709803268,0.2451522579765263,-0.0817059867860501,2.509269230769231,3.2827025439148914,0.0,0.576289,0.0,0.0,0.0,0.0,0.0,0.1612785,0.0,1.0,0.0,0.614606,0.0,0.0,0.0,0.0,0.028253,0.0,0.0,0.0,0.0,0.0,0.091241,0.0,0.091241,0.0,0.028253,0.0,0.0,0.0,0.0,0.016281893117,0.0,0.0,0.0,0.0,0.0,0.022741160625,0.0,0.182482,0.0,0.017364463318,0.0,0.0,0.0,0.0456205,0.091241,0.5,2
2025-06-20,0.0588138,0.0911916330218951,5,-0.058989,0.197365,0.2533788,1.266894,0.076997,0.0976896092427439,5,3,neutral,-0.0324271999999999,0.0511221866897967,0.01490217006744,0.0586849333333333,0.0326206909064368,2.0,0.1311434333333333,0.0164069,0.0704261380952381,0.0511221866897967,2.2857142857142856,0.1303138523809523,7.732976190475087e-05,0.092317300340136,0.0784998488340923,2.5,0.1661451804421768,-0.0075537846258503,0.0985347048412698,0.0764158744412819,2.6,0.1707667504761904,-0.0024728301472535,48.204878918548616,-0.0092151956894136,-0.0067204559221442,0.2444841372902013,-0.0830115146711537,-0.355401628653785,-2.864670859423016,0.0,0.890401,0.0,0.158519,0.0,0.0,0.0,0.384639,0.0,0.7,0.0,0.0,0.0,0.0,0.5,0.0,0.197365,0.0,0.197365,0.0,0.0,0.0,0.024176,0.0,0.0588138,0.0,0.0,0.0,0.0,0.0518976666666666,0.0,0.175733993365,0.0,0.031286102435,0.0,0.0,0.0,0.051459865992,0.0,0.2162224999999999,0.0,0.0,0.0,0.0,0.0778465,0.0294069,0.1470345,0.5,3
2025-06-23,0.0404228333333333,0.0939990967944196,6,-0.116485,0.16454,0.2833143333333333,1.699886,0.1312741666666666,0.0797944270194771,6,3,neutral,-0.0183909666666666,0.0504251055127957,0.0114523680772777,0.0634925444444444,0.0257301283133713,2.6666666666666665,0.2073375444444445,-0.0254090833333333,0.0620227809523809,0.0504251055127957,2.4285714285714284,0.1658187571428571,0.0009798607142857,0.0721441693877551,0.0429318023271803,2.5,0.1546765852040816,-0.0014366144636316,0.0960877992857143,0.0770815987890431,2.6333333333333333,0.1747184504761904,-0.0027422606531066,35.34158764168585,-0.011544570030118,-0.007685278743739,0.2442318591970068,-0.0809721532446259,-0.3126981536079402,0.0427034750458448,0.0,0.890401,0.0,0.0,0.0,0.0,0.0,0.223264,0.0,1.0,0.0,0.0,0.0,0.0,0.0,0.0,0.16454,0.0,0.0,0.0,0.0,0.0,0.01949925,0.0,0.0404228333333333,0.0,0.0,0.0,0.0,0.0,0.0,0.14650658054,0.0,0.0,0.0,0.0,0.0,0.038621293743,0.0,0.242537,0.0,0.0,0.0,0.0,0.0,0.0202114166666666,0.1212685,0.5,3
2025-06-24,0.1761105,0.1524557575577256,2,0.068308,0.283913,0.2845129999999999,0.5690259999999999,0.249981,0.0771411071867652,2,2,bullish,0.1356876666666666,0.0524500131682249,0.0501057266864999,0.0917823777777777,0.0736069362348285,2.6666666666666665,0.2737353777777778,0.05864835,0.0897394476190476,0.0524500131682249,2.2857142857142856,0.1767620428571428,0.0017851238095237,0.0809953887755102,0.0505926143291329,2.4285714285714284,0.1661235647959183,0.0008761353950811,0.0948680826190476,0.0754448286300117,2.6333333333333333,0.1747636838095237,-0.0014217492976322,57.479436108837696,-0.0024139312295416,-0.0066310092408995,0.2546967756812111,-0.0762400947288301,3.3567084609770887,3.669406614585029,0.0,0.769861,0.0,0.0,0.0,0.0,0.0,0.579256,0.0,0.5,0.0,0.158519,0.0,0.0,0.5,0.0,0.283913,0.0,0.0,0.0,0.0,0.0,0.1761105,0.0,0.1761105,0.0,0.283913,0.0,0.0,0.1761105,0.0,0.218573546093,0.0,0.0,0.0,0.0,0.0,0.294739128461,0.0,0.1761105,0.0,0.045005604847,0.0,0.0,0.1761105,0.08805525,0.1761105,0.5,2
2025-06-25,0.1023245,0.0979615879457716,8,-0.051079,0.239291,0.239275,1.9142,0.133831,0.0710893321894562,8,3,neutral,-0.073786,0.0510698235198803,0.0244836947375,0.1062859444444444,0.0679305196721319,2.6666666666666665,0.2690341111111111,0.0309508333333333,0.0870955904761904,0.0510698235198803,2.5714285714285716,0.1951927571428571,0.007575244047619,0.085634281632653,0.0492453218324497,2.5714285714285716,0.1752574219387755,4.766861329146657e-05,0.0928964659523809,0.0744099798218998,2.6333333333333333,0.1759967254761904,-0.0009142991212458,53.65943185578008,-0.0011188492194277,-0.0055285772366051,0.2420208609311598,-0.0446976799787788,-0.4189755863506151,-3.775684047327704,0.0,0.5285506666666667,0.0,0.0,0.0,0.333333,0.0,0.3179659999999999,0.0,0.916666625,0.0,0.0,0.0,0.0,0.333333,0.0,0.1127653333333333,0.0,0.0,0.0,0.239291,0.0,0.1023245,0.0,0.1023245,0.0,0.0,0.0,0.0,0.239291,0.0,0.095508487373,0.0,0.0,0.0,0.079763586903,0.0,0.30575343627,0.0,0.659068586903,0.0,0.0,0.0,0.0,0.079763586903,0.05116225,0.409298,0.5,3
2025-06-26,0.0406633333333333,0.0749087660646825,3,-0.00512,0.12711,0.228275,0.684825,0.2013363333333333,0.0759932191733797,3,3,neutral,-0.0616611666666666,0.0520501890326264,0.0092824224166666,0.1063661111111111,0.0678139713096572,2.6666666666666665,0.2506876666666667,-0.0677235833333333,0.0765108523809523,0.0520501890326264,2.4285714285714284,0.2041153761904761,0.0065519178571428,0.0782855707482993,0.047587146345409,2.5,0.1675754219387755,0.0006719383568812,0.0916423937301587,0.074979571176088,2.6333333333333333,0.1772710254761904,-0.0013520523560569,43.89680747234805,-0.0050102720426054,-0.0054249161978052,0.2313544182291159,-0.0482698182291159,-0.6026041335815632,-0.183628547230948,0.0,0.108179,0.0,0.0,0.0,0.0,0.0,0.6606415,0.310843,1.0,0.0,0.0,0.0,0.0,0.0,0.0,0.12711,0.0,0.0,0.0,0.0,0.0,0.063555,0.12711,0.0406633333333333,0.0,0.0,0.0,0.0,0.0,0.0,0.01375063269,0.0,0.0,0.0,0.0,0.0,0.12143542827,0.03951125373,0.12199,0.0,0.0,0.0,0.0,0.0,0.019649,0.058947,0.6333333333333333,3
