date,sentiment_mean,sentiment_std,sentiment_count,sentiment_min,sentiment_max,relevance_mean,relevance_sum,overall_sentiment_mean,overall_sentiment_std,source_count,article_count,sentiment_polarity,sentiment_momentum,sentiment_volatility,weighted_sentiment,sentiment_ma_3d,sentiment_std_3d,article_count_ma_3d,relevance_ma_3d,sentiment_trend_3d,sentiment_ma_7d,sentiment_std_7d,article_count_ma_7d,relevance_ma_7d,sentiment_trend_7d,sentiment_ma_14d,sentiment_std_14d,article_count_ma_14d,relevance_ma_14d,sentiment_trend_14d,sentiment_ma_30d,sentiment_std_30d,article_count_ma_30d,relevance_ma_30d,sentiment_trend_30d,sentiment_rsi,sentiment_macd,sentiment_macd_signal,sentiment_bb_upper,sentiment_bb_lower,sentiment_rate_of_change,sentiment_acceleration,Blockchain_relevance_score,Earnings_relevance_score,Economy - Fiscal_relevance_score,Economy - Macro_relevance_score,Economy - Monetary_relevance_score,Energy & Transportation_relevance_score,Finance_relevance_score,Financial Markets_relevance_score,IPO_relevance_score,Life Sciences_relevance_score,Manufacturing_relevance_score,Mergers & Acquisitions_relevance_score,Real Estate & Construction_relevance_score,Retail & Wholesale_relevance_score,Technology_relevance_score,Blockchain_sentiment_score,Earnings_sentiment_score,Economy - Fiscal_sentiment_score,Economy - Macro_sentiment_score,Economy - Monetary_sentiment_score,Energy & Transportation_sentiment_score,Finance_sentiment_score,Financial Markets_sentiment_score,IPO_sentiment_score,Life Sciences_sentiment_score,Manufacturing_sentiment_score,Mergers & Acquisitions_sentiment_score,Real Estate & Construction_sentiment_score,Retail & Wholesale_sentiment_score,Technology_sentiment_score,Blockchain_weighted_sentiment,Earnings_weighted_sentiment,Economy - Fiscal_weighted_sentiment,Economy - Macro_weighted_sentiment,Economy - Monetary_weighted_sentiment,Energy & Transportation_weighted_sentiment,Finance_weighted_sentiment,Financial Markets_weighted_sentiment,IPO_weighted_sentiment,Life Sciences_weighted_sentiment,Manufacturing_weighted_sentiment,Mergers & Acquisitions_weighted_sentiment,Real Estate & Construction_weighted_sentiment,Retail & Wholesale_weighted_sentiment,Technology_weighted_sentiment,weighted_sentiment_mean,weighted_sentiment_sum,avg_source_weight,unique_sources
2024-01-01,0.16971875,0.198253411357577,4,0.058098,0.466601,0.22523175,0.900927,0.26183,0.0382975897675036,3,4,bullish,0.0,0.198253411357577,0.0382260510703125,0.16971875,0.198253411357577,4.0,0.22523175,0.0,0.16971875,0.198253411357577,4.0,0.22523175,0.0,0.16971875,0.198253411357577,4.0,0.22523175,0.0,0.16971875,0.198253411357577,4.0,0.22523175,0.0,50.0,0.0,0.0,0.5662255727151541,-0.226788072715154,0.0,0.0,0.0,0.0,0.0,0.0,0.0,0.0,0.0,0.0,0.0,0.0,0.0,0.0,0.0,0.0,0.0,0.0,0.0,0.0,0.0,0.0,0.0,0.0,0.0,0.0,0.0,0.0,0.0,0.0,0.0,0.0,0.0,0.0,0.0,0.0,0.0,0.0,0.0,0.0,0.0,0.0,0.0,0.0,0.0,0.0,0.0,0.0382260510703125,0.15290420428125,0.22523175,3
2024-01-02,0.07103875,0.1047418458731593,4,-0.070391,0.182644,0.154547,0.6181880000000001,0.1961655,0.0909936406001357,3,4,neutral,-0.09868,0.1514976286153682,0.01097882569625,0.12037875,0.1514976286153682,4.0,0.189889375,0.0,0.12037875,0.1514976286153682,4.0,0.189889375,0.0,0.12037875,0.1514976286153682,4.0,0.189889375,0.0,0.12037875,0.1514976286153682,4.0,0.189889375,0.0,50.0,0.0,0.0,0.4233740072307363,-0.1826165072307363,-0.5814325170318542,0.0,0.0,0.0,0.0,0.0,0.0,0.0,0.0,0.0,0.0,0.0,0.0,0.0,0.0,0.0,0.0,0.0,0.0,0.0,0.0,0.0,0.0,0.0,0.0,0.0,0.0,0.0,0.0,0.0,0.0,0.0,0.0,0.0,0.0,0.0,0.0,0.0,0.0,0.0,0.0,0.0,0.0,0.0,0.0,0.0,0.0,0.01097882569625,0.043915302785,0.154547,3
2024-01-03,0.1546044666666666,0.2151046339345663,15,-0.282834,0.597362,0.3824140666666666,5.736211,0.1444838666666666,0.1635322262691741,10,15,bullish,0.0835657166666666,0.1726999637217675,0.0591229228228311,0.1317873222222222,0.1726999637217675,7.666666666666667,0.2540642722222222,0.0,0.1317873222222222,0.1726999637217675,7.666666666666667,0.2540642722222222,0.0,0.1317873222222222,0.1726999637217675,7.666666666666667,0.2540642722222222,0.0,0.1317873222222222,0.1726999637217675,7.666666666666667,0.2540642722222222,0.0,50.0,0.0,0.0,0.4771872496657574,-0.2136126052213129,1.1763399083833352,0.1822457166666666,0.0,0.0,0.0,0.0,0.0,0.0,0.0,0.0,0.0,0.0,0.0,0.0,0.0,0.0,0.0,0.0,0.0,0.0,0.0,0.0,0.0,0.0,0.0,0.0,0.0,0.0,0.0,0.0,0.0,0.0,0.0,0.0,0.0,0.0,0.0,0.0,0.0,0.0,0.0,0.0,0.0,0.0,0.0,0.0,0.0,0.0591229228228311,0.8868438423424666,0.3824140666666666,10
2024-01-04,0.3117997333333333,0.2265260055236379,15,-0.106076,0.604151,0.5086648666666667,7.629973,0.2541289333333333,0.0993631249130945,8,15,bullish,0.1571952666666666,0.1861564741722352,0.1586015697827022,0.17914765,0.1821241617771212,11.333333333333334,0.3485419777777778,0.1420809833333333,0.176790425,0.1861564741722352,9.5,0.3177144208333333,0.0,0.176790425,0.1861564741722352,9.5,0.3177144208333333,0.0,0.176790425,0.1861564741722352,9.5,0.3177144208333333,0.0,50.0,0.0,0.0,0.5491033733444703,-0.1955225233444703,1.0167576012249753,0.07362955,0.0,0.0,0.0,0.0,0.0,0.0,0.0,0.0,0.0,0.0,0.0,0.0,0.0,0.0,0.0,0.0,0.0,0.0,0.0,0.0,0.0,0.0,0.0,0.0,0.0,0.0,0.0,0.0,0.0,0.0,0.0,0.0,0.0,0.0,0.0,0.0,0.0,0.0,0.0,0.0,0.0,0.0,0.0,0.0,0.0,0.1586015697827022,2.379023546740533,0.5086648666666667,8
2024-01-05,0.0745946470588235,0.2765153073886555,17,-0.83962,0.55775,0.2919984117647058,4.963973,0.1350342352941176,0.1686660365646894,10,17,neutral,-0.2372050862745098,0.2042282408155192,0.0217815184673252,0.1803329490196078,0.2393819822822866,15.666666666666666,0.3943591150326797,0.0035558970588235,0.1563512694117647,0.2042282408155192,11.0,0.3125712190196078,0.0,0.1563512694117647,0.2042282408155192,11.0,0.3125712190196078,0.0,0.1563512694117647,0.2042282408155192,11.0,0.3125712190196078,0.0,50.0,0.0,0.0,0.5648077510428032,-0.2521052122192737,-0.760761029968306,-0.3944003529411765,0.0,0.0,0.0,0.0,0.0,0.0,0.0,0.0,0.0,0.0,0.0,0.0,0.0,0.0,0.0,0.0,0.0,0.0,0.0,0.0,0.0,0.0,0.0,0.0,0.0,0.0,0.0,0.0,0.0,0.0,0.0,0.0,0.0,0.0,0.0,0.0,0.0,0.0,0.0,0.0,0.0,0.0,0.0,0.0,0.0,0.0217815184673252,0.3702858139445293,0.2919984117647058,10
2024-01-06,0.0971674999999999,0.0242304280709194,2,0.080034,0.114301,0.1177595,0.235519,0.157098,0.1031117250461847,1,2,neutral,0.0225728529411764,0.1694236441581877,0.01144239621625,0.1611872934640522,0.1757572469944043,11.333333333333334,0.3061409261437908,-0.0574369666666666,0.1464873078431372,0.1742286053580859,9.5,0.2801025991830065,0.0,0.1464873078431372,0.1742286053580859,9.5,0.2801025991830065,0.0,0.1464873078431372,0.1742286053580859,9.5,0.2801025991830065,0.0,50.0,0.0,0.0,0.4949445185593091,-0.2019699028730346,0.3026068736993428,0.2597779392156862,0.0,0.0,0.0,0.0,0.0,0.0,0.0,0.0,0.0,0.0,0.0,0.0,0.0,0.0,0.0,0.0,0.0,0.0,0.0,0.0,0.0,0.0,0.0,0.0,0.0,0.0,0.0,0.0,0.0,0.0,0.0,0.0,0.0,0.0,0.0,0.0,0.0,0.0,0.0,0.0,0.0,0.0,0.0,0.0,0.0,0.01144239621625,0.0228847924325,0.1177595,1
2024-01-07,0.117667,0.0266543514458709,3,0.098082,0.148021,0.0635793333333333,0.190738,0.2296926666666666,0.04937119020576,3,3,neutral,0.0204995,0.15380614527273,0.0074811894153333,0.0964763823529411,0.1091333623018152,7.333333333333333,0.1577790816993464,-0.1941327333333333,0.1423701210084033,0.1531465690849123,8.571428571428571,0.2491707040616246,0.0,0.1423701210084033,0.1531465690849123,8.571428571428571,0.2491707040616246,0.0,0.1423701210084033,0.1531465690849123,8.571428571428571,0.2491707040616246,0.0,50.0,0.0,0.0,0.4486632591782281,-0.1639230171614213,0.2109707463915406,-0.0020733529411764,0.0,0.0,0.0,0.0,0.0,0.0,0.0,0.0,0.0,0.0,0.0,0.0,0.0,0.0,0.0,0.0,0.0,0.0,0.0,0.0,0.0,0.0,0.0,0.0,0.0,0.0,0.0,0.0,0.0,0.0,0.0,0.0,0.0,0.0,0.0,0.0,0.0,0.0,0.0,0.0,0.0,0.0,0.0,0.0,0.0,0.0074811894153333,0.022443568246,0.0635793333333333,3
2024-01-08,0.215543875,0.159272335713248,8,-0.099994,0.370763,0.46025875,3.68207,0.224420875,0.082437678620948,3,8,bullish,0.0978768749999999,0.1426396856284663,0.0992059544776562,0.1434594583333333,0.0700523717433461,4.333333333333333,0.2138658611111111,0.1409492279411764,0.1489165674369748,0.1475778439928654,9.142857142857142,0.2827459897759103,0.0458251249999999,0.1515168402573529,0.1539122899134543,8.5,0.2755567098039215,0.0,0.1515168402573529,0.1539122899134543,8.5,0.2755567098039215,0.0,50.0,0.0,0.0,0.4593414200842616,-0.1563077395695557,0.8318124452905231,0.0773773749999999,0.0,0.0,0.0,0.0,0.0,0.0,0.0,0.0,0.0,0.0,0.0,0.0,0.0,0.0,0.0,0.0,0.0,0.0,0.0,0.0,0.0,0.0,0.0,0.0,0.0,0.0,0.0,0.0,0.0,0.0,0.0,0.0,0.0,0.0,0.0,0.0,0.0,0.0,0.0,0.0,0.0,0.0,0.0,0.0,0.0,0.0992059544776562,0.79364763582125,0.46025875,3
2024-01-09,0.0600758333333333,0.0779727671085659,6,-0.078127,0.15682,0.1836121666666667,1.101673,0.2531716666666666,0.0809464975565136,4,6,neutral,-0.1554680416666666,0.1129290379454519,0.0110306539226388,0.1310955694444444,0.0879664847558949,5.666666666666667,0.23581675,-0.0370916666666666,0.1473504364845938,0.1437536898836377,9.428571428571429,0.286898156442577,-0.0109629166666666,0.1413567283769063,0.1454745651573556,8.222222222222221,0.2653406494553377,0.0,0.1413567283769063,0.1454745651573556,8.222222222222221,0.2653406494553377,0.0,50.0,0.0,0.0,0.4323058586916175,-0.1495924019378049,-0.7212825772324389,-0.2533449166666666,0.0,0.0,0.0,0.0,0.0,0.0,0.0,0.0,0.0,0.0,0.0,0.0,0.0,0.0,0.0,0.0,0.0,0.0,0.0,0.0,0.0,0.0,0.0,0.0,0.0,0.0,0.0,0.0,0.0,0.0,0.0,0.0,0.0,0.0,0.0,0.0,0.0,0.0,0.0,0.0,0.0,0.0,0.0,0.0,0.0,0.0110306539226388,0.0661839235358333,0.1836121666666667,4
2024-01-10,0.1125698,0.1189789297096105,10,-0.136867,0.249228,0.1984575,1.984575,0.1975437,0.1120319603357799,5,10,neutral,0.0524939666666666,0.0814217624096429,0.0223403210835,0.1293965027777777,0.1187413441771415,8.0,0.2807761388888889,-0.0050971999999999,0.1413454841036414,0.1300214464229297,8.714285714285714,0.2606186469187675,-0.0420346666666666,0.1384780355392157,0.1428250016125811,8.4,0.2586523345098039,0.0,0.1384780355392157,0.1428250016125811,8.4,0.2586523345098039,0.0,50.0,0.0,0.0,0.4241280387643779,-0.1471719676859465,0.8737950645711674,0.2079620083333333,0.0,0.0,0.0,0.0,0.0,0.0,0.0,0.0,0.0,0.0,0.0,0.0,0.0,0.0,0.0,0.0,0.0,0.0,0.0,0.0,0.0,0.0,0.0,0.0,0.0,0.0,0.0,0.0,0.0,0.0,0.0,0.0,0.0,0.0,0.0,0.0,0.0,0.0,0.0,0.0,0.0,0.0,0.0,0.0,0.0,0.0223403210835,0.223403210835,0.1984575,5
2024-01-11,0.198407,0.2046624058288836,7,-0.024056,0.487033,0.3913415714285714,2.739391,0.1507618571428571,0.1059561405353312,5,7,bullish,0.0858371999999999,0.1175081579612358,0.0776449071624285,0.1236842111111111,0.13387136754902,7.666666666666667,0.257803746031746,-0.0171368749999999,0.1251465221988795,0.1268980750379648,7.571428571428571,0.2438581761704681,-0.1133927333333333,0.1439261232174688,0.1484465838140631,8.272727272727273,0.27071499241151,0.0,0.1439261232174688,0.1484465838140631,8.272727272727273,0.27071499241151,0.0,50.0,0.0,0.0,0.4408192908455951,-0.1529670444106574,0.7625242294114405,0.0333432333333333,0.0,0.0,0.0,0.0,0.0,0.0,0.0,0.0,0.0,0.0,0.0,0.0,0.0,0.0,0.0,0.0,0.0,0.0,0.0,0.0,0.0,0.0,0.0,0.0,0.0,0.0,0.0,0.0,0.0,0.0,0.0,0.0,0.0,0.0,0.0,0.0,0.0,0.0,0.0,0.0,0.0,0.0,0.0,0.0,0.0,0.0776449071624285,0.543514350137,0.3913415714285714,5
2024-01-12,0.1349045999999999,0.1170434549528507,5,-0.023947,0.262957,0.2203634,1.101817,0.2304958,0.1328657362178074,4,5,neutral,-0.0635024,0.1355859786626317,0.02972803633164,0.1486271333333333,0.1468949301637816,7.333333333333333,0.2700541571428571,0.0748287666666666,0.1337622297619047,0.1041163818328498,5.857142857142857,0.2336246030612245,0.0603099529411764,0.143174329616013,0.1458296564089621,8.0,0.2665190263772175,0.0,0.143174329616013,0.1458296564089621,8.0,0.2665190263772175,0.0,50.0,0.0,0.0,0.4348336424339373,-0.1484849832019111,-0.3200612881601961,-0.1493396,0.0,0.0,0.0,0.0,0.0,0.0,0.0,0.0,0.0,0.0,0.0,0.0,0.0,0.0,0.0,0.0,0.0,0.0,0.0,0.0,0.0,0.0,0.0,0.0,0.0,0.0,0.0,0.0,0.0,0.0,0.0,0.0,0.0,0.0,0.0,0.0,0.0,0.0,0.0,0.0,0.0,0.0,0.0,0.0,0.0,0.02972803633164,0.1486401816582,0.2203634,4
2024-01-13,0.087207,0.0,1,0.087207,0.087207,0.067536,0.067536,0.139222,0.0,1,1,neutral,-0.0476975999999999,0.1296643893999777,0.005889611952,0.1401728666666666,0.1608529303908671,4.333333333333333,0.2264136571428571,-0.0253628,0.1323393011904761,0.1174307074598382,5.714285714285714,0.2264498173469387,-0.0099604999999999,0.1388691504147813,0.1458296564089621,7.461538461538462,0.2512126397328162,0.0,0.1388691504147813,0.1458296564089621,7.461538461538462,0.2512126397328162,0.0,50.0,0.0,0.0,0.4305284632327055,-0.1527901624031429,-0.3535654084441894,0.0158048,0.0,0.0,0.0,0.0,0.0,0.0,0.0,0.0,0.0,0.0,0.0,0.0,0.0,0.0,0.0,0.0,0.0,0.0,0.0,0.0,0.0,0.0,0.0,0.0,0.0,0.0,0.0,0.0,0.0,0.0,0.0,0.0,0.0,0.0,0.0,0.0,0.0,0.0,0.0,0.0,0.0,0.0,0.0,0.0,0.0,0.005889611952,0.005889611952,0.067536,1
2024-01-14,0.116506,0.0597151676712039,2,0.074281,0.158731,0.037334,0.074668,0.225392,0.0488016816103707,2,2,neutral,0.0292989999999999,0.1250999895406372,0.004349635004,0.1128725333333333,0.0883793113120273,2.6666666666666665,0.1084111333333333,-0.081901,0.132173444047619,0.1229408434973938,5.571428571428571,0.2227004840136054,-0.001161,0.1372717825280112,0.1392054649675961,7.071428571428571,0.235935594037615,0.0,0.1372717825280112,0.1392054649675961,7.071428571428571,0.235935594037615,0.0,50.0,0.0,0.0,0.4156827124632034,-0.141139147407181,0.3359707362941047,0.0769965999999999,0.0,0.0,0.0,0.0,0.0,0.0,0.0,0.0,0.0,0.0,0.0,0.0,0.0,0.0,0.0,0.0,0.0,0.0,0.0,0.0,0.0,0.0,0.0,0.0,0.0,0.0,0.0,0.0,0.0,0.0,0.0,0.0,0.0,0.0,0.0,0.0,0.0,0.0,0.0,0.0,0.0,0.0,0.0,0.0,0.0,0.004349635004,0.008699270008,0.037334,2
2024-01-15,0.202614,0.035971936172522,2,0.177178,0.22805,0.1415954999999999,0.2831909999999999,0.297951,0.0723483374238828,2,2,bullish,0.086108,0.1043482411563651,0.028689230637,0.1354423333333333,0.0478435519218629,1.6666666666666667,0.0821551666666666,0.0677094,0.130326319047619,0.1023907769072728,4.714285714285714,0.177177162585034,-0.0129298749999999,0.1396214432422969,0.1267222745687457,6.928571428571429,0.2299615761804722,0.03289525,0.1416279303594771,0.1318316414822336,6.733333333333333,0.2296462544351074,0.0,50.0,0.0,0.0,0.4052912133239444,-0.1220353526049902,0.7390863989837435,0.056809,0.0,0.0,0.0,0.0,0.0,0.0,0.0,0.0,0.0,0.0,0.0,0.0,0.0,0.0,0.0,0.0,0.0,0.0,0.0,0.0,0.0,0.0,0.0,0.0,0.0,0.0,0.0,0.0,0.0,0.0,0.0,0.0,0.0,0.0,0.0,0.0,0.0,0.0,0.0,0.0,0.0,0.0,0.0,0.0,0.0,0.028689230637,0.057378461274,0.1415954999999999,2
2024-01-16,0.1081194444444444,0.2714930829174617,9,-0.234266,0.632368,0.3002618888888889,2.702357,0.2189036666666666,0.1709602441468483,4,9,neutral,-0.0944945555555555,0.1210559104285096,0.0324641486145061,0.1424131481481481,0.1223933955870625,4.333333333333333,0.1597304629629629,0.0209124444444444,0.137189692063492,0.1346441628754221,5.142857142857143,0.19384140861678,0.0480436111111111,0.1422700642740429,0.1395492928029228,7.285714285714286,0.2403697825296785,0.0370806944444444,0.1395336499897876,0.1411424042445822,6.875,0.2340597315884687,0.0,50.0,0.0,0.0,0.421818458478952,-0.1427511584993768,-0.4663772274154577,-0.1806025555555555,0.0,0.0,0.0,0.0,0.0,0.0,0.0,0.0,0.0,0.0,0.0,0.0,0.0,0.0,0.0,0.0,0.0,0.0,0.0,0.0,0.0,0.0,0.0,0.0,0.0,0.0,0.0,0.0,0.0,0.0,0.0,0.0,0.0,0.0,0.0,0.0,0.0,0.0,0.0,0.0,0.0,0.0,0.0,0.0,0.0,0.0324641486145061,0.2921773375305556,0.3002618888888889,4
2024-01-17,0.1844700833333333,0.1878288334765838,12,-0.259084,0.392107,0.3461523333333333,4.153828,0.16125275,0.1798023168735976,8,12,bullish,0.0763506388888888,0.1387522550594428,0.0638547497760277,0.1650678425925926,0.1650979508555225,7.666666666666667,0.2626699074074074,0.0679640833333333,0.1474611611111111,0.1461191468365843,5.428571428571429,0.2149406705215419,0.0719002833333333,0.1444033226073762,0.1374511543061549,7.071428571428571,0.2377796587201547,0.0298656166666666,0.1421769695982314,0.1440603060715823,7.176470588235294,0.240653414044049,0.0,50.0,0.0,0.0,0.4302975817413961,-0.1459436425449332,0.706169360018498,0.1708451944444444,0.0,0.0,0.0,0.0,0.0,0.0,0.0,0.0,0.0,0.0,0.0,0.0,0.0,0.0,0.0,0.0,0.0,0.0,0.0,0.0,0.0,0.0,0.0,0.0,0.0,0.0,0.0,0.0,0.0,0.0,0.0,0.0,0.0,0.0,0.0,0.0,0.0,0.0,0.0,0.0,0.0,0.0,0.0,0.0,0.0,0.0638547497760277,0.7662569973123334,0.3461523333333333,8
2024-01-18,0.2309445384615384,0.1696838956568042,13,-0.021858,0.496772,0.3330632307692308,4.329822,0.2075513846153846,0.1140330883994776,7,13,bullish,0.0464744551282051,0.1449385831789151,0.0769191341085088,0.1745113554131054,0.2096686040169499,11.333333333333334,0.3264924843304843,0.0283305384615384,0.1521093808913309,0.1402893951412377,6.285714285714286,0.2066151932844933,0.0325375384615384,0.1386279515451052,0.1330786843163985,6.928571428571429,0.2252366847274807,-0.0808551948717948,0.1471085012017485,0.1455675760471836,7.5,0.2457872927510035,0.0,50.0,0.0,0.0,0.4382436532961157,-0.1440266508926186,0.2519349169709368,-0.0298761837606837,0.0,0.0,0.0,0.0,0.0,0.0,0.0,0.0,0.0,0.0,0.0,0.0,0.0,0.0,0.0,0.0,0.0,0.0,0.0,0.0,0.0,0.0,0.0,0.0,0.0,0.0,0.0,0.0,0.0,0.0,0.0,0.0,0.0,0.0,0.0,0.0,0.0,0.0,0.0,0.0,0.0,0.0,0.0,0.0,0.0,0.0769191341085088,0.9999487434106156,0.3330632307692308,7
2024-01-19,0.0940708333333333,0.1476860908378533,6,-0.121332,0.251301,0.3319148333333333,1.991489,0.2228335,0.0947224740359963,5,6,neutral,-0.1368737051282051,0.162532767812245,0.0312235049673611,0.169828485042735,0.1683996066570804,10.333333333333334,0.3370434658119658,-0.0140486111111111,0.1462759856532356,0.1453965011220715,6.428571428571429,0.2225511123321123,-0.0408337666666666,0.1400191077075702,0.1231687445817214,6.142857142857143,0.2280878576966684,0.0194761862745098,0.1443170449981477,0.1456852713133319,7.421052631578948,0.2503203212027051,0.0,50.0,0.0,0.0,0.4356875876248115,-0.1470534976285161,-0.5926691578852821,-0.1833481602564102,0.0,0.0,0.0,0.0,0.0,0.0,0.0,0.0,0.0,0.0,0.0,0.0,0.0,0.0,0.0,0.0,0.0,0.0,0.0,0.0,0.0,0.0,0.0,0.0,0.0,0.0,0.0,0.0,0.0,0.0,0.0,0.0,0.0,0.0,0.0,0.0,0.0,0.0,0.0,0.0,0.0,0.0,0.0,0.0,0.0,0.0312235049673611,0.1873410298041666,0.3319148333333333,5
2024-01-20,-0.028099,0.0,1,-0.028099,-0.028099,0.042234,0.042234,0.050355,0.0,1,1,neutral,-0.1221698333333333,0.1941729757221757,-0.001186733166,0.0989721239316239,0.1586849932473287,6.666666666666667,0.2357373547008547,-0.2125690833333333,0.1298036999389499,0.1453965011220715,6.428571428571429,0.2189365409035409,-0.115306,0.1310715005647131,0.1314136042909549,6.071428571428571,0.2226931791252398,-0.1252665,0.1356962427482403,0.1456852713133319,7.1,0.2399160051425698,0.0,50.0,0.0,0.0,0.4270667853749041,-0.1556742998784235,-1.2987004473579309,0.0147038717948717,0.0,0.0,0.0,0.0,0.0,0.0,0.0,0.0,0.0,0.0,0.0,0.0,0.0,0.0,0.0,0.0,0.0,0.0,0.0,0.0,0.0,0.0,0.0,0.0,0.0,0.0,0.0,0.0,0.0,0.0,0.0,0.0,0.0,0.0,0.0,0.0,0.0,0.0,0.0,0.0,0.0,0.0,0.0,0.0,0.0,-0.001186733166,-0.001186733166,0.042234,1
2024-01-21,0.0825893333333333,0.0738560316178261,3,0.0,0.142295,0.0594696666666666,0.1784089999999999,0.1467866666666666,0.1587655521589407,3,3,neutral,0.1106883333333333,0.1447637128972669,0.0049115601235555,0.0495203888888889,0.1107710612278397,3.3333333333333335,0.1445395,-0.1483552051282051,0.1249584618437118,0.1477533117798418,6.571428571428571,0.2220987789987789,-0.0339166666666666,0.1285659529456654,0.1353470776386178,6.071428571428571,0.2223996315061922,-0.0350776666666666,0.1331673422999114,0.1419047850135684,6.904761904761905,0.231323322358003,0.0,50.0,0.0,0.0,0.4088883834593763,-0.1462088396295623,-3.939226781498749,0.2328581666666666,0.0,0.0,0.0,0.0,0.0,0.0,0.0,0.0,0.0,0.0,0.0,0.0,0.0,0.0,0.0,0.0,0.0,0.0,0.0,0.0,0.0,0.0,0.0,0.0,0.0,0.0,0.0,0.0,0.0,0.0,0.0,0.0,0.0,0.0,0.0,0.0,0.0,0.0,0.0,0.0,0.0,0.0,0.0,0.0,0.0,0.0049115601235555,0.0147346803706666,0.0594696666666666,3
2024-01-22,0.1566777857142857,0.2833509964036663,14,-0.636957,0.480478,0.3630285,5.082399,0.172124,0.1510769908602386,9,14,bullish,0.0740884523809524,0.1686442536290375,0.0568785015311785,0.070389373015873,0.1786035140107462,6.0,0.1549107222222222,0.0626069523809523,0.1183961455171812,0.1889831551516992,8.285714285714286,0.2537320647130647,-0.0459362142857142,0.1243612322824001,0.145686966029486,6.5,0.2154546136490493,-0.0588660892857142,0.1342359988187466,0.1489770955830733,7.227272727272728,0.2373099213417301,0.0,50.0,0.0,0.0,0.4330157964151468,-0.1617723490139043,0.8970704737611683,-0.0365998809523809,0.0,0.0,0.0,0.0,0.0,0.0,0.0,0.0,0.0,0.0,0.0,0.0,0.0,0.0,0.0,0.0,0.0,0.0,0.0,0.0,0.0,0.0,0.0,0.0,0.0,0.0,0.0,0.0,0.0,0.0,0.0,0.0,0.0,0.0,0.0,0.0,0.0,0.0,0.0,0.0,0.0,0.0,0.0,0.0,0.0,0.0568785015311785,0.7962990214365,0.3630285,9
2024-01-23,0.1745083666666666,0.175134661266101,30,-0.161812,0.621095,0.3769437,11.308311,0.1495289666666666,0.1272895709961274,9,30,bullish,0.0178305809523809,0.1700069450313617,0.0657798294122899,0.1379251619047619,0.1774472297625311,15.666666666666666,0.2664806222222222,0.2026073666666666,0.127880277263213,0.1729234182098058,11.285714285714286,0.2646866091575091,0.0663889222222222,0.1325349846633525,0.1537837905426139,8.214285714285714,0.2292640088871446,0.1144325333333333,0.1359869713338735,0.1502226939489318,8.217391304347826,0.2433809551964375,0.0,50.0,0.0,0.0,0.429569883340873,-0.1563360459396303,0.1138041418640956,-0.0562578714285714,0.0,0.0,0.0,0.0,0.0,0.0,0.0,0.0,0.0,0.0,0.0,0.0,0.0,0.0,0.0,0.0,0.0,0.0,0.0,0.0,0.0,0.0,0.0,0.0,0.0,0.0,0.0,0.0,0.0,0.0,0.0,0.0,0.0,0.0,0.0,0.0,0.0,0.0,0.0,0.0,0.0,0.0,0.0,0.0,0.0,0.0657798294122899,1.9733948823687,0.3769437,9
2024-01-24,0.2413219629629629,0.2070202419921747,27,-0.10551,0.559093,0.3617721111111111,9.767847,0.1883485185185185,0.1238954473275351,9,27,bullish,0.0668135962962963,0.184840482819942,0.0873035559985884,0.1908360384479718,0.221835299887314,23.666666666666668,0.3672481037037037,0.1587326296296296,0.13600197435316,0.1761219862957376,13.428571428571429,0.266918005982906,0.0568518796296296,0.1417315677321356,0.1611205665661609,9.428571428571429,0.2409293382522239,0.1287521629629629,0.1403759293184189,0.1528044006781701,9.0,0.2483139200262156,0.0,50.0,0.0,0.0,0.423878687763303,-0.1576926273990974,0.3828675814949251,0.0489830153439153,0.0,0.0,0.0,0.0,0.0,0.0,0.0,0.0,0.0,0.0,0.0,0.0,0.0,0.0,0.0,0.0,0.0,0.0,0.0,0.0,0.0,0.0,0.0,0.0,0.0,0.0,0.0,0.0,0.0,0.0,0.0,0.0,0.0,0.0,0.0,0.0,0.0,0.0,0.0,0.0,0.0,0.0,0.0,0.0,0.0,0.0873035559985884,2.357196011961889,0.3617721111111111,9
2024-01-25,0.13939,0.1867731815147529,8,-0.126805,0.417058,0.269548375,2.156387,0.171462125,0.0818668153535057,5,8,neutral,-0.1019319629629629,0.1852270225589042,0.03757234799125,0.1850734432098765,0.1896426949243429,21.666666666666668,0.336088062037037,-0.0172877857142857,0.1229227545729403,0.1789702006053957,12.714285714285714,0.2578444551587301,-0.0915545384615384,0.1375160677321356,0.1596297978733167,9.5,0.2322298242216117,-0.0590169999999999,0.1403364921456822,0.1542813041928041,8.96,0.2491632982251669,0.0,50.0,0.0,0.0,0.4171471080910393,-0.1444815124327161,-0.4223899130913625,-0.1687455592592592,0.0,0.0,0.0,0.0,0.0,0.0,0.0,0.0,0.0,0.0,0.0,0.0,0.0,0.0,0.0,0.0,0.0,0.0,0.0,0.0,0.0,0.0,0.0,0.0,0.0,0.0,0.0,0.0,0.0,0.0,0.0,0.0,0.0,0.0,0.0,0.0,0.0,0.0,0.0,0.0,0.0,0.0,0.0,0.0,0.0,0.03757234799125,0.30057878393,0.269548375,5
2024-01-26,0.150872,0.2387392409471053,6,-0.125193,0.509982,0.1253196666666666,0.751918,0.2392526666666666,0.0994868449548314,4,6,bullish,0.0114819999999999,0.21820366442476,0.0189072287493333,0.1771946543209877,0.2108442214846776,13.666666666666666,0.2522133842592592,-0.0236363666666666,0.1310372069538926,0.1941457256236044,12.714285714285714,0.2283308599206349,0.0568011666666666,0.1386565963035641,0.1697711133728379,9.571428571428571,0.2254409861263736,0.0159674,0.1407417039862329,0.1578003848909,8.846153846153847,0.2444000816267631,0.0,50.0,0.0,0.0,0.4436666456328377,-0.1656305999745145,0.0823731975034076,0.1134139629629629,0.0,0.0,0.0,0.0,0.0,0.0,0.0,0.0,0.0,0.0,0.0,0.0,0.0,0.0,0.0,0.0,0.0,0.0,0.0,0.0,0.0,0.0,0.0,0.0,0.0,0.0,0.0,0.0,0.0,0.0,0.0,0.0,0.0,0.0,0.0,0.0,0.0,0.0,0.0,0.0,0.0,0.0,0.0,0.0,0.0,0.0189072287493333,0.113443372496,0.1253196666666666,4
2024-01-27,0.1866733333333333,0.1415767874841541,3,0.089459,0.349105,0.1655156666666666,0.4965469999999999,0.2853236666666667,0.082138634663192,1,3,bullish,0.0358013333333333,0.1898488226408576,0.0308973612155555,0.1589784444444444,0.1890297366486707,5.666666666666667,0.1867945694444444,-0.0546486296296296,0.1617189688586545,0.1866358773179686,13.0,0.2459425265873015,0.2147723333333333,0.1457613343988022,0.1676023190737084,9.714285714285714,0.2324395337454212,0.0994663333333333,0.1424428754435329,0.1571514409946302,8.62962962962963,0.241478436628241,0.0,50.0,-0.03289525,-0.03289525,0.4598861218593137,-0.1749494428676571,0.2372960743765133,0.0243193333333333,0.0,0.0,0.0,0.0,0.0,0.0,0.0,0.0,0.0,0.0,0.0,0.0,0.0,0.0,0.0,0.0,0.0,0.0,0.0,0.0,0.0,0.0,0.0,0.0,0.0,0.0,0.0,0.0,0.0,0.0,0.0,0.0,0.0,0.0,0.0,0.0,0.0,0.0,0.0,0.0,0.0,0.0,0.0,0.0,0.0,0.0308973612155555,0.0926920836466666,0.1655156666666666,1
2024-01-29,0.1517615,0.1275361870585308,8,-0.008619,0.357658,0.220164125,1.761313,0.254797875,0.1211363287120725,6,8,bullish,-0.0349118333333333,0.1803291277993435,0.0334124378561875,0.1631022777777777,0.16928407182993,5.666666666666667,0.1703331527777778,0.0123714999999999,0.1716007069538926,0.194304470952355,13.714285714285714,0.2688988777777777,0.0691721666666666,0.1482795843988022,0.1728193205650412,10.142857142857142,0.2454988283882783,0.0352554999999999,0.1427756834634067,0.1560123927663186,8.607142857142858,0.2407172112129467,0.0,50.0,-0.0370806944444444,-0.0349879722222222,0.4531707643699006,-0.1746123228782441,-0.1870209992500268,-0.0707131666666666,0.0,0.0,0.0,0.0,0.0,0.0,0.0,0.0,0.0,0.0,0.0,0.0,0.0,0.0,0.0,0.0,0.0,0.0,0.0,0.0,0.0,0.0,0.0,0.0,0.0,0.0,0.0,0.0,0.0,0.0,0.0,0.0,0.0,0.0,0.0,0.0,0.0,0.0,0.0,0.0,0.0,0.0,0.0,0.0,0.0,0.0334124378561875,0.2672995028495,0.220164125,6
2024-01-30,0.2939496363636363,0.2250033296274847,11,0.06848,0.623448,0.3218018181818182,3.53982,0.2665834545454545,0.1492987673936819,5,11,bullish,0.1421881363636363,0.1839257453264056,0.0945935274357024,0.2107948232323232,0.1647054347233898,7.333333333333333,0.2358272032828282,0.1430776363636363,0.1912109713323713,0.1859690899843291,13.285714285714286,0.2630093518037518,0.1372718506493506,0.1548035584247762,0.1873601969846537,10.785714285714286,0.2583707082584082,0.0913356363636363,0.1479885783910008,0.1585676126500655,8.689655172413794,0.2435132321429078,0.0,50.0,-0.0298656166666666,-0.0332805203703703,0.4812011836901845,-0.1792553618954977,0.9369183644312712,0.1770999696969697,0.0,0.0,0.0,0.0,0.0,0.0,0.0,0.0,0.0,0.0,0.0,0.0,0.0,0.0,0.0,0.0,0.0,0.0,0.0,0.0,0.0,0.0,0.0,0.0,0.0,0.0,0.0,0.0,0.0,0.0,0.0,0.0,0.0,0.0,0.0,0.0,0.0,0.0,0.0,0.0,0.0,0.0,0.0,0.0,0.0,0.0945935274357024,1.0405288017927274,0.3218018181818182,5
2024-01-31,0.303448625,0.1827048287828035,8,0.089581,0.559235,0.408822875,3.270583,0.321463,0.0779409244638894,5,8,bullish,0.0094989886363636,0.1831120747800157,0.1240567392872968,0.2497199204545454,0.1784147818229396,9.0,0.3169296060606061,0.1167752916666667,0.2096310082371332,0.1870505424867151,10.142857142857142,0.2675635196608946,0.1289402583333333,0.1687556427501731,0.1805303312819877,10.714285714285714,0.2661250644092019,0.1953291805555555,0.1531705799446341,0.1594296560833776,8.666666666666666,0.2490235535714775,0.0,50.0,0.0808551948717948,-0.004746591559829,0.4978257803927615,-0.1767920760980747,0.032315020878654,-0.1326891477272727,0.0,0.0,0.0,0.0,0.0,0.0,0.0,0.0,0.0,0.0,0.0,0.0,0.0,0.0,0.0,0.0,0.0,0.0,0.0,0.0,0.0,0.0,0.0,0.0,0.0,0.0,0.0,0.0,0.0,0.0,0.0,0.0,0.0,0.0,0.0,0.0,0.0,0.0,0.0,0.0,0.0,0.0,0.0,0.0,0.0,0.1240567392872968,0.992453914298375,0.408822875,5
2024-02-01,0.2491705555555555,0.2857500717524455,9,-0.238385,0.625836,0.3356145555555556,3.020531,0.2716625555555556,0.089915541579461,5,9,bullish,-0.0542780694444444,0.1925142409410837,0.0836252652603086,0.2821896056397306,0.2311527433875778,9.333333333333334,0.3554130829124579,0.0974090555555555,0.2107522357503607,0.1982976610238967,7.571428571428571,0.263826726010101,0.0078485925925926,0.1733771050517603,0.1880627342262848,10.5,0.2653723659965035,0.0647004722222222,0.1558189734631526,0.1625545368117658,8.833333333333334,0.2527029804233294,0.0794518055555555,50.0,-0.0194761862745098,-0.0076925105027652,0.5093736988287128,-0.1832636389784704,-0.1788707048662503,-0.0637770580808081,0.0,0.0,0.0,0.0,0.0,0.0,0.0,0.0,0.0,0.0,0.0,0.0,0.0,0.0,0.0,0.0,0.0,0.0,0.0,0.0,0.0,0.0,0.0,0.0,0.0,0.0,0.0,0.0,0.0,0.0,0.0,0.0,0.0,0.0,0.0,0.0,0.0,0.0,0.0,0.0,0.0,0.0,0.0,0.0,0.0,0.0836252652603086,0.7526273873427779,0.3356145555555556,5
2024-02-02,0.06704,0.0357104723225554,5,0.043011,0.130146,0.1073488,0.536744,0.2073674,0.0774345084138848,4,5,neutral,-0.1821305555555555,0.171340977908764,0.007196663552,0.2065530601851851,0.1680551242859348,7.333333333333333,0.2839287435185185,-0.2269096363636363,0.2004165214646464,0.1767172739964399,7.142857142857143,0.2406553581529581,-0.07235,0.1616696380187934,0.1777570862774964,9.928571428571429,0.2492499066558441,-0.1639045384615384,0.155685681796486,0.1600891306135299,8.866666666666667,0.2511297070899961,-0.0039987499999999,50.0,0.1252665,0.0144673245810289,0.49694347075868,-0.1776198709084376,-0.7309473430737982,-0.1278524861111111,0.0,0.0,0.0,0.0,0.0,0.0,0.0,0.0,0.0,0.0,0.0,0.0,0.0,0.0,0.0,0.0,0.0,0.0,0.0,0.0,0.0,0.0,0.0,0.0,0.0,0.0,0.0,0.0,0.0,0.0,0.0,0.0,0.0,0.0,0.0,0.0,0.0,0.0,0.0,0.0,0.0,0.0,0.0,0.0,0.0,0.007196663552,0.03598331776,0.1073488,4
2024-02-03,0.0318031666666666,0.1130609244070057,6,-0.081086,0.218459,0.0718918333333333,0.431351,0.2032446666666666,0.1255389625951507,5,6,neutral,-0.0352368333333333,0.1684459253784589,0.0022863879574722,0.116004574074074,0.1448404894940022,6.666666666666667,0.1716183962962963,-0.2716454583333333,0.1834066881313131,0.1587632287764257,7.142857142857143,0.2330228105339105,-0.1190688333333333,0.1572219475426028,0.175093611936662,9.928571428571429,0.2306768352272727,-0.0622676666666666,0.1515923051298193,0.156444712416117,8.566666666666666,0.2407789659788849,-0.1228013,50.0,0.0350776666666666,0.0174116591646915,0.4883227621436161,-0.1745395456267071,-0.5256090891010343,0.1468937222222222,0.0,0.0,0.0,0.0,0.0,0.0,0.0,0.0,0.0,0.0,0.0,0.0,0.0,0.0,0.0,0.0,0.0,0.0,0.0,0.0,0.0,0.0,0.0,0.0,0.0,0.0,0.0,0.0,0.0,0.0,0.0,0.0,0.0,0.0,0.0,0.0,0.0,0.0,0.0,0.0,0.0,0.0,0.0,0.0,0.0,0.0022863879574722,0.0137183277448333,0.0718918333333333,5
2024-02-05,0.2215762857142857,0.1966698049525293,14,-0.031764,0.547534,0.2983145,4.176403,0.2715773571428571,0.1582108524472749,8,14,bullish,0.189773119047619,0.1627792204434679,0.0660994188847142,0.1068064841269841,0.1151470672273635,8.333333333333334,0.1591850444444444,-0.0275942698412698,0.1883928241857349,0.1666336598433364,8.714285714285714,0.2519940724386724,0.0349029523809523,0.1750558965221947,0.1766347685806525,10.857142857142858,0.248968299512987,0.2496752857142857,0.1485848568758511,0.1553784195385774,8.533333333333333,0.233767287089996,-0.0902234476190476,50.0,0.0588660892857142,0.0225934629298193,0.507992554037891,-0.1837023089495534,5.9671139366924395,0.2250099523809524,0.0,0.0,0.0,0.0,0.0,0.0,0.0,0.0,0.0,0.0,0.0,0.0,0.0,0.0,0.0,0.0,0.0,0.0,0.0,0.0,0.0,0.0,0.0,0.0,0.0,0.0,0.0,0.0,0.0,0.0,0.0,0.0,0.0,0.0,0.0,0.0,0.0,0.0,0.0,0.0,0.0,0.0,0.0,0.0,0.0,0.0660994188847142,0.925391864386,0.2983145,8
2024-02-06,0.1040001,0.1199177717961122,10,-0.10902,0.292074,0.2391332,2.391332,0.2042318,0.1496083836768515,8,10,neutral,-0.1175761857142857,0.1502218090461296,0.02486987671332,0.1191265174603174,0.1432161670518824,10.0,0.2031131777777778,0.0369600999999999,0.1815697670428777,0.165545314805848,9.0,0.2547039402958153,-0.0477613999999999,0.1765852369983852,0.1799248928791015,11.357142857142858,0.2618014090367965,0.0214107666666666,0.1495650386405569,0.1497856504102723,8.3,0.2320051133645058,0.0294054529411764,50.0,-0.1144325333333333,0.0073683522339134,0.5118982627877425,-0.197469407699405,-0.5306352407490745,-0.3073493047619048,0.0,0.0,0.0,0.0,0.0,0.0,0.0,0.0,0.0,0.0,0.0,0.0,0.0,0.0,0.0,0.0,0.0,0.0,0.0,0.0,0.0,0.0,0.0,0.0,0.0,0.0,0.0,0.0,0.0,0.0,0.0,0.0,0.0,0.0,0.0,0.0,0.0,0.0,0.0,0.0,0.0,0.0,0.0,0.0,0.0,0.02486987671332,0.2486987671332,0.2391332,8
2024-02-07,0.032186,0.191201044143331,5,-0.184644,0.254078,0.1269259999999999,0.6346299999999999,0.148998,0.1352570022734497,3,5,neutral,-0.0718140999999999,0.1313120035243067,0.004085240236,0.1192541285714285,0.1692628736306575,9.666666666666666,0.2214579,0.0003828333333333,0.1441749618480725,0.1607164168795403,8.142857142857142,0.2268645376984127,-0.2617636363636363,0.1676929665902219,0.1733427534319347,10.714285714285714,0.2449369447510822,-0.1244917857142857,0.1473989886405569,0.1557488866985727,8.4,0.2323106633645058,-0.0649814999999999,50.0,-0.1287521629629629,-0.0032824158730823,0.4996497970103487,-0.1928142863664556,-0.6905195283466072,0.0457620857142857,0.0,0.0,0.0,0.0,0.0,0.0,0.0,0.0,0.0,0.0,0.0,0.0,0.0,0.0,0.0,0.0,0.0,0.0,0.0,0.0,0.0,0.0,0.0,0.0,0.0,0.0,0.0,0.0,0.0,0.0,0.0,0.0,0.0,0.0,0.0,0.0,0.0,0.0,0.0,0.0,0.0,0.0,0.0,0.0,0.0,0.004085240236,0.02042620118,0.1269259999999999,3
2024-02-08,0.24484525,0.2918548119657843,4,-0.170424,0.459921,0.4762139999999999,1.904856,0.20888525,0.1646300609880123,2,4,bullish,0.21265925,0.1825408714529525,0.1165987358835,0.12701045,0.2009912093017425,6.333333333333333,0.2807577333333333,0.0232689642857142,0.1358030511337868,0.1763092716199662,7.571428571428571,0.2364918412698412,-0.058603375,0.17271702968546,0.1816799070533407,8.857142857142858,0.2520276804653679,0.0703368833333333,0.151638263640557,0.1652203317171411,8.433333333333334,0.2460651522533947,0.12717825,50.0,0.0590169999999999,0.0073951057318558,0.5136186583425453,-0.2007456310319854,6.607197228608711,0.28447335,0.0,0.0,0.0,0.0,0.0,0.0,0.0,0.0,0.0,0.0,0.0,0.0,0.0,0.0,0.0,0.0,0.0,0.0,0.0,0.0,0.0,0.0,0.0,0.0,0.0,0.0,0.0,0.0,0.0,0.0,0.0,0.0,0.0,0.0,0.0,0.0,0.0,0.0,0.0,0.0,0.0,0.0,0.0,0.0,0.0,0.1165987358835,0.466394943534,0.4762139999999999,2
2024-02-09,0.190669,0.1713810791533009,9,0.0,0.510385,0.2073887777777777,1.866499,0.3097937777777778,0.0712736734509625,7,9,bullish,-0.05417625,0.1942049024022115,0.0395426108701111,0.1559000833333333,0.218145645087472,6.0,0.2701762592592592,0.0866689,0.1274456860544217,0.1599708441058027,7.571428571428571,0.2181738730158729,-0.0585015555555555,0.1690989609023912,0.1791342525648497,7.571428571428571,0.241000299512987,-0.0506529629629629,0.1508091011405569,0.1656527868400001,8.466666666666667,0.2376361531793206,-0.0248748749999999,50.0,-0.0159674,0.0089393520281521,0.5117835323138364,-0.2029380588494304,-0.221267310678888,-0.2668355,0.0,0.0,0.0,0.0,0.0,0.0,0.0,0.0,0.0,0.0,0.0,0.0,0.0,0.0,0.0,0.0,0.0,0.0,0.0,0.0,0.0,0.0,0.0,0.0,0.0,0.0,0.0,0.0,0.0,0.0,0.0,0.0,0.0,0.0,0.0,0.0,0.0,0.0,0.0,0.0,0.0,0.0,0.0,0.0,0.0,0.0395426108701111,0.355883497831,0.2073887777777777,7
2024-02-10,0.2442446666666666,0.0173700419208858,3,0.224336,0.256309,0.216773,0.6503190000000001,0.2602166666666666,0.1078310340316429,3,3,bullish,0.0535756666666666,0.1583449497958828,0.0529456491273333,0.2265863055555555,0.1602019776799903,5.333333333333333,0.3001252592592592,0.2120586666666666,0.1527606384353741,0.1573507826198499,7.285714285714286,0.2338059015873015,0.1772046666666666,0.1765885799500103,0.1670340283081449,7.214285714285714,0.2372306298701298,0.1048546666666666,0.1569480622516681,0.163488403797583,8.366666666666667,0.2387415142904317,0.1841688333333333,50.0,-0.0994663333333333,-0.0110963733279731,0.5055747451471382,-0.1817118883493988,0.2809878200791249,0.1077519166666666,0.0,0.0,0.0,0.0,0.0,0.0,0.0,0.0,0.0,0.0,0.0,0.0,0.0,0.0,0.0,0.0,0.0,0.0,0.0,0.0,0.0,0.0,0.0,0.0,0.0,0.0,0.0,0.0,0.0,0.0,0.0,0.0,0.0,0.0,0.0,0.0,0.0,0.0,0.0,0.0,0.0,0.0,0.0,0.0,0.0,0.0529456491273333,0.158836947382,0.216773,3
2024-02-11,0.2230085,0.1530610409624212,2,0.114778,0.331239,0.2673,0.5346,0.2942519999999999,0.0452958461892478,2,2,bullish,-0.0212361666666666,0.1649736036291446,0.0596101720499999,0.2193073888888888,0.113937387345536,4.666666666666667,0.2304872592592592,-0.02183675,0.1800756860544217,0.1630650849849093,6.714285714285714,0.2617213539682539,0.1912053333333333,0.1817411870928674,0.1609141568806675,6.928571428571429,0.2473720822510822,0.0721364999999999,0.160629352251668,0.1647056220566119,8.1,0.2410362642904317,0.1104386999999999,50.0,-0.0352554999999999,-0.0128496304085831,0.5162540584059668,-0.1672804516082275,-0.0869462861010953,-0.0748118333333333,0.0,0.0,0.0,0.0,0.0,0.0,0.0,0.0,0.0,0.0,0.0,0.0,0.0,0.0,0.0,0.0,0.0,0.0,0.0,0.0,0.0,0.0,0.0,0.0,0.0,0.0,0.0,0.0,0.0,0.0,0.0,0.0,0.0,0.0,0.0,0.0,0.0,0.0,0.0,0.0,0.0,0.0,0.0,0.0,0.0,0.0596101720499999,0.1192203440999999,0.2673,2
2024-02-12,0.0978254545454545,0.1241766963666913,22,-0.094922,0.49322,0.1379508181818182,3.034918,0.2217836818181818,0.1105401295119242,10,22,neutral,-0.1251830454545454,0.1515687340738167,0.0134951014935537,0.1883595404040403,0.0982025930833328,9.0,0.2073412727272727,-0.0928435454545454,0.1623969958874458,0.1527089266155038,7.857142857142857,0.2388122565656565,-0.1237508311688311,0.1753949100365903,0.1596712932294201,8.285714285714286,0.2454031645021645,-0.0888478787878788,0.1572766340698499,0.1618311324329622,8.6,0.2325899058488733,-0.1005815454545454,50.0,-0.0913356363636363,-0.0369165344489872,0.5220479309414594,-0.1715507120225079,-0.5613375519522594,-0.1039468787878787,0.0,0.0,0.0,0.0,0.0,0.0,0.0,0.0,0.0,0.0,0.0,0.0,0.0,0.0,0.0,0.0,0.0,0.0,0.0,0.0,0.0,0.0,0.0,0.0,0.0,0.0,0.0,0.0,0.0,0.0,0.0,0.0,0.0,0.0,0.0,0.0,0.0,0.0,0.0,0.0,0.0,0.0,0.0,0.0,0.0,0.0134951014935537,0.2968922328581818,0.1379508181818182,10
2024-02-13,0.036785,0.0786568817005679,8,-0.132099,0.123188,0.14781425,1.182514,0.20645775,0.1184815127239568,5,8,neutral,-0.0610404545454545,0.1089291480207734,0.00543734718625,0.1192063181818181,0.1186315396765601,10.666666666666666,0.1843550227272727,-0.2074596666666666,0.1527948387445887,0.1468145137447118,7.571428571428571,0.2257666922799422,-0.0672151,0.1671823028937333,0.1561799142752799,8.285714285714286,0.2402353162878787,-0.1149765,0.1540059807365165,0.1604601833882378,8.7,0.2301716008488733,-0.0981195999999999,50.0,-0.1953291805555555,-0.0625172952514563,0.4955838801854352,-0.1570759398379124,-0.6239731246747453,0.0641425909090909,0.0,0.0,0.0,0.0,0.0,0.0,0.0,0.0,0.0,0.0,0.0,0.0,0.0,0.0,0.0,0.0,0.0,0.0,0.0,0.0,0.0,0.0,0.0,0.0,0.0,0.0,0.0,0.0,0.0,0.0,0.0,0.0,0.0,0.0,0.0,0.0,0.0,0.0,0.0,0.0,0.0,0.0,0.0,0.0,0.0,0.00543734718625,0.04349877749,0.14781425,5
2024-02-14,0.1767745714285714,0.2140246965033256,14,-0.083609,0.600669,0.3048620714285714,4.268069,0.1828641428571428,0.1407399661344157,8,14,bullish,0.1399895714285714,0.1174578714907784,0.0538918620216122,0.1037950086580086,0.1389527581901949,14.666666666666666,0.1968757132034632,-0.0462339285714285,0.1734503489486703,0.1500750355104253,8.857142857142858,0.2511861310554524,0.1445885714285714,0.1588126553983714,0.1553957261949828,8.5,0.2390253343769325,-0.1171750649350649,0.1569915664508022,0.1623072355646201,9.133333333333333,0.2380824698964923,0.0895675714285714,50.0,-0.0647004722222222,-0.0762469131967826,0.4995861939472529,-0.1608516331235396,3.805615643022195,0.2010300259740259,0.0,0.0,0.0,0.0,0.0,0.0,0.0,0.0,0.0,0.0,0.0,0.0,0.0,0.0,0.0,0.0,0.0,0.0,0.0,0.0,0.0,0.0,0.0,0.0,0.0,0.0,0.0,0.0,0.0,0.0,0.0,0.0,0.0,0.0,0.0,0.0,0.0,0.0,0.0,0.0,0.0,0.0,0.0,0.0,0.0,0.0538918620216122,0.7544860683025714,0.3048620714285714,8
2024-02-15,0.2269995,0.2357088756786945,8,-0.142022,0.529526,0.469689375,3.757515,0.2009615,0.1050849315934496,3,8,bullish,0.0502249285714285,0.1611256382423401,0.1066192532803125,0.1468530238095238,0.176130151294196,10.0,0.3074552321428572,0.1291740454545454,0.1709009560915275,0.1420541874694125,9.428571428571429,0.2502540417697382,-0.01784575,0.1533520036126572,0.1591817295446893,8.5,0.2433729415197897,-0.076449125,0.1606746831174689,0.1683759841166026,9.333333333333334,0.2524943157298257,0.1104935,50.0,0.1639045384615384,-0.0453205718862413,0.5017389341677568,-0.1644366196403397,0.2841185141366487,-0.0897646428571428,0.0,0.0,0.0,0.0,0.0,0.0,0.0,0.0,0.0,0.0,0.0,0.0,0.0,0.0,0.0,0.0,0.0,0.0,0.0,0.0,0.0,0.0,0.0,0.0,0.0,0.0,0.0,0.0,0.0,0.0,0.0,0.0,0.0,0.0,0.0,0.0,0.0,0.0,0.0,0.0,0.0,0.0,0.0,0.0,0.0,0.1066192532803125,0.8529540262425,0.469689375,3
2024-02-16,0.09091625,0.0386639605091097,4,0.034302,0.120219,0.3300995,1.320398,0.14098075,0.1600690775329513,4,4,neutral,-0.13608325,0.1382462221516778,0.030011408666875,0.1648967738095238,0.1627991775637099,8.666666666666666,0.3682169821428571,0.05413125,0.1566505632343846,0.1230945990916709,8.714285714285714,0.2677841449443414,-0.09975275,0.1420481246444032,0.1415327215987368,8.142857142857142,0.2429790089801072,-0.1582543055555555,0.1569514247841356,0.1684688125420022,9.4,0.2587777823964924,-0.11169775,50.0,0.0622676666666666,-0.024096146371838,0.4845043245671924,-0.1520493850397754,-0.5994870032753377,-0.1863081785714285,0.0,0.0,0.0,0.0,0.0,0.0,0.0,0.0,0.0,0.0,0.0,0.0,0.0,0.0,0.0,0.0,0.0,0.0,0.0,0.0,0.0,0.0,0.0,0.0,0.0,0.0,0.0,0.0,0.0,0.0,0.0,0.0,0.0,0.0,0.0,0.0,0.0,0.0,0.0,0.0,0.0,0.0,0.0,0.0,0.0,0.030011408666875,0.1200456346675,0.3300995,4
2024-02-17,0.123056,0.0,1,0.123056,0.123056,0.006936,0.006936,0.160969,0.0,1,1,neutral,0.0321397499999999,0.1417636035979245,0.000853516416,0.1469905833333333,0.1371864180939021,4.333333333333333,0.2689082916666667,-0.0537185714285714,0.139337896567718,0.1407153586201351,8.428571428571429,0.237807430658627,-0.1211886666666666,0.1460492675015461,0.1496728946199815,7.857142857142857,0.2358066661229643,0.0560159999999999,0.1574493099693208,0.1647893743143072,9.133333333333333,0.2490002527668627,0.0149365555555555,50.0,-0.2496752857142857,-0.0583952892289808,0.4747344915624174,-0.1450611520350003,0.3535094111338732,0.1682229999999999,0.0,0.0,0.0,0.0,0.0,0.0,0.0,0.0,0.0,0.0,0.0,0.0,0.0,0.0,0.0,0.0,0.0,0.0,0.0,0.0,0.0,0.0,0.0,0.0,0.0,0.0,0.0,0.0,0.0,0.0,0.0,0.0,0.0,0.0,0.0,0.0,0.0,0.0,0.0,0.0,0.0,0.0,0.0,0.0,0.0,0.000853516416,0.000853516416,0.006936,1
2024-02-19,0.2735403333333333,0.1041422068583786,3,0.155291,0.351597,0.3849849999999999,1.154955,0.2405806666666666,0.0176420285209307,3,3,bullish,0.1504843333333333,0.1481349348873771,0.1053089252283333,0.1625041944444444,0.0714030836837441,2.6666666666666665,0.2406735,0.0465408333333333,0.1465567299010513,0.1325622196027946,8.571428571428571,0.2546195735157699,0.0505318333333333,0.1633162079777365,0.1489868394239333,7.642857142857143,0.2581704637420119,0.2417371666666666,0.1604183183026541,0.1618005662207998,8.833333333333334,0.250294674989085,0.0890702499999999,50.0,-0.0214107666666666,-0.0590001077474993,0.4751373593912831,-0.1367773198638661,1.2228931001603605,0.1183445833333333,0.0,0.0,0.0,0.0,0.0,0.0,0.0,0.0,0.0,0.0,0.0,0.0,0.0,0.0,0.0,0.0,0.0,0.0,0.0,0.0,0.0,0.0,0.0,0.0,0.0,0.0,0.0,0.0,0.0,0.0,0.0,0.0,0.0,0.0,0.0,0.0,0.0,0.0,0.0,0.0,0.0,0.0,0.0,0.0,0.0,0.1053089252283333,0.3159267756849999,0.3849849999999999,3
2024-02-20,0.2894611666666666,0.2645324931817766,6,0.054992,0.777502,0.3914846666666666,2.348908,0.2667445,0.0619086049939747,6,6,bullish,0.0159208333333333,0.1607618840569899,0.1133196083454444,0.2286858333333333,0.1843373500200776,3.3333333333333335,0.2611352222222222,0.1985449166666666,0.1739332602040816,0.1559548524053088,6.285714285714286,0.2908386947278911,0.1916357121212121,0.1681651280457637,0.1542070462107984,7.071428571428571,0.2648254756467739,0.0678848809523809,0.1623688725761584,0.165188016132406,8.6,0.2522420561856662,0.0585166282051281,50.0,0.1244917857142857,-0.0341158722977639,0.4964430065270634,-0.1443130003329797,0.0582028731899377,-0.1345635,0.0,0.0,0.0,0.0,0.0,0.0,0.0,0.0,0.0,0.0,0.0,0.0,0.0,0.0,0.0,0.0,0.0,0.0,0.0,0.0,0.0,0.0,0.0,0.0,0.0,0.0,0.0,0.0,0.0,0.0,0.0,0.0,0.0,0.0,0.0,0.0,0.0,0.0,0.0,0.0,0.0,0.0,0.0,0.0,0.0,0.1133196083454444,0.6799176500726667,0.3914846666666666,6
2024-02-21,0.0407371111111111,0.1947720120085561,9,-0.160012,0.49101,0.2112728888888889,1.901456,0.223377111111111,0.1045465887122153,7,9,neutral,-0.2487240555555555,0.1505276681394552,0.008606647149432,0.2012462037037037,0.1878155706829037,6.0,0.3292475185185185,-0.0823188888888888,0.1744978475056689,0.1753073741233068,6.428571428571429,0.299904214569161,0.0039521111111111,0.1636463431251288,0.1599650646886788,7.0,0.2628354534245516,-0.0632629888888888,0.1605910818354176,0.1668696561742168,8.7,0.248220658037518,-0.0533337222222222,50.0,-0.0703368833333333,-0.0380138037792454,0.4806001363045499,-0.1537913826357187,-0.8592657122880233,-0.2646448888888889,0.0,0.0,0.0,0.0,0.0,0.0,0.0,0.0,0.0,0.0,0.0,0.0,0.0,0.0,0.0,0.0,0.0,0.0,0.0,0.0,0.0,0.0,0.0,0.0,0.0,0.0,0.0,0.0,0.0,0.0,0.0,0.0,0.0,0.0,0.0,0.0,0.0,0.0,0.0,0.0,0.0,0.0,0.0,0.0,0.0,0.008606647149432,0.0774598243448888,0.2112728888888889,7
2024-02-22,-0.0423111,0.167771812102002,20,-0.350328,0.315794,0.3424352,6.848704,0.0006072,0.1369845396146279,15,20,neutral,-0.0830482111111111,0.1828046310376783,-0.01448880999072,0.0959623925925925,0.2090254390974448,11.666666666666666,0.3150642518518519,-0.3158514333333333,0.1431998944444444,0.1675985600564196,7.285714285714286,0.3052718043650793,-0.2190856714285714,0.1583251216965574,0.158162816070115,8.071428571428571,0.2782289677102659,-0.0744971,0.160117345168751,0.1669007649993129,9.333333333333334,0.2582273647041846,-0.0142120999999999,50.0,0.0506529629629629,-0.0222372927429566,0.4617402535618339,-0.1695074723930028,-2.038637714996427,0.1656758444444444,0.0,0.0,0.0,0.0,0.0,0.0,0.0,0.0,0.0,0.0,0.0,0.0,0.0,0.0,0.0,0.0,0.0,0.0,0.0,0.0,0.0,0.0,0.0,0.0,0.0,0.0,0.0,0.0,0.0,0.0,0.0,0.0,0.0,0.0,0.0,0.0,0.0,0.0,0.0,0.0,0.0,0.0,0.0,0.0,0.0,-0.01448880999072,-0.2897761998144,0.3424352,15
2024-02-23,0.1044804444444444,0.2212304656281041,9,-0.144474,0.51676,0.2946972222222222,2.652275,0.1925134444444444,0.1488521421000644,5,9,neutral,0.1467915444444444,0.1904897979557635,0.0307900967543209,0.0343021518518518,0.1945914299128874,12.666666666666666,0.2828017703703704,-0.1849807222222222,0.1256971722222222,0.1651854917146545,7.428571428571429,0.2802729253968254,-0.1225190555555555,0.1482990641568748,0.1527301740441396,8.428571428571429,0.2652634835832818,-0.1403648055555555,0.1608470488724546,0.1719826420341501,9.533333333333331,0.2660682832227032,0.0218911111111111,50.0,-0.1048546666666666,-0.0121845689775245,0.4477142105195056,-0.1699504404617856,-3.469338883754959,0.2298397555555555,0.0,0.0,0.0,0.0,0.0,0.0,0.0,0.0,0.0,0.0,0.0,0.0,0.0,0.0,0.0,0.0,0.0,0.0,0.0,0.0,0.0,0.0,0.0,0.0,0.0,0.0,0.0,0.0,0.0,0.0,0.0,0.0,0.0,0.0,0.0,0.0,0.0,0.0,0.0,0.0,0.0,0.0,0.0,0.0,0.0,0.0307900967543209,0.2771108707888889,0.2946972222222222,5
2024-02-24,0.082687,0.0532309984877233,2,0.045047,0.120327,0.0435845,0.087169,0.321424,0.0020308106755677,2,2,neutral,-0.0217934444444444,0.1803075562816324,0.0036038715514999,0.0482854481481481,0.1474110920726098,10.333333333333334,0.2269056407407408,0.0419498888888888,0.124521565079365,0.1676133313777568,7.142857142857143,0.2393422111111111,-0.00822925,0.1405860641568748,0.1436417063006336,7.928571428571429,0.2535631780277262,-0.107982,0.1583806893486451,0.1640474696922209,9.133333333333333,0.2554201498893699,-0.0739907857142857,50.0,-0.0721364999999999,-0.0130107942861664,0.4503408264316285,-0.1710123563739085,-0.2085887417528427,-0.1685849888888889,0.0,0.0,0.0,0.0,0.0,0.0,0.0,0.0,0.0,0.0,0.0,0.0,0.0,0.0,0.0,0.0,0.0,0.0,0.0,0.0,0.0,0.0,0.0,0.0,0.0,0.0,0.0,0.0,0.0,0.0,0.0,0.0,0.0,0.0,0.0,0.0,0.0,0.0,0.0,0.0,0.0,0.0,0.0,0.0,0.0,0.0036038715514999,0.0072077431029999,0.0435845,2
2024-02-25,-0.0208415,0.1740621123636617,2,-0.143922,0.102239,0.0923219999999999,0.1846439999999999,0.158082,0.0697928535166746,2,2,neutral,-0.1035285,0.1622134801180094,-0.0019241289629999,0.0554419814814814,0.1495078588264964,4.333333333333333,0.1435345740740741,0.0214696,0.1039647793650793,0.1685345858043146,7.285714285714286,0.2515402111111111,-0.1438975,0.1216513379663986,0.1556949424885395,7.857142857142857,0.2446738208848691,-0.2650861666666667,0.1518690271264229,0.1640104852473093,8.2,0.2459327598893698,-0.1953498666666666,50.0,0.0888478787878787,-0.0213504231387953,0.4541297707779432,-0.1800657673868897,-1.2520529224666517,-0.0817350555555555,0.0,0.0,0.0,0.0,0.0,0.0,0.0,0.0,0.0,0.0,0.0,0.0,0.0,0.0,0.0,0.0,0.0,0.0,0.0,0.0,0.0,0.0,0.0,0.0,0.0,0.0,0.0,0.0,0.0,0.0,0.0,0.0,0.0,0.0,0.0,0.0,0.0,0.0,0.0,0.0,0.0,0.0,0.0,0.0,0.0,-0.0019241289629999,-0.0038482579259999,0.0923219999999999,2
2024-02-26,0.1485197058823529,0.2090576247723832,17,-0.294316,0.61363,0.2725388823529411,4.633160999999999,0.1945904705882352,0.1082840036224866,11,17,neutral,0.1693612058823529,0.1650706026707749,0.040477394648564,0.0701217352941176,0.1454502452079227,7.0,0.1361484607843137,0.0440392614379085,0.086104689729225,0.1835225026491724,9.285714285714286,0.2354764800186741,-0.1250206274509804,0.1163307098151381,0.1600023720123827,8.928571428571429,0.245048026767222,-0.074488794117647,0.1487756185570693,0.1640807398259372,7.866666666666666,0.2429583189307642,-0.09280225708061,50.0,0.1149765,-0.0154938861017583,0.4517809228200154,-0.1850225774121552,-8.126152430600147,0.2728897058823529,0.0,0.0,0.0,0.0,0.0,0.0,0.0,0.0,0.0,0.0,0.0,0.0,0.0,0.0,0.0,0.0,0.0,0.0,0.0,0.0,0.0,0.0,0.0,0.0,0.0,0.0,0.0,0.0,0.0,0.0,0.0,0.0,0.0,0.0,0.0,0.0,0.0,0.0,0.0,0.0,0.0,0.0,0.0,0.0,0.0,0.040477394648564,0.6881157090255883,0.2725388823529411,11
2024-02-27,0.27004475,0.233362628252224,8,0.0,0.640698,0.4714825,3.77186,0.263070375,0.1450577936941366,4,8,bullish,0.121525044117647,0.1781887659008193,0.127321373841875,0.1325743186274509,0.2054941217960896,9.0,0.2787811274509804,0.18735775,0.0833309159197012,0.1790696648020935,9.571428571428571,0.246904741923436,-0.0194164166666666,0.1286320880618914,0.1684012898497313,7.928571428571429,0.2688717183256636,0.1722192954545454,0.1531307768904026,0.1656872724720569,7.866666666666666,0.2496894564307642,0.13065475,50.0,0.1171750649350649,0.0252672639703917,0.4720247191575009,-0.1886619087496407,0.8182418851132847,-0.0478361617647058,0.0,0.0,0.0,0.0,0.0,0.0,0.0,0.0,0.0,0.0,0.0,0.0,0.0,0.0,0.0,0.0,0.0,0.0,0.0,0.0,0.0,0.0,0.0,0.0,0.0,0.0,0.0,0.0,0.0,0.0,0.0,0.0,0.0,0.0,0.0,0.0,0.0,0.0,0.0,0.0,0.0,0.0,0.0,0.0,0.0,0.127321373841875,1.018570990735,0.4714825,4
2024-02-28,0.295156,0.1655121231345305,5,0.126593,0.474524,0.4108384,2.054192,0.2703768,0.0836085438768072,4,5,bullish,0.02511125,0.1670450974021045,0.1212614187904,0.2379068186274509,0.2026441253863792,10.0,0.3849532607843138,0.3159975,0.1196764714752567,0.1748896806772327,9.0,0.2754141006535948,0.2544188888888889,0.1470871594904628,0.1750824622677285,7.714285714285714,0.2876591576113779,0.258371,0.1579402435570693,0.163162199444037,7.833333333333333,0.2592067475418753,0.144284,50.0,0.076449125,0.036140585266688,0.482469122209206,-0.1728093118013459,0.0929892175278357,-0.096413794117647,0.0,0.0,0.0,0.0,0.0,0.0,0.0,0.0,0.0,0.0,0.0,0.0,0.0,0.0,0.0,0.0,0.0,0.0,0.0,0.0,0.0,0.0,0.0,0.0,0.0,0.0,0.0,0.0,0.0,0.0,0.0,0.0,0.0,0.0,0.0,0.0,0.0,0.0,0.0,0.0,0.0,0.0,0.0,0.0,0.0,0.1212614187904,0.606307093952,0.4108384,4
2024-02-29,0.1037179285714285,0.0975443444801974,14,-0.012398,0.407666,0.42363,5.93082,0.1407648571428571,0.0886033424320542,5,14,neutral,-0.1914380714285714,0.1759077666005994,0.0439380260807142,0.2229728928571428,0.1654730319556506,9.0,0.4353169666666667,-0.0448017773109243,0.1405377612711751,0.1648571853026892,8.142857142857142,0.2870133577964519,0.1460290285714285,0.1418688278578098,0.1661224351890263,7.714285714285714,0.2961425810807657,-0.0730566428571428,0.1551750633983391,0.1616438393404523,8.2,0.2678105586529865,-0.0829554047619047,50.0,0.1582543055555555,0.0398919763601624,0.454959022718242,-0.159411944453239,-0.6485996267349179,-0.2165493214285714,0.0,0.0,0.0,0.0,0.0,0.0,0.0,0.0,0.0,0.0,0.0,0.0,0.0,0.0,0.0,0.0,0.0,0.0,0.0,0.0,0.0,0.0,0.0,0.0,0.0,0.0,0.0,0.0,0.0,0.0,0.0,0.0,0.0,0.0,0.0,0.0,0.0,0.0,0.0,0.0,0.0,0.0,0.0,0.0,0.0,0.0439380260807142,0.61513236513,0.42363,5
2024-03-01,0.0988185714285714,0.0853440734670684,7,-0.002,0.27398,0.4389475714285714,3.0726329999999997,0.166456,0.0783712450775155,4,7,neutral,-0.0048993571428571,0.1581641588212807,0.0433761719406122,0.1658975,0.1161335136939321,8.666666666666666,0.4244719904761905,-0.1712261785714285,0.1397289222689075,0.1454448435653983,7.857142857142857,0.3076205505402161,-0.005661873015873,0.1327130472455649,0.1545559119419781,7.642857142857143,0.2939467379685207,-0.1281809285714285,0.1534102991126248,0.1601889388717812,8.166666666666666,0.2751033402006054,-0.0529429285714285,50.0,-0.0560159999999999,0.0414831856194217,0.4413099743753303,-0.1549479389674702,-0.0472373215541328,0.1865387142857142,0.0,0.0,0.0,0.0,0.0,0.0,0.0,0.0,0.0,0.0,0.0,0.0,0.0,0.0,0.0,0.0,0.0,0.0,0.0,0.0,0.0,0.0,0.0,0.0,0.0,0.0,0.0,0.0,0.0,0.0,0.0,0.0,0.0,0.0,0.0,0.0,0.0,0.0,0.0,0.0,0.0,0.0,0.0,0.0,0.0,0.0433761719406122,0.3036332035842857,0.4389475714285714,4
2024-03-02,0.2198574999999999,0.2013196645648407,2,0.077503,0.362212,0.22349,0.44698,0.329455,0.0692073691018521,1,2,bullish,0.1210389285714285,0.1566165667797722,0.049135952675,0.1407979999999999,0.1280693608373689,7.666666666666667,0.3620225238095238,-0.0752985,0.1593247079831932,0.1666003672907008,7.857142857142857,0.3333213362545018,0.1371704999999999,0.1419231365312792,0.1670678891770343,7.5,0.2863317736828064,0.1289412499999999,0.1509405612338369,0.1593722607661728,7.866666666666666,0.2718262795945448,-0.0740921363636363,50.0,-0.2417371666666666,0.0089953934383517,0.4594537342150449,-0.1755304154738514,1.224860133289,0.1259382857142857,0.0,0.0,0.0,0.0,0.0,0.0,0.0,0.0,0.0,0.0,0.0,0.0,0.0,0.0,0.0,0.0,0.0,0.0,0.0,0.0,0.0,0.0,0.0,0.0,0.0,0.0,0.0,0.0,0.0,0.0,0.0,0.0,0.0,0.0,0.0,0.0,0.0,0.0,0.0,0.0,0.0,0.0,0.0,0.0,0.0,0.049135952675,0.09827190535,0.22349,1
2024-03-03,0.1552542499999999,0.1398966653197399,4,0.061468,0.357651,0.14502825,0.580113,0.23729525,0.096606732892951,3,4,bullish,-0.06460325,0.1379233741932754,0.0225162521825624,0.1579767738095237,0.1421868011172163,4.333333333333333,0.2691552738095238,0.0515363214285714,0.1844812436974789,0.1617195891415692,8.142857142857142,0.340850800540216,0.17609575,0.1442230115312792,0.1651270874729419,7.714285714285714,0.2961955058256635,0.0321982499999999,0.1460007487338369,0.1578961171984809,7.733333333333333,0.2630331254278782,-0.148194375,50.0,-0.0678848809523809,0.0131031474066057,0.4546802979631837,-0.1775324042219903,-0.2938414654946955,-0.1856421785714285,0.0,0.0,0.0,0.0,0.0,0.0,0.0,0.0,0.0,0.0,0.0,0.0,0.0,0.0,0.0,0.0,0.0,0.0,0.0,0.0,0.0,0.0,0.0,0.0,0.0,0.0,0.0,0.0,0.0,0.0,0.0,0.0,0.0,0.0,0.0,0.0,0.0,0.0,0.0,0.0,0.0,0.0,0.0,0.0,0.0,0.0225162521825624,0.0900650087302499,0.14502825,3
2024-03-04,0.2203643333333333,0.3031891092547136,6,-0.11147,0.649678,0.3440926666666666,2.064556,0.2191456666666666,0.2439894605458741,5,6,bullish,0.0651100833333333,0.165458771417312,0.0758257510948889,0.1984920277777777,0.2148018130464314,4.0,0.2375369722222222,0.1215457619047619,0.1947447619047619,0.1751669440676164,6.571428571428571,0.3510727697278911,0.0718446274509804,0.1404247258169934,0.1793447233583944,7.928571428571429,0.2932746248732826,-0.0531759999999999,0.1450405413264295,0.1584974633192488,7.633333333333334,0.2633157291315819,-0.0288062222222222,50.0,0.0632629888888888,0.0281475350609267,0.4796506537855274,-0.1902488721655461,0.4193771399709405,0.1297133333333333,0.0,0.0,0.0,0.0,0.0,0.0,0.0,0.0,0.0,0.0,0.0,0.0,0.0,0.0,0.0,0.0,0.0,0.0,0.0,0.0,0.0,0.0,0.0,0.0,0.0,0.0,0.0,0.0,0.0,0.0,0.0,0.0,0.0,0.0,0.0,0.0,0.0,0.0,0.0,0.0,0.0,0.0,0.0,0.0,0.0,0.0758257510948889,0.4549545065693334,0.3440926666666666,5
2024-03-05,0.2611876,0.1803736854632626,10,0.068236,0.585961,0.3228081,3.228081,0.2457472999999999,0.0966798781259862,4,10,bullish,0.0408232666666666,0.182024639613925,0.08431347289956,0.2122687277777778,0.207819820012572,6.666666666666667,0.2706430055555556,0.0413301,0.1934794547619047,0.1675970950977647,6.857142857142857,0.3298335697278912,-0.0088571499999999,0.138405185340803,0.1733333799499291,8.214285714285714,0.2883691558256635,-0.0282735666666666,0.1515121279930962,0.1634858499792732,7.8,0.2704977057982486,0.1941476,50.0,0.0744970999999999,0.0265530040844957,0.5015778157605478,-0.1897357741405665,0.1852535119869669,-0.0242868166666667,0.0,0.0,0.0,0.0,0.0,0.0,0.0,0.0,0.0,0.0,0.0,0.0,0.0,0.0,0.0,0.0,0.0,0.0,0.0,0.0,0.0,0.0,0.0,0.0,0.0,0.0,0.0,0.0,0.0,0.0,0.0,0.0,0.0,0.0,0.0,0.0,0.0,0.0,0.0,0.0,0.0,0.0,0.0,0.0,0.0,0.08431347289956,0.8431347289955999,0.3228081,4
2024-03-06,0.0957288333333333,0.0596036733982618,6,0.056663,0.209569,0.2146378333333333,1.287827,0.1629381666666666,0.0441287180480768,3,6,neutral,-0.1654587666666667,0.1768765596001637,0.0205470293741944,0.1924269222222222,0.1810554893720793,7.333333333333333,0.2938462,-0.0595254166666666,0.1649898595238095,0.1524673165640121,7.0,0.3018049173469387,-0.1994271666666667,0.1423331654995331,0.1636784986206224,8.0,0.2886095090002668,0.0549917222222222,0.1536429835486517,0.161642496496213,7.8,0.2752559057982485,0.0639256666666666,50.0,0.1403648055555555,0.0293739269240019,0.4812706843184108,-0.1775332165079532,-0.6334863012894436,-0.2062820333333333,0.0,0.0,0.0,0.0,0.0,0.0,0.0,0.0,0.0,0.0,0.0,0.0,0.0,0.0,0.0,0.0,0.0,0.0,0.0,0.0,0.0,0.0,0.0,0.0,0.0,0.0,0.0,0.0,0.0,0.0,0.0,0.0,0.0,0.0,0.0,0.0,0.0,0.0,0.0,0.0,0.0,0.0,0.0,0.0,0.0,0.0205470293741944,0.1232821762451666,0.2146378333333333,3
2024-03-07,0.1892889999999999,0.1466077825568956,9,0.0,0.507037,0.2845264444444444,2.5607379999999997,0.2438275555555555,0.1358891329228639,5,9,bullish,0.0935601666666666,0.1659341831985747,0.0538577261424444,0.1820684777777777,0.12886171380614,8.333333333333334,0.2739907925925926,-0.0310753333333333,0.1772142982993197,0.1594763791463975,6.285714285714286,0.2819329808390022,0.0855710714285714,0.1588760297852474,0.1621667822245433,7.214285714285714,0.2844731693177271,0.2316000999999999,0.1525667406915089,0.1599162198618809,7.633333333333334,0.2747963039463967,-0.0322872857142857,50.0,0.107982,0.0283524752645502,0.4700060968845372,-0.1700396790740796,0.9773457317805676,0.2590189333333333,0.0,0.0,0.0,0.0,0.0,0.0,0.0,0.0,0.0,0.0,0.0,0.0,0.0,0.0,0.0,0.0,0.0,0.0,0.0,0.0,0.0,0.0,0.0,0.0,0.0,0.0,0.0,0.0,0.0,0.0,0.0,0.0,0.0,0.0,0.0,0.0,0.0,0.0,0.0,0.0,0.0,0.0,0.0,0.0,0.0,0.0538577261424444,0.4847195352819999,0.2845264444444444,5
2024-03-08,0.1110725,0.0085962971388848,2,0.104994,0.117151,0.483397,0.966794,0.204513,0.1435398481537444,2,2,neutral,-0.0782164999999999,0.1396741095624037,0.0536921132825,0.1320301111111111,0.0716025843646807,5.666666666666667,0.3275204259259259,-0.1501151,0.1789648595238095,0.1485124110995141,5.571428571428571,0.2882828992063492,0.0122539285714285,0.1593468908963585,0.1469786273324562,6.714285714285714,0.2979517248732826,0.0065920555555555,0.1528024873581756,0.1560775483219764,7.366666666666666,0.2829384306130634,0.0070724,50.0,0.2650861666666666,0.0493121465608465,0.4678488921876714,-0.1658668493772139,-0.4132120725451558,-0.1717766666666666,0.0,0.0,0.0,0.0,0.0,0.0,0.0,0.0,0.0,0.0,0.0,0.0,0.0,0.0,0.0,0.0,0.0,0.0,0.0,0.0,0.0,0.0,0.0,0.0,0.0,0.0,0.0,0.0,0.0,0.0,0.0,0.0,0.0,0.0,0.0,0.0,0.0,0.0,0.0,0.0,0.0,0.0,0.0,0.0,0.0,0.0536921132825,0.107384226565,0.483397,2
2024-03-09,0.122346,0.038663184581718,2,0.095007,0.149685,0.07054,0.14108,0.2770455,0.0747319943832626,2,2,neutral,0.0112735,0.0867689246278046,0.00863028684,0.1409025,0.0646224214258328,4.333333333333333,0.2794878148148149,0.0266171666666666,0.1650346452380952,0.1252757711019252,5.571428571428571,0.2664328992063492,-0.0975114999999999,0.1621796766106442,0.145938069196313,6.714285714285714,0.2998771177304254,0.039659,0.1558078206915089,0.1508176221301967,7.266666666666667,0.28105889727973,0.09016,50.0,0.074488794117647,0.04000486751219,0.4558368171067211,-0.1539257742962635,0.1014967701276194,0.0894899999999999,0.0,0.0,0.0,0.0,0.0,0.0,0.0,0.0,0.0,0.0,0.0,0.0,0.0,0.0,0.0,0.0,0.0,0.0,0.0,0.0,0.0,0.0,0.0,0.0,0.0,0.0,0.0,0.0,0.0,0.0,0.0,0.0,0.0,0.0,0.0,0.0,0.0,0.0,0.0,0.0,0.0,0.0,0.0,0.0,0.0,0.00863028684,0.01726057368,0.07054,2
2024-03-10,0.3076566666666667,0.257567744355409,3,0.140615,0.604283,0.1858233333333333,0.55747,0.4410303333333333,0.0486929251671465,3,3,bullish,0.1853106666666666,0.1022077364062338,0.0571697873222222,0.1803583888888889,0.1016090753586706,2.3333333333333335,0.2465867777777778,0.1183676666666667,0.186806419047619,0.1420859252498779,5.428571428571429,0.2722607682539682,0.1524024166666667,0.185643831372549,0.1519027571957236,6.785714285714286,0.3065557843970922,0.3284981666666667,0.1579015345803978,0.1496353094539768,7.233333333333333,0.2713792083908412,0.0628114166666666,50.0,-0.1722192954545454,0.0270933902394627,0.4728851875230908,-0.1675625113793,1.5146442602673291,0.1740371666666667,0.0,0.0,0.0,0.0,0.0,0.0,0.0,0.0,0.0,0.0,0.0,0.0,0.0,0.0,0.0,0.0,0.0,0.0,0.0,0.0,0.0,0.0,0.0,0.0,0.0,0.0,0.0,0.0,0.0,0.0,0.0,0.0,0.0,0.0,0.0,0.0,0.0,0.0,0.0,0.0,0.0,0.0,0.0,0.0,0.0,0.0571697873222222,0.1715093619666667,0.1858233333333333,3
2024-03-11,0.1663282,0.1610196682056781,10,-0.029764,0.512383,0.3693834,3.693834,0.1897123,0.1121241606702637,4,10,bullish,-0.1413284666666666,0.1224909353677171,0.06143887603188,0.1987769555555555,0.1524168657142683,5.0,0.2085822444444445,0.0552557,0.1790869714285714,0.1217760051000157,6.0,0.2758737301587301,-0.0540361333333333,0.1869158666666666,0.148471474583816,6.285714285714286,0.3134732499433106,0.017808494117647,0.1570901745803978,0.1492780194213002,7.266666666666667,0.2767790291315819,-0.0243407999999999,50.0,-0.258371,0.025245186535759,0.4563772566921475,-0.1633678772150234,-0.4593707271092234,-0.3266391333333334,0.0,0.0,0.0,0.0,0.0,0.0,0.0,0.0,0.0,0.0,0.0,0.0,0.0,0.0,0.0,0.0,0.0,0.0,0.0,0.0,0.0,0.0,0.0,0.0,0.0,0.0,0.0,0.0,0.0,0.0,0.0,0.0,0.0,0.0,0.0,0.0,0.0,0.0,0.0,0.0,0.0,0.0,0.0,0.0,0.0,0.06143887603188,0.6143887603188001,0.3693834,4
2024-03-12,0.061939,0.0605073209686232,6,-0.010977,0.120857,0.1759725,1.055835,0.2196036666666666,0.1223531556677908,5,6,neutral,-0.1043892,0.1052708430500626,0.0108995606775,0.1786412888888889,0.1596982445099034,6.333333333333333,0.2437264111111111,-0.060407,0.1506228857142857,0.1046522387436387,5.428571428571429,0.2548972158730159,-0.1992486,0.1720511702380952,0.1361246669207017,6.142857142857143,0.2923653928004535,-0.20810575,0.1510133190248422,0.1507655118022567,7.366666666666666,0.2754190124649153,-0.1823056666666666,50.0,0.0730566428571428,0.0409053558479283,0.4440108820325988,-0.1488813136665857,-0.6276097498800564,0.0369392666666666,0.0,0.0,0.0,0.0,0.0,0.0,0.0,0.0,0.0,0.0,0.0,0.0,0.0,0.0,0.0,0.0,0.0,0.0,0.0,0.0,0.0,0.0,0.0,0.0,0.0,0.0,0.0,0.0,0.0,0.0,0.0,0.0,0.0,0.0,0.0,0.0,0.0,0.0,0.0,0.0,0.0,0.0,0.0,0.0,0.0,0.0108995606775,0.0653973640649999,0.1759725,5
2024-03-13,0.0371328,0.058666398029025,5,-0.011053,0.121116,0.0648035999999999,0.324018,0.1653205999999999,0.119996416393574,5,5,neutral,-0.0248062,0.1152848632280907,0.0024063391180799,0.0884666666666666,0.0933977957344421,7.0,0.2033865,-0.2705238666666666,0.1422520238095238,0.1045183422623191,5.285714285714286,0.2334923253968253,-0.0585960333333333,0.1536209416666666,0.1284928294131656,6.142857142857143,0.267648621371882,-0.2580232,0.1448174623581756,0.1475105241148982,7.466666666666667,0.2686691324649152,-0.1858757,50.0,0.1281809285714285,0.0481184602570994,0.4370725356253011,-0.133998577259288,-0.4004940344532524,0.079583,0.0,0.0,0.0,0.0,0.0,0.0,0.0,0.0,0.0,0.0,0.0,0.0,0.0,0.0,0.0,0.0,0.0,0.0,0.0,0.0,0.0,0.0,0.0,0.0,0.0,0.0,0.0,0.0,0.0,0.0,0.0,0.0,0.0,0.0,0.0,0.0,0.0,0.0,0.0,0.0,0.0,0.0,0.0,0.0,0.0,0.0024063391180799,0.0120316955903999,0.0648035999999999,5
2024-03-14,0.0131929999999999,0.2015513827224545,7,-0.420125,0.176698,0.3196478571428571,2.237535,0.1732408571428571,0.1427188407831152,5,7,neutral,-0.0239398,0.147862502856238,0.0042171141792857,0.0374216,0.1069083672400343,6.0,0.1868079857142857,-0.1531352,0.1170954523809524,0.1123674280002561,5.0,0.2385096700680272,-0.1760959999999999,0.147154875340136,0.1359219035733268,5.642857142857143,0.2602213254535147,-0.0905249285714285,0.1419963805399937,0.1501786167478555,6.966666666666667,0.2747257004302831,-0.0846324545454545,50.0,-0.1289412499999999,0.0255141991459883,0.430540255112514,-0.1365950411909453,-0.6447076439158912,0.0008663999999999,0.0,0.0,0.0,0.0,0.0,0.0,0.0,0.0,0.0,0.0,0.0,0.0,0.0,0.0,0.0,0.0,0.0,0.0,0.0,0.0,0.0,0.0,0.0,0.0,0.0,0.0,0.0,0.0,0.0,0.0,0.0,0.0,0.0,0.0,0.0,0.0,0.0,0.0,0.0,0.0,0.0,0.0,0.0,0.0,0.0,0.0042171141792857,0.0295197992549999,0.3196478571428571,5
2024-03-15,0.1166313333333333,0.0497175046672028,3,0.060445,0.15493,0.305629,0.916887,0.191277,0.0619070081573968,2,3,neutral,0.1034383333333333,0.1062924549185967,0.0356459177753333,0.0556523777777777,0.1033117618062274,5.0,0.2300268190476191,0.0546923333333333,0.1178895714285714,0.1182418862185872,5.142857142857143,0.2131142414965986,0.0055588333333333,0.1484272154761904,0.1333771486590507,5.357142857142857,0.2506985703514739,0.0178127619047619,0.1446579249844382,0.1491807071949809,6.8,0.2799861920969499,0.0798463333333333,50.0,-0.0321982499999999,0.0063405263064821,0.4318861223971286,-0.1345464751422265,7.8403951590489935,0.1273781333333333,0.0,0.0,0.0,0.0,0.0,0.0,0.0,0.0,0.0,0.0,0.0,0.0,0.0,0.0,0.0,0.0,0.0,0.0,0.0,0.0,0.0,0.0,0.0,0.0,0.0,0.0,0.0,0.0,0.0,0.0,0.0,0.0,0.0,0.0,0.0,0.0,0.0,0.0,0.0,0.0,0.0,0.0,0.0,0.0,0.0,0.0356459177753333,0.106937753326,0.305629,2
2024-03-16,-0.003807,0.0,1,-0.003807,-0.003807,0.023035,0.023035,0.105738,0.0,1,1,neutral,-0.1204383333333333,0.0926106515968264,-8.7694245e-05,0.0420057777777777,0.1256344436948286,3.6666666666666665,0.2161039523809524,-0.0409398,0.0998677142857143,0.1315050031580655,5.0,0.20632781292517,-0.126153,0.1324511797619047,0.1281508012816822,5.285714285714286,0.2363803560657596,-0.2236645,0.1386385392701525,0.1468648504339686,6.366666666666666,0.2705919563826641,-0.1805815714285714,50.0,0.0531759999999999,0.0002509707509266,0.4293216407677787,-0.1302785435128767,-1.0326413142265944,-0.2238766666666667,0.0,0.0,0.0,0.0,0.0,0.0,0.0,0.0,0.0,0.0,0.0,0.0,0.0,0.0,0.0,0.0,0.0,0.0,0.0,0.0,0.0,0.0,0.0,0.0,0.0,0.0,0.0,0.0,0.0,0.0,0.0,0.0,0.0,0.0,0.0,0.0,0.0,0.0,0.0,0.0,0.0,0.0,0.0,0.0,0.0,-8.7694245e-05,-8.7694245e-05,0.023035,1
2024-03-17,0.0951745,0.1300271042039569,4,-0.033718,0.27408,0.12522975,0.500919,0.20370575,0.0943196448303144,1,4,neutral,0.0989815,0.1099905974056598,0.011918678841375,0.0693329444444444,0.0898723044355798,2.6666666666666665,0.1512979166666667,0.0819815,0.069513119047619,0.1102482297994901,5.142857142857143,0.1976715867346938,-0.2124821666666667,0.128159769047619,0.1273916042727758,5.285714285714286,0.234966177494331,-0.0600797499999999,0.1342443726034858,0.1430905014527279,6.233333333333333,0.2591099688826642,-0.131825,50.0,0.0282735666666666,-0.0260615403601844,0.4183353783085636,-0.1246268016418969,-25.99986866298923,0.2194198333333333,0.0,0.0,0.0,0.0,0.0,0.0,0.0,0.0,0.0,0.0,0.0,0.0,0.0,0.0,0.0,0.0,0.0,0.0,0.0,0.0,0.0,0.0,0.0,0.0,0.0,0.0,0.0,0.0,0.0,0.0,0.0,0.0,0.0,0.0,0.0,0.0,0.0,0.0,0.0,0.0,0.0,0.0,0.0,0.0,0.0,0.011918678841375,0.0476747153655,0.12522975,1
2024-03-18,0.3471889999999999,0.3051784967763402,4,-0.041992,0.602248,0.498908,1.995632,0.2359695,0.200043334349502,4,4,bullish,0.2520145,0.1716186220924886,0.173215369612,0.1461855,0.2176028004901485,3.0,0.21572425,0.2305576666666666,0.0953503761904761,0.1342747012279338,4.285714285714286,0.2161751010204081,0.1808607999999999,0.1372186738095238,0.1275446340821317,5.142857142857143,0.2460244155895691,0.1268246666666666,0.1427867976034858,0.1526088777479862,6.233333333333333,0.2647369188826641,0.2562727499999999,50.0,-0.0549917222222222,-0.0404482643979477,0.4297521559163653,-0.1283291542496986,2.6479203988463293,0.1530329999999999,0.0,0.0,0.0,0.0,0.0,0.0,0.0,0.0,0.0,0.0,0.0,0.0,0.0,0.0,0.0,0.0,0.0,0.0,0.0,0.0,0.0,0.0,0.0,0.0,0.0,0.0,0.0,0.0,0.0,0.0,0.0,0.0,0.0,0.0,0.0,0.0,0.0,0.0,0.0,0.0,0.0,0.0,0.0,0.0,0.0,0.173215369612,0.692861478448,0.498908,4
2024-03-19,0.1924474,0.1840919188633765,5,0.039854,0.47887,0.2184299999999999,1.09215,0.3707894,0.0807849475725521,3,5,bullish,-0.1547415999999999,0.1672537561277191,0.0420362855819999,0.2116036333333333,0.2064325066145579,4.333333333333333,0.2808559166666667,0.1962544,0.1139944333333333,0.1548721342103926,4.142857142857143,0.2222404581632653,0.1305084,0.1323086595238095,0.1278306520359866,4.785714285714286,0.2385688370181406,-0.0687402,0.1450998442701525,0.1536944998554134,6.366666666666666,0.2717867188826641,0.0693913999999999,50.0,-0.2316000999999999,-0.0470461315696649,0.4265724938878227,-0.135420352221156,-0.4456984524279282,-0.4067560999999999,0.0,0.0,0.0,0.0,0.0,0.0,0.0,0.0,0.0,0.0,0.0,0.0,0.0,0.0,0.0,0.0,0.0,0.0,0.0,0.0,0.0,0.0,0.0,0.0,0.0,0.0,0.0,0.0,0.0,0.0,0.0,0.0,0.0,0.0,0.0,0.0,0.0,0.0,0.0,0.0,0.0,0.0,0.0,0.0,0.0,0.0420362855819999,0.21018142791,0.2184299999999999,3
2024-03-20,0.0134493333333333,0.1902746823051699,3,-0.184375,0.195148,0.3584963333333333,1.075489,0.16974,0.1964761003964604,3,3,neutral,-0.1789980666666666,0.2023930505372108,0.0048215366857777,0.1843619111111111,0.2265150326482955,4.0,0.3586114444444445,-0.0817251666666666,0.1106110809523809,0.1768068482564168,3.857142857142857,0.26419656292517,-0.0236834666666666,0.1264315523809523,0.1378822681057488,4.571428571428571,0.2488444441609977,-0.0822795,0.1364301442701525,0.1566645852156476,6.366666666666666,0.2709037633271086,-0.260091,50.0,-0.0065920555555555,-0.0190706932980599,0.4318201523180204,-0.1496948701751632,-0.9301142372755709,-0.0242564666666667,0.0,0.0,0.0,0.0,0.0,0.0,0.0,0.0,0.0,0.0,0.0,0.0,0.0,0.0,0.0,0.0,0.0,0.0,0.0,0.0,0.0,0.0,0.0,0.0,0.0,0.0,0.0,0.0,0.0,0.0,0.0,0.0,0.0,0.0,0.0,0.0,0.0,0.0,0.0,0.0,0.0,0.0,0.0,0.0,0.0,0.0048215366857777,0.0144646100573333,0.3584963333333333,3
2024-03-21,-0.0135394999999999,0.161967757978247,2,-0.128068,0.100989,0.0601484999999999,0.1202969999999999,0.1727215,0.2375532302464018,2,2,neutral,-0.0269888333333333,0.1943079920254181,-0.0008143806157499,0.0641190777777778,0.1787781197155978,3.3333333333333335,0.2123582777777778,-0.3607284999999999,0.1067921523809523,0.1702095774657155,3.142857142857143,0.2271252261904761,-0.0267324999999999,0.1119438023809523,0.139063804676622,4.071428571428571,0.2328174481292517,-0.2028284999999999,0.1263301220479303,0.1531278702086294,6.233333333333333,0.2598592244382197,-0.3030006666666666,50.0,-0.039659,-0.0315946536155202,0.4342678997477685,-0.1633784247477684,-2.006704173688907,0.1520092333333333,0.0,0.0,0.0,0.0,0.0,0.0,0.0,0.0,0.0,0.0,0.0,0.0,0.0,0.0,0.0,0.0,0.0,0.0,0.0,0.0,0.0,0.0,0.0,0.0,0.0,0.0,0.0,0.0,0.0,0.0,0.0,0.0,0.0,0.0,0.0,0.0,0.0,0.0,0.0,0.0,0.0,0.0,0.0,0.0,0.0,-0.0008143806157499,-0.0016287612314999,0.0601484999999999,2
2024-03-22,0.215854,0.1305290833799119,2,0.123556,0.308152,0.15955,0.3191,0.2216845,0.202726807059402,2,2,bullish,0.2293934999999999,0.1944083878606091,0.0344395057,0.0719212777777777,0.1609238412211096,2.3333333333333335,0.1927316111111111,0.0234066,0.120966819047619,0.1836781739178337,3.0,0.2062567976190476,0.0992226666666666,0.1194281952380952,0.1484432497720856,4.071428571428571,0.2096855195578231,0.1047814999999999,0.1321673516775599,0.1509125968076416,6.0,0.2581351281419234,0.1751168888888888,50.0,-0.3284981666666667,-0.0823367753086419,0.4266160846230392,-0.1561269596230391,-16.94253849846745,0.2563823333333332,0.0,0.0,0.0,0.0,0.0,0.0,0.0,0.0,0.0,0.0,0.0,0.0,0.0,0.0,0.0,0.0,0.0,0.0,0.0,0.0,0.0,0.0,0.0,0.0,0.0,0.0,0.0,0.0,0.0,0.0,0.0,0.0,0.0,0.0,0.0,0.0,0.0,0.0,0.0,0.0,0.0,0.0,0.0,0.0,0.0,0.0344395057,0.0688790114,0.15955,2
2024-03-23,0.065034,0.1206976409587196,3,-0.05577,0.185625,0.1166896666666666,0.350069,0.201972,0.2157243068455662,3,3,neutral,-0.15082,0.1575122166970849,0.007588795782,0.0891161666666666,0.1377314941056262,2.3333333333333335,0.1121293888888889,0.0515846666666666,0.1308012476190476,0.1746809549236745,3.2857142857142856,0.2196360357142857,0.068841,0.1153344809523809,0.1547535925703165,4.142857142857143,0.2129819243197278,-0.057312,0.1357455216775599,0.1492893495268388,5.433333333333334,0.2506102770308123,0.1073451,50.0,-0.017808494117647,-0.0699886913217138,0.4200841221903001,-0.1586170221903001,-0.6987130189850548,-0.3802135,0.0,0.0,0.0,0.0,0.0,0.0,0.0,0.0,0.0,0.0,0.0,0.0,0.0,0.0,0.0,0.0,0.0,0.0,0.0,0.0,0.0,0.0,0.0,0.0,0.0,0.0,0.0,0.0,0.0,0.0,0.0,0.0,0.0,0.0,0.0,0.0,0.0,0.0,0.0,0.0,0.0,0.0,0.0,0.0,0.0,0.007588795782,0.022766387346,0.1166896666666666,3
2024-03-24,0.2062176666666666,0.2204294708253261,3,0.046956,0.457796,0.2666673333333333,0.800002,0.1259546666666666,0.1425784317571677,2,3,bullish,0.1411836666666666,0.1647797270894749,0.0549915152562222,0.1623685555555555,0.1572187317213192,2.6666666666666665,0.180969,0.2197571666666666,0.1466645571428571,0.1875955787267273,3.142857142857143,0.2398414047619047,0.1110431666666666,0.108088838095238,0.1518968022987717,4.142857142857143,0.2187564957482993,-0.101439,0.1391367624183006,0.1492617290163981,5.233333333333333,0.2496759474011826,0.1017372222222222,50.0,0.20810575,-0.0432882468772694,0.4106652479696628,-0.1506128146363295,2.170920851657082,0.2920036666666666,0.0,0.0,0.0,0.0,0.0,0.0,0.0,0.0,0.0,0.0,0.0,0.0,0.0,0.0,0.0,0.0,0.0,0.0,0.0,0.0,0.0,0.0,0.0,0.0,0.0,0.0,0.0,0.0,0.0,0.0,0.0,0.0,0.0,0.0,0.0,0.0,0.0,0.0,0.0,0.0,0.0,0.0,0.0,0.0,0.0,0.0549915152562222,0.1649745457686666,0.2666673333333333,2
2024-03-25,0.1675776,0.1551714835635078,5,0.010148,0.365519,0.435973,2.179865,0.1995054,0.0781585507849269,4,5,bullish,-0.0386400666666666,0.1577590873411425,0.0730593090048,0.1462764222222222,0.1654328651158512,3.6666666666666665,0.2731100000000001,-0.0482764,0.1210057857142857,0.1661660054106084,3.2857142857142856,0.2308506904761904,-0.1796113999999999,0.1081780809523809,0.1514469419416816,3.7857142857142856,0.2235128957482993,0.0012493999999999,0.1419664490849673,0.1527769181569424,5.333333333333333,0.2627555640678493,0.0848906,50.0,0.2580232,-0.0205274468772694,0.4033318846117939,-0.1526404512784606,-0.1873751521450635,-0.1798237333333333,0.0,0.0,0.0,0.0,0.0,0.0,0.0,0.0,0.0,0.0,0.0,0.0,0.0,0.0,0.0,0.0,0.0,0.0,0.0,0.0,0.0,0.0,0.0,0.0,0.0,0.0,0.0,0.0,0.0,0.0,0.0,0.0,0.0,0.0,0.0,0.0,0.0,0.0,0.0,0.0,0.0,0.0,0.0,0.0,0.0,0.0730593090048,0.365296545024,0.435973,4
2024-03-26,0.1527153846153846,0.1016906870469943,13,0.017004,0.345264,0.2940409230769231,3.822532,0.2287243076923077,0.0719817064866537,7,13,bullish,-0.0148622153846153,0.145703673154892,0.044904572660355,0.1755035504273504,0.1590972138119427,7.0,0.3322270854700855,0.0876813846153846,0.1153297835164835,0.1543944008654109,4.428571428571429,0.2416522509157509,-0.0397320153846153,0.1146621084249084,0.1546148931784794,4.285714285714286,0.2319463545395081,0.0907763846153846,0.1477516785721468,0.1502813517667125,5.7,0.2694795281704135,0.1735568846153846,50.0,0.0905249285714285,-0.0136106288878514,0.410611424138921,-0.1542213356773825,-0.0886885561352792,0.0237778512820512,0.0,0.0,0.0,0.0,0.0,0.0,0.0,0.0,0.0,0.0,0.0,0.0,0.0,0.0,0.0,0.0,0.0,0.0,0.0,0.0,0.0,0.0,0.0,0.0,0.0,0.0,0.0,0.0,0.0,0.0,0.0,0.0,0.0,0.0,0.0,0.0,0.0,0.0,0.0,0.0,0.0,0.0,0.0,0.0,0.0,0.044904572660355,0.5837594445846154,0.2940409230769231,7
2024-03-27,0.2325558571428571,0.234624963159243,7,-0.050884,0.569758,0.3068387142857142,2.147871,0.283386,0.0819292999095358,6,7,bullish,0.0798404725274725,0.1665228491107582,0.0713571402053265,0.1842829472527472,0.1638290445899151,8.333333333333334,0.3456175457875459,0.0263381904761904,0.1466307154892726,0.1607301552731357,5.0,0.2342725910518053,0.2191065238095238,0.1286208982208268,0.1681501674192654,4.428571428571429,0.2492345769884877,0.1954230571428571,0.1505528836141636,0.1511629841248801,5.366666666666666,0.2706228559015058,0.0840361512605042,50.0,-0.0178127619047619,-0.0094796332970225,0.4220397333752583,-0.1613229591994341,0.5228056932741363,0.0947026879120879,0.0,0.0,0.0,0.0,0.0,0.0,0.0,0.0,0.0,0.0,0.0,0.0,0.0,0.0,0.0,0.0,0.0,0.0,0.0,0.0,0.0,0.0,0.0,0.0,0.0,0.0,0.0,0.0,0.0,0.0,0.0,0.0,0.0,0.0,0.0,0.0,0.0,0.0,0.0,0.0,0.0,0.0,0.0,0.0,0.0,0.0713571402053265,0.4994999814372856,0.3068387142857142,6
2024-03-28,0.193669625,0.184417667625062,8,0.0,0.492864,0.3017545,2.414036,0.182174,0.1325919930721955,6,8,bullish,-0.0388862321428571,0.1792668544440267,0.0584406808570625,0.1929802889194139,0.1735777726104331,9.333333333333334,0.3008780457875458,0.026092025,0.1762320190607012,0.1639372852226807,5.857142857142857,0.2687877339089482,0.207209125,0.1415120857208268,0.1668321893348506,4.5,0.2479564800497121,0.180476625,0.1480070461141636,0.1494752268618745,5.366666666666666,0.2649652559015059,-0.0763751249999999,50.0,0.2236645,0.041105322258533,0.4446771023080138,-0.1757006156321896,-0.1672124392849397,-0.1187267046703296,0.0,0.0,0.0,0.0,0.0,0.0,0.0,0.0,0.0,0.0,0.0,0.0,0.0,0.0,0.0,0.0,0.0,0.0,0.0,0.0,0.0,0.0,0.0,0.0,0.0,0.0,0.0,0.0,0.0,0.0,0.0,0.0,0.0,0.0,0.0,0.0,0.0,0.0,0.0,0.0,0.0,0.0,0.0,0.0,0.0,0.0584406808570625,0.4675254468565,0.3017545,6
2024-03-29,0.0732743333333333,0.0245384665440473,3,0.04494,0.087544,0.0632733333333333,0.18982,0.2874779999999999,0.1474242390416175,2,3,neutral,-0.1203952916666666,0.1400886535877709,0.0046363113177777,0.1664999384920635,0.1478603657761175,6.0,0.2239555158730159,-0.0794410512820512,0.1558634952511774,0.1487957685318429,6.0,0.2550339243851386,-0.1425796666666666,0.1384151571493982,0.164895340248454,4.5,0.2306453610020931,-0.043357,0.140610990558608,0.1446140662897889,5.3,0.2533797536792836,-0.2218816666666667,50.0,0.0600797499999999,0.0485133006535947,0.4407367065496625,-0.176667386540505,-0.6216529394667165,-0.0815090595238095,0.0,0.0,0.0,0.0,0.0,0.0,0.0,0.0,0.0,0.0,0.0,0.0,0.0,0.0,0.0,0.0,0.0,0.0,0.0,0.0,0.0,0.0,0.0,0.0,0.0,0.0,0.0,0.0,0.0,0.0,0.0,0.0,0.0,0.0,0.0,0.0,0.0,0.0,0.0,0.0,0.0,0.0,0.0,0.0,0.0,0.0046363113177777,0.0139089339533333,0.0632733333333333,2
2024-03-30,0.0276669999999999,0.2083841697418496,3,-0.20774,0.188517,0.1485966666666666,0.44579,0.0291986666666666,0.2976191302895923,3,3,neutral,-0.0456073333333333,0.1507311908234392,0.0041112239766666,0.0982036527777777,0.1391134346369863,4.666666666666667,0.1712081666666667,-0.2048888571428571,0.1505253523940345,0.1613224155008615,6.0,0.2595920672422815,-0.037367,0.140663300006541,0.168001685212268,4.642857142857143,0.2396140514782836,0.0314739999999999,0.1380759596062271,0.1484361292298459,4.933333333333334,0.2442119759015058,-0.0760509285714285,50.0,-0.1268246666666666,0.0388282265795206,0.4215600048359545,-0.1854896514934636,-0.6224189461521316,0.0747879583333333,0.0,0.0,0.0,0.0,0.0,0.0,0.0,0.0,0.0,0.0,0.0,0.0,0.0,0.0,0.0,0.0,0.0,0.0,0.0,0.0,0.0,0.0,0.0,0.0,0.0,0.0,0.0,0.0,0.0,0.0,0.0,0.0,0.0,0.0,0.0,0.0,0.0,0.0,0.0,0.0,0.0,0.0,0.0,0.0,0.0,0.0041112239766666,0.0123336719299999,0.1485966666666666,3
2024-04-01,0.1610012,0.1246630683289963,5,0.009409,0.291787,0.2639472,1.319736,0.217409,0.1216110232380272,3,5,bullish,0.1333342,0.1553256670798397,0.04249581593664,0.0873141777777778,0.1191952348716311,3.6666666666666665,0.1586057333333334,-0.032668425,0.1440658571559392,0.1476415008585286,6.285714285714286,0.259203476766091,-0.0452164666666666,0.1453652071493982,0.167618539792628,4.714285714285714,0.2495224407639979,0.0658267,0.1401487138919414,0.1497919566388779,4.866666666666666,0.2383786301872202,0.0621826285714285,50.0,0.0687402,0.082965822875817,0.4174666443226196,-0.1819289909801287,4.819250370477466,0.1789415333333333,0.0,0.0,0.0,0.0,0.0,0.0,0.0,0.0,0.0,0.0,0.0,0.0,0.0,0.0,0.0,0.0,0.0,0.0,0.0,0.0,0.0,0.0,0.0,0.0,0.0,0.0,0.0,0.0,0.0,0.0,0.0,0.0,0.0,0.0,0.0,0.0,0.0,0.0,0.0,0.0,0.0,0.0,0.0,0.0,0.0,0.04249581593664,0.2124790796832,0.2639472,3
2024-04-02,0.1454682,0.1275143577982495,5,0.055623,0.369538,0.1093698,0.546849,0.254114,0.0991821282994068,5,5,neutral,-0.015533,0.1339035460076409,0.01590982794036,0.1113788,0.1535205319563651,4.333333333333333,0.1739712222222222,0.0721938666666666,0.1409073714416535,0.1436904828920631,6.285714285714286,0.212545876766091,-0.0221094,0.1309565785779696,0.1549282441513358,4.785714285714286,0.2216982836211407,-0.2017207999999999,0.137669070558608,0.1472469460607195,4.966666666666667,0.2345746235205535,-0.0743892999999999,50.0,0.0822795,0.0940867111111111,0.4286964766204749,-0.1848059032779841,-0.0964775417822974,-0.1488672,0.0,0.0,0.0,0.0,0.0,0.0,0.0,0.0,0.0,0.0,0.0,0.0,0.0,0.0,0.0,0.0,0.0,0.0,0.0,0.0,0.0,0.0,0.0,0.0,0.0,0.0,0.0,0.0,0.0,0.0,0.0,0.0,0.0,0.0,0.0,0.0,0.0,0.0,0.0,0.0,0.0,0.0,0.0,0.0,0.0,0.01590982794036,0.0795491397018,0.1093698,5
2024-04-03,0.1043901666666666,0.0937265077647015,6,0.016012,0.277355,0.1486903333333333,0.892142,0.2259946666666666,0.1168828723494878,5,6,neutral,-0.0410780333333333,0.1157653140355688,0.0155218086783888,0.1369531888888889,0.1153013112973158,5.333333333333333,0.1740024444444445,0.0767231666666666,0.134003768877551,0.1425527429945928,5.285714285714286,0.191781506802721,-0.0483252179487179,0.1246667761970172,0.1484735719300018,4.857142857142857,0.2167168788592359,-0.0880572333333333,0.1359736011141636,0.1456548716622699,5.033333333333333,0.2346966929649979,-0.0508640833333333,50.0,0.2028284999999999,0.09350035,0.4357498828207216,-0.1851335728115641,-0.2823849702775818,-0.0255450333333333,0.0,0.0,0.0,0.0,0.0,0.0,0.0,0.0,0.0,0.0,0.0,0.0,0.0,0.0,0.0,0.0,0.0,0.0,0.0,0.0,0.0,0.0,0.0,0.0,0.0,0.0,0.0,0.0,0.0,0.0,0.0,0.0,0.0,0.0,0.0,0.0,0.0,0.0,0.0,0.0,0.0,0.0,0.0,0.0,0.0,0.0155218086783888,0.0931308520703333,0.1486903333333333,5
2024-04-04,0.176405625,0.1957444159684747,8,-0.168945,0.484388,0.21926075,1.754086,0.23090025,0.1081209464293839,5,8,bullish,0.0720154583333333,0.1500065039204543,0.0386788296417187,0.1420879972222222,0.1389950938438086,6.333333333333333,0.1591069611111112,0.015404425,0.1259823071428571,0.1369983791101973,5.428571428571429,0.1792703690476191,-0.0561502321428571,0.1363065113160649,0.1488642671916665,5.214285714285714,0.2067714800497122,0.1629562916666667,0.1345083108363858,0.1419498822386065,5.1,0.230535629076109,-0.0439587083333333,50.0,-0.1047814999999999,0.0531887166666666,0.443299254412408,-0.1763616819032504,0.6898682187498504,0.1130934916666666,0.0,0.0,0.0,0.0,0.0,0.0,0.0,0.0,0.0,0.0,0.0,0.0,0.0,0.0,0.0,0.0,0.0,0.0,0.0,0.0,0.0,0.0,0.0,0.0,0.0,0.0,0.0,0.0,0.0,0.0,0.0,0.0,0.0,0.0,0.0,0.0,0.0,0.0,0.0,0.0,0.0,0.0,0.0,0.0,0.0,0.0386788296417187,0.30943063713375,0.21926075,5
2024-04-05,0.0942208333333333,0.1908478791848803,6,-0.145434,0.392135,0.127607,0.7656419999999999,0.248943,0.118419781482656,4,6,neutral,-0.0821847916666666,0.1464992458090605,0.0120232378791666,0.1250055416666667,0.1601062676393522,6.666666666666667,0.1651860277777778,-0.0512473666666666,0.1117753369047619,0.1379169807615999,5.142857142857143,0.1543921547619047,-0.0994487916666666,0.1440036779827315,0.1509271329921403,5.5,0.2115899443354265,0.1077603333333333,0.1289427519474969,0.1423110613324554,4.966666666666667,0.2240289257427757,-0.1669667666666667,50.0,0.057312,0.0494983912698412,0.4570345583090056,-0.1923380357998481,-0.4658853234791503,-0.15420025,0.0,0.0,0.0,0.0,0.0,0.0,0.0,0.0,0.0,0.0,0.0,0.0,0.0,0.0,0.0,0.0,0.0,0.0,0.0,0.0,0.0,0.0,0.0,0.0,0.0,0.0,0.0,0.0,0.0,0.0,0.0,0.0,0.0,0.0,0.0,0.0,0.0,0.0,0.0,0.0,0.0,0.0,0.0,0.0,0.0,0.0120232378791666,0.072139427275,0.127607,4
2024-04-06,0.036083,0.0,1,0.036083,0.036083,0.164133,0.164133,0.030737,0.0,1,1,neutral,-0.0581378333333333,0.1519582901790765,0.0059224110389999,0.1022364861111111,0.1932961475766775,5.0,0.1703335833333334,-0.0683071666666666,0.1064622892857143,0.1568133997978587,4.857142857142857,0.1688006785714285,-0.0371913333333333,0.1311628922684458,0.1524962137315425,5.428571428571429,0.2119173014782836,-0.179771,0.1269545575030525,0.1452648966158195,4.8,0.2223454312983313,-0.0596458333333333,50.0,0.101439,0.062748587037037,0.4590290583090056,-0.1903435357998481,-0.6170379869986291,0.0240469583333333,0.0,0.0,0.0,0.0,0.0,0.0,0.0,0.0,0.0,0.0,0.0,0.0,0.0,0.0,0.0,0.0,0.0,0.0,0.0,0.0,0.0,0.0,0.0,0.0,0.0,0.0,0.0,0.0,0.0,0.0,0.0,0.0,0.0,0.0,0.0,0.0,0.0,0.0,0.0,0.0,0.0,0.0,0.0,0.0,0.0,0.0059224110389999,0.0059224110389999,0.164133,1
2024-04-07,0.0958629999999999,0.1205097129736852,3,-0.042017,0.181064,0.1821486666666666,0.546446,0.1761686666666666,0.0991622161174977,2,3,neutral,0.0597799999999999,0.1502071289729354,0.0174613176326666,0.0753889444444444,0.1556787960792827,3.3333333333333335,0.1579628888888889,-0.080542625,0.116204575,0.1421676570031646,4.857142857142857,0.1735938214285714,0.0681959999999999,0.1333649636970172,0.1524817577326937,5.428571428571429,0.2165929443354264,0.0308289999999999,0.1238403575030525,0.1443328227021334,4.6,0.2189328387057387,-0.093426,50.0,-0.0012493999999999,0.0377581537037037,0.4580616526531875,-0.18930728014403,1.6567358589917691,0.1179178333333333,0.0,0.0,0.0,0.0,0.0,0.0,0.0,0.0,0.0,0.0,0.0,0.0,0.0,0.0,0.0,0.0,0.0,0.0,0.0,0.0,0.0,0.0,0.0,0.0,0.0,0.0,0.0,0.0,0.0,0.0,0.0,0.0,0.0,0.0,0.0,0.0,0.0,0.0,0.0,0.0,0.0,0.0,0.0,0.0,0.0,0.0174613176326666,0.0523839528979999,0.1821486666666666,2
2024-04-08,0.257548,0.1868496494502108,7,0.0,0.534299,0.2714461428571428,1.900123,0.30684,0.1136671088632649,3,7,bullish,0.161685,0.1734879143943127,0.0699104112005714,0.1298313333333333,0.153679681211948,3.6666666666666665,0.2059092698412699,0.1633271666666667,0.129996975,0.1525320871900337,5.142857142857143,0.1746650989795918,0.0965467999999999,0.1370314160779696,0.1498986945499925,5.714285714285714,0.2169342878728414,0.0513303333333333,0.1287228741697191,0.1506990138561093,4.766666666666667,0.2118678101343101,0.1464754999999999,50.0,-0.0907763846153846,0.0209963609686609,0.441123934513595,-0.1813336620044374,1.6866257054337963,0.101905,0.0,0.0,0.0,0.0,0.0,0.0,0.0,0.0,0.0,0.0,0.0,0.0,0.0,0.0,0.0,0.0,0.0,0.0,0.0,0.0,0.0,0.0,0.0,0.0,0.0,0.0,0.0,0.0,0.0,0.0,0.0,0.0,0.0,0.0,0.0,0.0,0.0,0.0,0.0,0.0,0.0,0.0,0.0,0.0,0.0,0.0699104112005714,0.489372878404,0.2714461428571428,3
2024-04-09,0.190512,0.2180312887062058,10,0.0,0.638224,0.2566792,2.566792,0.2092051,0.135040704323178,6,10,bullish,-0.0670359999999999,0.1790596325787455,0.0489004677504,0.1813076666666666,0.1751302170433673,6.666666666666667,0.2367580031746032,0.154429,0.1364318035714285,0.1676182423413597,5.857142857142857,0.1957092989795918,0.0450438,0.138669587506541,0.1547340641763539,6.071428571428571,0.2041275878728414,0.0229344,0.1309950741697191,0.157105017574841,5.033333333333333,0.2180724501343101,0.068166,50.0,-0.1954230571428571,0.0133743175824175,0.4445997297602085,-0.185002997251051,-0.2602854613508938,-0.228721,0.0,0.0,0.0,0.0,0.0,0.0,0.0,0.0,0.0,0.0,0.0,0.0,0.0,0.0,0.0,0.0,0.0,0.0,0.0,0.0,0.0,0.0,0.0,0.0,0.0,0.0,0.0,0.0,0.0,0.0,0.0,0.0,0.0,0.0,0.0,0.0,0.0,0.0,0.0,0.0,0.0,0.0,0.0,0.0,0.0,0.0489004677504,0.489004677504,0.2566792,6
2024-04-10,0.1582878333333333,0.2645876076967645,12,-0.178449,0.823291,0.2606910833333333,3.128293,0.1331544999999999,0.1209090479203272,10,12,bullish,-0.0322241666666666,0.1974945647067165,0.0412642267501527,0.2021159444444444,0.2231561819510603,9.666666666666666,0.2629388087301588,0.0624248333333333,0.1441314702380952,0.1960950923300368,6.714285714285714,0.2117094061224489,0.0538976666666666,0.1390676195578231,0.1672645965340285,6.0,0.201745456462585,0.0055724487179487,0.126016113058608,0.1573557269798894,5.333333333333333,0.2205680418009768,-0.1493688333333333,50.0,-0.180476625,-0.0143164407509157,0.4596640679593238,-0.1855834854501662,-0.1691450757257636,0.0348118333333332,0.0,0.0,0.0,0.0,0.0,0.0,0.0,0.0,0.0,0.0,0.0,0.0,0.0,0.0,0.0,0.0,0.0,0.0,0.0,0.0,0.0,0.0,0.0,0.0,0.0,0.0,0.0,0.0,0.0,0.0,0.0,0.0,0.0,0.0,0.0,0.0,0.0,0.0,0.0,0.0,0.0,0.0,0.0,0.0,0.0,0.0412642267501527,0.4951707210018333,0.2606910833333333,10
2024-04-11,0.0834533333333333,0.0819713823542501,6,-0.011587,0.197469,0.1306723333333333,0.784034,0.2418933333333333,0.1402072413759955,4,6,neutral,-0.0748344999999999,0.1743899282362233,0.0109050417911111,0.1440843888888889,0.1881967595857401,9.333333333333334,0.2160142055555556,-0.1740946666666666,0.1308525714285714,0.1771329200609994,6.428571428571429,0.1990539180272108,-0.0929522916666666,0.1284174392857142,0.1555220133951829,5.928571428571429,0.1891621435374149,-0.1491025238095238,0.1232536175030525,0.154532573913767,5.2,0.2126110062454212,-0.0828748666666666,50.0,0.043357,-0.0186411629731379,0.4560930385076749,-0.1723131726651841,-0.472774807918486,-0.0426103333333332,0.0,0.0,0.0,0.0,0.0,0.0,0.0,0.0,0.0,0.0,0.0,0.0,0.0,0.0,0.0,0.0,0.0,0.0,0.0,0.0,0.0,0.0,0.0,0.0,0.0,0.0,0.0,0.0,0.0,0.0,0.0,0.0,0.0,0.0,0.0,0.0,0.0,0.0,0.0,0.0,0.0,0.0,0.0,0.0,0.0,0.0109050417911111,0.0654302507466666,0.1306723333333333,4
2024-04-12,0.1904975,0.1806774640448184,4,0.039187,0.40269,0.4082139999999999,1.632856,0.2623952499999999,0.0584884520475338,3,4,bullish,0.1070441666666666,0.1864234784504499,0.0777637464649999,0.1440795555555555,0.1757454846986109,7.333333333333333,0.2665258055555556,-1.450000000002838e-05,0.1446063809523809,0.1754378508709891,6.142857142857143,0.2391406323129251,0.0962766666666666,0.1281908589285714,0.1552343054274718,5.642857142857143,0.1967663935374149,-0.003172125,0.1275389008363858,0.1588243647379169,5.133333333333334,0.2203523895787545,0.1285585,50.0,-0.031474,-0.044674774084249,0.4601039904197704,-0.1788597745772795,1.2826829365713368,0.1818786666666666,0.0,0.0,0.0,0.0,0.0,0.0,0.0,0.0,0.0,0.0,0.0,0.0,0.0,0.0,0.0,0.0,0.0,0.0,0.0,0.0,0.0,0.0,0.0,0.0,0.0,0.0,0.0,0.0,0.0,0.0,0.0,0.0,0.0,0.0,0.0,0.0,0.0,0.0,0.0,0.0,0.0,0.0,0.0,0.0,0.0,0.0777637464649999,0.3110549858599999,0.4082139999999999,3
2024-04-13,-0.395327,0.0,1,-0.395327,-0.395327,0.421485,0.421485,-0.298024,0.0,1,1,bearish,-0.5858245,0.1863169357005097,-0.166624400595,-0.0404587222222222,0.1313244231995342,3.6666666666666665,0.3201237777777778,-0.5536148333333333,0.0829763809523809,0.1754378508709891,6.142857142857143,0.2759052037414966,-0.4314099999999999,0.0947193351190476,0.1661256253344239,5.5,0.2223529411564626,-0.4686013333333333,0.1131235741697191,0.1625339190604684,5.0,0.2322417695787545,-0.4324598,50.0,-0.0658267,-0.0403464629731379,0.4414240848964974,-0.2062159690540066,-3.0752345831310124,-0.6928686666666666,0.0,0.0,0.0,0.0,0.0,0.0,0.0,0.0,0.0,0.0,0.0,0.0,0.0,0.0,0.0,0.0,0.0,0.0,0.0,0.0,0.0,0.0,0.0,0.0,0.0,0.0,0.0,0.0,0.0,0.0,0.0,0.0,0.0,0.0,0.0,0.0,0.0,0.0,0.0,0.0,0.0,0.0,0.0,0.0,0.0,-0.166624400595,-0.166624400595,0.421485,1
2024-04-14,0.241372,0.1427442428856589,3,0.077349,0.337464,0.43393,1.30179,0.186191,0.0999920505390303,3,3,bullish,0.636699,0.167495174245373,0.10473855196,0.0121808333333333,0.1617108534652386,2.6666666666666665,0.4212096666666667,0.1579186666666666,0.1037633809523809,0.179143605856318,6.142857142857143,0.3118739656462584,0.145509,0.1099839779761904,0.1606556314297413,5.5,0.2427338935374149,0.213705,0.1207295408363858,0.1603558768442907,4.866666666666666,0.2360511743406593,0.228179,50.0,0.2017207999999999,-0.0243010407509157,0.4345501095698677,-0.1958265603940435,-1.6105629010920075,1.2225235,0.0,0.0,0.0,0.0,0.0,0.0,0.0,0.0,0.0,0.0,0.0,0.0,0.0,0.0,0.0,0.0,0.0,0.0,0.0,0.0,0.0,0.0,0.0,0.0,0.0,0.0,0.0,0.0,0.0,0.0,0.0,0.0,0.0,0.0,0.0,0.0,0.0,0.0,0.0,0.0,0.0,0.0,0.0,0.0,0.0,0.10473855196,0.31421565588,0.43393,3
2024-04-15,0.1407697272727272,0.1500492148417251,11,-0.011032,0.382907,0.3783945454545455,4.16234,0.2463197272727272,0.119452822794684,7,11,neutral,-0.1006022727272727,0.1388605760316131,0.0532664969651239,-0.0043950909090908,0.146396728863692,5.0,0.4112698484848485,-0.0497277727272727,0.0870807705627705,0.1730102000882371,6.714285714285714,0.3271523088744588,-0.1167782727272727,0.1085388727813852,0.1627711436391354,5.928571428571429,0.2509087039270253,-0.0202314727272727,0.1215341539676989,0.1640718661100138,5.133333333333334,0.2384766925224775,0.0241383939393939,50.0,0.0880572333333333,-0.0257879037138787,0.4326405749644171,-0.1965978130613201,-0.4167934670437032,-0.7373012727272727,0.0,0.0,0.0,0.0,0.0,0.0,0.0,0.0,0.0,0.0,0.0,0.0,0.0,0.0,0.0,0.0,0.0,0.0,0.0,0.0,0.0,0.0,0.0,0.0,0.0,0.0,0.0,0.0,0.0,0.0,0.0,0.0,0.0,0.0,0.0,0.0,0.0,0.0,0.0,0.0,0.0,0.0,0.0,0.0,0.0,0.0532664969651239,0.5859314666163636,0.3783945454545455,7
2024-04-16,0.1642584545454545,0.1903955936057154,11,-0.080921,0.4857,0.2406250909090909,2.646876,0.146611,0.1662255630611609,8,11,bullish,0.0234887272727272,0.1659666288444795,0.0395247055575867,0.1821333939393939,0.1610630171110331,8.333333333333334,0.3509832121212122,0.5595854545454545,0.083330264069264,0.168404250904822,6.857142857142857,0.3248588647186147,-0.0262535454545454,0.1098810338203463,0.1680112466230909,6.357142857142857,0.2602840818491033,0.0187902545454545,0.1271363357858807,0.1650119992348603,5.466666666666667,0.2457296955527805,0.1680654545454545,50.0,-0.1629562916666667,-0.0437553361212861,0.4430738291896673,-0.2058767602935634,0.1668592227021952,0.124091,0.0,0.0,0.0,0.0,0.0,0.0,0.0,0.0,0.0,0.0,0.0,0.0,0.0,0.0,0.0,0.0,0.0,0.0,0.0,0.0,0.0,0.0,0.0,0.0,0.0,0.0,0.0,0.0,0.0,0.0,0.0,0.0,0.0,0.0,0.0,0.0,0.0,0.0,0.0,0.0,0.0,0.0,0.0,0.0,0.0,0.0395247055575867,0.4347717611334545,0.2406250909090909,8
2024-04-17,0.158112,0.1394867883755781,7,0.002349,0.451853,0.1473035714285714,1.031125,0.2427371428571428,0.0994465652439013,5,7,bullish,-0.0061464545454545,0.1556689599271694,0.0232904622857142,0.1543800606060606,0.1599771989410062,9.666666666666666,0.2554410692640693,-0.08326,0.083305145021645,0.147554114351291,6.142857142857143,0.3086606487322201,-0.0001758333333333,0.1137183076298701,0.1718246033406639,6.428571428571429,0.2601850274273345,0.0537218333333333,0.1292342524525474,0.1653498450981325,5.566666666666666,0.2464654896003996,0.0629375,50.0,-0.1077603333333333,-0.0456424415343915,0.4287807280232284,-0.1990280448414102,-0.0374194105409269,-0.0296351818181818,0.0,0.0,0.0,0.0,0.0,0.0,0.0,0.0,0.0,0.0,0.0,0.0,0.0,0.0,0.0,0.0,0.0,0.0,0.0,0.0,0.0,0.0,0.0,0.0,0.0,0.0,0.0,0.0,0.0,0.0,0.0,0.0,0.0,0.0,0.0,0.0,0.0,0.0,0.0,0.0,0.0,0.0,0.0,0.0,0.0,0.0232904622857142,0.163033236,0.1473035714285714,5
2024-04-18,0.1416006,0.1424086962975069,10,-0.090044,0.430095,0.2801989,2.801989,0.2478815,0.0941240678516629,6,10,neutral,-0.0165113999999999,0.1530169072012369,0.03967633235934,0.1546570181818182,0.1574303594262668,9.333333333333334,0.2227091874458875,0.0008308727272727,0.0916118974025974,0.1576270000085005,6.714285714285714,0.3300215868274582,0.0581472666666666,0.1112322344155844,0.1673799600347499,6.571428571428571,0.2645377524273345,-0.0348050249999999,0.1223813057858807,0.1595366379381742,5.766666666666667,0.2391751862670662,-0.2055883999999999,50.0,0.179771,-0.0039542129629629,0.421509613292389,-0.1969638326105708,-0.1044285063752276,-0.0103649454545454,0.0,0.0,0.0,0.0,0.0,0.0,0.0,0.0,0.0,0.0,0.0,0.0,0.0,0.0,0.0,0.0,0.0,0.0,0.0,0.0,0.0,0.0,0.0,0.0,0.0,0.0,0.0,0.0,0.0,0.0,0.0,0.0,0.0,0.0,0.0,0.0,0.0,0.0,0.0,0.0,0.0,0.0,0.0,0.0,0.0,0.03967633235934,0.3967633235934,0.2801989,6
2024-04-19,0.028085,0.0180317574850595,4,0.001118,0.038773,0.08148775,0.325951,0.101361,0.0334216604315225,3,4,neutral,-0.1135156,0.128074410121117,0.0022885834587499,0.1092658666666667,0.0999757473860481,7.0,0.1696634071428572,-0.1361734545454545,0.0684101116883117,0.1305193822485406,6.714285714285714,0.2833464082560297,-0.1624125,0.1065082463203463,0.1529786165597649,6.428571428571429,0.2612435202844774,-0.0661358333333333,0.1169025591192141,0.1536059178889486,5.733333333333333,0.2346104446003996,-0.1643624,50.0,-0.0308289999999999,0.0126733009259259,0.4185271789525014,-0.1985003316040166,-0.8016604449416175,-0.0970042,0.0,0.0,0.0,0.0,0.0,0.0,0.0,0.0,0.0,0.0,0.0,0.0,0.0,0.0,0.0,0.0,0.0,0.0,0.0,0.0,0.0,0.0,0.0,0.0,0.0,0.0,0.0,0.0,0.0,0.0,0.0,0.0,0.0,0.0,0.0,0.0,0.0,0.0,0.0,0.0,0.0,0.0,0.0,0.0,0.0,0.0022885834587499,0.0091543338349999,0.08148775,3
2024-04-20,0.146316,0.1370274803205546,3,0.063469,0.304482,0.150074,0.450222,0.306797,0.1146193483274093,3,3,neutral,0.118231,0.1254700632168829,0.021958227384,0.1053338666666667,0.0991559780343736,5.666666666666667,0.1705868833333334,-0.011796,0.1457876831168831,0.1314491105445427,7.0,0.2445734082560297,0.541643,0.114382032034632,0.1517516060798256,6.571428571428571,0.2602393059987631,0.110233,0.121331448008103,0.1517042321037837,5.733333333333333,0.2276630334892884,0.1328666666666667,50.0,-0.0513303333333333,0.002152486111111,0.4165311079056909,-0.1846393605572061,4.209756097560976,0.2317466,0.0,0.0,0.0,0.0,0.0,0.0,0.0,0.0,0.0,0.0,0.0,0.0,0.0,0.0,0.0,0.0,0.0,0.0,0.0,0.0,0.0,0.0,0.0,0.0,0.0,0.0,0.0,0.0,0.0,0.0,0.0,0.0,0.0,0.0,0.0,0.0,0.0,0.0,0.0,0.0,0.0,0.0,0.0,0.0,0.0,0.021958227384,0.065874682152,0.150074,3
2024-04-21,0.0942987142857142,0.1017022737253438,7,0.0,0.237167,0.143148,1.002036,0.1724044285714285,0.0651620266025572,5,7,neutral,-0.0520172857142857,0.1077313992408086,0.0134986723525714,0.0895665714285714,0.0855871705103193,4.666666666666667,0.12490325,-0.0473018857142857,0.124777213729128,0.1255859720930691,7.571428571428571,0.203033122541744,-0.1470732857142857,0.1142702973407544,0.1503048799837994,6.857142857142857,0.2574535440940012,-0.0015642857142857,0.1249260551509601,0.1495518933804658,5.9,0.2304296834892884,0.1078382142857142,50.0,-0.0229344,0.0031013305555555,0.4106447842195708,-0.1854232854425144,-0.3555133116971878,-0.1702482857142857,0.0,0.0,0.0,0.0,0.0,0.0,0.0,0.0,0.0,0.0,0.0,0.0,0.0,0.0,0.0,0.0,0.0,0.0,0.0,0.0,0.0,0.0,0.0,0.0,0.0,0.0,0.0,0.0,0.0,0.0,0.0,0.0,0.0,0.0,0.0,0.0,0.0,0.0,0.0,0.0,0.0,0.0,0.0,0.0,0.0,0.0134986723525714,0.0944907064679999,0.143148,5
2024-04-22,0.0761093809523809,0.1712896151660912,21,-0.198817,0.468308,0.2878316666666666,6.044465,0.1353179523809523,0.1490039470210357,10,21,neutral,-0.0181893333333333,0.1140919645989112,0.021906689968492,0.1055746984126984,0.1366731230706632,10.333333333333334,0.1936845555555556,0.0480243809523809,0.1155400213976499,0.1286203149965499,9.0,0.1900955684291898,-0.0646603463203463,0.1013103959802102,0.1491079542696363,7.857142857142857,0.2586239386518243,-0.181438619047619,0.1202679011827062,0.1510076266585436,6.533333333333333,0.234705739044844,-0.139744619047619,50.0,-0.0055724487179487,0.0097962473646723,0.4120407607525055,-0.1937551438802111,-0.1928905761983321,0.0338279523809524,0.0,0.0,0.0,0.0,0.0,0.0,0.0,0.0,0.0,0.0,0.0,0.0,0.0,0.0,0.0,0.0,0.0,0.0,0.0,0.0,0.0,0.0,0.0,0.0,0.0,0.0,0.0,0.0,0.0,0.0,0.0,0.0,0.0,0.0,0.0,0.0,0.0,0.0,0.0,0.0,0.0,0.0,0.0,0.0,0.0,0.021906689968492,0.4600404893383333,0.2878316666666666,10
2024-04-23,0.1914689166666666,0.2506562237195718,12,-0.290458,0.546873,0.3873806666666666,4.648568,0.149428,0.1583704414271115,7,12,bullish,0.1153595357142857,0.1357414700833242,0.0741713565842777,0.1206256706349206,0.1745493708703356,13.333333333333334,0.2727867777777779,0.0451529166666666,0.1194272302721088,0.1372289764413866,9.142857142857142,0.2110606506802721,0.0272104621212121,0.1013787471706864,0.1516175646552799,8.0,0.2679597576994434,0.0009569166666666,0.1244823984049284,0.1556490046142883,6.833333333333333,0.2437287723781773,0.1264349166666666,50.0,0.1491025238095238,0.0039497722323972,0.4338313333586022,-0.2068378414863078,1.5157071870872558,0.133548869047619,0.0,0.0,0.0,0.0,0.0,0.0,0.0,0.0,0.0,0.0,0.0,0.0,0.0,0.0,0.0,0.0,0.0,0.0,0.0,0.0,0.0,0.0,0.0,0.0,0.0,0.0,0.0,0.0,0.0,0.0,0.0,0.0,0.0,0.0,0.0,0.0,0.0,0.0,0.0,0.0,0.0,0.0,0.0,0.0,0.0,0.0741713565842777,0.8900562790113333,0.3873806666666666,7
2024-04-24,0.2791491052631579,0.1802112101393173,19,-0.029177,0.680498,0.3848047894736842,7.311291,0.2578571578947368,0.0793665305957556,8,19,bullish,0.0876801885964912,0.1681773606141758,0.1074179126825567,0.1822424676274018,0.2007190163416601,17.333333333333332,0.3533390409356725,0.1848503909774436,0.1367182453097028,0.1430467509790636,10.857142857142858,0.2449893961152882,0.1210371052631578,0.1100116951656739,0.1451270725354762,8.5,0.2768250224237542,0.1208612719298245,0.1269134463581447,0.1542126381612166,7.366666666666666,0.2476666875828557,0.0729314385964912,50.0,0.003172125,-0.0054819064713064,0.4372425956129648,-0.1999747557143547,0.4579343223064034,-0.0276793471177944,0.0,0.0,0.0,0.0,0.0,0.0,0.0,0.0,0.0,0.0,0.0,0.0,0.0,0.0,0.0,0.0,0.0,0.0,0.0,0.0,0.0,0.0,0.0,0.0,0.0,0.0,0.0,0.0,0.0,0.0,0.0,0.0,0.0,0.0,0.0,0.0,0.0,0.0,0.0,0.0,0.0,0.0,0.0,0.0,0.0,0.1074179126825567,2.0409403409685787,0.3848047894736842,8
2024-04-25,0.11295825,0.1594125647322067,8,-0.151381,0.384362,0.15237375,1.21899,0.207415875,0.119586356908706,7,8,neutral,-0.1661908552631579,0.1726543774965062,0.0172118721459375,0.1945254239766082,0.1967599995303653,13.0,0.3081864020467836,0.036848869047619,0.1326264810239885,0.1454758750411636,10.571428571428571,0.2267286604010025,-0.02864235,0.1121191892132929,0.1510840865645498,8.642857142857142,0.2783751236142304,0.0295049166666666,0.1250928013581448,0.1543641053458129,7.466666666666667,0.2382133792495224,-0.05461935,50.0,0.4686013333333333,0.0646911629731379,0.4346866537293344,-0.1955450721640576,-0.5953479775852671,-0.2538710438596491,0.0,0.0,0.0,0.0,0.0,0.0,0.0,0.0,0.0,0.0,0.0,0.0,0.0,0.0,0.0,0.0,0.0,0.0,0.0,0.0,0.0,0.0,0.0,0.0,0.0,0.0,0.0,0.0,0.0,0.0,0.0,0.0,0.0,0.0,0.0,0.0,0.0,0.0,0.0,0.0,0.0,0.0,0.0,0.0,0.0,0.0172118721459375,0.1376949771675,0.15237375,7
2024-04-26,-0.0192058571428571,0.3821391540448883,7,-0.83962,0.268694,0.3511588571428571,2.458112,0.0861371428571428,0.2350027511898733,7,7,neutral,-0.1321641071428571,0.2287417535604151,-0.0067443068447346,0.1243004993734336,0.2405876429721374,11.333333333333334,0.2961124655388471,-0.2106747738095238,0.1258706442892946,0.1974912174068534,11.0,0.2652531042785535,-0.0472908571428571,0.0971403779888031,0.1665811396414782,8.857142857142858,0.2742997562672916,-0.2097033571428571,0.1193620932995367,0.1643801220243092,7.266666666666667,0.2401173103850535,-0.1719212417582417,50.0,-0.213705,0.0529195333435083,0.4555623395639327,-0.2219496437129416,-1.170026156946103,0.0340267481203007,0.0,0.0,0.0,0.0,0.0,0.0,0.0,0.0,0.0,0.0,0.0,0.0,0.0,0.0,0.0,0.0,0.0,0.0,0.0,0.0,0.0,0.0,0.0,0.0,0.0,0.0,0.0,0.0,0.0,0.0,0.0,0.0,0.0,0.0,0.0,0.0,0.0,0.0,0.0,0.0,0.0,0.0,0.0,0.0,0.0,-0.0067443068447346,-0.0472101479131428,0.3511588571428571,7
2024-04-27,0.0862945,0.5315272176704594,2,-0.289552,0.462141,0.5376685,1.075337,0.141264,0.1795584533738247,2,2,neutral,0.1055003571428571,0.3007892740612887,0.04639783437325,0.0600156309523809,0.3576929788158514,5.666666666666667,0.3470670357142857,-0.1928546052631578,0.1172961442892946,0.2538483227425541,10.857142857142858,0.3206237471356963,-0.0600214999999999,0.1315419137030889,0.1926487166435483,8.928571428571429,0.282598577695863,0.4816215,0.1144867147281081,0.1749837739711383,7.1,0.2478116365755297,-0.1462613571428571,50.0,0.0202314727272727,0.0351929192020942,0.49834891505833,-0.2656930692073389,-5.49313453485172,0.2376644642857143,0.0,0.0,0.0,0.0,0.0,0.0,0.0,0.0,0.0,0.0,0.0,0.0,0.0,0.0,0.0,0.0,0.0,0.0,0.0,0.0,0.0,0.0,0.0,0.0,0.0,0.0,0.0,0.0,0.0,0.0,0.0,0.0,0.0,0.0,0.0,0.0,0.0,0.0,0.0,0.0,0.0,0.0,0.0,0.0,0.0,0.04639783437325,0.0927956687465,0.5376685,2
2024-04-28,0.273892,0.1691554984090082,2,0.154281,0.393503,0.244782,0.489564,0.30077,0.1162921954475019,1,2,bullish,0.1875975,0.284489128999176,0.067043831544,0.1136602142857143,0.3609406233747853,3.6666666666666665,0.3778697857142858,0.16093375,0.142952327962764,0.2634844976973633,10.142857142857142,0.3351428899928392,0.1795932857142857,0.133864770845946,0.1945352348952162,8.857142857142858,0.2690880062672916,0.03252,0.1171607938947748,0.1744386964991364,6.9,0.2459125532421964,0.080222375,50.0,-0.0187902545454545,0.0365305575859326,0.4973035728434665,-0.2630133269924754,2.1739218606052524,0.0820971428571428,0.0,0.0,0.0,0.0,0.0,0.0,0.0,0.0,0.0,0.0,0.0,0.0,0.0,0.0,0.0,0.0,0.0,0.0,0.0,0.0,0.0,0.0,0.0,0.0,0.0,0.0,0.0,0.0,0.0,0.0,0.0,0.0,0.0,0.0,0.0,0.0,0.0,0.0,0.0,0.0,0.0,0.0,0.0,0.0,0.0,0.067043831544,0.134087663088,0.244782,1
2024-04-29,0.1158889999999999,0.1166488441765039,8,-0.098529,0.240777,0.1827484999999999,1.4619879999999998,0.2056879999999999,0.2044420143344876,7,8,neutral,-0.158003,0.2717766558066133,0.0211785409164999,0.1586918333333333,0.2724438534186572,4.0,0.321733,0.1350948571428571,0.1486351306838524,0.2556786732702794,8.285714285714286,0.3201310090404582,0.039779619047619,0.1320875760407512,0.1921494941334146,8.642857142857142,0.2551132887348241,-0.0248807272727272,0.1185812827836637,0.1777283528431527,7.066666666666666,0.2498950587977519,0.0426146666666666,50.0,-0.0537218333333333,0.0362648353637103,0.4829005865771821,-0.256072640726191,-0.5768806682926118,-0.3456005,0.0,0.0,0.0,0.0,0.0,0.0,0.0,0.0,0.0,0.0,0.0,0.0,0.0,0.0,0.0,0.0,0.0,0.0,0.0,0.0,0.0,0.0,0.0,0.0,0.0,0.0,0.0,0.0,0.0,0.0,0.0,0.0,0.0,0.0,0.0,0.0,0.0,0.0,0.0,0.0,0.0,0.0,0.0,0.0,0.0,0.0211785409164999,0.1694283273319999,0.1827484999999999,7
2024-04-30,0.2602258888888888,0.2834700848398488,9,-0.097827,0.696469,0.5172034444444444,4.654831,0.197529,0.1698286018932029,5,9,bullish,0.1443368888888888,0.2965881598281417,0.1345897260669506,0.2166689629629629,0.1897581424751203,6.333333333333333,0.3149113148148149,0.1739313888888888,0.1584575552870271,0.2603663677160332,7.857142857142857,0.3386771201515693,0.0687569722222222,0.1389423927795679,0.1987976720787099,8.5,0.2748688854159207,0.0959674343434343,0.1263332457466266,0.1804099926680812,7.266666666666667,0.2621819513903445,0.2325588888888888,50.0,0.0348050249999999,0.042680327030377,0.4899851185279161,-0.2529633671213696,1.2454753159392942,0.3023398888888889,0.0,0.0,0.0,0.0,0.0,0.0,0.0,0.0,0.0,0.0,0.0,0.0,0.0,0.0,0.0,0.0,0.0,0.0,0.0,0.0,0.0,0.0,0.0,0.0,0.0,0.0,0.0,0.0,0.0,0.0,0.0,0.0,0.0,0.0,0.0,0.0,0.0,0.0,0.0,0.0,0.0,0.0,0.0,0.0,0.0,0.1345897260669506,1.2113075346025557,0.5172034444444444,5
2024-05-01,0.0848693333333333,0.2371884182490789,9,-0.338052,0.522206,0.2480212222222222,2.232191,0.1671535555555555,0.1916101951470165,3,9,neutral,-0.1753565555555555,0.2675980126689799,0.0210493957825185,0.1536614074074074,0.2124357824218105,8.666666666666666,0.3159910555555556,-0.1890226666666667,0.130703302154195,0.2685059688745706,6.428571428571429,0.3191366105442176,-0.1942797719298245,0.1337107737319489,0.2057763599268171,8.642857142857142,0.2820630033297529,-0.0732426666666666,0.1237955168577377,0.184428755165227,7.4,0.2616510854644186,-0.0761318666666666,50.0,0.0661358333333333,0.0506479139249639,0.5063945538852667,-0.2692312024787199,-0.6738628362623413,-0.3196934444444444,0.0,0.0,0.0,0.0,0.0,0.0,0.0,0.0,0.0,0.0,0.0,0.0,0.0,0.0,0.0,0.0,0.0,0.0,0.0,0.0,0.0,0.0,0.0,0.0,0.0,0.0,0.0,0.0,0.0,0.0,0.0,0.0,0.0,0.0,0.0,0.0,0.0,0.0,0.0,0.0,0.0,0.0,0.0,0.0,0.0,0.0210493957825185,0.1894445620426666,0.2480212222222222,3
2024-05-02,0.1654994,0.2725934626780327,5,-0.293723,0.412147,0.3379534,1.689767,0.2882436,0.2374079360895503,4,5,bullish,0.0806300666666666,0.2158112616704945,0.05593108492796,0.1701982074074074,0.2644173219223202,7.666666666666667,0.3677260222222223,0.0496104,0.1382091807256235,0.2846746685811172,6.0,0.3456479891156462,0.0525411499999999,0.135417830874806,0.2150752718111404,8.285714285714286,0.2861883247583243,0.0238987999999999,0.1244632235244044,0.1896101517680764,7.4,0.2692705387977519,0.0200312,50.0,-0.110233,0.0218328557239057,0.5148200171624471,-0.2801564757559003,0.9500494878401308,0.2559866222222222,0.0,0.0,0.0,0.0,0.0,0.0,0.0,0.0,0.0,0.0,0.0,0.0,0.0,0.0,0.0,0.0,0.0,0.0,0.0,0.0,0.0,0.0,0.0,0.0,0.0,0.0,0.0,0.0,0.0,0.0,0.0,0.0,0.0,0.0,0.0,0.0,0.0,0.0,0.0,0.0,0.0,0.0,0.0,0.0,0.0,0.05593108492796,0.2796554246398,0.3379534,4
2024-05-03,0.020019,0.065838433233687,7,-0.115076,0.092519,0.2438229999999999,1.7067609999999998,0.0706888571428571,0.2712582182757655,5,7,neutral,-0.1454803999999999,0.1951478486354302,0.004881092637,0.0901292444444444,0.1918734380535995,7.0,0.2765992074074074,-0.2402068888888888,0.1438127317460317,0.2394888513223741,6.0,0.3303142952380952,0.0392248571428571,0.1348416880176632,0.2184900343646138,8.5,0.2977836997583243,-0.0080659999999999,0.1216508513021822,0.1886141491062545,7.433333333333334,0.2724416276866408,-0.0843711666666666,50.0,0.0015642857142857,0.0216542069143819,0.5222967481628571,-0.2460986067563103,-0.879038836394573,-0.2261104666666666,0.0,0.0,0.0,0.0,0.0,0.0,0.0,0.0,0.0,0.0,0.0,0.0,0.0,0.0,0.0,0.0,0.0,0.0,0.0,0.0,0.0,0.0,0.0,0.0,0.0,0.0,0.0,0.0,0.0,0.0,0.0,0.0,0.0,0.0,0.0,0.0,0.0,0.0,0.0,0.0,0.0,0.0,0.0,0.0,0.0,0.004881092637,0.034167648459,0.2438229999999999,5
2024-05-04,0.314706,0.0,1,0.314706,0.314706,0.875188,0.875188,0.194677,0.0,1,1,bullish,0.294687,0.2147725997501618,0.2754269147279999,0.1667414666666666,0.1692159479558598,4.333333333333333,0.4856548,0.2298366666666666,0.176442946031746,0.1908157902643599,5.857142857142857,0.3785313666666666,0.2284114999999999,0.1468695451605203,0.2247563846756952,8.357142857142858,0.3495775569011815,0.1683899999999999,0.1262608638021822,0.1883500651483945,7.2,0.2943058693533075,0.1383003749999999,50.0,0.181438619047619,-0.0102527613395863,0.5311586687780289,-0.2476271273714822,14.72036565263,0.4401674,0.0,0.0,0.0,0.0,0.0,0.0,0.0,0.0,0.0,0.0,0.0,0.0,0.0,0.0,0.0,0.0,0.0,0.0,0.0,0.0,0.0,0.0,0.0,0.0,0.0,0.0,0.0,0.0,0.0,0.0,0.0,0.0,0.0,0.0,0.0,0.0,0.0,0.0,0.0,0.0,0.0,0.0,0.0,0.0,0.0,0.2754269147279999,0.2754269147279999,0.875188,1
2024-05-05,0.155774,0.0359040539215281,2,0.130386,0.181162,0.6330925000000001,1.266185,0.1012225,0.1086391787547199,1,2,bullish,-0.158932,0.1528810920205817,0.098619351095,0.1634996666666666,0.0508712435776075,3.3333333333333335,0.5840345000000001,-0.0097253999999999,0.159568946031746,0.1686072161831132,5.857142857142857,0.4340042952380952,-0.118118,0.151260636997255,0.2196949831523248,8.0,0.3845735926154672,0.0614752857142857,0.1283126360244044,0.1826114049534555,7.066666666666666,0.3111553860199742,0.0615531666666666,50.0,-0.0009569166666666,0.0133859145863395,0.5198936023175298,-0.2348616336382558,-0.5050173813019135,-0.453619,0.0,0.0,0.0,0.0,0.0,0.0,0.0,0.0,0.0,0.0,0.0,0.0,0.0,0.0,0.0,0.0,0.0,0.0,0.0,0.0,0.0,0.0,0.0,0.0,0.0,0.0,0.0,0.0,0.0,0.0,0.0,0.0,0.0,0.0,0.0,0.0,0.0,0.0,0.0,0.0,0.0,0.0,0.0,0.0,0.0,0.098619351095,0.19723870219,0.6330925000000001,1
2024-05-06,0.1050695714285714,0.1552489490537237,7,-0.133728,0.339989,0.2071725714285714,1.450208,0.2391609999999999,0.1307229200064013,3,7,neutral,-0.0507044285714285,0.1323962247217429,0.0217675332917551,0.1918498571428571,0.0955765014876259,3.3333333333333335,0.5718176904761906,0.0850505714285714,0.1580233133786848,0.1750405669959832,5.714285714285714,0.4374934482993197,-0.0108194285714285,0.1533292220312686,0.2184610857590658,7.0,0.378812228669889,0.0289601904761904,0.1306121884053568,0.181634174385608,7.266666666666667,0.3125900384009265,0.0689865714285714,50.0,-0.1208612719298245,-0.0022910570422267,0.5132345113667391,-0.2341214309991534,-0.3254999458923091,0.1082275714285714,0.0,0.0,0.0,0.0,0.0,0.0,0.0,0.0,0.0,0.0,0.0,0.0,0.0,0.0,0.0,0.0,0.0,0.0,0.0,0.0,0.0,0.0,0.0,0.0,0.0,0.0,0.0,0.0,0.0,0.0,0.0,0.0,0.0,0.0,0.0,0.0,0.0,0.0,0.0,0.0,0.0,0.0,0.0,0.0,0.0,0.0217675332917551,0.1523727330422857,0.2071725714285714,3
2024-05-07,0.2342607142857143,0.174181219605607,14,0.0,0.557246,0.2760481428571428,3.864674,0.2756764285714285,0.0630804274810088,6,14,bullish,0.1291911428571428,0.1077931639536364,0.0646672351229591,0.1650347619047619,0.1217780741936196,7.666666666666667,0.3721044047619049,-0.0804452857142856,0.1543140027210884,0.1568257561236096,6.428571428571429,0.4030426909297052,-0.0259651746031745,0.1563857790040577,0.2125783931349146,7.142857142857143,0.3708599055406373,0.0427917976190476,0.1352254455482139,0.1835510139081766,7.633333333333334,0.3157200209406091,0.1383977142857143,50.0,-0.0295049166666666,-0.0034815750556947,0.5206939924736593,-0.2339660406775023,1.2295771373253368,0.1798955714285714,0.0,0.0,0.0,0.0,0.0,0.0,0.0,0.0,0.0,0.0,0.0,0.0,0.0,0.0,0.0,0.0,0.0,0.0,0.0,0.0,0.0,0.0,0.0,0.0,0.0,0.0,0.0,0.0,0.0,0.0,0.0,0.0,0.0,0.0,0.0,0.0,0.0,0.0,0.0,0.0,0.0,0.0,0.0,0.0,0.0,0.0646672351229591,0.9053412917214286,0.2760481428571428,6
2024-05-08,0.0594086666666666,0.0145054479535563,3,0.042688,0.068619,0.103673,0.311019,0.146038,0.0797084215312284,2,3,neutral,-0.1748520476190476,0.0949599176336038,0.0061590746993333,0.1329129841269841,0.114645205537629,8.0,0.1956312380952381,-0.0963653333333333,0.1506767646258503,0.1197119277410225,5.571428571428571,0.3824215163265306,-0.0254606666666666,0.1406900333900226,0.1998317960437022,6.0,0.3507790634353741,-0.2197404385964912,0.1286208011037695,0.1773958638547247,7.5,0.3101275828453709,-0.1981393333333333,50.0,0.2097033571428571,0.0257878905527708,0.5031208959813138,-0.22461213751849,-0.7463993617205088,-0.3040431904761905,0.0,0.0,0.0,0.0,0.0,0.0,0.0,0.0,0.0,0.0,0.0,0.0,0.0,0.0,0.0,0.0,0.0,0.0,0.0,0.0,0.0,0.0,0.0,0.0,0.0,0.0,0.0,0.0,0.0,0.0,0.0,0.0,0.0,0.0,0.0,0.0,0.0,0.0,0.0,0.0,0.0,0.0,0.0,0.0,0.0,0.0061590746993333,0.0184772240979999,0.103673,2
2024-05-09,0.1881949999999999,0.1943681706178594,7,-0.053416,0.498324,0.3292558571428571,2.304791,0.2268962857142857,0.1294436206252414,5,7,bullish,0.1287863333333333,0.1148415682304549,0.0619643060349999,0.1606214603174603,0.1276849460590076,8.0,0.2363256666666667,0.0831254285714285,0.1539189931972789,0.1066743790643269,5.857142857142857,0.3811790102040816,0.0226955999999999,0.1460640869614512,0.2025206888041371,5.928571428571429,0.3634134996598639,0.0752367499999999,0.1285435677704361,0.1765507524944266,7.4,0.3125468047501329,-0.002317,50.0,-0.4816215,-0.0315928344472291,0.5296881236795032,-0.2351683652166794,2.1678037996700814,0.3036383809523809,0.0,0.0,0.0,0.0,0.0,0.0,0.0,0.0,0.0,0.0,0.0,0.0,0.0,0.0,0.0,0.0,0.0,0.0,0.0,0.0,0.0,0.0,0.0,0.0,0.0,0.0,0.0,0.0,0.0,0.0,0.0,0.0,0.0,0.0,0.0,0.0,0.0,0.0,0.0,0.0,0.0,0.0,0.0,0.0,0.0,0.0619643060349999,0.4337501422449999,0.3292558571428571,5
2024-05-10,0.1120952727272727,0.1144702749617479,11,-0.063973,0.376741,0.2605504545454545,2.866055,0.1512110909090909,0.1190370243180285,6,11,neutral,-0.0760997272727272,0.1305548124384989,0.0292064742614876,0.1198996464646464,0.1077812978443879,7.0,0.2311597705627706,-0.1221654415584415,0.1670727464440321,0.1147796860190037,6.428571428571429,0.383568646567718,0.0920762727272727,0.1554427390950319,0.1819307750285109,6.214285714285714,0.3569414709029067,0.1313011298701298,0.1270038157502341,0.1711894191824617,7.366666666666666,0.3125421171238702,-0.0461925606060606,50.0,-0.03252,-0.0425545937064884,0.5256026446465187,-0.2345049589109677,-0.4043663608104746,-0.2048860606060605,0.0,0.0,0.0,0.0,0.0,0.0,0.0,0.0,0.0,0.0,0.0,0.0,0.0,0.0,0.0,0.0,0.0,0.0,0.0,0.0,0.0,0.0,0.0,0.0,0.0,0.0,0.0,0.0,0.0,0.0,0.0,0.0,0.0,0.0,0.0,0.0,0.0,0.0,0.0,0.0,0.0,0.0,0.0,0.0,0.0,0.0292064742614876,0.3212712168763637,0.2605504545454545,6
2024-05-12,0.218279,0.0,1,0.218279,0.218279,0.47452,0.47452,0.179574,0.0,1,1,bullish,0.1061837272727272,0.1243812782846927,0.10357775108,0.1728564242424242,0.1544192227898037,6.333333333333333,0.3547754372294373,0.1588703333333333,0.1532974607297464,0.1147796860190037,6.428571428571429,0.3263303608534323,-0.0964269999999999,0.1648702033807462,0.1527977381416818,6.142857142857143,0.3524308637600494,0.1319844999999999,0.131498004639123,0.1744937909168399,7.2,0.3240037060127591,0.1348256666666666,50.0,0.0248807272727272,-0.027541957342852,0.5416155063949029,-0.2381197920879232,0.9472632046765416,0.1822834545454545,0.0,0.0,0.0,0.0,0.0,0.0,0.0,0.0,0.0,0.0,0.0,0.0,0.0,0.0,0.0,0.0,0.0,0.0,0.0,0.0,0.0,0.0,0.0,0.0,0.0,0.0,0.0,0.0,0.0,0.0,0.0,0.0,0.0,0.0,0.0,0.0,0.0,0.0,0.0,0.0,0.0,0.0,0.0,0.0,0.0,0.10357775108,0.10357775108,0.47452,1
2024-05-13,0.265316,0.2530245325589332,4,-0.063878,0.466559,0.57819675,2.312787,0.1537309999999999,0.1681822295150907,3,4,bullish,0.0470369999999999,0.1440921065230242,0.153404848923,0.1985634242424242,0.1837474037603406,5.333333333333333,0.437755734848485,0.077121,0.1689463178726035,0.1509664324585713,6.714285714285714,0.3184881108534322,0.109542,0.1642576319521747,0.1597868243208423,6.285714285714286,0.3762462030457638,-0.008576,0.133991954639123,0.1771733119729182,7.2,0.3296697976794258,0.0748185,50.0,-0.0959674343434343,-0.0383788151270431,0.5601574948353774,-0.2377411186236358,0.2154902670435543,-0.0591467272727272,0.0,0.0,0.0,0.0,0.0,0.0,0.0,0.0,0.0,0.0,0.0,0.0,0.0,0.0,0.0,0.0,0.0,0.0,0.0,0.0,0.0,0.0,0.0,0.0,0.0,0.0,0.0,0.0,0.0,0.0,0.0,0.0,0.0,0.0,0.0,0.0,0.0,0.0,0.0,0.0,0.0,0.0,0.0,0.0,0.0,0.153404848923,0.6136193956920001,0.57819675,3
2024-05-14,0.3096856,0.2210024890341735,5,0.073799,0.552644,0.2886466,1.443233,0.2979966,0.1181129078733565,3,5,bullish,0.0443696,0.1957163667931785,0.0893896955089599,0.2644268666666666,0.2370135107965534,3.3333333333333335,0.4471211166666668,0.1975903272727273,0.1981771790970933,0.1619253557886462,6.428571428571429,0.3301272577922077,0.2046160285714285,0.1781002462378891,0.1684829613923147,6.071428571428571,0.3838103530457638,0.1937966,0.157492374639123,0.1787386397251059,7.333333333333333,0.3252418510127591,0.7050126,50.0,0.0732426666666666,-0.0504005876138156,0.5627734695925553,-0.2285354250474804,0.1672330353239157,-0.0026673999999999,0.0,0.0,0.0,0.0,0.0,0.0,0.0,0.0,0.0,0.0,0.0,0.0,0.0,0.0,0.0,0.0,0.0,0.0,0.0,0.0,0.0,0.0,0.0,0.0,0.0,0.0,0.0,0.0,0.0,0.0,0.0,0.0,0.0,0.0,0.0,0.0,0.0,0.0,0.0,0.0,0.0,0.0,0.0,0.0,0.0,0.0893896955089599,0.4469484775447999,0.2886466,3
2024-05-15,0.0900725714285714,0.1783217863300847,7,-0.096073,0.399014,0.1336047142857142,0.935233,0.2398561428571428,0.1680197597897625,4,7,neutral,-0.2196130285714286,0.1917047707212348,0.0120341201706938,0.2216913904761904,0.2174496026410638,5.333333333333333,0.3334826880952382,-0.1282064285714285,0.1775788729746444,0.1626154502427259,5.428571428571429,0.3097781965677179,-0.1441881428571428,0.1659464378478664,0.1597206031831677,5.928571428571429,0.3564104437487115,-0.1701533174603174,0.1524490603534087,0.1800092662766926,7.466666666666667,0.3152310081556163,-0.1512994285714285,50.0,-0.0238987999999999,-0.0529496857619638,0.5531097069220223,-0.2377793157604061,-0.7091483380933068,-0.2639826285714286,0.0,0.0,0.0,0.0,0.0,0.0,0.0,0.0,0.0,0.0,0.0,0.0,0.0,0.0,0.0,0.0,0.0,0.0,0.0,0.0,0.0,0.0,0.0,0.0,0.0,0.0,0.0,0.0,0.0,0.0,0.0,0.0,0.0,0.0,0.0,0.0,0.0,0.0,0.0,0.0,0.0,0.0,0.0,0.0,0.0,0.0120341201706938,0.0842388411948571,0.1336047142857142,4
2024-05-16,0.0066323333333333,0.1234852756661025,3,-0.096409,0.143508,0.1474186666666666,0.442256,0.1229243333333333,0.2406085741808328,3,3,neutral,-0.083440238095238,0.1939585208973235,0.0009777297368888,0.1354635015873015,0.1742698503434536,5.0,0.1898899936507937,-0.2586836666666666,0.1700393967841682,0.1807787548614835,5.428571428571429,0.3160275775200989,-0.0527763333333333,0.1603580807050093,0.150245341301253,5.5,0.3492245469233148,-0.0782369999999999,0.1479778138887623,0.1790605541632774,7.2,0.3075318121960204,-0.1341373939393939,50.0,0.0080659999999999,-0.0386244333253166,0.5438014900813442,-0.2391036905863946,-0.92636678149471,0.1361727904761905,0.0,0.0,0.0,0.0,0.0,0.0,0.0,0.0,0.0,0.0,0.0,0.0,0.0,0.0,0.0,0.0,0.0,0.0,0.0,0.0,0.0,0.0,0.0,0.0,0.0,0.0,0.0,0.0,0.0,0.0,0.0,0.0,0.0,0.0,0.0,0.0,0.0,0.0,0.0,0.0,0.0,0.0,0.0,0.0,0.0,0.0009777297368888,0.0029331892106666,0.1474186666666666,3
2024-05-17,0.1907506666666666,0.1169878609252544,6,0.066018,0.338682,0.5255901666666667,3.153541,0.1896865,0.0255709949649989,3,6,bullish,0.1841183333333333,0.1785643889029096,0.1002566746851111,0.0958185238095237,0.1395983076404805,5.333333333333333,0.2688711825396827,-0.1189349333333333,0.1704044920222634,0.1678820365793827,5.285714285714286,0.3440753360235003,0.0025556666666666,0.1621617426097711,0.1372782078218548,5.571428571428571,0.362627173113791,0.0252512666666666,0.148860887626136,0.1764388494246896,7.033333333333333,0.3170306480546062,0.0264922121212121,50.0,-0.1683899999999999,-0.0540561092512425,0.5248380614807499,-0.1991446096048479,27.760717696135096,0.2675585714285714,0.0,0.0,0.0,0.0,0.0,0.0,0.0,0.0,0.0,0.0,0.0,0.0,0.0,0.0,0.0,0.0,0.0,0.0,0.0,0.0,0.0,0.0,0.0,0.0,0.0,0.0,0.0,0.0,0.0,0.0,0.0,0.0,0.0,0.0,0.0,0.0,0.0,0.0,0.0,0.0,0.0,0.0,0.0,0.0,0.0,0.1002566746851111,0.6015400481106666,0.5255901666666667,3
2024-05-18,0.25464,0.0,1,0.25464,0.25464,0.381463,0.381463,0.148398,0.0,1,1,bullish,0.0638893333333333,0.1599493529889037,0.0971357383199999,0.1506743333333333,0.1202365682956785,3.3333333333333335,0.3514906111111113,0.1645674285714285,0.1907680244897959,0.1785643889029096,3.857142857142857,0.3613485568027211,0.1425447272727272,0.178920385466914,0.1437727327844155,5.142857142857143,0.3724586016852195,0.2346209999999999,0.152078487626136,0.1778074442783604,6.833333333333333,0.3248359623403204,0.0965279999999999,50.0,-0.0614752857142857,-0.0841870695687029,0.4920163306102722,-0.1494883287343703,0.334936356709981,-0.120229,0.0,0.0,0.0,0.0,0.0,0.0,0.0,0.0,0.0,0.0,0.0,0.0,0.0,0.0,0.0,0.0,0.0,0.0,0.0,0.0,0.0,0.0,0.0,0.0,0.0,0.0,0.0,0.0,0.0,0.0,0.0,0.0,0.0,0.0,0.0,0.0,0.0,0.0,0.0,0.0,0.0,0.0,0.0,0.0,0.0,0.0971357383199999,0.0971357383199999,0.381463,1
2024-05-19,0.247387,0.0,1,0.247387,0.247387,0.229149,0.229149,0.3131,0.0,1,1,bullish,-0.0072529999999999,0.1395983076404805,0.056688483663,0.2309258888888888,0.1169878609252544,2.6666666666666665,0.3787340555555556,0.2407546666666666,0.1949263102040816,0.1785643889029096,3.857142857142857,0.3262955568027211,0.0291079999999999,0.174111885466914,0.1437727327844155,5.142857142857143,0.3263129588280766,-0.0673189999999999,0.1556047009594693,0.1791689345853163,6.533333333333333,0.3231342990069871,0.1057863999999999,50.0,-0.0289601904761904,-0.0338913685105018,0.4895936639136662,-0.1497161620377643,-0.0284833490417844,-0.0711423333333333,0.0,0.0,0.0,0.0,0.0,0.0,0.0,0.0,0.0,0.0,0.0,0.0,0.0,0.0,0.0,0.0,0.0,0.0,0.0,0.0,0.0,0.0,0.0,0.0,0.0,0.0,0.0,0.0,0.0,0.0,0.0,0.0,0.0,0.0,0.0,0.0,0.0,0.0,0.0,0.0,0.0,0.0,0.0,0.0,0.0,0.056688483663,0.056688483663,0.229149,1
2024-05-20,0.01968225,0.0348834943048523,4,0.0,0.071776,0.115096,0.460384,0.20365875,0.0493979751904535,3,4,neutral,-0.2277047499999999,0.0917855436320697,0.002265348246,0.1739030833333333,0.0348834943048523,2.0,0.2419026666666668,-0.1710684166666666,0.1598357744897958,0.1349361812520935,3.857142857142857,0.2601383068027211,-0.2456337499999999,0.1643910461811997,0.143679954637445,5.285714285714286,0.2893132088280766,-0.1360917499999999,0.1553246092928027,0.1798170783091545,6.533333333333333,0.3242545740069872,-0.0084027499999999,50.0,-0.0427917976190476,-0.0350326793570626,0.4745626576797098,-0.1443058308038079,-0.9204394329532272,-0.22045175,0.0,0.0,0.0,0.0,0.0,0.0,0.0,0.0,0.0,0.0,0.0,0.0,0.0,0.0,0.0,0.0,0.0,0.0,0.0,0.0,0.0,0.0,0.0,0.0,0.0,0.0,0.0,0.0,0.0,0.0,0.0,0.0,0.0,0.0,0.0,0.0,0.0,0.0,0.0,0.0,0.0,0.0,0.0,0.0,0.0,0.002265348246,0.009061392984,0.115096,3
2024-05-21,0.1729782,0.1634803085946438,5,0.061118,0.456731,0.3029946,1.514973,0.2189048,0.1230609922871581,5,5,bullish,0.15329595,0.1051172212749168,0.05241146051772,0.1466824833333333,0.0991819014497481,3.3333333333333335,0.2157465333333335,-0.0816617999999999,0.1403061459183673,0.1234317451641875,3.857142857142857,0.2621880210884353,-0.1367074,0.1692416625077303,0.1444282600502559,5.142857142857143,0.2961576394403216,0.0679086285714285,0.1562133492928027,0.1808344947812348,6.6,0.3293519273403205,0.0266621999999999,50.0,0.2197404385964912,-0.0133816003210889,0.4552015512046147,-0.1336694932176017,7.788537895819836,0.3810006999999999,0.0,0.0,0.0,0.0,0.0,0.0,0.0,0.0,0.0,0.0,0.0,0.0,0.0,0.0,0.0,0.0,0.0,0.0,0.0,0.0,0.0,0.0,0.0,0.0,0.0,0.0,0.0,0.0,0.0,0.0,0.0,0.0,0.0,0.0,0.0,0.0,0.0,0.0,0.0,0.0,0.0,0.0,0.0,0.0,0.0,0.05241146051772,0.2620573025886,0.3029946,5
2024-05-22,0.1340312,0.1014151559763135,5,0.0,0.232622,0.1942048,0.971024,0.2479876,0.1625433236918699,3,5,neutral,-0.038947,0.0999263196252699,0.0260295023897599,0.1088972166666666,0.0999263196252699,4.666666666666667,0.2040984666666668,-0.1133558,0.14658595,0.1080504190934333,3.5714285714285716,0.2708451761904761,0.0439586285714285,0.1620824114873222,0.1378131633566838,4.5,0.2903116863790971,-0.1002295142857143,0.1575377654832789,0.1808234517908875,6.533333333333333,0.3310538206736538,0.0397324857142857,50.0,-0.0752367499999999,-0.0110781909495962,0.4406879867538524,-0.1142397421001727,-0.2251555398310307,-0.19224295,0.0,0.0,0.0,0.0,0.0,0.0,0.0,0.0,0.0,0.0,0.0,0.0,0.0,0.0,0.0,0.0,0.0,0.0,0.0,0.0,0.0,0.0,0.0,0.0,0.0,0.0,0.0,0.0,0.0,0.0,0.0,0.0,0.0,0.0,0.0,0.0,0.0,0.0,0.0,0.0,0.0,0.0,0.0,0.0,0.0,0.0260295023897599,0.1301475119487999,0.1942048,3
2024-05-23,0.1142843333333333,0.1075948890154639,9,0.05277,0.319244,0.1147282222222222,1.032554,0.2445614444444444,0.059189558857773,3,9,neutral,-0.0197468666666666,0.1018434619728184,0.0131116383911851,0.1404312444444444,0.1241634511954737,6.333333333333333,0.2039758740740742,0.0946020833333333,0.1619648071428571,0.1048723417633056,4.428571428571429,0.2661751126984127,0.107652,0.1660021019635126,0.1462758398168572,4.928571428571429,0.2911013451092558,0.0548756666666666,0.1588102638959773,0.178373654631248,6.133333333333334,0.325283705858839,0.0381749523809523,50.0,-0.1313011298701298,-0.0338052794536847,0.417502411712698,-0.096175673725685,-0.1473303728286149,0.0192001333333333,0.0,0.0,0.0,0.0,0.0,0.0,0.0,0.0,0.0,0.0,0.0,0.0,0.0,0.0,0.0,0.0,0.0,0.0,0.0,0.0,0.0,0.0,0.0,0.0,0.0,0.0,0.0,0.0,0.0,0.0,0.0,0.0,0.0,0.0,0.0,0.0,0.0,0.0,0.0,0.0,0.0,0.0,0.0,0.0,0.0,0.0131116383911851,0.1180047455206666,0.1147282222222222,3
2024-05-24,0.207654,0.149929265028546,2,0.101638,0.31367,0.06325,0.1265,0.3135775,0.0482027621667057,2,2,bullish,0.0933696666666666,0.1114606225839639,0.0131341155,0.1519898444444444,0.1196464366734411,5.333333333333333,0.1240610074074075,0.0346758,0.164379569047619,0.1114606225839639,3.857142857142857,0.2001265174603174,0.0169033333333333,0.1673920305349412,0.1422359393087378,4.571428571428571,0.2721009267419089,0.019459,0.159349766673755,0.1744995408354393,5.8,0.3144793503032834,0.0161850833333333,50.0,-0.1319844999999999,-0.0458148016759069,0.4373955156870553,-0.0973052777000424,0.8169944553496689,0.1131165333333333,0.0,0.0,0.0,0.0,0.0,0.0,0.0,0.0,0.0,0.0,0.0,0.0,0.0,0.0,0.0,0.0,0.0,0.0,0.0,0.0,0.0,0.0,0.0,0.0,0.0,0.0,0.0,0.0,0.0,0.0,0.0,0.0,0.0,0.0,0.0,0.0,0.0,0.0,0.0,0.0,0.0,0.0,0.0,0.0,0.0,0.0131341155,0.026268231,0.06325,2
2024-05-26,0.1297475,0.0119366695732101,2,0.121307,0.138188,0.0495475,0.099095,0.28574,0.0012119810229537,2,2,neutral,-0.0779064999999999,0.1068712576376355,0.00642866425625,0.1505619444444444,0.0898202745390733,4.333333333333333,0.0758419074074075,-0.0042836999999999,0.1465377833333333,0.0948732970821716,4.0,0.1527100174603174,-0.1248924999999999,0.1686529039115646,0.1329147024552344,3.928571428571429,0.2570292871315193,0.0176522272727272,0.1543697131649831,0.1680274431213582,5.233333333333333,0.3033041073208273,-0.1494016052631578,50.0,0.008576,-0.0457581350092402,0.4138254108313419,-0.0922310228443289,-0.3751745692353626,-0.1712761666666666,0.0,0.0,0.0,0.0,0.0,0.0,0.0,0.0,0.0,0.0,0.0,0.0,0.0,0.0,0.0,0.0,0.0,0.0,0.0,0.0,0.0,0.0,0.0,0.0,0.0,0.0,0.0,0.0,0.0,0.0,0.0,0.0,0.0,0.0,0.0,0.0,0.0,0.0,0.0,0.0,0.0,0.0,0.0,0.0,0.0,0.00642866425625,0.0128573285125,0.0495475,2
2024-05-27,0.0167763333333333,0.1481927966074374,3,-0.147069,0.141444,0.1421796666666666,0.426539,0.147477,0.0791820396554673,3,3,neutral,-0.1129711666666666,0.1038137552401942,0.0023852534812222,0.1180592777777777,0.1033529104030645,2.3333333333333335,0.084992388888889,-0.097508,0.1135934023809523,0.1024903684429239,4.285714285714286,0.140285826984127,-0.2306106666666666,0.154259856292517,0.1341878769679179,4.071428571428571,0.233290691893424,-0.2015026666666666,0.1511636492760942,0.1675959135780979,5.066666666666666,0.3029643045430495,-0.0961819166666666,50.0,-0.1937965999999999,-0.0485810905647958,0.4200859678139979,-0.1123913464936515,-0.8707001419423624,-0.0350646666666667,0.0,0.0,0.0,0.0,0.0,0.0,0.0,0.0,0.0,0.0,0.0,0.0,0.0,0.0,0.0,0.0,0.0,0.0,0.0,0.0,0.0,0.0,0.0,0.0,0.0,0.0,0.0,0.0,0.0,0.0,0.0,0.0,0.0,0.0,0.0,0.0,0.0,0.0,0.0,0.0,0.0,0.0,0.0,0.0,0.0,0.0023852534812222,0.0071557604436666,0.1421796666666666,3
2024-05-28,0.0653938999999999,0.2232424944391935,10,-0.353972,0.430721,0.2202171,2.202171,0.1129949,0.1715632086365126,8,10,neutral,0.0486175666666666,0.1281792229327702,0.0144008550156899,0.0706392444444444,0.127790653539947,5.0,0.1373147555555557,-0.1422601,0.120123638095238,0.129398797033544,5.142857142857143,0.155303126984127,0.0457116499999999,0.139979706292517,0.1317060404579396,4.5,0.207720716893424,-0.1999221,0.1539836411808561,0.1614845035932635,5.166666666666667,0.2985995793049543,0.0845997571428571,50.0,0.1701533174603174,-0.022844579100951,0.426101424876154,-0.1223743706986648,2.8979852570088824,0.1615887333333333,0.0,0.0,0.0,0.0,0.0,0.0,0.0,0.0,0.0,0.0,0.0,0.0,0.0,0.0,0.0,0.0,0.0,0.0,0.0,0.0,0.0,0.0,0.0,0.0,0.0,0.0,0.0,0.0,0.0,0.0,0.0,0.0,0.0,0.0,0.0,0.0,0.0,0.0,0.0,0.0,0.0,0.0,0.0,0.0,0.0,0.0144008550156899,0.1440085501568999,0.2202171,8
2024-05-29,0.1250855833333333,0.1266108095690083,12,-0.022889,0.332525,0.2548800833333333,3.058561,0.16840575,0.1195656713899596,8,12,neutral,0.0596916833333333,0.1319824070434791,0.0318818239037986,0.0690852722222222,0.1660153668718798,8.333333333333334,0.2057589500000002,-0.0046619166666666,0.1132818357142857,0.1241317257441675,6.142857142857143,0.1484296246031746,-0.0478926166666666,0.1267939908163265,0.1238400671691759,5.0,0.205308822845805,-0.1846000166666666,0.1552766772919672,0.1459107955893615,5.5,0.2891732987493987,0.0387910833333333,50.0,0.0782369999999999,-0.010933780159152,0.4150461495006998,-0.1222366084184487,0.9128020095656224,0.0110741166666666,0.0,0.0,0.0,0.0,0.0,0.0,0.0,0.0,0.0,0.0,0.0,0.0,0.0,0.0,0.0,0.0,0.0,0.0,0.0,0.0,0.0,0.0,0.0,0.0,0.0,0.0,0.0,0.0,0.0,0.0,0.0,0.0,0.0,0.0,0.0,0.0,0.0,0.0,0.0,0.0,0.0,0.0,0.0,0.0,0.0,0.0318818239037986,0.3825818868455833,0.2548800833333333,8
2024-05-30,0.1491995,0.0924051296977313,12,0.026657,0.287869,0.16006375,1.920765,0.2348015833333333,0.1267126731470981,7,12,neutral,0.0241139166666666,0.1204775799773161,0.023881431468125,0.1132263277777777,0.1474194779019777,11.333333333333334,0.2117203111111113,0.1324231666666666,0.1154487357142857,0.1228445791329415,7.142857142857143,0.1435523317460317,0.0151683,0.1310173428571428,0.1166803457831464,5.357142857142857,0.207198753968254,0.0591269285714285,0.1511202606253006,0.1429588583312355,5.833333333333333,0.286349357082732,-0.1246925,50.0,-0.0252512666666666,-0.0089848322755542,0.4287003596078576,-0.1269117351922732,0.192779343742651,-0.0355777666666666,0.0,0.0,0.0,0.0,0.0,0.0,0.0,0.0,0.0,0.0,0.0,0.0,0.0,0.0,0.0,0.0,0.0,0.0,0.0,0.0,0.0,0.0,0.0,0.0,0.0,0.0,0.0,0.0,0.0,0.0,0.0,0.0,0.0,0.0,0.0,0.0,0.0,0.0,0.0,0.0,0.0,0.0,0.0,0.0,0.0,0.023881431468125,0.2865771776175,0.16006375,7
2024-05-31,0.1834003333333333,0.2556711427468236,6,-0.171405,0.427651,0.4031796666666666,2.419078,0.1832635,0.1097522215661259,5,6,bullish,0.0342008333333333,0.1692244746120388,0.0739432852598889,0.1525618055555555,0.1582290273378544,10.0,0.2727078333333335,0.1180064333333333,0.12532245,0.1439983296659929,6.714285714285714,0.1847596809523809,0.069116,0.1436436285714285,0.1276958347065398,5.571428571428571,0.2254673968253968,0.176768,0.1533706384030783,0.1483058698147093,5.766666666666667,0.2936970626382876,0.0675113333333333,50.0,-0.2346209999999999,-0.0594694365640532,0.4356727406426377,-0.1343635828937199,0.2292288736445722,0.0100869166666666,0.0,0.0,0.0,0.0,0.0,0.0,0.0,0.0,0.0,0.0,0.0,0.0,0.0,0.0,0.0,0.0,0.0,0.0,0.0,0.0,0.0,0.0,0.0,0.0,0.0,0.0,0.0,0.0,0.0,0.0,0.0,0.0,0.0,0.0,0.0,0.0,0.0,0.0,0.0,0.0,0.0,0.0,0.0,0.0,0.0,0.0739432852598889,0.4436597115593333,0.4031796666666666,5
2024-06-01,0.4829914999999999,0.0349657232228935,2,0.458267,0.507716,0.4055545,0.811109,0.3422555,0.1089305067485688,1,2,bullish,0.2995911666666666,0.14657905993513,0.1958793762867499,0.2718637777777777,0.1276806652224828,6.666666666666667,0.322932638888889,0.3579059166666666,0.1646563785714285,0.1275749665508997,6.714285714285714,0.2336603238095238,0.2753374999999999,0.1645179738095238,0.1208606565646764,5.285714285714286,0.2168934206349206,0.2922408333333333,0.1607961587734487,0.1387480097525187,5.533333333333333,0.2899754311568062,0.2227656111111111,50.0,0.0673189999999999,-0.0436299087862754,0.4448640753311147,-0.1064652948549243,1.6335366529686417,0.2653903333333333,0.0,0.0,0.0,0.0,0.0,0.0,0.0,0.0,0.0,0.0,0.0,0.0,0.0,0.0,0.0,0.0,0.0,0.0,0.0,0.0,0.0,0.0,0.0,0.0,0.0,0.0,0.0,0.0,0.0,0.0,0.0,0.0,0.0,0.0,0.0,0.0,0.0,0.0,0.0,0.0,0.0,0.0,0.0,0.0,0.0,0.1958793762867499,0.3917587525734999,0.4055545,1
2024-06-02,0.232419,0.2056474782850497,3,0.015014,0.423839,0.1870543333333333,0.561163,0.3019646666666666,0.1249864160232356,2,3,bullish,-0.2505725,0.1430600567043013,0.043474981099,0.299603611111111,0.165428114751589,3.6666666666666665,0.3319295000000001,0.0832195,0.1793237357142857,0.1552479392240196,6.857142857142857,0.2533041571428571,0.1026715,0.1629307595238095,0.1273827197739359,5.428571428571429,0.2030070873015872,-0.0222209999999999,0.165714480995671,0.1375348966769791,5.333333333333333,0.2879432015271765,0.1475496666666667,50.0,0.1360917499999999,-0.0139195888007054,0.4531060904131748,-0.1132933099369843,-0.518792773785874,-0.5501636666666666,0.0,0.0,0.0,0.0,0.0,0.0,0.0,0.0,0.0,0.0,0.0,0.0,0.0,0.0,0.0,0.0,0.0,0.0,0.0,0.0,0.0,0.0,0.0,0.0,0.0,0.0,0.0,0.0,0.0,0.0,0.0,0.0,0.0,0.0,0.0,0.0,0.0,0.0,0.0,0.0,0.0,0.0,0.0,0.0,0.0,0.043474981099,0.130424943297,0.1870543333333333,2
2024-06-03,0.1990974999999999,0.2066664326065879,4,-0.034,0.467984,0.4666945,1.866778,0.2290495,0.1480627996009351,3,4,bullish,-0.0333215,0.1590711813118172,0.0929177082137499,0.304836,0.1490932113715104,3.0,0.3531011111111112,0.0156971666666666,0.2053696166666666,0.1636013157953268,7.0,0.299663419047619,0.1823211666666666,0.1594815095238095,0.1330458421191253,5.642857142857143,0.219974623015873,-0.0482895,0.1668344176623376,0.1349992416742312,5.3,0.2922345715271765,0.0335980999999999,50.0,-0.0679086285714285,-0.0068000475308641,0.4446442654184697,-0.1114533349422792,-0.14336822721034,0.2172509999999999,0.0,0.0,0.0,0.0,0.0,0.0,0.0,0.0,0.0,0.0,0.0,0.0,0.0,0.0,0.0,0.0,0.0,0.0,0.0,0.0,0.0,0.0,0.0,0.0,0.0,0.0,0.0,0.0,0.0,0.0,0.0,0.0,0.0,0.0,0.0,0.0,0.0,0.0,0.0,0.0,0.0,0.0,0.0,0.0,0.0,0.0929177082137499,0.3716708328549999,0.4666945,3
2024-06-04,-0.0210356249999999,0.1790412807259324,8,-0.188798,0.334542,0.359375125,2.875001,0.0164091249999999,0.1585236628883952,6,8,neutral,-0.2201331249999999,0.1763984115174574,-0.0075596803638281,0.1368269583333333,0.1971183972058567,5.0,0.3377079861111112,-0.5040271249999999,0.1930225416666666,0.1572868566934324,6.714285714285714,0.3195431369047619,-0.0864295249999999,0.1565730898809524,0.1433428268634882,5.928571428571429,0.2374231319444444,-0.040717875,0.1654659301623376,0.1393531973470099,5.333333333333333,0.2960863090271765,-0.041054625,50.0,0.1002295142857142,0.0033836762786596,0.4234458476897762,-0.1233270397135858,-1.1056548927033236,-0.1868116249999999,0.0,0.0,0.0,0.0,0.0,0.0,0.0,0.0,0.0,0.0,0.0,0.0,0.0,0.0,0.0,0.0,0.0,0.0,0.0,0.0,0.0,0.0,0.0,0.0,0.0,0.0,0.0,0.0,0.0,0.0,0.0,0.0,0.0,0.0,0.0,0.0,0.0,0.0,0.0,0.0,0.0,0.0,0.0,0.0,0.0,-0.0075596803638281,-0.0604774429106249,0.359375125,6
2024-06-05,0.1797238888888889,0.2339319527049717,9,0.0,0.601629,0.3540314444444444,3.186283,0.191743,0.1848046801186323,6,9,bullish,0.2007595138888889,0.172050573509087,0.0636279079845061,0.1192619212962962,0.2065465553458307,7.0,0.3933670231481483,-0.0526951111111111,0.2008280138888889,0.1726184485699986,6.285714285714286,0.333707617063492,0.0546383055555555,0.1570549248015873,0.148375087157083,6.214285714285714,0.2410686208333333,0.0067456888888889,0.1609665264586339,0.1428561142121196,5.6,0.2787144238419913,-0.134982111111111,50.0,-0.0548756666666666,0.0188193355379188,0.4341073209377796,-0.1250233812155574,-9.543786499754058,0.4208926388888889,0.0,0.0,0.0,0.0,0.0,0.0,0.0,0.0,0.0,0.0,0.0,0.0,0.0,0.0,0.0,0.0,0.0,0.0,0.0,0.0,0.0,0.0,0.0,0.0,0.0,0.0,0.0,0.0,0.0,0.0,0.0,0.0,0.0,0.0,0.0,0.0,0.0,0.0,0.0,0.0,0.0,0.0,0.0,0.0,0.0,0.0636279079845061,0.5726511718605556,0.3540314444444444,6
2024-06-06,0.0897946666666666,0.0809595402646696,6,0.0466,0.252,0.0558363333333333,0.335018,0.25653,0.1959290430936669,5,6,neutral,-0.0899292222222222,0.1812493369174422,0.0050138049395555,0.0828276435185185,0.1646442578985246,7.666666666666667,0.2564143009259261,-0.1093028333333333,0.1923416091269841,0.1709833643652755,5.428571428571429,0.3188179861111111,-0.0594048333333333,0.1538951724206349,0.1469139717491085,6.285714285714286,0.2311851589285714,-0.0442365333333333,0.1587672153475228,0.1445248359285323,5.733333333333333,0.2594725516197691,-0.0659793333333333,50.0,-0.019459,-0.0022486997354497,0.4335403558931759,-0.1161401828376203,-0.5003743396506369,-0.2906887361111111,0.0,0.0,0.0,0.0,0.0,0.0,0.0,0.0,0.0,0.0,0.0,0.0,0.0,0.0,0.0,0.0,0.0,0.0,0.0,0.0,0.0,0.0,0.0,0.0,0.0,0.0,0.0,0.0,0.0,0.0,0.0,0.0,0.0,0.0,0.0,0.0,0.0,0.0,0.0,0.0,0.0,0.0,0.0,0.0,0.0,0.0050138049395555,0.0300828296373333,0.0558363333333333,5
2024-06-07,0.231767,0.0,1,0.231767,0.231767,0.031696,0.031696,0.262008,0.0,1,1,bullish,0.1419723333333333,0.1751498015755404,0.007346086832,0.1670951851851851,0.1574457464848207,5.333333333333333,0.147187925925926,0.252802625,0.1992511329365079,0.1568687346350175,4.714285714285714,0.2657488908730159,0.0483666666666666,0.1622867914682539,0.1499385165747734,5.714285714285714,0.2252542859126984,0.1174826666666666,0.1629904629665704,0.1441123700391018,5.533333333333333,0.2536233325721501,0.1266974285714285,50.0,-0.0176522272727272,-0.0129030583213083,0.4379949694724832,-0.1164931630835942,1.581077569566121,0.2319015555555555,0.0,0.0,0.0,0.0,0.0,0.0,0.0,0.0,0.0,0.0,0.0,0.0,0.0,0.0,0.0,0.0,0.0,0.0,0.0,0.0,0.0,0.0,0.0,0.0,0.0,0.0,0.0,0.0,0.0,0.0,0.0,0.0,0.0,0.0,0.0,0.0,0.0,0.0,0.0,0.0,0.0,0.0,0.0,0.0,0.0,0.007346086832,0.007346086832,0.031696,1
2024-06-08,0.238971,0.0,1,0.238971,0.238971,0.257805,0.257805,0.171493,0.0,1,1,bullish,0.0072039999999999,0.1646442578985245,0.0616079186549999,0.1868442222222222,0.0809595402646696,2.6666666666666665,0.1151124444444446,0.059247111111111,0.1643910615079365,0.1812493369174422,4.571428571428571,0.2446418194444444,-0.2440204999999999,0.1645237200396825,0.1499392875369591,5.642857142857143,0.2391510716269841,0.0313169999999999,0.16314747249038,0.1429096160564416,5.1,0.2530152278102453,0.0047102857142856,50.0,0.2015026666666666,0.0122918231601731,0.4372115194724831,-0.1172766130835942,0.0310829410571824,-0.1347683333333333,0.0,0.0,0.0,0.0,0.0,0.0,0.0,0.0,0.0,0.0,0.0,0.0,0.0,0.0,0.0,0.0,0.0,0.0,0.0,0.0,0.0,0.0,0.0,0.0,0.0,0.0,0.0,0.0,0.0,0.0,0.0,0.0,0.0,0.0,0.0,0.0,0.0,0.0,0.0,0.0,0.0,0.0,0.0,0.0,0.0,0.0616079186549999,0.0616079186549999,0.257805,1
2024-06-09,0.24876425,0.1836987689931082,4,0.0,0.419536,0.3128069999999999,1.2512279999999998,0.22531675,0.0098822609887616,2,4,bullish,0.00979325,0.1661967539875831,0.0778151987497499,0.2398340833333333,0.1836987689931082,2.0,0.2007693333333335,0.1589695833333333,0.1667260972222222,0.176859595059054,4.714285714285714,0.2626064861111111,0.01634525,0.173024916468254,0.1642527958219506,5.785714285714286,0.2579553216269841,0.11901675,0.1694593252681578,0.1496773488980237,5.133333333333334,0.2599863611435786,0.1893555833333333,50.0,0.1999221,0.0605743898268398,0.4422889081784931,-0.1222162767896041,0.0409809140021175,0.00258925,0.0,0.0,0.0,0.0,0.0,0.0,0.0,0.0,0.0,0.0,0.0,0.0,0.0,0.0,0.0,0.0,0.0,0.0,0.0,0.0,0.0,0.0,0.0,0.0,0.0,0.0,0.0,0.0,0.0,0.0,0.0,0.0,0.0,0.0,0.0,0.0,0.0,0.0,0.0,0.0,0.0,0.0,0.0,0.0,0.0,0.0778151987497499,0.3112607949989999,0.3128069999999999,2
2024-06-10,0.1740212,0.1435263738157555,5,0.0,0.358795,0.2267112,1.133556,0.20074,0.1042956892853199,2,5,bullish,-0.07474305,0.1360615610245111,0.03945255507744,0.2205854833333333,0.1636125714044319,3.3333333333333335,0.2657744000000001,-0.0577457999999999,0.1631437686507936,0.1642315833008875,4.857142857142857,0.2283231575396825,-0.0250762999999999,0.1842566926587301,0.1638639272559771,5.928571428571429,0.2639932882936508,0.1572448666666666,0.1689868652681577,0.1476436770259395,5.066666666666666,0.2565682059054834,-0.0141737999999999,50.0,0.1846000166666666,0.0736056139009138,0.46207728673526,-0.1265707603463711,-0.3004573607341086,-0.0845363,0.0,0.0,0.0,0.0,0.0,0.0,0.0,0.0,0.0,0.0,0.0,0.0,0.0,0.0,0.0,0.0,0.0,0.0,0.0,0.0,0.0,0.0,0.0,0.0,0.0,0.0,0.0,0.0,0.0,0.0,0.0,0.0,0.0,0.0,0.0,0.0,0.0,0.0,0.0,0.0,0.0,0.0,0.0,0.0,0.0,0.03945255507744,0.1972627753872,0.2267112,2
2024-06-11,0.1168172857142857,0.1256407436499194,7,0.0,0.347778,0.2209108571428571,1.546376,0.2288902857142856,0.0687795130464352,5,7,neutral,-0.0572039142857142,0.150955295486261,0.0258062067162449,0.1798675785714285,0.150955295486261,5.333333333333333,0.2534763523809525,-0.1221537142857142,0.1828370416099773,0.1535514758856849,4.714285714285714,0.2085425478458049,0.1378529107142857,0.187929791638322,0.1557304480235376,5.714285714285714,0.2640428423752834,0.0514233857142857,0.1691442657010582,0.1480904957734664,4.933333333333334,0.2552468859920635,0.0047220129870129,50.0,-0.0591269285714285,0.0519146496151996,0.4550648449160049,-0.1251744099556875,-0.3287180773705404,0.0175391357142857,0.0,0.0,0.0,0.0,0.0,0.0,0.0,0.0,0.0,0.0,0.0,0.0,0.0,0.0,0.0,0.0,0.0,0.0,0.0,0.0,0.0,0.0,0.0,0.0,0.0,0.0,0.0,0.0,0.0,0.0,0.0,0.0,0.0,0.0,0.0,0.0,0.0,0.0,0.0,0.0,0.0,0.0,0.0,0.0,0.0,0.0258062067162449,0.1806434470137143,0.2209108571428571,5
2024-06-12,0.1850725,0.2317378792114672,8,0.039958,0.72728,0.2150645,1.720516,0.24610425,0.1998197940936854,6,8,bullish,0.0682552142857142,0.1711509414175626,0.03980252467625,0.1586369952380952,0.166968332225714,6.666666666666667,0.2208955190476192,-0.06369175,0.1836011289115646,0.153112661186984,4.571428571428571,0.1886901272108843,0.005348611111111,0.1922145714002267,0.1644910371604092,5.428571428571429,0.2611988721371882,0.0599869166666666,0.1680373823677248,0.1513077028287741,5.166666666666667,0.2465983693253968,-0.0332065,50.0,-0.176768,0.0398191639009138,0.4720972124976886,-0.1371026475373712,0.5842903630945029,0.1254591285714285,0.0,0.0,0.0,0.0,0.0,0.0,0.0,0.0,0.0,0.0,0.0,0.0,0.0,0.0,0.0,0.0,0.0,0.0,0.0,0.0,0.0,0.0,0.0,0.0,0.0,0.0,0.0,0.0,0.0,0.0,0.0,0.0,0.0,0.0,0.0,0.0,0.0,0.0,0.0,0.0,0.0,0.0,0.0,0.0,0.0,0.03980252467625,0.31842019741,0.2150645,6
2024-06-13,0.2477382,0.2255662496799998,5,0.039749,0.496353,0.3694138,1.847069,0.2679998,0.1017863952657721,5,5,bullish,0.0626656999999999,0.18203400307005,0.09151790986716,0.1832093285714285,0.1943149575137955,6.666666666666667,0.2684630523809525,0.0737169999999999,0.2061644908163265,0.18203400307005,4.428571428571429,0.2334869081632652,0.1579435333333333,0.1992530499716553,0.1755877971589315,4.928571428571429,0.2761524471371882,0.0985386999999999,0.1674514557010581,0.1502516150257382,5.2,0.2396389376587301,-0.0175778,50.0,-0.2922408333333333,-0.0037886525012025,0.4918778347937482,-0.143537883166764,0.3386008185981168,-0.0055895142857142,0.0,0.0,0.0,0.0,0.0,0.0,0.0,0.0,0.0,0.0,0.0,0.0,0.0,0.0,0.0,0.0,0.0,0.0,0.0,0.0,0.0,0.0,0.0,0.0,0.0,0.0,0.0,0.0,0.0,0.0,0.0,0.0,0.0,0.0,0.0,0.0,0.0,0.0,0.0,0.0,0.0,0.0,0.0,0.0,0.0,0.09151790986716,0.4575895493358,0.3694138,5
2024-06-14,0.173644,0.2432383863065203,3,-0.011,0.449255,0.1409093333333333,0.422728,0.273495,0.0995368717461022,2,3,bullish,-0.0740942,0.1939419265327324,0.0244680602773333,0.2021515666666666,0.2335141717326624,5.333333333333333,0.2417958777777779,0.0568267142857142,0.1978612051020408,0.1922347336094617,4.714285714285714,0.24908881292517,-0.058123,0.1985561690192743,0.1745517341222396,4.714285714285714,0.2574188518990929,-0.0097563333333333,0.1629167357010582,0.1511068418439054,5.133333333333334,0.2347143621031746,-0.1360416,50.0,0.0222209999999999,0.0047776437950937,0.5005450149357454,-0.1556060633087612,-0.2990826606474093,-0.1367599,0.0,0.0,0.0,0.0,0.0,0.0,0.0,0.0,0.0,0.0,0.0,0.0,0.0,0.0,0.0,0.0,0.0,0.0,0.0,0.0,0.0,0.0,0.0,0.0,0.0,0.0,0.0,0.0,0.0,0.0,0.0,0.0,0.0,0.0,0.0,0.0,0.0,0.0,0.0,0.0,0.0,0.0,0.0,0.0,0.0,0.0244680602773333,0.073404180832,0.1409093333333333,2
2024-06-15,0.2145185,0.277084741955417,2,0.01859,0.410447,0.37326,0.74652,0.238581,0.0565600572135495,2,2,bullish,0.0408745,0.2206536001606647,0.0800711753099999,0.2119668999999999,0.2486297926473123,3.3333333333333335,0.2945277111111112,0.029446,0.1943679908163265,0.2043561633731696,4.857142857142857,0.2655823843537415,-0.0244524999999999,0.1793795261621315,0.1947283190166165,4.714285714285714,0.255112101899093,-0.2684729999999999,0.1670649333201058,0.1549054170602643,4.966666666666667,0.2427028716269841,0.1244459285714285,50.0,0.0482895,0.0123052549062048,0.5342444618671017,-0.1808284102401175,0.2353925272396397,0.1149687,0.0,0.0,0.0,0.0,0.0,0.0,0.0,0.0,0.0,0.0,0.0,0.0,0.0,0.0,0.0,0.0,0.0,0.0,0.0,0.0,0.0,0.0,0.0,0.0,0.0,0.0,0.0,0.0,0.0,0.0,0.0,0.0,0.0,0.0,0.0,0.0,0.0,0.0,0.0,0.0,0.0,0.0,0.0,0.0,0.0,0.0800711753099999,0.1601423506199999,0.37326,2
2024-06-17,0.127587,0.1946612253857112,4,-0.158528,0.276915,0.518913,2.075652,0.214366,0.099791826926524,4,4,neutral,-0.0869315,0.2344576965078231,0.066206552931,0.1719164999999999,0.2383281178825495,3.0,0.3443607777777779,-0.1201511999999999,0.1770569551020408,0.2059222285721129,4.857142857142857,0.2950260986394558,-0.12117725,0.1718915261621315,0.1938127979416717,4.785714285714286,0.2788162923752834,-0.104832,0.171096755542328,0.1576429535879416,5.0,0.2550860160714286,0.1209546666666666,50.0,0.040717875,0.0187908218253968,0.5449481539535765,-0.1804510356599258,-0.4052401074965562,-0.127806,0.0,0.0,0.0,0.0,0.0,0.0,0.0,0.0,0.0,0.0,0.0,0.0,0.0,0.0,0.0,0.0,0.0,0.0,0.0,0.0,0.0,0.0,0.0,0.0,0.0,0.0,0.0,0.0,0.0,0.0,0.0,0.0,0.0,0.0,0.0,0.0,0.0,0.0,0.0,0.0,0.0,0.0,0.0,0.0,0.0,0.066206552931,0.264826211724,0.518913,4
2024-06-18,0.1781531428571428,0.2338674222690011,14,-0.39565,0.5451,0.3504517857142857,4.906325,0.2276246428571428,0.1763989157391268,9,14,bullish,0.0505661428571428,0.2348836051193298,0.0624340870448979,0.1734195476190475,0.2352044632033764,6.666666666666667,0.414208261904762,0.0045091428571428,0.1776472326530612,0.2188280926368623,6.142857142857143,0.312703325170068,0.0041319428571428,0.1703955006519274,0.1960795470802061,5.5,0.2705132413548753,-0.0209443571428571,0.1706768380820106,0.1621383213319318,5.266666666666667,0.2492480700396825,-0.0125975238095238,50.0,-0.0067456888888889,-0.0043478843474426,0.5517666636330789,-0.1759936210537139,0.3963267641463694,0.1374976428571428,0.0,0.0,0.0,0.0,0.0,0.0,0.0,0.0,0.0,0.0,0.0,0.0,0.0,0.0,0.0,0.0,0.0,0.0,0.0,0.0,0.0,0.0,0.0,0.0,0.0,0.0,0.0,0.0,0.0,0.0,0.0,0.0,0.0,0.0,0.0,0.0,0.0,0.0,0.0,0.0,0.0,0.0,0.0,0.0,0.0,0.0624340870448979,0.8740772186285714,0.3504517857142857,9
2024-06-19,0.0542167499999999,0.2216214500680157,4,-0.254682,0.265988,0.267251,1.069004,0.16492325,0.1009082065489059,3,4,neutral,-0.1239363928571428,0.234094645196933,0.0144894806542499,0.1199856309523809,0.2167166992409094,7.333333333333333,0.3788719285714286,-0.16030175,0.1687042989795918,0.2325396221251618,5.714285714285714,0.3193233455782313,-0.0626005357142857,0.1757706702947845,0.1996278945253797,5.214285714285714,0.2639329467120181,0.0752523749999999,0.1639960630820106,0.164341400174009,5.366666666666666,0.2454410033730158,-0.20042325,50.0,0.0442365333333333,-0.0216462806437389,0.5587799597996355,-0.1900938005536036,-0.6956733452438993,-0.1745025357142857,0.0,0.0,0.0,0.0,0.0,0.0,0.0,0.0,0.0,0.0,0.0,0.0,0.0,0.0,0.0,0.0,0.0,0.0,0.0,0.0,0.0,0.0,0.0,0.0,0.0,0.0,0.0,0.0,0.0,0.0,0.0,0.0,0.0,0.0,0.0,0.0,0.0,0.0,0.0,0.0,0.0,0.0,0.0,0.0,0.0,0.0144894806542499,0.0579579226169999,0.267251,3
2024-06-20,0.1281241111111111,0.131199736892309,9,-0.067024,0.387327,0.1823731111111111,1.641358,0.2103241111111111,0.1492160993948411,7,9,neutral,0.0739073611111111,0.2116869153140908,0.023366392751679,0.1201646679894179,0.1955628697431086,9.0,0.2666919656084657,0.000537111111111,0.1605688148526077,0.218177030365282,5.857142857142857,0.3146531471655329,-0.0569483888888888,0.1720849718820861,0.1910668765409912,5.214285714285714,0.2516716371882086,-0.0515997777777778,0.1600206334523809,0.1631577693425197,5.633333333333334,0.2438818070767195,-0.1192628888888888,50.0,-0.1174826666666666,-0.0552110232363315,0.5620367022656996,-0.1954580819085567,1.3631831696129169,0.1978437539682539,0.0,0.0,0.0,0.0,0.0,0.0,0.0,0.0,0.0,0.0,0.0,0.0,0.0,0.0,0.0,0.0,0.0,0.0,0.0,0.0,0.0,0.0,0.0,0.0,0.0,0.0,0.0,0.0,0.0,0.0,0.0,0.0,0.0,0.0,0.0,0.0,0.0,0.0,0.0,0.0,0.0,0.0,0.0,0.0,0.0,0.023366392751679,0.2102975347651111,0.1823731111111111,7
2024-06-21,0.0235712499999999,0.134104538862722,4,-0.143079,0.18005,0.08924825,0.356993,0.1686335,0.1815016731998174,3,4,neutral,-0.1045528611111111,0.1830908746955518,0.0021036928128124,0.0686373703703703,0.1623085752743489,5.666666666666667,0.1796241203703705,-0.1545818928571428,0.1285449648526077,0.2051110716770995,5.714285714285714,0.2746294971655328,-0.22416695,0.1673547278344671,0.1954956264241622,5.071428571428571,0.254058202664399,-0.0662234166666666,0.1601502667857142,0.1667013780767294,5.633333333333334,0.2430202154100529,0.0038889999999999,50.0,-0.0313169999999999,-0.0521210311728395,0.540537847667466,-0.1899421356436565,-0.8160279919557165,-0.1784602222222222,0.0,0.0,0.0,0.0,0.0,0.0,0.0,0.0,0.0,0.0,0.0,0.0,0.0,0.0,0.0,0.0,0.0,0.0,0.0,0.0,0.0,0.0,0.0,0.0,0.0,0.0,0.0,0.0,0.0,0.0,0.0,0.0,0.0,0.0,0.0,0.0,0.0,0.0,0.0,0.0,0.0,0.0,0.0,0.0,0.0,0.0021036928128124,0.0084147712512499,0.08924825,3
2024-06-22,-0.000826,0.0,1,-0.000826,-0.000826,0.014747,0.014747,0.144884,0.0,1,1,neutral,-0.0243972499999999,0.180198287023012,-1.2181022e-05,0.050289787037037,0.1326521378775155,4.666666666666667,0.0954561203703705,-0.0550427499999999,0.103620679138322,0.1987565192388627,5.428571428571429,0.2566063066893424,-0.17447,0.1507409421201813,0.1954956264241622,5.071428571428571,0.2528475598072562,-0.232593,0.1543567934523809,0.1668206769464362,5.5,0.2334119620767195,-0.1738042,50.0,-0.11901675,-0.0457042256172839,0.5337180635621587,-0.2315041015383491,-1.0350426897173464,0.0801556111111111,0.0,0.0,0.0,0.0,0.0,0.0,0.0,0.0,0.0,0.0,0.0,0.0,0.0,0.0,0.0,0.0,0.0,0.0,0.0,0.0,0.0,0.0,0.0,0.0,0.0,0.0,0.0,0.0,0.0,0.0,0.0,0.0,0.0,0.0,0.0,0.0,0.0,0.0,0.0,0.0,0.0,0.0,0.0,0.0,0.0,-1.2181022e-05,-1.2181022e-05,0.014747,1
2024-06-23,0.033426,0.0,1,0.033426,0.033426,0.023743,0.023743,0.139442,0.0,1,1,neutral,0.034252,0.1623085752743489,0.000793633518,0.0187237499999999,0.134104538862722,2.0,0.0425794166666668,-0.0946981111111111,0.0777503219954648,0.1830908746955518,5.285714285714286,0.2066753066893423,-0.1810925,0.1360591564058957,0.1954956264241622,5.071428571428571,0.2361288455215419,-0.2055449999999999,0.1510032867857142,0.1693362739068256,5.366666666666666,0.2277299020767196,-0.1006051999999999,50.0,-0.1572448666666667,-0.0307046737654321,0.5219756714359183,-0.2396610094121087,-41.46731234866828,0.0586492499999999,0.0,0.0,0.0,0.0,0.0,0.0,0.0,0.0,0.0,0.0,0.0,0.0,0.0,0.0,0.0,0.0,0.0,0.0,0.0,0.0,0.0,0.0,0.0,0.0,0.0,0.0,0.0,0.0,0.0,0.0,0.0,0.0,0.0,0.0,0.0,0.0,0.0,0.0,0.0,0.0,0.0,0.0,0.0,0.0,0.0,0.000793633518,0.000793633518,0.023743,1
2024-06-24,0.3690051111111111,0.1952433266909809,9,-0.00598,0.612338,0.3871587777777778,3.484429,0.3134354444444444,0.0805639106565574,3,9,bullish,0.3355791111111111,0.153515867482004,0.1428635678115308,0.1338683703703703,0.1952433266909809,3.6666666666666665,0.141882925925926,0.3454338611111111,0.1122386235827664,0.1832072949566057,6.0,0.1878532749433106,0.2414181111111111,0.1446477893424036,0.1964576728989849,5.428571428571429,0.2414396867913832,0.1202408611111111,0.1594939793783068,0.1727073676635762,5.366666666666666,0.2368109205952381,0.2547207777777778,50.0,-0.0514233857142857,-0.0388873832892416,0.529043163752023,-0.2297377406171023,10.039463624457342,0.3013271111111111,0.0,0.0,0.0,0.0,0.0,0.0,0.0,0.0,0.0,0.0,0.0,0.0,0.0,0.0,0.0,0.0,0.0,0.0,0.0,0.0,0.0,0.0,0.0,0.0,0.0,0.0,0.0,0.0,0.0,0.0,0.0,0.0,0.0,0.0,0.0,0.0,0.0,0.0,0.0,0.0,0.0,0.0,0.0,0.0,0.0,0.1428635678115308,1.2857721103037778,0.3871587777777778,3
2024-06-25,0.2074046666666666,0.0991415355640611,9,0.069872,0.40716,0.2188827777777778,1.969945,0.2685798888888889,0.0795753941781698,5,9,bullish,-0.1616004444444444,0.142829800372588,0.045397309564074,0.2032785925925926,0.147192431127521,6.333333333333333,0.2099281851851853,0.2082306666666666,0.1164174126984127,0.1562621176156177,5.285714285714286,0.1690577023809523,0.0292515238095238,0.1470323226757369,0.1927589363780104,5.714285714285714,0.2408805137755101,0.0333834666666666,0.1594856682671958,0.1707539934534037,5.6,0.2419986798544973,-0.0002493333333333,50.0,-0.0599869166666666,-0.0509180962522046,0.5304777101901225,-0.2083282578885351,-0.4379355179061055,-0.4971795555555556,0.0,0.0,0.0,0.0,0.0,0.0,0.0,0.0,0.0,0.0,0.0,0.0,0.0,0.0,0.0,0.0,0.0,0.0,0.0,0.0,0.0,0.0,0.0,0.0,0.0,0.0,0.0,0.0,0.0,0.0,0.0,0.0,0.0,0.0,0.0,0.0,0.0,0.0,0.0,0.0,0.0,0.0,0.0,0.0,0.0,0.045397309564074,0.4085757860766666,0.2188827777777778,5
2024-06-26,0.34361625,0.1822432514351158,8,-0.019002,0.483934,0.456178125,3.649425,0.3105455,0.1240260398407182,4,8,bullish,0.1362115833333333,0.1588760378967193,0.1567502166445312,0.3066753425925926,0.1588760378967193,8.666666666666666,0.354073226851852,0.31019025,0.1577601984126984,0.1483864778890378,5.857142857142857,0.1960472916666666,0.2893995,0.1632322486961451,0.1974758120267767,5.785714285714286,0.257685318622449,0.2267989642857142,0.1666146266005291,0.1773042466019386,5.8,0.255553034021164,0.21386875,50.0,-0.0985386999999999,-0.0663910490299823,0.5322112405869459,-0.1936725521742475,0.6567430980337956,0.2978120277777778,0.0,0.0,0.0,0.0,0.0,0.0,0.0,0.0,0.0,0.0,0.0,0.0,0.0,0.0,0.0,0.0,0.0,0.0,0.0,0.0,0.0,0.0,0.0,0.0,0.0,0.0,0.0,0.0,0.0,0.0,0.0,0.0,0.0,0.0,0.0,0.0,0.0,0.0,0.0,0.0,0.0,0.0,0.0,0.0,0.0,0.1567502166445312,1.25400173315625,0.456178125,4
2024-06-27,0.0718546666666666,0.276677792823108,6,-0.342694,0.40073,0.2795591666666666,1.677355,0.0740378333333333,0.138107170902045,5,6,neutral,-0.2717615833333333,0.1883264766283165,0.0200876307344444,0.2076251944444444,0.1860208599407616,7.666666666666667,0.318206689814815,-0.2971504444444444,0.1497217063492063,0.1774820890751976,5.428571428571429,0.2099310138888888,-0.0562694444444444,0.155145260600907,0.2012208048277468,5.642857142857143,0.2622920805272108,-0.1132178333333333,0.1684505710449735,0.1822459772256182,5.9,0.2601323506878307,0.0550783333333333,50.0,0.0097563333333333,-0.064557491005291,0.5557790221567509,-0.2190343337440524,-0.79088687840966,-0.4079731666666667,0.0,0.0,0.0,0.0,0.0,0.0,0.0,0.0,0.0,0.0,0.0,0.0,0.0,0.0,0.0,0.0,0.0,0.0,0.0,0.0,0.0,0.0,0.0,0.0,0.0,0.0,0.0,0.0,0.0,0.0,0.0,0.0,0.0,0.0,0.0,0.0,0.0,0.0,0.0,0.0,0.0,0.0,0.0,0.0,0.0,0.0200876307344444,0.1205257844066666,0.2795591666666666,5
2024-06-28,0.114319,0.1169326612007954,5,-0.044232,0.249305,0.1269384,0.634692,0.2118398,0.1492225778131446,5,5,neutral,0.0424643333333333,0.1740477135428123,0.0145114709496,0.1765966388888888,0.1919512351530064,6.333333333333333,0.287558563888889,-0.0930856666666666,0.1626856706349206,0.1740477135428123,5.571428571428571,0.215315321031746,0.09074775,0.1456153177437641,0.1921680057878131,5.642857142857143,0.2449724090986394,-0.1334191999999999,0.1700814077116402,0.1781571374856798,5.733333333333333,0.2570230606878307,0.0489251,50.0,0.2684729999999999,-0.039642328042328,0.5408747777127031,-0.2158748893000047,0.5909753019984787,0.3142259166666666,0.0,0.0,0.0,0.0,0.0,0.0,0.0,0.0,0.0,0.0,0.0,0.0,0.0,0.0,0.0,0.0,0.0,0.0,0.0,0.0,0.0,0.0,0.0,0.0,0.0,0.0,0.0,0.0,0.0,0.0,0.0,0.0,0.0,0.0,0.0,0.0,0.0,0.0,0.0,0.0,0.0,0.0,0.0,0.0,0.0,0.0145114709496,0.072557354748,0.1269384,5
2024-06-30,0.03351,0.0,1,0.03351,0.03351,0.013796,0.013796,0.117802,0.0,1,1,neutral,-0.080809,0.1687488102557701,0.0004623039599999,0.0732278888888888,0.1968052270119517,4.0,0.1400978555555556,-0.31010625,0.1675908134920634,0.1740477135428123,5.571428571428571,0.2151794638888889,0.034336,0.1356057463151927,0.1875252439224761,5.5,0.2358928852891156,-0.1401339999999999,0.1670288882671957,0.1802189906023467,5.366666666666666,0.2489869245767196,-0.0915755833333333,50.0,0.104832,-0.0149406984126984,0.5306017277127031,-0.2261479393000047,-0.7068728732756585,-0.1232733333333333,0.0,0.0,0.0,0.0,0.0,0.0,0.0,0.0,0.0,0.0,0.0,0.0,0.0,0.0,0.0,0.0,0.0,0.0,0.0,0.0,0.0,0.0,0.0,0.0,0.0,0.0,0.0,0.0,0.0,0.0,0.0,0.0,0.0,0.0,0.0,0.0,0.0,0.0,0.0,0.0,0.0,0.0,0.0,0.0,0.0,0.0004623039599999,0.0004623039599999,0.013796,1
2024-07-01,0.207421,0.217840731179915,3,0.067965,0.458446,0.2336993333333333,0.701098,0.2814253333333333,0.0576904630102179,1,3,bullish,0.1739109999999999,0.1984236091597336,0.0484741494193333,0.1184166666666666,0.1673866961903552,3.0,0.1248112444444446,0.1355663333333333,0.1924472420634921,0.1813465498156627,5.857142857142857,0.2451732257936508,0.173995,0.1350987820294784,0.1821394247610668,5.571428571428571,0.2259242662414966,-0.0070975,0.1689696049338624,0.185236414661634,5.066666666666666,0.251441444021164,0.0582214999999999,50.0,0.0209443571428571,-0.0091338809523809,0.532551266646445,-0.2322318032337466,5.189823933154282,0.25472,0.0,0.0,0.0,0.0,0.0,0.0,0.0,0.0,0.0,0.0,0.0,0.0,0.0,0.0,0.0,0.0,0.0,0.0,0.0,0.0,0.0,0.0,0.0,0.0,0.0,0.0,0.0,0.0,0.0,0.0,0.0,0.0,0.0,0.0,0.0,0.0,0.0,0.0,0.0,0.0,0.0,0.0,0.0,0.0,0.0,0.0484741494193333,0.145422448258,0.2336993333333333,1
2024-07-02,0.1758975,0.394424873013438,4,-0.348369,0.582937,0.3473445,1.389378,0.22649125,0.0453934545162258,3,4,bullish,-0.0315234999999999,0.2514690145543141,0.06109702918875,0.1389428333333333,0.3061328020966765,2.6666666666666665,0.1982799444444446,0.0615785,0.1648604404761904,0.2145434742027389,5.142857142857143,0.2394854718253968,-0.193107611111111,0.1385495320294784,0.2002997563635875,5.571428571428571,0.2136693733843537,0.0483105,0.168719510489418,0.1907865638722986,5.0,0.2495802717989418,-0.0075028333333333,50.0,-0.075252375,-0.0042711726190476,0.5621625521402901,-0.2616554587275916,-0.151978343562127,-0.2054344999999999,0.0,0.0,0.0,0.0,0.0,0.0,0.0,0.0,0.0,0.0,0.0,0.0,0.0,0.0,0.0,0.0,0.0,0.0,0.0,0.0,0.0,0.0,0.0,0.0,0.0,0.0,0.0,0.0,0.0,0.0,0.0,0.0,0.0,0.0,0.0,0.0,0.0,0.0,0.0,0.0,0.0,0.0,0.0,0.0,0.0,0.06109702918875,0.244388116755,0.3473445,3
2024-07-03,0.133801,0.1504936940047655,6,-0.001865,0.349904,0.1903096666666666,1.141858,0.2373168333333333,0.1908537110893227,5,6,neutral,-0.0420965,0.2199229898497285,0.0254636237096666,0.1723731666666666,0.2542530993993728,4.333333333333333,0.2571178333333335,0.100291,0.1543456309523809,0.2231021672761896,4.714285714285714,0.2354035988095238,-0.0736036666666666,0.1353815218253968,0.1927203265213842,5.0,0.2022306505952381,-0.0443521428571428,0.1570798271560846,0.1954076827035735,5.133333333333334,0.242405444021164,-0.3491904999999999,50.0,0.0515997777777778,0.0189337878747795,0.5659356143669106,-0.2637301495256408,-0.2393240381472166,-0.010573,0.0,0.0,0.0,0.0,0.0,0.0,0.0,0.0,0.0,0.0,0.0,0.0,0.0,0.0,0.0,0.0,0.0,0.0,0.0,0.0,0.0,0.0,0.0,0.0,0.0,0.0,0.0,0.0,0.0,0.0,0.0,0.0,0.0,0.0,0.0,0.0,0.0,0.0,0.0,0.0,0.0,0.0,0.0,0.0,0.0,0.0254636237096666,0.152781742258,0.1903096666666666,5
2024-07-04,0.1079558,0.1752424836482295,5,-0.059208,0.36076,0.1528752,0.7643759999999999,0.1965456,0.0975576440741575,3,5,neutral,-0.0258452,0.234500445461587,0.01650376451616,0.1392180999999999,0.2400536835554777,5.0,0.2301764555555557,-0.0994651999999999,0.1206798523809523,0.2219353726450419,4.285714285714286,0.1920746095238095,-0.23566045,0.1392200253968254,0.1885040568468582,5.071428571428571,0.1940609505952381,0.05373905,0.1529310538227513,0.1941914829181007,5.2,0.2412661395767195,-0.1244632,50.0,0.0662234166666666,0.0320056548059964,0.5554332622418239,-0.2609394674005539,-0.1931614860875479,0.0162513,0.0,0.0,0.0,0.0,0.0,0.0,0.0,0.0,0.0,0.0,0.0,0.0,0.0,0.0,0.0,0.0,0.0,0.0,0.0,0.0,0.0,0.0,0.0,0.0,0.0,0.0,0.0,0.0,0.0,0.0,0.0,0.0,0.0,0.0,0.0,0.0,0.0,0.0,0.0,0.0,0.0,0.0,0.0,0.0,0.0,0.01650376451616,0.0825188225808,0.1528752,3
2024-07-06,0.7215,0.0,1,0.7215,0.7215,0.949596,0.949596,0.382405,0.0,1,1,bullish,0.6135442,0.234500445461587,0.685133514,0.3210855999999999,0.1628680888264976,4.0,0.4309269555555557,0.5456025,0.2134863285714286,0.2109868886094287,3.5714285714285716,0.2877941571428571,0.6496453333333334,0.1816040174603174,0.1942344888423131,4.5,0.248862585515873,0.5933758888888889,0.170344470489418,0.1936716933477471,5.1,0.2573628562433862,0.5224025000000001,50.0,0.232593,0.0645145344356261,0.5764372188331481,-0.2345672439918783,5.683290754179025,0.6393894,0.0,0.0,0.0,0.0,0.0,0.0,0.0,0.0,0.0,0.0,0.0,0.0,0.0,0.0,0.0,0.0,0.0,0.0,0.0,0.0,0.0,0.0,0.0,0.0,0.0,0.0,0.0,0.0,0.0,0.0,0.0,0.0,0.0,0.0,0.0,0.0,0.0,0.0,0.0,0.0,0.0,0.0,0.0,0.0,0.0,0.685133514,0.685133514,0.949596,1
2024-07-07,0.270634,0.0,1,0.270634,0.270634,0.435074,0.435074,0.281954,0.0,1,1,bullish,-0.450866,0.2400536835554777,0.117745816916,0.3666966,0.1752424836482295,2.3333333333333335,0.5125150666666668,0.1368329999999999,0.2358170428571428,0.234500445461587,3.0,0.3318135285714286,0.1563149999999999,0.1992513567460317,0.200915594395601,4.285714285714286,0.2735644248015873,0.24706275,0.1800667913227513,0.1943077982443477,4.866666666666666,0.2598861520767195,0.291669625,50.0,0.2055449999999999,0.0983016122134038,0.5758884160864464,-0.2243194412451764,-0.624900900900901,-1.0644102,0.0,0.0,0.0,0.0,0.0,0.0,0.0,0.0,0.0,0.0,0.0,0.0,0.0,0.0,0.0,0.0,0.0,0.0,0.0,0.0,0.0,0.0,0.0,0.0,0.0,0.0,0.0,0.0,0.0,0.0,0.0,0.0,0.0,0.0,0.0,0.0,0.0,0.0,0.0,0.0,0.0,0.0,0.0,0.0,0.0,0.117745816916,0.117745816916,0.435074,1
2024-07-08,0.1143277142857142,0.1196794905413542,7,0.063633,0.384553,0.096319,0.6742330000000001,0.3003557142857143,0.0516058429660643,5,7,neutral,-0.1563062857142857,0.1484718893981164,0.0110119311122857,0.3688205714285714,0.1196794905413542,3.0,0.4936630000000002,0.0063719142857142,0.2473624306122449,0.2115362544775404,3.857142857142857,0.3436025285714286,0.0808177142857142,0.2074766220521542,0.1927919840101763,4.714285714285714,0.2793909962301587,0.1151537142857142,0.1778869188359788,0.1893402998894078,4.8,0.2512957372619047,-0.0653961746031746,50.0,-0.120240861111111,0.0838574794973544,0.5498915099455237,-0.2083416136756824,-0.5775559823018752,0.2945597142857143,0.0,0.0,0.0,0.0,0.0,0.0,0.0,0.0,0.0,0.0,0.0,0.0,0.0,0.0,0.0,0.0,0.0,0.0,0.0,0.0,0.0,0.0,0.0,0.0,0.0,0.0,0.0,0.0,0.0,0.0,0.0,0.0,0.0,0.0,0.0,0.0,0.0,0.0,0.0,0.0,0.0,0.0,0.0,0.0,0.0,0.0110119311122857,0.077083517786,0.096319,5
2024-07-09,0.1060198,0.0833700608504036,5,0.0,0.226552,0.0970664,0.485332,0.3404512,0.0584159563021953,3,5,neutral,-0.0083079142857142,0.1260973450133291,0.01029096031472,0.1636605047619047,0.1015247756958789,4.333333333333333,0.2094864666666668,-0.6154802,0.2328765448979592,0.1846421204116382,4.142857142857143,0.324083538095238,-0.1014012,0.2126618934807256,0.182844536450197,5.0,0.2846283819444444,0.0725938,0.1784277566137566,0.1894451051322658,4.766666666666667,0.2526700728174603,0.0162251333333333,50.0,-0.0333834666666666,0.050317872089947,0.5339743280074827,-0.1945811517376414,-0.072667544677331,0.1479983714285714,0.0,0.0,0.0,0.0,0.0,0.0,0.0,0.0,0.0,0.0,0.0,0.0,0.0,0.0,0.0,0.0,0.0,0.0,0.0,0.0,0.0,0.0,0.0,0.0,0.0,0.0,0.0,0.0,0.0,0.0,0.0,0.0,0.0,0.0,0.0,0.0,0.0,0.0,0.0,0.0,0.0,0.0,0.0,0.0,0.0,0.01029096031472,0.0514548015736,0.0970664,3
2024-07-10,0.2835047499999999,0.1493809825281365,8,0.068938,0.45454,0.382588125,3.060705,0.24894875,0.0608198582789488,4,8,bullish,0.1774849499999999,0.1174768446399647,0.1084655507310937,0.1679507547619047,0.1174768446399648,6.666666666666667,0.1919911750000001,0.0128707499999999,0.2482490091836734,0.1356333423145778,4.714285714285714,0.3291183416666667,0.1076072499999999,0.2065547248299319,0.1786752324353929,4.928571428571429,0.2843019067460317,-0.0855003611111111,0.1801523482804232,0.1877757666904271,5.0,0.2643664769841269,0.0517377499999999,50.0,-0.2267989642857142,0.0134699871693121,0.5279770497325103,-0.1780487127483833,1.674073616437684,0.1857928642857142,0.0,0.0,0.0,0.0,0.0,0.0,0.0,0.0,0.0,0.0,0.0,0.0,0.0,0.0,0.0,0.0,0.0,0.0,0.0,0.0,0.0,0.0,0.0,0.0,0.0,0.0,0.0,0.0,0.0,0.0,0.0,0.0,0.0,0.0,0.0,0.0,0.0,0.0,0.0,0.0,0.0,0.0,0.0,0.0,0.0,0.1084655507310937,0.8677244058487499,0.382588125,4
2024-07-11,0.2245876,0.2288985380388,5,0.012375,0.489095,0.6301452000000001,3.150726,0.193856,0.1088255905612278,3,5,bullish,-0.0589171499999999,0.1453322679896735,0.14152279811952,0.2047040499999999,0.15388319380578,6.0,0.3699332416666668,0.1102598857142857,0.2612185234693877,0.1513143111213847,4.571428571428571,0.3919519892857143,0.0907866,0.2077820772108843,0.1904713235694601,4.642857142857143,0.3136777940476191,0.0171829333333333,0.1796729016137566,0.189420677544362,5.133333333333334,0.2767778169841269,-0.0143833999999999,50.0,0.1132178333333333,0.0237225956349206,0.5374658706286148,-0.1705004486444878,-0.2078171529753909,-0.2364020999999999,0.0,0.0,0.0,0.0,0.0,0.0,0.0,0.0,0.0,0.0,0.0,0.0,0.0,0.0,0.0,0.0,0.0,0.0,0.0,0.0,0.0,0.0,0.0,0.0,0.0,0.0,0.0,0.0,0.0,0.0,0.0,0.0,0.0,0.0,0.0,0.0,0.0,0.0,0.0,0.0,0.0,0.0,0.0,0.0,0.0,0.14152279811952,0.7076139905976,0.6301452000000001,3
2024-07-12,0.0824926,0.0551345899259258,5,0.049551,0.180531,0.345951,1.729755,0.1043992,0.0497077537985775,4,5,neutral,-0.142095,0.127292732376924,0.0285383974626,0.1968616499999999,0.1444713701642874,6.0,0.4528947750000001,-0.0235271999999999,0.2575809234693877,0.127292732376924,4.571428571428571,0.4195342464285714,-0.0254632,0.18913038792517,0.1789159907049883,4.428571428571429,0.3058044279761905,-0.26112365,0.1741305132804232,0.1842781103816747,5.166666666666667,0.277882616984127,-0.16627165,50.0,0.1334191999999999,0.0469083261904761,0.5250422754775415,-0.1626400046045256,-0.632692989283469,-0.08317785,0.0,0.0,0.0,0.0,0.0,0.0,0.0,0.0,0.0,0.0,0.0,0.0,0.0,0.0,0.0,0.0,0.0,0.0,0.0,0.0,0.0,0.0,0.0,0.0,0.0,0.0,0.0,0.0,0.0,0.0,0.0,0.0,0.0,0.0,0.0,0.0,0.0,0.0,0.0,0.0,0.0,0.0,0.0,0.0,0.0,0.0285383974626,0.142691987313,0.345951,4
2024-07-14,-0.154175,0.0,1,-0.154175,-0.154175,0.056943,0.056943,0.145139,0.0,1,1,bearish,-0.2366676,0.1291960428358164,-0.008779187025,0.0509683999999999,0.1420165639823629,3.6666666666666665,0.3443464000000002,-0.43767975,0.1324844948979592,0.127292732376924,4.571428571428571,0.2920123892857143,-0.875675,0.1729854117346938,0.1691398104931763,4.071428571428571,0.2899032732142857,-0.2260296666666666,0.1631906399470899,0.1859760994052547,5.033333333333333,0.2722236769841269,-0.3281962,50.0,0.1401339999999999,0.0567454619929453,0.5215572531429408,-0.1769296072699249,-2.868955518434381,-0.0945726,0.0,0.0,0.0,0.0,0.0,0.0,0.0,0.0,0.0,0.0,0.0,0.0,0.0,0.0,0.0,0.0,0.0,0.0,0.0,0.0,0.0,0.0,0.0,0.0,0.0,0.0,0.0,0.0,0.0,0.0,0.0,0.0,0.0,0.0,0.0,0.0,0.0,0.0,0.0,0.0,0.0,0.0,0.0,0.0,0.0,-0.008779187025,-0.008779187025,0.056943,1
2024-07-15,0.1883243333333333,0.1129795292850287,6,0.00222,0.321541,0.2463546666666666,1.478128,0.2601445,0.1220296017181896,4,6,bullish,0.3424993333333333,0.1365984099444727,0.0463945783635555,0.0388806444444443,0.0840570596054773,4.0,0.2164162222222223,-0.0362632666666666,0.1207259710884353,0.1249071985282748,5.285714285714286,0.2650524845238095,-0.0823096666666666,0.1782715069727891,0.1687444973015997,4.142857142857143,0.298433006547619,0.0740053333333333,0.1655742082010582,0.1854485488067175,5.0,0.2730718039682539,0.0715070476190476,50.0,0.0070975,0.050175915696649,0.5227958117005157,-0.1592531324941665,-2.221497216366682,0.5791669333333334,0.0,0.0,0.0,0.0,0.0,0.0,0.0,0.0,0.0,0.0,0.0,0.0,0.0,0.0,0.0,0.0,0.0,0.0,0.0,0.0,0.0,0.0,0.0,0.0,0.0,0.0,0.0,0.0,0.0,0.0,0.0,0.0,0.0,0.0,0.0,0.0,0.0,0.0,0.0,0.0,0.0,0.0,0.0,0.0,0.0,0.0463945783635555,0.2783674701813333,0.2463546666666666,4
2024-07-16,0.109795,0.2833566209625837,7,-0.371471,0.504294,0.531731,3.722117,0.1410558571428571,0.148223915237981,3,7,neutral,-0.0785293333333333,0.1700923195530845,0.0583814051449999,0.0479814444444443,0.1981680751238062,4.666666666666667,0.278342888888889,0.0273024,0.1200784404761904,0.1521867202651463,5.285714285714286,0.3272541988095238,-0.0045327142857142,0.1837204355442177,0.17916378127078,4.571428571428571,0.3354283636904762,0.076285,0.1630649582010582,0.1875993297130141,4.966666666666667,0.2836273539682539,-0.0752775,50.0,-0.0483105,0.018964415696649,0.5407198098147549,-0.1695402306084057,-0.4169898384524569,-0.4210286666666666,0.0,0.0,0.0,0.0,0.0,0.0,0.0,0.0,0.0,0.0,0.0,0.0,0.0,0.0,0.0,0.0,0.0,0.0,0.0,0.0,0.0,0.0,0.0,0.0,0.0,0.0,0.0,0.0,0.0,0.0,0.0,0.0,0.0,0.0,0.0,0.0,0.0,0.0,0.0,0.0,0.0,0.0,0.0,0.0,0.0,0.0583814051449999,0.4086698360149999,0.531731,3
2024-07-17,0.220715,0.1383458586763221,10,-0.01101,0.436757,0.2465693,2.465693,0.3535885,0.1187335290605255,4,10,bullish,0.1109199999999999,0.147454149712465,0.0544215430495,0.1729447777777777,0.1782273363079781,7.666666666666667,0.3415516555555557,0.37489,0.136463469047619,0.1613493532361328,6.0,0.348611755952381,0.1146952,0.1846700069727891,0.1719369746795443,5.071428571428571,0.3363476470238095,0.013294,0.1621641848677248,0.1839651467545275,5.133333333333334,0.2795325373015873,-0.0270231999999999,50.0,0.0443521428571428,0.0010540982363315,0.5261931207573669,-0.1698425526621288,1.0102463682317042,0.1894493333333333,0.0,0.0,0.0,0.0,0.0,0.0,0.0,0.0,0.0,0.0,0.0,0.0,0.0,0.0,0.0,0.0,0.0,0.0,0.0,0.0,0.0,0.0,0.0,0.0,0.0,0.0,0.0,0.0,0.0,0.0,0.0,0.0,0.0,0.0,0.0,0.0,0.0,0.0,0.0,0.0,0.0,0.0,0.0,0.0,0.0,0.0544215430495,0.544215430495,0.2465693,4
2024-07-18,0.3560623333333333,0.1930673045253045,6,0.188323,0.707931,0.6242276666666666,3.745366,0.2728919999999999,0.1289145455780689,3,6,bullish,0.1353473333333333,0.1819373283623097,0.2222639595245555,0.2288574444444443,0.2049232613880701,7.666666666666667,0.4675093222222222,0.167738,0.146828838095238,0.1686304069023274,5.714285714285714,0.3831316904761905,0.0725575833333333,0.1975389236394557,0.1536317411806231,5.214285714285714,0.3561250160714286,0.1801648333333332,0.168244795978836,0.1818746850136435,5.233333333333333,0.2956431484126984,0.1824183333333333,50.0,-0.05373905,0.0084431883597883,0.5453667252108556,-0.1741503904489509,0.6132221794319974,0.0244273333333333,0.0,0.0,0.0,0.0,0.0,0.0,0.0,0.0,0.0,0.0,0.0,0.0,0.0,0.0,0.0,0.0,0.0,0.0,0.0,0.0,0.0,0.0,0.0,0.0,0.0,0.0,0.0,0.0,0.0,0.0,0.0,0.0,0.0,0.0,0.0,0.0,0.0,0.0,0.0,0.0,0.0,0.0,0.0,0.0,0.0,0.2222639595245555,1.3335837571473332,0.6242276666666666,3
2024-07-19,0.0550006,0.1229850804032749,5,0.0,0.275003,0.197,0.985,0.0431128,0.1059643849187074,2,5,neutral,-0.3010617333333333,0.1701468787705027,0.0108351182,0.2105926444444443,0.1514660812016338,7.0,0.3559323222222223,-0.0547944,0.1226021238095238,0.1509781639630733,5.714285714285714,0.3212538047619047,-0.169587,0.1919103236394557,0.1511309581259421,5.142857142857143,0.3566028970238095,-0.0788004,0.1629275326455026,0.1754538657823042,5.333333333333333,0.2897678150793651,-0.1595179,50.0,-0.5933758888888889,-0.0537781918871252,0.5235286713318756,-0.1811739015699708,-0.845530979126314,-0.4364090666666666,0.0,0.0,0.0,0.0,0.0,0.0,0.0,0.0,0.0,0.0,0.0,0.0,0.0,0.0,0.0,0.0,0.0,0.0,0.0,0.0,0.0,0.0,0.0,0.0,0.0,0.0,0.0,0.0,0.0,0.0,0.0,0.0,0.0,0.0,0.0,0.0,0.0,0.0,0.0,0.0,0.0,0.0,0.0,0.0,0.0,0.0108351182,0.054175591,0.197,2
2024-07-22,0.0312304999999999,0.1676462222217198,22,-0.370696,0.436079,0.3066128636363636,6.745483,0.0820213181818181,0.1093685839262665,5,22,neutral,-0.0237701,0.181080217357841,0.0095756730377954,0.1474311444444443,0.1612328690500998,11.0,0.3759468434343435,-0.1894845,0.1152789666666666,0.1697301026790389,8.142857142857142,0.315634070995671,-0.0512621,0.1864299450680271,0.1504403889053504,6.357142857142857,0.3675841587121212,-0.0767253,0.1597156493121693,0.1743282406504713,5.933333333333334,0.2826911438672439,-0.0963565,50.0,-0.24706275,-0.0560297236331569,0.5078685166733687,-0.1695761635781306,-0.4321789216844907,0.2772916333333333,0.0,0.0,0.0,0.0,0.0,0.0,0.0,0.0,0.0,0.0,0.0,0.0,0.0,0.0,0.0,0.0,0.0,0.0,0.0,0.0,0.0,0.0,0.0,0.0,0.0,0.0,0.0,0.0,0.0,0.0,0.0,0.0,0.0,0.0,0.0,0.0,0.0,0.0,0.0,0.0,0.0,0.0,0.0,0.0,0.0,0.0095756730377954,0.2106648068315,0.3066128636363636,5
2024-07-23,0.0117396666666666,0.2031977544045865,6,-0.307969,0.243154,0.3180788333333333,1.908473,0.062192,0.1240667684692399,3,6,neutral,-0.0194908333333333,0.1650484440462415,0.0037341394770555,0.0326569222222221,0.1646096856765271,11.0,0.2738972323232324,-0.3443226666666666,0.1389810619047619,0.1745111957826886,8.857142857142858,0.35293919004329,0.1659146666666666,0.1357327784013605,0.1548368360302867,6.714285714285714,0.3224757896645021,-0.7097603333333333,0.1541685334391534,0.1730503378227873,5.666666666666667,0.2816120454545455,-0.1664134761904761,50.0,-0.1151537142857142,-0.0814043400352733,0.5135226866571759,-0.1854882668952712,-0.6240961026347105,0.0042792666666666,0.0,0.0,0.0,0.0,0.0,0.0,0.0,0.0,0.0,0.0,0.0,0.0,0.0,0.0,0.0,0.0,0.0,0.0,0.0,0.0,0.0,0.0,0.0,0.0,0.0,0.0,0.0,0.0,0.0,0.0,0.0,0.0,0.0,0.0,0.0,0.0,0.0,0.0,0.0,0.0,0.0,0.0,0.0,0.0,0.0,0.0037341394770555,0.0224048368623333,0.3180788333333333,3
2024-07-24,0.122127,0.1209726727550482,5,-0.061071,0.244479,0.410832,2.05416,0.183387,0.0946494385667447,2,5,neutral,0.1103873333333333,0.1615738068619868,0.050173679664,0.0550323888888888,0.1639388831271182,11.0,0.3451745656565658,0.0671264,0.1295243,0.1756530734212628,8.714285714285714,0.3764359519480519,-0.0661973333333333,0.1251251355442177,0.1522319003937299,7.0,0.3207442182359307,-0.1485069999999999,0.1564322084391534,0.1688566387680804,5.7,0.2863980787878787,0.06791025,50.0,-0.0725938,-0.1042946733686067,0.5116264701121096,-0.1747303503502048,9.402935915273003,0.1298781666666666,0.0,0.0,0.0,0.0,0.0,0.0,0.0,0.0,0.0,0.0,0.0,0.0,0.0,0.0,0.0,0.0,0.0,0.0,0.0,0.0,0.0,0.0,0.0,0.0,0.0,0.0,0.0,0.0,0.0,0.0,0.0,0.0,0.0,0.0,0.0,0.0,0.0,0.0,0.0,0.0,0.0,0.0,0.0,0.0,0.0,0.050173679664,0.25086839832,0.410832,2
2024-07-25,0.1582796666666666,0.3044466941129979,3,-0.113478,0.487287,0.3398866666666666,1.01966,0.1736946666666666,0.1418992644319671,1,3,bullish,0.0361526666666666,0.1838496847795255,0.0537971483044444,0.097382111111111,0.2095390404242109,4.666666666666667,0.3562658333333335,0.1270491666666666,0.1364506809523809,0.1786659410141791,8.142857142857142,0.3490296186147186,0.0484846666666666,0.1282645607142856,0.1664447622069332,6.714285714285714,0.3381419087121212,0.0439519523809524,0.1574373936243386,0.176075261985609,5.5,0.2916485306397306,0.0301555555555555,50.0,0.0855003611111111,-0.1103650776895943,0.5193583402610998,-0.1873763538325283,0.2960251759780119,-0.0742346666666666,0.0,0.0,0.0,0.0,0.0,0.0,0.0,0.0,0.0,0.0,0.0,0.0,0.0,0.0,0.0,0.0,0.0,0.0,0.0,0.0,0.0,0.0,0.0,0.0,0.0,0.0,0.0,0.0,0.0,0.0,0.0,0.0,0.0,0.0,0.0,0.0,0.0,0.0,0.0,0.0,0.0,0.0,0.0,0.0,0.0,0.0537971483044444,0.1613914449133333,0.3398866666666666,1
2024-07-26,0.1536404999999999,0.2439004468692093,4,-0.01113,0.509079,0.3815274999999999,1.52611,0.24320775,0.0357196055537665,3,4,bullish,-0.0046391666666666,0.2080327580727123,0.0586180758637499,0.1446823888888888,0.2231066045790851,4.0,0.377415388888889,0.1419008333333333,0.1268686095238095,0.1937451678988773,7.285714285714286,0.3683093614718614,-0.0670745,0.1316660392857142,0.1787932534391491,6.642857142857143,0.3584605587121212,0.0476206999999999,0.1617730352910052,0.1806500914858793,5.5,0.3013911723063973,0.13006925,50.0,-0.0171829333333333,-0.1130629036155203,0.5005367342441317,-0.1707804478155603,-0.029309934525176,-0.0407918333333333,0.0,0.0,0.0,0.0,0.0,0.0,0.0,0.0,0.0,0.0,0.0,0.0,0.0,0.0,0.0,0.0,0.0,0.0,0.0,0.0,0.0,0.0,0.0,0.0,0.0,0.0,0.0,0.0,0.0,0.0,0.0,0.0,0.0,0.0,0.0,0.0,0.0,0.0,0.0,0.0,0.0,0.0,0.0,0.0,0.0,0.0586180758637499,0.2344723034549999,0.3815274999999999,3
2024-07-27,0.1127045,0.0537012244972123,2,0.074732,0.150677,0.6781335,1.356267,0.0866825,0.0597696148933553,1,2,neutral,-0.0409359999999999,0.1852437585278109,0.07642869705075,0.1415415555555555,0.2006827884931399,3.0,0.4665158888888889,-0.0094225,0.0921032047619047,0.1738357278948641,6.714285714285714,0.3760101948051947,-0.2433578333333333,0.1194660214285714,0.1714332720521549,6.214285714285714,0.3795709426406927,-0.1708002499999999,0.1655573852910053,0.1755721368063327,5.533333333333333,0.3235040556397306,0.1135305,50.0,0.26112365,-0.078681331393298,0.4880945598903018,-0.1604479234617304,-0.2664401638890785,-0.0362968333333332,0.0,0.0,0.0,0.0,0.0,0.0,0.0,0.0,0.0,0.0,0.0,0.0,0.0,0.0,0.0,0.0,0.0,0.0,0.0,0.0,0.0,0.0,0.0,0.0,0.0,0.0,0.0,0.0,0.0,0.0,0.0,0.0,0.0,0.0,0.0,0.0,0.0,0.0,0.0,0.0,0.0,0.0,0.0,0.0,0.0,0.07642869705075,0.1528573941015,0.6781335,1
2024-07-28,0.200026,0.0,1,0.200026,0.200026,0.31482,0.31482,0.26075,0.0,1,1,bullish,0.0873215,0.180755259558617,0.06297218532,0.1554569999999999,0.1488008356832108,2.3333333333333335,0.4581603333333334,0.0417463333333333,0.112821119047619,0.182310835810129,6.142857142857143,0.3928416233766234,0.1450254,0.1177116214285714,0.1666444998866011,5.928571428571429,0.357047714069264,-0.0245615999999999,0.1711107186243386,0.1755721368063327,5.533333333333333,0.3332066223063973,0.1666,50.0,0.2260296666666666,-0.0584949398589065,0.4910597120390242,-0.1542060556104528,0.7747827282850284,0.1282574999999999,0.0,0.0,0.0,0.0,0.0,0.0,0.0,0.0,0.0,0.0,0.0,0.0,0.0,0.0,0.0,0.0,0.0,0.0,0.0,0.0,0.0,0.0,0.0,0.0,0.0,0.0,0.0,0.0,0.0,0.0,0.0,0.0,0.0,0.0,0.0,0.0,0.0,0.0,0.0,0.0,0.0,0.0,0.0,0.0,0.0,0.06297218532,0.06297218532,0.31482,1
2024-07-29,0.2274222,0.2409704802983137,5,-0.09581,0.47326,0.3282464,1.641232,0.2736041999999999,0.1740220514796903,4,5,bullish,0.0273961999999999,0.2107547114444333,0.07465051843008,0.1800508999999999,0.147335852397763,2.6666666666666665,0.4403999666666667,0.0737817,0.1408485047619047,0.1945315454895613,3.7142857142857144,0.3959321285714285,0.1961917,0.1280637357142857,0.1821308240843001,5.928571428571429,0.3557830997835497,0.1449296,0.1663912882539682,0.177401222950626,5.4,0.3312428763804714,-0.1415829111111111,50.0,-0.0740053333333333,-0.0607467491181657,0.4757268853785472,-0.1882810089499757,0.1369631947846779,-0.0599253,0.0,0.0,0.0,0.0,0.0,0.0,0.0,0.0,0.0,0.0,0.0,0.0,0.0,0.0,0.0,0.0,0.0,0.0,0.0,0.0,0.0,0.0,0.0,0.0,0.0,0.0,0.0,0.0,0.0,0.0,0.0,0.0,0.0,0.0,0.0,0.0,0.0,0.0,0.0,0.0,0.0,0.0,0.0,0.0,0.0,0.07465051843008,0.3732525921503999,0.3282464,4
2024-07-30,0.139678375,0.1405098141584398,8,-0.016077,0.319244,0.30940275,2.475222,0.181034375,0.0900325740574527,4,8,neutral,-0.087743825,0.1697704914557938,0.0432168733405312,0.1890421916666666,0.1907401472283767,4.666666666666667,0.3174897166666667,0.0269738749999999,0.1591254630952381,0.1840835554485369,4.0,0.3946926880952381,0.1279387083333333,0.1490532625,0.178929207936157,6.428571428571429,0.3738159390692641,0.2938533749999999,0.1641337451984127,0.1790559540944011,5.366666666666666,0.3342602087878788,-0.0677262916666666,50.0,-0.076285,-0.0032922059082892,0.4663466419703592,-0.1919963280417878,-0.3858190845045031,-0.1151400249999999,0.0,0.0,0.0,0.0,0.0,0.0,0.0,0.0,0.0,0.0,0.0,0.0,0.0,0.0,0.0,0.0,0.0,0.0,0.0,0.0,0.0,0.0,0.0,0.0,0.0,0.0,0.0,0.0,0.0,0.0,0.0,0.0,0.0,0.0,0.0,0.0,0.0,0.0,0.0,0.0,0.0,0.0,0.0,0.0,0.0,0.0432168733405312,0.34573498672425,0.30940275,4
2024-07-31,0.1327529090909091,0.1105405263208517,11,-0.003001,0.34073,0.1260026363636363,1.386029,0.2547526363636364,0.0765963013745085,3,11,neutral,-0.0069254659090909,0.1364305113187044,0.0167272165303966,0.1666178280303029,0.1640069402592017,8.0,0.2545505954545455,-0.0672730909090909,0.1606434501082251,0.1823448643761708,4.857142857142857,0.3540027790043289,0.010625909090909,0.1450838750541125,0.178741592323528,6.785714285714286,0.3652193654761904,-0.0555714242424242,0.1571049671681096,0.1761878450898306,5.466666666666667,0.3232543591666666,-0.2108633409090909,50.0,-0.013294,0.0226820996472663,0.4662524612416743,-0.1900596278325833,-0.0495815183208632,0.080818359090909,0.0,0.0,0.0,0.0,0.0,0.0,0.0,0.0,0.0,0.0,0.0,0.0,0.0,0.0,0.0,0.0,0.0,0.0,0.0,0.0,0.0,0.0,0.0,0.0,0.0,0.0,0.0,0.0,0.0,0.0,0.0,0.0,0.0,0.0,0.0,0.0,0.0,0.0,0.0,0.0,0.0,0.0,0.0,0.0,0.0,0.0167272165303966,0.1839993818343636,0.1260026363636363,3
2024-08-01,0.0,0.0,1,0.0,0.0,0.031364,0.031364,0.23568,0.0,1,1,neutral,-0.1327529090909091,0.1640069402592017,0.0,0.0908104280303029,0.1255251702396457,6.666666666666667,0.1555897954545455,-0.2274222,0.1380320691558441,0.1579244984288053,4.571428571428571,0.3099281123376623,-0.1582796666666666,0.1372413750541125,0.1700236732702734,6.357142857142857,0.3294788654761905,-0.109795,0.1547098116125541,0.1720007639342774,5.3,0.3149811869444444,-0.0718546666666666,50.0,-0.1801648333333332,0.0154586419753086,0.4704465255261637,-0.2048556721170728,-1.0,-0.1258274431818181,0.0,0.0,0.0,0.0,0.0,0.0,0.0,0.0,0.0,0.0,0.0,0.0,0.0,0.0,0.0,0.0,0.0,0.0,0.0,0.0,0.0,0.0,0.0,0.0,0.0,0.0,0.0,0.0,0.0,0.0,0.0,0.0,0.0,0.0,0.0,0.0,0.0,0.0,0.0,0.0,0.0,0.0,0.0,0.0,0.0,0.0,0.0,0.031364,1
2024-08-02,0.0869926666666666,0.2894291448115295,3,-0.197987,0.380675,0.27027,0.81081,0.103185,0.2278238864583782,2,3,neutral,0.0869926666666666,0.1953624913972836,0.02351150802,0.0732485252525251,0.1999848355661906,5.0,0.1425455454545456,-0.0526857083333333,0.1285109501082251,0.1670302380172694,4.428571428571429,0.2940341837662337,-0.0666478333333333,0.1276897798160173,0.182613947114874,5.857142857142857,0.3311717726190476,-0.1337223333333333,0.1537989338347763,0.1791881174180579,5.233333333333333,0.3197589069444445,-0.0273263333333333,50.0,0.0788004,0.0322802197530864,0.4770971757457786,-0.231157530670021,inf,0.2197455757575757,0.0,0.0,0.0,0.0,0.0,0.0,0.0,0.0,0.0,0.0,0.0,0.0,0.0,0.0,0.0,0.0,0.0,0.0,0.0,0.0,0.0,0.0,0.0,0.0,0.0,0.0,0.0,0.0,0.0,0.0,0.0,0.0,0.0,0.0,0.0,0.0,0.0,0.0,0.0,0.0,0.0,0.0,0.0,0.0,0.0,0.02351150802,0.0705345240599999,0.27027,2
2024-08-03,0.2894765,0.1692919700177772,2,0.169769,0.409184,0.3872509999999999,0.7745019999999999,0.2151035,0.1012301139014473,1,2,bullish,0.2024838333333333,0.1774428638271495,0.1121000641015,0.1254897222222221,0.2293605574146534,2.0,0.2296283333333334,0.1567235909090909,0.1537640929653679,0.1901483871213824,4.428571428571429,0.2524795409090909,0.176772,0.1229336488636363,0.1806326692392467,5.571428571428571,0.3142448678571428,-0.0665858333333332,0.1623311505014429,0.1787922715220467,5.266666666666667,0.3322074069444444,0.2559665,50.0,0.0767253,0.0313052129629629,0.4733290833315406,-0.2209005482557831,2.327596579021987,0.1154911666666667,0.0,0.0,0.0,0.0,0.0,0.0,0.0,0.0,0.0,0.0,0.0,0.0,0.0,0.0,0.0,0.0,0.0,0.0,0.0,0.0,0.0,0.0,0.0,0.0,0.0,0.0,0.0,0.0,0.0,0.0,0.0,0.0,0.0,0.0,0.0,0.0,0.0,0.0,0.0,0.0,0.0,0.0,0.0,0.0,0.0,0.1121000641015,0.224200128203,0.3872509999999999,1
2024-08-04,0.270034,0.0728235131808401,2,0.21854,0.321528,0.2643865,0.528773,0.311128,0.0859827703787217,1,2,bullish,-0.0194425,0.1605212885827496,0.071393344141,0.2155010555555555,0.1771815426700489,2.3333333333333335,0.3073025000000001,0.270034,0.1637652358225108,0.1705942414646253,4.571428571428571,0.2452747551948051,0.0700079999999999,0.1382931774350649,0.1764525386373772,5.357142857142857,0.3190581892857143,0.2150333999999999,0.164418250501443,0.1729915828020837,5.233333333333333,0.3332303124999999,0.062613,50.0,0.7097603333333333,0.112076687037037,0.4847872031262364,-0.2136045280504789,-0.0671643466740824,-0.2219263333333334,0.0,0.0,0.0,0.0,0.0,0.0,0.0,0.0,0.0,0.0,0.0,0.0,0.0,0.0,0.0,0.0,0.0,0.0,0.0,0.0,0.0,0.0,0.0,0.0,0.0,0.0,0.0,0.0,0.0,0.0,0.0,0.0,0.0,0.0,0.0,0.0,0.0,0.0,0.0,0.0,0.0,0.0,0.0,0.0,0.0,0.071393344141,0.142786688282,0.2643865,1
2024-08-05,0.2244423333333333,0.2794973843109568,6,-0.052435,0.576148,0.3863996666666667,2.318398,0.2227829999999999,0.1576400289101724,4,6,bullish,-0.0455916666666666,0.2027605030802759,0.0867244427858889,0.261317611111111,0.1738709558365247,3.3333333333333335,0.346012388888889,0.1374496666666666,0.1633395405844156,0.1770153921333992,4.714285714285714,0.2535823647186147,-0.0029798666666666,0.1520940226731602,0.1857734688114802,4.214285714285714,0.3247572466450216,0.1932118333333333,0.166036411612554,0.1683944832539845,5.3,0.3345321513888889,0.0485448333333332,50.0,0.1485069999999999,0.0995637259259259,0.5153735644058784,-0.2063291559967875,-0.1688367637655505,-0.0261491666666666,0.0,0.0,0.0,0.0,0.0,0.0,0.0,0.0,0.0,0.0,0.0,0.0,0.0,0.0,0.0,0.0,0.0,0.0,0.0,0.0,0.0,0.0,0.0,0.0,0.0,0.0,0.0,0.0,0.0,0.0,0.0,0.0,0.0,0.0,0.0,0.0,0.0,0.0,0.0,0.0,0.0,0.0,0.0,0.0,0.0,0.0867244427858889,0.5203466567153334,0.3863996666666667,4
2024-08-06,0.2206607777777777,0.2088500059269677,9,-0.066602,0.546619,0.6259406666666667,5.633466,0.2040258888888889,0.0701567625543761,4,9,bullish,-0.0037815555555555,0.2039784036496142,0.1381205543494074,0.2383790370370369,0.1870569678062549,5.666666666666667,0.4255756111111112,-0.0688157222222222,0.1749084552669552,0.1884054240948205,4.857142857142857,0.2988020670995671,0.0809824027777777,0.1670169591810966,0.1862444897716787,4.428571428571429,0.3467473775974025,0.208921111111111,0.16893173753848,0.1707287357308725,5.4,0.3490531847222222,0.0868597777777777,50.0,-0.0439519523809524,0.0695657682539682,0.5276426618105383,-0.215364608957003,-0.0168486733291056,0.0418101111111111,0.0,0.0,0.0,0.0,0.0,0.0,0.0,0.0,0.0,0.0,0.0,0.0,0.0,0.0,0.0,0.0,0.0,0.0,0.0,0.0,0.0,0.0,0.0,0.0,0.0,0.0,0.0,0.0,0.0,0.0,0.0,0.0,0.0,0.0,0.0,0.0,0.0,0.0,0.0,0.0,0.0,0.0,0.0,0.0,0.0,0.1381205543494074,1.2430849891446667,0.6259406666666667,4
2024-08-07,0.1375861666666666,0.1372196982789521,6,0.0,0.403392,0.3324553333333333,1.994732,0.1306621666666666,0.1003031927416404,3,6,neutral,-0.0830746111111111,0.1735365143430988,0.0457412549012222,0.1942297592592592,0.2085223628389589,7.0,0.4482652222222223,-0.1324478333333333,0.1755989206349206,0.1928519527545039,4.142857142857143,0.3282953095238095,0.0048332575757575,0.1681211853715729,0.1875984085653373,4.5,0.3411490442640693,0.0154591666666666,0.1699194164273689,0.1692078243161014,5.433333333333334,0.3550391891666666,0.0296303666666666,50.0,-0.0476206999999999,0.0724973941798941,0.5127947842901348,-0.1977376147699328,-0.376481094409871,-0.0792930555555555,0.0,0.0,0.0,0.0,0.0,0.0,0.0,0.0,0.0,0.0,0.0,0.0,0.0,0.0,0.0,0.0,0.0,0.0,0.0,0.0,0.0,0.0,0.0,0.0,0.0,0.0,0.0,0.0,0.0,0.0,0.0,0.0,0.0,0.0,0.0,0.0,0.0,0.0,0.0,0.0,0.0,0.0,0.0,0.0,0.0,0.0457412549012222,0.2744475294073333,0.3324553333333333,3
2024-08-08,0.164482,0.1880802360635329,8,-0.010881,0.461061,0.45857825,3.668626,0.2098371249999999,0.1054282642848918,3,8,bullish,0.0268958333333333,0.1772941675522499,0.0754278677165,0.1742429814814814,0.1780499800898176,7.666666666666667,0.4723247500000001,-0.0599603333333333,0.1990963492063492,0.192170278941508,5.142857142857143,0.3893259166666666,0.164482,0.1685642091810966,0.1779012037278819,4.857142857142857,0.3496270145021644,0.0062023333333333,0.1513521497607022,0.1699336863063873,5.666666666666667,0.3386719308333333,-0.557018,50.0,0.1708002499999999,0.0999513108465608,0.5155091762220472,-0.2060753067018452,0.1954835575766462,0.1099704444444444,0.0,0.0,0.0,0.0,0.0,0.0,0.0,0.0,0.0,0.0,0.0,0.0,0.0,0.0,0.0,0.0,0.0,0.0,0.0,0.0,0.0,0.0,0.0,0.0,0.0,0.0,0.0,0.0,0.0,0.0,0.0,0.0,0.0,0.0,0.0,0.0,0.0,0.0,0.0,0.0,0.0,0.0,0.0,0.0,0.0,0.0754278677165,0.6034229417320001,0.45857825,3
2024-08-09,0.135033,0.1117836826106565,2,0.05599,0.214076,0.092872,0.185744,0.1368985,0.1157512587598942,2,2,neutral,-0.029449,0.1850862014382132,0.0125407847759999,0.1457003888888888,0.1456945389843805,5.333333333333333,0.2946351944444446,-0.0856277777777777,0.2059592539682539,0.1667923557699548,5.0,0.3639833452380952,0.0480403333333333,0.1672351020382395,0.1668914733730025,4.714285714285714,0.3290087645021645,-0.0186075,0.1468321164273689,0.1677799824658047,5.7,0.3272651975,-0.135601,50.0,0.0245615999999999,0.1041574886243386,0.4954261960093085,-0.2080952598224398,-0.1790408676937296,-0.0563448333333334,0.0,0.0,0.0,0.0,0.0,0.0,0.0,0.0,0.0,0.0,0.0,0.0,0.0,0.0,0.0,0.0,0.0,0.0,0.0,0.0,0.0,0.0,0.0,0.0,0.0,0.0,0.0,0.0,0.0,0.0,0.0,0.0,0.0,0.0,0.0,0.0,0.0,0.0,0.0,0.0,0.0,0.0,0.0,0.0,0.0,0.0125407847759999,0.0250815695519999,0.092872,2
2024-08-10,0.109319,0.1278038938452189,2,0.018948,0.19969,0.372554,0.745108,0.083931,0.036696013516457,1,2,neutral,-0.0257139999999999,0.1547475033450656,0.040727230726,0.1362779999999999,0.1425559375064695,4.0,0.3080014166666667,-0.0282671666666666,0.1802224682539683,0.1608654877453036,5.0,0.3618837738095238,-0.1801575,0.1669932806096681,0.1730666958186697,4.714285714285714,0.3071816573593073,-0.0033855,0.1466651592845117,0.1680808862918737,5.533333333333333,0.3364730308333333,-0.0050087142857142,50.0,-0.1449296,0.1080725145502645,0.49867753972508,-0.2059147635382113,-0.1904275251234882,0.003735,0.0,0.0,0.0,0.0,0.0,0.0,0.0,0.0,0.0,0.0,0.0,0.0,0.0,0.0,0.0,0.0,0.0,0.0,0.0,0.0,0.0,0.0,0.0,0.0,0.0,0.0,0.0,0.0,0.0,0.0,0.0,0.0,0.0,0.0,0.0,0.0,0.0,0.0,0.0,0.0,0.0,0.0,0.0,0.0,0.0,0.040727230726,0.081454461452,0.372554,1
2024-08-12,0.0896518571428571,0.1857012722191464,7,-0.289756,0.307781,0.2046157142857143,1.43231,0.2347585714285714,0.0576747590859211,4,7,neutral,-0.0196671428571428,0.1501177566035014,0.0183441787863265,0.1113346190476189,0.1417629495583406,3.6666666666666665,0.2233472380952382,-0.0748301428571428,0.1544535907029478,0.176990881893633,5.714285714285714,0.3533450901360545,-0.1803821428571428,0.1591094132627293,0.1740385863110141,5.142857142857143,0.2993099226654298,-0.1103741428571428,0.1461195611892737,0.1718709311573827,5.6,0.3400580079761904,-0.0163679428571428,50.0,-0.2938533749999999,0.0666665395502645,0.5036047242486037,-0.2049998123474492,-0.1799059894176021,0.0060468571428571,0.0,0.0,0.0,0.0,0.0,0.0,0.0,0.0,0.0,0.0,0.0,0.0,0.0,0.0,0.0,0.0,0.0,0.0,0.0,0.0,0.0,0.0,0.0,0.0,0.0,0.0,0.0,0.0,0.0,0.0,0.0,0.0,0.0,0.0,0.0,0.0,0.0,0.0,0.0,0.0,0.0,0.0,0.0,0.0,0.0,0.0183441787863265,0.1284092515042857,0.2046157142857143,4
2024-08-13,0.3316143333333333,0.1780632063203026,6,0.034361,0.575306,0.3745591666666666,2.247355,0.3019833333333333,0.1097973218173679,3,6,bullish,0.2419624761904762,0.1582864582117715,0.1242091883480555,0.1768617301587301,0.1638561241282227,5.0,0.3172429603174604,0.1965813333333333,0.1697638764172335,0.1625002850378253,5.714285714285714,0.3516535901360544,0.107172,0.1665517085008245,0.1691995652357825,5.214285714285714,0.3026179774273346,0.1041921333333333,0.1477232139670514,0.1729332357422778,5.533333333333333,0.339790376031746,0.0481095833333333,50.0,0.0555714242424242,0.0643161089105339,0.5168057300170166,-0.1862133514491954,2.6989120348607765,0.261629619047619,0.0,0.0,0.0,0.0,0.0,0.0,0.0,0.0,0.0,0.0,0.0,0.0,0.0,0.0,0.0,0.0,0.0,0.0,0.0,0.0,0.0,0.0,0.0,0.0,0.0,0.0,0.0,0.0,0.0,0.0,0.0,0.0,0.0,0.0,0.0,0.0,0.0,0.0,0.0,0.0,0.0,0.0,0.0,0.0,0.0,0.1242091883480555,0.7452551300883332,0.3745591666666666,3
2024-08-14,0.111156,0.081434744660986,4,0.053237,0.230492,0.1333025,0.53321,0.21124,0.0434556225821239,3,4,neutral,-0.2204583333333333,0.1369573599312621,0.01481737269,0.1774740634920634,0.1483997410668117,5.666666666666667,0.2374924603174604,0.001837,0.1541203367346938,0.1442981048569708,5.0,0.2812767091836735,-0.1095047777777777,0.1645143960008245,0.1646553291205937,4.928571428571429,0.2900393881416203,-0.0285223749999999,0.1439421606337181,0.1674716137653217,5.5,0.3232289526984127,-0.1134316,50.0,0.109795,-0.0023467059042809,0.5118640768954541,-0.182368798327633,-0.6648033910878399,-0.4624208095238095,0.0,0.0,0.0,0.0,0.0,0.0,0.0,0.0,0.0,0.0,0.0,0.0,0.0,0.0,0.0,0.0,0.0,0.0,0.0,0.0,0.0,0.0,0.0,0.0,0.0,0.0,0.0,0.0,0.0,0.0,0.0,0.0,0.0,0.0,0.0,0.0,0.0,0.0,0.0,0.0,0.0,0.0,0.0,0.0,0.0,0.01481737269,0.05926949076,0.1333025,3
2024-08-15,0.1414483999999999,0.1394130011272263,5,0.0,0.325754,0.2347852,1.173926,0.247228,0.0903088313317141,2,5,neutral,0.0302923999999999,0.1424832236345761,0.0332099908836799,0.1947395777777777,0.132970317369505,5.0,0.2475489555555556,0.0517965428571428,0.1546720843537415,0.1446114338352957,4.857142857142857,0.2673238329931972,0.0038622333333333,0.165135502494331,0.1668762887210841,4.5,0.2978095712585034,0.0086954909090908,0.1459073539670514,0.1705930364024069,5.5,0.319523426031746,0.0589557999999999,50.0,0.1337223333333333,-0.0039894466450216,0.4926854365637017,-0.1648732846625472,0.272521501313469,0.2507507333333333,0.0,0.0,0.0,0.0,0.0,0.0,0.0,0.0,0.0,0.0,0.0,0.0,0.0,0.0,0.0,0.0,0.0,0.0,0.0,0.0,0.0,0.0,0.0,0.0,0.0,0.0,0.0,0.0,0.0,0.0,0.0,0.0,0.0,0.0,0.0,0.0,0.0,0.0,0.0,0.0,0.0,0.0,0.0,0.0,0.0,0.0332099908836799,0.1660499544183999,0.2347852,2
2024-08-16,0.0603569999999999,0.0279052620127459,2,0.040625,0.080089,0.0851055,0.170211,0.1873285,0.0198308096783767,2,2,neutral,-0.0810913999999999,0.1225034972680814,0.0051367126635,0.1043204666666666,0.082917669266986,3.6666666666666665,0.1510644000000001,-0.2712573333333333,0.1397970843537414,0.1217292946851832,4.0,0.2139705829931972,-0.104125,0.1694467167800453,0.1569497868133456,4.571428571428571,0.301648249829932,0.0603569999999999,0.1530584206337181,0.165497044459919,5.533333333333333,0.320462176031746,0.214532,50.0,0.0665858333333332,0.0082925295454545,0.4640217965796501,-0.1455379946784958,-0.5732931584945464,-0.1113837999999999,0.0,0.0,0.0,0.0,0.0,0.0,0.0,0.0,0.0,0.0,0.0,0.0,0.0,0.0,0.0,0.0,0.0,0.0,0.0,0.0,0.0,0.0,0.0,0.0,0.0,0.0,0.0,0.0,0.0,0.0,0.0,0.0,0.0,0.0,0.0,0.0,0.0,0.0,0.0,0.0,0.0,0.0,0.0,0.0,0.0,0.0051367126635,0.010273425327,0.0851055,2
2024-08-17,0.16139,0.0870349452691273,2,0.099847,0.222933,0.234918,0.469836,0.2685135,0.1242506822697565,1,2,bullish,0.101033,0.1027702318780776,0.03791341602,0.1210651333333332,0.0847844028030331,3.0,0.1849362333333334,0.050234,0.1435623700680272,0.1181937607792505,4.0,0.234262868707483,0.026357,0.1747608120181406,0.1424930582746026,4.5,0.2991231069727891,0.0743973333333333,0.152160609522607,0.1645704521736368,5.4,0.3200809538095238,-0.0269343333333333,50.0,-0.2150333999999999,-0.0103088815656565,0.4701598183320852,-0.1468074664309308,1.6739234885763046,0.1821244,0.0,0.0,0.0,0.0,0.0,0.0,0.0,0.0,0.0,0.0,0.0,0.0,0.0,0.0,0.0,0.0,0.0,0.0,0.0,0.0,0.0,0.0,0.0,0.0,0.0,0.0,0.0,0.0,0.0,0.0,0.0,0.0,0.0,0.0,0.0,0.0,0.0,0.0,0.0,0.0,0.0,0.0,0.0,0.0,0.0,0.03791341602,0.07582683204,0.234918,1
2024-08-19,0.1451708,0.1284041325121586,5,-0.003003,0.334031,0.4057156,2.028578,0.2073328,0.029841151128936,4,5,neutral,-0.0162192,0.0928384171164488,0.05889805822448,0.1223059333333332,0.0811147799313439,3.0,0.2419130333333334,0.0037224,0.1486840557823129,0.1182795091602419,4.428571428571429,0.2390002401360544,0.0358517999999999,0.1644532620181406,0.1395724984527727,4.714285714285714,0.3004420069727891,-0.1443057,0.1533398028559403,0.1590364347289788,5.333333333333333,0.3158804404761904,0.0353757999999999,50.0,-0.1932118333333333,-0.0507546686026936,0.4646973016290752,-0.1468304697279207,-0.1004969328954706,-0.1172522,0.0,0.0,0.0,0.0,0.0,0.0,0.0,0.0,0.0,0.0,0.0,0.0,0.0,0.0,0.0,0.0,0.0,0.0,0.0,0.0,0.0,0.0,0.0,0.0,0.0,0.0,0.0,0.0,0.0,0.0,0.0,0.0,0.0,0.0,0.0,0.0,0.0,0.0,0.0,0.0,0.0,0.0,0.0,0.0,0.0,0.05889805822448,0.2944902911224,0.4057156,4
2024-08-20,0.096198,0.0285644609144533,4,0.056008,0.119279,0.19233975,0.769359,0.18441825,0.0549992964765611,2,4,neutral,-0.0489727999999999,0.0822643603671423,0.0185026992705,0.1342529333333333,0.0813345128985797,3.6666666666666665,0.2776577833333334,0.035841,0.149619219047619,0.0958313932595714,4.0,0.2372465309523809,0.0065461428571428,0.1520364048752834,0.1364111375766022,4.857142857142857,0.2952958105442177,-0.173836,0.1491892361892737,0.1551156705231977,5.133333333333334,0.3140727888095238,-0.1245169999999999,50.0,-0.208921111111111,-0.0766971920594837,0.4357775632728793,-0.1310331513717249,-0.337346077861388,-0.0327535999999999,0.0,0.0,0.0,0.0,0.0,0.0,0.0,0.0,0.0,0.0,0.0,0.0,0.0,0.0,0.0,0.0,0.0,0.0,0.0,0.0,0.0,0.0,0.0,0.0,0.0,0.0,0.0,0.0,0.0,0.0,0.0,0.0,0.0,0.0,0.0,0.0,0.0,0.0,0.0,0.0,0.0,0.0,0.0,0.0,0.0,0.0185026992705,0.074010797082,0.19233975,2
2024-08-21,0.0834611999999999,0.1183179783346554,5,-0.011792,0.278595,0.1458408,0.729204,0.1507564,0.177990687133625,3,5,neutral,-0.0127368,0.0780453558086281,0.0121720481769599,0.1082766666666666,0.0917621905870891,4.666666666666667,0.2479653833333334,-0.0779288,0.1141687714285714,0.0872963606901933,3.857142857142857,0.2045724785714286,-0.2481531333333333,0.1419663239229024,0.1248983228640093,4.785714285714286,0.2781130343537415,-0.1409811333333333,0.1401025317448292,0.1524460517306745,5.1,0.2981265599206349,-0.2726011333333333,50.0,-0.0154591666666666,-0.06231158835578,0.4306307218045862,-0.1315080274034318,-0.1324019210378596,0.0362359999999999,0.0,0.0,0.0,0.0,0.0,0.0,0.0,0.0,0.0,0.0,0.0,0.0,0.0,0.0,0.0,0.0,0.0,0.0,0.0,0.0,0.0,0.0,0.0,0.0,0.0,0.0,0.0,0.0,0.0,0.0,0.0,0.0,0.0,0.0,0.0,0.0,0.0,0.0,0.0,0.0,0.0,0.0,0.0,0.0,0.0,0.0121720481769599,0.0608602408847999,0.1458408,3
2024-08-22,0.041207,0.0,1,0.041207,0.041207,0.046006,0.046006,0.273179,0.0,1,1,neutral,-0.0422541999999999,0.0905803792575987,0.001895769242,0.0736220666666666,0.0734412196245544,3.3333333333333335,0.1280621833333334,-0.1039638,0.1041760571428571,0.0882732966950611,3.4285714285714284,0.19210155,-0.069949,0.1291481969387755,0.1184405010899355,4.214285714285714,0.2366891295918367,-0.1794537777777777,0.1396427450781625,0.1535371988168746,4.966666666666667,0.2930934265873015,-0.0137935999999999,50.0,-0.0062023333333333,-0.0303503615039281,0.4293861109035022,-0.1394180074114387,-0.5062735738283177,-0.0295173999999999,0.0,0.0,0.0,0.0,0.0,0.0,0.0,0.0,0.0,0.0,0.0,0.0,0.0,0.0,0.0,0.0,0.0,0.0,0.0,0.0,0.0,0.0,0.0,0.0,0.0,0.0,0.0,0.0,0.0,0.0,0.0,0.0,0.0,0.0,0.0,0.0,0.0,0.0,0.0,0.0,0.0,0.0,0.0,0.0,0.0,0.001895769242,0.001895769242,0.046006,1
2024-08-23,0.1502816666666666,0.088075988494784,3,0.089011,0.251215,0.2536043333333333,0.760813,0.2339346666666666,0.0860465055962956,2,3,bullish,0.1090746666666666,0.0908406400640128,0.0381120818872222,0.0916499555555555,0.1031969834147197,3.0,0.1484837111111112,0.0540836666666666,0.1054379523809524,0.0797171279229874,3.142857142857143,0.1947899976190476,0.0088332666666667,0.1300550183673469,0.1146602157219226,4.0,0.2310569153061224,0.0126955,0.1436111173003847,0.1505901531232844,4.333333333333333,0.2913264755772005,0.1190511666666666,50.0,0.0186075,-0.0344574641975308,0.4312028214911564,-0.1262065513324262,2.6469936337677256,0.1513288666666666,0.0,0.0,0.0,0.0,0.0,0.0,0.0,0.0,0.0,0.0,0.0,0.0,0.0,0.0,0.0,0.0,0.0,0.0,0.0,0.0,0.0,0.0,0.0,0.0,0.0,0.0,0.0,0.0,0.0,0.0,0.0,0.0,0.0,0.0,0.0,0.0,0.0,0.0,0.0,0.0,0.0,0.0,0.0,0.0,0.0,0.0381120818872222,0.1143362456616666,0.2536043333333333,2
2024-08-24,0.293601,0.0,1,0.293601,0.293601,0.604596,0.604596,0.206938,0.0,1,1,bullish,0.1433193333333333,0.0783194759146309,0.177509990196,0.1616965555555555,0.088075988494784,1.6666666666666667,0.3014021111111112,0.2101398,0.1387585238095238,0.0900795011050357,3.0,0.2690029261904762,0.233244,0.1392778040816326,0.1085418806934551,3.5,0.2414867545918367,0.1291189999999999,0.1530064950781625,0.1485667838432343,4.166666666666667,0.3008770477994228,0.2818613333333333,50.0,0.0033855,-0.0462807419753086,0.4248580379794193,-0.0992009344873558,0.9536714391864164,0.0342446666666666,0.0,0.0,0.0,0.0,0.0,0.0,0.0,0.0,0.0,0.0,0.0,0.0,0.0,0.0,0.0,0.0,0.0,0.0,0.0,0.0,0.0,0.0,0.0,0.0,0.0,0.0,0.0,0.0,0.0,0.0,0.0,0.0,0.0,0.0,0.0,0.0,0.0,0.0,0.0,0.0,0.0,0.0,0.0,0.0,0.0,0.177509990196,0.177509990196,0.604596,1
2024-08-25,0.2447905,0.2915464898442442,2,0.038636,0.450945,0.4100695,0.820139,0.1729465,0.1335109526761756,2,2,bullish,-0.0488105,0.1659801522245612,0.1003811179397499,0.2295577222222221,0.1898112391695141,2.0,0.4227566111111112,0.2035835,0.1506728809523809,0.1309818100200591,3.0,0.2940245690476191,0.0834004999999999,0.147117625510204,0.1235221146295874,3.5,0.264143718877551,0.1097575,0.1570952784114959,0.1551273152697418,4.066666666666666,0.3008516311327561,0.1226634999999999,50.0,0.1103741428571428,-0.048874985361552,0.4362075735156935,-0.1150190700236299,-0.1662477307638598,-0.1921298333333333,0.0,0.0,0.0,0.0,0.0,0.0,0.0,0.0,0.0,0.0,0.0,0.0,0.0,0.0,0.0,0.0,0.0,0.0,0.0,0.0,0.0,0.0,0.0,0.0,0.0,0.0,0.0,0.0,0.0,0.0,0.0,0.0,0.0,0.0,0.0,0.0,0.0,0.0,0.0,0.0,0.0,0.0,0.0,0.0,0.0,0.1003811179397499,0.2007622358794999,0.4100695,2
2024-08-27,0.29332,0.0,1,0.29332,0.29332,0.781119,0.781119,0.199141,0.0,1,1,bullish,0.0485295,0.1898112391695141,0.22911782508,0.2772371666666666,0.2915464898442442,1.3333333333333333,0.5985948333333334,0.1430383333333333,0.1718370523809523,0.1316262293970342,2.4285714285714284,0.3476536261904762,0.1481492,0.1602605540816326,0.1231328619736209,3.4285714285714284,0.2933269331632653,0.184001,0.1615966228559403,0.1491545401160116,4.0,0.3155593755772006,0.1350403333333333,50.0,-0.1041921333333333,-0.0678503149911816,0.445016949716163,-0.1214998462240994,0.1982491150596124,0.09734,0.0,0.0,0.0,0.0,0.0,0.0,0.0,0.0,0.0,0.0,0.0,0.0,0.0,0.0,0.0,0.0,0.0,0.0,0.0,0.0,0.0,0.0,0.0,0.0,0.0,0.0,0.0,0.0,0.0,0.0,0.0,0.0,0.0,0.0,0.0,0.0,0.0,0.0,0.0,0.0,0.0,0.0,0.0,0.0,0.0,0.22911782508,0.22911782508,0.781119,1
2024-08-28,0.3046343999999999,0.2035875599698785,10,-0.093311,0.58599,0.5219615,5.219615,0.2924367,0.0942302896054247,4,10,bullish,0.0113143999999999,0.1944033461029689,0.1590074283755999,0.2809149666666666,0.2475670249070614,4.333333333333333,0.5710500000000002,0.0110333999999999,0.2016136809523809,0.1753820041608905,3.2857142857142856,0.3947424476190476,0.2084363999999999,0.1756164499999999,0.1247588881327784,3.642857142857143,0.3159944892857142,0.2149825428571428,0.1666297528559403,0.1475420246400383,4.2,0.3202405089105339,0.1509939,50.0,0.0285223749999999,-0.0407885622134038,0.4400959854799576,-0.1085596753212275,0.0385735715259782,-0.0372151,0.0,0.0,0.0,0.0,0.0,0.0,0.0,0.0,0.0,0.0,0.0,0.0,0.0,0.0,0.0,0.0,0.0,0.0,0.0,0.0,0.0,0.0,0.0,0.0,0.0,0.0,0.0,0.0,0.0,0.0,0.0,0.0,0.0,0.0,0.0,0.0,0.0,0.0,0.0,0.0,0.0,0.0,0.0,0.0,0.0,0.1590074283755999,1.5900742837559998,0.5219615,4
2024-08-29,0.136923,0.1603464862321591,3,0.023061,0.320296,0.1462033333333333,0.4386099999999999,0.2535233333333333,0.0437160063630397,2,3,neutral,-0.1677113999999999,0.2184935120154273,0.02001859901,0.2449591333333333,0.1819670231010188,4.666666666666667,0.4830946111111112,-0.1078674999999999,0.2092510809523809,0.1858891311352665,3.0,0.3947942380952381,0.0534618,0.1617099261904761,0.1231482772156744,3.4285714285714284,0.2996833583333332,-0.1946913333333333,0.1674370361892737,0.1518078351094362,4.233333333333333,0.3025095033549784,0.0242185,50.0,-0.0086954909090908,-0.020286746388488,0.4302028001563854,-0.1070402677754331,-0.5505333606447597,-0.1790257999999999,0.0,0.0,0.0,0.0,0.0,0.0,0.0,0.0,0.0,0.0,0.0,0.0,0.0,0.0,0.0,0.0,0.0,0.0,0.0,0.0,0.0,0.0,0.0,0.0,0.0,0.0,0.0,0.0,0.0,0.0,0.0,0.0,0.0,0.0,0.0,0.0,0.0,0.0,0.0,0.0,0.0,0.0,0.0,0.0,0.0,0.02001859901,0.06005579703,0.1462033333333333,2
2024-08-30,0.1149047142857142,0.1136598887730617,7,-0.093311,0.25207,0.4746244285714285,3.322371,0.1888362857142857,0.0751710539917999,4,7,neutral,-0.0220182857142857,0.1922851062048359,0.0545365843580204,0.1854873714285713,0.1591979783250331,6.666666666666667,0.380929753968254,-0.1784152857142857,0.2197793258503401,0.1714432826628255,3.857142857142857,0.4560254421768707,0.0736977142857142,0.1619776914965986,0.1260778357713177,3.642857142857143,0.3240634960884354,0.0037487142857142,0.1645996599987975,0.150340606404191,4.433333333333334,0.3078363176406926,-0.0851212857142857,50.0,-0.0603569999999999,-0.0037796229316979,0.4262969852425272,-0.10540259809967,-0.1608077949963536,0.1456931142857142,0.0,0.0,0.0,0.0,0.0,0.0,0.0,0.0,0.0,0.0,0.0,0.0,0.0,0.0,0.0,0.0,0.0,0.0,0.0,0.0,0.0,0.0,0.0,0.0,0.0,0.0,0.0,0.0,0.0,0.0,0.0,0.0,0.0,0.0,0.0,0.0,0.0,0.0,0.0,0.0,0.0,0.0,0.0,0.0,0.0,0.0545365843580204,0.3817560905061428,0.4746244285714285,4
2024-08-31,0.137599,0.0545759155855401,2,0.099008,0.17619,0.2283945,0.456789,0.0947045,0.1166308995956903,1,2,neutral,0.0226942857142857,0.1330424626401598,0.0314268548055,0.1298089047619047,0.1095274301969203,4.0,0.2830740873015874,-0.1670353999999999,0.2179675163265306,0.1647432680809767,3.7142857142857144,0.4524240374149659,-0.0126826666666666,0.1617027343537414,0.1183653734493462,3.4285714285714284,0.3236070175170068,-0.0038493999999999,0.1616055533321308,0.1431715846844689,4.333333333333333,0.3045079209740259,-0.0898231999999999,50.0,-0.0743973333333333,-0.0103283081168831,0.4092464445980574,-0.0910403574552002,0.1975052621240207,0.0447125714285714,0.0,0.0,0.0,0.0,0.0,0.0,0.0,0.0,0.0,0.0,0.0,0.0,0.0,0.0,0.0,0.0,0.0,0.0,0.0,0.0,0.0,0.0,0.0,0.0,0.0,0.0,0.0,0.0,0.0,0.0,0.0,0.0,0.0,0.0,0.0,0.0,0.0,0.0,0.0,0.0,0.0,0.0,0.0,0.0,0.0,0.0314268548055,0.062853709611,0.2283945,1
2024-09-01,0.407517,0.0,1,0.407517,0.407517,0.1437,0.1437,0.363462,0.0,1,1,bullish,0.269918,0.1330424626401598,0.0585601929,0.2200069047619047,0.0841179021793009,3.3333333333333335,0.2822396428571429,0.270594,0.2342412306122449,0.1647432680809767,3.7142857142857144,0.3865817517006802,0.113916,0.1864998772108843,0.1274113845930062,3.357142857142857,0.3277923389455782,0.34716,0.1705335074987975,0.1432780555055101,4.1,0.298984495974026,0.267838625,50.0,0.1443057,0.0063948066979317,0.4245316468358897,-0.0790771596930325,1.9616276281077627,0.2472237142857142,0.0,0.0,0.0,0.0,0.0,0.0,0.0,0.0,0.0,0.0,0.0,0.0,0.0,0.0,0.0,0.0,0.0,0.0,0.0,0.0,0.0,0.0,0.0,0.0,0.0,0.0,0.0,0.0,0.0,0.0,0.0,0.0,0.0,0.0,0.0,0.0,0.0,0.0,0.0,0.0,0.0,0.0,0.0,0.0,0.0,0.0585601929,0.0585601929,0.1437,1
2024-09-02,0.0943232857142857,0.1221670908069685,7,-0.036836,0.300774,0.1366045714285714,0.956232,0.1709492857142857,0.125072258104018,4,7,neutral,-0.3131937142857143,0.1126873453494323,0.0128849920207346,0.2131464285714285,0.0883715031962543,3.3333333333333335,0.1695663571428572,-0.0205814285714285,0.2127459142857142,0.1308673882735216,4.428571428571429,0.3475153333333333,-0.1504672142857143,0.1817093976190476,0.1309245991467904,3.7142857142857144,0.3207699511904761,-0.0670667142857143,0.16925252005291,0.1437431180849548,3.966666666666667,0.2993378938095238,-0.0384296233766233,50.0,0.173836,0.0236424178090428,0.4230772607418226,-0.0791223450275369,-0.768541470136741,-0.5831117142857143,0.0,0.0,0.0,0.0,0.0,0.0,0.0,0.0,0.0,0.0,0.0,0.0,0.0,0.0,0.0,0.0,0.0,0.0,0.0,0.0,0.0,0.0,0.0,0.0,0.0,0.0,0.0,0.0,0.0,0.0,0.0,0.0,0.0,0.0,0.0,0.0,0.0,0.0,0.0,0.0,0.0,0.0,0.0,0.0,0.0,0.0128849920207346,0.0901949441451428,0.1366045714285714,4
2024-09-03,0.351083,0.0,1,0.351083,0.351083,0.502207,0.502207,0.222127,0.0,1,1,bullish,0.2567597142857142,0.0968009650551901,0.1763163401809999,0.2843077619047618,0.1221670908069685,3.0,0.2608371904761906,0.2134839999999999,0.2209977714285714,0.1308673882735216,4.428571428571429,0.3076707619047619,0.0577629999999999,0.1964174119047619,0.1312046509950828,3.4285714285714284,0.327662194047619,0.2059122,0.1809552867195767,0.1437431180849548,3.966666666666667,0.3150326604761904,0.351083,50.0,0.1409811333333333,0.0389308215127465,0.4281286351144389,-0.0580306051144389,2.7221243655937104,0.5699534285714285,0.0,0.0,0.0,0.0,0.0,0.0,0.0,0.0,0.0,0.0,0.0,0.0,0.0,0.0,0.0,0.0,0.0,0.0,0.0,0.0,0.0,0.0,0.0,0.0,0.0,0.0,0.0,0.0,0.0,0.0,0.0,0.0,0.0,0.0,0.0,0.0,0.0,0.0,0.0,0.0,0.0,0.0,0.0,0.0,0.0,0.1763163401809999,0.1763163401809999,0.502207,1
2024-09-04,0.314323,0.131432389397553,9,0.14574,0.507443,0.4915816666666667,4.424235,0.2407321111111111,0.1091019329004354,3,9,bullish,-0.0367599999999999,0.1027251319300205,0.1545154242116667,0.2532430952380952,0.1267997401022607,5.666666666666667,0.3767977460317461,-0.093194,0.2223818571428571,0.1164363541590565,4.285714285714286,0.3033307857142857,0.0096886,0.211997769047619,0.1426344208265383,3.7857142857142856,0.3490366166666666,0.218125,0.1885329644973545,0.1374232478683957,4.166666666666667,0.322409716031746,0.2273303333333333,50.0,0.1794537777777777,0.0466063365039281,0.4210466261914056,-0.0526777295247389,-0.10470458552536,-0.2935197142857142,0.0,0.0,0.0,0.0,0.0,0.0,0.0,0.0,0.0,0.0,0.0,0.0,0.0,0.0,0.0,0.0,0.0,0.0,0.0,0.0,0.0,0.0,0.0,0.0,0.0,0.0,0.0,0.0,0.0,0.0,0.0,0.0,0.0,0.0,0.0,0.0,0.0,0.0,0.0,0.0,0.0,0.0,0.0,0.0,0.0,0.1545154242116667,1.3906388179050002,0.4915816666666667,3
2024-09-05,0.2923604285714286,0.1119770544603627,7,0.170139,0.480326,0.3437208571428571,2.406046,0.2554568571428571,0.064854410064463,3,7,bullish,-0.0219625714285714,0.1218588448882947,0.1004903771032244,0.3192554761904762,0.1217047219289578,5.666666666666667,0.445836507936508,0.1980371428571428,0.2445872040816326,0.1067624678046972,4.857142857142857,0.3315475748299319,0.1554374285714285,0.2269191425170068,0.1419298737293947,3.928571428571429,0.3631709064625851,0.2088992285714286,0.1886290954497354,0.1351306512460992,4.333333333333333,0.3209587112698412,0.0028839285714285,50.0,-0.0126955,0.0567726290965207,0.4341791555932273,-0.0476898160694178,-0.0698726196573952,0.0147974285714285,0.0,0.0,0.0,0.0,0.0,0.0,0.0,0.0,0.0,0.0,0.0,0.0,0.0,0.0,0.0,0.0,0.0,0.0,0.0,0.0,0.0,0.0,0.0,0.0,0.0,0.0,0.0,0.0,0.0,0.0,0.0,0.0,0.0,0.0,0.0,0.0,0.0,0.0,0.0,0.0,0.0,0.0,0.0,0.0,0.0,0.1004903771032244,0.7034326397225713,0.3437208571428571,3
2024-09-06,0.2354833333333333,0.2129028989289092,3,0.0,0.414367,0.2954699999999999,0.8864099999999999,0.2474776666666666,0.0817435261677237,3,3,bullish,-0.0568770952380952,0.1446198583984483,0.0695782604999999,0.2807222539682539,0.152104114262275,6.333333333333333,0.3769241746031747,-0.1155996666666666,0.2618127210884354,0.1266110698358667,4.285714285714286,0.3059540850340135,0.120578619047619,0.2407960234693877,0.1490271762493461,4.071428571428571,0.3809897636054422,0.1942763333333333,0.1874774065608465,0.1407338266760219,4.366666666666666,0.3219948279365079,-0.0345506666666666,50.0,-0.1291189999999999,0.0392569207631874,0.4486795553001183,-0.0527867224429755,-0.1945444378913242,-0.0349145238095237,0.0,0.0,0.0,0.0,0.0,0.0,0.0,0.0,0.0,0.0,0.0,0.0,0.0,0.0,0.0,0.0,0.0,0.0,0.0,0.0,0.0,0.0,0.0,0.0,0.0,0.0,0.0,0.0,0.0,0.0,0.0,0.0,0.0,0.0,0.0,0.0,0.0,0.0,0.0,0.0,0.0,0.0,0.0,0.0,0.0,0.0695782604999999,0.2087347814999999,0.2954699999999999,3
2024-09-07,0.1049804999999999,0.1428631469641488,2,0.003961,0.206,0.4043945,0.808789,0.165133,0.3041676387816429,1,2,neutral,-0.1305028333333333,0.1497938724377434,0.0424535368072499,0.2109414206349205,0.1559143667844736,4.0,0.3478617857142858,-0.2093425,0.2571529353741497,0.1442685161115884,4.285714285714286,0.3310969421768707,-0.0326185,0.2375602258503401,0.1545058920962826,4.0,0.3917604897959183,-0.0453011666666666,0.1834953454497354,0.1352684571821496,4.233333333333333,0.3225946557142857,-0.1194618333333333,50.0,-0.1097575,0.0280278086419753,0.4662384482936388,-0.0658832654364959,-0.5541913794323732,-0.0736257380952381,0.0,0.0,0.0,0.0,0.0,0.0,0.0,0.0,0.0,0.0,0.0,0.0,0.0,0.0,0.0,0.0,0.0,0.0,0.0,0.0,0.0,0.0,0.0,0.0,0.0,0.0,0.0,0.0,0.0,0.0,0.0,0.0,0.0,0.0,0.0,0.0,0.0,0.0,0.0,0.0,0.0,0.0,0.0,0.0,0.0,0.0424535368072499,0.0849070736144999,0.4043945,1
2024-09-08,0.125014,0.0,1,0.125014,0.125014,0.060848,0.060848,0.095282,0.0,1,1,neutral,0.0200334999999999,0.1497938724377434,0.0076068518719999,0.1551592777777777,0.177883022946529,2.0,0.2535708333333333,-0.1673464285714286,0.2167953639455782,0.1442685161115884,4.285714285714286,0.3192609421768707,-0.282503,0.2255182972789115,0.1545058920962826,4.0,0.3529213469387754,-0.168587,0.1803071195238095,0.1322025593177822,3.966666666666667,0.3037582334920635,-0.0956467777777777,50.0,-0.184001,0.014289586419753,0.4709904316026968,-0.0742728487455539,0.1908306780783097,0.1505363333333333,0.0,0.0,0.0,0.0,0.0,0.0,0.0,0.0,0.0,0.0,0.0,0.0,0.0,0.0,0.0,0.0,0.0,0.0,0.0,0.0,0.0,0.0,0.0,0.0,0.0,0.0,0.0,0.0,0.0,0.0,0.0,0.0,0.0,0.0,0.0,0.0,0.0,0.0,0.0,0.0,0.0,0.0,0.0,0.0,0.0,0.0076068518719999,0.0076068518719999,0.060848,1
2024-09-09,0.256317,0.0159308985308425,4,0.239845,0.272031,0.26264775,1.050591,0.29105825,0.1150117613793621,1,4,bullish,0.131303,0.1209184997210658,0.06732108333675,0.1621038333333333,0.0793970227474956,2.3333333333333335,0.2426300833333333,0.0208336666666666,0.2399373231292517,0.1230212776563632,3.857142857142857,0.3372671105442176,0.1619937142857143,0.2263416187074829,0.1269443329649424,4.142857142857143,0.3423912219387754,0.0115265,0.1842648139682539,0.1271488593282776,3.9,0.301431314047619,0.1187308333333333,50.0,-0.2149825428571428,-0.0013309924162257,0.4604801367482231,-0.0526479338910801,1.0503063656870433,0.1112695,0.0,0.0,0.0,0.0,0.0,0.0,0.0,0.0,0.0,0.0,0.0,0.0,0.0,0.0,0.0,0.0,0.0,0.0,0.0,0.0,0.0,0.0,0.0,0.0,0.0,0.0,0.0,0.0,0.0,0.0,0.0,0.0,0.0,0.0,0.0,0.0,0.0,0.0,0.0,0.0,0.0,0.0,0.0,0.0,0.0,0.06732108333675,0.269284333347,0.26264775,1
2024-09-10,0.163823875,0.1812960559538202,8,-0.163016,0.381942,0.308048125,2.464385,0.222653625,0.1639672846384193,4,8,bullish,-0.092493125,0.1382482500944302,0.0504656375239843,0.1817182916666666,0.0986134772423313,4.333333333333333,0.210514625,0.058843375,0.2131860195578231,0.1327337407059394,4.857142857142857,0.3095301284013605,-0.1872591249999999,0.2170918954931973,0.131885398691204,4.642857142857143,0.3086004451530612,-0.129496125,0.1842428764682539,0.1268661851570396,3.9,0.2964136432142857,-0.000658125,50.0,0.1946913333333333,0.0042674112874779,0.4856802297895612,-0.0710854394324183,-0.3608544302562843,-0.223796125,0.0,0.0,0.0,0.0,0.0,0.0,0.0,0.0,0.0,0.0,0.0,0.0,0.0,0.0,0.0,0.0,0.0,0.0,0.0,0.0,0.0,0.0,0.0,0.0,0.0,0.0,0.0,0.0,0.0,0.0,0.0,0.0,0.0,0.0,0.0,0.0,0.0,0.0,0.0,0.0,0.0,0.0,0.0,0.0,0.0,0.0504656375239843,0.403725100191875,0.308048125,4
2024-09-11,0.1133498571428571,0.0661652999676531,7,0.056373,0.247721,0.2593037142857143,1.815126,0.1541129999999999,0.092643677859492,3,7,neutral,-0.0504740178571428,0.1015638503541161,0.0293920389708979,0.177830244047619,0.0877974181507719,6.333333333333333,0.2766665297619048,-0.0116641428571428,0.1844755705782313,0.1218558924676227,4.571428571428571,0.2763475637755102,-0.2009731428571428,0.2034287138605442,0.119392465963729,4.428571428571429,0.2898391747448979,-0.1912845428571428,0.1835201050396825,0.1249654192135811,4.066666666666666,0.3019613670238095,-0.0216831428571428,50.0,-0.0037487142857142,-0.0154642236331569,0.4797242800228465,-0.062140623951418,-0.3080992795289629,0.0420191071428571,0.0,0.0,0.0,0.0,0.0,0.0,0.0,0.0,0.0,0.0,0.0,0.0,0.0,0.0,0.0,0.0,0.0,0.0,0.0,0.0,0.0,0.0,0.0,0.0,0.0,0.0,0.0,0.0,0.0,0.0,0.0,0.0,0.0,0.0,0.0,0.0,0.0,0.0,0.0,0.0,0.0,0.0,0.0,0.0,0.0,0.0293920389708979,0.2057442727962857,0.2593037142857143,3
2024-09-12,0.1736359166666666,0.1786431019885272,12,-0.012248,0.629599,0.4302031666666666,5.162438,0.1844205833333333,0.092631462769464,5,12,bullish,0.0602860595238095,0.1105088391102107,0.0746987211970694,0.1502698829365079,0.1420348193033335,9.0,0.3325183353174604,-0.0826810833333333,0.1675149260204081,0.1329669003889835,5.285714285714286,0.2887021794217687,-0.1187245119047619,0.2060510650510204,0.1210557946688533,5.071428571428571,0.3101248771258503,0.0367129166666666,0.1856640022619047,0.1270837195528856,4.4,0.3038830059126984,0.0643169166666666,50.0,0.0038493999999999,-0.0307010828924162,0.492102642655508,-0.0612760949174128,0.531858275285074,0.1107600773809524,0.0,0.0,0.0,0.0,0.0,0.0,0.0,0.0,0.0,0.0,0.0,0.0,0.0,0.0,0.0,0.0,0.0,0.0,0.0,0.0,0.0,0.0,0.0,0.0,0.0,0.0,0.0,0.0,0.0,0.0,0.0,0.0,0.0,0.0,0.0,0.0,0.0,0.0,0.0,0.0,0.0,0.0,0.0,0.0,0.0,0.0746987211970694,0.8963846543648333,0.4302031666666666,5
2024-09-13,0.2591546875,0.1811964632755355,16,0.039624,0.577423,0.2876056875,4.601691,0.3175064375,0.097989124252282,5,16,bullish,0.0855187708333333,0.1246463639432757,0.0745343620672851,0.1820468204365079,0.1420016217439053,11.666666666666666,0.325704189484127,0.0953308124999999,0.1708965480442177,0.1276824944467545,7.142857142857143,0.287578706207483,0.0236713541666666,0.2163546345663265,0.1271954832599873,5.714285714285714,0.2967663956207483,0.1442499732142857,0.1913140966071428,0.1268960191802352,4.7,0.3066493383531746,0.1695028303571428,50.0,-0.34716,-0.0892137248677248,0.5099623570012749,-0.0682485071798463,0.4925177490640136,0.0252327113095237,0.0,0.0,0.0,0.0,0.0,0.0,0.0,0.0,0.0,0.0,0.0,0.0,0.0,0.0,0.0,0.0,0.0,0.0,0.0,0.0,0.0,0.0,0.0,0.0,0.0,0.0,0.0,0.0,0.0,0.0,0.0,0.0,0.0,0.0,0.0,0.0,0.0,0.0,0.0,0.0,0.0,0.0,0.0,0.0,0.0,0.0745343620672851,1.1925497930765625,0.2876056875,5
2024-09-14,-0.073417,0.5604938469617664,2,-0.469746,0.322912,0.5964145000000001,1.192829,0.0264249999999999,0.3853038992821121,1,2,neutral,-0.3325716875,0.2335589536294605,-0.0437869633465,0.1197912013888888,0.3067778040752764,10.0,0.4380744513888889,-0.1867668571428571,0.1454111909013605,0.1972876111130241,7.142857142857143,0.3150101347789116,-0.1783975,0.2012820631377551,0.1731880224760079,5.714285714285714,0.3230535384778911,-0.211016,0.1778130521626984,0.1428306292069628,4.566666666666666,0.3140445161309523,-0.4050313333333333,50.0,0.0670667142857142,-0.0803512566137566,0.5436040983658357,-0.1385920485444071,-1.2832941233216166,-0.4180904583333333,0.0,0.0,0.0,0.0,0.0,0.0,0.0,0.0,0.0,0.0,0.0,0.0,0.0,0.0,0.0,0.0,0.0,0.0,0.0,0.0,0.0,0.0,0.0,0.0,0.0,0.0,0.0,0.0,0.0,0.0,0.0,0.0,0.0,0.0,0.0,0.0,0.0,0.0,0.0,0.0,0.0,0.0,0.0,0.0,0.0,-0.0437869633465,-0.087573926693,0.5964145000000001,1
2024-09-15,0.327056,0.0,1,0.327056,0.327056,0.165031,0.165031,0.286413,0.0,1,1,bullish,0.400473,0.2466246780483705,0.053974378736,0.1709312291666666,0.3708451551186509,6.333333333333333,0.3496837291666667,0.1534200833333333,0.1742743337585034,0.1972876111130241,7.142857142857143,0.3298934204931973,0.202042,0.1955348488520408,0.1731880224760079,5.714285714285714,0.324577181335034,-0.080461,0.185009718829365,0.1455000154915705,4.466666666666667,0.315102132797619,0.2159,50.0,-0.2059122,-0.0888838343915344,0.5315843796169446,-0.118345779795516,-5.454772055518476,0.7330446875000001,0.0,0.0,0.0,0.0,0.0,0.0,0.0,0.0,0.0,0.0,0.0,0.0,0.0,0.0,0.0,0.0,0.0,0.0,0.0,0.0,0.0,0.0,0.0,0.0,0.0,0.0,0.0,0.0,0.0,0.0,0.0,0.0,0.0,0.0,0.0,0.0,0.0,0.0,0.0,0.0,0.0,0.0,0.0,0.0,0.0,0.053974378736,0.053974378736,0.165031,1
2024-09-16,0.1217611428571428,0.1141019292627262,7,-0.006974,0.344346,0.3193738571428571,2.235617,0.1940974285714285,0.1066044598642682,4,7,neutral,-0.2052948571428571,0.2586088353721388,0.0388873258444081,0.1251333809523809,0.3372978881122463,3.3333333333333335,0.3602731190476191,-0.1373935446428571,0.1550520684523809,0.2136494495683381,7.571428571428571,0.337997150085034,-0.1345558571428571,0.1974946957908163,0.1724548259719859,5.714285714285714,0.3376321303146259,0.0274378571428571,0.1843534769246032,0.1443995341061575,4.533333333333333,0.3179217547023809,-0.0196872571428571,50.0,-0.218125,-0.1009246677248677,0.516958860436003,-0.1208761463288602,-0.6277055218153991,-0.6057678571428572,0.0,0.0,0.0,0.0,0.0,0.0,0.0,0.0,0.0,0.0,0.0,0.0,0.0,0.0,0.0,0.0,0.0,0.0,0.0,0.0,0.0,0.0,0.0,0.0,0.0,0.0,0.0,0.0,0.0,0.0,0.0,0.0,0.0,0.0,0.0,0.0,0.0,0.0,0.0,0.0,0.0,0.0,0.0,0.0,0.0,0.0388873258444081,0.2722112809108571,0.3193738571428571,4
2024-09-17,0.347736,0.3128963526419997,4,0.060223,0.63891,0.37086425,1.483457,0.3525355,0.1263395588576014,3,4,bullish,0.2259748571428571,0.2921721480355069,0.128962850838,0.2655177142857142,0.213499140952363,4.0,0.2850897023809525,0.421153,0.1813252291666666,0.2355828323497013,7.0,0.3469708822278911,0.1839121249999999,0.1972556243622449,0.1841582865278204,5.928571428571429,0.3282505053146258,-0.0033469999999999,0.1939327769246031,0.156790451090038,4.6,0.3274470463690476,0.287379,50.0,-0.2088992285714286,-0.1036911375661375,0.5327775395200183,-0.1323846654128753,1.8558864662430423,0.4312697142857143,0.0,0.0,0.0,0.0,0.0,0.0,0.0,0.0,0.0,0.0,0.0,0.0,0.0,0.0,0.0,0.0,0.0,0.0,0.0,0.0,0.0,0.0,0.0,0.0,0.0,0.0,0.0,0.0,0.0,0.0,0.0,0.0,0.0,0.0,0.0,0.0,0.0,0.0,0.0,0.0,0.0,0.0,0.0,0.0,0.0,0.128962850838,0.515851403352,0.37086425,3
2024-09-18,0.2083593333333333,0.1282898344915397,6,0.059313,0.406596,0.1970911666666666,1.182547,0.2767868333333333,0.0747813032713837,3,6,bullish,-0.1393766666666666,0.2789454908395081,0.0410657840925555,0.2259521587301587,0.1850960387987552,5.666666666666667,0.2957764246031747,-0.1186966666666666,0.1948980114795918,0.2459369214370158,6.857142857142857,0.3380833754251701,0.0950094761904762,0.1896867910289115,0.1838964069523192,5.714285714285714,0.3072154696003401,-0.1059636666666666,0.1954984213690476,0.1585841419257951,4.733333333333333,0.3261861519246032,0.0469693333333333,50.0,-0.1942763333333333,-0.1013904476190476,0.5323422747191074,-0.1248057672786312,-0.4008117269039347,-0.3653515238095238,0.0,0.0,0.0,0.0,0.0,0.0,0.0,0.0,0.0,0.0,0.0,0.0,0.0,0.0,0.0,0.0,0.0,0.0,0.0,0.0,0.0,0.0,0.0,0.0,0.0,0.0,0.0,0.0,0.0,0.0,0.0,0.0,0.0,0.0,0.0,0.0,0.0,0.0,0.0,0.0,0.0,0.0,0.0,0.0,0.0,0.0410657840925555,0.2463947045553333,0.1970911666666666,3
2024-09-19,0.184651,0.3278487039474154,4,-0.088023,0.660459,0.229014,0.916056,0.2504995,0.1599757262014042,4,4,bullish,-0.0237083333333333,0.2207842050859203,0.042287664114,0.2469154444444443,0.2563449636936516,4.666666666666667,0.2656564722222223,0.0628898571428571,0.1964715948129251,0.2708045217634972,5.714285714285714,0.3093420659013605,0.0110150833333333,0.1819932604166666,0.2018857110762403,5.5,0.2990221226615646,-0.1077094285714285,0.1968144280357142,0.1672556450316758,4.7,0.3202960985912698,0.0394802,50.0,0.0453011666666666,-0.117989355026455,0.5626031909016159,-0.1480920548897112,-0.1137857995322183,0.1156683333333333,0.0,0.0,0.0,0.0,0.0,0.0,0.0,0.0,0.0,0.0,0.0,0.0,0.0,0.0,0.0,0.0,0.0,0.0,0.0,0.0,0.0,0.0,0.0,0.0,0.0,0.0,0.0,0.0,0.0,0.0,0.0,0.0,0.0,0.0,0.0,0.0,0.0,0.0,0.0,0.0,0.0,0.0,0.0,0.0,0.0,0.042287664114,0.169150656456,0.229014,4
2024-09-20,0.135198,0.1376471499547545,4,0.041938,0.333864,0.187053,0.7482120000000001,0.2427975,0.012173136777347,2,4,neutral,-0.049453,0.2041567940596871,0.025289191494,0.1760694444444444,0.1979285627979032,4.666666666666667,0.2043860555555556,-0.2125379999999999,0.1787634965986394,0.2635463028767003,4.0,0.2949773962585034,-0.1239566874999999,0.1748300223214285,0.1956143986617274,5.571428571428571,0.2912780512329932,-0.1002853333333333,0.1981144280357142,0.1719983706421237,4.7,0.3201198735912698,0.039,50.0,0.168587,-0.0988409423280423,0.5728670451977678,-0.158596009185863,-0.2678187499661523,-0.0257446666666666,0.0,0.0,0.0,0.0,0.0,0.0,0.0,0.0,0.0,0.0,0.0,0.0,0.0,0.0,0.0,0.0,0.0,0.0,0.0,0.0,0.0,0.0,0.0,0.0,0.0,0.0,0.0,0.0,0.0,0.0,0.0,0.0,0.0,0.0,0.0,0.0,0.0,0.0,0.0,0.0,0.0,0.0,0.0,0.0,0.0,0.025289191494,0.101156765976,0.187053,2
2024-09-21,0.229499,0.0,1,0.229499,0.229499,0.30569,0.30569,0.241527,0.0,1,1,bullish,0.094301,0.2266705102589274,0.07015554931,0.1831159999999999,0.2327479269510849,3.0,0.2405856666666667,0.0211396666666666,0.2220372108843537,0.2041567940596871,3.857142857142857,0.253445324829932,0.302916,0.1837242008928571,0.2004099669978709,5.5,0.2842277298044218,0.1245185,0.2029823547023809,0.1744383884742814,4.566666666666666,0.3254481802579365,0.1460378,50.0,-0.0115265,-0.1005493756613756,0.5639661451977678,-0.167496909185863,0.6975029216408526,0.143754,0.0,0.0,0.0,0.0,0.0,0.0,0.0,0.0,0.0,0.0,0.0,0.0,0.0,0.0,0.0,0.0,0.0,0.0,0.0,0.0,0.0,0.0,0.0,0.0,0.0,0.0,0.0,0.0,0.0,0.0,0.0,0.0,0.0,0.0,0.0,0.0,0.0,0.0,0.0,0.0,0.0,0.0,0.0,0.0,0.0,0.07015554931,0.07015554931,0.30569,1
2024-09-22,0.254785,0.0,1,0.254785,0.254785,0.395012,0.395012,0.245195,0.0,1,1,bullish,0.0252859999999999,0.1979285627979032,0.1006431324199999,0.2064939999999999,0.1376471499547545,2.0,0.2959183333333334,0.0701339999999999,0.2117127823129252,0.2041567940596871,3.857142857142857,0.2862997534013605,-0.072271,0.1929935580357143,0.2004099669978709,5.5,0.308096586947279,0.129771,0.2101016213690476,0.1744383884742814,4.566666666666666,0.3370817135912698,0.213578,50.0,0.129496125,-0.047587583994709,0.580082387283912,-0.1675669798434358,0.1101791293208247,-0.069015,0.0,0.0,0.0,0.0,0.0,0.0,0.0,0.0,0.0,0.0,0.0,0.0,0.0,0.0,0.0,0.0,0.0,0.0,0.0,0.0,0.0,0.0,0.0,0.0,0.0,0.0,0.0,0.0,0.0,0.0,0.0,0.0,0.0,0.0,0.0,0.0,0.0,0.0,0.0,0.0,0.0,0.0,0.0,0.0,0.0,0.1006431324199999,0.1006431324199999,0.395012,1
2024-09-23,0.0819345,0.0549653979669634,4,0.02742,0.139708,0.2573525,1.02941,0.1938079999999999,0.0928229929597187,3,4,neutral,-0.1728504999999999,0.1734870839563778,0.02108604841125,0.1887394999999999,0.0549653979669634,2.0,0.3193515,-0.0532635,0.2060232619047619,0.1923294878005345,3.4285714285714284,0.2774395595238095,-0.0398266428571428,0.1805376651785714,0.2039585578557001,5.5,0.3077183548044218,-0.1743825,0.2078233824801587,0.1729333616321077,4.6,0.3372066524801587,-0.0683471666666666,50.0,0.1912845428571428,-0.033785603042328,0.5501315943070528,-0.1645310368665766,-0.6784170967678631,-0.1981364999999999,0.0,0.0,0.0,0.0,0.0,0.0,0.0,0.0,0.0,0.0,0.0,0.0,0.0,0.0,0.0,0.0,0.0,0.0,0.0,0.0,0.0,0.0,0.0,0.0,0.0,0.0,0.0,0.0,0.0,0.0,0.0,0.0,0.0,0.0,0.0,0.0,0.0,0.0,0.0,0.0,0.0,0.0,0.0,0.0,0.0,0.02108604841125,0.084344193645,0.2573525,3
2024-09-24,0.2330064166666666,0.1822642001303992,12,0.017237,0.569083,0.4134598333333333,4.961518,0.24913575,0.0864907414920285,4,12,bullish,0.1510719166666666,0.1249589160173724,0.0963387942005972,0.1899086388888888,0.1186147990486813,5.666666666666667,0.3552747777777778,0.0035074166666666,0.1896333214285714,0.1662030572982144,4.571428571428571,0.2835246428571428,-0.1147295833333333,0.185479275297619,0.2040465709626618,5.785714285714286,0.315247762542517,0.0691825416666666,0.2058035630357143,0.1733390502624682,4.966666666666667,0.3308354469246032,-0.0605945833333333,50.0,-0.0367129166666666,-0.0149856826719576,0.5524197414819919,-0.174950842374849,1.843813249201089,0.3239224166666666,0.0,0.0,0.0,0.0,0.0,0.0,0.0,0.0,0.0,0.0,0.0,0.0,0.0,0.0,0.0,0.0,0.0,0.0,0.0,0.0,0.0,0.0,0.0,0.0,0.0,0.0,0.0,0.0,0.0,0.0,0.0,0.0,0.0,0.0,0.0,0.0,0.0,0.0,0.0,0.0,0.0,0.0,0.0,0.0,0.0,0.0963387942005972,1.1560655304071663,0.4134598333333333,4
2024-09-25,0.1419084444444444,0.2909682883937316,9,-0.553461,0.402443,0.3388304444444444,3.049474,0.1841918888888888,0.2397074172457146,4,9,neutral,-0.0910979722222222,0.1760659621636981,0.0480829013015308,0.1522831203703703,0.1760659621636981,8.333333333333334,0.3365475925925927,-0.1128765555555555,0.1801403373015873,0.1987387480786528,5.0,0.3037731111111111,-0.0664508888888889,0.1875191743905895,0.2244832062741235,5.928571428571429,0.3209282432681406,0.0285585873015872,0.2023741611838624,0.1733139110689676,5.2,0.3284608117394179,-0.1028820555555555,50.0,-0.1442499732142857,-0.0067773463624338,0.5672710465173139,-0.2048473458228694,-0.3909676545626844,-0.2421698888888888,0.0,0.0,0.0,0.0,0.0,0.0,0.0,0.0,0.0,0.0,0.0,0.0,0.0,0.0,0.0,0.0,0.0,0.0,0.0,0.0,0.0,0.0,0.0,0.0,0.0,0.0,0.0,0.0,0.0,0.0,0.0,0.0,0.0,0.0,0.0,0.0,0.0,0.0,0.0,0.0,0.0,0.0,0.0,0.0,0.0,0.0480829013015308,0.4327461117137777,0.3388304444444444,4
2024-09-26,0.2600323,0.1103887361061907,10,0.122479,0.482151,0.3399239,3.399239,0.2963945,0.1095697679778606,4,10,bullish,0.1181238555555555,0.1596466556493213,0.08839119354197,0.2116490537037036,0.1945404082101072,10.333333333333334,0.3640713925925926,0.1780977999999999,0.1909090944444444,0.1552467545104079,5.857142857142857,0.3196173825396825,0.0753812999999999,0.1936903446286848,0.2182782639211838,5.785714285714286,0.3144797242205215,0.0863963833333333,0.2012645711838624,0.1706920287788519,5.5,0.3137543084060847,-0.0332877,50.0,0.211016,0.0398799012566137,0.5556842244978074,-0.1908056271366962,0.8323948304697242,0.2092218277777778,0.0,0.0,0.0,0.0,0.0,0.0,0.0,0.0,0.0,0.0,0.0,0.0,0.0,0.0,0.0,0.0,0.0,0.0,0.0,0.0,0.0,0.0,0.0,0.0,0.0,0.0,0.0,0.0,0.0,0.0,0.0,0.0,0.0,0.0,0.0,0.0,0.0,0.0,0.0,0.0,0.0,0.0,0.0,0.0,0.0,0.08839119354197,0.8839119354197,0.3399239,4
2024-09-27,0.2098415,0.2333841286645259,2,0.044814,0.374869,0.1879175,0.375835,0.22557,0.2104943750507362,2,2,bullish,-0.0501907999999999,0.1743941502523622,0.03943289007625,0.2039274148148147,0.2115803843881494,7.0,0.2888906148148149,-0.0231649166666666,0.2015724515873016,0.1743941502523622,5.571428571428571,0.3197408825396825,0.0746435,0.1901679740929705,0.2230225971383648,4.785714285714286,0.307359139399093,-0.0493131874999999,0.198104807850529,0.1719335524744623,5.233333333333333,0.3026195084060846,-0.0947928999999999,50.0,0.080461,0.0704062716269841,0.5722423972103545,-0.1968776998492434,-0.1930175597416166,-0.1683146555555555,0.0,0.0,0.0,0.0,0.0,0.0,0.0,0.0,0.0,0.0,0.0,0.0,0.0,0.0,0.0,0.0,0.0,0.0,0.0,0.0,0.0,0.0,0.0,0.0,0.0,0.0,0.0,0.0,0.0,0.0,0.0,0.0,0.0,0.0,0.0,0.0,0.0,0.0,0.0,0.0,0.0,0.0,0.0,0.0,0.0,0.03943289007625,0.0788657801525,0.1879175,2
2024-09-28,0.1138486666666666,0.1027551925322187,3,-0.002996,0.190135,0.1931013333333333,0.579304,0.1625633333333333,0.1794777943767232,1,3,neutral,-0.0959928333333333,0.1839521091654132,0.0219843293315555,0.1945741555555555,0.1488426857676451,5.0,0.2403142444444445,-0.0280597777777777,0.1850509753968253,0.1624543239656716,5.857142857142857,0.3036567873015873,-0.1156503333333333,0.2035440931405895,0.1814099921902241,4.857142857142857,0.2785510560657596,0.1872656666666666,0.1973356634060846,0.1695339152369648,5.233333333333333,0.3041827750727513,-0.0230743333333333,50.0,-0.0274378571428571,0.0623241578703703,0.5611517973986666,-0.1869036333708887,-0.4574539990103642,-0.0458020333333333,0.0,0.0,0.0,0.0,0.0,0.0,0.0,0.0,0.0,0.0,0.0,0.0,0.0,0.0,0.0,0.0,0.0,0.0,0.0,0.0,0.0,0.0,0.0,0.0,0.0,0.0,0.0,0.0,0.0,0.0,0.0,0.0,0.0,0.0,0.0,0.0,0.0,0.0,0.0,0.0,0.0,0.0,0.0,0.0,0.0,0.0219843293315555,0.0659529879946666,0.1931013333333333,1
2024-09-29,0.199829,0.0,1,0.199829,0.199829,0.020045,0.020045,0.293503,0.0,1,1,bullish,0.0859803333333333,0.1843740864241667,0.004005572305,0.1745063888888888,0.1680696605983723,2.0,0.1336879444444445,-0.0602032999999999,0.1772001182539682,0.1624543239656716,5.857142857142857,0.250090073015873,-0.0549559999999999,0.1944564502834467,0.1814099921902241,4.857142857142857,0.2681949132086167,-0.127227,0.2001664729298941,0.1719632207353953,5.033333333333333,0.2890301274537037,0.0849242857142857,50.0,0.0033469999999999,0.0439641578703703,0.5797127672938598,-0.211113403266082,0.7552159884759302,0.1819731666666666,0.0,0.0,0.0,0.0,0.0,0.0,0.0,0.0,0.0,0.0,0.0,0.0,0.0,0.0,0.0,0.0,0.0,0.0,0.0,0.0,0.0,0.0,0.0,0.0,0.0,0.0,0.0,0.0,0.0,0.0,0.0,0.0,0.0,0.0,0.0,0.0,0.0,0.0,0.0,0.0,0.0,0.0,0.0,0.0,0.0,0.004005572305,0.004005572305,0.020045,1
2024-09-30,0.2731065,0.1771027372704894,6,0.0,0.440955,0.3464845,2.078907,0.2370148333333333,0.0617083659917086,3,6,bullish,0.0732774999999999,0.1559076986433562,0.09462716909925,0.1955947222222221,0.139928964901354,3.3333333333333335,0.1865436111111112,0.0632649999999999,0.2045104039682539,0.1828105471829259,6.142857142857143,0.2628232158730159,0.1911719999999999,0.2052668329365079,0.187137338372748,4.785714285714286,0.2701313876984127,0.1513453571428571,0.2046833895965608,0.1772904738521322,5.166666666666667,0.292966460787037,0.1355074999999999,50.0,0.1059636666666666,0.0570186208333333,0.5846527337084435,-0.2051251071806657,0.3667010293801198,-0.0127028333333333,0.0,0.0,0.0,0.0,0.0,0.0,0.0,0.0,0.0,0.0,0.0,0.0,0.0,0.0,0.0,0.0,0.0,0.0,0.0,0.0,0.0,0.0,0.0,0.0,0.0,0.0,0.0,0.0,0.0,0.0,0.0,0.0,0.0,0.0,0.0,0.0,0.0,0.0,0.0,0.0,0.0,0.0,0.0,0.0,0.0,0.09462716909925,0.5677630145954999,0.3464845,3
2024-10-01,0.1878917692307692,0.1607188005016597,13,-0.054434,0.440155,0.2544902307692308,3.308373,0.2552560769230769,0.1362355300166232,4,13,bullish,-0.0852147307692307,0.1684902147422234,0.0478166197111775,0.2202757564102563,0.1689107688860745,6.666666666666667,0.207006576923077,0.0740431025641025,0.1980654543345543,0.1792196472448027,6.285714285714286,0.2401132726495726,-0.0451146474358974,0.1938493878815628,0.1733030154508989,5.428571428571429,0.2618189577533578,-0.1598442307692307,0.1973625485709198,0.1765999874625292,5.566666666666666,0.2966594684793447,-0.2196252307692308,50.0,0.1077094285714285,0.0545978767857142,0.60019901687959,-0.2132171991430209,-0.3120201488036014,-0.1584922307692307,0.0,0.0,0.0,0.0,0.0,0.0,0.0,0.0,0.0,0.0,0.0,0.0,0.0,0.0,0.0,0.0,0.0,0.0,0.0,0.0,0.0,0.0,0.0,0.0,0.0,0.0,0.0,0.0,0.0,0.0,0.0,0.0,0.0,0.0,0.0,0.0,0.0,0.0,0.0,0.0,0.0,0.0,0.0,0.0,0.0,0.0478166197111775,0.6216160562453077,0.2544902307692308,4
2024-10-02,0.2095138,0.1780540088911227,5,0.0,0.443992,0.2202524,1.101262,0.2514324,0.1192849019251808,3,5,bullish,0.0216220307692307,0.1546576847988726,0.0461459172831199,0.223504023076923,0.1719585155544239,8.0,0.273742376923077,0.0096847999999999,0.2077233622710622,0.1604006006610345,5.714285714285714,0.223173552014652,0.0676053555555555,0.1939318497863247,0.1778270313054064,5.357142857142857,0.2634733315628815,0.0011544666666666,0.2012022323804436,0.178928609049369,5.5,0.2994477294317257,0.1151905142857143,50.0,0.1002853333333333,0.044486853505291,0.6019192744090811,-0.2113496683391787,0.1150770513139112,0.1068367615384615,0.0,0.0,0.0,0.0,0.0,0.0,0.0,0.0,0.0,0.0,0.0,0.0,0.0,0.0,0.0,0.0,0.0,0.0,0.0,0.0,0.0,0.0,0.0,0.0,0.0,0.0,0.0,0.0,0.0,0.0,0.0,0.0,0.0,0.0,0.0,0.0,0.0,0.0,0.0,0.0,0.0,0.0,0.0,0.0,0.0,0.0461459172831199,0.2307295864155999,0.2202524,3
2024-10-03,0.0895433333333333,0.1523912192767899,6,-0.190842,0.258674,0.2012449999999999,1.2074699999999998,0.1838641666666666,0.0923817892128457,2,6,neutral,-0.1199704666666666,0.1670666914850155,0.0180201481166666,0.1623163008547008,0.1637213428898574,8.0,0.2253292102564103,-0.1835631666666666,0.1833677956043956,0.1674010145228011,5.142857142857143,0.2033622805860806,-0.1704889666666666,0.18713844502442,0.1618763508808041,5.5,0.2614898315628816,-0.0951076666666666,0.1924842434915547,0.1778671134584658,5.666666666666667,0.289415662765059,-0.2615396666666666,50.0,-0.1245185,0.034730677579365,0.5898380512009045,-0.2162295805476689,-0.5726136734986749,-0.1415924974358974,0.0,0.0,0.0,0.0,0.0,0.0,0.0,0.0,0.0,0.0,0.0,0.0,0.0,0.0,0.0,0.0,0.0,0.0,0.0,0.0,0.0,0.0,0.0,0.0,0.0,0.0,0.0,0.0,0.0,0.0,0.0,0.0,0.0,0.0,0.0,0.0,0.0,0.0,0.0,0.0,0.0,0.0,0.0,0.0,0.0,0.0180201481166666,0.1081208886999999,0.2012449999999999,2
2024-10-04,0.2669915,0.1186825230532521,8,0.088068,0.44392,0.345594125,2.764753,0.273148875,0.0624974096067474,4,8,bullish,0.1774481666666666,0.1573898577986628,0.0922706938249375,0.1886828777777777,0.1497092504070548,6.333333333333333,0.255697175,0.0790997307692307,0.1915320813186813,0.1482840802542554,6.0,0.2258875127289377,0.0571499999999999,0.1965522664529914,0.1601522938897585,5.785714285714286,0.2728141976343101,0.1317934999999999,0.1909065268248881,0.1773571188046937,5.633333333333334,0.2845494113761701,-0.0473315,50.0,-0.129771,0.0363394523809523,0.5516320607123402,-0.1439827400591045,1.9817015969921457,0.2974186333333333,0.0,0.0,0.0,0.0,0.0,0.0,0.0,0.0,0.0,0.0,0.0,0.0,0.0,0.0,0.0,0.0,0.0,0.0,0.0,0.0,0.0,0.0,0.0,0.0,0.0,0.0,0.0,0.0,0.0,0.0,0.0,0.0,0.0,0.0,0.0,0.0,0.0,0.0,0.0,0.0,0.0,0.0,0.0,0.0,0.0,0.0922706938249375,0.7381655505995001,0.345594125,4
2024-10-05,0.045901,0.0,1,0.045901,0.045901,0.04882,0.04882,0.112467,0.0,1,1,neutral,-0.2210905,0.1524616379307061,0.00224088682,0.1341452777777777,0.135536871165021,5.0,0.1985530416666667,-0.1636128,0.1818252717948718,0.1573898577986628,5.714285714285714,0.2052758936813186,-0.0679476666666666,0.1834381235958486,0.1601522938897585,5.785714285714286,0.254466340491453,-0.183598,0.1826912125391738,0.1800812881523742,5.433333333333334,0.2747193828047415,-0.2464594285714285,50.0,0.1743825,0.0322690634920634,0.5375743107123402,-0.1580404900591045,-0.8280806692347884,-0.3985386666666667,0.0,0.0,0.0,0.0,0.0,0.0,0.0,0.0,0.0,0.0,0.0,0.0,0.0,0.0,0.0,0.0,0.0,0.0,0.0,0.0,0.0,0.0,0.0,0.0,0.0,0.0,0.0,0.0,0.0,0.0,0.0,0.0,0.0,0.0,0.0,0.0,0.0,0.0,0.0,0.0,0.0,0.0,0.0,0.0,0.0,0.00224088682,0.00224088682,0.04882,1
2024-10-06,0.045268,0.0,1,0.045268,0.045268,0.099271,0.099271,0.004856,0.0,1,1,neutral,-0.0006329999999999,0.1497092504070549,0.004493799628,0.1193868333333332,0.1186825230532521,3.3333333333333335,0.1645617083333334,-0.0442753333333333,0.1597451289377289,0.1573898577986628,5.714285714285714,0.2165938936813187,-0.154561,0.1684726235958486,0.1601522938897585,5.785714285714286,0.2333419833485958,-0.2095169999999999,0.1763507014280626,0.1786542615968727,5.366666666666666,0.2681794161380749,-0.1902153333333333,50.0,-0.0691825416666666,0.0156420033068783,0.5417232230268344,-0.169838716659313,-0.0137905492255069,0.2204575,0.0,0.0,0.0,0.0,0.0,0.0,0.0,0.0,0.0,0.0,0.0,0.0,0.0,0.0,0.0,0.0,0.0,0.0,0.0,0.0,0.0,0.0,0.0,0.0,0.0,0.0,0.0,0.0,0.0,0.0,0.0,0.0,0.0,0.0,0.0,0.0,0.0,0.0,0.0,0.0,0.0,0.0,0.0,0.0,0.0,0.004493799628,0.004493799628,0.099271,1
2024-10-07,0.0812195555555555,0.2709073735098913,9,-0.24033,0.638267,0.2386686666666666,2.148018,0.1944545555555555,0.1822346455988207,4,9,neutral,0.0359515555555555,0.1806603719466445,0.0193845630317037,0.0574628518518518,0.2709073735098913,3.6666666666666665,0.1289198888888889,-0.1857719444444444,0.1323327083028083,0.1761507850465432,6.142857142857143,0.2011916317765567,-0.1918869444444444,0.1684215561355311,0.1797833825754792,6.142857142857143,0.2320074238247863,-0.0007149444444444,0.1755586699465811,0.1842214018814702,5.6,0.2626552216936304,-0.0237609444444444,50.0,-0.0285585873015872,0.015517477733686,0.5227988702536643,-0.1775660083305874,0.7941935927267729,0.0365845555555555,0.0,0.0,0.0,0.0,0.0,0.0,0.0,0.0,0.0,0.0,0.0,0.0,0.0,0.0,0.0,0.0,0.0,0.0,0.0,0.0,0.0,0.0,0.0,0.0,0.0,0.0,0.0,0.0,0.0,0.0,0.0,0.0,0.0,0.0,0.0,0.0,0.0,0.0,0.0,0.0,0.0,0.0,0.0,0.0,0.0,0.0193845630317037,0.1744610672853333,0.2386686666666666,4
2024-10-08,0.240163,0.1084941065887912,5,0.134943,0.408378,0.6119906,3.059953,0.2117258,0.0592490463315655,3,5,bullish,0.1589434444444444,0.1660280010506449,0.1469774984678,0.1222168518518518,0.1897007400493413,5.0,0.3166434222222223,0.194262,0.139800026984127,0.1657058462639694,5.0,0.2522631130952381,0.0522712307692307,0.1689327406593406,0.173077010435333,5.642857142857143,0.2461881928724054,0.0071565833333333,0.1793969699465812,0.1810660979109419,5.733333333333333,0.2810266416936304,0.115149,50.0,-0.0863963833333333,0.005545990696649,0.5217496231999647,-0.173336394610221,1.9569602832377533,0.1229918888888888,0.0,0.0,0.0,0.0,0.0,0.0,0.0,0.0,0.0,0.0,0.0,0.0,0.0,0.0,0.0,0.0,0.0,0.0,0.0,0.0,0.0,0.0,0.0,0.0,0.0,0.0,0.0,0.0,0.0,0.0,0.0,0.0,0.0,0.0,0.0,0.0,0.0,0.0,0.0,0.0,0.0,0.0,0.0,0.0,0.0,0.1469774984678,0.7348874923390001,0.6119906,3
2024-10-09,0.2440794999999999,0.3578844196280413,2,-0.008983,0.497142,0.234717,0.469434,0.3480379999999999,0.0517771869456037,2,2,bullish,0.0039164999999999,0.2457619665755746,0.0572896080014999,0.1884873518518518,0.2457619665755746,5.333333333333333,0.361792088888889,0.1988114999999999,0.1447379841269841,0.2016719284113532,4.571428571428571,0.2543294845238095,0.0345656999999999,0.1762306731990232,0.1791602950929975,5.142857142857143,0.2387515182692307,0.1021710555555555,0.1789890532799145,0.1953141612899919,5.666666666666667,0.2800956166936305,-0.0122375,50.0,0.0493131874999999,-0.0007485069885361,0.5287258102907149,-0.1743697317009712,0.0163076743711563,-0.1550269444444444,0.0,0.0,0.0,0.0,0.0,0.0,0.0,0.0,0.0,0.0,0.0,0.0,0.0,0.0,0.0,0.0,0.0,0.0,0.0,0.0,0.0,0.0,0.0,0.0,0.0,0.0,0.0,0.0,0.0,0.0,0.0,0.0,0.0,0.0,0.0,0.0,0.0,0.0,0.0,0.0,0.0,0.0,0.0,0.0,0.0,0.0572896080014999,0.1145792160029999,0.234717,2
2024-10-10,0.19453025,0.0835862879957991,4,0.088003,0.291677,0.2175205,0.870082,0.21116575,0.0559347005079732,3,4,bullish,-0.0495492499999999,0.2052180469306307,0.042314317245125,0.2262575833333332,0.1833216047375439,3.6666666666666665,0.3547427000000001,0.1133106944444444,0.159736115079365,0.187910942155155,4.285714285714286,0.2566545559523809,0.1049869166666667,0.1715519553418803,0.1767237089011437,4.714285714285714,0.2300084182692307,-0.0655020499999999,0.1800125991132478,0.1912429209584077,5.533333333333333,0.2770780291936304,0.030706375,50.0,-0.1872656666666666,-0.0335235175705467,0.5244843078628539,-0.1641950042731103,-0.2030045538441367,-0.0534657499999999,0.0,0.0,0.0,0.0,0.0,0.0,0.0,0.0,0.0,0.0,0.0,0.0,0.0,0.0,0.0,0.0,0.0,0.0,0.0,0.0,0.0,0.0,0.0,0.0,0.0,0.0,0.0,0.0,0.0,0.0,0.0,0.0,0.0,0.0,0.0,0.0,0.0,0.0,0.0,0.0,0.0,0.0,0.0,0.0,0.0,0.042314317245125,0.1692572689805,0.2175205,3
2024-10-11,0.1378664,0.1905783025748209,5,-0.08149,0.438671,0.1621466,0.810733,0.2315798,0.1882488119821742,2,5,neutral,-0.05666385,0.2022900980594688,0.02235456801424,0.1921587166666666,0.2106830033995538,3.6666666666666665,0.2047947,-0.1022965999999999,0.1412896722222222,0.2022900980594688,3.857142857142857,0.2304477666666666,-0.1291251,0.1664108767704517,0.172832270165716,4.928571428571429,0.2281676396978022,-0.0719751,0.1808298172084859,0.1964267960670397,5.466666666666667,0.2738394587174399,0.0245165428571428,50.0,0.127227,-0.0305299990520282,0.5222037371804578,-0.1710776935907141,-0.2912855455642503,-0.0071146,0.0,0.0,0.0,0.0,0.0,0.0,0.0,0.0,0.0,0.0,0.0,0.0,0.0,0.0,0.0,0.0,0.0,0.0,0.0,0.0,0.0,0.0,0.0,0.0,0.0,0.0,0.0,0.0,0.0,0.0,0.0,0.0,0.0,0.0,0.0,0.0,0.0,0.0,0.0,0.0,0.0,0.0,0.0,0.0,0.0,0.02235456801424,0.1117728400712,0.1621466,2
2024-10-12,0.157666,0.0,1,0.157666,0.157666,0.329112,0.329112,0.286616,0.0,1,1,bullish,0.0197996,0.1851357791968631,0.051889772592,0.1633542166666666,0.13708229528531,3.3333333333333335,0.2362597000000001,-0.0864134999999999,0.1572561007936508,0.2022900980594688,3.857142857142857,0.2704894809523809,0.111765,0.1695406862942612,0.1798399779290657,4.785714285714286,0.2378826873168498,0.0438173333333333,0.1802974866529304,0.1972000001574098,5.1,0.2704697531618844,-0.0159699166666666,50.0,-0.1513453571428571,-0.0335107609567901,0.5173477871804577,-0.1759336435907141,0.1436143977067654,0.07646345,0.0,0.0,0.0,0.0,0.0,0.0,0.0,0.0,0.0,0.0,0.0,0.0,0.0,0.0,0.0,0.0,0.0,0.0,0.0,0.0,0.0,0.0,0.0,0.0,0.0,0.0,0.0,0.0,0.0,0.0,0.0,0.0,0.0,0.0,0.0,0.0,0.0,0.0,0.0,0.0,0.0,0.0,0.0,0.0,0.0,0.051889772592,0.051889772592,0.329112,1
2024-10-13,0.570814,0.0,1,0.570814,0.570814,0.469587,0.469587,0.433311,0.0,1,1,bullish,0.413148,0.2106830033995538,0.268046833818,0.2887821333333333,0.1905783025748209,2.3333333333333335,0.3202818666666667,0.37628375,0.2323341007936508,0.2022900980594688,3.857142857142857,0.3233917666666666,0.5255460000000001,0.1960396148656898,0.1798399779290657,4.785714285714286,0.2699928301739927,0.370985,0.1906861304029304,0.1979274336520404,4.6,0.2765357969118844,0.3116593125,50.0,0.1598442307692307,-0.00133129087132,0.557572423477235,-0.1672703298874914,2.620400086258293,0.3933484,0.0,0.0,0.0,0.0,0.0,0.0,0.0,0.0,0.0,0.0,0.0,0.0,0.0,0.0,0.0,0.0,0.0,0.0,0.0,0.0,0.0,0.0,0.0,0.0,0.0,0.0,0.0,0.0,0.0,0.0,0.0,0.0,0.0,0.0,0.0,0.0,0.0,0.0,0.0,0.0,0.0,0.0,0.0,0.0,0.0,0.268046833818,0.268046833818,0.469587,1
2024-10-14,0.1005705,0.0785376430796086,2,0.045036,0.156105,0.1500405,0.300081,0.167289,0.0141322361287943,2,2,neutral,-0.4702435,0.1175674112167429,0.0150896481052499,0.2763501666666667,0.0785376430796086,1.3333333333333333,0.3162465,-0.0372959,0.2350985214285714,0.1638161519734122,2.857142857142857,0.3107306,0.0193509444444444,0.1837156148656898,0.1699834685099777,4.5,0.2559611158882783,-0.1725359999999999,0.1964857137362637,0.1760203334755787,4.6,0.2616566635785511,0.1739875,50.0,-0.0011544666666666,-0.0208353982787274,0.5371204200371296,-0.1600619181140526,-0.82381213495114,-0.8833915000000001,0.0,0.0,0.0,0.0,0.0,0.0,0.0,0.0,0.0,0.0,0.0,0.0,0.0,0.0,0.0,0.0,0.0,0.0,0.0,0.0,0.0,0.0,0.0,0.0,0.0,0.0,0.0,0.0,0.0,0.0,0.0,0.0,0.0,0.0,0.0,0.0,0.0,0.0,0.0,0.0,0.0,0.0,0.0,0.0,0.0,0.0150896481052499,0.0301792962104999,0.1500405,2
2024-10-15,0.1538900909090909,0.1193913678374232,11,-0.049512,0.338462,0.2619387272727272,2.881326,0.208715,0.0952647999326089,4,11,bullish,0.0533195909090909,0.1295024378306176,0.0403097745526115,0.2750915303030303,0.0989645054585159,4.666666666666667,0.2938554090909092,-0.0037759090909091,0.2227738201298701,0.1659956042231386,3.7142857142857144,0.2607231896103896,-0.0862729090909091,0.1812869235569985,0.165850725243554,4.357142857142857,0.2564931513528138,-0.0340016783216783,0.1907135167665667,0.1735582045347893,4.933333333333334,0.2648869211543087,-0.1731659090909091,50.0,0.0951076666666666,-0.0025809306861348,0.5148425796195208,-0.1365859130499792,0.5301712819275126,0.5235630909090909,0.0,0.0,0.0,0.0,0.0,0.0,0.0,0.0,0.0,0.0,0.0,0.0,0.0,0.0,0.0,0.0,0.0,0.0,0.0,0.0,0.0,0.0,0.0,0.0,0.0,0.0,0.0,0.0,0.0,0.0,0.0,0.0,0.0,0.0,0.0,0.0,0.0,0.0,0.0,0.0,0.0,0.0,0.0,0.0,0.0,0.0403097745526115,0.4434075200787272,0.2619387272727272,4
2024-10-16,0.025312,0.0014764389591175,2,0.024268,0.026356,0.130599,0.261198,0.140652,0.0237602020614303,2,2,neutral,-0.1285780909090909,0.0664684832920498,0.003305721888,0.0932575303030302,0.0664684832920497,5.0,0.1808594090909091,-0.545502,0.1915213201298701,0.0947140080893539,3.7142857142857144,0.2458491896103896,-0.2187674999999999,0.1681296521284271,0.1481929682503535,4.142857142857143,0.2500893370670995,-0.1842018,0.1874985453379953,0.1686614440868063,4.766666666666667,0.2585944259162134,-0.0964491428571428,50.0,-0.1317934999999999,-0.014051476541514,0.488584924999911,-0.1338002884303694,-0.8355189742856619,-0.1818976818181817,0.0,0.0,0.0,0.0,0.0,0.0,0.0,0.0,0.0,0.0,0.0,0.0,0.0,0.0,0.0,0.0,0.0,0.0,0.0,0.0,0.0,0.0,0.0,0.0,0.0,0.0,0.0,0.0,0.0,0.0,0.0,0.0,0.0,0.0,0.0,0.0,0.0,0.0,0.0,0.0,0.0,0.0,0.0,0.0,0.0,0.003305721888,0.006611443776,0.130599,2
2024-10-17,0.2972728333333334,0.30034452685036,6,-0.13502,0.654057,0.5492635,3.295581,0.2762518333333333,0.129759746538619,4,6,bullish,0.2719608333333334,0.1249374941816273,0.1632811168915833,0.1588249747474747,0.1404041112156336,6.333333333333333,0.3139337424242425,0.1967023333333333,0.206198832034632,0.1380656558602661,4.0,0.2932410467532467,0.1027425833333333,0.1829674735569985,0.1629882990077105,4.142857142857143,0.2749478013528139,0.2077295,0.1858164397824397,0.1681157125306481,4.833333333333333,0.26454106758288,-0.0504631666666666,50.0,0.1835979999999999,0.0159478993844118,0.5018845447580222,-0.1383567748551473,10.744343921196798,0.4005389242424242,0.0,0.0,0.0,0.0,0.0,0.0,0.0,0.0,0.0,0.0,0.0,0.0,0.0,0.0,0.0,0.0,0.0,0.0,0.0,0.0,0.0,0.0,0.0,0.0,0.0,0.0,0.0,0.0,0.0,0.0,0.0,0.0,0.0,0.0,0.0,0.0,0.0,0.0,0.0,0.0,0.0,0.0,0.0,0.0,0.0,0.1632811168915833,0.9796867013495002,0.5492635,4
2024-10-18,0.1593995555555555,0.137864363962475,9,-0.037125,0.392355,0.2223327777777778,2.000995,0.2005208888888889,0.1128626858326573,3,9,bullish,-0.1378732777777778,0.1275228681377969,0.0354397459632098,0.1606614629629629,0.1465617765906508,5.666666666666667,0.3007317592592594,0.0055094646464646,0.2092749971139971,0.1275228681377969,4.571428571428571,0.3018390721500721,0.0215331555555555,0.1752823346681096,0.1649064830986328,4.214285714285714,0.2661434194083694,-0.1075919444444444,0.1841844471898471,0.1685319964206887,4.933333333333334,0.2653824546199171,-0.0489597777777777,50.0,0.2095169999999999,0.033748322995523,0.5088433120598342,-0.1407604532680705,-0.4637937353097445,-0.4098341111111112,0.0,0.0,0.0,0.0,0.0,0.0,0.0,0.0,0.0,0.0,0.0,0.0,0.0,0.0,0.0,0.0,0.0,0.0,0.0,0.0,0.0,0.0,0.0,0.0,0.0,0.0,0.0,0.0,0.0,0.0,0.0,0.0,0.0,0.0,0.0,0.0,0.0,0.0,0.0,0.0,0.0,0.0,0.0,0.0,0.0,0.0354397459632098,0.3189577136688888,0.2223327777777778,3
2024-10-19,0.1529963333333333,0.1015224604180441,3,0.093413,0.270219,0.1393493333333333,0.418048,0.1960849999999999,0.0460635041111724,1,3,bullish,-0.0064032222222222,0.132119831605484,0.0213199370524444,0.2032229074074073,0.179910450410293,6.0,0.3036485370370371,0.1276843333333333,0.2086079018759019,0.1231894668511714,4.857142857142857,0.2747301197691197,-0.0046696666666666,0.1829320013347763,0.1591442992185793,4.357142857142857,0.2726098003607504,0.1070953333333333,0.1831292916342916,0.15869172496289,4.9,0.2623936323976949,-0.0316546666666666,50.0,0.0007149444444444,0.0546350575634242,0.4988918686122593,-0.1354922764871622,-0.0401708913171373,0.1314700555555556,0.0,0.0,0.0,0.0,0.0,0.0,0.0,0.0,0.0,0.0,0.0,0.0,0.0,0.0,0.0,0.0,0.0,0.0,0.0,0.0,0.0,0.0,0.0,0.0,0.0,0.0,0.0,0.0,0.0,0.0,0.0,0.0,0.0,0.0,0.0,0.0,0.0,0.0,0.0,0.0,0.0,0.0,0.0,0.0,0.0,0.0213199370524444,0.0639598111573333,0.1393493333333333,1
2024-10-20,0.1473065,0.1901021225880973,2,0.012884,0.281729,0.275074,0.550148,0.190157,0.134456354442622,2,2,neutral,-0.0056898333333333,0.1462619825556188,0.040520188181,0.1532341296296296,0.1431629823228721,4.666666666666667,0.2122520370370371,-0.1499663333333333,0.1481068304473304,0.1327484176707322,5.0,0.2469425483405483,-0.4235075,0.1902204656204906,0.1617241178327058,4.428571428571429,0.2851671575036075,0.1020385,0.1835329083009583,0.1609723759469484,4.833333333333333,0.2653276657310282,0.0121084999999999,50.0,-0.0071565833333333,0.0397035483041649,0.4942267917769604,-0.1434071996518632,-0.0371893444069464,0.0007133888888889,0.0,0.0,0.0,0.0,0.0,0.0,0.0,0.0,0.0,0.0,0.0,0.0,0.0,0.0,0.0,0.0,0.0,0.0,0.0,0.0,0.0,0.0,0.0,0.0,0.0,0.0,0.0,0.0,0.0,0.0,0.0,0.0,0.0,0.0,0.0,0.0,0.0,0.0,0.0,0.0,0.0,0.0,0.0,0.0,0.0,0.040520188181,0.081040376362,0.275074,2
2024-10-21,0.1991904,0.1444230748131644,10,-0.041726,0.404776,0.3403581,3.403581,0.2499772,0.1384404276228587,2,10,bullish,0.0518839,0.1748513097264282,0.06779606608224,0.1664977444444444,0.1453492192731019,5.0,0.2515938111111112,0.0397908444444444,0.1621953875901876,0.1421606222040974,6.142857142857143,0.2741307769119769,0.0986199,0.1986469545093795,0.1511837596079785,4.5,0.2924306884559884,0.1179708444444444,0.1825226216342916,0.1602828217330407,5.133333333333334,0.2664832690643616,-0.0303085999999999,50.0,-0.1021710555555555,0.0451673595916429,0.4927547576043599,-0.1408053024023397,0.3522173155970713,0.0575737333333333,0.0,0.0,0.0,0.0,0.0,0.0,0.0,0.0,0.0,0.0,0.0,0.0,0.0,0.0,0.0,0.0,0.0,0.0,0.0,0.0,0.0,0.0,0.0,0.0,0.0,0.0,0.0,0.0,0.0,0.0,0.0,0.0,0.0,0.0,0.0,0.0,0.0,0.0,0.0,0.0,0.0,0.0,0.0,0.0,0.0,0.06779606608224,0.6779606608224,0.3403581,2
2024-10-22,0.0768757058823529,0.1526936976137868,17,-0.144681,0.430066,0.3184934705882353,5.414389,0.141732294117647,0.1220839920253494,6,17,neutral,-0.122314694117647,0.1453211438791136,0.024484410370391,0.1411242019607843,0.1624062983383495,9.666666666666666,0.3113085235294118,-0.0761206274509803,0.1511933325863678,0.146918097886435,7.0,0.2822100259570494,-0.0770143850267379,0.186983576358119,0.1548670588600615,5.357142857142857,0.2714666077837195,-0.163287294117647,0.17659231183037,0.1599792567682706,5.666666666666667,0.2639326514173027,-0.177909294117647,50.0,0.0655020499999999,0.0346848950617284,0.4829528139888106,-0.1442671681985551,-0.6140591821576094,-0.1741985941176471,0.0,0.0,0.0,0.0,0.0,0.0,0.0,0.0,0.0,0.0,0.0,0.0,0.0,0.0,0.0,0.0,0.0,0.0,0.0,0.0,0.0,0.0,0.0,0.0,0.0,0.0,0.0,0.0,0.0,0.0,0.0,0.0,0.0,0.0,0.0,0.0,0.0,0.0,0.0,0.0,0.0,0.0,0.0,0.0,0.0,0.024484410370391,0.4162349762966471,0.3184934705882353,6
2024-10-23,0.162374,0.1684093342405145,10,-0.266692,0.282556,0.4765965,4.765965,0.1426891,0.1456127218812132,4,10,bullish,0.085498294117647,0.1514301379347214,0.0773868800909999,0.1461467019607842,0.1551753688891552,12.333333333333334,0.3784826901960785,0.0150674999999999,0.1707736183006536,0.170765654355206,8.142857142857142,0.3316382402427638,0.137062,0.1811474692152618,0.139077468411101,5.928571428571429,0.2887437149265767,-0.0817054999999999,0.1792736284970367,0.1645170142192126,5.866666666666666,0.271240784750636,0.0804394999999999,50.0,0.0719751,0.0428104024691358,0.4885966116926096,-0.1426278992356874,1.1121627195006147,0.2078129882352941,0.0,0.0,0.0,0.0,0.0,0.0,0.0,0.0,0.0,0.0,0.0,0.0,0.0,0.0,0.0,0.0,0.0,0.0,0.0,0.0,0.0,0.0,0.0,0.0,0.0,0.0,0.0,0.0,0.0,0.0,0.0,0.0,0.0,0.0,0.0,0.0,0.0,0.0,0.0,0.0,0.0,0.0,0.0,0.0,0.0,0.0773868800909999,0.7738688009099999,0.4765965,4
2024-10-24,0.1319000833333333,0.1617134857385731,12,-0.275452,0.294783,0.354199,4.250388,0.2200824166666667,0.1304935520228408,3,12,neutral,-0.0304739166666666,0.1634683429988273,0.0467188776165833,0.1237165964052287,0.1609388391976248,13.0,0.3830963235294118,-0.0672903166666666,0.147148939729225,0.150961219910665,9.0,0.3037718830999066,-0.16537275,0.1766738858819285,0.1455880682229988,6.5,0.2985064649265767,-0.0626301666666666,0.1759034173859256,0.1636949856435396,5.866666666666666,0.269265423639525,-0.1011063333333333,50.0,-0.0438173333333333,0.0273742913580246,0.4872209111949414,-0.1547613404046858,-0.1876773169760347,-0.1159722107843137,0.0,0.0,0.0,0.0,0.0,0.0,0.0,0.0,0.0,0.0,0.0,0.0,0.0,0.0,0.0,0.0,0.0,0.0,0.0,0.0,0.0,0.0,0.0,0.0,0.0,0.0,0.0,0.0,0.0,0.0,0.0,0.0,0.0,0.0,0.0,0.0,0.0,0.0,0.0,0.0,0.0,0.0,0.0,0.0,0.0,0.0467188776165833,0.560626531399,0.354199,3
2024-10-25,0.117034,0.1203113903917663,2,0.031961,0.202107,0.3230745,0.6461490000000001,0.1915165,0.0140381909268965,1,2,neutral,-0.0148660833333333,0.149510196559561,0.037810701033,0.1371026944444444,0.1501447367902846,8.0,0.3846233333333334,0.040158294117647,0.1410967175070027,0.1484536522577066,8.0,0.3181635577030812,-0.0423655555555555,0.1751858573104999,0.1397324922077442,6.285714285714286,0.3100013149265767,-0.0208324,0.1750742692377774,0.156868709723461,5.633333333333334,0.2687402254913768,-0.0248744444444444,50.0,-0.370985,0.0007974580246913,0.4860500114881013,-0.1464771406978458,-0.1127071564902979,0.0156078333333333,0.0,0.0,0.0,0.0,0.0,0.0,0.0,0.0,0.0,0.0,0.0,0.0,0.0,0.0,0.0,0.0,0.0,0.0,0.0,0.0,0.0,0.0,0.0,0.0,0.0,0.0,0.0,0.0,0.0,0.0,0.0,0.0,0.0,0.0,0.0,0.0,0.0,0.0,0.0,0.0,0.0,0.0,0.0,0.0,0.0,0.037810701033,0.075621402066,0.3230745,1
2024-10-26,0.1197065,0.1165816460869091,4,-0.011883,0.269782,0.285584,1.142336,0.18386775,0.095343250344479,2,4,neutral,0.0026725,0.14394191081431,0.034186261096,0.1228801944444444,0.1328688407390828,6.0,0.3209525000000001,-0.0426674999999999,0.1363410270308123,0.150604964496116,8.142857142857142,0.3390542243697479,-0.0332898333333333,0.1724744644533571,0.1379516578907569,6.5,0.3068921720694338,-0.0379594999999999,0.1703967425711108,0.1571164261226897,5.433333333333334,0.2669288954913768,-0.1403258,50.0,0.172536,-0.0004316530864197,0.4851552540481482,-0.1381385332578927,0.0228352444588753,0.0175385833333333,0.0,0.0,0.0,0.0,0.0,0.0,0.0,0.0,0.0,0.0,0.0,0.0,0.0,0.0,0.0,0.0,0.0,0.0,0.0,0.0,0.0,0.0,0.0,0.0,0.0,0.0,0.0,0.0,0.0,0.0,0.0,0.0,0.0,0.0,0.0,0.0,0.0,0.0,0.0,0.0,0.0,0.0,0.0,0.0,0.0,0.034186261096,0.136745044384,0.285584,2
2024-10-27,0.188306,0.0494112076557535,2,0.153367,0.223245,0.322045,0.64409,0.233646,0.0507603673942574,1,2,bullish,0.0685995,0.1232854128227033,0.06064300577,0.1416821666666666,0.0954347480448096,2.6666666666666665,0.3102345000000001,0.0564059166666666,0.1421980984593837,0.130506262362924,8.142857142857142,0.3457643672268907,0.0409994999999999,0.1451524644533571,0.1316273400168281,6.571428571428571,0.2963534577837196,-0.382508,0.1696788925711108,0.1497575092823388,5.433333333333334,0.2713998121580435,-0.0215355,50.0,0.0340016783216783,-0.0199333554951221,0.4658988911754662,-0.1081735259407663,0.5730641193251829,0.0659269999999999,0.0,0.0,0.0,0.0,0.0,0.0,0.0,0.0,0.0,0.0,0.0,0.0,0.0,0.0,0.0,0.0,0.0,0.0,0.0,0.0,0.0,0.0,0.0,0.0,0.0,0.0,0.0,0.0,0.0,0.0,0.0,0.0,0.0,0.0,0.0,0.0,0.0,0.0,0.0,0.0,0.0,0.0,0.0,0.0,0.0,0.06064300577,0.12128601154,0.322045,1
2024-10-28,0.1725166666666666,0.1112898579491111,3,0.068387,0.289798,0.1079313333333333,0.3237939999999999,0.311403,0.0587402624100369,2,3,bullish,-0.0157893333333333,0.1118615175644226,0.0186199538555555,0.1601763888888888,0.0924275705639245,3.0,0.2385201111111111,0.0554826666666666,0.1383875651260504,0.1257729456680592,7.142857142857143,0.312560543417367,-0.0266737333333333,0.150291476358119,0.1339667839360783,6.642857142857143,0.2933456601646719,0.0719461666666666,0.1716344925711108,0.1500988958990145,5.433333333333334,0.2685608121580435,0.0586679999999999,50.0,0.1842018,0.0004540728999395,0.4628272135488351,-0.1118664816474685,-0.0838493374259627,-0.0843888333333333,0.0,0.0,0.0,0.0,0.0,0.0,0.0,0.0,0.0,0.0,0.0,0.0,0.0,0.0,0.0,0.0,0.0,0.0,0.0,0.0,0.0,0.0,0.0,0.0,0.0,0.0,0.0,0.0,0.0,0.0,0.0,0.0,0.0,0.0,0.0,0.0,0.0,0.0,0.0,0.0,0.0,0.0,0.0,0.0,0.0,0.0186199538555555,0.0558598615666666,0.1079313333333333,2
2024-10-29,0.110208375,0.0893102758588402,8,0.0,0.271413,0.166385875,1.331087,0.273382,0.0742411058068814,3,8,neutral,-0.0623082916666666,0.097380875588476,0.0183371169067031,0.1570103472222221,0.0833371138212349,4.333333333333333,0.1987874027777778,-0.009498125,0.143149375,0.1167181711316382,5.857142857142857,0.2908308869047619,0.033332669117647,0.1471713537931839,0.1318181345090366,6.428571428571429,0.2865204564309057,-0.0436817159090908,0.1686471384044441,0.1477608720513155,5.666666666666667,0.2734388413247101,-0.089620625,50.0,-0.2077295,-0.02183180672969,0.4262920857689238,-0.0887184663675572,-0.3611725920200946,-0.0465189583333333,0.0,0.0,0.0,0.0,0.0,0.0,0.0,0.0,0.0,0.0,0.0,0.0,0.0,0.0,0.0,0.0,0.0,0.0,0.0,0.0,0.0,0.0,0.0,0.0,0.0,0.0,0.0,0.0,0.0,0.0,0.0,0.0,0.0,0.0,0.0,0.0,0.0,0.0,0.0,0.0,0.0,0.0,0.0,0.0,0.0,0.0183371169067031,0.146696935253625,0.166385875,3
2024-10-30,0.11401775,0.0925828734859567,4,0.033418,0.245222,0.18988625,0.759545,0.18468,0.0883638749489858,2,4,neutral,0.003809375,0.0918351722073141,0.0216504029809375,0.1322475972222221,0.0977276690979693,5.0,0.1547344861111111,-0.07428825,0.1362413392857142,0.1058858195952728,5.0,0.2498722797619048,-0.0483562499999999,0.1535074787931839,0.1383257369752394,6.571428571428571,0.2907552600023342,0.08870575,0.1633441800711108,0.1445101080596027,5.6,0.2682188996580434,-0.1590887499999999,50.0,0.1075919444444444,0.0014751932703099,0.4232660813789414,-0.0937437119775748,0.0345652043231741,0.0661176666666666,0.0,0.0,0.0,0.0,0.0,0.0,0.0,0.0,0.0,0.0,0.0,0.0,0.0,0.0,0.0,0.0,0.0,0.0,0.0,0.0,0.0,0.0,0.0,0.0,0.0,0.0,0.0,0.0,0.0,0.0,0.0,0.0,0.0,0.0,0.0,0.0,0.0,0.0,0.0,0.0,0.0,0.0,0.0,0.0,0.0,0.0216504029809375,0.08660161192375,0.18988625,2
2024-10-31,0.2388604,0.2488659481704959,5,-0.061766,0.501126,0.2893474,1.446737,0.301022,0.0932724990712696,4,5,bullish,0.12484265,0.1182920326240315,0.0691136357029599,0.1543621749999999,0.1435863658384309,5.666666666666667,0.2152065083333334,0.0663437333333333,0.1515213845238095,0.1183361713712618,4.0,0.2406077654761904,0.1069603166666666,0.1493351621265172,0.1346486956409634,6.5,0.2721898242880485,-0.0584124333333333,0.1650431344300851,0.1479003829699425,5.333333333333333,0.2693808052990691,0.0509686307692307,50.0,-0.1070953333333333,-0.0177022937667271,0.4347921864451275,-0.0951704170437609,1.0949404807584782,0.121033275,0.0,0.0,0.0,0.0,0.0,0.0,0.0,0.0,0.0,0.0,0.0,0.0,0.0,0.0,0.0,0.0,0.0,0.0,0.0,0.0,0.0,0.0,0.0,0.0,0.0,0.0,0.0,0.0,0.0,0.0,0.0,0.0,0.0,0.0,0.0,0.0,0.0,0.0,0.0,0.0,0.0,0.0,0.0,0.0,0.0,0.0691136357029599,0.3455681785147999,0.2893474,4
2024-11-01,0.1208156666666666,0.069169171386777,3,0.06472,0.198101,0.232816,0.698448,0.100291,0.1222667429148253,2,3,neutral,-0.1180447333333333,0.1222436253702362,0.0281278202506666,0.1578979388888888,0.1368726643477432,4.0,0.2373498833333334,0.0106072916666666,0.1520616226190476,0.1110301400848348,4.142857142857143,0.227713694047619,0.0037816666666666,0.1465791700630252,0.1297418961712707,6.071428571428571,0.2729386258753501,-0.0385838888888888,0.1620865299856407,0.1437125046043908,5.266666666666667,0.2697995919657358,-0.0886981333333333,50.0,-0.1020385,-0.0370371382111715,0.4262842508852561,-0.0903475148172228,-0.4941996803711848,-0.2428873833333333,0.0,0.0,0.0,0.0,0.0,0.0,0.0,0.0,0.0,0.0,0.0,0.0,0.0,0.0,0.0,0.0,0.0,0.0,0.0,0.0,0.0,0.0,0.0,0.0,0.0,0.0,0.0,0.0,0.0,0.0,0.0,0.0,0.0,0.0,0.0,0.0,0.0,0.0,0.0,0.0,0.0,0.0,0.0,0.0,0.0,0.0281278202506666,0.084383460752,0.232816,2
2024-11-03,0.296927,0.2969848480983499,2,0.086927,0.506927,0.2577175,0.515435,0.3124775,0.1848709466208793,1,2,bullish,0.1761113333333333,0.159382623400084,0.0765232841225,0.2188676888888888,0.2050066558852076,3.3333333333333335,0.2599603000000001,0.18290925,0.1773788369047619,0.1368020260864692,3.857142857142857,0.2237327654761904,0.1772205,0.1568599319677871,0.1437034952912926,6.0,0.2813934949229691,0.1439306666666666,0.1689993188745296,0.1492737980206046,5.133333333333334,0.2716820086324025,0.2073836666666667,50.0,-0.1179708444444444,-0.0452764172235172,0.4293725915525291,-0.1208245554844958,1.457686227227705,0.2941560666666666,0.0,0.0,0.0,0.0,0.0,0.0,0.0,0.0,0.0,0.0,0.0,0.0,0.0,0.0,0.0,0.0,0.0,0.0,0.0,0.0,0.0,0.0,0.0,0.0,0.0,0.0,0.0,0.0,0.0,0.0,0.0,0.0,0.0,0.0,0.0,0.0,0.0,0.0,0.0,0.0,0.0,0.0,0.0,0.0,0.0,0.0765232841225,0.153046568245,0.2577175,1
2024-11-04,0.1103525,0.0036691770875769,2,0.107758,0.112947,0.0819705,0.163941,0.1212015,0.0347422774800386,2,2,neutral,-0.1865744999999999,0.1422544036458313,0.00904564960125,0.1760317222222222,0.1232743988575679,2.3333333333333335,0.1908346666666668,-0.1285079,0.1662426226190476,0.1302674502910154,3.857142857142857,0.1894364083333333,-0.0779535,0.1542203605392156,0.1303868563269697,6.0,0.267600387780112,-0.036954,0.1637780188745296,0.1448502077911556,4.933333333333334,0.2628945544657358,-0.1566389999999999,50.0,0.163287294117647,0.0140871710117768,0.422374844953326,-0.1128486088852927,-0.6283514129735591,-0.3626858333333333,0.0,0.0,0.0,0.0,0.0,0.0,0.0,0.0,0.0,0.0,0.0,0.0,0.0,0.0,0.0,0.0,0.0,0.0,0.0,0.0,0.0,0.0,0.0,0.0,0.0,0.0,0.0,0.0,0.0,0.0,0.0,0.0,0.0,0.0,0.0,0.0,0.0,0.0,0.0,0.0,0.0,0.0,0.0,0.0,0.0,0.00904564960125,0.0180912992025,0.0819705,2
2024-11-05,0.398398,0.1404572076434669,3,0.238456,0.501653,0.327155,0.981465,0.4582793333333333,0.1711375450604961,2,3,bullish,0.2880455,0.1518292704773334,0.13033789769,0.2685591666666666,0.1470370776097979,2.3333333333333335,0.2222810000000001,0.2775823333333334,0.1985113845238095,0.1344342145330662,3.857142857142857,0.220754075,0.2258813333333333,0.1684494748249299,0.1301035801005627,5.5,0.2666573092086834,0.1992076,0.1755279188745296,0.1446875040819819,5.0,0.2721723877990691,0.352497,50.0,0.0817054999999999,0.0039948932339991,0.4367068243884758,-0.1027297974113516,2.610230851136132,0.47462,0.0,0.0,0.0,0.0,0.0,0.0,0.0,0.0,0.0,0.0,0.0,0.0,0.0,0.0,0.0,0.0,0.0,0.0,0.0,0.0,0.0,0.0,0.0,0.0,0.0,0.0,0.0,0.0,0.0,0.0,0.0,0.0,0.0,0.0,0.0,0.0,0.0,0.0,0.0,0.0,0.0,0.0,0.0,0.0,0.0,0.13033789769,0.39101369307,0.327155,2
2024-11-06,0.288936,0.1135355469709817,4,0.190968,0.402034,0.175193,0.700772,0.30894975,0.0720959714703255,4,4,bullish,-0.109462,0.1247631902374305,0.050619564648,0.2658955,0.0858873105673418,3.0,0.1947728333333334,-0.0079909999999999,0.2240439023809524,0.1378949675490864,3.2857142857142856,0.2220122357142857,0.178727625,0.1835966386904761,0.1273065693403623,4.571428571428571,0.2564215613095238,0.2120602941176471,0.1836501855411962,0.1435749341851605,5.1,0.2747031211324025,0.243668,50.0,0.0626301666666666,0.0071758363834422,0.4610939351896622,-0.100754508212538,-0.2747553953584104,-0.3975075,0.0,0.0,0.0,0.0,0.0,0.0,0.0,0.0,0.0,0.0,0.0,0.0,0.0,0.0,0.0,0.0,0.0,0.0,0.0,0.0,0.0,0.0,0.0,0.0,0.0,0.0,0.0,0.0,0.0,0.0,0.0,0.0,0.0,0.0,0.0,0.0,0.0,0.0,0.0,0.0,0.0,0.0,0.0,0.0,0.0,0.050619564648,0.202478258592,0.175193,4
2024-11-07,0.235955,0.1699271405773662,6,0.056539,0.535622,0.3394098333333333,2.036459,0.2919101666666666,0.0714544546642591,4,6,bullish,-0.052981,0.1449147840755484,0.0800854472241666,0.3077629999999999,0.1413066317306049,4.333333333333333,0.2805859444444445,0.1256025,0.2414635095238095,0.148944148562145,3.5714285714285716,0.2433727476190476,0.12193725,0.1888524244047618,0.1274149840787089,4.285714285714286,0.2466225136904762,0.073581,0.1888080336893444,0.1399684972947132,5.0,0.2780611600212914,0.1547354444444444,50.0,0.0208324,-0.0109763191721133,0.4449863048956962,-0.0907786612519053,-0.1833658664894648,0.0564809999999999,0.0,0.0,0.0,0.0,0.0,0.0,0.0,0.0,0.0,0.0,0.0,0.0,0.0,0.0,0.0,0.0,0.0,0.0,0.0,0.0,0.0,0.0,0.0,0.0,0.0,0.0,0.0,0.0,0.0,0.0,0.0,0.0,0.0,0.0,0.0,0.0,0.0,0.0,0.0,0.0,0.0,0.0,0.0,0.0,0.0,0.0800854472241666,0.4805126833449999,0.3394098333333333,4
2024-11-08,0.0625506,0.0854162286968934,5,-0.004024,0.199467,0.3489096,1.744548,0.0918786,0.0345146045363408,3,5,neutral,-0.1734044,0.102601060195257,0.02182450482576,0.1958138666666666,0.1229596387484137,5.0,0.2878374777777778,-0.3358474,0.2162763952380952,0.1255941886373446,3.5714285714285716,0.2518816333333333,-0.1763098,0.1838988898809524,0.1219651800043032,3.7857142857142856,0.2462446994047619,-0.0693494833333333,0.1828876203560111,0.1391442873700025,5.0,0.2692917933546246,-0.1776124,50.0,0.0379594999999999,0.0163224586056644,0.4348990435913602,-0.0903762955031249,-0.7349045368820326,-0.1204233999999999,0.0,0.0,0.0,0.0,0.0,0.0,0.0,0.0,0.0,0.0,0.0,0.0,0.0,0.0,0.0,0.0,0.0,0.0,0.0,0.0,0.0,0.0,0.0,0.0,0.0,0.0,0.0,0.0,0.0,0.0,0.0,0.0,0.0,0.0,0.0,0.0,0.0,0.0,0.0,0.0,0.0,0.0,0.0,0.0,0.0,0.02182450482576,0.1091225241288,0.3489096,3
2024-11-09,-0.051906,0.0,1,-0.051906,-0.051906,0.096671,0.096671,0.152305,0.0,1,1,neutral,-0.1144565999999999,0.1273340309721771,-0.005017804926,0.0821998666666666,0.1276716846371298,4.0,0.2616634777777778,-0.340842,0.1916018714285714,0.1349983581791059,3.2857142857142856,0.2324323476190476,-0.1727216666666666,0.1718317470238095,0.122092394589883,3.7142857142857144,0.2300730208333333,-0.16894,0.1730214370226777,0.1310428009900752,4.966666666666667,0.2646902600212913,-0.2959854999999999,50.0,0.382508,0.0468686870007262,0.4277903873831754,-0.1037578726282734,-1.8298241743484476,0.0589478,0.0,0.0,0.0,0.0,0.0,0.0,0.0,0.0,0.0,0.0,0.0,0.0,0.0,0.0,0.0,0.0,0.0,0.0,0.0,0.0,0.0,0.0,0.0,0.0,0.0,0.0,0.0,0.0,0.0,0.0,0.0,0.0,0.0,0.0,0.0,0.0,0.0,0.0,0.0,0.0,0.0,0.0,0.0,0.0,0.0,-0.005017804926,-0.005017804926,0.096671,1
2024-11-10,0.2233906666666666,0.0395818561127864,3,0.182924,0.262024,0.274406,0.823218,0.26,0.1007345077567761,1,3,bullish,0.2752966666666666,0.1021151930895069,0.0612997392773333,0.0780117555555554,0.0624990424048399,3.0,0.2399955333333334,-0.0125643333333333,0.181096680952381,0.0920978595148453,3.4285714285714284,0.234816419047619,-0.0735363333333333,0.1792377589285714,0.1161693338226428,3.642857142857143,0.2292745922619047,0.1036841666666666,0.1739834509115666,0.1294130072166303,4.933333333333334,0.2665864433546246,0.0288604166666666,50.0,-0.0719461666666666,0.0507741499636891,0.4157503571401602,-0.0841094257185915,-5.303754222376346,0.3897532666666666,0.0,0.0,0.0,0.0,0.0,0.0,0.0,0.0,0.0,0.0,0.0,0.0,0.0,0.0,0.0,0.0,0.0,0.0,0.0,0.0,0.0,0.0,0.0,0.0,0.0,0.0,0.0,0.0,0.0,0.0,0.0,0.0,0.0,0.0,0.0,0.0,0.0,0.0,0.0,0.0,0.0,0.0,0.0,0.0,0.0,0.0612997392773333,0.1838992178319999,0.274406,1
2024-11-11,0.316726,0.1849908515665932,4,0.171045,0.584942,0.49006925,1.960277,0.2779165,0.0485505525303265,3,4,bullish,0.0933353333333333,0.1199790192384098,0.1552176732755,0.1627368888888888,0.1122863538396898,2.6666666666666665,0.2870487500000001,0.2541754,0.2105786095238095,0.1223181385946813,3.7142857142857144,0.2931162404761904,0.2063735,0.1884106160714285,0.1265985372003997,3.7857142857142856,0.2412763244047619,0.12842,0.1799454375782333,0.1292060645866959,4.9,0.2775171983546247,0.1788596,50.0,0.0436817159090908,0.0669652850646992,0.4258974294299948,-0.0825029380084261,0.4178121437481723,-0.1819613333333332,0.0,0.0,0.0,0.0,0.0,0.0,0.0,0.0,0.0,0.0,0.0,0.0,0.0,0.0,0.0,0.0,0.0,0.0,0.0,0.0,0.0,0.0,0.0,0.0,0.0,0.0,0.0,0.0,0.0,0.0,0.0,0.0,0.0,0.0,0.0,0.0,0.0,0.0,0.0,0.0,0.0,0.0,0.0,0.0,0.0,0.1552176732755,0.620870693102,0.49006925,3
2024-11-12,0.1330533333333333,0.1041222828070552,15,0.0,0.363385,0.2117212666666666,3.1758189999999997,0.2413516,0.1073355146004474,5,15,neutral,-0.1836726666666666,0.1035278047958321,0.0281702202675555,0.2243899999999999,0.1095649968288116,7.333333333333333,0.325398838888889,0.1849593333333333,0.1726722285714285,0.1162623177886127,5.428571428571429,0.2766257071428571,-0.2653446666666667,0.185591806547619,0.1260471852663954,4.642857142857143,0.2486898910714285,-0.0394633333333333,0.179125015356011,0.128310215237423,5.366666666666666,0.2736041739101802,-0.0246126666666666,50.0,-0.08870575,0.0702169622251931,0.4235935302965721,-0.0745812761299054,-0.5799102904929392,-0.277008,0.0,0.0,0.0,0.0,0.0,0.0,0.0,0.0,0.0,0.0,0.0,0.0,0.0,0.0,0.0,0.0,0.0,0.0,0.0,0.0,0.0,0.0,0.0,0.0,0.0,0.0,0.0,0.0,0.0,0.0,0.0,0.0,0.0,0.0,0.0,0.0,0.0,0.0,0.0,0.0,0.0,0.0,0.0,0.0,0.0,0.0281702202675555,0.4225533040133333,0.2117212666666666,5
2024-11-13,0.178088,0.0733860188114875,3,0.131212,0.262661,0.318769,0.956307,0.1744376666666666,0.0271747927008346,2,3,bullish,0.0450346666666666,0.1005202523244806,0.056768933672,0.209289111111111,0.1208330510617119,7.333333333333333,0.3401865055555557,-0.0453026666666666,0.1568368,0.1095707297620303,5.285714285714286,0.2971365642857143,-0.110848,0.1904403511904762,0.124822242416599,4.285714285714286,0.2595744,0.067879625,0.1660341486893444,0.1264162774296321,5.433333333333334,0.2685769072435136,-0.392726,50.0,0.0584124333333333,0.0585641999158249,0.4143767760408849,-0.0637931218742183,0.3384707886561779,0.2287073333333333,0.0,0.0,0.0,0.0,0.0,0.0,0.0,0.0,0.0,0.0,0.0,0.0,0.0,0.0,0.0,0.0,0.0,0.0,0.0,0.0,0.0,0.0,0.0,0.0,0.0,0.0,0.0,0.0,0.0,0.0,0.0,0.0,0.0,0.0,0.0,0.0,0.0,0.0,0.0,0.0,0.0,0.0,0.0,0.0,0.0,0.056768933672,0.170306801016,0.318769,2
2024-11-14,0.1263623,0.1977790112800142,10,-0.052269,0.607777,0.1356346,1.356346,0.1740419,0.1761571258144589,4,10,neutral,-0.0517256999999999,0.1199720041155873,0.01713910001558,0.1458345444444444,0.1250957709661856,9.333333333333334,0.2220416222222223,-0.1903637,0.1411807,0.1142127082124716,5.857142857142857,0.2680258166666666,-0.1095926999999999,0.1913221047619047,0.1329142530161419,4.714285714285714,0.2556992821428571,0.01234455,0.166893875356011,0.1305280487468875,5.7,0.2680967105768469,0.0257918,50.0,0.0385838888888888,0.0537729097923681,0.4178962579838438,-0.0678663821505104,-0.2904502268541394,-0.0967603666666666,0.0,0.0,0.0,0.0,0.0,0.0,0.0,0.0,0.0,0.0,0.0,0.0,0.0,0.0,0.0,0.0,0.0,0.0,0.0,0.0,0.0,0.0,0.0,0.0,0.0,0.0,0.0,0.0,0.0,0.0,0.0,0.0,0.0,0.0,0.0,0.0,0.0,0.0,0.0,0.0,0.0,0.0,0.0,0.0,0.0,0.01713910001558,0.1713910001558,0.1356346,4
2024-11-15,0.1428707142857142,0.1873776429484178,7,-0.160179,0.354486,0.2174901428571428,1.522431,0.2541967142857143,0.0857144453650497,3,7,neutral,0.0165084142857142,0.1495311614827136,0.031072972060102,0.1491070047619047,0.1528475576799731,6.666666666666667,0.223964580952381,0.0098173809523809,0.1526550020408163,0.1312062772543924,6.142857142857143,0.2492516085034013,0.0803201142857142,0.1844656986394557,0.1281843833836743,4.857142857142857,0.2505666209183673,-0.0959896857142857,0.1665265628018985,0.1328724030610597,5.566666666666666,0.2666150910963274,-0.0110193766233766,50.0,-0.1439306666666666,0.0308217060886644,0.4262476992304086,-0.0736341519685037,0.1306435090665036,0.0682341142857142,0.0,0.0,0.0,0.0,0.0,0.0,0.0,0.0,0.0,0.0,0.0,0.0,0.0,0.0,0.0,0.0,0.0,0.0,0.0,0.0,0.0,0.0,0.0,0.0,0.0,0.0,0.0,0.0,0.0,0.0,0.0,0.0,0.0,0.0,0.0,0.0,0.0,0.0,0.0,0.0,0.0,0.0,0.0,0.0,0.0,0.031072972060102,0.2175108044207142,0.2174901428571428,3
2024-11-16,0.0239024999999999,0.2479213214301397,4,-0.30079,0.299616,0.18132325,0.725293,0.1259819999999999,0.2296963022239002,2,4,neutral,-0.1189682142857142,0.1621172554554229,0.0043340789831249,0.097711838095238,0.2110259918861906,7.0,0.178149330952381,-0.1541855,0.163484787755102,0.1478798549937849,6.571428571428571,0.2613447870748299,0.0758085,0.1775433295918367,0.1419345487716253,4.928571428571429,0.2468885673469387,-0.0969131666666666,0.1664795794685652,0.1413705024566122,5.633333333333334,0.2683058994296607,-0.0014095,50.0,0.036954,0.0326129949775533,0.4352827282139064,-0.0922495809520017,-0.832698393652603,-0.1354766285714285,0.0,0.0,0.0,0.0,0.0,0.0,0.0,0.0,0.0,0.0,0.0,0.0,0.0,0.0,0.0,0.0,0.0,0.0,0.0,0.0,0.0,0.0,0.0,0.0,0.0,0.0,0.0,0.0,0.0,0.0,0.0,0.0,0.0,0.0,0.0,0.0,0.0,0.0,0.0,0.0,0.0,0.0,0.0,0.0,0.0,0.0043340789831249,0.0173363159324999,0.18132325,2
2024-11-18,0.236129625,0.0702065799194216,8,0.171938,0.368491,0.348491875,2.787935,0.31746825,0.1051704815522329,3,8,bullish,0.212227125,0.1553341148778962,0.0822892557592968,0.1343009464285713,0.1685018480993264,6.333333333333333,0.249101755952381,0.109767325,0.1653046389455782,0.1522548155375899,7.285714285714286,0.2719284835034014,0.0127389583333333,0.1732006599489795,0.1244900666040154,5.357142857142857,0.2533724512755101,-0.0607973749999999,0.1644414725241207,0.1334347111831316,5.7,0.2616135119296607,-0.0611432083333333,50.0,-0.1992076,0.0062610949775533,0.4398628960179768,-0.092047386256072,8.878867273297775,0.3311953392857143,0.0,0.0,0.0,0.0,0.0,0.0,0.0,0.0,0.0,0.0,0.0,0.0,0.0,0.0,0.0,0.0,0.0,0.0,0.0,0.0,0.0,0.0,0.0,0.0,0.0,0.0,0.0,0.0,0.0,0.0,0.0,0.0,0.0,0.0,0.0,0.0,0.0,0.0,0.0,0.0,0.0,0.0,0.0,0.0,0.0,0.0822892557592968,0.658314046074375,0.348491875,3
2024-11-19,0.148734,0.0485937188190682,4,0.118005,0.22089,0.20524425,0.820977,0.238594,0.0942564596902161,3,4,neutral,-0.087395625,0.1503756548794123,0.0305267982795,0.1362553749999999,0.1222405400562098,5.333333333333333,0.2450197916666667,0.0058632857142857,0.141305781802721,0.132769510859372,7.285714285714286,0.2312391977891156,-0.167992,0.1759421956632653,0.1279458005833609,5.5,0.262177719132653,0.0383815,0.1640859540056022,0.1303564130747382,5.533333333333333,0.2610438943370681,-0.0106655555555555,50.0,-0.2120602941176471,-0.0598020488132963,0.4320741690920073,-0.0866369259967692,-0.3701171549313221,-0.29962275,0.0,0.0,0.0,0.0,0.0,0.0,0.0,0.0,0.0,0.0,0.0,0.0,0.0,0.0,0.0,0.0,0.0,0.0,0.0,0.0,0.0,0.0,0.0,0.0,0.0,0.0,0.0,0.0,0.0,0.0,0.0,0.0,0.0,0.0,0.0,0.0,0.0,0.0,0.0,0.0,0.0,0.0,0.0,0.0,0.0,0.0305267982795,0.122107193118,0.20524425,3
2024-11-20,0.1196223333333333,0.1495729711623505,3,-0.051871,0.223106,0.1259256666666666,0.377777,0.2418206666666666,0.1008767874653695,2,3,neutral,-0.0291116666666666,0.1407344468558796,0.0150635220732222,0.168161986111111,0.0894577566336134,5.0,0.2265539305555556,0.0957198333333333,0.1393870675170068,0.1392624663386999,5.571428571428571,0.2189826835034013,-0.0134309999999999,0.1560296480442176,0.1286470131617366,5.5,0.2478041953231292,-0.2787756666666667,0.1629734873389355,0.132013327238335,5.533333333333333,0.2605964387815126,-0.0333739999999999,50.0,-0.073581,-0.0599836969614445,0.4388883086195699,-0.0925096696909984,-0.1957297367559984,0.0582839583333333,0.0,0.0,0.0,0.0,0.0,0.0,0.0,0.0,0.0,0.0,0.0,0.0,0.0,0.0,0.0,0.0,0.0,0.0,0.0,0.0,0.0,0.0,0.0,0.0,0.0,0.0,0.0,0.0,0.0,0.0,0.0,0.0,0.0,0.0,0.0,0.0,0.0,0.0,0.0,0.0,0.0,0.0,0.0,0.0,0.0,0.0150635220732222,0.0451905662196666,0.1259256666666666,2
2024-11-21,0.3089861111111111,0.291024748472722,9,-0.132087,0.599482,0.465184,4.186656,0.2726395555555555,0.17349685593629,4,9,bullish,0.1893637777777778,0.1614638679607404,0.1437353951111111,0.1924474814814814,0.1630638128180469,5.333333333333333,0.2654513055555557,0.0728564861111111,0.1580867976757369,0.170353713433162,6.428571428571429,0.2398991120748299,0.1308981111111111,0.1574617988378684,0.1423000286618705,5.857142857142857,0.2685178381802721,0.0200501111111111,0.1683628077093059,0.1354934177860807,5.766666666666667,0.2669334387815126,0.1616796111111111,50.0,0.0693494833333333,-0.0571317228031953,0.4695253450947849,-0.1036498700551024,1.5830135769890612,0.2184754444444444,0.0,0.0,0.0,0.0,0.0,0.0,0.0,0.0,0.0,0.0,0.0,0.0,0.0,0.0,0.0,0.0,0.0,0.0,0.0,0.0,0.0,0.0,0.0,0.0,0.0,0.0,0.0,0.0,0.0,0.0,0.0,0.0,0.0,0.0,0.0,0.0,0.0,0.0,0.0,0.0,0.0,0.0,0.0,0.0,0.0,0.1437353951111111,1.2936185560000002,0.465184,4
2024-11-22,0.2452983999999999,0.098575287367575,10,0.019058,0.347534,0.3843022,3.843022,0.2391265,0.0810016705167245,3,10,bullish,-0.0636877111111111,0.1315946611482275,0.0942687147764799,0.2246356148148147,0.1797243356675491,7.333333333333333,0.325137288888889,0.0965643999999999,0.1750776691043084,0.1561817528742421,6.428571428571429,0.2754230549319728,0.1189360999999999,0.1581291845521542,0.1368114245688096,6.142857142857143,0.2717244357993197,0.0093433999999999,0.1698997410426392,0.1339124595983017,5.766666666666667,0.2683982421148459,0.0461079999999999,50.0,0.16894,-0.0285044172476398,0.4540271755365828,-0.0875079004969001,-0.2061183620263408,-0.2530514888888889,0.0,0.0,0.0,0.0,0.0,0.0,0.0,0.0,0.0,0.0,0.0,0.0,0.0,0.0,0.0,0.0,0.0,0.0,0.0,0.0,0.0,0.0,0.0,0.0,0.0,0.0,0.0,0.0,0.0,0.0,0.0,0.0,0.0,0.0,0.0,0.0,0.0,0.0,0.0,0.0,0.0,0.0,0.0,0.0,0.0,0.0942687147764799,0.9426871477647998,0.3843022,3
2024-11-24,0.0866255,0.1011523321555168,2,0.0151,0.158151,0.123928,0.247856,0.098836,0.0201610285451908,2,2,neutral,-0.1586728999999999,0.1377838115954465,0.010735324964,0.2136366703703703,0.1635841226652712,7.0,0.3244714000000001,-0.0329968333333333,0.1670426384920635,0.1438638513323991,5.714285714285714,0.2620570345238095,-0.0562452142857142,0.1598488202664399,0.1380218940656268,5.928571428571429,0.2556543215136054,0.0240749,0.1702247341798942,0.1321351711342235,5.266666666666667,0.2619127264285714,0.009749794117647,50.0,-0.1036841666666666,-0.0465151505809731,0.455684315705222,-0.0925840573322061,-0.646856644804858,-0.0949851888888888,0.0,0.0,0.0,0.0,0.0,0.0,0.0,0.0,0.0,0.0,0.0,0.0,0.0,0.0,0.0,0.0,0.0,0.0,0.0,0.0,0.0,0.0,0.0,0.0,0.0,0.0,0.0,0.0,0.0,0.0,0.0,0.0,0.0,0.0,0.0,0.0,0.0,0.0,0.0,0.0,0.0,0.0,0.0,0.0,0.0,0.010735324964,0.021470649928,0.123928,2
2024-11-25,0.10204125,0.1078737870426206,4,-0.00801,0.200877,0.2112217499999999,0.8448869999999999,0.27803675,0.0973337770641997,3,4,neutral,0.0154157499999999,0.149639825240157,0.0215533313971875,0.1446550499999999,0.1025338021885708,5.333333333333333,0.2398173166666667,-0.2069448611111111,0.178205317063492,0.1238570607056107,5.714285714285714,0.2663282488095238,0.07813875,0.170845052409297,0.1358684578496977,6.142857142857143,0.2638365179421769,0.15394725,0.1682136425132275,0.1300477384722271,5.066666666666666,0.2530669014285714,-0.0603327499999999,50.0,-0.12842,-0.0650711382352941,0.4260336007256716,-0.0824219173526557,0.1779585687817095,0.1740886499999999,0.0,0.0,0.0,0.0,0.0,0.0,0.0,0.0,0.0,0.0,0.0,0.0,0.0,0.0,0.0,0.0,0.0,0.0,0.0,0.0,0.0,0.0,0.0,0.0,0.0,0.0,0.0,0.0,0.0,0.0,0.0,0.0,0.0,0.0,0.0,0.0,0.0,0.0,0.0,0.0,0.0,0.0,0.0,0.0,0.0,0.0215533313971875,0.08621332558875,0.2112217499999999,3
2024-11-26,0.3384291666666666,0.1444056612954169,6,0.071305,0.473793,0.2994021666666667,1.796413,0.3122148333333333,0.0665441236276101,4,6,bullish,0.2363879166666666,0.1486063632667703,0.1013264257631944,0.1756986388888888,0.1178105934978514,4.0,0.2115173055555557,0.0931307666666666,0.1928195373015873,0.13445692947361,5.428571428571429,0.2593154333333333,0.1022995416666666,0.1790620881235827,0.1433558725055999,6.357142857142857,0.2656219584183673,0.1150384999999999,0.1750979452910052,0.1294509169397045,4.866666666666666,0.2512403403174603,0.2065290833333332,50.0,0.0394633333333333,-0.044694027124183,0.4522518008177248,-0.0858324507780423,2.316591737818447,0.2209721666666666,0.0,0.0,0.0,0.0,0.0,0.0,0.0,0.0,0.0,0.0,0.0,0.0,0.0,0.0,0.0,0.0,0.0,0.0,0.0,0.0,0.0,0.0,0.0,0.0,0.0,0.0,0.0,0.0,0.0,0.0,0.0,0.0,0.0,0.0,0.0,0.0,0.0,0.0,0.0,0.0,0.0,0.0,0.0,0.0,0.0,0.1013264257631944,0.6079585545791666,0.2994021666666667,4
2024-11-27,0.2503066666666667,0.1589584237350551,3,0.137174,0.432047,0.4971506666666667,1.491452,0.2259886666666666,0.0220921458517124,3,3,bullish,-0.0881224999999999,0.1221930983192369,0.1244401262044444,0.2302590277777777,0.1370792906910309,4.333333333333333,0.3359248611111112,0.1636811666666666,0.2073299182539682,0.1502233158901795,5.285714285714286,0.30101635,0.1015726666666666,0.1743178500283446,0.1414964133747758,6.285714285714286,0.2661277738945578,-0.0664193333333333,0.1795403675132275,0.1307835732618869,4.9,0.2570428792063492,0.1332726666666666,50.0,-0.067879625,-0.0563422076797385,0.4467947305817517,-0.0951845138754025,-0.260386836240966,-0.3245104166666666,0.0,0.0,0.0,0.0,0.0,0.0,0.0,0.0,0.0,0.0,0.0,0.0,0.0,0.0,0.0,0.0,0.0,0.0,0.0,0.0,0.0,0.0,0.0,0.0,0.0,0.0,0.0,0.0,0.0,0.0,0.0,0.0,0.0,0.0,0.0,0.0,0.0,0.0,0.0,0.0,0.0,0.0,0.0,0.0,0.0,0.1244401262044444,0.3733203786133334,0.4971506666666667,3
2024-11-28,0.057625,0.0,1,0.057625,0.057625,0.102013,0.102013,0.240777,0.0,1,1,neutral,-0.1926816666666666,0.1280975510571524,0.005878499125,0.215453611111111,0.151682042515236,3.3333333333333335,0.2995219444444446,-0.04441625,0.1984731563492063,0.150331706678151,5.0,0.2976002547619048,-0.0619973333333333,0.1689301119331065,0.1443713464953697,5.285714285714286,0.2582914691326531,-0.0754283333333333,0.1774709841798941,0.1312907849467075,4.8,0.2509238458730158,-0.0620815,50.0,-0.01234455,-0.0355796465686274,0.4376690988198969,-0.1091899821135477,-0.7697824002556863,-0.1045591666666667,0.0,0.0,0.0,0.0,0.0,0.0,0.0,0.0,0.0,0.0,0.0,0.0,0.0,0.0,0.0,0.0,0.0,0.0,0.0,0.0,0.0,0.0,0.0,0.0,0.0,0.0,0.0,0.0,0.0,0.0,0.0,0.0,0.0,0.0,0.0,0.0,0.0,0.0,0.0,0.0,0.0,0.0,0.0,0.0,0.0,0.005878499125,0.005878499125,0.102013,1
2024-11-29,0.0200074999999999,0.0354225142035401,2,-0.00504,0.045055,0.1144175,0.228835,0.213184,0.0815180981623099,2,2,neutral,-0.0376175,0.1116650965691582,0.0022892081312499,0.1093130555555555,0.0971904689692976,2.0,0.237860388888889,-0.3184216666666666,0.1571904976190476,0.1077313342999541,4.0,0.2474907547619047,-0.2889786111111111,0.1576386476473923,0.141451076910143,5.214285714285714,0.2436949334183673,-0.1580805,0.1718610341798942,0.1307911887519856,4.8,0.2440029292063492,-0.1682985,50.0,0.0959896857142857,-0.001351871031746,0.4119267653339162,-0.105042398627567,-0.6527982646420825,0.1550641666666666,0.0,0.0,0.0,0.0,0.0,0.0,0.0,0.0,0.0,0.0,0.0,0.0,0.0,0.0,0.0,0.0,0.0,0.0,0.0,0.0,0.0,0.0,0.0,0.0,0.0,0.0,0.0,0.0,0.0,0.0,0.0,0.0,0.0,0.0,0.0,0.0,0.0,0.0,0.0,0.0,0.0,0.0,0.0,0.0,0.0,0.0022892081312499,0.0045784162624999,0.1144175,2
2024-11-30,0.358505,0.0,1,0.358505,0.358505,0.182047,0.182047,0.338842,0.0,1,1,bullish,0.3384975,0.1129288664113374,0.065264759735,0.1453791666666666,0.0354225142035401,1.3333333333333333,0.1328258333333334,0.1081983333333333,0.173362869047619,0.1095625436864299,2.7142857142857144,0.2185971547619047,0.1132066,0.1742202690759637,0.1367570823793203,4.571428571428571,0.2470101048469388,0.2321427,0.1780606452910053,0.1315134602632032,4.733333333333333,0.2464734514285714,0.1859883333333333,50.0,0.0969131666666666,0.0175919252645502,0.4318804926625607,-0.0954006859562114,16.91853055104336,0.376115,0.0,0.0,0.0,0.0,0.0,0.0,0.0,0.0,0.0,0.0,0.0,0.0,0.0,0.0,0.0,0.0,0.0,0.0,0.0,0.0,0.0,0.0,0.0,0.0,0.0,0.0,0.0,0.0,0.0,0.0,0.0,0.0,0.0,0.0,0.0,0.0,0.0,0.0,0.0,0.0,0.0,0.0,0.0,0.0,0.0,0.065264759735,0.065264759735,0.182047,1
2024-12-01,0.019316,0.0273169491707987,2,0.0,0.038632,0.0511869999999999,0.1023739999999999,0.306814,0.0029146941520509,1,2,neutral,-0.339189,0.0738992957031313,0.000988728092,0.1326094999999999,0.0313697316871694,1.6666666666666667,0.1158838333333334,-0.038309,0.1637472261904761,0.0947954670894863,2.7142857142857144,0.2082055833333333,-0.0673095,0.1653949323412698,0.1234186912311854,4.214285714285714,0.2351313089285714,-0.1235547142857142,0.1750308994576719,0.1292174111266091,4.533333333333333,0.2426334889285714,-0.090892375,50.0,0.0607973749999999,0.016641691005291,0.4238301098310167,-0.0802281031246676,-0.9461206956667272,-0.6776865000000001,0.0,0.0,0.0,0.0,0.0,0.0,0.0,0.0,0.0,0.0,0.0,0.0,0.0,0.0,0.0,0.0,0.0,0.0,0.0,0.0,0.0,0.0,0.0,0.0,0.0,0.0,0.0,0.0,0.0,0.0,0.0,0.0,0.0,0.0,0.0,0.0,0.0,0.0,0.0,0.0,0.0,0.0,0.0,0.0,0.0,0.000988728092,0.001977456184,0.0511869999999999,1
2024-12-03,0.202086125,0.2168623423704786,8,-0.049109,0.512317,0.222105125,1.776841,0.208515,0.1454412161351009,5,8,bullish,0.182770125,0.0932006019149391,0.0448843640538906,0.1933023749999999,0.1220896457706386,3.6666666666666665,0.1517797083333334,0.182078625,0.1780393511904761,0.1165931781550579,3.2857142857142856,0.2097603511904761,0.100044875,0.1781223341269841,0.1208304429762137,4.5,0.2380443,0.178183625,0.1779665119576719,0.1338203544186284,4.666666666666667,0.2437074514285714,0.088068375,50.0,-0.0383815,-0.0063940312169312,0.4424627145540937,-0.1009911620144112,9.462110426589357,0.521959125,0.0,0.0,0.0,0.0,0.0,0.0,0.0,0.0,0.0,0.0,0.0,0.0,0.0,0.0,0.0,0.0,0.0,0.0,0.0,0.0,0.0,0.0,0.0,0.0,0.0,0.0,0.0,0.0,0.0,0.0,0.0,0.0,0.0,0.0,0.0,0.0,0.0,0.0,0.0,0.0,0.0,0.0,0.0,0.0,0.0,0.0448843640538906,0.359074912431125,0.222105125,5
2024-12-04,0.2189843333333333,0.112463876161785,3,0.099425,0.322665,0.3407663333333333,1.022299,0.345793,0.1536177416934645,3,3,bullish,0.0168982083333333,0.0980164204766506,0.0746224883274444,0.146795486111111,0.1188810559010208,4.333333333333333,0.2046861527777779,-0.1395206666666667,0.1609758035714285,0.1102048211283315,2.857142857142857,0.2156695178571428,-0.1194448333333333,0.1768976704365079,0.1243518843297439,4.142857142857143,0.2374924755952381,-0.0171452916666667,0.1773039764021164,0.1287684258257132,4.6,0.2454214158730158,-0.0198760666666666,50.0,0.2787756666666667,0.0361015058201058,0.4295170783980039,-0.0978196925249881,0.083618844853071,-0.1658719166666667,0.0,0.0,0.0,0.0,0.0,0.0,0.0,0.0,0.0,0.0,0.0,0.0,0.0,0.0,0.0,0.0,0.0,0.0,0.0,0.0,0.0,0.0,0.0,0.0,0.0,0.0,0.0,0.0,0.0,0.0,0.0,0.0,0.0,0.0,0.0,0.0,0.0,0.0,0.0,0.0,0.0,0.0,0.0,0.0,0.0,0.0746224883274444,0.2238674649823333,0.3407663333333333,3
2024-12-05,0.2463942727272727,0.1318996686493873,11,0.0,0.465721,0.4452844545454545,4.898129,0.2696016363636364,0.1269651946088161,4,11,bullish,0.0274099393939394,0.1221357090881124,0.1097155393344876,0.2224882436868686,0.1537419623938837,7.333333333333333,0.3360519709595961,0.2270782727272727,0.1604168901515151,0.104793070111198,4.0,0.208260058982684,-0.0039123939393939,0.1838734042027416,0.1312940468156039,4.642857142857143,0.254638204491342,0.0976602727272727,0.1814899299374699,0.1310917775761802,4.866666666666666,0.2525036976911977,0.125578606060606,50.0,-0.0200501111111111,0.0481426045855379,0.4382705015724044,-0.0952390217599946,0.1251684948265983,0.0105117310606061,0.0,0.0,0.0,0.0,0.0,0.0,0.0,0.0,0.0,0.0,0.0,0.0,0.0,0.0,0.0,0.0,0.0,0.0,0.0,0.0,0.0,0.0,0.0,0.0,0.0,0.0,0.0,0.0,0.0,0.0,0.0,0.0,0.0,0.0,0.0,0.0,0.0,0.0,0.0,0.0,0.0,0.0,0.0,0.0,0.0,0.1097155393344876,1.206870932679364,0.4452844545454545,4
2024-12-07,0.1560728333333333,0.1540062575513302,6,0.0,0.416063,0.2132305,1.279383,0.1669963333333333,0.1033231200238681,2,6,bullish,-0.0903214393939394,0.128509818780756,0.0332794882880833,0.2071504797979797,0.1327899341208342,6.666666666666667,0.3330937626262627,-0.0460132916666666,0.1744808663419913,0.1129952680178866,4.714285714285714,0.2241482732683982,0.0984478333333333,0.1864770113455988,0.1316634873480189,4.857142857142857,0.2608742640151515,0.0364505,0.176794791048581,0.1257962742225869,5.0,0.2510207976911977,-0.1408541666666666,50.0,-0.0093433999999999,0.0427196342151675,0.4461275475434981,-0.1052975843977549,-0.3665728038001671,-0.1177313787878788,0.0,0.0,0.0,0.0,0.0,0.0,0.0,0.0,0.0,0.0,0.0,0.0,0.0,0.0,0.0,0.0,0.0,0.0,0.0,0.0,0.0,0.0,0.0,0.0,0.0,0.0,0.0,0.0,0.0,0.0,0.0,0.0,0.0,0.0,0.0,0.0,0.0,0.0,0.0,0.0,0.0,0.0,0.0,0.0,0.0,0.0332794882880833,0.1996769297284999,0.2132305,2
2024-12-09,0.076822,0.0701431327429849,3,-0.002343,0.131228,0.0888086666666666,0.266426,0.1794713333333333,0.1039976044595899,3,3,neutral,-0.0792508333333333,0.1370750554951932,0.0068224593906666,0.1597630353535352,0.1186830196479008,6.666666666666667,0.2491078737373739,-0.1421623333333333,0.1825972234848485,0.1187820377744608,4.857142857142857,0.2204898685064935,0.0568145,0.169893860551948,0.1132566860372074,4.428571428571429,0.2339903116341991,-0.2321641111111111,0.1756771077152477,0.1282582725801946,5.033333333333333,0.2512487365800865,-0.0335305,50.0,-0.0240749,0.0475868258818342,0.4294687682616059,-0.0935928351158628,-0.5077810893845501,0.011070606060606,0.0,0.0,0.0,0.0,0.0,0.0,0.0,0.0,0.0,0.0,0.0,0.0,0.0,0.0,0.0,0.0,0.0,0.0,0.0,0.0,0.0,0.0,0.0,0.0,0.0,0.0,0.0,0.0,0.0,0.0,0.0,0.0,0.0,0.0,0.0,0.0,0.0,0.0,0.0,0.0,0.0,0.0,0.0,0.0,0.0,0.0068224593906666,0.020467378172,0.0888086666666666,3
2024-12-10,0.1004405999999999,0.1868331752441198,5,-0.105284,0.332699,0.1998806,0.999403,0.2155155999999999,0.1990528864442814,5,3,neutral,-0.0011404,0.0,0.02007612739236,0.0,0.0,0.0,0.0,0.0,0.0,0.0,0.0,0.0,0.0,0.0,0.0,0.0,0.0,0.0,0.0,0.0,0.0,0.0,0.0,0.0,-2.558589743589801e-05,-1.4214387464387782e-05,0.0,0.0,-0.01122650889438,0.0,0.0,0.796627,0.0,0.0,0.158519,0.0,0.5,0.6336096666666666,0.0,0.0,0.0,0.0,0.5,0.0,0.8,0.0,-0.105284,0.0,0.0,0.059318,0.0,-0.105284,0.159769,0.0,0.0,0.0,0.0,0.059318,0.0,0.1004405999999999,0.0,-0.083872077068,0.0,0.0,0.009403030042,0.0,-0.052642,0.274753203677,0.0,0.0,0.0,0.0,0.029659,0.0,0.525186,0.0502202999999999,0.2511015,0.5,3
2024-12-11,0.2249235999999999,0.0793492045410664,5,0.124863,0.304238,0.2913446,1.4567230000000002,0.3109936,0.0872643491570297,5,3,bullish,0.1244829999999999,0.0,0.06553027627256,0.1423150666666666,0.0715433607167942,2.3333333333333335,0.1919324,0.0616713,0.0,0.0,0.0,0.0,0.0,0.0,0.0,0.0,0.0,0.0,0.0,0.0,0.0,0.0,0.0,0.0,0.003827608869544,0.0015603033408177,0.0,0.0,1.2393693386937152,1.2505958475880954,0.0,0.988456,0.0,0.0,0.0,0.0,0.0,0.431133,0.0,0.0,0.0,0.0,0.0,0.0,1.0,0.0,0.20484,0.0,0.0,0.0,0.0,0.0,0.20484,0.0,0.0,0.0,0.0,0.0,0.0,0.2249235999999999,0.0,0.403872122332,0.0,0.0,0.0,0.0,0.0,0.165936834988,0.0,0.0,0.0,0.0,0.0,0.0,1.124618,0.1124617999999999,0.562309,0.5,3
2024-12-12,0.1774615,0.122584738693281,2,0.090781,0.264142,0.154294,0.308588,0.3534549999999999,0.0670945340396667,2,2,bullish,-0.0474620999999999,0.0,0.027381244681,0.1676085666666666,0.062823678208963,2.6666666666666665,0.2151730666666667,0.03851045,0.0,0.0,0.0,0.0,0.0,0.0,0.0,0.0,0.0,0.0,0.0,0.0,0.0,0.0,0.0,0.0,0.003772711367499,0.0023097640544631,0.0,0.0,-0.2110143177505605,-1.4503836564442758,0.0,0.209511,0.0,0.0,0.0,0.0,0.0,0.316726,0.0,0.0,0.5,0.0,0.0,0.0,0.75,0.0,0.1774615,0.0,0.0,0.0,0.0,0.0,0.090781,0.0,0.0,0.264142,0.0,0.0,0.0,0.1774615,0.0,0.091927289505,0.0,0.0,0.0,0.0,0.0,0.028752703006,0.0,0.0,0.132071,0.0,0.0,0.0,0.222852,0.08873075,0.1774615,0.5,2
2024-12-13,0.064144,0.122584738693281,1,0.064144,0.064144,0.421485,0.421485,0.055858,0.0670945340396667,1,1,neutral,-0.1133174999999999,0.0,0.02703573384,0.1555097,0.0826070885969842,2.0,0.2890412,-0.0803897999999999,0.0,0.0,0.0,0.0,0.0,0.0,0.0,0.0,0.0,0.0,0.0,0.0,0.0,0.0,0.0,0.0,-0.0008457083013922,0.0013710823684043,0.0,0.0,-0.6385469524375709,-0.4275326346870103,0.0,0.999355,0.0,0.0,0.0,0.0,0.0,0.796627,0.0,0.0,0.0,0.0,0.0,0.5,0.5,0.0,0.064144,0.0,0.0,0.0,0.0,0.0,0.064144,0.0,0.0,0.0,0.0,0.0,0.064144,0.064144,0.0,0.06410262712,0.0,0.0,0.0,0.0,0.0,0.051098842288,0.0,0.0,0.0,0.0,0.0,0.032072,0.032072,0.0449008,0.0449008,0.7,1
2024-12-14,-0.2757604999999999,0.3927278133777896,2,-0.553461,0.00194,0.392252,0.7845040000000001,-0.127488,0.4183936682145178,2,1,bearish,-0.3399044999999999,0.0,-0.108167607646,-0.0113849999999999,0.2358622854585912,1.3333333333333333,0.322677,-0.226611,0.0,0.0,0.0,0.0,0.0,0.0,0.0,0.0,0.0,0.0,0.0,0.0,0.0,0.0,0.0,0.0,-0.0181406237902049,-0.0039176748304554,0.0,0.0,-5.299084871539036,-4.660537919101465,0.0,0.891286,0.0,0.0,0.0,0.0,0.0,0.459462,0.0,0.0,0.0,0.0,0.0,0.5,0.75,0.0,0.00194,0.0,0.0,0.0,0.0,0.0,0.00194,0.0,0.0,0.0,0.0,0.0,0.00194,-0.2757604999999999,0.0,0.00172909484,0.0,0.0,0.0,0.0,0.0,0.00089135628,0.0,0.0,0.0,0.0,0.0,0.00097,-0.552491,-0.1930323499999999,-0.3860646999999999,0.7,1
2024-12-15,0.031982,0.3927278133777896,1,0.031982,0.031982,0.089295,0.089295,0.021379,0.4183936682145178,1,1,neutral,0.3077425,0.1622217928822332,0.00285583269,-0.0598781666666666,0.1876498999335819,1.0,0.3010106666666666,-0.016081,0.0606817428571428,0.1622217928822332,1.7142857142857142,0.2333033142857143,-0.0400706714285714,0.0,0.0,0.0,0.0,0.0,0.0,0.0,0.0,0.0,0.0,0.0,-0.0149783018121453,-0.0067168244488436,0.0,0.0,-1.115977451447905,4.183107420091131,0.0,0.0,0.0,0.0,0.0,0.0,0.0,0.0,0.310843,0.0,0.333333,0.0,0.333333,0.0,0.333333,0.0,0.0,0.0,0.0,0.0,0.0,0.0,0.0,0.031982,0.0,0.031982,0.0,0.031982,0.0,0.031982,0.0,0.0,0.0,0.0,0.0,0.0,0.0,0.0,0.0099413808259999,0.0,0.0106606560059999,0.0,0.0106606560059999,0.0,0.0106606560059999,0.0223873999999999,0.0223873999999999,0.7,1
2024-12-16,0.1501673333333333,0.1184116250092588,3,0.024992,0.260396,0.0696956666666666,0.209087,0.3434266666666667,0.1069262546680343,3,2,bullish,0.1181853333333333,0.1652740900601156,0.0104660124082222,-0.0312037222222222,0.2198816873265366,1.3333333333333333,0.1837475555555555,0.2129639166666666,0.0676226476190476,0.1652740900601156,1.8571428571428572,0.2311781238095238,-0.0246401785714285,0.0,0.0,0.0,0.0,0.0,0.0,0.0,0.0,0.0,0.0,0.0,-0.0069961648269952,-0.0067839551947104,0.0,0.0,3.69537031246743,4.811347763915335,0.0,0.4033544999999999,0.0,0.0,0.158519,0.0,0.333333,0.518786,0.0,0.333333,0.333333,0.0,0.333333,0.0,0.5555553333333333,0.0,0.142694,0.0,0.0,0.260396,0.0,0.260396,0.142694,0.0,0.260396,0.024992,0.0,0.024992,0.0,0.1501673333333333,0.0,0.1368901111919999,0.0,0.0,0.041277713524,0.0,0.086798579868,0.244713829196,0.0,0.086798579868,0.008330658336,0.0,0.008330658336,0.0,0.260243238204,0.0750836666666666,0.225251,0.5,2
2024-12-17,0.2123189,0.10270877918816,10,0.051611,0.398801,0.3001983,3.001983,0.2900098,0.1109812821943912,10,3,bullish,0.0621515666666666,0.1741479394126191,0.06373777283787,0.1314894111111111,0.0916078487865915,2.0,0.1530629888888889,0.09016845,0.0836052619047619,0.1741479394126191,1.8571428571428572,0.2455092238095238,-0.0044487297619047,0.0,0.0,0.0,0.0,0.0,0.0,0.0,0.0,0.0,0.0,0.0,0.0017213300302356,-0.0048191921128102,0.0,0.0,0.413882069335985,-3.281488243131445,0.0,0.80058425,0.0,0.0,0.158519,0.0,0.333333,0.452354,0.0,0.333333,0.4666666,0.133349,0.0,0.0,0.6666666,0.0,0.19057625,0.0,0.0,0.1754055,0.0,0.1872915,0.2071681428571428,0.0,0.126849,0.2377202,0.2100085,0.0,0.0,0.2123189,0.0,0.6348006590999999,0.0,0.0,0.0556102089089999,0.0,0.124860875139,0.59410935304,0.0,0.042282957717,0.553011417422,0.054109745263,0.0,0.0,1.403033375139,0.10615945,1.0615945,0.5,3
2024-12-18,0.2475161666666666,0.17053698076302,6,-0.009001,0.480508,0.3911638333333333,2.346983,0.2033563333333333,0.1161204278715276,6,3,bullish,0.0351972666666666,0.177382836027874,0.0968193725653055,0.2033341333333333,0.0492924270236422,2.6666666666666665,0.2536859333333333,0.0486744166666666,0.0868327714285714,0.177382836027874,1.8571428571428572,0.2597691142857143,0.0333014869047618,0.0,0.0,0.0,0.0,0.0,0.0,0.0,0.0,0.0,0.0,0.0,0.0096932317132039,-0.0015675667307361,0.0,0.0,0.1657754757897986,-0.2481065935461863,0.0,0.5777085,0.0,0.0,0.158519,0.0,0.0,0.6336096666666666,0.0,0.0,0.5,0.0,0.5,0.0,0.8333333333333334,0.0,0.1260965,0.0,0.0,0.261194,0.0,0.0,0.2442336666666666,0.0,0.0,0.480508,0.0,-0.009001,0.0,0.2475161666666666,0.0,0.2044596959729999,0.0,0.0,0.0414042116859999,0.0,0.0,0.304965666767,0.0,0.0,0.240254,0.0,-0.0045005,0.0,1.2493435,0.1237580833333333,0.7425485000000001,0.5,3
2024-12-19,0.2829155,0.2360537734193207,6,0.071585,0.567484,0.2577296666666667,1.546378,0.2675725,0.1735144704567893,6,4,bullish,0.0353993333333333,0.190365544702882,0.0729157175098333,0.2475835222222222,0.0352983481974459,3.3333333333333335,0.3163639333333333,0.0352983,0.1018976285714285,0.190365544702882,2.142857142857143,0.2745456380952381,0.0672573119047618,0.0,0.0,0.0,0.0,0.0,0.0,0.0,0.0,0.0,0.0,0.0,0.0172038344757859,0.0025395085946643,0.0,0.0,0.1430182674936384,-0.0227572082961602,0.0,0.699557,0.0,0.0,0.0,0.0,0.0,0.618906,0.0,0.2,0.2,0.576289,0.2,0.35,0.7833333333333333,0.0,0.222687,0.0,0.0,0.0,0.0,0.0,0.222687,0.0,0.09127,0.09127,0.09127,0.09127,0.222687,0.2829155,0.0,0.37676388986,0.0,0.0,0.0,0.0,0.0,0.2563615616,0.0,0.018254,0.018254,0.05259789703,0.018254,0.1953059999999999,1.447425,0.1445000833333333,0.8670005,0.5333333333333333,4
2024-12-21,0.139595,0.2360537734193207,1,0.139595,0.139595,0.414559,0.414559,0.194027,0.1735144704567893,1,1,neutral,-0.1433205,0.1900073394331969,0.057870363605,0.2233422222222222,0.0746557172798226,2.6666666666666665,0.3544841666666666,-0.0539605833333333,0.1126763428571428,0.1900073394331969,2.142857142857143,0.2735562095238095,0.0659029404761905,0.0,0.0,0.0,0.0,0.0,0.0,0.0,0.0,0.0,0.0,0.0,0.0146034445731434,0.005130336100902,0.0,0.0,-0.5065841214072753,-0.6496023889009137,0.0,0.650727,0.0,0.0,0.0,0.333333,0.0,0.316726,0.0,0.0,0.0,0.0,0.0,0.333333,0.333333,0.0,0.139595,0.0,0.0,0.0,0.139595,0.0,0.139595,0.0,0.0,0.0,0.0,0.0,0.139595,0.139595,0.0,0.090838235565,0.0,0.0,0.0,0.046531620135,0.0,0.04421336597,0.0,0.0,0.0,0.0,0.0,0.046531620135,0.046531620135,0.0977165,0.0977165,0.7,1
2024-12-23,0.4020495,0.0794780950985867,2,0.34585,0.458249,0.4701285,0.940257,0.3112,0.1604142443799802,2,1,bullish,0.2624545,0.118207469530548,0.18901492836075,0.2748533333333333,0.1314128610185598,2.0,0.3808057222222222,0.059567,0.2095063428571428,0.118207469530548,2.142857142857143,0.2846814238095238,0.0414162297619047,0.0,0.0,0.0,0.0,0.0,0.0,0.0,0.0,0.0,0.0,0.0,0.027306778680912,0.00982364182788,0.0,0.0,1.8801139009276835,2.3866980223349588,0.0,0.6663455,0.0,0.0,0.0,0.0,0.0,0.2637865,0.0,0.0,0.333333,0.0,0.333333,0.0,0.6666665,0.0,0.4020495,0.0,0.0,0.0,0.0,0.0,0.4020495,0.0,0.0,0.458249,0.0,0.458249,0.0,0.4020495,0.0,0.501398988135,0.0,0.0,0.0,0.0,0.0,0.200630083203,0.0,0.0,0.152749513917,0.0,0.152749513917,0.0,0.4985995139169999,0.20102475,0.4020495,0.5,1
2024-12-24,0.3589126666666666,0.0696873051375451,3,0.318116,0.439378,0.4357436666666667,1.307231,0.2687383333333333,0.0378496016535621,3,3,bullish,-0.0431368333333333,0.0994788905608392,0.1563939213864444,0.3001857222222222,0.1407381669818039,1.6666666666666667,0.4401437222222222,0.1096588333333333,0.2562107238095238,0.0994788905608392,2.4285714285714284,0.3341740904761905,0.0320634297619047,0.1584462333333333,0.1643360293123204,2.0714285714285716,0.2837387023809524,0.0200714605128205,0.0,0.0,0.0,0.0,0.0,57.87479042925231,0.0339606897521636,0.0148731302626717,0.0,0.0,-0.1072923441848163,-1.9874062451125,0.0,0.9556345,0.0,0.0,0.0,0.0,0.0,0.341326,0.0,0.0,0.4166665,0.0,0.333333,0.0,0.6111110000000001,0.0,0.378747,0.0,0.0,0.0,0.0,0.0,0.31868,0.0,0.0,0.378747,0.0,0.439378,0.0,0.3589126666666666,0.0,0.725929633916,0.0,0.0,0.0,0.0,0.0,0.21757528816,0.0,0.0,0.305517186874,0.0,0.146459186874,0.0,0.6247611868740001,0.2006640666666666,0.6019922,0.5666666666666667,3
2024-12-25,0.183492,0.09477776452312,2,0.116474,0.25051,0.440807,0.881614,0.2440225,0.0501204357572836,2,2,bullish,-0.1754206666666666,0.0942164728186415,0.080884558044,0.3148180555555555,0.1157587847566766,2.0,0.4488930555555555,-0.1092787499999999,0.2609713904761904,0.0942164728186415,2.4285714285714284,0.3871899952380953,0.0091230821428571,0.164297019047619,0.1636122735778428,2.142857142857143,0.3091840595238095,0.0189123758241758,0.0,0.0,0.0,0.0,0.0,52.26359021862406,0.0281356864680117,0.0176223718424445,0.0,0.0,-0.4887558533273647,-0.3814635091425483,0.0,0.9954465,0.0,0.0,0.0,0.0,0.0,0.7882495,0.0,0.0,0.0,0.0,0.0,0.0,1.0,0.0,0.183492,0.0,0.0,0.0,0.0,0.0,0.183492,0.0,0.0,0.0,0.0,0.0,0.0,0.183492,0.0,0.36470260543,0.0,0.0,0.0,0.0,0.0,0.3164506864899999,0.0,0.0,0.0,0.0,0.0,0.0,0.366984,0.1167969999999999,0.2335939999999999,0.6,2
2024-12-26,0.111218,0.1053127918757577,4,0.0,0.225503,0.1796559999999999,0.7186239999999999,0.25851425,0.0801905038283835,4,2,neutral,-0.0722739999999999,0.1094374073595587,0.019980981008,0.2178742222222222,0.1273764690886094,2.3333333333333335,0.3520688888888889,-0.1238473333333332,0.2465284047619047,0.1094374073595587,2.2857142857142856,0.3699696666666666,-0.0138722797619047,0.1650668333333333,0.1633137924040312,2.0714285714285716,0.3077394452380952,0.0152906757509157,0.0,0.0,0.0,0.0,0.0,50.28656444714074,0.0189786807490743,0.0179014901043988,0.0,0.0,-0.3938809321387307,0.0948749211886339,0.0,0.818451,0.0,0.0,0.0,0.0,0.5,0.2278363333333333,0.0,0.0,0.5,0.158519,0.0,0.0,0.75,0.0,0.047086,0.0,0.0,0.0,0.0,0.0,0.073123,0.0,0.0,0.047086,0.172283,0.0,0.0,0.111218,0.0,0.038537583786,0.0,0.0,0.0,0.0,0.0,0.069670231487,0.0,0.0,0.023543,0.0273101288769999,0.0,0.0,0.421329,0.055609,0.222436,0.5,2
2024-12-27,0.160985,0.103712488213008,4,0.092815,0.312387,0.2346155,0.938462,0.231234,0.0468577501451645,4,3,bullish,0.049767,0.1140952175044723,0.0377695762675,0.1518983333333333,0.0369838938233028,2.3333333333333335,0.2850261666666666,-0.0112534999999999,0.2341668095238095,0.1140952175044723,2.2857142857142856,0.347605619047619,-0.0228965357142857,0.1604997904761904,0.1624026218960336,2.0714285714285716,0.3036873666666667,0.0171473519413919,0.0,0.0,0.0,0.0,0.0,48.22956719640151,0.0148394719843807,0.0172749786977065,0.0,0.0,0.4474725314247694,0.8413534635635002,0.0,0.6582526666666667,0.0,0.158519,0.310843,0.0,0.0,0.481761,0.0,0.25,0.25,0.0,0.4166666666666667,0.0,0.5625,0.0,0.1837083333333333,0.0,0.144222,0.119369,0.0,0.0,0.160985,0.0,0.094516,0.094516,0.0,0.1105176666666666,0.0,0.160985,0.0,0.295676235229,0.0,0.0228619272179999,0.074210036134,0.0,0.0,0.256352463087,0.0,0.023629,0.023629,0.0,0.1421474999999999,0.0,0.4545345,0.08513325,0.340533,0.55,3
2024-12-28,0.148239,0.0900316638077959,2,0.084577,0.211901,0.106045,0.21209,0.35765,0.0642562074199839,2,1,neutral,-0.012746,0.1158464192001805,0.015720004755,0.1401473333333333,0.0258513998524904,2.0,0.1734388333333333,0.0185105,0.2149273095238095,0.1158464192001805,1.8571428571428572,0.3259363809523809,-0.0251389880952381,0.158412469047619,0.1623556356193837,2.0,0.3002410095238095,0.0173562208791208,0.0,0.0,0.0,0.0,0.0,49.17497991973541,0.0106837010997315,0.0159325399515639,0.0,0.0,-0.0791750784234556,-0.526647609848225,0.0,0.947132,0.0,0.0,0.0,0.25,0.25,0.9943985,0.0,0.0,0.5,0.0,0.25,0.0,0.375,0.0,0.211901,0.0,0.0,0.0,0.211901,0.211901,0.148239,0.0,0.0,0.084577,0.0,0.211901,0.0,0.148239,0.0,0.200698217932,0.0,0.0,0.0,0.05297525,0.05297525,0.294135140153,0.0,0.0,0.0422885,0.0,0.05297525,0.0,0.09526375,0.1037672999999999,0.2075345999999999,0.7,1
2024-12-29,0.100854,0.0634656620386173,2,0.055977,0.145731,0.332497,0.6649940000000001,0.2795094999999999,0.041028456764787,2,1,neutral,-0.047385,0.120861981090872,0.033533652438,0.1366926666666666,0.0316847384450833,1.6666666666666667,0.2243858333333333,-0.0300655,0.2093928809523809,0.120861981090872,1.8571428571428572,0.3142132380952381,-0.0481228869047619,0.1610346119047619,0.161006869338428,2.0,0.2938847238095238,0.0126039414652014,0.0,0.0,0.0,0.0,0.0,51.07648592298917,0.0043203122222415,0.0135761350318812,0.0,0.0,-0.3196527229676401,-0.2404776445441845,0.0,0.997845,0.0,0.0,0.0,0.0,0.333333,0.999961,0.0,0.0,0.333333,0.0,0.0,0.0,0.6666665,0.0,0.055977,0.0,0.0,0.0,0.0,0.055977,0.100854,0.0,0.0,0.055977,0.0,0.0,0.0,0.100854,0.0,0.055856369565,0.0,0.0,0.0,0.0,0.018658981341,0.201696632982,0.0,0.0,0.018658981341,0.0,0.0,0.0,0.164389981341,0.0705977999999999,0.1411955999999999,0.7,1
2024-12-30,0.0651246666666666,0.2502421230575167,3,-0.187329,0.313095,0.3235876666666666,0.970763,0.0874426666666666,0.1331331055235073,3,2,neutral,-0.0357293333333333,0.0958519252471331,0.0210735389291111,0.1047392222222222,0.0416931566944524,1.3333333333333333,0.2540432222222222,-0.0415571666666666,0.1612607619047619,0.0958519252471331,2.0,0.2932788333333333,-0.0360578214285714,0.1853835523809524,0.1063775246806606,2.0714285714285716,0.2889801285714286,-0.0045361815384615,0.0,0.0,0.0,0.0,0.0,62.16656342027247,-0.0029653799135741,0.0102292450282021,0.426400381892278,-0.1275843885589447,-0.3542678855903912,-0.0346151626227511,0.0,0.961735,0.0,0.0,0.0,0.333333,0.333333,0.6389566666666667,0.0,0.0,0.0,0.0,0.0,0.0,0.7777776666666667,0.0,0.313095,0.0,0.0,0.0,0.069608,0.069608,0.0651246666666666,0.0,0.0,0.0,0.0,0.0,0.0,0.0651246666666666,0.0,0.301114419825,0.0,0.0,0.0,0.023202643464,0.023202643464,0.031036004402,0.0,0.0,0.0,0.0,0.0,0.0,0.148968643464,0.0325623333333333,0.097687,0.5,2
2024-12-31,0.1441285,0.119230224123332,2,0.05982,0.228437,0.096813,0.193626,0.348435,0.0118864649917458,2,2,neutral,0.0790038333333333,0.0403370562331897,0.0139535124705,0.1033690555555555,0.0395619204371569,1.6666666666666667,0.2509658888888889,0.02163725,0.1305773095238095,0.0403370562331897,1.8571428571428572,0.2448601666666666,-0.0096574345238095,0.1933940166666666,0.0978153316535613,2.142857142857143,0.2895171285714286,-0.0107720913553113,0.0,0.0,0.0,0.0,0.0,54.78370835203675,-0.0033321260211873,0.0074917216214845,0.4276332372234144,-0.124562493890081,1.2131168937524943,1.567384779342886,0.0,0.451494,0.0,0.0,0.0,0.333333,0.0,0.999966,0.0,0.0,0.333333,0.0,0.0,0.0,0.6666665,0.0,0.05982,0.0,0.0,0.0,0.228437,0.0,0.228437,0.0,0.0,0.228437,0.0,0.0,0.0,0.1441285,0.0,0.02700837108,0.0,0.0,0.0,0.0761455905209999,0.0,0.228429233142,0.0,0.0,0.0761455905209999,0.0,0.0,0.0,0.135965590521,0.0949079499999999,0.1898158999999999,0.6,2
2025-01-01,0.268314,0.119230224123332,1,0.268314,0.268314,0.269776,0.269776,0.278326,0.0118864649917458,1,1,bullish,0.1241855,0.0644283523797484,0.072384677664,0.1591890555555555,0.1024284703846669,1.6666666666666667,0.2300588888888889,0.1015946666666667,0.1426947380952381,0.0644283523797484,1.7142857142857142,0.2204271666666666,0.0126593095238095,0.2018330642857143,0.0988897291038727,2.0714285714285716,0.3038085809523809,-0.0100565758974359,0.0,0.0,0.0,0.0,0.0,55.01398494955742,0.0047535402251095,0.0069400144618989,0.4396695783698126,-0.1198114950364793,0.861630420076529,-0.3514864736759655,0.0,0.95493,0.0,0.0,0.158519,0.0,0.0,0.94762,0.0,0.0,0.0,0.0,0.0,0.0,1.0,0.0,0.268314,0.0,0.0,0.268314,0.0,0.0,0.268314,0.0,0.0,0.0,0.0,0.0,0.0,0.268314,0.0,0.25622108802,0.0,0.0,0.042532866966,0.0,0.0,0.25425971268,0.0,0.0,0.0,0.0,0.0,0.0,0.268314,0.1878197999999999,0.1878197999999999,0.7,1
2025-01-02,0.2644031666666667,0.1160162025139879,6,0.037387,0.352508,0.6263420000000001,3.758052,0.2201211666666666,0.029506572741792,6,3,bullish,-0.0039108333333333,0.0767854043233597,0.1656068082163333,0.2256152222222222,0.0705966576987287,2.0,0.330977,0.0601373333333334,0.1645783333333333,0.0767854043233597,1.8571428571428572,0.2842394523809524,0.0212028214285714,0.205553369047619,0.1002844479104393,2.0714285714285716,0.3271045595238095,-0.0079231717948717,0.0,0.0,0.0,0.0,0.0,52.32533456388578,0.0107023087073862,0.0076969414191122,0.4441208402357518,-0.1203148002357518,-0.0145755843278148,-0.8762060044043438,0.0,0.28218675,0.0,0.0,0.0,0.0,0.0,0.632754,0.0,0.0,0.5,0.0,0.0,0.0,0.9166666666666666,0.0,0.2340972499999999,0.0,0.0,0.0,0.0,0.0,0.1758515,0.0,0.0,0.037387,0.0,0.0,0.0,0.2644031666666667,0.0,0.222785184152,0.0,0.0,0.0,0.0,0.0,0.121016262443,0.0,0.0,0.0186935,0.0,0.0,0.0,1.5677255,0.1334478166666666,0.8006869,0.5333333333333333,3
2025-01-03,0.4067546666666666,0.1202112018551793,6,0.237055,0.504106,0.4245558333333333,2.547335,0.3305071666666666,0.0749463019405671,6,4,bullish,0.1423514999999999,0.119292003777562,0.1726900664688888,0.3131572777777778,0.0810812990735452,2.6666666666666665,0.440224611111111,0.0692203333333333,0.1996882857142857,0.119292003777562,2.0,0.3113737857142857,0.0466369523809523,0.2169275476190476,0.1135614015717576,2.142857142857143,0.3294897023809523,-0.0007911743589743,0.0,0.0,0.0,0.0,0.0,56.48848782391981,0.0249824888222127,0.0111704540995925,0.4761284004399282,-0.1293930437732615,0.5383880298962631,0.5529636142240779,0.0,0.310843,0.0,0.0,0.0,0.333333,0.5,0.423241,0.0,0.2916665,0.25,0.0,0.25,0.0,0.5138888333333334,0.0,0.44951,0.0,0.0,0.0,0.270883,0.4943600000000001,0.3191493333333333,0.0,0.3601965,0.44951,0.0,0.44951,0.0,0.4067546666666666,0.0,0.13972703693,0.0,0.0,0.0,0.090294243039,0.7415400000000001,0.3691614148659999,0.0,0.2026717430389999,0.1123775,0.0,0.1123775,0.0,1.181266743039,0.2124067666666667,1.2744406,0.5333333333333333,4
2025-01-04,0.297715,0.1202112018551793,1,0.297715,0.297715,0.256719,0.256719,0.339903,0.0749463019405671,1,1,bullish,-0.1090396666666666,0.1218973836936671,0.076429097085,0.3229576111111111,0.0744572323541681,2.6666666666666665,0.4358722777777777,0.0166559166666666,0.221042,0.1218973836936671,2.0,0.3328986428571429,0.0497899166666666,0.2179846547619047,0.1142894614550329,1.9285714285714288,0.3294175119047619,0.0036924655677655,0.0,0.0,0.0,0.0,0.0,50.56889419760849,0.0282146531510339,0.0145922209796621,0.4880865884852852,-0.1179941318186185,-0.2680723187769204,-0.8064603486731835,0.0,0.161647,0.0,0.0,0.0,0.0,0.0,0.990999,0.0,0.0,0.5,0.0,0.0,0.0,0.5,0.0,0.297715,0.0,0.0,0.0,0.0,0.0,0.297715,0.0,0.0,0.297715,0.0,0.0,0.0,0.297715,0.0,0.048124736605,0.0,0.0,0.0,0.0,0.0,0.295035267285,0.0,0.0,0.1488575,0.0,0.0,0.0,0.1488575,0.2084005,0.2084005,0.7,1
2025-01-06,0.1365768333333333,0.1000780617886191,6,0.043214,0.324595,0.2442379999999999,1.465428,0.22136,0.0952207729143173,6,3,neutral,-0.1611381666666666,0.1166624325205807,0.0333572526196666,0.2803488333333333,0.1359235197259636,2.6666666666666665,0.3085042777777777,-0.1350889166666666,0.2261452619047619,0.1166624325205807,2.2857142857142856,0.3202902142857143,0.023570363095238,0.2177690714285714,0.1144514333497246,2.0714285714285716,0.3172517261904762,-0.0012177465201465,0.0,0.0,0.0,0.0,0.0,49.885549161151005,0.0190855151065268,0.0154936040682579,0.4197532245624127,-0.0084270345624126,-0.5412497410834747,-0.2731774223065543,0.0,0.6603709999999999,0.0,0.0,0.0,0.0,0.5,0.3790244,0.158519,0.0,0.0,0.0,0.5,0.0,0.75,0.0,0.1771796666666666,0.0,0.0,0.0,0.0,0.16373,0.1426558,0.071669,0.0,0.0,0.0,0.09087,0.0,0.1365768333333333,0.0,0.371220842278,0.0,0.0,0.0,0.0,0.081865,0.227687954898,0.022721796422,0.0,0.0,0.0,0.09087,0.0,0.646726,0.0779070833333333,0.4674425,0.6,3
2025-01-07,0.125376125,0.1801424709551839,8,-0.230056,0.361327,0.20573375,1.6458700000000002,0.27129525,0.085027067884712,8,4,neutral,-0.0112007083333333,0.1043782547355219,0.0257941003567187,0.1865559861111111,0.0964292940104549,2.6666666666666665,0.2355635833333333,-0.0861694374999999,0.2347526130952381,0.1043782547355219,2.5714285714285716,0.3034539404761904,-0.0102292723214285,0.1980066875,0.1035516045565999,2.2857142857142856,0.2983663869047618,0.0022176339743589,0.0,0.0,0.0,0.0,0.0,37.03849827934381,0.010955681720134,0.0145838198754312,0.4121972808805297,0.0084683216194702,-0.0820103092154477,0.4592394318680269,0.0,0.505471,0.0,0.0,0.0,0.333333,0.25,0.4454996,0.158519,0.2916665,0.2916665,0.158519,0.5,0.0,0.67708325,0.0,0.2396145,0.0,0.0,0.0,0.17931,-0.230056,0.0952594,0.303779,0.0368615,-0.0876075,0.172283,0.17545,0.0,0.125376125,0.0,0.260876919083,0.0,0.0,0.0,0.11953988046,-0.057514,0.408233995955,0.048154743301,0.0437455654069999,-0.039233684947,0.0273101288769999,0.087725,0.0,0.84874588046,0.0702825375,0.5622603,0.525,4
2025-01-08,0.2234103333333333,0.1883660238002951,3,0.032305,0.408912,0.2353539999999999,0.706062,0.306919,0.0627214871555195,3,3,bullish,0.0980342083333333,0.0969423313530861,0.0525805155913333,0.1617877638888889,0.0536597592753978,3.3333333333333335,0.2284419166666666,0.04341675,0.2460785892857143,0.0969423313530861,2.7142857142857144,0.3232455119047618,-0.0243908184523809,0.1883279494047618,0.093167042693639,2.2857142857142856,0.2840528392857143,0.0082480451465201,0.0,0.0,0.0,0.0,0.0,43.96257469699962,0.0114988151153883,0.0139656231570635,0.4139117418940372,0.0140781606059628,0.7819208667785302,0.863931175993978,0.0,0.818451,0.0,0.0,0.0,0.0,0.0,0.0,0.0,0.0,0.5,0.0,0.5,0.0,0.6666666666666666,0.0,0.229014,0.0,0.0,0.0,0.0,0.0,0.0,0.0,0.0,0.032305,0.0,0.229014,0.0,0.2234103333333333,0.0,0.187436737314,0.0,0.0,0.0,0.0,0.0,0.0,0.0,0.0,0.0161525,0.0,0.114507,0.0,0.5395715,0.1117051666666666,0.3351155,0.5,3
2025-01-09,0.2624894,0.1475245489411847,5,0.116885,0.473877,0.4995262,2.497631,0.2304154,0.0839942605497542,5,2,bullish,0.0390790666666666,0.0967444643560593,0.13112033252228,0.2037586194444445,0.0706374896169483,3.0,0.3135379833333333,0.0685566375,0.2452465035714285,0.0967444643560593,2.857142857142857,0.3560669690476191,-0.0194560300595238,0.1939706208333333,0.0952212201428667,2.2857142857142856,0.2882470678571428,0.0102075168315018,0.0,0.0,0.0,0.0,0.0,54.00658393007054,0.0146059375636072,0.0140938845132076,0.4175873726294739,0.0154195798705261,0.1749205870811705,-0.6070002796973597,0.0,0.9999445,0.0,0.0,0.0,0.0,0.0,0.7374665,0.0,0.0,0.0,0.0,0.0,0.5,0.9,0.0,0.295381,0.0,0.0,0.0,0.0,0.0,0.2270095,0.0,0.0,0.0,0.0,0.0,0.138718,0.2624894,0.0,0.5907097566449999,0.0,0.0,0.0,0.0,0.0,0.377095422562,0.0,0.0,0.0,0.0,0.0,0.069359,1.243088,0.1312447,0.6562235000000001,0.5,2
2025-01-10,0.10683625,0.0430864901515931,4,0.06869,0.148635,0.30390275,1.215611,0.1672575,0.0638046706257987,4,3,neutral,-0.15565315,0.1090875848147687,0.0324678301746875,0.1975786611111111,0.0809779738174392,2.6666666666666665,0.3462609833333332,-0.0582870416666666,0.222736944047619,0.1090875848147687,2.857142857142857,0.310004219047619,-0.0315490339285714,0.1936576386904762,0.0955208720114182,2.357142857142857,0.2971218357142857,0.004989855,0.1741388069444444,0.1289914820973095,2.2,0.2917503511111111,0.0042754125380051,49.795096717965464,0.0055569356357461,0.0123843784717391,0.4157603099542978,0.0031786508790355,-0.5929883263857513,-0.7679089134669218,0.0,0.0,0.0,0.0,0.158519,0.25,0.25,0.981053,0.0,0.0,0.25,0.0,0.0,0.0,0.8125,0.0,0.0,0.0,0.0,0.06869,0.06869,0.06869,0.069673,0.0,0.0,0.06869,0.0,0.0,0.0,0.10683625,0.0,0.0,0.0,0.0,0.01088867011,0.0171725,0.0171725,0.136668561536,0.0,0.0,0.0171725,0.0,0.0,0.0,0.3758275,0.053418125,0.2136725,0.5,3
2025-01-11,0.098345,0.1096608648287984,3,0.0,0.216595,0.1547603333333333,0.464281,0.1535013333333333,0.3240197261484759,3,2,neutral,-0.0084912499999999,0.0810589968566524,0.0152199049816666,0.1558902166666667,0.0924151759568787,2.3333333333333335,0.3193964277777778,-0.0820722,0.1786784202380952,0.0810589968566524,2.5714285714285716,0.2714620047619048,-0.0185884961309524,0.1891833529761904,0.0985868650112418,2.2857142857142856,0.2914178952380952,0.0011895167948717,0.1740309402777777,0.1290555865164666,2.2333333333333334,0.2940899622222222,0.0032860215665554,46.95315391454625,-0.0021960120847439,0.0094654095536448,0.4091940219427044,-0.0087121111093711,-0.0794791093846891,0.5135092170010621,0.0,0.796627,0.0,0.0,0.158519,0.0,0.333333,0.67979,0.0,0.0,0.0,0.0,0.5,0.333333,0.6111110000000001,0.0,0.07844,0.0,0.0,0.07844,0.0,0.07844,0.1475175,0.0,0.0,0.0,0.0,0.216595,0.07844,0.098345,0.0,0.06248742188,0.0,0.0,0.01243423036,0.0,0.0261466405199999,0.156410958525,0.0,0.0,0.0,0.0,0.1082975,0.0261466405199999,0.13444414052,0.0688414999999999,0.2065244999999999,0.6333333333333333,2
2025-01-12,0.062882,0.1096608648287984,1,0.062882,0.062882,0.055751,0.055751,0.190118,0.3240197261484759,1,1,neutral,-0.035463,0.0716291288579585,0.0035057343819999,0.0893544166666666,0.0233155948834863,2.0,0.1714713611111111,-0.021977125,0.1451308488095238,0.0716291288579585,2.5714285714285716,0.2427522904761904,-0.0139900297619047,0.1830864244047619,0.1038145482529705,2.2857142857142856,0.2878254666666667,-0.0037689071245421,0.1727789869444444,0.1299730098043403,2.1666666666666665,0.2892856422222222,0.0020614120411568,45.93795441944852,-0.0108387735882164,0.0054013530479796,0.412731998203208,-0.0199213873698747,-0.3605978951649805,-0.2811187857802913,0.0,0.989041,0.0,0.0,0.0,0.0,0.0,0.459462,0.158519,0.0,0.0,0.0,0.5,0.0,0.5,0.0,0.062882,0.0,0.0,0.0,0.0,0.0,0.062882,0.062882,0.0,0.0,0.0,0.062882,0.0,0.062882,0.0,0.0621928761619999,0.0,0.0,0.0,0.0,0.0,0.0288918894839999,0.0099679917579999,0.0,0.0,0.0,0.031441,0.0,0.031441,0.0440173999999999,0.0440173999999999,0.7,1
2025-01-13,0.2205303333333333,0.0801611601795616,3,0.172615,0.313073,0.27152,0.81456,0.2474403333333333,0.0484348734315816,3,1,bullish,0.1576483333333333,0.0767999776285738,0.0598783961066666,0.1272524444444444,0.0827041686308855,1.3333333333333333,0.1606771111111111,0.0610926666666667,0.1571242059523809,0.0767999776285738,2.2857142857142856,0.246649719047619,-0.0071335157738095,0.1916347339285714,0.1014221300115159,2.2857142857142856,0.2834699666666667,-0.0054100402014652,0.1726325447222222,0.1299146937751288,2.1,0.2886248222222222,0.0027291032647385,55.15433673042727,-0.0057948187234255,0.0031606985101637,0.3814166320431551,-0.0067579378764884,2.5070502422526855,2.867648137417666,0.0,0.829882,0.0,0.0,0.158519,0.0,0.0,0.9031603333333332,0.0,0.5,0.333333,0.0,0.333333,0.5,0.4444443333333334,0.0,0.2205303333333333,0.0,0.0,0.313073,0.0,0.0,0.2205303333333333,0.0,0.172615,0.175903,0.0,0.175903,0.313073,0.2205303333333333,0.0,0.57153015434,0.0,0.0,0.049628018887,0.0,0.0,0.6092693559969999,0.0,0.0863075,0.058634274699,0.0,0.058634274699,0.1565365,0.301478274699,0.1543712333333333,0.4631136999999999,0.6999999999999998,1
2025-01-14,0.2338703999999999,0.2400864858978947,5,0.0,0.541268,0.2586864,1.293432,0.2794428,0.0730269841613358,5,2,bullish,0.0133400666666666,0.0801975524454563,0.06049909184256,0.1724275777777778,0.0951034413292608,1.3333333333333333,0.1953191333333333,0.0854942,0.1726233880952381,0.0801975524454563,2.0,0.2542143833333333,-0.0034461494047619,0.2036880005952381,0.0950582602634598,2.2857142857142856,0.2788341619047619,-0.0083739684432234,0.1745128413888888,0.1303943214261221,2.1,0.2921045688888889,0.0031574893418613,57.41062411299905,-0.0007910270439469,0.0023699524434511,0.3592996601221012,0.0028548073778988,0.0604908470641225,-2.446559395188563,0.0,0.5360775,0.0,0.0,0.0,0.0,0.5,0.1614013333333333,0.0,0.0,0.4444443333333334,0.0,0.0,0.333333,0.5666666,0.0,0.490452,0.0,0.0,0.0,0.0,0.0,0.1765446666666666,0.0,0.0,0.3597846666666666,0.0,0.0,0.541268,0.2338703999999999,0.0,0.529927339228,0.0,0.0,0.0,0.0,0.0,0.080801734134,0.0,0.0,0.4494654862439999,0.0,0.0,0.1804224862439999,0.539463486244,0.1169351999999999,0.584676,0.5,2
2025-01-15,0.195432,0.1659641741240159,4,0.060087,0.409622,0.25922575,1.036903,0.2392175,0.1126463873499723,4,1,bullish,-0.0384383999999999,0.0779091102355012,0.050661006774,0.2166109111111111,0.0195166352519342,1.3333333333333333,0.26314405,-0.0125491666666666,0.1686264833333333,0.0779091102355012,1.7142857142857142,0.2576246333333333,0.0062529083333332,0.2073525363095238,0.0935627189490311,2.2142857142857144,0.2904350726190476,-0.0105733541941391,0.1788891080555555,0.1287552438161491,2.1,0.2866959272222222,0.0025312872321097,52.33628059538941,0.0002543940813886,0.0019466690669022,0.3600106739453468,0.0033377935546532,-0.1643576955441987,-0.2248485426083213,0.0,0.6473006666666667,0.0,0.0,0.0,0.2916665,0.2916665,0.6565895,0.0,0.25,0.0,0.0,0.0,0.0,0.64583325,0.0,0.2405469999999999,0.0,0.0,0.0,0.0642755,0.0642755,0.195432,0.0,0.068464,0.0,0.0,0.0,0.0,0.195432,0.0,0.501971686365,0.0,0.0,0.0,0.037144979971,0.037144979971,0.340923447095,0.0,0.017116,0.0,0.0,0.0,0.0,0.690321979971,0.097716,0.390864,0.5,1
2025-01-16,0.0601793333333333,0.1179530039690949,3,-0.009,0.196374,0.2169229999999999,0.6507689999999999,0.2143796666666666,0.0724880370429034,3,2,neutral,-0.1352526666666666,0.0747467525451369,0.0130542815246666,0.1631605777777778,0.0912317388803635,1.6666666666666667,0.24494505,-0.0868455333333333,0.1397250452380952,0.0747467525451369,1.7142857142857142,0.2172527476190476,0.0080425589285714,0.1924857744047619,0.0994798526135919,2.2857142857142856,0.2866598583333333,-0.0127685842673992,0.1900871025,0.0990268796001126,2.1333333333333333,0.2808516272222222,-0.0013700968205413,40.61645766302512,-0.0091018253912172,-0.000263747145794,0.3630760364257775,-0.0048314355924442,-0.6920702170917079,-0.5277125215475091,0.0,0.661572,0.0,0.0,0.158519,0.0,0.0,0.2798873333333333,0.0,0.0,0.333333,0.0,0.4166665,0.0,0.6111110000000001,0.0,0.0601793333333333,0.0,0.0,-0.006836,0.0,0.0,0.0601793333333333,0.0,0.0,0.196374,0.0,0.0936869999999999,0.0,0.0601793333333333,0.0,0.187452066438,0.0,0.0,-0.001083635884,0.0,0.0,0.0160090258019999,0.0,0.0,0.065457934542,0.0,0.060957934542,0.0,0.054121934542,0.0296339333333333,0.0889017999999999,0.5666666666666667,2
2025-01-17,0.0719695,0.0435859387226354,4,0.02771,0.13209,0.1208605,0.483442,0.1833585,0.073263618522429,4,2,neutral,0.0117901666666666,0.0783772215188112,0.00869826975475,0.1091936111111111,0.0749169326395601,1.6666666666666667,0.1990030833333333,-0.06173125,0.1347440809523809,0.0783772215188112,1.5714285714285714,0.1911038547619047,-0.0039153630952381,0.1787405124999999,0.102040016255807,2.2142857142857144,0.2505540369047619,-0.0138410033516483,0.1914200191666667,0.0970752655373609,2.1666666666666665,0.2819038105555556,-0.0032225258861698,41.385524193078474,-0.0154266180366209,-0.0032971088296764,0.3646807848693454,-0.015337734036012,0.1959172030265099,0.8879874201182179,0.0,0.86220725,0.0,0.0,0.0,0.2,0.2,0.6028716666666667,0.0,0.2,0.2444443333333333,0.0,0.333333,0.0,0.43333325,0.0,0.0719695,0.0,0.0,0.0,0.045805,0.045805,0.0746593333333333,0.0,0.045805,0.0745666666666666,0.0,0.13209,0.0,0.0719695,0.0,0.27232687889,0.0,0.0,0.0,0.0183219999999999,0.0183219999999999,0.165631966158,0.0,0.0183219999999999,0.06235195597,0.0,0.04402995597,0.0,0.12652995597,0.03875575,0.155023,0.6,2
2025-01-18,0.416591,0.0435859387226354,1,0.416591,0.416591,0.677342,0.677342,0.239669,0.073263618522429,1,1,bullish,0.3446214999999999,0.1294231307146824,0.282174581122,0.1829132777777777,0.2024566877253786,1.6666666666666667,0.3383751666666666,0.1782058333333334,0.1802077952380952,0.1294231307146824,1.4285714285714286,0.2657583785714285,0.0210826523809523,0.1794431077380952,0.1037503041218885,2.0,0.2686101916666666,0.0004716749999999,0.2003008080555555,0.1050318083803312,2.1333333333333333,0.3021586883333333,-0.0020543111624026,50.37281705908981,0.0059373388122709,-0.0014498356376553,0.4060787088022333,-0.0299004579689,4.788438157830747,4.592520954804237,0.0,0.961735,0.0,0.0,0.0,0.0,0.0,0.503496,0.0,0.0,0.5,0.0,0.0,0.0,0.5,0.0,0.416591,0.0,0.0,0.0,0.0,0.0,0.416591,0.0,0.0,0.416591,0.0,0.0,0.0,0.416591,0.0,0.400650145385,0.0,0.0,0.0,0.0,0.0,0.209751902136,0.0,0.0,0.2082955,0.0,0.0,0.0,0.2082955,0.2916137,0.2916137,0.7,1
2025-01-19,0.14321,0.4422740784287499,2,-0.169525,0.455945,0.42088,0.84176,0.241253,0.1045075538322469,2,1,neutral,-0.273381,0.1205430607583043,0.0602742248,0.2105901666666666,0.1819232247696355,1.3333333333333333,0.4063608333333333,0.03562025,0.1916832238095238,0.1205430607583043,1.4285714285714286,0.3179196642857143,0.0003577749999999,0.1684070363095238,0.0982747726651672,2.0,0.2803359773809523,0.0033355167216117,0.1979971780555555,0.1055158865098424,2.066666666666667,0.3061814116666667,-0.0023397555635891,44.79266261260952,0.0017776593827618,-0.0008042293638302,0.4054335599266346,-0.0250197090933012,-0.6562335720166782,-5.444671729847425,0.0,0.841344,0.0,0.0,0.769861,0.0,0.0,0.7727580000000001,0.158519,0.0,0.0,0.0,0.333333,0.333333,0.6666665,0.0,0.14321,0.0,0.0,-0.169525,0.0,0.0,0.14321,-0.169525,0.0,0.0,0.0,-0.169525,-0.169525,0.14321,0.0,0.14174380563,0.0,0.0,-0.130510686025,0.0,0.0,0.0792153039,-0.026872933475,0.0,0.0,0.0,-0.056508276825,-0.056508276825,0.399436723175,0.100247,0.200494,0.7,1
2025-01-20,0.15258075,0.1221258221490579,4,-0.024508,0.255377,0.234441,0.937764,0.2499115,0.1261433249456083,4,2,bullish,0.00937075,0.1205688133005002,0.03577118361075,0.2374605833333333,0.1552022305582971,1.3333333333333333,0.444221,-0.132005125,0.1819761404761904,0.1205688133005002,1.5714285714285714,0.3126226642857143,0.0002892398809523,0.1695501732142857,0.0979686437670265,1.9285714285714288,0.2796361916666667,0.0018339897619047,0.1948326641666667,0.1054030955726223,2.033333333333333,0.3009573172222222,-0.0022912545105672,50.60085395994005,-0.0007827263471882,-0.0007999281887775,0.4025370249255302,-0.0133775657588635,0.0654336289365269,0.7216672009532051,0.0,0.8220035,0.0,0.0,0.451494,0.2666665,0.0,0.6117135,0.0,0.2,0.0,0.0,0.2666665,0.2,0.63333325,0.0,0.15258075,0.0,0.0,0.2198835,0.2198835,0.0,0.15258075,0.0,0.18439,0.0,0.0,0.2198835,0.18439,0.15258075,0.0,0.45156225002,0.0,0.0,0.198552161898,0.122003581541,0.0,0.44494193233,0.0,0.036878,0.0,0.0,0.122003581541,0.036878,0.292559581541,0.098278725,0.3931149,0.6,2
2025-01-21,0.163547,0.1517566286899301,4,0.072756,0.390427,0.2489465,0.995786,0.22382275,0.112656137978585,4,3,bullish,0.0109662499999999,0.118435051505197,0.0407144532355,0.1531125833333333,0.0101789256442346,2.0,0.3014225,0.0101685,0.1719299404761904,0.118435051505197,1.7142857142857142,0.31123125,0.0057281547619047,0.1722766642857142,0.0971726204328722,1.8571428571428572,0.2827228166666666,0.0002061832234432,0.1908537141666667,0.1042096377919713,2.0,0.300664545,-0.0018856296718576,51.43334661984692,-0.0019375744578994,-0.0010274816402354,0.402695899375742,-0.0115945902090753,0.0718717793692846,0.0064381504327577,0.0,0.9997226666666666,0.0,0.0,0.158519,0.2,0.2,0.5670445,0.0,0.2,0.425,0.0,0.0,0.0,0.425,0.0,0.1938106666666666,0.0,0.0,0.103005,0.088,0.088,0.163547,0.0,0.088,0.163547,0.0,0.0,0.0,0.163547,0.0,0.581229996638,0.0,0.0,0.016328249595,0.0176,0.0176,0.5148853333160001,0.0,0.0176,0.300694,0.0,0.0,0.0,0.300694,0.08692375,0.347695,0.55,3
2025-01-22,0.2602254,0.164930509846723,5,0.062619,0.43753,0.2735068,1.367534,0.2524003999999999,0.0917572237853783,5,4,bullish,0.0966784,0.1230211155668083,0.07117341643272,0.1921177166666667,0.0592372944735058,3.0,0.2522981,0.0538223249999999,0.1811861404761904,0.1230211155668083,2.142857142857143,0.3132714,0.0185458196428571,0.1749063119047618,0.0991410236653395,1.9285714285714288,0.2854480166666667,0.0044047295970695,0.1948747274999999,0.1044905090928184,2.1,0.295962805,-0.0017915787819799,51.3838440184016,0.0046119120031314,0.0001004930459119,0.4017241166477759,-0.0114316674811092,0.5911352699835521,0.5192634906142675,0.0,0.9798235,0.0,0.0,0.0,0.0,0.0,0.9110965,0.0,0.0,0.5,0.158519,0.0,0.5,0.8,0.0,0.1087799999999999,0.0,0.0,0.0,0.0,0.0,0.1087799999999999,0.0,0.0,0.154941,0.062619,0.0,0.224651,0.2602254,0.0,0.214874987907,0.0,0.0,0.0,0.0,0.0,0.206058738873,0.0,0.0,0.0774705,0.0099263012609999,0.0,0.1123255,1.1113309999999998,0.13261746,0.6630872999999999,0.54,4
2025-01-23,0.1069073333333333,0.0317249952298394,3,0.070661,0.129627,0.322856,0.968568,0.2529079999999999,0.1373595414923914,3,3,neutral,-0.1533180666666666,0.1164530904421629,0.0345156740106666,0.1768932444444444,0.0775254736985158,3.3333333333333335,0.2817697666666667,-0.0283198333333333,0.187861569047619,0.1164530904421629,2.2857142857142856,0.3284046857142857,-0.0066993107142857,0.1637933071428571,0.0972705714738628,2.0,0.2728287166666666,0.0053492561904761,0.1850366552777777,0.0980047455480798,2.1666666666666665,0.2910537216666666,-0.000930318822766,44.614349681612296,-0.0021308190441382,-0.0003457997452115,0.3947387934962971,-0.0201959276629637,-0.5891741031685096,-1.1803093731520615,0.0,0.9864113333333332,0.0,0.0,0.158519,0.2,0.35,0.9018513333333332,0.0,0.2,0.35,0.0,0.0,0.0,0.3999999999999999,0.0,0.1069073333333333,0.0,0.0,0.129627,0.070661,0.100144,0.1069073333333333,0.0,0.070661,0.0955475,0.0,0.0,0.0,0.1069073333333333,0.0,0.317735616276,0.0,0.0,0.020548342413,0.0141322,0.0789457,0.295298470463,0.0,0.0141322,0.0743492,0.0,0.0,0.0,0.1391627,0.0620954666666666,0.1862864,0.5666666666666667,3
2025-01-24,0.2235514375,0.1365124137793427,16,0.0,0.410028,0.439879875,7.0380780000000005,0.173283875,0.0884985913740062,16,4,bullish,0.1166441041666666,0.1048238905209819,0.0983357783835703,0.1968947236111111,0.0800596195851359,3.6666666666666665,0.345414225,-0.0183369812499999,0.209516131547619,0.1048238905209819,2.5714285714285716,0.3739788821428571,-0.0194314061011905,0.17213010625,0.0970147608465769,2.0714285714285716,0.2825413684523809,0.0051789261630036,0.1805246143055555,0.0926957834940016,2.2,0.2911915952777777,0.000517308549314,54.15237153538558,0.0016279965950229,4.898101674449705e-05,0.3592875623315728,-0.0030650194149061,1.0910767346798784,1.680250837848388,0.0,0.8138889285714285,0.0,0.158519,0.158519,0.25,0.3,0.3809583333333333,0.158519,0.25,0.3928571428571428,0.0,0.5,0.25,0.625,0.0,0.2103132142857142,0.0,0.080504,0.0967463333333333,0.0,0.1243536,0.2294180666666666,0.410028,0.157433,0.2510884285714286,0.0,0.410028,0.111615,0.2235514375,0.0,2.405144399933,0.0,0.012761413576,0.046008396041,0.0,0.1649055,0.98535530023,0.064997228532,0.11807475,0.732831,0.0,0.205014,0.02790375,2.328094,0.1209507187499999,1.9352115,0.5375,4
2025-01-25,0.1323556666666666,0.0202875127685316,3,0.109905,0.149374,0.1267436666666666,0.380231,0.217144,0.0849568619888941,3,2,neutral,-0.0911957708333333,0.0539453969225467,0.0167752424974444,0.1542714791666667,0.0613326086789273,3.0,0.2964931805555555,0.0127241666666666,0.1689110839285714,0.0539453969225467,2.7142857142857144,0.2953219773809524,0.001883525297619,0.1745594395833333,0.0954380066934967,2.0714285714285716,0.2805401779761904,0.00161003757326,0.1788200698611111,0.0931085791882758,2.2,0.2807228175,0.0002270058741193,51.142748235025906,-0.0025113729685673,-0.0004631120851182,0.3429507358778885,-0.0032641262945551,-0.4079408831058548,-1.4990176177857333,0.0,0.652508,0.0,0.0,0.158519,0.2916665,0.0,0.5979626666666666,0.0,0.333333,0.25,0.0,0.5,0.25,0.361111,0.0,0.1323556666666666,0.0,0.0,0.149374,0.143581,0.0,0.1323556666666666,0.0,0.137788,0.149374,0.0,0.109905,0.149374,0.1323556666666666,0.0,0.275532299597,0.0,0.0,0.023678617106,0.083272787404,0.0,0.239066077721,0.0,0.045929287404,0.0373435,0.0,0.0549525,0.0373435,0.138225287404,0.1026072333333333,0.3078217,0.7666666666666666,2
2025-01-26,0.299152,0.0202875127685316,1,0.299152,0.299152,0.405963,0.405963,0.323256,0.0849568619888941,1,1,bullish,0.1667963333333333,0.0710502156137034,0.121444643376,0.2183530347222222,0.0835195890012704,2.3333333333333335,0.3241955138888889,0.03780028125,0.1911885125,0.0710502156137034,2.7142857142857144,0.2931909773809523,0.0121663257440476,0.1914358681547619,0.0950600750950047,2.0714285714285716,0.3055553208333333,0.0014881511813186,0.1850845365277777,0.0947118033860023,2.1666666666666665,0.2882663841666666,0.0005371197358175,57.294797466145454,0.0072242920124186,0.0010744223096434,0.3595626460621441,-0.0036185198121441,1.2602130119098285,1.6681538950156831,0.0,0.997874,0.0,0.0,0.0,0.0,0.0,0.684621,0.0,0.0,0.0,0.0,0.0,0.0,1.0,0.0,0.299152,0.0,0.0,0.0,0.0,0.0,0.299152,0.0,0.0,0.0,0.0,0.0,0.0,0.299152,0.0,0.298516002848,0.0,0.0,0.0,0.0,0.0,0.204805741392,0.0,0.0,0.0,0.0,0.0,0.0,0.299152,0.2094063999999999,0.2094063999999999,0.7,1
2025-01-27,0.1971751666666666,0.2026230769358877,6,0.0,0.502754,0.2110163333333333,1.266098,0.2168993333333333,0.1222007074573083,6,3,bullish,-0.1019768333333333,0.0689806554577166,0.0416071806943888,0.2095609444444444,0.0840851343682787,2.0,0.2479076666666666,0.03240975,0.1975591434523809,0.0689806554577166,2.857142857142857,0.2898445964285714,0.0072923583333333,0.1897676419642857,0.0947145193745388,2.2142857142857144,0.3012336303571428,0.0026112893315018,0.1862908754166666,0.0946247003164007,2.1666666666666665,0.2874797452777777,0.0004489201010381,49.2532417791089,0.006833335529152,0.0022262370614543,0.3616067964586871,0.0015172339579795,-0.3408863498600487,-1.6010993617698772,0.928139,0.8367114000000001,0.0,0.0,0.0,0.333333,0.3333333333333333,0.588242,0.0,0.166667,0.388889,0.158519,0.166667,0.166667,0.5,0.025123,0.2315856,0.0,0.0,0.0,0.502754,0.1929133333333333,0.037993,0.0,0.0,0.1930626666666667,0.0,0.0,0.0,0.1971751666666666,0.023317636097,0.961339916621,0.0,0.0,0.0,0.167584499082,0.205577499082,0.016289726708,0.0,0.0,0.289594,0.0,0.0,0.0,0.520294499082,0.0985875833333333,0.5915255,0.5,3
2025-01-28,0.1934943333333333,0.0532903854955719,6,0.135589,0.271571,0.2596443333333333,1.557866,0.2409818333333333,0.0203666731639378,6,4,bullish,-0.0036808333333333,0.0674309045703846,0.0502397071821111,0.2299405,0.0599671654548925,2.6666666666666665,0.2922078888888889,-0.0528288333333333,0.2018373339285714,0.0674309045703846,3.0,0.2913728583333333,0.0019979653273809,0.1868836372023809,0.0938793466834378,2.357142857142857,0.3013020541666667,0.0041717033058608,0.1877993865277777,0.0943575115879716,2.2666666666666666,0.2925997230555555,0.0002329672960697,48.70099160490614,0.0061621284641521,0.0030134328970476,0.3591415804638955,0.0009908499527711,-0.0186678342691904,0.3222185155908582,0.0,0.7904115,0.158519,0.158519,0.769861,0.0,0.361111,0.8785620000000001,0.0,0.0,0.2916665,0.538269,0.0,0.25,0.6805555,0.0,0.1706397499999999,0.135589,0.135589,0.135589,0.0,0.1751233333333333,0.1706397499999999,0.0,0.0,0.145083,0.135589,0.0,0.135589,0.1934943333333333,0.0,0.4853748637989999,0.0214934326909999,0.0214934326909999,0.104384683129,0.0,0.203024865141,0.600697408507,0.0,0.0,0.0854228651409999,0.0729833554409999,0.0,0.03389725,0.838620865141,0.1064193666666666,0.6385162,0.5666666666666667,4
2025-01-29,0.2079011666666666,0.2309390605994721,6,-0.045477,0.504383,0.289189,1.735134,0.2775395,0.0753508385587048,6,4,bullish,0.0144068333333333,0.0626073042085594,0.0601227304871666,0.1995235555555555,0.0074850123215475,3.6666666666666665,0.2532832222222221,0.005363,0.1943624434523809,0.0626073042085594,3.0,0.2936131726190476,0.0109888139880952,0.1877742919642857,0.0940257202348264,2.5714285714285716,0.3034422863095238,0.0050540183058608,0.1913676254166666,0.0929700491746177,2.3666666666666667,0.2911561230555555,-0.0002369671551724,50.40746793218115,0.0066907068124366,0.0037489008013112,0.3527491868093168,0.0019244202740165,0.0744560994895631,0.0931239337587536,0.0,0.9724783333333334,0.158519,0.0,0.158519,0.0,0.5,0.5243074999999999,0.0,0.0,0.0,0.158519,0.0,0.0,0.8333333333333334,0.0,0.2679086666666666,0.078621,0.0,0.351839,0.0,0.21523,0.21523,0.0,0.0,0.0,0.078621,0.0,0.0,0.2079011666666666,0.0,0.772907314137,0.012462922299,0.0,0.055773166441,0.0,0.21523,0.268966083117,0.0,0.0,0.0,0.012462922299,0.0,0.0,1.032177,0.1190134833333333,0.7140808999999999,0.5666666666666667,4
2025-01-30,0.1471087999999999,0.2324682374286861,5,-0.140369,0.48593,0.3132892,1.566446,0.163684,0.1031748182697697,5,3,neutral,-0.0607923666666666,0.0545766709501477,0.0460875982649599,0.1828347666666666,0.0317670856764428,3.6666666666666665,0.2873741777777777,-0.0231927666666666,0.2001055101190476,0.0545766709501477,3.0,0.2922464869047619,-0.0065676635416666,0.1939835395833333,0.0876023845120448,2.642857142857143,0.3103255863095238,-0.0003142801007326,0.1941004298611111,0.0902977801025022,2.4,0.2908128408333333,-0.0013931490591397,52.98599613721091,0.0022745712807759,0.0034540306886773,0.3522620027231929,0.0064388593601403,-0.2924099351695157,-0.3668660346590788,0.0,0.698906,0.0,0.0,0.0,0.0,0.0,0.1438243333333333,0.0,0.0,0.0,0.0,0.5,0.0,0.9,0.0,0.0659756666666666,0.0,0.0,0.0,0.0,0.0,0.2575046666666666,0.0,0.0,0.0,0.0,0.051687,0.0,0.1471087999999999,0.0,0.165931175538,0.0,0.0,0.0,0.0,0.0,0.112315097762,0.0,0.0,0.0,0.0,0.0258435,0.0,0.7097005,0.09210148,0.4605074,0.74,3
2025-01-31,0.1534984,0.1925281628094965,5,-0.06195,0.354656,0.3915816,1.957908,0.1886648,0.0688197227413769,5,3,bullish,0.0063896,0.0559659541195159,0.06010714906944,0.1695027888888889,0.0334070847128827,3.3333333333333335,0.3313532666666666,-0.0272013833333333,0.1900979333333333,0.0559659541195159,2.857142857142857,0.2853467333333333,-0.0082118642857143,0.1998070324404761,0.0813544707028294,2.7142857142857144,0.3296628077380952,-0.0054934392399267,0.1944127598611111,0.0901350305443483,2.433333333333333,0.3006384608333333,-0.001999731637931,52.81091752848738,-0.0007099474084309,0.0026212255603021,0.3512992467448494,0.0129169553384838,0.0434345192129907,0.3358444543825065,0.0,0.0,0.0,0.0,0.0,0.0,0.0,0.4665285,0.0,0.0,0.0,0.0,0.5,0.0,0.6,0.0,0.0,0.0,0.0,0.0,0.0,0.0,0.064213,0.0,0.0,0.0,0.0,0.2073605,0.0,0.1534984,0.0,0.0,0.0,0.0,0.0,0.0,0.0,0.09906910066,0.0,0.0,0.0,0.0,0.414721,0.0,0.352771,0.0767492,0.383746,0.54,3
2025-02-01,0.671664,0.1925281628094965,1,0.671664,0.671664,0.721785,0.721785,0.394891,0.0688197227413769,1,1,bullish,0.5181656,0.185209043341735,0.48479700024,0.3240904,0.3010245211104239,2.3333333333333335,0.4755519333333333,0.2622776,0.267141980952381,0.185209043341735,2.7142857142857144,0.370352638095238,0.0351356047619047,0.2180265324404762,0.1406161046317539,2.7142857142857144,0.3328373077380952,0.0151349126098901,0.2078577598611111,0.1249123417297284,2.433333333333333,0.3157054275,0.0015889723461253,57.85438024456047,0.0375944305141721,0.0096159304434051,0.4812247212400571,-0.0561303191567238,3.375706847758674,3.3322723285456832,0.0,0.650727,0.0,0.0,0.0,0.0,0.0,0.0,0.0,0.0,0.5,0.0,0.0,0.0,0.5,0.0,0.671664,0.0,0.0,0.0,0.0,0.0,0.0,0.0,0.0,0.671664,0.0,0.0,0.0,0.671664,0.0,0.4370698997280001,0.0,0.0,0.0,0.0,0.0,0.0,0.0,0.0,0.335832,0.0,0.0,0.0,0.335832,0.4701648,0.4701648,0.7,1
2025-02-02,0.050056,0.1925281628094965,1,0.050056,0.050056,0.150906,0.150906,0.192527,0.0688197227413769,1,1,neutral,-0.621608,0.2012676093641041,0.007553750736,0.2917394666666667,0.3330646645936091,1.6666666666666667,0.4214242000000001,-0.0517211999999999,0.2315568380952381,0.2012676093641041,2.7142857142857144,0.3339159238095238,0.0164492523809523,0.211372675297619,0.1465092037794484,2.7142857142857144,0.3135534505952381,0.0078692754487179,0.2007128543055555,0.1276663515869626,2.3666666666666667,0.2998575608333333,0.0009608647988505,47.63807087755769,0.0183601603080078,0.0113647891961253,0.48228036377482,-0.07423339502482,-0.9254746420829464,-4.30118148984162,0.0,0.108179,0.0,0.0,0.0,0.0,0.0,0.980922,0.158519,0.0,0.0,0.0,0.5,0.0,0.5,0.0,0.050056,0.0,0.0,0.0,0.0,0.0,0.050056,0.050056,0.0,0.0,0.0,0.050056,0.0,0.050056,0.0,0.005415008024,0.0,0.0,0.0,0.0,0.0,0.049101031632,0.007934827064,0.0,0.0,0.0,0.025028,0.0,0.025028,0.0350392,0.0350392,0.7,1
2025-02-03,0.4777525999999999,0.1191995712127355,5,0.267072,0.551343,0.5555572,2.777786,0.335196,0.0779284173039591,5,3,bullish,0.4276966,0.2203164069488382,0.26541889674872,0.3998242,0.3180467781017755,1.6666666666666667,0.4760827333333333,-0.0969556999999999,0.2716393285714286,0.2203164069488382,2.7142857142857144,0.3831360476190476,0.0379157023809523,0.2345992360119047,0.1614819490709499,2.7857142857142856,0.3364903220238095,0.0135419351007325,0.2030794520833333,0.1321952567358668,2.3333333333333335,0.3042242730555555,0.0041691960131627,56.80186020485419,0.0367060495325632,0.0164330708926208,0.5201707056924756,-0.0877355169424756,8.544362314208085,9.469836956291031,0.0,1.0,0.0,0.0,0.0,0.0,0.0,0.2370525,0.0,0.0,0.0,0.0,0.0,0.0,1.0,0.0,0.267072,0.0,0.0,0.0,0.0,0.0,0.3853485,0.0,0.0,0.0,0.0,0.0,0.0,0.4777525999999999,0.0,0.267072,0.0,0.0,0.0,0.0,0.0,0.1522102375469999,0.0,0.0,0.0,0.0,0.0,0.0,2.388763,0.2495591799999999,1.2477958999999998,0.54,3
2025-02-04,0.2062558,0.4434189594849322,5,-0.553461,0.516564,0.4191346,2.095673,0.1766582,0.3403927600444816,5,3,bullish,-0.2714968,0.2196136818553083,0.08644894223068,0.2446881333333333,0.2164229160624478,2.3333333333333335,0.3751992666666666,0.0780999,0.2734623952380952,0.2196136818553083,2.5714285714285716,0.4059203714285714,0.0197467535714285,0.2376498645833333,0.1604364479551195,2.7857142857142856,0.3486466148809523,0.0103897412362637,0.2000308120833333,0.1309866230708315,2.4,0.3096381263888889,0.0048423475315165,50.805569197862766,0.0292914288551444,0.019004754512389,0.5205945899671862,-0.0870770212171862,-0.5682790632641246,-9.11264137747221,0.0,0.980509,0.0,0.0,0.310843,0.333333,0.0,0.539894,0.0,0.0,0.333333,0.0,0.333333,0.333333,0.7333332,0.0,0.389583,0.0,0.0,0.389583,0.389583,0.0,0.2902675,0.0,0.0,0.389583,0.0,0.190952,0.190952,0.2062558,0.0,0.381989637747,0.0,0.0,0.121099148469,0.129860870139,0.0,0.388558943147,0.0,0.0,0.129860870139,0.0,0.063650603016,0.063650603016,0.6442554731550001,0.09657278,0.4828639,0.58,3
2025-02-05,0.210855,0.189490295280335,8,0.0,0.592281,0.14321025,1.145682,0.29015925,0.1445076405481236,8,4,bullish,0.0045991999999999,0.2194695044676421,0.03019659726375,0.2982878,0.1554380873191638,3.3333333333333335,0.3726340166666667,-0.1334487999999999,0.2738843714285714,0.2194695044676421,2.5714285714285716,0.3850662642857143,0.0036729285714285,0.2341234074404762,0.1604446483013065,2.7857142857142856,0.3393397184523809,0.0103684220970695,0.2025067509722222,0.1304467409757855,2.433333333333333,0.3062705347222222,0.0044745673553948,49.03526969971243,0.0235111786794657,0.0199060427179239,0.5191197274100511,-0.0705345919933845,0.0222985244536151,0.5905775877177397,0.0,0.963669,0.0,0.0,0.158519,0.0,0.35,0.6609783333333333,0.158519,0.2,0.3999999999999999,0.0,0.2,0.0,0.7125,0.0,0.1448686,0.0,0.0,0.592281,0.0,0.094724,0.1272616666666666,0.039227,0.039227,0.0640953333333333,0.0,0.039227,0.0,0.210855,0.0,0.696551418246,0.0,0.0,0.0938877918389999,0.0,0.0829559,0.440112072202,0.0062182248129999,0.0078454,0.0843749,0.0,0.0078454,0.0,1.5038184,0.1139901749999999,0.9119214,0.575,4
2025-02-06,0.128681,0.189490295280335,1,0.128681,0.128681,0.124164,0.124164,0.229974,0.1445076405481236,1,1,neutral,-0.082174,0.2213461248578623,0.0159775476839999,0.1819306,0.0461728067728182,2.6666666666666665,0.2288362833333333,-0.0387873999999999,0.2712518285714286,0.2213461248578623,2.2857142857142856,0.3580483785714285,-0.0299953714285714,0.2356786693452381,0.1592174650287136,2.642857142857143,0.3251474327380952,0.0031618453754578,0.2026169134722222,0.1303807367138524,2.3333333333333335,0.3035515430555555,0.0034663368362995,50.43764002344341,0.0122354028165229,0.0183719101457465,0.516833238561784,-0.0625769531451173,-0.3897180526902374,-0.4120165771438525,0.0,0.538269,0.0,0.0,0.0,0.0,0.0,0.990999,0.0,0.0,0.0,0.0,0.5,0.0,0.5,0.0,0.128681,0.0,0.0,0.0,0.0,0.0,0.128681,0.0,0.0,0.0,0.0,0.128681,0.0,0.128681,0.0,0.069264993189,0.0,0.0,0.0,0.0,0.0,0.127522742319,0.0,0.0,0.0,0.0,0.0643405,0.0,0.0643405,0.0900766999999999,0.0900766999999999,0.7,1
2025-02-07,0.29604,0.189490295280335,1,0.29604,0.29604,0.441912,0.441912,0.183382,0.1445076405481236,1,1,bullish,0.167359,0.2151784680295826,0.13082362848,0.2118586666666667,0.0836840141863029,2.0,0.23642875,0.0425925,0.2916149142857143,0.2151784680295826,2.0,0.3652384357142857,-0.0441614142857143,0.2408564238095238,0.1599696383982085,2.4285714285714284,0.3252925845238095,0.0044866559706959,0.2050379023611111,0.1314500862194879,2.2666666666666666,0.3104368097222222,0.0042124693223952,51.427874637743784,0.016470522620098,0.0179916317300309,0.4989831861590038,-0.0567820007423371,1.3005727341254736,1.6902907868157109,0.0,1.0,0.0,0.0,0.0,0.0,0.0,0.998356,0.0,0.0,0.0,0.0,0.0,0.0,1.0,0.0,0.29604,0.0,0.0,0.0,0.0,0.0,0.29604,0.0,0.0,0.0,0.0,0.0,0.0,0.29604,0.0,0.29604,0.0,0.0,0.0,0.0,0.0,0.29555331024,0.0,0.0,0.0,0.0,0.0,0.0,0.29604,0.207228,0.207228,0.7,1
2025-02-08,0.035973,0.189490295280335,1,0.035973,0.035973,0.231332,0.231332,0.182946,0.1445076405481236,1,1,neutral,-0.260067,0.1532955275634552,0.008321706036,0.1535646666666667,0.1318070892339761,1.0,0.2658026666666667,-0.0463539999999999,0.2008019142857142,0.1532955275634552,2.0,0.2951737214285714,-0.0172588928571428,0.2339719476190476,0.1669212081740721,2.357142857142857,0.3327631797619047,-0.0049441041758241,0.1974873556944444,0.1345063226083044,2.2333333333333334,0.3014970030555555,0.0035179452419354,48.21988869964109,-0.0009403351384407,0.014205231103034,0.5038977949948722,-0.0724203095782056,-0.8784860154033239,-2.1790587495287976,0.0,0.972756,0.0,0.0,0.0,0.333333,0.0,0.998356,0.0,0.333333,0.0,0.0,0.0,0.0,0.333333,0.0,0.035973,0.0,0.0,0.0,0.035973,0.0,0.035973,0.0,0.035973,0.0,0.0,0.0,0.0,0.035973,0.0,0.034992951588,0.0,0.0,0.0,0.011990988009,0.0,0.035913860388,0.0,0.011990988009,0.0,0.0,0.0,0.0,0.011990988009,0.0251810999999999,0.0251810999999999,0.7,1
2025-02-09,0.35224,0.189490295280335,1,0.35224,0.35224,0.320974,0.320974,0.31366,0.1445076405481236,1,1,bullish,0.316267,0.1461513208353914,0.11305988176,0.2280843333333333,0.1687296159431809,1.0,0.331406,0.0281,0.2439710571428571,0.1461513208353914,2.0,0.31946915,-0.0225685142857143,0.2377639476190476,0.16910455343171,2.357142857142857,0.3266925369047619,0.0005837759706959,0.2056674806944444,0.1362540601650203,2.1666666666666665,0.3020660447222222,0.0038911693594734,50.92919063728882,0.0104289742931034,0.0134499785836268,0.5184654435524223,-0.0670220331357556,8.791788285658688,9.670274301062012,0.0,0.891286,0.0,0.0,0.0,0.0,0.333333,0.999999,0.0,0.0,0.0,0.158519,0.333333,0.0,0.333333,0.0,0.35224,0.0,0.0,0.0,0.0,0.35224,0.35224,0.0,0.0,0.0,0.35224,0.35224,0.0,0.35224,0.0,0.31394658064,0.0,0.0,0.0,0.0,0.11741321592,0.35223964776,0.0,0.0,0.0,0.05583673256,0.11741321592,0.0,0.11741321592,0.317016,0.317016,0.9,1
2025-02-10,0.0972046,0.0788688499364609,5,-0.015915,0.184966,0.2373558,1.186779,0.2251204,0.0370783632163017,5,3,neutral,-0.2550354,0.1113251418003266,0.02307207559668,0.1618058666666667,0.1677384766934925,1.6666666666666667,0.2632205999999999,0.0306157999999999,0.1896070571428571,0.1113251418003266,2.0,0.2740118071428571,-0.0048961285714285,0.2306231928571428,0.1730158208975991,2.357142857142857,0.3285739273809523,-0.004770297069597,0.2056294673611111,0.1362851899141141,2.2,0.3048192269444444,0.0024512537995921,48.33921492640994,-0.0009553689556967,0.0105689055435768,0.5195845392942613,-0.0747753688775946,-0.7240387235975472,-9.515827009256236,0.0,0.579259,0.0,0.0,0.0,0.166667,0.166667,0.28036725,0.0,0.166667,0.166667,0.0,0.5,0.166667,0.7333334,0.0,0.126093,0.0,0.0,0.0,0.064786,0.064786,0.10530925,0.0,0.064786,0.064786,0.0,-0.015915,0.064786,0.0972046,0.0,0.1703459274539999,0.0,0.0,0.0,0.010797688262,0.010797688262,0.122206002848,0.0,0.010797688262,0.010797688262,0.0,-0.0079575,0.010797688262,0.439992188262,0.0479657,0.2398285,0.54,3
2025-02-11,0.481915,0.0788688499364609,1,0.481915,0.481915,0.74725,0.74725,0.287703,0.0370783632163017,1,1,bullish,0.3847104,0.1574119056317623,0.3601109837499999,0.3104532,0.1957297255342683,1.6666666666666667,0.4351932666666666,0.0648375,0.2289869428571428,0.1574119056317623,1.7142857142857142,0.3208854357142857,0.0288009714285713,0.251224669047619,0.1850104558961509,2.142857142857143,0.3634029035714285,0.0011854405128205,0.2195972340277777,0.1424828891899763,2.2,0.3278691936111111,0.0032492758147942,54.25302886659868,0.0205848509305094,0.0125720965856874,0.5523550069097496,-0.0853768764930829,3.9577386255382976,4.681777349135845,0.0,0.0,0.0,0.0,0.0,0.0,0.0,0.0,0.0,0.0,0.0,0.0,0.5,0.0,0.5,0.0,0.0,0.0,0.0,0.0,0.0,0.0,0.0,0.0,0.0,0.0,0.0,0.481915,0.0,0.481915,0.0,0.0,0.0,0.0,0.0,0.0,0.0,0.0,0.0,0.0,0.0,0.0,0.2409575,0.0,0.2409575,0.2409575,0.2409575,0.5,1
2025-02-12,0.244665,0.0845079286280287,3,0.168586,0.335625,0.4919493333333333,1.475848,0.2077143333333333,0.0791311424303562,3,2,bullish,-0.23725,0.157281478053275,0.12036278364,0.2745948666666667,0.1940937161683843,2.0,0.4921850444444444,0.0737302,0.2338169428571428,0.157281478053275,1.4285714285714286,0.3707053047619048,0.0278904857142856,0.2538506571428571,0.1846087039144217,2.0,0.3778857845238095,-0.0004302259340659,0.2204017229166666,0.1425564550953377,2.2333333333333334,0.3352168380555555,0.0034174385048201,50.50868554573883,0.0184364670536269,0.0137449715995572,0.5536320756485609,-0.0728781785652276,-0.4923067345901248,-4.4500453601284224,0.158519,0.8660143333333333,0.0,0.0,0.0,0.0,0.4166665,0.4410386666666666,0.0,0.0,0.333333,0.0,0.0,0.333333,0.3888886666666666,0.168586,0.244665,0.0,0.0,0.0,0.0,0.2827045,0.244665,0.0,0.0,0.199185,0.0,0.0,0.168586,0.244665,0.026724084134,0.647392909009,0.0,0.0,0.0,0.0,0.244407090072,0.259952660315,0.0,0.0,0.13278986721,0.0,0.0,0.056195277138,0.30060236721,0.1335715666666666,0.4007147,0.5666666666666667,2
2025-02-13,0.0962658,0.1907125830541865,5,-0.138618,0.384668,0.2035568,1.017784,0.2035111999999999,0.1572508353974629,5,3,neutral,-0.1483991999999999,0.1613182279412961,0.01959555819744,0.2742819333333334,0.1945230022907659,2.0,0.4809187111111111,-0.1928246,0.2291862,0.1613182279412961,1.7142857142857142,0.3820471333333333,-0.0018665571428571,0.2502190142857142,0.1873498118102064,2.0,0.370047755952381,-0.0084516127472527,0.2158149029166667,0.1443110981413069,2.2666666666666666,0.3333791847222222,0.002709449010938,49.313158496103625,0.0047848353083388,0.0119529432164391,0.5538108014380907,-0.0857854681047574,-0.6065403715284163,-0.1142336369382914,0.0,0.379453,0.0,0.0,0.0,0.0,0.0,0.9529283333333334,0.0,0.333333,0.333333,0.0,0.0,0.0,0.8666666,0.0,0.056712,0.0,0.0,0.0,0.0,0.0,0.1740923333333333,0.0,0.015754,0.015754,0.0,0.0,0.0,0.0962658,0.0,0.020817396088,0.0,0.0,0.0,0.0,0.0,0.486512914785,0.0,0.005251328082,0.005251328082,0.0,0.0,0.0,0.470826328082,0.04876306,0.2438153,0.54,3
2025-02-14,0.348211,0.1907125830541865,1,0.348211,0.348211,0.514619,0.514619,0.429729,0.1572508353974629,1,1,bullish,0.2519452,0.1660572521623791,0.179195996609,0.2297139333333333,0.1266362773719021,2.0,0.4033750444444444,0.051773,0.2366392,0.1660572521623791,1.7142857142857142,0.3924338476190475,0.0204366428571428,0.2641270571428571,0.1868440025302791,1.8571428571428572,0.3788361416666667,-0.0088404334065934,0.22090753625,0.1462497055369041,2.2666666666666666,0.3418922930555556,0.0034230456349647,52.466731431807055,0.0140081055602108,0.012363975891601,0.5647277794067378,-0.0751169127400711,2.617182841673782,3.2237232132021982,0.0,0.0,0.0,0.0,0.0,0.0,0.0,0.0,0.0,0.0,0.0,0.0,0.0,0.0,1.0,0.0,0.0,0.0,0.0,0.0,0.0,0.0,0.0,0.0,0.0,0.0,0.0,0.0,0.0,0.348211,0.0,0.0,0.0,0.0,0.0,0.0,0.0,0.0,0.0,0.0,0.0,0.0,0.0,0.0,0.348211,0.1741055,0.1741055,0.5,1
2025-02-15,0.289516,0.1907125830541865,1,0.289516,0.289516,0.173749,0.173749,0.246834,0.1572508353974629,1,1,bullish,-0.058695,0.1407099037078498,0.0503031154839999,0.2446642666666667,0.1318250903205202,1.6666666666666667,0.2973082666666666,0.0966251,0.2728596285714286,0.1407099037078498,1.7142857142857142,0.3842077047619048,-0.0025645857142857,0.2368307714285714,0.1462258196428409,1.8571428571428572,0.3396907130952381,0.0053202487912087,0.2285520918055555,0.1435270855028534,2.2333333333333334,0.3404531597222222,0.0027572105200222,44.52086581067753,0.0164188131725205,0.0131749436735786,0.5639302347883353,-0.0752829681216686,-0.1685615905298798,-2.7857444322036615,0.0,0.818451,0.0,0.0,0.310843,0.0,0.333333,0.459462,0.0,0.0,0.333333,0.0,0.0,0.0,0.333333,0.0,0.289516,0.0,0.0,0.289516,0.0,0.289516,0.289516,0.0,0.0,0.289516,0.0,0.0,0.0,0.289516,0.0,0.236954659716,0.0,0.0,0.089994021988,0.0,0.096505236828,0.133021600392,0.0,0.0,0.096505236828,0.0,0.0,0.0,0.096505236828,0.2026611999999999,0.2026611999999999,0.7,1
2025-02-17,-0.034998,0.1907125830541865,1,-0.034998,-0.034998,0.023673,0.023673,0.021611,0.1572508353974629,1,1,neutral,-0.3245139999999999,0.1759966110420635,-0.000828507654,0.2009096666666667,0.2063991185793518,1.0,0.237347,-0.1916045,0.2175399142857142,0.1759966110420635,1.7142857142857142,0.3417361333333333,-0.0242092785714285,0.2307554857142857,0.1560215006573667,1.8571428571428572,0.3306026416666667,-0.0086036975824175,0.2249865084722222,0.1487835554982497,2.2,0.3372135763888889,-2.2992596403408186e-05,48.6669524577827,-0.0076283873234599,0.0090142761369839,0.5755536455197037,-0.1101236955197036,-1.1208845107006176,-0.9523229201707376,0.0,0.890401,0.158519,0.0,0.451494,0.2,0.2,0.905476,0.0,0.0,0.2,0.0,0.2,0.0,0.2,0.0,-0.034998,-0.034998,0.0,-0.034998,-0.034998,-0.034998,-0.034998,0.0,0.0,-0.034998,0.0,-0.034998,0.0,-0.034998,0.0,-0.031162254198,-0.005547847962,0.0,-0.015801387012,-0.0069996,-0.0069996,-0.031689849048,0.0,0.0,-0.0069996,0.0,-0.0069996,0.0,-0.0069996,-0.0314982,-0.0314982,0.9,1
2025-02-18,0.0400257499999999,0.0904862933280505,4,-0.051872,0.145192,0.051014,0.204056,0.20289425,0.0690064539560129,4,3,neutral,0.07502375,0.1836720234189201,0.0020418736104999,0.09818125,0.1698937335047631,1.6666666666666667,0.082812,-0.124745125,0.2093715071428571,0.1836720234189201,1.7142857142857142,0.3151158761904762,-0.0604194125,0.1994892821428571,0.1462714582536098,1.8571428571428572,0.2945638416666666,-0.0059103565934065,0.2124343334722222,0.1479435275877839,2.2666666666666666,0.3163359763888889,0.0001051224740452,42.28684926441196,-0.0204253876882927,0.0031263418580813,0.5782882703795508,-0.1282051787128841,-2.1436582090405163,-1.0227736983398987,0.0,0.4380073333333333,0.0,0.0,0.0,0.0,0.25,0.796071,0.310843,0.333333,0.3055553333333333,0.0,0.0,0.2916665,0.4791665,0.0,0.0706583333333333,0.0,0.0,0.0,0.0,-0.016459,0.0400257499999999,-0.016459,-0.051872,0.0256203333333333,0.0,0.0,0.0643665,0.0400257499999999,0.0,0.1035913481549999,0.0,0.0,0.0,0.0,-0.00411475,0.0467387275779999,-0.005116164937,-0.017290649376,0.0269918855599999,0.0,0.0,0.0442825349359999,0.11023388556,0.016596325,0.0663853,0.6,3
2025-02-20,0.129585,0.1339670309466723,4,-0.024116,0.254765,0.27442025,1.097681,0.2597615,0.0927449905367759,4,3,neutral,0.08955925,0.1395018690358333,0.03556074809625,0.0448709166666667,0.0823984083721938,2.3333333333333335,0.1163690833333333,0.0822915,0.15903865,0.1395018690358333,2.0,0.247568769047619,-0.0300331821428571,0.1940127964285714,0.1474293441859737,1.8571428571428572,0.2842271023809523,-0.0076845497802197,0.2119801668055555,0.148184082744925,2.3333333333333335,0.3114539847222222,-0.0009067985511679,48.556430821768835,-0.0231064373427947,-0.002120215061248,0.5768997397923733,-0.1346482647923732,2.2375408330887,4.381199042129216,0.0,0.7339646666666667,0.0,0.0,0.0,0.2,0.5,0.811133,0.0,0.2,0.2,0.0,0.2,0.2,0.475,0.0,0.096803,0.0,0.0,0.0,-0.024116,0.227931,0.017822,0.0,0.1153245,0.254765,0.0,0.1153245,0.1153245,0.129585,0.0,0.216363412012,0.0,0.0,0.0,-0.0048232,0.1139655,0.013157679448,0.0,0.0461298,0.050953,0.0,0.0461298,0.0461298,0.2198553,0.0665747,0.2662988,0.6,3
2025-02-21,0.1963142,0.085345887936678,5,0.120135,0.326676,0.3120724,1.560362,0.2774086,0.0875641298123837,5,3,bullish,0.0667292,0.1357008058142138,0.06126424354808,0.1219749833333333,0.0784216434799783,3.0,0.2125022166666667,0.078144225,0.1521313928571428,0.1357008058142138,2.142857142857143,0.2218720642857143,-0.0138070374999999,0.1929741678571428,0.1473527645845709,1.7857142857142858,0.2962886845238094,-0.0070635579120879,0.2134379484722222,0.1477941866906734,2.3666666666666667,0.3140416980555555,-0.0014175204551353,49.73248246587113,-0.0196428548875504,-0.0056247436031803,0.5778823346035795,-0.1307103196035795,0.5149454026314775,-1.7225954304572224,0.0,0.958813,0.0,0.0,0.0,0.0,0.0,0.47687725,0.0,0.0,0.5,0.0,0.0,0.0,0.9,0.0,0.1392,0.0,0.0,0.0,0.0,0.0,0.186069,0.0,0.0,0.140647,0.0,0.0,0.0,0.1963142,0.0,0.398223447785,0.0,0.0,0.0,0.0,0.0,0.328644549862,0.0,0.0,0.0703235,0.0,0.0,0.0,0.9112475,0.0981571,0.4907855,0.5,3
2025-02-23,0.0234034999999999,0.0303044753213118,2,0.001975,0.044832,0.0499895,0.099979,0.170936,0.1431438683562799,2,1,neutral,-0.1729107,0.1432827866676314,0.0011699292632499,0.1164342333333334,0.0872022622502612,2.3333333333333335,0.2121607166666667,-0.0530907499999999,0.1417224928571428,0.1432827866676314,1.8571428571428572,0.1999338785714285,-0.0355801107142857,0.1854543464285714,0.1534465118442735,1.7857142857142858,0.290990505952381,-0.0140279891208791,0.2087664984722222,0.1515915381225869,2.3,0.3074097980555555,-0.0029876246616611,48.125711086813936,-0.0304445265242049,-0.0105887008408423,0.5814299949786441,-0.1472674699786442,-0.8807854959040151,-1.3957308985354926,0.0,0.8010285,0.0,0.0,0.310843,0.0,0.0,0.999988,0.0,0.0,0.5,0.0,0.0,0.0,0.75,0.0,0.0234034999999999,0.0,0.0,0.044832,0.0,0.0,0.0234034999999999,0.0,0.0,0.001975,0.0,0.0,0.0,0.0234034999999999,0.0,0.0424826172269999,0.0,0.0,0.0139357133759999,0.0,0.0,0.0468059240319999,0.0,0.0,0.0009875,0.0,0.0,0.0,0.0458195,0.01638245,0.0327649,0.7,1
2025-02-24,0.1660475,0.1694849081708063,4,0.050982,0.413147,0.216775,0.8671,0.22462875,0.1550559422044723,4,3,bullish,0.142644,0.1128372266460063,0.0359949468125,0.1285884,0.0923412999325328,2.3333333333333335,0.1929456333333333,-0.01513335,0.1156991357142857,0.1128372266460063,2.142857142857143,0.1573847357142857,-0.0034755017857143,0.1761691678571428,0.1501374373699767,1.9285714285714288,0.2749092916666666,-0.0109367895604395,0.2056272351388889,0.1514642422279042,2.2666666666666666,0.3055187380555555,-0.0029083421273637,47.66515500080269,-0.0272222734623394,-0.0139154157154857,0.4869325477962373,-0.1033316727962373,6.094985792723311,6.975771288627326,0.0,0.9145343333333334,0.0,0.0,0.451494,0.0,0.0,0.7503756666666667,0.158519,0.333333,0.4166665,0.0,0.5,0.0,0.45833325,0.0,0.083681,0.0,0.0,0.060277,0.0,0.0,0.083681,0.050982,0.060277,0.1000305,0.0,0.2320645,0.0,0.1660475,0.0,0.237712902081,0.0,0.0,0.027214703838,0.0,0.0,0.2083413130159999,0.008081615658,0.020092313241,0.089984313241,0.0,0.2320645,0.0,0.322048813241,0.0855728499999999,0.3422913999999999,0.55,3
2025-02-25,0.2470305,0.299725262338529,6,-0.228509,0.511987,0.386004,2.316024,0.3040715,0.0806989882830014,6,4,bullish,0.080983,0.102608644506777,0.095354761122,0.1454938333333333,0.1132214586212937,2.6666666666666665,0.2175895,0.1118135,0.1096297785714285,0.102608644506777,2.5714285714285716,0.1877068785714286,0.0354266964285714,0.1912447035714285,0.1455019982237944,2.142857142857143,0.2859572916666666,-0.0135340317582417,0.2102980073611111,0.1504722693515811,2.3,0.3076236713888888,-0.0033220511985539,54.051526988430496,-0.0179490534883547,-0.0147221433380262,0.4899319179097847,-0.0866335929097847,0.4877098420632653,-5.607275950660046,0.0,0.6553694999999999,0.0,0.0,0.0,0.0,0.0,0.3857036666666666,0.158519,0.0,0.5,0.0,0.5,0.0,0.75,0.0,0.007125,0.0,0.0,0.0,0.0,0.0,0.096424,0.018054,0.0,0.511987,0.0,0.007125,0.0,0.2470305,0.0,-0.1530252992269999,0.0,0.0,0.0,0.0,0.0,0.00181295471,0.002861902026,0.0,0.2559935,0.0,0.007125,0.0,1.2190645,0.1158982833333333,0.6953897,0.5333333333333333,4
2025-02-26,0.240665,0.1596612838438507,4,0.044054,0.39208,0.23527925,0.941117,0.26389675,0.0928156270907544,4,3,bullish,-0.0063655,0.0899708391685438,0.05662348070125,0.2179143333333333,0.0450306140040675,3.3333333333333335,0.27935275,0.03730875,0.1490102071428571,0.0899708391685438,2.857142857142857,0.2179363428571428,0.0288050732142857,0.1832750607142857,0.1389118360847574,2.2857142857142856,0.2798362380952381,-0.006814486043956,0.2108684594444444,0.1505566624729398,2.2666666666666666,0.3008036505555556,-0.0030347321505376,47.56892275573713,-0.0109855649118287,-0.0139748276024177,0.4482259193886645,-0.0686363543886645,-0.0257680731731507,-0.5134779152364161,0.0,0.999797,0.0,0.0,0.0,0.0,0.0,0.980922,0.0,0.0,0.4166666666666667,0.0,0.25,0.25,0.5625,0.0,0.112018,0.0,0.0,0.0,0.0,0.0,0.044054,0.0,0.0,0.306202,0.0,0.179982,0.179982,0.240665,0.0,0.223962927308,0.0,0.0,0.0,0.0,0.0,0.043213537788,0.0,0.0,0.4143075,0.0,0.0449955,0.0449955,0.4583615,0.1203325,0.48133,0.5,3
2025-02-27,0.422553,0.1940619687535402,5,0.162794,0.617121,0.6498366,3.249183,0.289686,0.1535657947949347,5,3,bullish,0.181888,0.1228906614505872,0.2745904048398,0.3034161666666667,0.1032246031238837,3.3333333333333335,0.4237066166666667,0.08776125,0.2036569571428571,0.1228906614505872,2.857142857142857,0.3034824285714285,0.0425440214285714,0.2065142321428571,0.1501638739299215,2.2857142857142856,0.3092991523809524,-0.0028154612087912,0.2205417038888888,0.1546063841047838,2.3,0.3182400816666666,-0.0022104929736744,57.32233257826776,0.0090628083126456,-0.0093673001709676,0.4792540294200336,-0.0780347444200335,0.7557725469012944,0.7815406200744451,0.0,0.259367,0.0,0.0,0.0,0.333333,0.0,0.5924845000000001,0.0,0.0,0.333333,0.0,0.5,0.5,0.6666666,0.0,0.2214885,0.0,0.0,0.0,0.162794,0.0,0.2214885,0.0,0.0,0.162794,0.0,0.484508,0.568159,0.422553,0.0,0.126732061431,0.0,0.0,0.0,0.054264612402,0.0,0.241453120837,0.0,0.0,0.054264612402,0.0,0.242254,0.2840795,1.477902112402,0.22430002,1.1215001,0.58,3
2025-02-28,0.2071179,0.1820824641983528,10,-0.066541,0.541599,0.3734096,3.734096,0.2490587999999999,0.1117237138229838,10,4,bullish,-0.2154351,0.1185181047717664,0.07733981219184,0.2901119666666666,0.1159173087265371,3.3333333333333335,0.4195084833333333,-0.0167735499999999,0.2147330857142857,0.1185181047717664,3.0,0.3176237642857143,0.0323331285714285,0.1868858678571428,0.1276715802760703,2.5,0.2825962666666667,0.0062809326373626,0.2174739005555555,0.15390426530691,2.4,0.3171549683333333,-0.0017549581868743,43.30527969048432,0.0075266674728144,-0.0059885064964638,0.4790432575188562,-0.0781976825188561,-0.5098416056684014,-1.2656141525696958,0.0,0.6254253333333334,0.0,0.0,0.0,0.0,0.5,0.53666,0.0,0.333333,0.333333,0.0,0.333333,0.0,0.7166666,0.0,0.2544166666666667,0.0,0.0,0.0,0.0,0.20374,0.2729242,0.0,0.086991,0.1244349999999999,0.0,0.161879,0.0,0.2071179,0.0,0.786350313114,0.0,0.0,0.0,0.0,0.30561,0.6989501905980001,0.0,0.028996971003,0.08295658371,0.0,0.053959612707,0.0,1.5996555837100002,0.10755411,1.0755411,0.52,4
2025-03-01,0.119151,0.1820824641983528,1,0.119151,0.119151,0.042953,0.042953,0.37238,0.1117237138229838,1,1,neutral,-0.0879668999999999,0.1239793884118069,0.005117892903,0.2496073,0.1560999847382119,2.6666666666666665,0.3553997333333333,-0.1517009999999999,0.2037097714285714,0.1239793884118069,2.7142857142857144,0.2791781357142857,0.0194609214285714,0.1779205821428571,0.1277090252439137,2.4285714285714284,0.2505251,0.0062504572527472,0.214873095,0.1549150592622052,2.3333333333333335,0.3115528572222222,-0.0025292907489803,46.70230893548849,-0.000762529285391,-0.0049433110181809,0.4791154187727483,-0.0792228437727482,-0.4247189644159196,0.0851226412524818,0.0,0.0,0.0,0.0,0.0,0.0,0.0,0.0,0.0,0.0,0.0,0.0,0.5,0.0,0.5,0.0,0.0,0.0,0.0,0.0,0.0,0.0,0.0,0.0,0.0,0.0,0.0,0.119151,0.0,0.119151,0.0,0.0,0.0,0.0,0.0,0.0,0.0,0.0,0.0,0.0,0.0,0.0,0.0595755,0.0,0.0595755,0.0595755,0.0595755,0.5,1
2025-03-02,0.0,0.1820824641983528,1,0.0,0.0,0.088799,0.088799,0.563268,0.1117237138229838,1,1,neutral,-0.119151,0.1298296356165189,0.0,0.1087563,0.1039494755454302,2.0,0.1683872,-0.10355895,0.2003664142857142,0.1298296356165189,2.7142857142857144,0.28472235,-0.0281231642857142,0.1710444535714285,0.1348363768422197,2.2857142857142856,0.2423281142857143,-0.0015249038461538,0.2084232838888889,0.1597872492435264,2.2333333333333334,0.3058580127777778,-0.0040630085168705,47.43128254264331,-0.0167311203083878,-0.0073008729413075,0.4740827076510253,-0.1037941326510253,-1.0,-0.5752810355840804,0.0,0.0,0.0,0.0,0.0,0.0,0.0,0.0,0.0,0.0,0.0,0.0,0.5,0.0,0.5,0.0,0.0,0.0,0.0,0.0,0.0,0.0,0.0,0.0,0.0,0.0,0.0,0.0,0.0,0.0,0.0,0.0,0.0,0.0,0.0,0.0,0.0,0.0,0.0,0.0,0.0,0.0,0.0,0.0,0.0,0.0,0.0,0.5,1
2025-03-03,0.1145261428571428,0.0877542677735743,7,0.037702,0.264023,0.2316044285714285,1.621231,0.2337178571428571,0.1094965911256732,7,4,neutral,0.1145261428571428,0.1335077793299471,0.0265247618729183,0.0778923809523809,0.0674964042280853,2.0,0.1211188095238095,-0.0023124285714285,0.1930062204081632,0.1335077793299471,2.857142857142857,0.2868408397959184,-0.0422230382653061,0.1543526780612245,0.1253477470130408,2.5,0.222112787755102,0.0027009426530612,0.205310783095238,0.1607045646901642,2.2333333333333334,0.303938527063492,-0.0046723973319561,43.270963046780885,-0.0199344759283668,-0.0098275935945234,0.4715355501467632,-0.0933916608610489,inf,inf,0.0,0.623559,0.0,0.0,0.0,0.333333,0.333333,0.57896075,0.0,0.0,0.5,0.0,0.0,0.5,0.547619,0.0,0.1144506666666666,0.0,0.0,0.0,0.069352,0.069352,0.07138525,0.0,0.0,0.064454,0.0,0.0,0.210492,0.1145261428571428,0.0,0.155868340794,0.0,0.0,0.0,0.0231173102159999,0.0231173102159999,0.172267748687,0.0,0.0,0.128908,0.0,0.0,0.105246,0.521294310216,0.0600255,0.4201785,0.5285714285714286,4
2025-03-04,0.0080623333333333,0.1475298165603595,3,-0.135271,0.159458,0.098966,0.296898,0.131746,0.2530008772968979,3,3,neutral,-0.1064638095238095,0.1472376832373478,0.0007978968806666,0.0408628253968254,0.0639215422149613,2.6666666666666665,0.1397898095238095,0.0040311666666666,0.1588679108843537,0.1472376832373478,2.7142857142857144,0.2458354112244898,-0.054320700510204,0.1342488447278911,0.1245700895120576,2.642857142857143,0.2167711448979592,0.0029771522082679,0.2006759008730158,0.1644036005516701,2.2333333333333334,0.2967944203968254,-0.006346360962445,42.11243355197676,-0.0306930365133145,-0.0140006822520137,0.45440780274968,-0.1106816801306323,-0.9296026816917244,-inf,0.0,0.999763,0.0,0.0,0.0,0.142857,0.142857,0.6257505,0.0,0.142857,0.3253966666666666,0.0,0.238095,0.142857,0.3253966666666666,0.0,-0.135271,0.0,0.0,0.0,0.159458,0.159458,0.0120934999999999,0.0,0.159458,0.0080623333333333,0.0,0.0120934999999999,0.159458,0.0080623333333333,0.0,-0.135238940773,0.0,0.0,0.0,0.022779691506,0.022779691506,0.0933960397229999,0.0,0.022779691506,-0.022310596737,0.0,-0.022310596737,0.022779691506,-0.022310596737,0.0040311666666666,0.0120934999999999,0.6333333333333333,3
2025-03-05,0.192403,0.1352110039062403,7,-0.01077,0.388352,0.4409135714285714,3.086395,0.2210147142857142,0.0515038972431999,7,4,bullish,0.1843406666666666,0.1438602938030071,0.0848330938835714,0.1049971587301587,0.0925390269056629,3.6666666666666665,0.2571613333333333,0.0389384285714286,0.1519733394557823,0.1438602938030071,2.857142857142857,0.2752117428571428,-0.0390423568027211,0.1504917732993197,0.1152835790356648,2.857142857142857,0.2465740428571428,-0.0009408668079539,0.2019727208730158,0.164171907840227,2.2666666666666666,0.2984388194444444,-0.0067250965914508,56.91614341735301,-0.0240935903986979,-0.0160192639098828,0.4570717338535875,-0.1038257712345399,22.864431306073524,23.794033987765246,0.0,0.7458432,0.0,0.0,0.451494,0.0,0.0,0.5260641666666667,0.0,0.5,0.0,0.0,0.5,0.0,0.7857142857142857,0.0,0.137588,0.0,0.0,0.186789,0.0,0.0,0.1597448333333333,0.0,0.1748915,0.0,0.0,0.388352,0.0,0.192403,0.0,0.5725345584549999,0.0,0.0,0.084334112766,0.0,0.0,0.475896973265,0.0,0.1748915,0.0,0.0,0.194176,0.0,0.9777535,0.1038027285714285,0.7266191,0.5571428571428572,4
2025-03-06,0.36382025,0.2965158202686381,4,0.0,0.631177,0.4533385,1.813354,0.33916375,0.1315813772673904,4,3,bullish,0.17141725,0.1260606168736232,0.164933726404625,0.1880951944444445,0.1779180758362682,3.3333333333333335,0.3310726904761905,0.1778789583333333,0.1435829465986395,0.1260606168736232,2.857142857142857,0.2471405857142857,0.0223097636904761,0.1736199518707483,0.1235971951355759,2.857142857142857,0.2753115071428572,0.0015124954945054,0.1917112625396825,0.1419137479155688,2.3333333333333335,0.2894906027777778,-0.0024416687833041,59.30240532045223,-0.0049973210068979,-0.013814875304359,0.428129207689594,-0.0866927200705464,0.8909281560058833,-21.97350315006764,0.0,0.999975,0.0,0.0,0.0,0.0,0.0,0.929393,0.0,0.0,0.5,0.0,0.0,0.0,0.875,0.0,0.0,0.0,0.0,0.0,0.0,0.0,0.0,0.0,0.0,0.0,0.0,0.0,0.0,0.36382025,0.0,0.0,0.0,0.0,0.0,0.0,0.0,0.0,0.0,0.0,0.0,0.0,0.0,0.0,1.455281,0.181910125,0.7276405,0.5,3
2025-03-07,0.1944215,0.0723062884932331,4,0.093953,0.261659,0.32808475,1.312339,0.1877805,0.0710015061506913,4,3,bullish,-0.16939875,0.125081649733294,0.063786729222125,0.2502149166666667,0.0983902810591362,3.3333333333333335,0.4074456071428571,0.00100925,0.141769175170068,0.125081649733294,2.7142857142857144,0.2406656071428571,0.0368331734693877,0.1782511304421768,0.1230337115774588,2.857142857142857,0.2791446857142857,0.0006551237310308,0.1965234458730158,0.139369548732703,2.4,0.2953965611111112,-0.0034011162254356,51.78100722224569,-0.003471373749211,-0.0117461749746154,0.4235507983049721,-0.0871386606859245,-0.4656111087824276,-1.356539264788311,0.0,0.896449,0.0,0.0,0.310843,0.0,0.0,0.5662843333333333,0.0,0.333333,0.333333,0.0,0.333333,0.0,0.6666665,0.0,0.144451,0.0,0.0,0.093953,0.0,0.0,0.1835203333333333,0.0,0.093953,0.144451,0.0,0.194949,0.0,0.1944215,0.0,0.256866305946,0.0,0.0,0.0292046323789999,0.0,0.0,0.293185326957,0.0,0.031317635349,0.096300570366,0.0,0.064982935017,0.0,0.5850845703659999,0.1019084,0.4076336,0.55,3
2025-03-08,0.175537,0.0808774594185549,2,0.118348,0.232726,0.1995585,0.399117,0.19296,0.2015607879772253,2,1,bullish,-0.0188845,0.1251978444040957,0.0350299004145,0.2445929166666667,0.1036847329426845,2.3333333333333335,0.3269939166666666,-0.094141625,0.1498243180272109,0.1251978444040957,2.7142857142857144,0.2630378214285714,0.0372199868197278,0.1767670447278911,0.1229243298429294,2.7142857142857144,0.2711079785714286,0.0011730629565672,0.1864495925396825,0.1288675316180732,2.3333333333333335,0.2835299377777777,-0.0015970012426505,49.41386003921662,-0.0037405608492644,-0.0101450521379579,0.4252635642745179,-0.0809243066554703,-0.0971317472604624,0.3684793615219651,0.0,0.680098,0.0,0.0,0.0,0.2,0.0,0.9924645,0.0,0.2,0.0,0.360215,0.2,0.35,0.35,0.0,0.175537,0.0,0.0,0.0,0.232726,0.0,0.175537,0.0,0.232726,0.0,0.118348,0.232726,0.175537,0.175537,0.0,0.2021771474779999,0.0,0.0,0.0,0.0465452,0.0,0.348596102832,0.0,0.0465452,0.0,0.04263072482,0.0465452,0.1057192,0.1057192,0.1228758999999999,0.2457517999999999,0.7,1
2025-03-09,0.1516465,0.0418854701835851,2,0.122029,0.181264,0.1896925,0.379385,0.248067,0.053305951806529,2,1,bullish,-0.0238904999999999,0.106706574504647,0.02876620370125,0.1738683333333334,0.0214362658264758,1.6666666666666667,0.2391119166666666,-0.0213874999999999,0.1714881037414966,0.106706574504647,2.7142857142857144,0.2774511785714285,0.0160117465986394,0.1859272590136054,0.1151490715519576,2.7142857142857144,0.2810867642857143,-0.0046006079277865,0.1846292825396825,0.1289637671644569,2.2666666666666666,0.2758818677777778,-0.0016849427893426,53.949936723495135,-0.0058120637246625,-0.0092784544502815,0.4015362462622824,-0.0768534386432348,-0.1360995117838404,-0.0389677645233779,0.0,0.999174,0.0,0.0,0.0,0.0,0.5,0.4795495,0.0,0.0,0.0,0.795202,0.0,0.0,0.75,0.0,0.122029,0.0,0.0,0.0,0.0,0.181264,0.1516465,0.0,0.0,0.0,0.181264,0.0,0.0,0.1516465,0.0,0.121928204046,0.0,0.0,0.0,0.0,0.090632,0.141535059236,0.0,0.0,0.0,0.144141495328,0.0,0.0,0.212661,0.1061525499999999,0.2123050999999999,0.7,1
2025-03-10,0.3652485,0.5165393823364294,2,0.0,0.730497,0.454637,0.909274,0.293823,0.2532913058752708,2,2,bullish,0.2136019999999999,0.1249239378684585,0.1660554822944999,0.2308106666666667,0.1170377600224958,1.3333333333333333,0.281296,0.09485575,0.2073055833333333,0.1249239378684585,2.4285714285714284,0.3093129744897959,0.0286343660714285,0.2001559018707483,0.1244364390099768,2.642857142857143,0.2980769071428572,-0.0001325205703819,0.1897757325396825,0.1330619351548943,2.2,0.2862627594444445,-0.0003387904984374,55.87851790086982,0.0096495779322997,-0.0054928479562315,0.4159610093580782,-0.0837049517390306,1.4085521261618297,1.54465163794567,0.0,0.0,0.0,0.0,0.0,0.0,0.0,0.5351425,0.0,0.0,0.0,0.0,0.0,0.0,1.0,0.0,0.0,0.0,0.0,0.0,0.0,0.0,0.3652485,0.0,0.0,0.0,0.0,0.0,0.0,0.3652485,0.0,0.0,0.0,0.0,0.0,0.0,0.0,0.0790244349629999,0.0,0.0,0.0,0.0,0.0,0.0,0.730497,0.18262425,0.3652485,0.6,2
2025-03-11,0.1647454285714285,0.147489033782015,7,0.0,0.37403,0.4647184285714286,3.253029,0.1747532857142857,0.1303938897350565,7,3,bullish,-0.2005030714285714,0.0933116203902404,0.0765602366800408,0.2272134761904762,0.1197211189849213,2.0,0.3696826428571428,0.0065494642857142,0.2296888826530612,0.0933116203902404,2.4285714285714284,0.3615633214285714,-0.0043889719387755,0.1942783967687074,0.123994602344571,2.5714285714285716,0.3036993663265306,0.0004010680429094,0.1909778801587301,0.1326532261761784,2.2666666666666666,0.2976145737301587,-0.0009216193135229,47.73173542471761,0.0056770528918318,-0.0032588677783412,0.4073743720333521,-0.0551439715571616,-0.5489497463468609,-1.9575018725086903,0.0,0.6349138571428571,0.0,0.158519,0.0,0.0,0.5,0.7323946,0.0,0.5,0.5,0.0,0.5,0.0,0.7142857142857143,0.0,0.1647454285714285,0.0,0.085753,0.0,0.0,0.22234,0.2041609999999999,0.0,0.079365,0.053048,0.0,0.085753,0.0,0.1647454285714285,0.0,0.686543983377,0.0,0.0135934798069999,0.0,0.0,0.11117,0.696344577859,0.0,0.0396825,0.026524,0.0,0.0428765,0.0,0.932965,0.093565,0.654955,0.5571428571428572,3
2025-03-12,0.166527,0.1191996385548211,6,-0.02809,0.29914,0.2357971666666666,1.414783,0.1888833333333333,0.1377405319645116,6,3,bullish,0.0017815714285714,0.095521275895207,0.0392665947734999,0.2321736428571429,0.1152496494653352,2.6666666666666665,0.3850508650793651,-0.0993607499999999,0.2259923112244898,0.095521275895207,2.2857142857142856,0.3322609778911564,-0.0164828711734694,0.188982825340136,0.1234430476985403,2.5714285714285716,0.3037363603741497,0.0011373996703296,0.1866607801587301,0.1312158198484068,2.3333333333333335,0.2907440792857143,-0.0003548005837173,47.95113913928178,0.0026419806906883,-0.0020786980810369,0.4047749030618077,-0.0398943775856172,0.0108140871890658,0.5597638335359267,0.0,0.910191,0.0,0.0,0.0,0.0,0.0,0.2939843333333333,0.0,0.0,0.333333,0.0,0.333333,0.0,0.8888888333333332,0.0,0.116222,0.0,0.0,0.0,0.0,0.0,0.2428273333333333,0.0,0.0,0.077616,0.0,0.077616,0.0,0.166527,0.0,0.324781351508,0.0,0.0,0.0,0.0,0.0,0.222931141446,0.0,0.0,0.025871974128,0.0,0.025871974128,0.0,0.947417974128,0.0832635,0.499581,0.5,3
2025-03-13,0.3476755,0.2178097170628528,4,0.159509,0.651143,0.43844975,1.753799,0.24699625,0.1433048684596933,4,3,bullish,0.1811485,0.0917595648777098,0.152438236056125,0.2263159761904762,0.105104205499326,3.0,0.379655115079365,0.0914650357142857,0.2236859183673469,0.0917595648777098,2.2857142857142856,0.3301340136054422,0.0162443188775509,0.1836344324829932,0.1137893744330539,2.5714285714285716,0.288637299659864,0.0133715917373103,0.1970508634920635,0.1312132336605895,2.4,0.2976480042857143,-0.0003552220096403,47.92985634976232,0.0146703573020271,0.0012711130035196,0.425921258418296,-0.0392316829421054,1.0878025785608338,1.076988491371768,0.0,0.4997325,0.0,0.0,0.310843,0.0,0.0,0.7486296666666666,0.0,0.0,0.5,0.0,0.5,0.5,0.5,0.0,0.4386135,0.0,0.0,0.226084,0.0,0.0,0.4103976666666666,0.0,0.0,0.5025545,0.0,0.226084,0.159509,0.3476755,0.0,0.604812180934,0.0,0.0,0.070276628812,0.0,0.0,1.051573440732,0.0,0.0,0.5025545,0.0,0.113042,0.0797545,0.695351,0.2176991,0.8707964,0.6,3
2025-03-14,0.247793,0.2178097170628528,1,0.247793,0.247793,0.303175,0.303175,0.344404,0.1433048684596933,1,1,bullish,-0.0998825,0.0911379180875466,0.075124642775,0.2539985000000001,0.0907335436084692,2.3333333333333335,0.3258073055555555,0.040633,0.2313104183673469,0.0911379180875466,2.0,0.3265754778911565,0.0146465892857142,0.1865397967687075,0.1149484684197524,2.357142857142857,0.2836205425170068,0.015978873914181,0.1935692968253968,0.1283070032055476,2.4,0.2970547042857143,0.0010424165199427,51.20130328502336,0.0159664075405235,0.0042101719164962,0.429769515503844,-0.0379320600276535,-0.2872865646270732,-1.375089143187907,0.0,0.360215,0.0,0.0,0.0,0.0,0.0,0.0,0.0,0.0,0.0,0.0,0.0,0.0,1.0,0.0,0.247793,0.0,0.0,0.0,0.0,0.0,0.0,0.0,0.0,0.0,0.0,0.0,0.0,0.247793,0.0,0.089258755495,0.0,0.0,0.0,0.0,0.0,0.0,0.0,0.0,0.0,0.0,0.0,0.0,0.247793,0.1238965,0.1238965,0.5,1
2025-03-15,0.194407,0.1835521924739663,2,0.064616,0.324198,0.3264065,0.652813,0.2676865,0.188027471292096,2,2,bullish,-0.053386,0.0894772230256011,0.0634557084455,0.2632918333333334,0.0778008267892014,2.0,0.3560104166666666,-0.07663425,0.2340061326530612,0.0894772230256011,2.142857142857143,0.3446966207482993,0.0027250204081632,0.191915225340136,0.1133025442041676,2.4285714285714284,0.3038672210884354,0.0139820424646781,0.1968093768253968,0.1270103889962291,2.3666666666666667,0.300023060952381,0.0003832369405159,52.26896638985785,0.0125447245867466,0.0058770824530762,0.4238162977784768,-0.0148784923022864,-0.2154459569075801,0.071840607719493,0.0,0.614606,0.0,0.0,0.158519,0.333333,0.0,0.5672015,0.0,0.0,0.0,0.0,0.333333,0.0,0.6666665,0.0,0.324198,0.0,0.0,0.324198,0.324198,0.0,0.194407,0.0,0.0,0.0,0.0,0.324198,0.0,0.194407,0.0,0.1992540359879999,0.0,0.0,0.0513915427619999,0.1080658919339999,0.0,0.3258105322399999,0.0,0.0,0.0,0.0,0.1080658919339999,0.0,0.172681891934,0.1296233,0.2592466,0.6,2
2025-03-16,0.193844,0.1405819529633871,3,0.097562,0.355169,0.2364003333333333,0.709201,0.2512963333333333,0.0427551180834918,3,1,bullish,-0.000563,0.0842739114222313,0.0458247862146666,0.2120146666666667,0.0309862242671371,1.3333333333333333,0.2886606111111111,-0.0269745,0.2400343469387755,0.0842739114222313,2.142857142857143,0.3513691683673469,-0.0133437270408163,0.205761225340136,0.0989853785749417,2.4285714285714284,0.3144101734693877,0.007710274751439,0.1872070101587301,0.1150374664908147,2.3666666666666667,0.2829947387301587,0.0023303511541924,56.2945018089763,0.0096760917056157,0.0066368843045066,0.4245323036098062,-0.0128148481336157,-0.002895986255639,0.2125499706519411,0.0,0.4649645,0.0,0.0,0.0,0.5,0.333333,0.9986736666666666,0.0,0.0,0.0,0.0,0.0,0.333333,0.6111110000000001,0.0,0.1131814999999999,0.0,0.0,0.0,0.097562,0.355169,0.193844,0.0,0.0,0.0,0.0,0.0,0.355169,0.193844,0.0,0.114823810088,0.0,0.0,0.0,0.048781,0.118389548277,0.5810195632990001,0.0,0.0,0.0,0.0,0.0,0.118389548277,0.295971548277,0.1356908,0.4070724,0.6999999999999998,1
2025-03-17,0.0969562,0.092293008604119,5,0.024321,0.256505,0.1116572,0.5582860000000001,0.2323093999999999,0.0370671439458181,5,3,neutral,-0.0968877999999999,0.0786578661252334,0.01082585781464,0.1617357333333333,0.0561014277573514,2.0,0.2248213444444444,-0.0487254,0.201706875510204,0.0786578661252334,2.2857142857142856,0.3023720540816326,-0.0107857923469388,0.2045062294217687,0.1003332946840894,2.357142857142857,0.3058425142857142,0.001593809769754,0.1822833834920635,0.115652790021545,2.4,0.2703183342857143,0.0021443498617511,49.42285767527629,-0.0004050213866029,0.0052285031649167,0.4213370330975429,-0.0246270076213524,-0.4998235694682321,-0.4969275832125931,0.0,0.3050065,0.0,0.0,0.0,0.25,0.375,0.74661575,0.0,0.25,0.0,0.0,0.0,0.0,0.75,0.0,0.16208,0.0,0.0,0.0,0.067655,0.16208,0.099089,0.0,0.067655,0.0,0.0,0.0,0.0,0.0969562,0.0,0.0712067426649999,0.0,0.0,0.0,0.01691375,0.14516625,0.298267799333,0.0,0.01691375,0.0,0.0,0.0,0.0,0.30578725,0.0484781,0.2423905,0.5,3
2025-03-18,0.3165832,0.18178002200083,10,0.061867,0.619581,0.4443947,4.443947,0.2614827,0.1278930198747288,10,3,bullish,0.219627,0.0872345984071386,0.1406878961890399,0.2024611333333334,0.1100667798312157,2.3333333333333335,0.2641507444444444,0.0613696,0.2233979857142857,0.0872345984071386,2.2857142857142856,0.2994686642857142,-0.0037578214285714,0.2265434341836734,0.0868420829391233,2.357142857142857,0.3305159928571428,-0.0016801634693877,0.1896272968253968,0.1169896682007737,2.4,0.2783462642857143,0.0024175755770962,59.43308241308313,0.0092097191740088,0.0060247463673538,0.430681354779815,-0.0263795093036245,2.265218727631652,2.7650422970998845,0.0,0.7760018000000001,0.0,0.0,0.158519,0.4444443333333334,0.3888886666666666,0.5895136,0.0,0.0,0.333333,0.158519,0.5,0.5,0.6166666000000001,0.0,0.2558818,0.0,0.0,0.160674,0.2555423333333333,0.3743066666666667,0.3165832,0.0,0.0,0.441472,0.160674,0.269127,0.160674,0.3165832,0.0,0.872642327046,0.0,0.0,0.025469881806,0.373002312711,0.477569998887,1.730312391908,0.0,0.0,0.147157186176,0.025469881806,0.1345635,0.080337,1.953201498887,0.16688762,1.6688762,0.54,3
2025-03-19,0.3359477142857142,0.1751298316989563,7,0.166597,0.628956,0.4104682857142857,2.873278,0.3361048571428571,0.1110012163092948,7,3,bullish,0.0193645142857142,0.0921881235194194,0.1378958823724898,0.2498290380952381,0.13274533729608,3.0,0.3221733952380952,0.1194957571428571,0.2476009448979592,0.0921881235194194,2.2857142857142856,0.324421681292517,0.0001766515306122,0.2367966280612244,0.0908811782461877,2.2857142857142856,0.3283413295918367,0.0003201642857142,0.1892185206349206,0.1164365673424154,2.466666666666667,0.2748745738095238,0.0044552589819376,54.881354358549515,0.0181813990643368,0.0084560769082619,0.4115709969537927,-0.0159296800490308,0.0611672201358575,-2.2040515074957945,0.0,0.374184,0.0,0.0,0.0,0.5,0.5,0.3380925999999999,0.0,0.0,0.5,0.0,0.0,0.5,0.7142857142857143,0.0,0.356342,0.0,0.0,0.0,0.282546,0.248288,0.3729158,0.0,0.0,0.538192,0.0,0.0,0.265522,0.3359477142857142,0.0,0.3842981015,0.0,0.0,0.0,0.141273,0.124144,0.517684235043,0.0,0.0,0.269096,0.0,0.0,0.132761,1.68436,0.1679738571428571,1.175817,0.5,3
2025-03-20,0.126614,0.0432466507373692,2,0.096034,0.157194,0.4157505,0.831501,0.251636,0.2372682662135836,2,2,neutral,-0.2093337142857142,0.0900311570371976,0.052639833807,0.2597149714285715,0.1156747489722905,2.6666666666666665,0.4235378285714286,-0.0949845999999999,0.2160207306122449,0.0900311570371976,2.142857142857143,0.321178931292517,0.0015101295918367,0.2198533244897959,0.087423903070764,2.2142857142857144,0.3256564724489796,0.0013596811302982,0.1837884539682539,0.1153916756002051,2.5,0.2829412904761905,0.004743065603051,42.13639277624428,0.0083138322975606,0.0084276279861075,0.4098284238307612,-0.0222374969259993,-0.6231139709665704,-0.6842811911024279,0.0,0.714479,0.0,0.0,0.0,0.0,0.0,0.459462,0.0,0.0,0.0,0.0,0.0,0.0,1.0,0.0,0.096034,0.0,0.0,0.0,0.0,0.0,0.096034,0.0,0.0,0.0,0.0,0.0,0.0,0.126614,0.0,0.0686142762859999,0.0,0.0,0.0,0.0,0.0,0.0441239737079999,0.0,0.0,0.0,0.0,0.0,0.0,0.253228,0.0729103999999999,0.1458207999999999,0.6,2
2025-03-21,0.2319244999999999,0.2327024777274621,2,0.067379,0.39647,0.1242855,0.248571,0.257045,0.2007645857416093,2,1,bullish,0.1053104999999999,0.0892945831199504,0.0288248524447499,0.2314954047619048,0.10466751681494,2.0,0.3168347619047619,-0.0520116071428571,0.2137538020408163,0.0892945831199504,2.142857142857143,0.2956232884353741,0.007753000510204,0.2225321102040816,0.0871588637296278,2.0714285714285716,0.3110993831632652,0.0008661600627943,0.1926858706349206,0.1079937052642303,2.5,0.2862950404761905,0.0035447486424069,51.29843181174706,0.0088845030310797,0.0085190029951383,0.41313820054988,-0.014269923645118,0.8317445148245848,1.454858485791155,0.0,0.5511105000000001,0.0,0.0,0.0,0.0,0.25,1.0,0.0,0.0,0.25,0.0,0.25,0.0,0.625,0.0,0.2319244999999999,0.0,0.0,0.0,0.0,0.067379,0.067379,0.0,0.0,0.067379,0.0,0.067379,0.0,0.2319244999999999,0.0,0.288414947916,0.0,0.0,0.0,0.0,0.01684475,0.067379,0.0,0.0,0.01684475,0.0,0.01684475,0.0,0.41331475,0.1159622499999999,0.2319244999999999,0.5,1
2025-03-24,0.2231356,0.1544172343872276,5,0.065962,0.421633,0.3060124,1.530062,0.19613,0.1649169803006955,5,3,bullish,-0.0087888999999999,0.0889165809380562,0.06828226048144,0.1938913666666667,0.0584293953417568,2.0,0.2820161333333333,0.0482607999999999,0.217857887755102,0.0889165809380562,2.2857142857142856,0.2927098455782312,0.0059943642857142,0.2259320102040816,0.0861066740837817,2.2142857142857144,0.3187032331632653,-0.0006658867189952,0.1987895323015873,0.1041750853691018,2.5,0.2947949871428571,0.0026883700911065,51.65956383666184,0.0085295872978704,0.0085211198556854,0.4026589344453441,0.0185229024594177,-0.0378955220341101,-0.869640036858695,0.0,0.9829446666666666,0.0,0.0,0.158519,0.0,0.25,0.5383872000000001,0.0,0.0,0.25,0.0,0.25,0.0,0.85,0.0,0.209361,0.0,0.0,0.139652,0.0,0.065962,0.2231356,0.0,0.0,0.065962,0.0,0.065962,0.0,0.2231356,0.0,0.61582903804,0.0,0.0,0.0442749907759999,0.0,0.0164905,0.394933864064,0.0,0.0,0.0164905,0.0,0.0164905,0.0,1.0662065,0.1115678,0.557839,0.5,3
2025-03-25,0.1616583333333333,0.1291522645680929,6,0.059242,0.371272,0.1839261666666667,1.103557,0.2218636666666666,0.1228660731034677,6,3,bullish,-0.0614772666666666,0.0911689687189776,0.0297331975597222,0.2055728111111111,0.0382840986530138,2.3333333333333335,0.2047413555555556,-0.0351330833333333,0.2132599353741496,0.0911689687189776,2.5714285714285716,0.2852135360544218,-0.0034575719387755,0.2266471411564625,0.0854815679292306,2.357142857142857,0.3182913522108843,-0.0049512503506017,0.1998586434126984,0.1036033837529602,2.5,0.2917785176984127,0.001971541332168,50.34015527518781,0.0032523774244202,0.007467371369164,0.4011707816169627,0.0247242743354182,-0.2755152771080306,-0.2376197550739204,0.0,0.90060425,0.0,0.0,0.0,0.2,0.2166666666666666,0.762316,0.0,0.2166666666666666,0.35,0.0,0.2875,0.5,0.3583333333333333,0.0,0.20229125,0.0,0.0,0.0,0.101543,0.0793,0.1391977999999999,0.0,0.0793,0.2241935,0.0,0.08117925,0.273961,0.1616583333333333,0.0,0.708362056177,0.0,0.0,0.0,0.0203086,0.0505421,0.384063131147,0.0,0.0505421,0.201059,0.0,0.0939506,0.1369805,0.4165671,0.0932049,0.5592294,0.5333333333333333,3
2025-03-26,0.125153,0.1586507200677009,2,0.01297,0.237336,0.150279,0.300558,0.283674,0.0875030499582729,2,2,neutral,-0.0365053333333333,0.0856284399891419,0.0188078676869999,0.1699823111111111,0.0495188239987955,2.6666666666666665,0.2134058555555555,-0.0489912999999999,0.2172880496598639,0.0856284399891419,2.4285714285714284,0.2907309360544218,-0.0295124200680272,0.209497462585034,0.079404244842782,2.357142857142857,0.2965514950680272,-0.0032818073888016,0.1974866034126984,0.1044981018624151,2.466666666666667,0.2863854043650793,0.0014651250018539,40.72675036543313,-0.0038301094492402,0.0052078752050229,0.3863398921987143,0.0512642304203333,-0.2258178256611165,0.049697451446914,0.0,0.544068,0.0,0.0,0.0,0.0,0.0,0.214378,0.158519,0.0,0.4166665,0.0,0.333333,0.0,0.4166665,0.0,0.125153,0.0,0.0,0.0,0.0,0.0,0.237336,0.01297,0.0,0.125153,0.0,0.01297,0.0,0.125153,0.0,0.085175669636,0.0,0.0,0.0,0.0,0.0,0.050879617008,0.00205599143,0.0,0.12299132901,0.0,0.00432332901,0.0,0.12299132901,0.0638735,0.127747,0.6,2
2025-03-27,0.10794875,0.0946029123490216,4,-0.027,0.192556,0.3073325,1.22933,0.20472475,0.147066407656258,4,4,neutral,-0.0172042499999999,0.0815174833899048,0.033176159209375,0.1315866944444445,0.0274267051177025,3.0,0.2138458888888889,-0.0268547916666666,0.1874831282312925,0.0815174833899048,2.5714285714285716,0.2711506217687075,-0.0270423235544217,0.2054405569727891,0.0832255605166105,2.4285714285714284,0.2853096430272109,-0.0076585409576138,0.2003047784126984,0.1007129040943855,2.566666666666667,0.2949635043650794,-0.0003131116955347,47.44449385707107,-0.0107072696241022,0.0020248462386791,0.3890332714690285,0.040125426150019,-0.1374657419318752,0.0883520837292413,0.0,0.45155875,0.0,0.0,0.0,0.5,0.4166665,0.5791725,0.0,0.0,0.4166665,0.0,0.0,0.0,0.45833325,0.0,0.10794875,0.0,0.0,0.0,0.122813,0.082778,0.10794875,0.0,0.0,0.058213,0.0,0.0,0.0,0.10794875,0.0,0.206911964479,0.0,0.0,0.0,0.0614065,0.087278009,0.212961305774,0.0,0.0,0.062713009,0.0,0.0,0.0,0.220397509,0.060115025,0.2404601,0.55,4
2025-03-28,-0.061515,0.0869953472893809,2,-0.12303,0.0,0.0694545,0.138909,0.172758,0.1095973084432277,2,2,neutral,-0.16946375,0.0976907093026921,-0.0042724935675,0.0571955833333334,0.1031656362410508,2.6666666666666665,0.1756886666666667,-0.093334,0.1307027404761904,0.0976907093026921,2.4285714285714284,0.2224343666666666,-0.0325114678571428,0.1891518426870748,0.1095729172399635,2.357142857142857,0.2734280239795918,-0.0165687071009942,0.1927193617460317,0.1113861660057327,2.533333333333333,0.290052821031746,-0.0022385286487631,41.08474752566885,-0.029486887807824,-0.0042775005714431,0.3930345256390782,-0.0064093530200305,-1.569853750043423,-1.432388008111548,0.0,0.4784245,0.0,0.0,0.0,0.0,0.0,0.9776665,0.0,0.0,0.0,0.0,0.0,0.0,1.0,0.0,-0.061515,0.0,0.0,0.0,0.0,0.0,-0.061515,0.0,0.0,0.0,0.0,0.0,0.0,-0.061515,0.0,-0.09783370206,0.0,0.0,0.0,0.0,0.0,-0.12302704728,0.0,0.0,0.0,0.0,0.0,0.0,-0.12303,-0.0430604999999999,-0.0861209999999999,0.6,2
2025-03-30,0.045436,0.0869953472893809,1,0.045436,0.045436,0.31482,0.31482,0.092169,0.1095973084432277,1,1,neutral,0.1069509999999999,0.1029345566108131,0.0143041615199999,0.03062325,0.0856974551135416,2.3333333333333335,0.2305356666666667,-0.0312563749999999,0.1191058833333333,0.1029345566108131,2.2857142857142856,0.2080157238095238,-0.0422312958333333,0.1675633069727891,0.1056410831264046,2.2142857142857144,0.2645973275510204,-0.0154488193982208,0.1859995450793651,0.1140458879474587,2.433333333333333,0.287680021031746,-0.002814184311669,37.456292933562835,-0.0353353039952146,-0.0104890612568452,0.3962406530521895,-0.0245140304331418,-1.7386165975778265,-0.1687628475344031,0.0,0.928769,0.0,0.0,0.310843,0.0,0.25,0.623304,0.0,0.0,0.25,0.158519,0.0,0.25,0.25,0.0,0.045436,0.0,0.0,0.045436,0.0,0.045436,0.045436,0.0,0.0,0.045436,0.045436,0.0,0.045436,0.045436,0.0,0.0421995482839999,0.0,0.0,0.0141234625479999,0.0,0.011359,0.0283204405439999,0.0,0.0,0.011359,0.0072024692839999,0.0,0.011359,0.011359,0.0318052,0.0318052,0.7,1
2025-03-31,0.2234226666666666,0.2642231436696389,6,-0.010024,0.73661,0.3940828333333333,2.364497,0.3024661666666666,0.0881260426330756,6,3,bullish,0.1779866666666666,0.1014205459173082,0.0880470375108888,0.0691145555555556,0.1439370486228589,2.0,0.2594524444444444,0.1424688333333333,0.1178913357142857,0.1014205459173082,2.5714285714285716,0.2465581999999999,-0.0149375523809524,0.165822568877551,0.1044110006833577,2.357142857142857,0.2710907442176871,-0.0112079027577184,0.1854248006349206,0.1138040876040579,2.433333333333333,0.2929734738095238,-0.0021957416801737,49.0501485316715,-0.0253207155274098,-0.0134553921112056,0.3992292284207565,-0.0227140391350422,3.9173049270769145,5.655921524654741,0.0,0.62391175,0.0,0.0,0.0,0.0,0.5,0.6033295000000001,0.0,0.0,0.5,0.0,0.0,0.0,0.8333333333333334,0.0,0.12654675,0.0,0.0,0.0,0.0,0.236193,0.2692365,0.0,0.0,0.097739,0.0,0.0,0.0,0.2234226666666666,0.0,0.215745220252,0.0,0.0,0.0,0.0,0.1180965,0.5095844929140001,0.0,0.0,0.0488695,0.0,0.0,0.0,1.17357,0.1113772,0.6682632,0.5333333333333333,3
2025-04-01,0.13608725,0.0946348641934708,4,0.045231,0.240142,0.2594895,1.0379580000000002,0.24277175,0.0729941874324022,4,2,neutral,-0.0873354166666666,0.0911857180388258,0.035313212458875,0.1349819722222222,0.0889984809252512,2.0,0.3227974444444445,0.045325625,0.1054558571428571,0.0911857180388258,2.4285714285714284,0.2399120714285714,0.0020469047619047,0.1616568724489795,0.1043462132813228,2.357142857142857,0.2663109585034013,-0.0111151394139194,0.1758759423015873,0.1048905390708771,2.4,0.2799619038095238,-0.0008786815662905,47.78554870394619,-0.0241509147392256,-0.0155944966369524,0.3991333522295415,-0.0241740879438272,-0.3908977453794602,-4.308202672456375,0.0,0.6879853333333333,0.0,0.0,0.310843,0.333333,0.25,0.7722076666666666,0.0,0.25,0.0,0.158519,0.361111,0.0,0.52083325,0.0,0.117607,0.0,0.0,0.1183795,0.191528,0.067448,0.1663726666666666,0.0,0.067448,0.0,0.191528,0.1014023333333333,0.0,0.13608725,0.0,0.290838366619,0.0,0.0,0.073594877837,0.063842602824,0.016862,0.335015487708,0.0,0.016862,0.0,0.030360827032,0.103320102824,0.0,0.343462102824,0.077620025,0.3104801,0.55,2
2025-04-02,0.1983773333333333,0.0936499701085554,3,0.09024,0.25268,0.2764026666666667,0.8292080000000001,0.269224,0.1732668883312677,3,2,bullish,0.0622900833333333,0.0958923713647476,0.0548320239395555,0.1859624166666667,0.0449718397218221,2.3333333333333335,0.3099916666666667,-0.0125226666666666,0.1107014285714285,0.0958923713647476,2.2857142857142856,0.253123,0.0200317023809523,0.1619806819727891,0.1044607515809104,2.4285714285714284,0.2691682680272109,-0.0090048692935635,0.175584590079365,0.1048128770229164,2.3333333333333335,0.2767283393650793,-0.0005180495243392,50.16442681136539,-0.0179914838025345,-0.0160738940700944,0.3737541083634844,-0.0154819607444368,0.4577216699825541,0.8486194153620144,0.0,0.666731,0.0,0.0,0.158519,0.0,0.0,0.419971,0.0,0.0,0.0,0.1864485,0.0,0.0,1.0,0.0,0.1983773333333333,0.0,0.0,0.09024,0.0,0.0,0.1983773333333333,0.0,0.0,0.0,0.17146,0.0,0.0,0.1983773333333333,0.0,0.35005199554,0.0,0.0,0.0143047545599999,0.0,0.0,0.205687124944,0.0,0.0,0.0,0.0684737876,0.0,0.0,0.595132,0.1052046666666666,0.315614,0.5666666666666667,2
2025-04-03,0.43899,0.1110779900430324,2,0.360446,0.517534,0.402224,0.804448,0.358396,0.0343908454097889,2,1,bullish,0.2406126666666666,0.1574092840895152,0.17657231376,0.2578181944444445,0.1599607169482977,1.6666666666666667,0.3127053888888889,0.151451375,0.1555352857142857,0.1574092840895152,2.142857142857143,0.2891151428571428,0.057269988095238,0.1864116676870748,0.1258834589877909,2.2857142857142856,0.2899230394557823,-0.0032339815907901,0.186245890079365,0.1146770873997671,2.3333333333333335,0.2887040393650794,0.000792143044123,61.23447401547614,0.006228749644579,-0.0116133653269692,0.4192472609349807,-0.033550656173076,1.2129040280139534,0.7551823580313992,0.0,0.9998175,0.0,0.0,0.0,0.0,0.0,0.452403,0.0,0.0,0.0,0.0,0.0,0.0,1.0,0.0,0.43899,0.0,0.0,0.0,0.0,0.0,0.43899,0.0,0.0,0.0,0.0,0.0,0.0,0.43899,0.0,0.877841054074,0.0,0.0,0.0,0.0,0.0,0.343127326228,0.0,0.0,0.0,0.0,0.0,0.0,0.87798,0.219495,0.43899,0.5,1
2025-04-04,0.302291,0.2327555348149642,3,0.050109,0.50887,0.43173,1.29519,0.265104,0.0273398486279642,3,2,bullish,-0.1366989999999999,0.1645920709962169,0.13050809343,0.3132194444444445,0.1206780303683838,1.6666666666666667,0.3701188888888889,0.0519568333333334,0.1832984642857142,0.1645920709962169,1.8571428571428572,0.3068862142857143,0.0661957380952381,0.1853907962585033,0.1247998981574608,2.2142857142857144,0.2890184180272109,0.0043682256724228,0.1963222567460317,0.1109686407814085,2.3666666666666667,0.3001350726984127,0.0002563667583028,49.50350965748141,0.0142313977291299,-0.0064444127155727,0.4308036189558898,-0.0315306141939851,-0.3113943370008427,-1.524298365014796,0.0,0.108179,0.0,0.0,0.158519,0.25,0.5,0.6970086666666667,0.0,0.25,0.25,0.0,0.0,0.0,0.5833333333333334,0.0,0.347894,0.0,0.0,0.050109,0.050109,0.347894,0.302291,0.0,0.050109,0.050109,0.0,0.0,0.0,0.302291,0.0,0.037634825026,0.0,0.0,0.0079432285709999,0.01252725,0.173947,0.455695855706,0.0,0.01252725,0.01252725,0.0,0.0,0.0,0.69534425,0.1511455,0.4534365,0.5,2
2025-04-06,0.338225,0.1611324638054045,3,0.152391,0.439077,0.4476386666666667,1.342916,0.2557609999999999,0.0770912584149461,3,3,bullish,0.0359339999999999,0.131519618278813,0.1514025880333333,0.3598353333333334,0.0708654290210206,2.0,0.4271975555555556,-0.0503824999999999,0.2404041785714285,0.131519618278813,2.0,0.3609125238095238,0.0478216577380952,0.1855534595238095,0.1250125308728868,2.2142857142857144,0.2916734452380952,0.013698332087912,0.2037788853174603,0.112783723892302,2.3333333333333335,0.3073362139682539,0.0006077571974151,50.07820926475687,0.0232049992126129,-0.0005145303297734,0.4290922871418776,-0.0307643323799728,0.1188722125369261,0.4302665495377689,0.0,0.769861,0.0,0.0,0.0,0.0,0.0,0.518786,0.0,0.0,0.4444443333333334,0.0,0.0,0.333333,0.4444443333333334,0.0,0.152391,0.0,0.0,0.0,0.0,0.0,0.287799,0.0,0.0,0.338225,0.0,0.0,0.152391,0.338225,0.0,0.117319887651,0.0,0.0,0.0,0.0,0.0,0.187413238716,0.0,0.0,0.4819389492029999,0.0,0.0,0.050796949203,0.4819389492029999,0.1792719,0.5378157,0.5666666666666667,3
2025-04-07,0.2524252857142857,0.1366984626610876,7,0.076707,0.450956,0.4906745714285714,3.434722,0.2409384285714285,0.1180731484615323,7,4,bullish,-0.0857997142857142,0.0998296250765039,0.1238586688855918,0.2976470952380953,0.0430879580794422,3.0,0.4566810793650793,-0.0249328571428571,0.2699740765306123,0.0998296250765039,2.4285714285714284,0.3860346054421769,0.0212570365646258,0.1945399799319727,0.1249717207828728,2.357142857142857,0.2970251646258503,0.0136658965881737,0.211924317063492,0.1068282451150654,2.3666666666666667,0.3203931663492064,-0.0004281643821176,54.72137496093349,0.0231280446198242,0.0042139846602494,0.429539388116739,-0.0307482047834056,-0.2536764410842317,-0.3725486536211578,0.0,0.8702287999999999,0.0,0.0,0.158519,0.35,0.2,0.4507083333333333,0.0,0.2,0.35,0.0,0.0,0.5,0.6714285714285715,0.0,0.2484944,0.0,0.0,0.076707,0.3110015,0.247077,0.2468416666666666,0.0,0.247077,0.3490165,0.0,0.0,0.076707,0.2524252857142857,0.0,1.018319276869,0.0,0.0,0.0121595169329999,0.2368784,0.0494154,0.753996988491,0.0,0.0494154,0.2748934,0.0,0.0,0.0383535,1.1180209,0.1391164428571428,0.9738151,0.5571428571428572,4
2025-04-08,0.2007646,0.1342588788900011,5,-0.013839,0.328249,0.2066501999999999,1.033251,0.2513312,0.1433617317110811,5,2,bullish,-0.0516606857142857,0.1019356831520803,0.04148804474292,0.263804961904762,0.0694331560905167,3.0,0.3816544793650794,-0.0687301999999999,0.2667372098639456,0.1019356831520803,2.2857142857142856,0.3592585149659864,0.0071915340986394,0.1923142727891156,0.1245313966228517,2.4285714285714284,0.3029083574829932,0.015076199581371,0.212203037063492,0.106786456521554,2.3,0.3125843873015873,-0.0006347923295725,48.78158726894856,0.0186838432901527,0.0071079563862807,0.429845818323409,-0.0304188749900757,-0.204657332834553,0.0490191082496787,0.0,0.7464559999999999,0.0,0.0,0.0,0.2,0.2,0.4674118,0.0,0.2,0.35,0.0,0.0,0.0,0.74,0.0,0.242791,0.0,0.0,0.0,0.168779,0.168779,0.2007646,0.0,0.168779,0.248514,0.0,0.0,0.0,0.2007646,0.0,0.490079158778,0.0,0.0,0.0,0.0337558,0.0337558,0.389793001681,0.0,0.0337558,0.1978803,0.0,0.0,0.0,0.7046753,0.1003823,0.5019115000000001,0.5,2
2025-04-09,0.1914132499999999,0.150858130810319,4,-0.007413,0.356106,0.21759625,0.870385,0.2165435,0.0933728410924004,4,2,bullish,-0.00935135,0.0917535712462565,0.0416508054003124,0.2148677119047619,0.0328601650870626,2.6666666666666665,0.3049736738095238,-0.0305060178571428,0.2746409241496598,0.0917535712462565,2.2857142857142856,0.3532737649659864,-0.0195431701530612,0.1900483906462584,0.1242156537291018,2.357142857142857,0.2965929181972789,0.0160665437833594,0.206456137063492,0.1029145446970234,2.2666666666666666,0.3047263123015873,0.0002767159632395,48.76013974154633,0.0142431481034649,0.0085349947297375,0.4297398994773393,-0.030556031144006,-0.0465786797074785,0.1580786531270744,0.0,0.2597456666666666,0.0,0.0,0.158519,0.5,0.0,0.83662675,0.0,0.0,0.0,0.0,0.4166665,0.333333,0.58333325,0.0,0.1933123333333333,0.0,0.0,0.20848,0.185716,0.0,0.1914132499999999,0.0,0.0,0.0,0.0,0.293675,0.231244,0.1914132499999999,0.0,0.1330385282389999,0.0,0.0,0.0660960822399999,0.092858,0.0,0.717027622452,0.0,0.0,0.0,0.0,0.255134256252,0.077081256252,0.340579256252,0.116554625,0.4662185,0.6,2
2025-04-10,0.268385,0.150858130810319,1,0.268385,0.268385,0.390904,0.390904,0.248382,0.0933728410924004,1,1,bullish,0.07697175,0.0856690871704289,0.1049127700399999,0.2201876166666667,0.0420012232779099,1.6666666666666667,0.2717168166666666,0.0338102,0.2846420193877551,0.0856690871704289,2.142857142857143,0.3696310982993197,-0.0311082464285715,0.1976717239795918,0.1256064942780794,2.2142857142857144,0.3113770491496598,0.0173687966666666,0.208921587063492,0.1035005747210358,2.2,0.3068202873015873,0.0005932595174532,54.12146650989871,0.0167409022777706,0.0101761762393625,0.4349614102225833,-0.01863466188925,0.4021234162211864,0.4487020959286649,0.0,0.684621,0.0,0.0,0.0,0.0,0.0,0.623304,0.0,0.0,0.333333,0.0,0.0,0.333333,0.333333,0.0,0.268385,0.0,0.0,0.0,0.0,0.0,0.268385,0.0,0.0,0.268385,0.0,0.0,0.268385,0.268385,0.0,0.183742007085,0.0,0.0,0.0,0.0,0.0,0.1672854440399999,0.0,0.0,0.0894615772049999,0.0,0.0,0.0894615772049999,0.0894615772049999,0.1341925,0.1341925,0.5,1
2025-04-11,0.1804442,0.0829392622869289,5,0.065103,0.241685,0.3555378,1.777689,0.2825352,0.1040057279369747,5,2,bullish,-0.0879407999999999,0.0598882608901515,0.06415473389076,0.21341415,0.0479210368916148,1.6666666666666667,0.3213460166666667,-0.005484525,0.2477069051020408,0.0598882608901515,2.2857142857142856,0.3629616411564625,-0.0202225869897959,0.2016210954081632,0.1240100321723663,2.2142857142857144,0.3260383920068027,0.0144858545316588,0.2090851603968254,0.1034498593011592,2.2333333333333334,0.3120195973015873,0.0001792959081519,52.05360100474338,0.0114928323121479,0.010439507453922,0.4225561248998328,-0.0198432765664994,-0.3276665983568381,-0.7297900145780245,0.0,0.75523,0.0,0.0,0.0,0.0,0.5,0.387281,0.0,0.0,0.0,0.0,0.0,0.0,0.9,0.0,0.1418476666666666,0.0,0.0,0.0,0.0,0.2414,0.19579525,0.0,0.0,0.0,0.0,0.0,0.0,0.1804442,0.0,0.2598466989369999,0.0,0.0,0.0,0.0,0.1207,0.282967075721,0.0,0.0,0.0,0.0,0.0,0.0,0.781521,0.0902221,0.4511105,0.5,2
2025-04-12,0.449684,0.0829392622869289,1,0.449684,0.449684,0.839046,0.839046,0.274093,0.1040057279369747,1,1,bullish,0.2692398,0.0968085896138423,0.3773055614639999,0.2995044,0.1372910421997006,1.3333333333333333,0.5284959333333333,0.0906495,0.2687630479591836,0.0968085896138423,2.142857142857143,0.4211496411564625,0.0092155438775509,0.2260307561224489,0.1370960920347892,2.0,0.3640179277210884,0.0184852667922553,0.2190197437301587,0.1117234967142117,2.2333333333333334,0.333664713968254,0.001335417793845,60.69100883378756,0.0287250889409928,0.0140966237513623,0.4477960855274399,-0.0337096086226779,1.4920945089950242,1.8197611073518625,0.0,0.495866,0.0,0.0,0.0,0.0,0.0,0.962106,0.0,0.0,0.0,0.0,0.0,0.0,1.0,0.0,0.449684,0.0,0.0,0.0,0.0,0.0,0.449684,0.0,0.0,0.0,0.0,0.0,0.0,0.449684,0.0,0.2229830063439999,0.0,0.0,0.0,0.0,0.0,0.432643674504,0.0,0.0,0.0,0.0,0.0,0.0,0.449684,0.3147787999999999,0.3147787999999999,0.7,1
2025-04-13,0.110134,0.1446556626544567,2,0.007847,0.212421,0.1229205,0.245841,0.1862865,0.1582992879974512,2,1,neutral,-0.3395499999999999,0.1073447835372533,0.013537726347,0.2467540666666667,0.1792241597497762,1.3333333333333333,0.4391681,-0.0351550999999999,0.2361786193877551,0.1073447835372533,1.8571428571428572,0.374761331632653,0.0021427104591836,0.2382913989795918,0.1153537598985893,1.9285714285714288,0.3678369277210884,0.0056944004814233,0.210515927063492,0.1099036978000945,2.2,0.3226074973015873,0.0016414033057894,54.853440419856945,0.0148154929925989,0.0142403975996105,0.4482406129366401,-0.0358021360318781,-0.7550857935794913,-2.2471803025745154,0.0,0.875462,0.0,0.0,0.0,0.333333,0.0,0.3657415,0.0,0.0,0.333333,0.0,0.0,0.333333,0.333333,0.0,0.212421,0.0,0.0,0.0,0.212421,0.0,0.110134,0.0,0.0,0.110134,0.0,0.0,0.007847,0.110134,0.0,0.185966513502,0.0,0.0,0.0,0.070806929193,0.0,0.133251739597,0.0,0.0,0.073422593244,0.0,0.0,0.002615664051,0.073422593244,0.0770937999999999,0.1541875999999999,0.7,1
2025-04-14,0.0726376666666666,0.0264399456378664,3,0.054839,0.103019,0.0772693333333333,0.231808,0.3009386666666667,0.0435812162787287,3,2,neutral,-0.0374963333333333,0.1231540017910471,0.0056126640782222,0.2108185555555556,0.2077113842946327,1.3333333333333333,0.3464119444444444,-0.1885231666666666,0.2104946738095237,0.1231540017910471,1.5714285714285714,0.3157034404761904,-0.0130585821428571,0.240234375170068,0.1120369001433793,2.0,0.3508690229591837,-0.0053964335949764,0.2074456683333333,0.1124827254801192,2.1666666666666665,0.3096925274603174,0.0004362075316489,50.80058198744388,0.0007580177440595,0.0115439216284879,0.4471018390467967,-0.0505920454753681,-0.3404610141585099,0.4146247794209814,0.0,0.108179,0.0,0.0,0.0,0.0,0.0,0.108179,0.0,0.0,0.5,0.0,0.0,0.0,0.5,0.0,0.060055,0.0,0.0,0.0,0.0,0.0,0.081537,0.0,0.0,0.0726376666666666,0.0,0.0,0.0,0.0726376666666666,0.0,0.006496689845,0.0,0.0,0.0,0.0,0.0,0.017641182246,0.0,0.0,0.1089565,0.0,0.0,0.0,0.1089565,0.0363188333333333,0.1089565,0.5,2
2025-04-15,0.1555165999999999,0.0562403753036908,5,0.08802,0.212991,0.2005434,1.002717,0.2008854,0.0643341117122168,5,2,bullish,0.0828789333333333,0.1249245639938772,0.0311878277204399,0.1127627555555556,0.0415019537425162,1.6666666666666667,0.1335777444444444,0.0226913,0.2040306738095238,0.1249245639938772,1.5714285714285714,0.3148310404761904,-0.0203391005952381,0.2353839418367347,0.1142684305808225,1.9285714285714288,0.3370447777210884,-0.0083711736054421,0.207078655,0.1126386949142883,2.1333333333333333,0.3085174019047619,-0.0001810164283065,47.8829112808529,-0.0036535706083619,0.0085044231811068,0.4441346217329358,-0.0543867281615072,1.1409911294874555,1.4814521436459651,0.0,0.982202,0.0,0.0,0.0,0.0,0.0,0.370467,0.158519,0.0,0.333333,0.0,0.333333,0.333333,0.7333332,0.0,0.1723907499999999,0.0,0.0,0.0,0.0,0.0,0.1723907499999999,0.205645,0.0,0.1354635,0.0,0.162627,0.1083,0.1555165999999999,0.0,0.678466156325,0.0,0.0,0.0,0.0,0.0,0.231198870007,0.032598639755,0.0,0.090308909691,0.0,0.0542089457909999,0.0360999639,0.596964909691,0.0777582999999999,0.3887914999999999,0.5,2
2025-04-16,0.1206123333333333,0.1894066456201225,6,-0.134114,0.403881,0.3303035,1.981821,0.1813563333333333,0.106958501159406,6,3,neutral,-0.0349042666666666,0.1289187019708066,0.0398386758431666,0.1162555333333333,0.0416108841205976,2.3333333333333335,0.2027054111111111,0.0239873333333333,0.1939162571428571,0.1289187019708066,1.7142857142857142,0.3309320761904762,-0.031079269047619,0.2342785906462585,0.1153723566569212,2.0,0.3421029205782313,-0.014923879733124,0.1995098827777778,0.1104734567492747,2.1333333333333333,0.3049125269047619,0.0002307697489273,49.50123691225986,-0.009852415627748,0.004833055419325,0.4439030849923852,-0.0582597914209566,-0.2244407778119291,-1.3654319072993846,0.0,0.75743,0.0,0.0,0.0,0.333333,0.5,0.5578306000000001,0.0,0.0,0.0,0.0,0.4166665,0.0,0.7222221666666666,0.0,0.1715576,0.0,0.0,0.0,0.054741,0.26378,0.1715576,0.0,0.0,0.0,0.0,-0.0396865,0.0,0.1206123333333333,0.0,0.6495819481559999,0.0,0.0,0.0,0.0182469817529999,0.13189,0.56234481819,0.0,0.0,0.0,0.0,-0.048810018247,0.0,0.622346981753,0.0755935666666666,0.4535614,0.5666666666666667,3
2025-04-17,0.2499945,0.2437309056158724,4,0.047546,0.583426,0.2892345,1.156938,0.2067505,0.1472361188080787,4,4,bullish,0.1293821666666667,0.12732573069489,0.07230703421025,0.1753744777777778,0.0669379395053221,3.0,0.2733604666666667,0.04723895,0.1912890428571428,0.12732573069489,2.142857142857143,0.3164078619047619,-0.014432494047619,0.2379655311224489,0.1149608391371569,2.142857142857143,0.3430194801020408,-0.0156584116849816,0.1995832661111111,0.1105073613325583,2.2333333333333334,0.3044478435714285,0.0008894639721383,51.59467628580638,-0.0042766252200278,0.0030111192914502,0.4492675924644318,-0.0511401488930033,1.0727109167940263,1.2971516946059554,0.0,0.576289,0.0,0.0,0.682689,0.0,0.5,0.999162,0.0,0.333333,0.333333,0.0,0.0,0.0,0.70833325,0.0,0.277975,0.0,0.0,0.091031,0.0,0.091031,0.047546,0.0,0.047546,0.047546,0.0,0.0,0.0,0.2499945,0.0,0.160193934775,0.0,0.0,0.062145862359,0.0,0.0455155,0.047506156452,0.0,0.015848650818,0.015848650818,0.0,0.0,0.0,0.922765150818,0.13647765,0.5459106,0.65,4
2025-04-18,0.0939697499999999,0.1729528494848138,4,-0.061219,0.341385,0.24965825,0.998633,0.2393035,0.1021042969337399,4,4,neutral,-0.15602475,0.1326374901923432,0.0234603233379375,0.1548588611111111,0.0834598655149061,3.6666666666666665,0.2897320833333334,-0.0133212916666666,0.1789355499999999,0.1326374901923432,2.4285714285714284,0.3012822119047619,-0.0264088244047619,0.2133212275510204,0.1051113303820225,2.357142857142857,0.3321219265306122,-0.0131453965672422,0.1962353577777777,0.1121783673134303,2.3,0.3018895685714285,0.0001723880618676,38.753008760305185,-0.0123047711306906,-5.205879298371818e-05,0.4497158261373789,-0.0529862825659503,-0.6241127304800707,-1.696823647274097,0.0,0.4592376666666666,0.0,0.0,0.158519,0.25,0.25,0.4408523333333333,0.0,0.0,0.2916665,0.0,0.25,0.2777776666666666,0.45833325,0.0,0.1061146666666666,0.0,0.0,-0.061219,-0.061219,0.057535,0.011498,0.0,0.0,0.0478564999999999,0.0,-0.061219,0.011498,0.0939697499999999,0.0,0.064858106992,0.0,0.0,-0.009704374661,-0.01530475,0.01438375,0.04854105108,0.0,0.0,0.0271097372739999,0.0,-0.01530475,0.011804987274,0.353189987274,0.043923925,0.1756957,0.55,4
2025-04-20,0.040626,0.1729528494848138,1,0.040626,0.040626,0.152741,0.152741,0.160827,0.1021042969337399,1,1,neutral,-0.0533437499999999,0.0676719628819804,0.006205255866,0.12819675,0.1087998522278984,3.0,0.2305445833333333,-0.1046842499999999,0.1204986928571428,0.0676719628819804,2.4285714285714284,0.2032386404761904,-0.0025493547619047,0.1946308704081632,0.1111639475239207,2.2857142857142856,0.3121941408163265,-0.0151464765044479,0.1911280911111111,0.1157228593565408,2.3,0.2991009241269841,-0.0008480354012394,40.980044306764185,-0.0227094070359483,-0.0045835284415834,0.4360386473308011,-0.0290950037593726,-0.5676693829663269,0.0564433475137438,0.0,0.795202,0.158519,0.0,0.158519,0.0,0.0,0.999941,0.0,0.0,0.0,0.0,0.0,0.5,0.5,0.0,0.040626,0.040626,0.0,0.040626,0.0,0.0,0.040626,0.0,0.0,0.0,0.0,0.0,0.040626,0.040626,0.0,0.032305876452,0.006439992894,0.0,0.006439992894,0.0,0.0,0.040623603066,0.0,0.0,0.0,0.0,0.0,0.020313,0.020313,0.0284382,0.0284382,0.7,1
2025-04-21,0.1649464285714285,0.1809035871856029,7,-0.141457,0.431627,0.2728022857142857,1.909616,0.2606572857142857,0.0942456598023029,7,4,bullish,0.1243204285714285,0.0694213480393864,0.0449977627346938,0.0998473928571429,0.062368279230816,3.0,0.2250671785714285,0.0354883392857143,0.1283290397959183,0.0694213480393864,2.857142857142857,0.2246503241496598,0.0007322322278911,0.1822538295918367,0.1033156917343328,2.357142857142857,0.2997058278911564,-0.0112607310099424,0.193394432063492,0.1144740100740358,2.3333333333333335,0.3044724269841269,-0.001666410671116,44.36992192324042,-0.020685793847133,-0.0078039815226972,0.4307875469315154,-0.011892860502944,3.0601198388083635,3.62778922177469,0.0,0.7966255000000001,0.0,0.0,0.158519,0.5,0.4166665,0.6831604,0.0,0.4166665,0.3888886666666666,0.0,0.0,0.0,0.5238094285714286,0.0,0.2160136666666666,0.0,0.0,0.179261,0.169609,0.3733495,0.2252946,0.0,0.1450165,0.2107133333333333,0.0,0.0,0.0,0.1649464285714285,0.0,1.119613463488,0.0,0.0,0.028416274459,0.0848045,0.301411522791,0.670713878955,0.0,0.126554463076,0.225669985867,0.0,0.0,0.0,0.416183985867,0.0875949571428571,0.6131647,0.5285714285714286,4
2025-04-22,0.197348,0.2006390711259542,15,-0.044567,0.518796,0.3381757333333333,5.072636,0.1710440666666666,0.1573985966167545,15,3,bullish,0.0324015714285714,0.0687461751694045,0.0667383046218666,0.1343068095238096,0.0827317110456289,2.6666666666666665,0.2545730063492064,0.078361,0.1461448017006802,0.0687461751694045,3.0,0.2619226670068027,0.0001712103741496,0.178319737755102,0.101470283519142,2.2857142857142856,0.2888130537414966,-0.0085161242909471,0.1894199253968253,0.1120946225211933,2.3333333333333335,0.3009317947619047,-0.0007913260712961,48.146128420391165,-0.0162800365242594,-0.0094991925230113,0.4294443804416282,-0.0131571606797234,0.1964369383999133,-2.86368290040845,0.0,0.834361,0.158519,0.158519,0.3332423333333333,0.0,0.3333333333333333,0.4350983846153846,0.0,0.2916665,0.39583325,0.0,0.333333,0.333333,0.5999999333333332,0.0,0.1568804615384615,0.284256,0.0323805,0.116339,0.0,0.0864916666666666,0.1851658461538461,0.0,0.1456565,0.203744125,0.0,0.518796,0.518796,0.197348,0.0,1.755138699276,0.045059976864,0.010265848959,0.089271599193,0.0,0.11354725,0.795663593322,0.0,0.1888117440449999,0.712475244045,0.0,0.172931827068,0.172931827068,1.599521071113,0.098674,1.48011,0.5,3
2025-04-23,0.2158311875,0.2049957524835474,16,-0.104464,0.554386,0.2896195625,4.633913,0.166994625,0.1359489745847683,16,5,bullish,0.0184831875,0.0737166744866075,0.0625089340976054,0.1927085386904762,0.0257576808687553,4.0,0.3001991938492064,0.0254423794642857,0.1547611713435374,0.0737166744866075,3.4285714285714284,0.2746478330782312,0.0089764371811224,0.1793959225765306,0.1018059852687035,2.5,0.2947394367772109,-0.0067044280703819,0.1854160411706349,0.1087764485046422,2.4,0.2969035039880952,0.0003896056431749,50.5187186087701,-0.0111683543605708,-0.0098330248905234,0.4308234160999511,-0.0065618025880464,0.0936578404645602,-0.1027790979353531,0.0,0.6875956000000001,0.0,0.158519,0.367404,0.2055556666666667,0.27083325,0.4744868,0.0,0.25,0.2833331666666667,0.0,0.35,0.2333333333333333,0.6531249375,0.0,0.1879536,0.0,0.117,0.1890575,0.2204563333333333,0.1931205,0.2088635,0.0,0.2928893333333333,0.27408,0.0,0.2181405,0.2139646666666667,0.2158311875,0.0,1.043441533221,0.0,0.018546723,0.108817501685,0.138737939,0.2207203895999999,1.029613324869,0.0,0.256115687538,0.483714708869,0.0,0.1170144,0.149519709731,2.087475208869,0.13014909375,2.0823855,0.5875,5
2025-04-24,0.2117416,0.2071739728120091,10,-0.034892,0.578098,0.1990202,1.990202,0.2904348,0.0677242809301886,10,4,bullish,-0.0040895875,0.074720759471689,0.04214085558032,0.2083069291666667,0.0097084899876376,4.0,0.2756051652777778,0.0071968,0.1677796380102041,0.074720759471689,3.5714285714285716,0.2558930759353742,0.0102030776785714,0.1808479475765306,0.1021350055609206,2.642857142857143,0.2934125760629252,-0.0053840902289377,0.1882536278373016,0.1082989086435808,2.466666666666667,0.2896791606547619,0.0001539166397849,50.70241762711703,-0.0073624185572042,-0.0093389036238593,0.4313963359261063,-0.0057982957475349,-0.0189480841363578,-0.1126059246009181,0.0,0.8631800000000001,0.0,0.158519,0.0,0.333333,0.3666666,0.7518404285714286,0.0,0.0,0.25,0.3947113333333333,0.25,0.375,0.6333333,0.0,0.0770338,0.0,0.156746,0.0,0.003133,0.0962302,0.1587478571428571,0.0,0.0,0.1477689999999999,0.0937563333333333,0.138792,0.181052,0.2117416,0.0,0.408909528268,0.0,0.024847219174,0.0,0.001044332289,0.166168832289,0.571279810416,0.0,0.0,0.0738844999999999,0.128820821601,0.034698,0.1418655,1.699754832289,0.11357418,1.1357418,0.6,4
2025-04-25,0.1136378,0.1734844104197838,5,-0.080727,0.345194,0.2953,1.4765,0.1679835999999999,0.1304267285041682,5,2,neutral,-0.0981037999999999,0.0671007230881584,0.03355724234,0.1804035291666667,0.0578569626306771,3.6666666666666665,0.2613132541666667,-0.05109669375,0.1483001094387755,0.0671007230881584,3.2857142857142856,0.2567595759353742,0.0161471467474489,0.1697945761479591,0.1002896811177957,2.7142857142857144,0.286583718920068,-0.0044185432666143,0.1843107378373015,0.1088062086258078,2.5,0.2953796439880953,-2.629736916679874e-05,44.729890956150456,-0.0121221897372588,-0.0098955608465394,0.3913893185396998,0.0016735016388715,-0.4633184976405202,-0.4443704135041624,0.0,0.6465968,0.0,0.0,0.0,0.5,0.5,0.38399225,0.0,0.0,0.0,0.0,0.0,0.0,0.8,0.0,0.1136378,0.0,0.0,0.0,0.226142,0.089435,0.145011,0.0,0.0,0.0,0.0,0.0,0.0,0.1136378,0.0,0.390495259077,0.0,0.0,0.0,0.113071,0.0447175,0.274237963562,0.0,0.0,0.0,0.0,0.0,0.0,0.4104005,0.07919814,0.3959907,0.6199999999999999,2
2025-04-26,0.1822395,0.0704257140858365,2,0.132441,0.232038,0.383193,0.766386,0.0239074999999999,0.0372779623973736,2,2,bullish,0.0686016999999999,0.063379883919156,0.0698329007235,0.1692063,0.0503337572637888,2.6666666666666665,0.2925044,-0.01475105,0.1609100737244898,0.063379883919156,3.0,0.275835968792517,0.0120220301020408,0.1699228118622449,0.100305492304235,2.7142857142857144,0.2885590903486394,-0.0037118875130821,0.1829475345039682,0.1085589162199331,2.466666666666667,0.2979523306547619,0.0002280974761639,50.0619573052289,-0.0102409745899885,-0.0099646435952293,0.3789595684246766,0.0020981017538947,0.6036873293921563,1.0670058270326763,0.0,0.937731,0.0,0.0,0.0,0.0,0.0,0.4688915,0.0,0.0,0.5,0.0,0.0,0.0,0.75,0.0,0.1822395,0.0,0.0,0.0,0.0,0.0,0.1822395,0.0,0.0,0.132441,0.0,0.0,0.0,0.1822395,0.0,0.335581451556,0.0,0.0,0.0,0.0,0.0,0.196249886088,0.0,0.0,0.0662205,0.0,0.0,0.0,0.2982585,0.11432355,0.2286471,0.6,2
2025-04-27,0.2223014999999999,0.1659332128071411,2,0.104969,0.339634,0.3123185,0.624637,0.189943,0.0405554023281732,2,1,bullish,0.0400619999999999,0.0380516445091936,0.06942887102775,0.1727262666666667,0.0549529446960155,1.6666666666666667,0.3302705000000001,0.05433185,0.1868637165816326,0.0380516445091936,3.0,0.2986327545068027,0.0014162438137755,0.1536812047193877,0.062989401165689,2.7142857142857144,0.2509356974914966,0.0070075427459445,0.1849689733928571,0.1087133257214114,2.4,0.3022320750992063,0.0003351719507124,40.678313331126,-0.005454697557712,-0.0090626543877255,0.3607575406415416,0.0087077795370298,0.2198315952359395,-0.3838557341562167,0.0,0.938793,0.158519,0.0,0.158519,0.25,0.0,0.7517480000000001,0.0,0.25,0.25,0.0,0.0,0.0,0.625,0.0,0.339634,0.104969,0.0,0.2223014999999999,0.104969,0.0,0.2223014999999999,0.0,0.104969,0.104969,0.0,0.0,0.0,0.2223014999999999,0.0,0.318846021762,0.016639580911,0.0,0.070478022957,0.02624225,0.0,0.275973360464,0.0,0.02624225,0.02624225,0.0,0.0,0.0,0.36587625,0.1556110499999999,0.3112220999999999,0.7,1
2025-04-28,0.1170355,0.1688947635372393,6,0.012887,0.456402,0.3623486666666666,2.174092,0.1731398333333333,0.1025702558199338,6,3,neutral,-0.1052659999999999,0.0461072224582051,0.0424076573776666,0.1738588333333334,0.0531310584247419,2.0,0.3526200555555556,-0.0326019999999999,0.1800192982142857,0.0461072224582051,2.857142857142857,0.3114250946428571,-0.0091963919642857,0.154174169005102,0.0626484618340539,2.857142857142857,0.2680377093962585,0.0045249004774986,0.1846983900595238,0.1088773175717475,2.433333333333333,0.3093010639880952,-0.0005156324772233,50.35020249863888,-0.010039540718421,-0.0092580316538647,0.353439483459143,0.0024868581479998,-0.4735280688614336,-0.6933596640973732,0.0,0.9510492,0.0,0.0,0.0,0.0,0.0,0.5685342,0.0,0.0,0.5,0.0,0.0,0.0,0.8333333333333334,0.0,0.1378652,0.0,0.0,0.0,0.0,0.0,0.0491622,0.0,0.0,0.2588505,0.0,0.0,0.0,0.1170355,0.0,0.667394150508,0.0,0.0,0.0,0.0,0.0,0.147718686071,0.0,0.0,0.2588505,0.0,0.0,0.0,0.4433625,0.06056105,0.3633663,0.5333333333333333,3
2025-04-29,0.1547456666666666,0.1661825126489948,3,0.011632,0.337007,0.1266253333333333,0.379876,0.2067689999999999,0.0234673189989823,3,2,bullish,0.0377101666666666,0.0462501324206029,0.0195947216235555,0.1646942222222223,0.053333507359178,2.0,0.2670975,-0.0337779166666666,0.1739332505952381,0.0462501324206029,2.7142857142857144,0.2812036089285714,-0.0094287522321428,0.1600390261479591,0.0581069046062472,2.857142857142857,0.2715631379676871,0.001853212421507,0.186258287281746,0.1080720542167189,2.3666666666666667,0.303277491765873,-0.0012381837164309,54.16549852840579,-0.0105091394660576,-0.0095082532163033,0.3510864963900677,0.0002379518837417,0.3222113518262977,0.7957394206877313,0.0,0.917436,0.0,0.0,0.0,0.2,0.0,0.913085,0.0,0.0,0.2,0.0,0.35,0.2,0.5666666666666667,0.0,0.011632,0.0,0.0,0.0,0.115598,0.0,0.063615,0.0,0.0,0.115598,0.0,0.2263025,0.115598,0.1547456666666666,0.0,0.010671615552,0.0,0.0,0.0,0.0231196,0.0,0.12520800944,0.0,0.0,0.0231196,0.0,0.1916231,0.0231196,0.2032551,0.0858548333333333,0.2575645,0.6333333333333333,2
2025-04-30,0.14758425,0.2564453646521678,4,-0.061285,0.513035,0.368557,1.474228,0.2541744999999999,0.1355206793334508,4,4,neutral,-0.0071614166666666,0.0430269361881648,0.05439320842725,0.1397884722222223,0.0200273508202492,3.0,0.2858436666666666,0.015274375,0.1641836880952381,0.0430269361881648,2.5714285714285716,0.2924803857142857,-0.0062664398809523,0.1594724297193877,0.0581930047259221,3.0,0.2835641093962585,0.0013482707025117,0.193228262281746,0.0977953811934282,2.433333333333333,0.3132475750992063,-0.0031964749259759,49.5640870349504,-0.0113285561198382,-0.0098723137970104,0.3491614031939666,-0.0022198549201571,-0.0462786249264921,-0.3684899767527898,0.0,0.996888,0.0,0.0,0.0,0.0,0.0,0.5420933333333333,0.0,0.0,0.333333,0.0,0.333333,0.5,0.70833325,0.0,0.0692935,0.0,0.0,0.0,0.0,0.0,0.0257673333333333,0.0,0.0,0.131956,0.0,0.131956,0.006631,0.14758425,0.0,0.137766332481,0.0,0.0,0.0,0.0,0.0,0.019673872215,0.0,0.0,0.0439852893479999,0.0,0.0439852893479999,0.0033155,0.499050789348,0.074123675,0.2964947,0.55,4
2025-05-01,0.15032775,0.1310690210644213,8,-0.091565,0.312935,0.1628929999999999,1.303144,0.263439,0.0748921627618194,8,3,bullish,0.0027434999999999,0.0376371420096781,0.02448733818075,0.1508858888888889,0.0036131857733709,3.0,0.2193584444444445,-0.0022089583333333,0.1554102809523809,0.0376371420096781,2.4285714285714284,0.2873193571428571,-0.0009570172619047,0.1615949594812925,0.0572000414249311,3.0,0.2716062165391156,-0.0001941079395604,0.1967246539484127,0.0941358738140573,2.5,0.308183341765873,-0.0044925094058212,51.69281183534699,-0.0116226004775758,-0.0102223711331235,0.3376757412093921,-0.0025399179355826,0.0185893819970626,0.0648680069235547,0.0,0.43458475,0.0,0.0,0.0,0.0,0.0,0.5046911428571429,0.0,0.0,0.5,0.0,0.0,0.5,0.8125,0.0,0.252132,0.0,0.0,0.0,0.0,0.0,0.1609148571428571,0.0,0.0,-0.0025465,0.0,0.0,0.076218,0.15032775,0.0,0.441252695013,0.0,0.0,0.0,0.0,0.0,0.5647344841140001,0.0,0.0,-0.0025465,0.0,0.0,0.038109,1.1670595,0.0933283499999999,0.7466267999999999,0.6,3
2025-05-02,0.119337,0.1310690210644213,1,0.119337,0.119337,0.186259,0.186259,0.21692,0.0748921627618194,1,1,neutral,-0.03099075,0.0366311071356179,0.022227590283,0.1390830000000001,0.0171554680805428,2.6666666666666665,0.2392363333333333,-0.014123625,0.1562244523809524,0.0366311071356179,2.2857142857142856,0.2717420714285714,-0.0107895089285714,0.1522622809098639,0.0520989100228058,2.7857142857142856,0.2642508236819728,0.0015127923560962,0.1932551317261905,0.0950318017533891,2.433333333333333,0.3012558806547619,-0.0048076603669421,41.61702408006612,-0.0141926454165923,-0.0110164259898173,0.3358373693491101,-0.0068122660753005,-0.2061545523032175,-0.2247439343002801,0.0,0.77141,0.0,0.0,0.310843,0.0,0.0,1.0,0.0,0.5,0.0,0.0,0.0,0.0,0.5,0.0,0.119337,0.0,0.0,0.119337,0.0,0.0,0.119337,0.0,0.119337,0.0,0.0,0.0,0.0,0.119337,0.0,0.09205775517,0.0,0.0,0.037095071091,0.0,0.0,0.119337,0.0,0.0596685,0.0,0.0,0.0,0.0,0.0596685,0.0835359,0.0835359,0.7,1
2025-05-03,-0.056155,0.1310690210644213,1,-0.056155,-0.056155,0.34729,0.34729,0.017019,0.0748921627618194,1,1,neutral,-0.1754919999999999,0.0859849104184427,-0.01950206995,0.0711699166666667,0.1113500446767798,1.6666666666666667,0.2321473333333333,-0.103241375,0.1221680952380952,0.0859849104184427,2.142857142857143,0.2666130714285714,-0.0298280148809524,0.1415390844812925,0.0753023547344973,2.5714285714285716,0.2712245201105442,-0.0063637188867085,0.1868470567261904,0.104980392478099,2.4,0.3041825639880952,-0.0068110192442661,40.6027531939399,-0.0300434344686385,-0.0148218276855819,0.2798961718180038,-0.0014549685441942,-1.4705581672071528,-1.2644036149039353,0.0,0.947132,0.0,0.0,0.0,0.5,0.0,0.459462,0.0,0.0,0.0,0.0,0.0,0.0,0.5,0.0,-0.056155,0.0,0.0,0.0,-0.056155,0.0,-0.056155,0.0,0.0,0.0,0.0,0.0,0.0,-0.056155,0.0,-0.0531861974599999,0.0,0.0,0.0,-0.0280775,0.0,-0.0258010886099999,0.0,0.0,0.0,0.0,0.0,0.0,-0.0280775,-0.0393084999999999,-0.0393084999999999,0.7,1
2025-05-05,0.11097475,0.0956681418215245,4,0.0,0.200744,0.25351475,1.014059,0.203112,0.1302647032775954,4,3,neutral,0.16712975,0.073811133300009,0.0281337360025625,0.05805225,0.0989947158725532,1.6666666666666667,0.2623545833333333,-0.0041811249999999,0.1062642738095238,0.073811133300009,2.4285714285714284,0.2582125357142857,-0.0167225297619047,0.1465639951955782,0.0702265629704892,2.7142857142857144,0.2784226451105442,-0.0105637905690737,0.183933637281746,0.1058584970616441,2.433333333333333,0.3034196334325397,-0.0072209988483235,53.85449007628328,-0.0287878274605832,-0.0176150276405823,0.2799021099866998,-0.0013768317128902,-2.9762220639301935,-1.505663896723041,0.0,0.6826030000000001,0.0,0.0,0.0,0.333333,0.333333,0.6863757500000001,0.0,0.0,0.0,0.310843,0.0,0.5,0.70833325,0.0,0.1904405,0.0,0.0,0.0,0.063018,0.063018,0.11097475,0.0,0.0,0.0,0.180137,0.0,0.0,0.11097475,0.0,0.259333644511,0.0,0.0,0.0,0.021005978994,0.021005978994,0.368902190364,0.0,0.0,0.0,0.0559943254909999,0.0,0.0,0.401886978994,0.0644942249999999,0.2579768999999999,0.55,3
2025-05-06,0.186028,0.1506352507593535,4,0.0,0.317379,0.106309,0.425236,0.27701825,0.0895927104861215,4,4,bullish,0.07505325,0.0798485421368662,0.019776450652,0.0802825833333334,0.1239744255613667,2.6666666666666665,0.2357045833333333,0.1210915,0.1161203452380952,0.0798485421368662,2.5714285714285716,0.2216354404761905,-0.0066376696428571,0.1480698217261905,0.0708740814810902,2.7142857142857144,0.2665302675595238,-0.0088302332875457,0.1755015706150793,0.0942835536812793,2.533333333333333,0.2935558000992063,-0.0054484774327294,51.22100358331965,-0.0214890150760726,-0.0183898251276804,0.283388063472211,0.0064762481349318,0.6763092505277102,3.652531314457904,0.0,0.5606466666666666,0.0,0.0,0.0,0.0,0.5,0.68294,0.0,0.0,0.0,0.0,0.0,0.0,0.875,0.0,0.1422443333333333,0.0,0.0,0.0,0.0,0.0,0.2133665,0.0,0.0,0.0,0.0,0.0,0.0,0.186028,0.0,0.293233683777,0.0,0.0,0.0,0.0,0.0,0.237041991998,0.0,0.0,0.0,0.0,0.0,0.0,0.7441120000000001,0.099393,0.397572,0.65,4
2025-05-07,0.2447838749999999,0.1474104300481555,8,0.021619,0.426831,0.36506325,2.920506,0.2255625,0.0456311256396646,8,4,bullish,0.0587558749999999,0.0932371536798616,0.0893615969550937,0.1805955416666667,0.067069771029682,3.6666666666666665,0.241629,0.0669045625,0.1289829464285714,0.0932371536798616,2.857142857142857,0.255698,0.0126656116071428,0.1514580985119047,0.0744545829078879,2.7857142857142856,0.2684508044642857,-0.0044424192948717,0.1735846664484127,0.0921779592546032,2.6,0.2913335750992063,-0.0041270849659674,52.66600624568894,-0.0108387119319306,-0.0168796024885304,0.2948657807921427,0.003925258315,0.3158442546283353,-0.3604649958993748,0.0,0.7831982,0.158519,0.0,0.0,0.333333,0.0,0.6017771666666667,0.0,0.333333,0.4166665,0.0,0.0,0.0,0.77083325,0.0,0.213217,0.376811,0.0,0.0,0.196042,0.0,0.2769748333333333,0.0,0.3114365,0.401821,0.0,0.0,0.0,0.2447838749999999,0.0,0.774964979143,0.059731702909,0.0,0.0,0.0653472679859999,0.0,1.021532745791,0.0,0.207624125709,0.330682357723,0.0,0.0,0.0,1.354616625709,0.1341822624999999,1.0734581,0.55,4
2025-05-08,0.0525966666666666,0.0533199103743932,3,0.021678,0.114165,0.0907266666666666,0.27218,0.1452413333333333,0.1058031009485701,3,1,neutral,-0.1921872083333333,0.0969182709698738,0.0047719202444444,0.1611361805555556,0.0984818905595397,3.0,0.1873663055555555,-0.0667156666666666,0.1154132916666666,0.0969182709698738,2.4285714285714284,0.2160079523809523,0.0071386964285714,0.1397984898809523,0.0763553138549192,2.5,0.254244169047619,-0.0051448418864468,0.1640637220039682,0.0892919879333776,2.533333333333333,0.2794365084325397,-0.003772202130277,42.32449425287758,-0.0177017926904103,-0.0170440405289064,0.297358936161629,-0.0053694637211528,-0.7851301820160063,-1.1009744366443417,0.0,0.8996463333333334,0.0,0.0,0.0,0.25,0.0,0.266143,0.0,0.25,0.25,0.0,0.0,0.0,0.75,0.0,0.0525966666666666,0.0,0.0,0.0,0.114165,0.0,0.114165,0.0,0.114165,0.114165,0.0,0.0,0.0,0.0525966666666666,0.0,0.127578780753,0.0,0.0,0.0,0.02854125,0.0,0.030384215595,0.0,0.02854125,0.02854125,0.0,0.0,0.0,0.07216625,0.0262983333333333,0.078895,0.5,1
2025-05-09,0.1047385999999999,0.080156619609986,5,0.021133,0.200946,0.3848478,1.924239,0.191603,0.0727106259669107,5,3,neutral,0.0521419333333333,0.0957052132355901,0.04030841978508,0.1340397138888889,0.0993876109889319,2.6666666666666665,0.2802125722222222,-0.0700226374999999,0.1089005559523809,0.0957052132355901,2.4285714285714284,0.2477157809523809,0.0109827592261904,0.1321554184523809,0.0739164260984991,2.4285714285714284,0.2675175690476191,-0.0037748021428571,0.1591408324801587,0.088318267155134,2.5,0.2759089493849206,-0.0035455547583293,45.18611379429005,-0.0187177287888148,-0.0173787781808881,0.282851028636348,-0.0053871461958718,0.9913543317066982,1.7764845137227043,0.0,0.78549225,0.0,0.0,0.0,0.0,0.0,0.3468395,0.0,0.0,0.0,0.0,0.0,0.0,1.0,0.0,0.08068675,0.0,0.0,0.0,0.0,0.0,0.1400075,0.0,0.0,0.0,0.0,0.0,0.0,0.1047385999999999,0.0,0.2001796919679999,0.0,0.0,0.0,0.0,0.0,0.094626499028,0.0,0.0,0.0,0.0,0.0,0.0,0.523693,0.0523692999999999,0.2618465,0.5,3
2025-05-10,0.302255,0.3094426553692945,2,0.083446,0.521064,0.4034399999999999,0.8068799999999999,0.286112,0.0864890588340513,2,2,bullish,0.1975164,0.1207297894213083,0.1219417571999999,0.1531967555555556,0.1316945916906965,2.0,0.2930048222222222,0.1248291666666667,0.1350316988095238,0.1207297894213083,2.5714285714285716,0.2787416380952381,0.0331902273809523,0.1456280755952381,0.086414513202335,2.4285714285714284,0.2752418547619047,0.0004747149633699,0.162523845813492,0.0918411590983321,2.5,0.2824686093849206,-0.0023351770828698,57.78887258256743,-0.0035443713212626,-0.0146118968089629,0.3088999475494091,-0.0106075401089328,1.8858033237030096,0.8944489919963112,0.0,0.7954595,0.0,0.0,0.0,0.0,0.166667,0.9580355,0.451494,0.166667,0.166667,0.108179,0.166667,0.166667,0.5833335,0.0,0.302255,0.0,0.0,0.0,0.0,0.083446,0.302255,0.083446,0.083446,0.083446,0.083446,0.083446,0.083446,0.302255,0.0,0.4454246978959999,0.0,0.0,0.0,0.0,0.013907694482,0.561683488804,0.037675368324,0.013907694482,0.013907694482,0.009027104834,0.013907694482,0.013907694482,0.534971694482,0.2032339,0.4064678,0.6,2
2025-05-12,0.165462375,0.2053743149234291,8,-0.12316,0.490293,0.320966375,2.567731,0.226937125,0.0710020752160255,8,4,bullish,-0.136792625,0.0864209094953515,0.0531078587026406,0.1908186583333334,0.1011700938795661,3.0,0.3697513916666666,0.0303618875,0.1666913238095237,0.0864209094953515,3.0,0.2749811202380952,0.0091382714285714,0.1444297095238095,0.0859829961251333,2.5714285714285716,0.2707970958333333,0.0022483792673992,0.1616588166468253,0.0916817482018325,2.566666666666667,0.285914280218254,-0.0021169815598018,49.34413263144541,-0.0025280743767376,-0.0121951323225178,0.3068276790118971,0.003948365928579,-0.4525735719839209,-2.33837689568693,0.0,0.668266,0.0,0.0,0.310843,0.0,0.0,0.1614013333333333,0.158519,0.0,0.5,0.158519,0.5,0.0,0.8125,0.0,0.0307043333333333,0.0,0.0,0.042741,0.0,0.0,0.0662353333333333,-0.12316,0.0,0.024686,0.027623,0.042741,0.0,0.165462375,0.0,0.059378315796,0.0,0.0,0.013285740663,0.0,0.0,0.0098932940979999,-0.01952320004,0.0,0.024686,0.004378770337,0.0213705,0.0,1.2776425,0.0941347875,0.7530783,0.55,4
2025-05-13,0.3034403333333333,0.2325497540877364,6,0.037054,0.668123,0.3640465,2.184279,0.2261166666666666,0.1558662235632424,6,2,bullish,0.1379779583333333,0.0958432221078993,0.1104663913088333,0.2570525694444445,0.0793216492677512,2.6666666666666665,0.362817625,0.0005926666666667,0.1941864071428571,0.0958432221078993,2.857142857142857,0.2907713702380952,0.0158304404761904,0.1502253404761904,0.0939967655306576,2.642857142857143,0.2744919529761905,0.0093587418315018,0.1628273277579365,0.093298058404839,2.6,0.2850190302182539,-0.0004662194534933,52.94639129660632,0.0093035984647727,-0.0078953861650596,0.3276229211797157,-0.002997485763049,0.8338932541814015,1.2864668261653225,0.0,0.6437113333333334,0.0,0.0,0.158519,0.333333,0.4166665,0.302318,0.158519,0.0,0.5,0.0,0.5,0.0,0.5555555,0.0,0.270775,0.0,0.0,0.440595,0.440595,0.363208,0.3035004,0.440595,0.0,0.170097,0.0,0.085909,0.0,0.3034403333333333,0.0,0.4694329948520001,0.0,0.0,0.069842678805,0.146864853135,0.289775353135,0.441827882467,0.069842678805,0.0,0.170097,0.0,0.0429545,0.0,1.170949853135,0.1765113333333333,1.059068,0.5666666666666667,2
2025-05-14,0.203544,0.0525224774929743,2,0.166405,0.240683,0.1233285,0.246657,0.274964,0.1533587329173008,2,2,bullish,-0.0998963333333333,0.0958233741879164,0.025102776204,0.2241489027777778,0.07125939068165,2.6666666666666665,0.2694471249999999,0.0190408125,0.1966886928571428,0.0958233741879164,2.5714285714285716,0.2932027273809524,0.0156675529761904,0.156404519047619,0.0944892576580758,2.5714285714285716,0.2574190839285714,0.0097879615384615,0.1635973210912698,0.0935434639675023,2.6,0.277278720218254,-8.20355748450618e-05,53.15367841352145,0.0104985772693509,-0.0042165934781775,0.3282321278599248,-0.0029870924432582,-0.3292124426438586,-1.16310569682526,0.0,0.0,0.0,0.0,0.0,0.333333,0.5,0.9590705,0.0,0.0,0.333333,0.0,0.0,0.0,0.4166665,0.0,0.0,0.0,0.0,0.0,0.166405,0.240683,0.203544,0.0,0.0,0.166405,0.0,0.0,0.0,0.203544,0.0,0.0,0.0,0.0,0.0,0.055468277865,0.1203415,0.387385930303,0.0,0.0,0.055468277865,0.0,0.0,0.0,0.175809777865,0.1184125,0.236825,0.6,2
2025-05-15,0.0,0.0525224774929743,1,0.0,0.0,0.032558,0.032558,0.383058,0.1533587329173008,1,1,neutral,-0.203544,0.1175486648684862,0.0,0.1689947777777779,0.1546423148445519,1.6666666666666667,0.173311,-0.1517201666666666,0.1617195678571428,0.1175486648684862,2.142857142857143,0.2457019773809523,0.0014645047619047,0.1453512571428571,0.103335166019298,2.5,0.2506999886904762,0.0052645735531135,0.1486078544246031,0.0813546900436436,2.6,0.2503957868849206,0.0008355094161502,44.967237615263514,-0.0049217415805146,-0.0043576230986449,0.3304583828671852,-0.0267964662005186,-1.0,-0.6707875573561414,0.0,0.0,0.0,0.0,0.0,0.0,0.0,0.796627,0.0,0.0,0.0,0.0,0.5,0.0,0.5,0.0,0.0,0.0,0.0,0.0,0.0,0.0,0.0,0.0,0.0,0.0,0.0,0.0,0.0,0.0,0.0,0.0,0.0,0.0,0.0,0.0,0.0,0.0,0.0,0.0,0.0,0.0,0.0,0.0,0.0,0.0,0.0,0.5,1
2025-05-16,0.0283175,0.0400469925525001,2,0.0,0.056635,0.1498825,0.299765,0.1193989999999999,0.0214055364800791,2,2,neutral,0.0283175,0.1215937393434141,0.0042442976937499,0.0772871666666667,0.1102545290411391,1.6666666666666667,0.101923,-0.08761325,0.1582511154761905,0.1215937393434141,2.2857142857142856,0.2541528107142857,-0.0284175598214285,0.1368322035714285,0.1079500985827745,2.357142857142857,0.235080381547619,0.001994367069597,0.1458806377579365,0.0840167025146715,2.6333333333333333,0.251294520218254,-0.0002058943136553,46.173764544135864,-0.014688179499219,-0.0064237343787597,0.3270768516161995,-0.0417573449495327,inf,inf,0.0,0.6547529999999999,0.0,0.0,0.0,0.0,0.0,0.2838205,0.0,0.0,0.0,0.158519,0.5,0.0,0.75,0.0,0.0283175,0.0,0.0,0.0,0.0,0.0,0.0283175,0.0,0.0,0.0,0.056635,0.0,0.0,0.0283175,0.0,0.017604593305,0.0,0.0,0.0,0.0,0.0,0.0260216303699999,0.0,0.0,0.0,0.008977723565,0.0,0.0,0.056635,0.01982225,0.0396445,0.6,2
2025-05-17,0.145024,0.0400469925525001,1,0.145024,0.145024,0.057767,0.057767,0.239564,0.0214055364800791,1,1,neutral,0.1167064999999999,0.1195754623499968,0.0083776014079999,0.0577805,0.0768702895841433,1.3333333333333333,0.0800691666666666,0.072512,0.1640061726190476,0.1195754623499968,2.0,0.2074269821428571,-0.0374793958333333,0.1364533642857142,0.1079083926581529,2.2142857142857144,0.227571381547619,0.0026733265201465,0.1482935155357143,0.0828723414574535,2.6,0.2506444424404762,-0.0007165449474283,49.84144264892545,-0.0128627443228387,-0.0077115363675755,0.3281397827313408,-0.0396816560646741,4.121356051911362,-inf,0.0,0.0,0.0,0.0,0.0,0.2,0.0,1.0,0.0,0.2,0.2,0.0,0.0,0.2,0.2,0.0,0.0,0.0,0.0,0.0,0.145024,0.0,0.145024,0.0,0.145024,0.145024,0.0,0.0,0.145024,0.145024,0.0,0.0,0.0,0.0,0.0,0.0290047999999999,0.0,0.145024,0.0,0.0290047999999999,0.0290047999999999,0.0,0.0,0.0290047999999999,0.0290047999999999,0.1015167999999999,0.1015167999999999,0.7,1
2025-05-18,0.365475,0.0400469925525001,1,0.365475,0.365475,0.33628,0.33628,0.266967,0.0214055364800791,1,1,bullish,0.220451,0.1333514969276404,0.122901933,0.1796055,0.1712182965055137,1.3333333333333333,0.1813098333333333,0.16857875,0.1730376011904762,0.1333514969276404,1.8571428571428572,0.1978326964285714,0.0038563824404761,0.15403465,0.1237880921558483,2.2142857142857144,0.2382871672619047,0.008652526080586,0.1552921288690476,0.0918794433066448,2.566666666666667,0.2551689957738095,0.0007344402956989,56.60963961497968,0.006299674111384,-0.0049092942717836,0.3618873025936467,-0.05510562592698,1.5201001213592231,-2.6012559305521386,0.0,0.310843,0.0,0.0,0.0,0.0,0.5,0.503496,0.0,0.0,0.0,0.0,0.0,0.0,0.5,0.0,0.365475,0.0,0.0,0.0,0.0,0.365475,0.365475,0.0,0.0,0.0,0.0,0.0,0.0,0.365475,0.0,0.1136053454249999,0.0,0.0,0.0,0.0,0.1827375,0.1840152006,0.0,0.0,0.0,0.0,0.0,0.0,0.1827375,0.2558324999999999,0.2558324999999999,0.7,1
2025-05-19,0.105599,0.0801316709173095,3,0.055517,0.198019,0.1009963333333333,0.3029889999999999,0.231012,0.0994796409874905,3,2,neutral,-0.259876,0.135815048894744,0.0106651118036666,0.205366,0.1400526742586517,1.3333333333333333,0.1650144444444444,-0.0197125,0.1644856904761905,0.135815048894744,1.5714285714285714,0.1664084047619047,-0.0044513571428571,0.1655885071428571,0.1093698149505459,2.2857142857142856,0.2206947625,0.0003393212454212,0.1547916844246031,0.0921154329177231,2.533333333333333,0.2475254235515873,0.0001746684605911,54.155324189477064,0.0005105242387921,-0.0038253305696684,0.3544579740050798,-0.0593465473384131,-0.7110636842465285,-2.231163805605752,0.0,0.579247,0.0,0.0,0.0,0.2666665,0.2666665,0.999992,0.0,0.0,0.2,0.0,0.0,0.2,0.511111,0.0,0.13064,0.0,0.0,0.0,0.059389,0.059389,0.105599,0.0,0.0,0.063261,0.0,0.0,0.063261,0.105599,0.0,0.208042119984,0.0,0.0,0.0,0.031157848161,0.031157848161,0.316792247544,0.0,0.0,0.0126522,0.0,0.0,0.0126522,0.229176848161,0.0702181666666666,0.2106545,0.6333333333333333,2
2025-05-20,0.131747,0.10162531764649,9,-0.06178,0.257917,0.1137481111111111,1.023733,0.2499361111111111,0.1547024393589549,9,5,neutral,0.026148,0.1212618141647884,0.0149859723945555,0.2009403333333334,0.1430897336545614,2.6666666666666665,0.1836748148148148,-0.116864,0.1399580714285714,0.1212618141647884,2.0,0.130651492063492,0.0118915892857142,0.1670722392857142,0.1087108366870405,2.4285714285714284,0.2107114311507936,-0.0024280324908424,0.1508501010912698,0.0904154654680853,2.566666666666667,0.241675877255291,0.0006825642191058,50.57529238669475,-0.0019450903409128,-0.0034492825239173,0.3548409900474257,-0.058258413380759,0.2476159812119434,0.958679665458472,0.0,0.5735488888888889,0.0,0.0,0.0,0.25,0.25,0.7343878571428571,0.0,0.375,0.45833325,0.0,0.333333,0.25,0.537037,0.0,0.131747,0.0,0.0,0.0,0.110518,0.110518,0.0956984285714285,0.0,0.0029375,0.2113035,0.0,0.124931,0.153381,0.131747,0.0,0.461603759784,0.0,0.0,0.0,0.055259,0.055259,0.364696797456,0.0,-0.0139762499999999,0.401785125023,0.0,0.041643625023,0.03834525,0.607407125023,0.0706853222222222,0.6361679,0.5666666666666667,5
2025-05-21,0.1575256666666666,0.014606460568301,3,0.140807,0.167812,0.1065016666666666,0.319505,0.3776523333333333,0.0243097424160218,3,2,bullish,0.0257786666666666,0.1184549765541675,0.0167767460427777,0.1316238888888889,0.0259635522422697,3.0,0.107082037037037,0.0259633333333333,0.1333840238095238,0.1184549765541675,2.0,0.1282476587301587,0.0228575357142857,0.1650363583333333,0.1085953629122401,2.2857142857142856,0.2107251930555555,-0.0020758765201465,0.1529686316468254,0.0897790927129677,2.5,0.2369039911441799,0.0003333541007203,49.18847173740146,-0.0017904376702362,-0.0031175135531811,0.3550020191627762,-0.0581414424961095,0.1956679595487309,-0.0519480216632124,0.0,0.6801075,0.451494,0.0,0.0,0.333333,0.0,0.9711045,0.0,0.0,0.5,0.0,0.4166665,0.0,0.4444443333333334,0.0,0.1523824999999999,0.140807,0.0,0.0,0.163958,0.0,0.1523824999999999,0.0,0.0,0.167812,0.0,0.1523824999999999,0.0,0.1575256666666666,0.0,0.1998671309699999,0.063573515658,0.0,0.0,0.054652612014,0.0,0.29651365029,0.0,0.0,0.083906,0.0,0.125056112014,0.0,0.208962112014,0.0990804999999999,0.2972414999999999,0.6333333333333333,2
2025-05-22,0.1259390833333333,0.1516901381114314,12,-0.059191,0.434127,0.23295675,2.795481,0.2114726666666666,0.1177709307900362,12,5,neutral,-0.0315865833333333,0.1034309839326403,0.0293383595513125,0.1384039166666667,0.016812613309615,4.0,0.1510688425925926,-0.0029039583333333,0.1513753214285714,0.1034309839326403,2.5714285714285716,0.1568760515873015,0.0030050029761904,0.1565474446428571,0.1065069352445541,2.357142857142857,0.201289014484127,-0.0005639025091575,0.1558124010912698,0.087418020319266,2.6333333333333333,0.2395778494775132,-0.0006158068519254,46.56303521920239,-0.0041685751888533,-0.0033277258803155,0.3541650825161028,-0.0594690225161028,-0.2005170585957418,-0.3961850181444728,0.0,0.73392525,0.0,0.0,0.158519,0.0,0.375,0.614517,0.0,0.25,0.3666666,0.209511,0.2916665,0.5,0.6111110833333333,0.0,0.1265895,0.0,0.0,0.016235,0.0,0.0842165,0.1182047777777777,0.0,0.033531,0.0087286,-0.021478,0.003994,0.016235,0.1259390833333333,0.0,0.7842802719029999,0.0,0.0,0.002573555965,0.0,0.1432555,0.64115289123,0.0,0.00838275,0.006509186397,-0.001356687084,-0.0029355636029999,0.0081175,1.347939686397,0.0643938083333333,0.7727257,0.5666666666666667,5
2025-05-23,0.14337,0.087645359420793,3,0.048506,0.221336,0.5806763333333333,1.742029,0.125879,0.0919350103442643,3,3,neutral,0.0174309166666666,0.0887108197760543,0.08325156591,0.14227825,0.0158215675650458,3.3333333333333335,0.3067115833333333,-0.0070778333333333,0.1678113928571428,0.0887108197760543,2.7142857142857144,0.2184180277777777,-0.0154323988095238,0.1630312541666666,0.1023747933668338,2.5,0.2362854192460317,-0.0043673496520146,0.1550931868055555,0.0874290377926071,2.6,0.2498403177314815,-0.0006330871143863,52.92032594363541,-0.0045937924449523,-0.0035809391932429,0.3538194983240618,-0.0598192133240618,0.1384075237432911,0.338924582339033,0.0,0.6324495,0.0,0.0,0.0,0.0,0.0,0.2370525,0.0,0.0,0.0,0.0,0.0,0.0,1.0,0.0,0.104387,0.0,0.0,0.0,0.0,0.0,0.104387,0.0,0.0,0.0,0.0,0.0,0.0,0.14337,0.0,0.101613539724,0.0,0.0,0.0,0.0,0.0,0.035087238528,0.0,0.0,0.0,0.0,0.0,0.0,0.43011,0.071685,0.215055,0.5,3
2025-05-24,0.427839,0.087645359420793,1,0.427839,0.427839,0.292922,0.292922,0.30966,0.0919350103442643,1,1,bullish,0.284469,0.1309493645416101,0.125323455558,0.2323826944444445,0.169494350200914,3.0,0.3688516944444444,0.1509499583333333,0.2082135357142857,0.1309493645416101,2.7142857142857144,0.2520115992063492,0.0091723601190475,0.1861098541666666,0.1226364803147346,2.357142857142857,0.2297192906746032,0.001276850091575,0.1627762201388889,0.1004310025927667,2.533333333333333,0.2483318599537037,0.001417975798109,59.042875463283536,0.0178179447668871,0.000698837598783,0.4037043813283265,-0.0788538963283265,1.9841598660807704,1.845752342337479,0.0,0.614606,0.0,0.0,0.0,0.333333,0.0,0.929393,0.0,0.333333,0.0,0.0,0.0,0.0,0.333333,0.0,0.427839,0.0,0.0,0.0,0.427839,0.0,0.427839,0.0,0.427839,0.0,0.0,0.0,0.0,0.427839,0.0,0.262952416434,0.0,0.0,0.0,0.142612857387,0.0,0.397630571727,0.0,0.142612857387,0.0,0.0,0.0,0.0,0.142612857387,0.2994873,0.2994873,0.7,1
2025-05-25,0.077809,0.0203519473761112,2,0.063418,0.0922,0.1360195,0.272039,0.1728934999999999,0.0253914974056277,2,1,neutral,-0.35003,0.1178550775766135,0.0105835412755,0.2163393333333334,0.1860742941148329,1.6666666666666667,0.3365392777777778,-0.0327804999999999,0.1671183928571428,0.1178550775766135,2.7142857142857144,0.2234029563492063,0.017666369047619,0.1700779970238095,0.1209441307305279,2.2857142857142856,0.2106178263888888,0.0020115008241758,0.1581754805555555,0.1010760718924277,2.4,0.2432118578703703,0.001235696510938,44.21234111428537,0.0072514929853363,0.0020093686760937,0.3915547337854899,-0.0533078487854898,-0.8181348591409385,-2.8022947252217087,0.0,0.953591,0.0,0.0,0.0,0.0,0.0,0.77277,0.0,0.0,0.0,0.0,0.0,0.0,1.0,0.0,0.077809,0.0,0.0,0.0,0.0,0.0,0.077809,0.0,0.0,0.0,0.0,0.0,0.0,0.077809,0.0,0.147375602338,0.0,0.0,0.0,0.0,0.0,0.12679705572,0.0,0.0,0.0,0.0,0.0,0.0,0.155618,0.0544662999999999,0.1089325999999999,0.7,1
2025-05-26,0.1044327499999999,0.1505505573229471,4,-0.028892,0.32069,0.2126009999999999,0.8504039999999999,0.26509725,0.0470369383667418,4,2,neutral,0.0266237499999999,0.11795731973957,0.0222025070827499,0.2033602500000001,0.1948595338113778,1.3333333333333333,0.2138475,-0.1617031249999999,0.1669517857142857,0.11795731973957,2.7142857142857144,0.2393464801587301,0.0021615654761904,0.1657187380952381,0.1222164619431067,2.142857142857143,0.2028774424603174,-1.6241025641023487e-05,0.1545985188888888,0.1010138108104752,2.3333333333333335,0.2436645512037037,0.0012583907304412,48.33146279798294,0.0010141161997837,0.0018103181808317,0.3916066003416228,-0.0540139153416228,0.3421680011309744,1.160302860271913,0.0,0.0,0.0,0.0,0.158519,0.0,0.25,0.81812575,0.0,0.0,0.25,0.0,0.3333333333333333,0.25,0.5,0.0,0.0,0.0,0.0,-0.028892,0.0,0.0629665,0.1044327499999999,0.0,0.0,0.060244,0.0,0.0323469999999999,0.065689,0.1044327499999999,0.0,0.0,0.0,0.0,-0.004579930948,0.0,0.03148325,0.233737505902,0.0,0.0,0.015061,0.0,0.0170372499999999,0.01642225,0.33772725,0.0522163749999999,0.2088654999999999,0.5,2
2025-05-27,-0.0458715,0.1601603930455342,2,-0.159122,0.067379,0.079732,0.159464,0.056158,0.1434620664078139,2,2,neutral,-0.15030425,0.1431962785712085,-0.003657426438,0.04545675,0.0802050057793312,1.6666666666666667,0.1427841666666666,-0.06184025,0.1415777142857142,0.1431962785712085,2.2857142857142856,0.2344870357142857,-0.0256701845238095,0.1407678928571428,0.1274805541664234,2.142857142857143,0.1825692638888889,-0.001521404029304,0.1492815422222222,0.1072496684368125,2.3333333333333335,0.2364789512037037,-0.0003174519466073,40.51382392012293,-0.0158742936735413,-0.0017266041900428,0.3995180093794716,-0.0851152743794716,-1.4392443941196609,-1.781412395250635,0.0,0.576289,0.0,0.0,0.0,0.0,0.0,1.0,0.0,0.0,0.5,0.0,0.0,0.0,0.75,0.0,0.067379,0.0,0.0,0.0,0.0,0.0,0.067379,0.0,0.0,0.067379,0.0,0.0,0.0,-0.0458715,0.0,0.038829776531,0.0,0.0,0.0,0.0,0.0,0.067379,0.0,0.0,0.0336895,0.0,0.0,0.0,-0.1254325,-0.02293575,-0.0458715,0.5,2
2025-05-28,0.044027,0.1601603930455342,1,0.044027,0.044027,0.027892,0.027892,0.139181,0.1434620664078139,1,1,neutral,0.0898985,0.147452010081041,0.001228001084,0.0341960833333334,0.0756328439495428,1.6666666666666667,0.1067416666666666,-0.0302028749999999,0.125363619047619,0.147452010081041,2.142857142857143,0.2232570833333333,-0.0338437678571428,0.1293738214285714,0.1285622281555732,2.0714285714285716,0.175752371031746,-0.0022158875457875,0.1446744588888888,0.1087432574503848,2.3,0.224635584537037,-0.0007692172487949,45.64438406595147,-0.0217536937741116,-0.0057320221068566,0.3908328474015567,-0.0965057999015567,-1.959789847726802,-0.520545453607141,0.0,0.451494,0.158519,0.0,0.310843,0.0,0.333333,0.684621,0.0,0.0,0.333333,0.538269,0.0,0.0,0.333333,0.0,0.044027,0.044027,0.0,0.044027,0.0,0.044027,0.044027,0.0,0.0,0.044027,0.044027,0.0,0.0,0.044027,0.0,0.019877926338,0.0069791160129999,0.0,0.0136854847609999,0.0,0.0146756519909999,0.030141808767,0.0,0.0,0.0146756519909999,0.0236983692629999,0.0,0.0,0.0146756519909999,0.0396243,0.0396243,0.9,1
2025-05-29,0.4501615,0.03397435951567,2,0.426138,0.474185,0.4638489999999999,0.927698,0.367456,0.0083792153570606,2,2,bullish,0.4061345,0.1918891763707557,0.2088069616135,0.149439,0.2642838466124065,1.6666666666666667,0.190491,0.2480165,0.1716811071428571,0.1918891763707557,1.7142857142857142,0.2562416904761904,0.0010382142857142,0.1615282142857142,0.1484690291299547,2.142857142857143,0.206558871031746,0.0026844036630036,0.1522697922222222,0.1215550800805845,2.3333333333333335,0.2296866012037037,0.0017370257916203,61.06724908135861,0.0062858922844732,-0.0033284392285906,0.4411880978127802,-0.1071045669794468,9.224668953142393,11.184458800869193,0.0,0.0,0.0,0.0,0.0,0.0,0.0,0.108179,0.0,0.0,0.0,0.0,0.0,0.0,1.0,0.0,0.0,0.0,0.0,0.0,0.0,0.0,0.426138,0.0,0.0,0.0,0.0,0.0,0.0,0.4501615,0.0,0.0,0.0,0.0,0.0,0.0,0.0,0.046099182702,0.0,0.0,0.0,0.0,0.0,0.0,0.900323,0.22508075,0.4501615,0.5,2
2025-05-30,0.364922,0.03397435951567,1,0.364922,0.364922,0.380978,0.380978,0.229522,0.0083792153570606,1,1,bullish,-0.0852394999999999,0.2043106604468964,0.139027253716,0.2863701666666667,0.2141590551729796,1.3333333333333333,0.2909063333333333,0.1604475,0.2033313928571428,0.2043106604468964,1.4285714285714286,0.2277133571428571,0.0176981517857142,0.1855713928571428,0.152439289177823,2.0714285714285716,0.2230656924603174,0.0041040926739926,0.1605326755555555,0.127363819932138,2.2666666666666666,0.2303075789814815,0.0028659804004449,58.050130966338415,0.0213828897497902,0.0016138265670855,0.4661801435048943,-0.1060782726715609,-0.1893531543679323,-9.414022107510323,0.0,0.0,0.0,0.0,0.0,0.0,0.0,0.962106,0.0,0.0,0.0,0.0,0.0,0.0,1.0,0.0,0.0,0.0,0.0,0.0,0.0,0.0,0.364922,0.0,0.0,0.0,0.0,0.0,0.0,0.364922,0.0,0.0,0.0,0.0,0.0,0.0,0.0,0.351093645732,0.0,0.0,0.0,0.0,0.0,0.0,0.364922,0.182461,0.182461,0.5,1
2025-05-31,0.149663,0.03397435951567,1,0.149663,0.149663,0.043898,0.043898,0.05739,0.0083792153570606,1,1,neutral,-0.215259,0.1788291322641315,0.006569906374,0.3215821666666667,0.1548663713999372,1.3333333333333333,0.2962416666666667,-0.1502492499999999,0.1635919642857142,0.1788291322641315,1.4285714285714286,0.1921385,0.0440204821428571,0.18590275,0.1523493868988207,2.0714285714285716,0.2220750496031746,0.0017414113553113,0.1603632533333333,0.1273751634240226,2.2333333333333334,0.2275500012037037,0.0027559430552465,50.10595051014139,0.0157957494264357,0.0044502111389555,0.4529124516924184,-0.1080697808590851,-0.5898767407829619,-0.4005235864150296,0.0,0.158519,0.0,0.0,0.576289,0.0,0.25,1.0,0.0,0.0,0.25,0.108179,0.0,0.25,0.25,0.0,0.149663,0.0,0.0,0.149663,0.0,0.149663,0.149663,0.0,0.0,0.149663,0.149663,0.0,0.149663,0.149663,0.0,0.0237244290969999,0.0,0.0,0.086249140607,0.0,0.03741575,0.149663,0.0,0.0,0.03741575,0.016190393677,0.0,0.03741575,0.03741575,0.1047640999999999,0.1047640999999999,0.7,1
2025-06-01,0.178477,0.1501498823442762,2,0.072305,0.284649,0.402865,0.8057300000000001,0.160685,0.0244064976594348,2,1,bullish,0.028814,0.1747828546680528,0.071902136605,0.2310206666666667,0.1168534849729923,1.0,0.2759136666666666,-0.0932224999999999,0.1779731071428571,0.1747828546680528,1.4285714285714286,0.2302592857142857,0.0333605982142857,0.17254575,0.1433246933624717,2.0714285714285716,0.226831121031746,0.0074492113553113,0.1613930116666666,0.1273931639327307,2.1333333333333333,0.2286936012037037,0.0027846748794957,45.31941613722384,0.0135368963341923,0.0062675481780029,0.4535555927392247,-0.1074114594058913,0.1925258747987144,0.7824026155816763,0.0,0.7833060000000001,0.0,0.0,0.0,0.0,0.25,0.682848,0.0,0.0,0.25,0.0,0.0,0.25,0.625,0.0,0.178477,0.0,0.0,0.0,0.0,0.072305,0.178477,0.0,0.0,0.072305,0.0,0.0,0.072305,0.178477,0.0,0.2821302541479999,0.0,0.0,0.0,0.0,0.01807625,0.1764488398239999,0.0,0.0,0.01807625,0.0,0.0,0.01807625,0.30272525,0.1249338999999999,0.2498677999999999,0.7,1
2025-06-02,0.0576253333333333,0.0177833976599898,3,0.037107,0.06859,0.0844563333333333,0.253369,0.1670913333333333,0.0695326446378486,3,3,neutral,-0.1208516666666666,0.1789118449776468,0.0048668243604444,0.1285884444444445,0.0631219771785228,1.6666666666666667,0.1770731111111111,-0.0460188333333333,0.1712863333333333,0.1789118449776468,1.5714285714285714,0.2119529047619047,0.0099604285714285,0.1691190595238095,0.1456037891469672,2.142857142857143,0.2256496924603174,0.0019587351648351,0.1583029311111111,0.1287874969036738,2.1333333333333333,0.2260790456481481,0.0020388938375973,48.70939190649434,0.0019723161165348,0.0054085017657093,0.4387431097486313,-0.1171804764152979,-0.6771273983015551,-0.8696532731002695,0.0,0.451494,0.0,0.0,0.310843,0.25,0.25,0.720549,0.0,0.25,0.375,0.0,0.25,0.25,0.3333333333333333,0.0,0.067179,0.0,0.0,0.06859,0.06859,0.067179,0.0576253333333333,0.0,0.06859,0.0528485,0.0,0.067179,0.067179,0.0576253333333333,0.0,0.030330915426,0.0,0.0,0.0213207213699999,0.0171475,0.01679475,0.141767235229,0.0,0.0171475,0.035701,0.0,0.01679475,0.01679475,0.05249575,0.0333853333333333,0.100156,0.5666666666666667,3
2025-06-03,0.1660579999999999,0.0894626948314212,5,0.1216,0.325904,0.2512702,1.256351,0.2214708,0.0903170894222128,5,3,bullish,0.1084326666666666,0.1519375961145217,0.0417254268715999,0.1340534444444445,0.0664793202150811,2.3333333333333335,0.2461971777777778,-0.0062095,0.2015619761904762,0.1519375961145217,1.7142857142857142,0.2364583619047618,-0.0216222976190476,0.1715698452380952,0.1452145984198565,2.0,0.2354726988095238,0.0006392304029303,0.1598602977777777,0.1285823762499975,2.2,0.2282460856481481,0.0018201959807193,50.88391547427858,0.0015391442139701,0.0046346302553614,0.4361593390449435,-0.1183453057116101,1.881683981582174,2.5588113798837293,0.0,0.4801035999999999,0.0,0.0,0.158519,0.25,0.0,0.465125,0.0,0.0,0.2916665,0.108179,0.361111,0.0,0.6166666000000001,0.0,0.1660579999999999,0.0,0.0,0.1216,0.125579,0.0,0.174265,0.0,0.0,0.1235894999999999,0.13323,0.126803,0.0,0.1660579999999999,0.0,0.48899850445,0.0,0.0,0.0192759104,0.03139475,0.0,0.295168475583,0.0,0.0,0.0719280428,0.0144126881699999,0.1385430428,0.0,0.5884240428,0.08805216,0.4402608,0.54,3
2025-06-04,0.23739675,0.0754684146840031,4,0.174831,0.333805,0.28613975,1.144559,0.257981,0.0602144271139954,4,3,bullish,0.07133875,0.1351760374798763,0.0679286466958125,0.1536933611111112,0.0905212891187734,3.0,0.2072887611111111,0.0898857083333333,0.2291862261904762,0.1351760374798763,2.0,0.2733508976190476,-0.0402878541666667,0.1772749226190476,0.1461861054254505,2.0714285714285716,0.2483039904761904,0.0020570042124542,0.1696453561111111,0.122607625983835,2.2666666666666666,0.2262077439814814,0.000830670482017,52.010434888983525,0.0068730487272106,0.0050823139497313,0.4395825465413914,-0.0980288382080581,0.4296014043286082,-1.4520825772535657,0.0,0.657819,0.0,0.0,0.2346809999999999,0.333333,0.0,0.8432893333333333,0.0,0.333333,0.0,0.158519,0.5,0.0,0.70833325,0.0,0.2294873333333333,0.0,0.0,0.1773285,0.179826,0.0,0.2294873333333333,0.0,0.179826,0.0,0.179826,0.261125,0.0,0.23739675,0.0,0.461483608868,0.0,0.0,0.083611688607,0.059941940058,0.0,0.572700166411,0.0,0.059941940058,0.0,0.028505837694,0.1305625,0.0,0.699140440058,0.127689675,0.5107587,0.55,3
2025-06-05,0.1663678,0.0741364729077395,5,0.062017,0.23869,0.1863146,0.931573,0.2122678,0.0773377973871767,5,2,bullish,-0.07102895,0.0942035895137112,0.03099675010988,0.18994085,0.041098306870448,2.6666666666666665,0.2412415166666666,0.0001549,0.188644269047619,0.0942035895137112,2.0,0.2337031261904761,-0.0154505035714286,0.1801626880952381,0.1454916742871494,1.8571428571428572,0.2449724083333333,5.298183150183296e-05,0.1714917911111111,0.1221096865906458,2.2333333333333334,0.2239677389814814,0.0004049000889877,50.997818394858,0.0053075960461328,0.0051273703690116,0.4380395464533463,-0.082680808120013,-0.299199336132445,-0.7288007404610533,0.0,0.783129,0.769861,0.158519,0.52446,0.0,0.0,0.806546,0.310843,0.5,0.5,0.0,0.0,0.0,0.8,0.0,0.1924555,0.062017,0.062017,0.1503535,0.0,0.0,0.15731425,0.062017,0.211946,0.062017,0.0,0.0,0.0,0.1663678,0.0,0.5826122809359999,0.047744469637,0.009830872823,0.093056898927,0.0,0.0,0.5084725584959999,0.019277550331,0.105973,0.0310085,0.0,0.0,0.0,0.6948575,0.08566458,0.4283229,0.54,2
2025-06-06,0.25131275,0.2193725491355971,4,0.034799,0.492516,0.3458155,1.383262,0.262109,0.0883534763134233,4,2,bullish,0.08494495,0.0635813544257609,0.086907844297625,0.2183591000000001,0.0455602372773398,2.3333333333333335,0.2727566166666667,0.006958,0.1724143761904762,0.0635813544257609,2.142857142857143,0.2286799119047619,0.0164465095238095,0.1878728845238095,0.1462500820080379,1.7857142857142858,0.2281966345238095,0.0008728949816849,0.1736679494444444,0.1229564690807047,2.1666666666666665,0.2319512889814814,0.0010201237337782,52.57820587477275,0.0107968352148206,0.0062612633381734,0.4448820475245506,-0.0788944341912172,0.5105852815268339,0.8097846176592789,0.0,0.7249135,0.0,0.0,0.0,0.0,0.0,0.8440153333333335,0.0,0.333333,0.5,0.0,0.333333,0.0,0.58333325,0.0,0.238968,0.0,0.0,0.0,0.0,0.0,0.2088736666666666,0.0,0.099306,0.2067145,0.0,0.099306,0.0,0.25131275,0.0,0.270089630118,0.0,0.0,0.0,0.0,0.0,0.5378184747770001,0.0,0.033101966898,0.2067145,0.0,0.033101966898,0.0,0.732332466898,0.125656375,0.5026255000000001,0.5,2
2025-06-07,0.120064,0.2193725491355971,1,0.120064,0.120064,0.152983,0.152983,0.195308,0.0883534763134233,1,1,neutral,-0.13124875,0.0662738149587546,0.018367750912,0.1792481833333334,0.0665656578143028,1.6666666666666667,0.2283710333333333,-0.0231519,0.1681859476190476,0.0662738149587546,2.142857142857143,0.2442634833333333,0.007587344047619,0.1658889559523809,0.129587015304897,1.7857142857142858,0.2182009916666666,0.0068464691208791,0.1695106202777777,0.1225769163633739,2.066666666666667,0.2248819473148148,0.0011647464608824,42.068264783136875,0.0045045179709926,0.0059099142647372,0.4192686406507264,-0.077822127317393,-0.5222526513278773,-1.0328379328547113,0.0,0.858979,0.0,0.0,0.310843,0.333333,0.333333,0.214378,0.0,0.0,0.0,0.0,0.0,0.0,0.333333,0.0,0.120064,0.0,0.0,0.120064,0.120064,0.120064,0.120064,0.0,0.0,0.0,0.0,0.0,0.0,0.120064,0.0,0.103132454656,0.0,0.0,0.037321053952,0.040021293312,0.040021293312,0.025739080192,0.0,0.0,0.0,0.0,0.0,0.0,0.040021293312,0.0840448,0.0840448,0.7,1
2025-06-08,0.412309,0.2193725491355971,1,0.412309,0.412309,0.601325,0.601325,0.30855,0.0883534763134233,1,1,bullish,0.292245,0.1140412297472011,0.2479317094249999,0.2612285833333334,0.1463746146682232,1.3333333333333333,0.3667078333333333,0.080498125,0.201590519047619,0.1140412297472011,2.142857142857143,0.2726149119047619,0.0352135357142857,0.1897818130952381,0.1423103130801955,1.7857142857142858,0.2514370988095238,0.0109833069963369,0.1815010313888888,0.1282100908151182,2.066666666666667,0.2419018917592592,0.0019248844920281,58.88510294863762,0.0228362492017768,0.0092951812521451,0.4547198771549152,-0.0826023638215819,2.4340768256929635,2.956329477020841,0.0,0.614606,0.0,0.0,0.0,0.0,0.0,0.998356,0.0,0.0,0.0,0.0,0.0,0.0,1.0,0.0,0.412309,0.0,0.0,0.0,0.0,0.0,0.412309,0.0,0.0,0.0,0.0,0.0,0.0,0.412309,0.0,0.253407585254,0.0,0.0,0.0,0.0,0.0,0.411631164004,0.0,0.0,0.0,0.0,0.0,0.0,0.412309,0.2886163,0.2886163,0.7,1
2025-06-09,0.100853,0.0850790879123653,2,0.040693,0.161013,0.0732235,0.146447,0.3572605,0.0948392828130833,2,1,neutral,-0.3114559999999999,0.105820239266326,0.0073848096455,0.2110753333333334,0.174537981769967,1.0,0.2758438333333333,-0.0096054999999999,0.2077659,0.105820239266326,1.8571428571428572,0.2710102214285714,0.0038537749999999,0.1895261166666666,0.1424785769631526,1.7142857142857142,0.241481563095238,0.0056287783882783,0.1813715113888889,0.1282922478708701,2.0,0.2315144150925925,0.0008751785335558,49.91741058026973,0.0120930291890128,0.0098547508395187,0.4548401057997852,-0.0858119924664518,-0.7553946190842304,-3.189471444777194,0.0,0.804771,0.0,0.0,0.310843,0.0,0.0,0.452403,0.0,0.333333,0.333333,0.161647,0.5,0.0,0.4166665,0.0,0.100853,0.0,0.0,0.040693,0.0,0.0,0.100853,0.0,0.161013,0.161013,0.161013,0.040693,0.0,0.100853,0.0,0.158126768126,0.0,0.0,0.012649134199,0.0,0.0,0.1326694311979999,0.0,0.053670946329,0.053670946329,0.026027268411,0.0203465,0.0,0.074017446329,0.0504265,0.100853,0.5,1
2025-06-10,0.2203235,0.1294018427702377,4,0.060445,0.37053,0.31198125,1.247925,0.2337044999999999,0.0491050637816508,4,3,bullish,0.1194705,0.1042313171439079,0.068736800934375,0.2444951666666667,0.1571286482029401,1.6666666666666667,0.32884325,-0.0959927499999999,0.2155181142857143,0.1042313171439079,1.8571428571428572,0.2796832285714285,-0.0007590392857143,0.2085400452380952,0.1253846119213098,1.7857142857142858,0.2580707952380952,-0.0012516573626373,0.1786404613888889,0.1264895805473041,2.033333333333333,0.2284657900925925,0.0019601609176863,56.23009837811251,0.0130685575467354,0.010497512180962,0.4581188835576941,-0.0828109868910274,1.1846003589382563,1.939994978022487,0.0,0.5518855,0.0,0.0,0.0,0.0,0.0,0.63020575,0.0,0.0,0.5,0.0,0.0,0.0,0.875,0.0,0.2203235,0.0,0.0,0.0,0.0,0.0,0.2203235,0.0,0.0,0.060445,0.0,0.0,0.0,0.2203235,0.0,0.63176121751,0.0,0.0,0.0,0.0,0.0,0.446894237933,0.0,0.0,0.0302225,0.0,0.0,0.0,0.8510715,0.1230262,0.4921048,0.55,3
2025-06-11,0.1863958,0.1228784349660264,5,0.067868,0.345174,0.2414909999999999,1.207455,0.2831204,0.0888013596900408,5,3,bullish,-0.0339277,0.1042295975706225,0.0450129081378,0.1691907666666667,0.0615654933510919,2.3333333333333335,0.2088985833333333,0.0427713999999999,0.2082322642857143,0.1042295975706225,1.8571428571428572,0.2733048357142856,-0.0007537678571428,0.2187092452380952,0.1164721691845608,1.9285714285714288,0.2733278666666666,-0.007307857069597,0.1793382422222222,0.126472115230757,2.0,0.2258166109259259,0.0019193120059325,53.42168217725897,0.0109774521933673,0.0105935001834431,0.4595843962719803,-0.078230827938647,-0.1539903823241734,-1.33859074126243,0.0,0.5138915000000001,0.0,0.0,0.682689,0.4166665,0.333333,0.5289756,0.0,0.0,0.333333,0.0,0.333333,0.0,0.6333332,0.0,0.1198625,0.0,0.0,0.275017,0.3100954999999999,0.067868,0.1863958,0.0,0.0,0.067868,0.0,0.275017,0.0,0.1863958,0.0,0.129681293465,0.0,0.0,0.187751080713,0.264259241661,0.022622644044,0.5286207434019999,0.0,0.0,0.022622644044,0.0,0.091672241661,0.0,0.530801885705,0.1180055399999999,0.5900276999999999,0.58,3
2025-06-12,0.197801625,0.1791887874608688,8,-0.096081,0.528825,0.25674075,2.053926,0.25291125,0.1284747448998106,8,4,bullish,0.011405825,0.1027925612368524,0.0507837375537187,0.2015069750000001,0.0172646871037206,3.3333333333333335,0.270071,-0.0112609374999999,0.2127228107142857,0.1027925612368524,2.142857142857143,0.2833657142857143,-0.0078519741071428,0.2006835398809524,0.0955441815352682,2.0714285714285716,0.2585344202380952,-0.0002749235347985,0.1758169519444444,0.1243504870040449,2.066666666666667,0.2222397525925926,0.0028943070949202,42.51452288135189,0.0101238876065606,0.0104995776680666,0.461390268168485,-0.0745935373351517,0.0611914270600517,0.2151818093842251,0.0,0.0,0.0,0.0,0.0,0.0,0.0,0.9984716666666666,0.0,0.0,0.0,0.838487,0.0,0.0,1.0,0.0,0.0,0.0,0.0,0.0,0.0,0.0,0.1868506666666666,0.0,0.0,0.0,0.228016,0.0,0.0,0.197801625,0.0,0.0,0.0,0.0,0.0,0.0,0.0,0.559997690232,0.0,0.0,0.0,0.382376903584,0.0,0.0,1.582413,0.1015138125,0.8121105,0.525,4
2025-06-13,0.251882,0.0643485254920421,3,0.180995,0.306613,0.3266846666666667,0.980054,0.235453,0.0609397137833777,3,2,bullish,0.0540803749999999,0.1028283977256999,0.0822859872093333,0.2120264750000001,0.0349838586458366,3.0,0.2749721388888889,0.0327431,0.2128041321428571,0.1028283977256999,2.142857142857143,0.2806327380952381,0.0018565017857142,0.1926092541666666,0.0847654099479256,2.142857142857143,0.2546563249999999,0.0066023443406593,0.1774282186111111,0.1250334413004883,2.066666666666667,0.2290182914814815,0.0035762703615127,46.58387072831731,0.0136538663357889,0.011130435401611,0.4308580895113986,-0.0616570586780652,0.2734071320192641,0.2122157049592123,0.0,0.7656095,0.0,0.0,0.0,0.0,0.0,0.9998505,0.0,0.25,0.375,0.0,0.0,0.375,0.4166666666666667,0.0,0.2873255,0.0,0.0,0.0,0.0,0.0,0.243804,0.0,0.180995,0.2245165,0.0,0.0,0.243804,0.251882,0.0,0.447261303072,0.0,0.0,0.0,0.0,0.0,0.487516322713,0.0,0.04524875,0.17926775,0.0,0.0,0.19855525,0.33257425,0.1584482,0.4753446,0.6333333333333333,2
2025-06-15,0.1904354999999999,0.0616957737653074,2,0.14681,0.234061,0.2091895,0.418379,0.198519,0.0653847498427576,2,2,bullish,-0.0614465,0.0954238353793577,0.03983710702725,0.2133730416666667,0.0335524939954947,2.6666666666666665,0.2642049722222222,-0.0036830625,0.2228572035714285,0.0954238353793577,2.2857142857142856,0.2886622380952381,-0.0137887276785714,0.1955215755952381,0.0838720973323719,2.2142857142857144,0.2664628607142857,0.0051244265018314,0.1837760686111111,0.1204656257282377,2.1,0.2349060081481481,0.002436545418984,51.358456963921235,0.0113622108312741,0.0111767904875436,0.431303416881043,-0.0508397360477096,-0.2439495478041305,-0.5173566798233947,0.0,0.2798365,0.0,0.0,0.0,0.2,0.2,0.5808235,0.0,0.0,0.2,0.0,0.5,0.2,0.35,0.0,0.1904354999999999,0.0,0.0,0.0,0.234061,0.234061,0.1904354999999999,0.0,0.0,0.234061,0.0,0.14681,0.234061,0.1904354999999999,0.0,0.1215588961239999,0.0,0.0,0.0,0.0468122,0.0468122,0.25779239607,0.0,0.0,0.0468122,0.0,0.073405,0.0468122,0.1202172,0.15671095,0.3134219,0.8,2
2025-06-16,0.194128,0.1375803522019041,2,0.096844,0.291412,0.274682,0.549364,0.277154,0.1169795032388153,2,2,bullish,0.0036925,0.0461288284180019,0.0533234672959999,0.2121485,0.0344597142435917,2.0,0.2701853888888889,-0.0288769999999999,0.1916884892857143,0.0461288284180019,2.4285714285714284,0.2419989523809523,0.0101976857142857,0.1966395041666666,0.0837316230298408,2.2857142857142856,0.2573069321428571,0.0045227009706959,0.1893030852777777,0.1168362250468335,2.1,0.2390659914814814,0.0014312040137189,50.53033738100419,0.009731828404236,0.0108877980708821,0.4323807103854292,-0.0429475045520958,0.019389767139005,0.2633393149431356,0.0,0.9884565,0.0,0.0,0.0,0.0,0.0,0.2901519999999999,0.0,0.0,0.0,0.0,0.5,0.0,0.75,0.0,0.194128,0.0,0.0,0.0,0.0,0.0,0.194128,0.0,0.0,0.0,0.0,0.096844,0.0,0.194128,0.0,0.381528171156,0.0,0.0,0.0,0.0,0.0,0.127396450544,0.0,0.0,0.0,0.0,0.048422,0.0,0.339834,0.1067484,0.2134968,0.6,2
2025-06-17,0.14127775,0.1686319711529123,4,-0.029626,0.37339,0.1550965,0.620386,0.260023,0.070519469202956,4,3,neutral,-0.0528502499999999,0.0337241701191519,0.021911684552875,0.1752804166666667,0.0295049935501744,2.3333333333333335,0.2129893333333333,-0.0245788749999999,0.1974634535714285,0.0337241701191519,2.7142857142857144,0.2536950952380952,-0.0081799633928571,0.2026146767857142,0.0756423505411614,2.2857142857142856,0.2623526583333334,-0.0016419481868131,0.1891782102777778,0.1168871735146648,2.1666666666666665,0.2423103081481481,0.0008159901390433,52.971521591669365,0.0041275896170411,0.0095357563801139,0.4150975944350988,-0.0069494636017654,-0.2722443439380202,-0.2916341110770253,0.0,0.8051206666666667,0.0,0.0,0.158519,0.333333,0.0,0.5833016666666667,0.0,0.0,0.333333,0.0,0.333333,0.0,0.6666665,0.0,0.147052,0.0,0.0,0.097392,0.37339,0.0,0.147052,0.0,0.0,0.097392,0.0,0.235391,0.0,0.14127775,0.0,0.234517938064,0.0,0.0,0.015438482448,0.12446320887,0.0,0.361286447676,0.0,0.0,0.032463967536,0.0,0.156927176406,0.0,0.251256176406,0.089308375,0.3572335,0.55,3
2025-06-18,0.1662116666666666,0.1470597208087018,3,0.0,0.279431,0.297002,0.891006,0.1719056666666666,0.0466112886040853,3,3,bullish,0.0249339166666666,0.033812501927452,0.0493651974233333,0.1672058055555556,0.0264391464567869,2.6666666666666665,0.2422601666666666,-0.0139581666666666,0.1897331916666666,0.033812501927452,2.7142857142857144,0.2515552023809523,-0.0082626482142857,0.2026256529761904,0.0756366488200878,2.2857142857142856,0.2656192154761904,-0.0038871993589743,0.1825360991666666,0.1120866511314261,2.2333333333333334,0.2410010414814814,0.0018836588190582,50.0058028152037,0.0016787945502148,0.0079643640141341,0.4083825392813995,0.0119840582186004,0.1764886308471551,0.4487329747851754,0.0,0.995077,0.0,0.0,0.158519,0.0,0.0,0.8402970000000001,0.0,0.0,0.0,0.838487,0.0,0.0,1.0,0.0,0.279431,0.0,0.0,0.2493175,0.0,0.0,0.2493175,0.0,0.0,0.0,0.219204,0.0,0.0,0.1662116666666666,0.0,0.2780553611869999,0.0,0.0,0.0790431215649999,0.0,0.0,0.409625596143,0.0,0.0,0.0,0.183799704348,0.0,0.0,0.498635,0.0831058333333333,0.2493175,0.5,3
2025-06-19,0.130901,0.1470597208087018,1,0.130901,0.130901,0.482982,0.482982,0.243945,0.0466112886040853,1,1,neutral,-0.0353106666666666,0.0405582853264382,0.063222826782,0.146130138888889,0.0181485551369214,2.3333333333333335,0.3116935,-0.005188375,0.1818053630952381,0.0405582853264382,2.4285714285714284,0.2860539166666666,-0.0150428675595238,0.1950188136904762,0.0772095226206372,2.142857142857143,0.2796793761904761,-0.0047901752564102,0.1833794991666666,0.1115818286443433,2.2,0.253733897037037,0.0010199284631071,45.86598264474137,-0.0030757112211903,0.0057563489670692,0.3597775416132912,0.0286630058867088,-0.2124439720436793,-0.3889326028908345,0.0,0.999999,0.0,0.0,0.0,0.0,0.0,0.5855,0.0,0.0,0.0,0.0,0.0,0.0,1.0,0.0,0.130901,0.0,0.0,0.0,0.0,0.0,0.130901,0.0,0.0,0.0,0.0,0.0,0.0,0.130901,0.0,0.1309008690989999,0.0,0.0,0.0,0.0,0.0,0.0766425355,0.0,0.0,0.0,0.0,0.0,0.0,0.130901,0.0654505,0.0654505,0.5,1
2025-06-20,0.1612702,0.0918620618356675,5,0.074357,0.314688,0.1555112,0.777556,0.2405144,0.0592924161280344,5,4,bullish,0.0303692,0.0405072221804181,0.02507932232624,0.152794288888889,0.0191204497066285,2.6666666666666665,0.3118317333333333,-0.0024707333333333,0.176586588095238,0.0405072221804181,2.4285714285714284,0.2715925523809523,-0.0149578833333333,0.1946546994047619,0.0773668917533857,2.2857142857142856,0.2774791333333333,-0.0066989602747252,0.1843636058333333,0.1112404172062438,2.1666666666666665,0.2551259999999999,0.0005212016221727,49.79566806899911,-0.0043430883885874,0.0037364614959379,0.3291812915534345,0.0388940759465654,0.2320012834126554,0.4444452554563348,0.0,0.5843695,0.0,0.0,0.0,0.2916665,0.3333333333333333,0.78975225,0.0,0.0,0.2777776666666666,0.769861,0.333333,0.25,0.3333332,0.0,0.2407605,0.0,0.0,0.0,0.1945225,0.1082766666666666,0.1829985,0.0,0.0,0.1207313333333333,0.129469,0.2407605,0.121004,0.1612702,0.0,0.321828446667,0.0,0.0,0.0,0.123485145104,0.11357475,0.591787582449,0.0,0.0,0.104451194389,0.099673133809,0.160506839493,0.030251,0.274081589493,0.09322262,0.4661131,0.54,4
2025-06-22,-0.117454,0.0918620618356675,1,-0.117454,-0.117454,0.046363,0.046363,-0.016961,0.0592924161280344,1,1,neutral,-0.2787242,0.108894801781013,-0.005445519802,0.0582390666666667,0.1529104716270712,2.0,0.2282854,-0.1241775,0.1238243023809523,0.108894801781013,2.2857142857142856,0.2315466,-0.0357057446428571,0.1683142172619047,0.1117350846243595,2.2142857142857144,0.256089669047619,-0.0137485038644688,0.1751976169444444,0.1241122425578294,2.1333333333333333,0.2531213777777777,-0.0016110979736744,37.20591759310602,-0.0275209445086819,-0.002515019704986,0.3686795528290919,-0.0273158853290919,-1.7283056634145677,-1.960306946827223,0.0,0.891286,0.0,0.0,0.0,0.0,0.0,0.459462,0.310843,0.0,0.0,0.0,0.0,0.0,1.0,0.0,-0.117454,0.0,0.0,0.0,0.0,0.0,-0.117454,-0.117454,0.0,0.0,0.0,0.0,0.0,-0.117454,0.0,-0.104685105844,0.0,0.0,0.0,0.0,0.0,-0.053965649748,-0.036509753722,0.0,0.0,0.0,0.0,0.0,-0.117454,-0.0822178,-0.0822178,0.7,1
2025-06-23,0.2492039999999999,0.1262207449391739,5,0.097597,0.387787,0.3400126,1.700063,0.2618858,0.097340590100944,5,3,bullish,0.366658,0.1168603818769836,0.0847324999704,0.0976734,0.1914234493699244,2.6666666666666665,0.1806289333333333,0.0439669,0.1322198023809523,0.1168603818769836,2.4285714285714284,0.2502356142857142,-0.0127563202380952,0.1775385029761904,0.1127711528841344,2.357142857142857,0.2694489261904761,-0.0130280337179487,0.1793064475,0.1244651565662388,2.066666666666667,0.2566899061111111,-0.0014733514627363,53.851314028543065,-0.0161175554771614,-0.0052355268594211,0.3753044758640085,-0.0268681083640085,-3.1217157355219913,-1.3934100721074238,0.0,0.9868976666666668,0.0,0.0,0.158519,0.25,0.5,0.4383828,0.158519,0.0,0.2916665,0.576289,0.2916665,0.0,0.6166666000000001,0.0,0.2858653333333333,0.0,0.0,0.15259,0.207583,0.180841,0.2492039999999999,0.207583,0.0,0.15259,0.180841,0.15259,0.0,0.2492039999999999,0.0,0.849235516906,0.0,0.0,0.04837682842,0.05189575,0.0904205,0.516536557654,0.032905849577,0.0,0.0844280508009999,0.104216679049,0.0844280508009999,0.0,0.934847550801,0.13290532,0.6645266,0.54,3
2025-06-24,0.5068256666666667,0.3479105246041478,3,0.105316,0.719166,0.5752700000000001,1.72581,0.408236,0.1543262099450381,3,2,bullish,0.2576216666666667,0.1846015865275891,0.2915616012633334,0.2128585555555556,0.3137228379513663,2.0,0.3205485333333333,0.3121398333333334,0.1768908976190476,0.1846015865275891,2.4285714285714284,0.2931767571428571,0.036224050595238,0.1842896934523809,0.1294960878159554,2.4285714285714284,0.2675878547619048,0.0041198576739926,0.1914216363888888,0.1378191915697083,2.033333333333333,0.256509695,0.0003918381887282,52.8781881935756,0.013551401015784,-0.0014781412843801,0.4390412852001119,-0.0456848843667785,1.0337782165080287,4.15549395203002,0.0,0.0,0.0,0.0,0.0,0.0,0.0,0.452403,0.0,0.0,0.0,0.0,0.5,0.0,0.8333333333333334,0.0,0.0,0.0,0.0,0.0,0.0,0.0,0.4006555,0.0,0.0,0.0,0.0,0.105316,0.0,0.5068256666666667,0.0,0.0,0.0,0.0,0.0,0.0,0.0,0.159189612237,0.0,0.0,0.0,0.0,0.052658,0.0,1.467819,0.2534128333333333,0.7602385,0.5,2
2025-06-25,0.303149125,0.1524684607455751,8,0.050538,0.423702,0.4508908749999999,3.607127,0.288081625,0.0740051720546563,8,3,bullish,-0.2036765416666667,0.1894712495641643,0.1366871742267343,0.3530595972222223,0.135869504349253,2.6666666666666665,0.4553911583333334,0.0269725625,0.2000153797619047,0.1894712495641643,2.4285714285714284,0.3354330964285714,0.044664125297619,0.1987394166666666,0.1307501544388773,2.5714285714285716,0.2945640958333334,0.0047651812087912,0.1872653072222222,0.1322095211649347,2.1,0.2617753241666666,0.002743125272525,56.5930245539573,0.0203941871647419,0.0028963244054443,0.4499697328706553,-0.042904219537322,-0.4018670621127449,-1.4356452786207736,0.0,0.7635835,0.0,0.0,0.0,0.0,0.0,0.3187651666666666,0.0,0.0,0.5,0.0,0.0,0.0,0.5625,0.0,0.319283,0.0,0.0,0.0,0.0,0.0,0.2744341666666667,0.0,0.0,0.3392364285714286,0.0,0.0,0.0,0.303149125,0.0,0.467271877046,0.0,0.0,0.0,0.0,0.0,0.402089236848,0.0,0.0,1.1873275,0.0,0.0,0.0,1.2378655,0.1515745625,1.2125965,0.5,3
2025-06-26,0.2314063333333333,0.2541906663163172,3,0.039896,0.51979,0.309795,0.929385,0.3008146666666667,0.0917856671617814,3,3,bullish,-0.0717427916666667,0.1891347118393304,0.0716885250349999,0.3471270416666668,0.1428793027670546,2.6666666666666665,0.4453186250000001,-0.1377096666666666,0.2093289035714285,0.1891347118393304,2.4285714285714284,0.3372606678571428,0.0431983398809523,0.1995310476190476,0.13092432305976,2.5714285714285716,0.2944079351190476,0.0064100848717948,0.1923852183333333,0.1307910559811182,2.1666666666666665,0.2675678408333333,0.0022730350018539,50.37279783708746,0.0197998637328344,0.0062770322709223,0.4495114235846329,-0.0430449519179662,-0.2366584157769438,0.1652086463358011,0.0,0.404623,0.0,0.0,0.310843,0.25,0.25,0.623304,0.0,0.0,0.0,0.0,0.333333,0.2916665,0.5277776666666667,0.0,0.3271615,0.0,0.0,0.134533,0.134533,0.134533,0.134533,0.0,0.0,0.0,0.0,0.039896,0.0872145,0.2314063333333333,0.0,0.169940846501,0.0,0.0,0.041818641319,0.03363325,0.03363325,0.083854957032,0.0,0.0,0.0,0.0,0.0132986533679999,0.046931903368,0.566721903368,0.1246720333333333,0.3740160999999999,0.5666666666666667,3
2025-06-27,0.033676,0.2541906663163172,1,0.033676,0.033676,0.050572,0.050572,0.204503,0.0917856671617814,1,1,neutral,-0.1977303333333332,0.1991583356721364,0.001703062672,0.1894104861111112,0.1395588752543191,2.3333333333333335,0.2704192916666666,-0.1347365625,0.1954396178571428,0.1991583356721364,2.4285714285714284,0.2754878107142857,0.0131743997023809,0.1886224904761904,0.1382597133096568,2.4285714285714284,0.2807708636904761,0.001238339084249,0.19002666,0.1330502633555847,2.1333333333333333,0.2621668741666667,0.0006425358138672,45.372808077550935,0.0033352351926999,0.0056886728552778,0.4539584114471128,-0.0607611197804461,-0.8544724359316008,-0.617814020154657,0.0,0.0,0.0,0.0,0.0,0.2,0.2,1.0,0.0,0.2,0.2,0.0,0.0,0.0,0.2,0.0,0.0,0.0,0.0,0.0,0.033676,0.033676,0.033676,0.0,0.033676,0.033676,0.0,0.0,0.0,0.033676,0.0,0.0,0.0,0.0,0.0,0.0067352,0.0067352,0.033676,0.0,0.0067352,0.0067352,0.0,0.0,0.0,0.0067352,0.0235731999999999,0.0235731999999999,0.7,1
2025-06-28,0.07085,0.2541906663163172,1,0.07085,0.07085,0.055236,0.055236,0.202322,0.0917856671617814,1,1,neutral,0.037174,0.2046017703341703,0.0039134706,0.1119774444444445,0.1050853043718576,1.6666666666666667,0.1385343333333333,-0.0802781666666666,0.1825224464285714,0.2046017703341703,2.0,0.2611627821428571,-0.0050558333333332,0.1795545172619047,0.1417309578270471,2.2142857142857144,0.2663776672619047,-0.0018239803846153,0.1939173766666666,0.1275052140790092,2.1,0.2613503408333333,-0.001753229725621,46.21268507728965,-0.0066369651002606,0.0032235452641701,0.4494724270153862,-0.0743214103487196,1.1038721938472502,1.9583446297788512,0.0,0.310843,0.0,0.0,0.0,0.0,0.0,0.365926,0.0,0.0,0.0,0.0,0.5,0.0,0.5,0.0,0.07085,0.0,0.0,0.0,0.0,0.0,0.07085,0.0,0.0,0.0,0.0,0.07085,0.0,0.07085,0.0,0.0220232265499999,0.0,0.0,0.0,0.0,0.0,0.0259258570999999,0.0,0.0,0.0,0.0,0.035425,0.0,0.035425,0.0495949999999999,0.0495949999999999,0.7,1
