date,sentiment_mean,sentiment_std,sentiment_count,sentiment_min,sentiment_max,relevance_mean,relevance_sum,overall_sentiment_mean,overall_sentiment_std,source_count,article_count,sentiment_polarity,sentiment_momentum,sentiment_volatility,weighted_sentiment,sentiment_ma_3d,sentiment_std_3d,article_count_ma_3d,relevance_ma_3d,sentiment_trend_3d,sentiment_ma_7d,sentiment_std_7d,article_count_ma_7d,relevance_ma_7d,sentiment_trend_7d,sentiment_ma_14d,sentiment_std_14d,article_count_ma_14d,relevance_ma_14d,sentiment_trend_14d,sentiment_ma_30d,sentiment_std_30d,article_count_ma_30d,relevance_ma_30d,sentiment_trend_30d,sentiment_rsi,sentiment_macd,sentiment_macd_signal,sentiment_bb_upper,sentiment_bb_lower,sentiment_rate_of_change,sentiment_acceleration,Blockchain_relevance_score,Earnings_relevance_score,Economy - Fiscal_relevance_score,Economy - Macro_relevance_score,Economy - Monetary_relevance_score,Energy & Transportation_relevance_score,Finance_relevance_score,Financial Markets_relevance_score,IPO_relevance_score,Life Sciences_relevance_score,Manufacturing_relevance_score,Mergers & Acquisitions_relevance_score,Real Estate & Construction_relevance_score,Retail & Wholesale_relevance_score,Technology_relevance_score,Blockchain_sentiment_score,Earnings_sentiment_score,Economy - Fiscal_sentiment_score,Economy - Macro_sentiment_score,Economy - Monetary_sentiment_score,Energy & Transportation_sentiment_score,Finance_sentiment_score,Financial Markets_sentiment_score,IPO_sentiment_score,Life Sciences_sentiment_score,Manufacturing_sentiment_score,Mergers & Acquisitions_sentiment_score,Real Estate & Construction_sentiment_score,Retail & Wholesale_sentiment_score,Technology_sentiment_score,Blockchain_weighted_sentiment,Earnings_weighted_sentiment,Economy - Fiscal_weighted_sentiment,Economy - Macro_weighted_sentiment,Economy - Monetary_weighted_sentiment,Energy & Transportation_weighted_sentiment,Finance_weighted_sentiment,Financial Markets_weighted_sentiment,IPO_weighted_sentiment,Life Sciences_weighted_sentiment,Manufacturing_weighted_sentiment,Mergers & Acquisitions_weighted_sentiment,Real Estate & Construction_weighted_sentiment,Retail & Wholesale_weighted_sentiment,Technology_weighted_sentiment,weighted_sentiment_mean,weighted_sentiment_sum,avg_source_weight,unique_sources
2024-01-01,0.10772652173913044,0.12552788989697922,23,-0.12525,0.387251,0.1981420434782609,4.557267,0.14573473913043478,0.10985803516490039,10,23,neutral,0.0,0.12552788989697922,0.021345153154196602,0.10772652173913044,0.12552788989697922,23.0,0.1981420434782609,0.0,0.10772652173913044,0.12552788989697922,23.0,0.1981420434782609,0.0,0.10772652173913044,0.12552788989697922,23.0,0.1981420434782609,0.0,0.10772652173913044,0.12552788989697922,23.0,0.1981420434782609,0.0,50.0,0.0,0.0,0.3587823015330889,-0.143329258054828,0.0,0.0,0.0,0.0,0.0,0.0,0.0,0.0,0.0,0.0,0.0,0.0,0.0,0.0,0.0,0.0,0.0,0.0,0.0,0.0,0.0,0.0,0.0,0.0,0.0,0.0,0.0,0.0,0.0,0.0,0.0,0.0,0.0,0.0,0.0,0.0,0.0,0.0,0.0,0.0,0.0,0.0,0.0,0.0,0.0,0.0,0.0,0.021345153154196602,0.49093852254652187,0.1981420434782609,10
2024-01-02,0.11486853999999999,0.1500113509542215,50,-0.144205,0.577741,0.1659771,8.298855,0.17662490000000003,0.12501022890657992,13,50,neutral,0.007142018260869548,0.13776962042560037,0.019065547150433997,0.11129753086956522,0.13776962042560037,36.5,0.18205957173913045,0.0,0.11129753086956522,0.13776962042560037,36.5,0.18205957173913045,0.0,0.11129753086956522,0.13776962042560037,36.5,0.18205957173913045,0.0,0.11129753086956522,0.13776962042560037,36.5,0.18205957173913045,0.0,50.0,0.0,0.0,0.38683677172076597,-0.1642417099816355,0.06629767809792098,0.0,0.0,0.0,0.0,0.0,0.0,0.0,0.0,0.0,0.0,0.0,0.0,0.0,0.0,0.0,0.0,0.0,0.0,0.0,0.0,0.0,0.0,0.0,0.0,0.0,0.0,0.0,0.0,0.0,0.0,0.0,0.0,0.0,0.0,0.0,0.0,0.0,0.0,0.0,0.0,0.0,0.0,0.0,0.0,0.0,0.0,0.019065547150433997,0.9532773575216998,0.1659771,13
2024-01-03,0.11340782089552238,0.15535632625432463,67,-0.259585,0.55608,0.1518303880597015,10.172636,0.18298692537313432,0.15515234138081482,18,67,neutral,-0.0014607191044776063,0.14363185570184178,0.017218753455572288,0.1120009608782176,0.14363185570184178,46.666666666666664,0.1719831771793208,0.0,0.1120009608782176,0.14363185570184178,46.666666666666664,0.1719831771793208,0.0,0.1120009608782176,0.14363185570184178,46.666666666666664,0.1719831771793208,0.0,0.1120009608782176,0.14363185570184178,46.666666666666664,0.1719831771793208,0.0,50.0,0.0,0.0,0.39926467228190116,-0.17526275052546597,-0.012716441807979817,-0.008602737365347154,0.0,0.0,0.0,0.0,0.0,0.0,0.0,0.0,0.0,0.0,0.0,0.0,0.0,0.0,0.0,0.0,0.0,0.0,0.0,0.0,0.0,0.0,0.0,0.0,0.0,0.0,0.0,0.0,0.0,0.0,0.0,0.0,0.0,0.0,0.0,0.0,0.0,0.0,0.0,0.0,0.0,0.0,0.0,0.0,0.0,0.017218753455572288,1.1536564815233432,0.1518303880597015,18
2024-01-04,0.14193895,0.14441078985827593,80,-0.237962,0.554865,0.2229977125,17.839817,0.19679511249999998,0.14330497638536482,24,80,neutral,0.028531129104477623,0.14382658924095032,0.03165206116465188,0.1234051036318408,0.1499261556889407,65.66666666666667,0.18026840018656717,0.034212428260869565,0.11948545815866321,0.14382658924095032,55.0,0.1847368110094906,0.0,0.11948545815866321,0.14382658924095032,55.0,0.1847368110094906,0.0,0.11948545815866321,0.14382658924095032,55.0,0.1847368110094906,0.0,50.0,0.0,0.0,0.4071386366405638,-0.16816772032323743,0.25157990762173355,0.02999184820895523,0.0,0.0,0.0,0.0,0.0,0.0,0.0,0.0,0.0,0.0,0.0,0.0,0.0,0.0,0.0,0.0,0.0,0.0,0.0,0.0,0.0,0.0,0.0,0.0,0.0,0.0,0.0,0.0,0.0,0.0,0.0,0.0,0.0,0.0,0.0,0.0,0.0,0.0,0.0,0.0,0.0,0.0,0.0,0.0,0.0,0.03165206116465188,2.5321648931721503,0.2229977125,24
2024-01-05,0.11418042028985508,0.1746920875598318,69,-0.175987,0.723633,0.18322401449275363,12.642457,0.18891891304347827,0.1477422606737569,12,69,neutral,-0.027758529710144933,0.14999968890472662,0.020920594981977108,0.12317573039512582,0.15815306789081077,72.0,0.1860173716841517,-0.000688119710144916,0.11842445058490159,0.14999968890472662,57.8,0.1844342517061432,0.0,0.11842445058490159,0.14999968890472662,57.8,0.1844342517061432,0.0,0.11842445058490159,0.14999968890472662,57.8,0.1844342517061432,0.0,50.0,0.0,0.0,0.4184238283943548,-0.18157492722455165,-0.19556668349417072,-0.056289658814622556,0.0,0.0,0.0,0.0,0.0,0.0,0.0,0.0,0.0,0.0,0.0,0.0,0.0,0.0,0.0,0.0,0.0,0.0,0.0,0.0,0.0,0.0,0.0,0.0,0.0,0.0,0.0,0.0,0.0,0.0,0.0,0.0,0.0,0.0,0.0,0.0,0.0,0.0,0.0,0.0,0.0,0.0,0.0,0.0,0.0,0.020920594981977108,1.4435210537564205,0.18322401449275363,12
2024-01-06,0.0710367,0.14560960670776318,20,-0.243832,0.357593,0.14079380000000002,2.8158760000000003,0.18601395,0.13822366102405229,7,20,neutral,-0.04314372028985508,0.1540160322668834,0.010001526932460002,0.10905202342995168,0.1549041613752903,56.333333333333336,0.18233850899758455,-0.04237112089552239,0.11052649215408465,0.14926800853856603,51.5,0.17716084308845267,0.0,0.11052649215408465,0.14926800853856603,51.5,0.17716084308845267,0.0,0.11052649215408465,0.14926800853856603,51.5,0.17716084308845267,0.0,50.0,0.0,0.0,0.40906250923121673,-0.1880095249230474,-0.37785567946178245,-0.015385190579710148,0.0,0.0,0.0,0.0,0.0,0.0,0.0,0.0,0.0,0.0,0.0,0.0,0.0,0.0,0.0,0.0,0.0,0.0,0.0,0.0,0.0,0.0,0.0,0.0,0.0,0.0,0.0,0.0,0.0,0.0,0.0,0.0,0.0,0.0,0.0,0.0,0.0,0.0,0.0,0.0,0.0,0.0,0.0,0.0,0.0,0.010001526932460002,0.20003053864920003,0.14079380000000002,7
2024-01-07,0.09581533333333332,0.0914765114849122,24,-0.103918,0.277184,0.13016445833333334,3.1239470000000003,0.214855125,0.12614673856795316,10,24,neutral,0.024778633333333328,0.14230906437302154,0.01247175096336111,0.0936774845410628,0.13725940191750238,37.666666666666664,0.151394090942029,-0.046123616666666686,0.10842489803683446,0.14101208038804408,47.57142857142857,0.17044707383772134,0.0,0.10842489803683446,0.14101208038804408,47.57142857142857,0.17044707383772134,0.0,0.10842489803683446,0.14101208038804408,47.57142857142857,0.17044707383772134,0.0,50.0,0.0,0.0,0.39044905881292263,-0.1735992627392537,0.3488145329573773,0.06792235362318841,0.0,0.0,0.0,0.0,0.0,0.0,0.0,0.0,0.0,0.0,0.0,0.0,0.0,0.0,0.0,0.0,0.0,0.0,0.0,0.0,0.0,0.0,0.0,0.0,0.0,0.0,0.0,0.0,0.0,0.0,0.0,0.0,0.0,0.0,0.0,0.0,0.0,0.0,0.0,0.0,0.0,0.0,0.0,0.0,0.0,0.01247175096336111,0.29932202312066664,0.13016445833333334,10
2024-01-08,0.14629082278481012,0.17936621146541332,79,-0.468557,0.66463,0.1723756835443038,13.617679,0.2415990253164557,0.1304549575157466,17,79,neutral,0.0504754894514768,0.14711104141523929,0.02521698057379026,0.10438095203938114,0.1388174432193629,41.0,0.14777798062587907,0.032110402494955045,0.11393408390050298,0.14870326918353466,55.57142857142857,0.16676616527572746,0.03856430104567968,0.11315813863033142,0.14580634677271523,51.5,0.17068815005104415,0.0,0.11315813863033142,0.14580634677271523,51.5,0.17068815005104415,0.0,50.0,0.0,0.0,0.4047708321757619,-0.17845455491509904,0.5267997062211003,0.02569685611814347,0.0,0.0,0.0,0.0,0.0,0.0,0.0,0.0,0.0,0.0,0.0,0.0,0.0,0.0,0.0,0.0,0.0,0.0,0.0,0.0,0.0,0.0,0.0,0.0,0.0,0.0,0.0,0.0,0.0,0.0,0.0,0.0,0.0,0.0,0.0,0.0,0.0,0.0,0.0,0.0,0.0,0.0,0.0,0.0,0.0,0.02521698057379026,1.9921414653294305,0.1723756835443038,17
2024-01-09,0.11977876923076923,0.13327509605927282,78,-0.185376,0.447909,0.21838165384615385,17.033769,0.21165983333333335,0.13082525698445918,22,78,neutral,-0.02651205355404089,0.14488390265543866,0.02615748572027219,0.12062830844963755,0.1347059396698661,60.333333333333336,0.17364059857459702,0.048742069230769236,0.1146355452191843,0.1463123756271134,59.57142857142857,0.17425253011089234,0.004910229230769239,0.11389376425260228,0.14441398558233273,54.44444444444444,0.1759874282505008,0.0,0.11389376425260228,0.14441398558233273,54.44444444444444,0.1759874282505008,0.0,50.0,0.0,0.0,0.40272173541726775,-0.17493420691206318,-0.18122841234572462,-0.07698754300551769,0.0,0.0,0.0,0.0,0.0,0.0,0.0,0.0,0.0,0.0,0.0,0.0,0.0,0.0,0.0,0.0,0.0,0.0,0.0,0.0,0.0,0.0,0.0,0.0,0.0,0.0,0.0,0.0,0.0,0.0,0.0,0.0,0.0,0.0,0.0,0.0,0.0,0.0,0.0,0.0,0.0,0.0,0.0,0.0,0.0,0.02615748572027219,2.0402838861812307,0.21838165384615385,22
2024-01-10,0.08846078873239437,0.1372892768824713,71,-0.204694,0.52251,0.16846511267605635,11.961023,0.1789732676056338,0.12982837747095838,18,71,neutral,-0.031317980498374864,0.13740334051996655,0.014902556741215633,0.11817679358265791,0.14997686146905248,76.0,0.18640748335550464,-0.007354544600938956,0.11107168348159459,0.14373136857399152,60.142857142857146,0.17662891934180017,-0.02494703216312802,0.11135046670058149,0.1437015147123466,56.1,0.17523519669305634,0.0,0.11135046670058149,0.1437015147123466,56.1,0.17523519669305634,0.0,50.0,0.0,0.0,0.39875349612527466,-0.1760525627241117,-0.2614652053907546,-0.004805926944333974,0.0,0.0,0.0,0.0,0.0,0.0,0.0,0.0,0.0,0.0,0.0,0.0,0.0,0.0,0.0,0.0,0.0,0.0,0.0,0.0,0.0,0.0,0.0,0.0,0.0,0.0,0.0,0.0,0.0,0.0,0.0,0.0,0.0,0.0,0.0,0.0,0.0,0.0,0.0,0.0,0.0,0.0,0.0,0.0,0.0,0.014902556741215633,1.0580815286263099,0.16846511267605635,18
2024-01-11,0.12744708974358973,0.16762100944118777,78,-0.209978,0.653149,0.2363395384615385,18.434484,0.1650278717948718,0.13128324509167777,19,78,neutral,0.038986301011195365,0.14180562106665145,0.03012078636826627,0.11189554923558442,0.14606179412764397,75.66666666666667,0.20772876832791623,-0.01884373304122039,0.10900141773067884,0.14704711422869318,59.857142857142854,0.17853489447916276,-0.014491860256410277,0.11281379606812769,0.14587601423315033,58.09090909090909,0.18079013685382744,0.0,0.11281379606812769,0.14587601423315033,58.09090909090909,0.18079013685382744,0.0,50.0,0.0,0.0,0.40456582453442835,-0.17893823239817297,0.440718442259588,0.07030428150957023,0.0,0.0,0.0,0.0,0.0,0.0,0.0,0.0,0.0,0.0,0.0,0.0,0.0,0.0,0.0,0.0,0.0,0.0,0.0,0.0,0.0,0.0,0.0,0.0,0.0,0.0,0.0,0.0,0.0,0.0,0.0,0.0,0.0,0.0,0.0,0.0,0.0,0.0,0.0,0.0,0.0,0.0,0.0,0.0,0.0,0.03012078636826627,2.3494213367247694,0.2363395384615385,19
2024-01-12,0.08036851785714286,0.10902032533731597,56,-0.203319,0.365037,0.159715625,8.944075,0.15629480357142858,0.13740154616126474,19,56,neutral,-0.047078571886446874,0.14531438383713222,0.012836108059877232,0.09875879877770898,0.13797687055365834,68.33333333333333,0.18817342537919826,-0.03941025137362637,0.10417114595457709,0.13766543391119093,58.0,0.1751765531230551,-0.03381190243271222,0.11011002288387896,0.14280470682516413,57.916666666666664,0.17903392753267514,0.0,0.11011002288387896,0.14280470682516413,57.916666666666664,0.17903392753267514,0.0,50.0,0.0,0.0,0.3957194365342072,-0.17549939076644933,-0.36939699432261697,-0.08606487289764224,0.0,0.0,0.0,0.0,0.0,0.0,0.0,0.0,0.0,0.0,0.0,0.0,0.0,0.0,0.0,0.0,0.0,0.0,0.0,0.0,0.0,0.0,0.0,0.0,0.0,0.0,0.0,0.0,0.0,0.0,0.0,0.0,0.0,0.0,0.0,0.0,0.0,0.0,0.0,0.0,0.0,0.0,0.0,0.0,0.0,0.012836108059877232,0.718822051353125,0.159715625,19
2024-01-13,0.11913796,0.25319078026534325,25,-0.794517,0.640405,0.16455283999999998,4.113821,0.21068747999999998,0.17504483967784748,8,25,neutral,0.038769442142857144,0.16007929759711823,0.019604489669806397,0.10898452253357753,0.17661070501461565,53.0,0.1868693344871795,0.030677171267605635,0.11104275452600566,0.15303417299084524,58.714285714285715,0.1785707016944837,0.04810126000000001,0.11080447958511905,0.15129594324363943,55.38461538461539,0.1779199977224694,0.0,0.11080447958511905,0.15129594324363943,55.38461538461539,0.1779199977224694,0.0,50.0,0.0,0.0,0.41339636607239794,-0.1917874069021598,0.48239588307166303,0.08584801402930402,0.0,0.0,0.0,0.0,0.0,0.0,0.0,0.0,0.0,0.0,0.0,0.0,0.0,0.0,0.0,0.0,0.0,0.0,0.0,0.0,0.0,0.0,0.0,0.0,0.0,0.0,0.0,0.0,0.0,0.0,0.0,0.0,0.0,0.0,0.0,0.0,0.0,0.0,0.0,0.0,0.0,0.0,0.0,0.0,0.0,0.019604489669806397,0.49011224174515994,0.16455283999999998,8
2024-01-14,0.0800827619047619,0.1419979692308678,21,-0.146265,0.450208,0.12683357142857143,2.6635050000000002,0.16124247619047619,0.13903747633628102,8,21,neutral,-0.039055198095238094,0.1618238722314372,0.010157182702244898,0.09319641325396825,0.1680696916111757,34.0,0.15036734547619046,-0.047364327838827824,0.10879524432192403,0.1602515240974103,58.285714285714285,0.17809486070808914,-0.015732571428571415,0.10861007117937925,0.15063180224272718,52.92857142857143,0.17427096727290523,0.0,0.10861007117937925,0.15063180224272718,52.92857142857143,0.17427096727290523,0.0,50.0,0.0,0.0,0.4098736756648336,-0.1926535333060751,-0.32781489707594536,-0.07782464023809524,0.0,0.0,0.0,0.0,0.0,0.0,0.0,0.0,0.0,0.0,0.0,0.0,0.0,0.0,0.0,0.0,0.0,0.0,0.0,0.0,0.0,0.0,0.0,0.0,0.0,0.0,0.0,0.0,0.0,0.0,0.0,0.0,0.0,0.0,0.0,0.0,0.0,0.0,0.0,0.0,0.0,0.0,0.0,0.0,0.0,0.010157182702244898,0.21330083674714287,0.12683357142857143,8
2024-01-15,0.09844880327868853,0.15117970097953184,61,-0.224737,0.741737,0.16803388524590163,10.250067,0.17956795081967214,0.13921530442824,20,61,neutral,0.018366041373926625,0.16460195705084932,0.016542734912727494,0.09922317506115014,0.18212281682524764,35.666666666666664,0.15314009889149102,0.018080285421545675,0.10196067010676381,0.1562248797422844,55.714285714285715,0.17747460380831742,-0.04784201950612159,0.1079473770036334,0.15246407446290952,55.642857142857146,0.17212038454202244,-0.009277718460441911,0.1079326533193332,0.15066832882518083,53.46666666666667,0.17385516180443833,0.0,50.0,0.0,0.0,0.4092693109696949,-0.19340400433102845,0.22933826128235135,0.05742123946916472,0.0,0.0,0.0,0.0,0.0,0.0,0.0,0.0,0.0,0.0,0.0,0.0,0.0,0.0,0.0,0.0,0.0,0.0,0.0,0.0,0.0,0.0,0.0,0.0,0.0,0.0,0.0,0.0,0.0,0.0,0.0,0.0,0.0,0.0,0.0,0.0,0.0,0.0,0.0,0.0,0.0,0.0,0.0,0.0,0.0,0.016542734912727494,1.0091068296763772,0.16803388524590163,20
2024-01-16,0.14617087804878048,0.15112582103724856,82,-0.237392,0.500395,0.25471042682926825,20.886255,0.19299275609756097,0.12109370654947516,19,82,neutral,0.04772207477009195,0.1613029193700615,0.03723124673781379,0.10823414774407697,0.14810116374921609,54.666666666666664,0.18319262783458046,0.027032918048780483,0.1057309713664797,0.15877498331056664,56.285714285714285,0.18266442852019088,0.026392108818011253,0.11018325829283201,0.15254367946884,57.92857142857143,0.17845847931554157,0.03130233804878049,0.11032254236492366,0.15069692208843508,55.25,0.1789086158684902,0.0,50.0,0.0,0.0,0.4117163865417938,-0.19107130181194648,0.4847400189822568,0.029356033396165326,0.0,0.0,0.0,0.0,0.0,0.0,0.0,0.0,0.0,0.0,0.0,0.0,0.0,0.0,0.0,0.0,0.0,0.0,0.0,0.0,0.0,0.0,0.0,0.0,0.0,0.0,0.0,0.0,0.0,0.0,0.0,0.0,0.0,0.0,0.0,0.0,0.0,0.0,0.0,0.0,0.0,0.0,0.0,0.0,0.0,0.03723124673781379,3.052962232500731,0.25471042682926825,19
2024-01-17,0.13200879999999998,0.16722843977704058,80,-0.280079,0.746538,0.20890366249999998,16.712293,0.19072975,0.1408601414062899,19,80,neutral,-0.014162078048780502,0.1729445422580064,0.027577121802229994,0.12554282710915632,0.15651132059794032,74.33333333333333,0.21054932485838998,0.051926038095238075,0.11195211583328049,0.16305200658121938,57.57142857142857,0.1884413642093257,0.043548011267605616,0.11151189965743755,0.15339168757760543,58.857142857142854,0.1825351417755629,0.018600979104477597,0.11159820457875168,0.15166936430541186,56.705882352941174,0.18067303037622606,0.0,50.0,0.0,0.0,0.4149369331895754,-0.19174052403207203,-0.09688713810732053,-0.061884152818872454,0.0,0.0,0.0,0.0,0.0,0.0,0.0,0.0,0.0,0.0,0.0,0.0,0.0,0.0,0.0,0.0,0.0,0.0,0.0,0.0,0.0,0.0,0.0,0.0,0.0,0.0,0.0,0.0,0.0,0.0,0.0,0.0,0.0,0.0,0.0,0.0,0.0,0.0,0.0,0.0,0.0,0.0,0.0,0.0,0.0,0.027577121802229994,2.2061697441783994,0.20890366249999998,19
2024-01-18,0.12274660563380282,0.1528849279082127,71,-0.265876,0.529115,0.18599430985915494,13.205596,0.16460107042253522,0.13995441374179401,18,71,neutral,-0.009262194366197157,0.1528833717865803,0.022830170202413017,0.13364209456086107,0.15707972957416727,77.66666666666667,0.21653613306280772,0.024297802355114292,0.11128061810331094,0.1609468520765087,56.57142857142857,0.18124918869469944,-0.0047004841097869066,0.11014101791699489,0.15399698315260094,58.214285714285715,0.17989204158693115,-0.019192344366197184,0.11221756019292117,0.15173689561667858,57.5,0.18096865701416653,0.0,50.0,0.0,0.0,0.41569135142627833,-0.191256231040436,-0.0701634615737523,0.004899883682583345,0.0,0.0,0.0,0.0,0.0,0.0,0.0,0.0,0.0,0.0,0.0,0.0,0.0,0.0,0.0,0.0,0.0,0.0,0.0,0.0,0.0,0.0,0.0,0.0,0.0,0.0,0.0,0.0,0.0,0.0,0.0,0.0,0.0,0.0,0.0,0.0,0.0,0.0,0.0,0.0,0.0,0.0,0.0,0.0,0.0,0.022830170202413017,1.6209420843713243,0.18599430985915494,18
2024-01-19,0.1102377638888889,0.13525725130112254,72,-0.45073,0.421978,0.20868063888888888,15.025006,0.18287345833333332,0.13350813469333625,19,72,neutral,-0.012508841744913929,0.15153522820063123,0.023004486998015817,0.12166438984089722,0.15179020632879192,74.33333333333333,0.2011928704160146,-0.03593311415989159,0.11554765325070324,0.16469498435705246,58.857142857142854,0.18824419067882645,0.02986924603174604,0.10985939960264016,0.1511802091341217,58.42857142857143,0.18171037190094078,-0.00394265640096618,0.1121133603874458,0.15086954591585985,58.26315789473684,0.18242718237599406,0.0,50.0,0.0,0.0,0.4138524522191655,-0.18962573144427392,-0.10190784242321371,-0.0032466473787167716,0.0,0.0,0.0,0.0,0.0,0.0,0.0,0.0,0.0,0.0,0.0,0.0,0.0,0.0,0.0,0.0,0.0,0.0,0.0,0.0,0.0,0.0,0.0,0.0,0.0,0.0,0.0,0.0,0.0,0.0,0.0,0.0,0.0,0.0,0.0,0.0,0.0,0.0,0.0,0.0,0.0,0.0,0.0,0.0,0.0,0.023004486998015817,1.656323063857139,0.20868063888888888,19
2024-01-20,0.10689031578947368,0.16009206519562513,38,-0.40215,0.422717,0.19965594736842104,7.586926,0.12344431578947368,0.12445579839382145,14,38,neutral,-0.003347448099415215,0.1533177010438499,0.021341287263457062,0.11329156177072179,0.14941141480165346,60.333333333333336,0.19811029870548827,-0.0251184842105263,0.1137979897920566,0.1513951679185213,60.714285714285715,0.19325892030288658,-0.01224764421052632,0.11242037215903114,0.15221467045468326,59.714285714285715,0.18591481099868515,0.035853615789473686,0.11185220815754719,0.1513306718798481,57.25,0.1832886206256154,0.0,50.0,0.0,0.0,0.41451355191724343,-0.19080913560214902,-0.03036571118032816,0.009161393645498714,0.0,0.0,0.0,0.0,0.0,0.0,0.0,0.0,0.0,0.0,0.0,0.0,0.0,0.0,0.0,0.0,0.0,0.0,0.0,0.0,0.0,0.0,0.0,0.0,0.0,0.0,0.0,0.0,0.0,0.0,0.0,0.0,0.0,0.0,0.0,0.0,0.0,0.0,0.0,0.0,0.0,0.0,0.0,0.0,0.0,0.021341287263457062,0.8109689160113683,0.19965594736842104,14
2024-01-21,0.1399735652173913,0.09560005029088925,23,-0.04881,0.31483,0.12615017391304348,2.901454,0.23355482608695652,0.11144002477511152,8,23,neutral,0.03308324942791761,0.14221254689457802,0.017657689595402645,0.11903388163191793,0.13031645559587898,44.333333333333336,0.1781622533901178,0.01722695958358847,0.12235381883671795,0.14476689378423865,61.0,0.1931612920863826,0.05989080331262939,0.11557453157932099,0.15250920894082448,59.642857142857146,0.18562807639723586,0.04415823188405797,0.11319132039849214,0.14867683275656435,55.61904761904762,0.18056774221073102,0.0,50.0,0.0,0.0,0.4131331201305475,-0.18620399946762703,0.309506517812866,0.03643069752733283,0.0,0.0,0.0,0.0,0.0,0.0,0.0,0.0,0.0,0.0,0.0,0.0,0.0,0.0,0.0,0.0,0.0,0.0,0.0,0.0,0.0,0.0,0.0,0.0,0.0,0.0,0.0,0.0,0.0,0.0,0.0,0.0,0.0,0.0,0.0,0.0,0.0,0.0,0.0,0.0,0.0,0.0,0.0,0.0,0.0,0.017657689595402645,0.40612686069426085,0.12615017391304348,8
2024-01-22,0.11227957534246574,0.13941669179785765,73,-0.240853,0.576811,0.1503971095890411,10.978989,0.19131413698630137,0.15855876925347087,18,73,neutral,-0.02769398987492555,0.13665019729874145,0.016886523597391817,0.11971448544977688,0.13170293576145733,44.666666666666664,0.15873441029016855,0.0020418114535768472,0.12432964341725754,0.14308646390114235,62.714285714285715,0.1906417527068311,0.01383077206377721,0.11314515676201067,0.14965567182171338,59.214285714285715,0.18405817825757426,-0.03401124744234438,0.11314987744140005,0.1482559172584413,56.40909090909091,0.17919634981883603,0.0,50.0,0.0,0.0,0.41194420598203435,-0.18527398178486726,-0.19785157170151624,-0.060777239302843164,0.0,0.0,0.0,0.0,0.0,0.0,0.0,0.0,0.0,0.0,0.0,0.0,0.0,0.0,0.0,0.0,0.0,0.0,0.0,0.0,0.0,0.0,0.0,0.0,0.0,0.0,0.0,0.0,0.0,0.0,0.0,0.0,0.0,0.0,0.0,0.0,0.0,0.0,0.0,0.0,0.0,0.0,0.0,0.0,0.0,0.016886523597391817,1.2327162226096027,0.1503971095890411,18
2024-01-23,0.14736852857142857,0.16273748352179476,70,-0.290319,0.656464,0.17659421428571428,12.361595,0.19548582857142857,0.14630246902569233,17,70,neutral,0.03508895322896283,0.13862070842145785,0.026024429513513265,0.13320722304376187,0.13258474187018054,55.333333333333336,0.15104716592926629,0.04047821278195489,0.12450073634906442,0.14474527282750607,61.0,0.17948229377203767,0.001197650522648086,0.11511585385777205,0.15176012806903635,58.642857142857146,0.18107336114611425,0.02758975934065934,0.11463764488183607,0.1488855505742393,57.0,0.17908321349130898,0.0,50.0,0.0,0.0,0.4143803570925767,-0.18431406212781898,0.3125141248703287,0.06278294310388838,0.0,0.0,0.0,0.0,0.0,0.0,0.0,0.0,0.0,0.0,0.0,0.0,0.0,0.0,0.0,0.0,0.0,0.0,0.0,0.0,0.0,0.0,0.0,0.0,0.0,0.0,0.0,0.0,0.0,0.0,0.0,0.0,0.0,0.0,0.0,0.0,0.0,0.0,0.0,0.0,0.0,0.0,0.0,0.0,0.0,0.026024429513513265,1.8217100659459284,0.17659421428571428,17
2024-01-24,0.17775491208791208,0.18309405064299294,91,-0.318805,0.756359,0.25951692307692303,23.616039999999998,0.20316986813186816,0.15094653905834848,18,91,bullish,0.03038638351648351,0.14818806828983194,0.0461304078468639,0.14580100533393545,0.16174940865421514,78.0,0.19550274898389283,0.03778134687052079,0.13103589521876616,0.1470117886654993,62.57142857142857,0.18671275956874098,0.0457461120879121,0.12149400552602332,0.15503189762335934,60.07142857142857,0.1875770618890333,0.08929412335551772,0.11726753101542257,0.1503109047437707,58.416666666666664,0.18243461805737624,0.0,50.0,0.0,0.0,0.420039481275444,-0.1863915901018951,0.20619316628214435,-0.004702569712479315,0.0,0.0,0.0,0.0,0.0,0.0,0.0,0.0,0.0,0.0,0.0,0.0,0.0,0.0,0.0,0.0,0.0,0.0,0.0,0.0,0.0,0.0,0.0,0.0,0.0,0.0,0.0,0.0,0.0,0.0,0.0,0.0,0.0,0.0,0.0,0.0,0.0,0.0,0.0,0.0,0.0,0.0,0.0,0.0,0.0,0.0461304078468639,4.197867114064614,0.25951692307692303,18
2024-01-25,0.14718360576923079,0.15410937678989953,104,-0.238166,0.586085,0.2550399807692308,26.524158,0.17744519230769232,0.15523376441461306,22,104,neutral,-0.030571306318681296,0.14699153060868683,0.03753770398493066,0.15743568214285714,0.1666469703182291,88.33333333333333,0.23038370604395605,0.03490403042676504,0.134526895238113,0.14718670993431168,67.28571428571429,0.19657642684160898,0.02443700013542796,0.12290375667071197,0.15406678100541019,61.92857142857143,0.1889128077681542,0.019736516025641054,0.11846417400557491,0.15046284362561585,60.24,0.18533883256585043,0.0,50.0,0.0,0.0,0.4196313694724195,-0.18268315975093308,-0.17198571876068136,-0.06095768983516481,0.0,0.0,0.0,0.0,0.0,0.0,0.0,0.0,0.0,0.0,0.0,0.0,0.0,0.0,0.0,0.0,0.0,0.0,0.0,0.0,0.0,0.0,0.0,0.0,0.0,0.0,0.0,0.0,0.0,0.0,0.0,0.0,0.0,0.0,0.0,0.0,0.0,0.0,0.0,0.0,0.0,0.0,0.0,0.0,0.0,0.03753770398493066,3.903921214432789,0.2550399807692308,22
2024-01-26,0.09390640506329115,0.1709479603402007,79,-0.503435,0.602115,0.18901736708860759,14.932371999999999,0.17311845569620254,0.16033160966194307,21,79,neutral,-0.05327720070593964,0.1620611126185491,0.01774994143781958,0.13961497430681133,0.1693837959243644,91.33333333333333,0.2345247569782538,-0.05346212350813742,0.13219384397731332,0.15228538265417998,68.28571428571429,0.1937673880129973,-0.016331358825597747,0.12387074861400828,0.15849018350561625,63.57142857142857,0.1910057893459119,0.013537887206148291,0.11751964443087168,0.15125073273002296,60.96153846153846,0.18548031466287954,0.0,50.0,0.0,0.0,0.4233086900888278,-0.18407350986101229,-0.36197781965929665,-0.02270589438725834,0.0,0.0,0.0,0.0,0.0,0.0,0.0,0.0,0.0,0.0,0.0,0.0,0.0,0.0,0.0,0.0,0.0,0.0,0.0,0.0,0.0,0.0,0.0,0.0,0.0,0.0,0.0,0.0,0.0,0.0,0.0,0.0,0.0,0.0,0.0,0.0,0.0,0.0,0.0,0.0,0.0,0.0,0.0,0.0,0.0,0.01774994143781958,1.402245373587747,0.18901736708860759,21
2024-01-27,0.05453519999999999,0.17192351539444314,25,-0.467154,0.306853,0.14457016,3.614254,0.08917264,0.16934626871464672,10,25,neutral,-0.039371205063291156,0.16856247733786622,0.007884162589632,0.09854173694417397,0.1656602841748478,69.33333333333333,0.19620916928594612,-0.12321971208791209,0.12471454172167425,0.1539755898254397,66.42857142857143,0.1858979898175086,-0.05235511578947369,0.11925626575686542,0.1526853788719805,63.57142857142857,0.18957845506019758,-0.06460276000000001,0.11518688722972828,0.1520163913472237,59.629629629629626,0.18396512374943957,0.0,50.0,0.009277718460441911,0.009277718460441911,0.4292893838131142,-0.194182216918632,-0.4192600604480142,0.01390599564264848,0.0,0.0,0.0,0.0,0.0,0.0,0.0,0.0,0.0,0.0,0.0,0.0,0.0,0.0,0.0,0.0,0.0,0.0,0.0,0.0,0.0,0.0,0.0,0.0,0.0,0.0,0.0,0.0,0.0,0.0,0.0,0.0,0.0,0.0,0.0,0.0,0.0,0.0,0.0,0.0,0.0,0.0,0.0,0.0,0.0,0.007884162589632,0.1971040647408,0.14457016,10
2024-01-28,0.10355421428571429,0.12746903938643506,28,-0.115707,0.473442,0.14090207142857142,3.945258,0.1790048214285714,0.09318504322366632,9,28,neutral,0.0490190142857143,0.16150878851079428,0.014591003298015305,0.08399860644966846,0.1567801717070263,44.0,0.15816319950572633,-0.043629391483516494,0.11951177730286323,0.15852830255337483,67.14285714285714,0.1880054037482983,-0.036419350931677,0.1209327980697906,0.15164759816880674,64.07142857142857,0.19058334791734047,0.023471452380952385,0.11477143462458492,0.15113970020576697,58.5,0.18242715759512285,0.0,50.0,-0.03130233804878049,-0.01101230979416929,0.42196283618026165,-0.191129330135689,0.8988509125429871,0.08839021934900546,0.0,0.0,0.0,0.0,0.0,0.0,0.0,0.0,0.0,0.0,0.0,0.0,0.0,0.0,0.0,0.0,0.0,0.0,0.0,0.0,0.0,0.0,0.0,0.0,0.0,0.0,0.0,0.0,0.0,0.0,0.0,0.0,0.0,0.0,0.0,0.0,0.0,0.0,0.0,0.0,0.0,0.0,0.0,0.0,0.0,0.014591003298015305,0.40854809234442857,0.14090207142857142,9
2024-01-29,0.12012909677419355,0.12738626256621377,93,-0.214476,0.510988,0.19331606451612904,17.978394,0.1794407634408602,0.14302082075176556,20,93,neutral,0.016574882488479256,0.15036723089543844,0.023222884222264307,0.09273950368663593,0.142259605782364,48.666666666666664,0.15959609864823346,0.0262226917109024,0.12063313750739578,0.15680966980599712,70.0,0.1941366830235966,0.007849521431727804,0.12248139046232666,0.14994806685356973,66.35714285714286,0.19238921786521385,0.021680293495505015,0.11495618159526108,0.15032061614923065,59.689655172413794,0.18280263714412304,0.0,50.0,-0.018600979104477597,-0.013541866230938726,0.421391469208127,-0.19052293040921187,0.16005995123238392,-0.03244413179723504,0.0,0.0,0.0,0.0,0.0,0.0,0.0,0.0,0.0,0.0,0.0,0.0,0.0,0.0,0.0,0.0,0.0,0.0,0.0,0.0,0.0,0.0,0.0,0.0,0.0,0.0,0.0,0.0,0.0,0.0,0.0,0.0,0.0,0.0,0.0,0.0,0.0,0.0,0.0,0.0,0.0,0.0,0.0,0.0,0.0,0.023222884222264307,2.1597282326705805,0.19331606451612904,20
2024-01-30,0.11239921238938054,0.16384556479205017,113,-0.437869,0.515152,0.22350038053097346,25.255543,0.15909700884955755,0.14656220672913065,23,113,neutral,-0.007729884384813007,0.15231446849586855,0.02512126674040826,0.11202750781642945,0.13956695558156632,78.0,0.18590617215855798,0.05786401238938055,0.11563752090996035,0.15696796713031932,76.14285714285714,0.20083756391577648,-0.03496931618204803,0.12006912862951238,0.15085661997891273,68.57142857142857,0.1901599288439071,-0.033771665659399944,0.11487094928839839,0.15077144777065798,61.46666666666667,0.1841592285903514,0.0,50.0,0.019192344366197184,-0.005358313581654749,0.4252440191819341,-0.19198163801732046,-0.06434647884969003,-0.024304766873292263,0.0,0.0,0.0,0.0,0.0,0.0,0.0,0.0,0.0,0.0,0.0,0.0,0.0,0.0,0.0,0.0,0.0,0.0,0.0,0.0,0.0,0.0,0.0,0.0,0.0,0.0,0.0,0.0,0.0,0.0,0.0,0.0,0.0,0.0,0.0,0.0,0.0,0.0,0.0,0.0,0.0,0.0,0.0,0.0,0.0,0.02512126674040826,2.8387031416661332,0.22350038053097346,23
2024-01-31,0.11860688392857142,0.16480598462088772,112,-0.20005,0.813168,0.2332801517857143,26.127377,0.1484680267857143,0.14547038421111982,20,112,neutral,0.006207671539190884,0.151086073352006,0.027668631885687738,0.11704506436404849,0.15201260399305053,106.0,0.21669886561093896,0.015052669642857133,0.1071878026014831,0.1543553862700186,79.14285714285714,0.19708945373131811,-0.05914802815934066,0.11911184891012463,0.15068358746775895,70.85714285714286,0.19190110665002955,-0.013401916071428557,0.11523362802804642,0.15208071759478825,64.43333333333334,0.18533049886726652,0.010880362189440981,50.0,0.00394265640096618,-0.003498119585130563,0.4245205064091532,-0.19214214582604136,0.05522878147656285,0.013937555924003892,0.0,0.0,0.0,0.0,0.0,0.0,0.0,0.0,0.0,0.0,0.0,0.0,0.0,0.0,0.0,0.0,0.0,0.0,0.0,0.0,0.0,0.0,0.0,0.0,0.0,0.0,0.0,0.0,0.0,0.0,0.0,0.0,0.0,0.0,0.0,0.0,0.0,0.0,0.0,0.0,0.0,0.0,0.0,0.0,0.0,0.027668631885687738,3.0988867711970265,0.2332801517857143,20
2024-02-01,0.10688616513761467,0.15270652464076762,109,-0.308264,0.54305,0.1595473027522936,17.390656,0.16921954128440367,0.16770555931710104,21,109,neutral,-0.01172071879095675,0.14724267520127085,0.017053399349242656,0.11263075381852221,0.16045269135123516,111.33333333333333,0.20544261168966046,-0.013242931636578872,0.10143102536839509,0.1541549788201426,79.85714285714286,0.18344764258604135,-0.04029744063161611,0.11797896030325404,0.15067084437722714,73.57142857142857,0.19001203471382513,-0.01586044049618815,0.11496754886596693,0.15217055671767313,66.4,0.18511617229234298,-0.007982374862385316,50.0,-0.035853615789473686,-0.008890702285854417,0.430215008703522,-0.1951848833923629,-0.09881988635680972,-0.017928390330147634,0.0,0.0,0.0,0.0,0.0,0.0,0.0,0.0,0.0,0.0,0.0,0.0,0.0,0.0,0.0,0.0,0.0,0.0,0.0,0.0,0.0,0.0,0.0,0.0,0.0,0.0,0.0,0.0,0.0,0.0,0.0,0.0,0.0,0.0,0.0,0.0,0.0,0.0,0.0,0.0,0.0,0.0,0.0,0.0,0.0,0.017053399349242656,1.8588205290674495,0.1595473027522936,21
2024-02-02,0.11299075949367089,0.12621690505219274,79,-0.260164,0.466346,0.1677382911392405,13.251325,0.19871327848101267,0.1378659394130006,17,79,neutral,0.006104594356056217,0.14699224833442243,0.01895287691199327,0.11282793618661897,0.14790980477128268,100.0,0.18685524855908278,0.000591547104290352,0.1041573617155922,0.1477648280647129,79.85714285714286,0.18040777459327462,0.019084354430379744,0.11817560284645277,0.15002510535944644,74.07142857142857,0.187087581303136,0.0027529956047819965,0.11495364681923853,0.15119924267760204,66.8,0.1856464357283276,-0.0004170614018514929,50.0,-0.04415823188405797,-0.013928920799883495,0.4172102611568905,-0.18279485589636438,0.057113044968884585,0.017825313147012967,0.0,0.0,0.0,0.0,0.0,0.0,0.0,0.0,0.0,0.0,0.0,0.0,0.0,0.0,0.0,0.0,0.0,0.0,0.0,0.0,0.0,0.0,0.0,0.0,0.0,0.0,0.0,0.0,0.0,0.0,0.0,0.0,0.0,0.0,0.0,0.0,0.0,0.0,0.0,0.0,0.0,0.0,0.0,0.0,0.0,0.01895287691199327,1.4972772760474682,0.1677382911392405,17
2024-02-03,0.10641421428571428,0.13072432248793098,42,-0.204871,0.475938,0.15012697619047619,6.305333,0.20303083333333335,0.09434855272893546,11,42,neutral,-0.006576545207956613,0.14765986031876585,0.01597564421439966,0.10876371297233327,0.13654925072696378,76.66666666666667,0.1591375233606701,-0.012192669642857146,0.11156864947069423,0.1418792290780683,82.28571428571429,0.18120160547762837,0.05187901428571429,0.11814159559618423,0.147927409451754,74.35714285714286,0.18354979764756849,-0.00047610150375940186,0.11376948896209568,0.15074302709859058,65.53333333333333,0.1832174111846768,-0.03552473571428573,50.0,0.03401124744234438,-0.007936399769605012,0.41739946910164444,-0.18035091860302305,-0.05820427473385548,-0.01268113956401283,0.0,0.0,0.0,0.0,0.0,0.0,0.0,0.0,0.0,0.0,0.0,0.0,0.0,0.0,0.0,0.0,0.0,0.0,0.0,0.0,0.0,0.0,0.0,0.0,0.0,0.0,0.0,0.0,0.0,0.0,0.0,0.0,0.0,0.0,0.0,0.0,0.0,0.0,0.0,0.0,0.0,0.0,0.0,0.0,0.0,0.01597564421439966,0.6709770570047856,0.15012697619047619,11
2024-02-04,0.107672375,0.16338084306727946,24,-0.169831,0.568311,0.17750620833333333,4.260149,0.14021941666666668,0.12193660083649197,9,24,neutral,0.001258160714285722,0.14756691597381172,0.01911251502849479,0.10902578292646171,0.14010735686913442,48.333333333333336,0.16512382522101668,0.0007862098623853259,0.11215695814416361,0.14700948674676034,81.71428571428571,0.18643076789259436,0.00411816071428571,0.11583436772351342,0.15276889465006757,74.42857142857143,0.18721808582044636,-0.03230119021739129,0.11355255411910051,0.1503659856155055,64.03333333333333,0.1830268176460295,-0.0065080452898550745,50.0,-0.02758975934065934,-0.010120106388611048,0.4190807618964848,-0.18110985422573225,0.011823239242340744,0.007834705922242335,0.0,0.0,0.0,0.0,0.0,0.0,0.0,0.0,0.0,0.0,0.0,0.0,0.0,0.0,0.0,0.0,0.0,0.0,0.0,0.0,0.0,0.0,0.0,0.0,0.0,0.0,0.0,0.0,0.0,0.0,0.0,0.0,0.0,0.0,0.0,0.0,0.0,0.0,0.0,0.0,0.0,0.0,0.0,0.0,0.0,0.01911251502849479,0.458700360683875,0.17750620833333333,9
2024-02-05,0.09590458139534884,0.12117173109244732,86,-0.301003,0.364217,0.1537143953488372,13.219438,0.16736418604651163,0.14313088651650374,18,86,neutral,-0.011767793604651161,0.13884006526812362,0.014741914740369389,0.10333039022702102,0.1384256322158859,50.666666666666664,0.16044919329088225,-0.017086178098322052,0.10869631309004295,0.14612169653622228,80.71428571428571,0.18077338658298123,-0.024224515378844708,0.11466472529871938,0.1514656831711097,75.35714285714286,0.1874550348032889,-0.016374993947116903,0.11438148349894546,0.14955138976166163,66.23333333333333,0.18345750415765735,0.024867881395348845,50.0,-0.08929412335551772,-0.02107253325705101,0.41357203806933307,-0.1806277600639237,-0.10929259807495806,-0.013025954318936883,0.0,0.0,0.0,0.0,0.0,0.0,0.0,0.0,0.0,0.0,0.0,0.0,0.0,0.0,0.0,0.0,0.0,0.0,0.0,0.0,0.0,0.0,0.0,0.0,0.0,0.0,0.0,0.0,0.0,0.0,0.0,0.0,0.0,0.0,0.0,0.0,0.0,0.0,0.0,0.0,0.0,0.0,0.0,0.0,0.0,0.014741914740369389,1.2678046676717674,0.1537143953488372,18
2024-02-06,0.12757391860465114,0.17627393703025482,86,-0.458289,0.681129,0.18102372093023256,15.56804,0.2189383372093023,0.14379441505603924,18,86,neutral,0.0316693372093023,0.14355354774602108,0.02309390543946457,0.11038362499999999,0.1536088370633272,65.33333333333333,0.17074810820413436,0.021159704318936864,0.11086412826365304,0.14789717828453725,76.85714285714286,0.17470529235430396,0.015174706215270603,0.11325082458680669,0.15243257270742827,76.5,0.18777142813504022,-0.019794609966777427,0.1154401030079894,0.15237797061317304,68.3,0.18515281291088737,0.03175858527131782,50.0,-0.019736516025641054,-0.019787441921146627,0.4142548437248871,-0.18175405385901258,0.3302171465485193,0.043437130813953465,0.0,0.0,0.0,0.0,0.0,0.0,0.0,0.0,0.0,0.0,0.0,0.0,0.0,0.0,0.0,0.0,0.0,0.0,0.0,0.0,0.0,0.0,0.0,0.0,0.0,0.0,0.0,0.0,0.0,0.0,0.0,0.0,0.0,0.0,0.0,0.0,0.0,0.0,0.0,0.0,0.0,0.0,0.0,0.0,0.0,0.02309390543946457,1.986075867793953,0.18102372093023256,18
2024-02-07,0.11612758510638298,0.15550520891662234,94,-0.447379,0.611513,0.1809508510638298,17.00938,0.20086513829787236,0.14449233712714504,18,94,neutral,-0.011446333498268166,0.14941120851890696,0.021013385356987324,0.11320202836879432,0.15098362567977483,88.66666666666667,0.1718963224476332,0.008455210106382977,0.11050994271762613,0.14656849604107075,74.28571428571429,0.1672296779654633,-0.002479298822188447,0.1088488726595546,0.15046194115554465,76.71428571428571,0.18215956584839071,-0.061627326981529104,0.11443466175204182,0.1515826038615467,68.8,0.18543865182820488,-0.030163237678427143,50.0,-0.013537887206148291,-0.01922487615466559,0.414185920799357,-0.18234703298622454,-0.08972314736008158,-0.04311567070757047,0.0,0.0,0.0,0.0,0.0,0.0,0.0,0.0,0.0,0.0,0.0,0.0,0.0,0.0,0.0,0.0,0.0,0.0,0.0,0.0,0.0,0.0,0.0,0.0,0.0,0.0,0.0,0.0,0.0,0.0,0.0,0.0,0.0,0.0,0.0,0.0,0.0,0.0,0.0,0.0,0.0,0.0,0.0,0.0,0.0,0.021013385356987324,1.9752582235568084,0.1809508510638298,18
2024-02-08,0.11236796874999999,0.1376116148552993,96,-0.323795,0.642488,0.16408020833333334,15.7517,0.1861278125,0.1273584537613848,21,96,neutral,-0.003759616356382986,0.15078866699238064,0.01843735972249349,0.11868982415367803,0.15646358693405882,92.0,0.1753515934424652,0.01646338735465115,0.11129305751939544,0.14441208035743244,72.42857142857143,0.16787723590561185,0.0054818036123853164,0.10636204144389527,0.14928352958878752,76.14285714285714,0.17566243924582658,-0.034815637019230794,0.11418763506934952,0.15172715448808088,69.4,0.18362860364444422,-0.007410800480769239,50.0,0.06460276000000001,-0.014179274417576389,0.4145278673978302,-0.18247595909858663,-0.032374877622219134,0.00768671714188518,0.0,0.0,0.0,0.0,0.0,0.0,0.0,0.0,0.0,0.0,0.0,0.0,0.0,0.0,0.0,0.0,0.0,0.0,0.0,0.0,0.0,0.0,0.0,0.0,0.0,0.0,0.0,0.0,0.0,0.0,0.0,0.0,0.0,0.0,0.0,0.0,0.0,0.0,0.0,0.0,0.0,0.0,0.0,0.0,0.0,0.01843735972249349,1.769986533359375,0.16408020833333334,21
2024-02-09,0.12581602666666666,0.13663887399460226,75,-0.134324,0.515607,0.18946908,14.210181,0.17016615999999998,0.10958077365097871,22,75,neutral,0.013448057916666672,0.1454402731778452,0.0238382468217888,0.11810386017434986,0.14325189925550796,88.33333333333333,0.17816671313238772,-0.0017578919379844793,0.11312523854410912,0.14590093306349092,71.85714285714286,0.17098163431429178,0.012825267172995772,0.10864130012985065,0.1468328805641019,75.85714285714286,0.17569470445378318,0.031909621603375515,0.1154328096671586,0.15170547439181858,69.53333333333333,0.18432873588857565,0.0373552379342723,50.0,-0.023471452380952385,-0.01722528650445623,0.4131288338215876,-0.1791843544346247,0.11967874890206809,0.01720767427304966,0.0,0.0,0.0,0.0,0.0,0.0,0.0,0.0,0.0,0.0,0.0,0.0,0.0,0.0,0.0,0.0,0.0,0.0,0.0,0.0,0.0,0.0,0.0,0.0,0.0,0.0,0.0,0.0,0.0,0.0,0.0,0.0,0.0,0.0,0.0,0.0,0.0,0.0,0.0,0.0,0.0,0.0,0.0,0.0,0.0,0.0238382468217888,1.78786851163416,0.18946908,22
2024-02-10,0.11040464285714287,0.1581359040821145,28,-0.228702,0.639491,0.16380171428571427,4.586448,0.15586092857142855,0.1339162528738483,8,28,neutral,-0.015411383809523796,0.15283310777577866,0.01808446976510204,0.1161962127579365,0.14412879764400535,66.33333333333333,0.17245033420634917,-0.005722942249240109,0.11369529976859892,0.14981687329123144,69.85714285714286,0.17293516832789724,0.003990428571428589,0.1126319746196466,0.14584805118464986,76.07142857142857,0.17706838690276278,0.055869442857142876,0.11486472810427702,0.1513893042131828,67.86666666666666,0.18191080841604818,-0.017042446886446863,50.0,-0.021680293495505015,-0.015650472916237487,0.41790397308269767,-0.18691638593175963,-0.12249142035262539,-0.02885944172619047,0.0,0.0,0.0,0.0,0.0,0.0,0.0,0.0,0.0,0.0,0.0,0.0,0.0,0.0,0.0,0.0,0.0,0.0,0.0,0.0,0.0,0.0,0.0,0.0,0.0,0.0,0.0,0.0,0.0,0.0,0.0,0.0,0.0,0.0,0.0,0.0,0.0,0.0,0.0,0.0,0.0,0.0,0.0,0.0,0.0,0.01808446976510204,0.5063651534228572,0.16380171428571427,8
2024-02-11,0.15895226923076924,0.14567350724755895,26,-0.065052,0.52479,0.17484115384615384,4.54587,0.23902453846153845,0.10080314721603914,5,26,bullish,0.048547626373626376,0.14671302181923945,0.02779139815877219,0.1317243129181929,0.1468160951080919,43.0,0.17603731604395603,0.04658430048076925,0.12102099894442311,0.1472872538884142,70.14285714285714,0.17255444625830016,0.05127989423076924,0.11658897854429337,0.1471483703175873,75.92857142857143,0.17949260707544723,0.05539805494505495,0.11748418648339792,0.15261107694352427,66.86666666666666,0.18241499271091996,0.07858375137362639,50.0,0.033771665659399944,-0.00699159541140883,0.420863289322083,-0.18520843278231464,0.439724499960062,0.06395901018315017,0.0,0.0,0.0,0.0,0.0,0.0,0.0,0.0,0.0,0.0,0.0,0.0,0.0,0.0,0.0,0.0,0.0,0.0,0.0,0.0,0.0,0.0,0.0,0.0,0.0,0.0,0.0,0.0,0.0,0.0,0.0,0.0,0.0,0.0,0.0,0.0,0.0,0.0,0.0,0.0,0.0,0.0,0.0,0.0,0.0,0.02779139815877219,0.722576352128077,0.17484115384615384,5
2024-02-12,0.1062081923076923,0.13330489026035836,78,-0.30149,0.437063,0.1747186666666667,13.628056,0.17878110256410257,0.1402546764397185,16,78,neutral,-0.05274407692307695,0.14227295808798668,0.018556553749076922,0.12518836813186812,0.14570476719667727,44.0,0.17112051159951158,-0.01960783435897437,0.12249294336047216,0.1490205623409729,69.0,0.17555505644656152,0.010303610912343455,0.11559462822525757,0.1475711294385976,74.85714285714286,0.17816422151477135,-0.013920904466501252,0.11705319422698765,0.14861488061002473,68.63333333333334,0.18275385359980886,-0.012929767692307706,50.0,0.013401916071428557,-0.009281521119288365,0.4158620131827525,-0.18432319026935776,-0.3318233654563454,-0.10129170329670333,0.0,0.0,0.0,0.0,0.0,0.0,0.0,0.0,0.0,0.0,0.0,0.0,0.0,0.0,0.0,0.0,0.0,0.0,0.0,0.0,0.0,0.0,0.0,0.0,0.0,0.0,0.0,0.0,0.0,0.0,0.0,0.0,0.0,0.0,0.0,0.0,0.0,0.0,0.0,0.0,0.0,0.0,0.0,0.0,0.0,0.018556553749076922,1.447411192428,0.1747186666666667,16
2024-02-13,0.14370821951219512,0.1605763795527605,82,-0.201297,0.672534,0.18903680487804878,15.501018,0.17763563414634145,0.13574206905295824,20,82,neutral,0.03750002720450282,0.14686591102747892,0.02716614265129863,0.13628956035021889,0.14651825902022594,62.0,0.17953220846362308,0.03330357665505225,0.12479784349012131,0.14677805412990233,68.42857142857143,0.17669978272482095,0.016134300907543975,0.11783098587688716,0.14733761620721977,72.64285714285714,0.17570253753956244,0.03130900712281458,0.11917404281390209,0.14923416095408784,70.66666666666667,0.18482729471479145,0.06362545760743321,50.0,0.01586044049618815,-0.004453721137416423,0.41190791144494343,-0.1837737577891204,0.35308036404444887,0.09024410412757977,0.0,0.0,0.0,0.0,0.0,0.0,0.0,0.0,0.0,0.0,0.0,0.0,0.0,0.0,0.0,0.0,0.0,0.0,0.0,0.0,0.0,0.0,0.0,0.0,0.0,0.0,0.0,0.0,0.0,0.0,0.0,0.0,0.0,0.0,0.0,0.0,0.0,0.0,0.0,0.0,0.0,0.0,0.0,0.0,0.0,0.02716614265129863,2.2276236974064876,0.18903680487804878,20
2024-02-14,0.09360054430379747,0.14529079475012519,79,-0.288308,0.536769,0.15556843037974682,12.289906,0.16339521518987343,0.1528181051823704,22,79,neutral,-0.05010767520839765,0.1485962951785835,0.014561289760031725,0.11450565204122827,0.14639068818774803,79.66666666666667,0.17310796730815411,-0.06535172492697178,0.12157969480403766,0.145318852106117,66.28571428571429,0.17307372262709483,-0.02252704080258551,0.1160448187608319,0.1459436740735939,70.28571428571429,0.17015170029627907,-0.025006339624773957,0.11901243418140574,0.1490378640797743,71.26666666666667,0.18441177955258628,-0.004848258974891065,50.0,-0.0027529956047819965,0.005161959723776435,0.40834690016769437,-0.18557105265841467,-0.3486764736107909,-0.08760770241290047,0.0,0.0,0.0,0.0,0.0,0.0,0.0,0.0,0.0,0.0,0.0,0.0,0.0,0.0,0.0,0.0,0.0,0.0,0.0,0.0,0.0,0.0,0.0,0.0,0.0,0.0,0.0,0.0,0.0,0.0,0.0,0.0,0.0,0.0,0.0,0.0,0.0,0.0,0.0,0.0,0.0,0.0,0.0,0.0,0.0,0.014561289760031725,1.1503418910425063,0.15556843037974682,22
2024-02-15,0.1254955434782609,0.1631397555066769,92,-0.249906,0.676732,0.2150931413043478,19.788569,0.1950993152173913,0.1447700566949912,19,92,neutral,0.03189499917446342,0.149597065463496,0.026993230666435494,0.12093476909808447,0.1563356432698542,84.33333333333333,0.18656612552071447,0.019287351170568595,0.12345506262236064,0.1489657293420281,65.71428571428571,0.18036128448009686,0.013127574728260899,0.11737406007087806,0.14668890484973024,69.07142857142857,0.17411926019285437,0.018609378340646215,0.11832325636238841,0.14943832856208858,71.6,0.18309120336842225,-0.020675334570519593,50.0,0.00047610150375940186,0.007407806115932041,0.4091455366050905,-0.18321077525431378,0.34075655661726123,0.08200267438286107,0.0,0.0,0.0,0.0,0.0,0.0,0.0,0.0,0.0,0.0,0.0,0.0,0.0,0.0,0.0,0.0,0.0,0.0,0.0,0.0,0.0,0.0,0.0,0.0,0.0,0.0,0.0,0.0,0.0,0.0,0.0,0.0,0.0,0.0,0.0,0.0,0.0,0.0,0.0,0.0,0.0,0.0,0.0,0.0,0.0,0.026993230666435494,2.4833772213120655,0.2150931413043478,19
2024-02-16,0.069477875,0.12087895520479114,80,-0.453922,0.370461,0.141270425,11.301634,0.1705797,0.1152776604638129,20,80,neutral,-0.056017668478260896,0.14463815505494243,0.009815168929346875,0.09619132092735276,0.14310316848719776,83.66666666666667,0.17064399889469825,-0.07423034451219512,0.11540675524140827,0.14671431237205507,66.42857142857143,0.17347576233723977,-0.05633815166666667,0.1142659968927587,0.146307622717773,69.14285714285714,0.17222869832576576,-0.0435128844936709,0.11623889219572174,0.14789334574301358,71.6,0.18083676211842226,-0.06253092499999999,50.0,0.03230119021739129,0.012501036940769773,0.40478821433612533,-0.1773591854853486,-0.44637177485083057,-0.08791266765272432,0.0,0.0,0.0,0.0,0.0,0.0,0.0,0.0,0.0,0.0,0.0,0.0,0.0,0.0,0.0,0.0,0.0,0.0,0.0,0.0,0.0,0.0,0.0,0.0,0.0,0.0,0.0,0.0,0.0,0.0,0.0,0.0,0.0,0.0,0.0,0.0,0.0,0.0,0.0,0.0,0.0,0.0,0.0,0.0,0.0,0.009815168929346875,0.78521351434775,0.141270425,20
2024-02-17,0.07585691176470588,0.11197767456854897,34,-0.188916,0.327865,0.1383510882352941,4.703937,0.18143641176470587,0.11426546256511304,10,34,neutral,0.0063790367647058865,0.14037271191658054,0.010494886292815742,0.09027677674765557,0.13199879509333898,68.66666666666667,0.1649048848465473,-0.017743632539091586,0.11047136508534584,0.14012027958440285,67.28571428571429,0.16983995861575113,-0.03454773109243699,0.1120833324269724,0.14496857643781716,68.57142857142857,0.17138756347182418,-0.030557302521008398,0.11467590240008518,0.14652977063169145,70.36666666666666,0.17924865473096027,-0.04688969386909694,50.0,0.016374993947116903,0.007142396268227206,0.40185421272828625,-0.1771949141296104,0.09181393018577344,0.06239670524296678,0.0,0.0,0.0,0.0,0.0,0.0,0.0,0.0,0.0,0.0,0.0,0.0,0.0,0.0,0.0,0.0,0.0,0.0,0.0,0.0,0.0,0.0,0.0,0.0,0.0,0.0,0.0,0.0,0.0,0.0,0.0,0.0,0.0,0.0,0.0,0.0,0.0,0.0,0.0,0.0,0.0,0.0,0.0,0.0,0.0,0.010494886292815742,0.35682613395573526,0.1383510882352941,10
2024-02-18,0.08608203571428572,0.13119943003220882,28,-0.138667,0.356887,0.12906878571428573,3.613926,0.14582082142857142,0.09677407856830623,11,28,neutral,0.010225123949579834,0.1344973220124702,0.011110503821456634,0.07713894082633051,0.12135201993518298,47.333333333333336,0.13623009964985996,-0.039413507763975175,0.1000613317258482,0.13805255426792426,67.57142857142857,0.16330104888262714,-0.07287023351648353,0.11054116533513565,0.14266990407816924,68.85714285714286,0.16792774757046366,-0.021590339285714286,0.11387071146093172,0.14639450992272765,68.9,0.17659492629180681,-0.02415572817460318,50.0,0.019794609966777427,0.011949736529086074,0.40053317642189035,-0.17927858392920526,0.13479488831942277,0.0038460871848739475,0.0,0.0,0.0,0.0,0.0,0.0,0.0,0.0,0.0,0.0,0.0,0.0,0.0,0.0,0.0,0.0,0.0,0.0,0.0,0.0,0.0,0.0,0.0,0.0,0.0,0.0,0.0,0.0,0.0,0.0,0.0,0.0,0.0,0.0,0.0,0.0,0.0,0.0,0.0,0.0,0.0,0.0,0.0,0.0,0.0,0.011110503821456634,0.31109410700078577,0.12906878571428573,11
2024-02-19,0.08752739622641509,0.12794146796414663,53,-0.242891,0.470789,0.13449967924528303,7.128483,0.19187235849056605,0.1355250298253333,19,53,neutral,0.0014453605121293733,0.1310274566552745,0.011772406717627625,0.08315544790180221,0.12370619085496815,38.333333333333336,0.13397318439828762,0.018049521226415094,0.09739264657138003,0.13728635108275117,64.0,0.1575554792510009,-0.018680796081277207,0.1099427949659261,0.14315345671186203,66.5,0.1665552678487812,-0.008377185168933751,0.11322528080882979,0.14532282334834504,69.4,0.17442305068770217,-0.019362919563058592,50.0,0.061627326981529104,0.02120613880431209,0.3956991759309517,-0.17693176505456318,0.016790501062575514,-0.00877976343745046,0.0,0.0,0.0,0.0,0.0,0.0,0.0,0.0,0.0,0.0,0.0,0.0,0.0,0.0,0.0,0.0,0.0,0.0,0.0,0.0,0.0,0.0,0.0,0.0,0.0,0.0,0.0,0.0,0.0,0.0,0.0,0.0,0.0,0.0,0.0,0.0,0.0,0.0,0.0,0.0,0.0,0.0,0.0,0.0,0.0,0.011772406717627625,0.6239375560342642,0.13449967924528303,19
2024-02-20,0.1351169,0.13515894834522552,80,-0.11237,0.795066,0.15110065,12.088052,0.205669625,0.14185926795532117,21,80,neutral,0.047589503773584924,0.1254312952229842,0.020416251415985003,0.10290877731356692,0.13143328211386032,53.666666666666664,0.13822303831985627,0.05925998823529413,0.09616531521249502,0.13365528948167474,63.714285714285715,0.1521360285541368,-0.008591319512195106,0.11048157935130817,0.1402166718057885,66.07142857142857,0.16441790563947886,0.007542981395348869,0.11306339196825006,0.1466414532834896,71.3,0.1752547332239341,-0.004856665217391282,50.0,0.034815637019230794,0.021322135622071067,0.39355997310695695,-0.1731415606234255,0.5437098077324363,0.04614414326145555,0.0,0.0,0.0,0.0,0.0,0.0,0.0,0.0,0.0,0.0,0.0,0.0,0.0,0.0,0.0,0.0,0.0,0.0,0.0,0.0,0.0,0.0,0.0,0.0,0.0,0.0,0.0,0.0,0.0,0.0,0.0,0.0,0.0,0.0,0.0,0.0,0.0,0.0,0.0,0.0,0.0,0.0,0.0,0.0,0.0,0.020416251415985003,1.6333001132788003,0.15110065,21
2024-02-21,0.11398044444444445,0.1175330030817652,90,-0.268393,0.445565,0.13895845555555555,12.506261,0.18154912222222225,0.12444150900497121,22,90,neutral,-0.02113645555555556,0.12476210479837904,0.015838546523535803,0.11220824689028651,0.12687780646371247,74.33333333333333,0.14151959493361285,0.02789840873015874,0.09907672951830172,0.12968989067190903,65.28571428571429,0.14976317500782374,0.020379900140646987,0.1103282121611697,0.137504371389013,65.78571428571429,0.1614184488174593,-0.0021471406619385236,0.1131200876049827,0.14591199699295315,71.86666666666666,0.17487344475615124,0.0017008691019787109,50.0,-0.031909621603375515,0.016287520324870616,0.3903973349163982,-0.16926949450218381,-0.15643087989404403,-0.06872595932914048,0.0,0.0,0.0,0.0,0.0,0.0,0.0,0.0,0.0,0.0,0.0,0.0,0.0,0.0,0.0,0.0,0.0,0.0,0.0,0.0,0.0,0.0,0.0,0.0,0.0,0.0,0.0,0.0,0.0,0.0,0.0,0.0,0.0,0.0,0.0,0.0,0.0,0.0,0.0,0.0,0.0,0.0,0.0,0.0,0.0,0.015838546523535803,1.4254691871182223,0.13895845555555555,22
2024-02-22,0.13065448936170213,0.15336741480718669,94,-0.303223,0.598958,0.15371006382978722,14.448746,0.21670244680851064,0.12519726964306285,27,94,neutral,0.01667404491725767,0.1330400528461066,0.020082909899435487,0.12658394460204883,0.13535312207805913,88.0,0.14792305646178094,0.04312709313528704,0.09981372178736476,0.12829384200055327,65.57142857142857,0.14099416394002937,0.005158945883441235,0.1116343922048627,0.1386297856712907,65.64285714285714,0.16067772421006316,0.018286520611702134,0.11256295296465849,0.14559966136913294,72.66666666666667,0.17411063974095367,-0.016714039209726445,50.0,-0.055869442857142876,0.008317533285611613,0.39399557238529914,-0.17110135898428158,0.14628864625444415,0.03781050047281323,0.0,0.0,0.0,0.0,0.0,0.0,0.0,0.0,0.0,0.0,0.0,0.0,0.0,0.0,0.0,0.0,0.0,0.0,0.0,0.0,0.0,0.0,0.0,0.0,0.0,0.0,0.0,0.0,0.0,0.0,0.0,0.0,0.0,0.0,0.0,0.0,0.0,0.0,0.0,0.0,0.0,0.0,0.0,0.0,0.0,0.020082909899435487,1.8877935305469358,0.15371006382978722,27
2024-02-23,0.09840642553191489,0.11770230814835954,94,-0.229485,0.376352,0.11637511702127659,10.939261,0.20003696808510638,0.1250672002352191,22,94,neutral,-0.03224806382978723,0.1303406284693367,0.011452059286922136,0.1143471197793538,0.12953424201243716,92.66666666666667,0.13634787880220645,-0.03671047446808512,0.10394637186335261,0.12784003527820592,67.57142857142857,0.13743769137164033,0.0289285505319149,0.10967656355238044,0.1372771738251305,67.0,0.15545672685444004,-0.02740960113475177,0.10991800341279191,0.14341993661931177,72.76666666666667,0.16933924620576546,-0.07934848655599719,50.0,-0.05539805494505495,0.0024680822478035085,0.392292981513652,-0.17019954698801443,-0.24681940886479703,-0.048922108747044904,0.0,0.0,0.0,0.0,0.0,0.0,0.0,0.0,0.0,0.0,0.0,0.0,0.0,0.0,0.0,0.0,0.0,0.0,0.0,0.0,0.0,0.0,0.0,0.0,0.0,0.0,0.0,0.0,0.0,0.0,0.0,0.0,0.0,0.0,0.0,0.0,0.0,0.0,0.0,0.0,0.0,0.0,0.0,0.0,0.0,0.011452059286922136,1.0764935729706808,0.11637511702127659,22
2024-02-24,0.09730464285714287,0.10685779939617718,28,-0.096033,0.33319,0.19696825,5.515111,0.18245207142857142,0.10918407869008244,10,28,neutral,-0.0011017826747720255,0.12612389475574282,0.019165925220446432,0.10878851925025328,0.1259758407839078,72.0,0.15568447695035462,-0.016675801587301586,0.10701033344798645,0.12710862453929564,66.71428571428571,0.14581157162374117,0.021447731092436986,0.10874084926666615,0.13361445206184927,67.0,0.15782576511974616,-0.0131,0.10825537131572231,0.14184488403952103,70.23333333333333,0.1674035218467911,-0.04987896291208792,50.0,0.013920904466501252,0.003961949243663714,0.38612229053939895,-0.16506562922804704,-0.011196247285851224,0.031146281155015207,0.0,0.0,0.0,0.0,0.0,0.0,0.0,0.0,0.0,0.0,0.0,0.0,0.0,0.0,0.0,0.0,0.0,0.0,0.0,0.0,0.0,0.0,0.0,0.0,0.0,0.0,0.0,0.0,0.0,0.0,0.0,0.0,0.0,0.0,0.0,0.0,0.0,0.0,0.0,0.0,0.0,0.0,0.0,0.0,0.0,0.019165925220446432,0.5366459061725001,0.19696825,10
2024-02-25,0.070040625,0.1213286349020753,24,-0.152306,0.341149,0.13023208333333333,3.1255699999999997,0.172047125,0.13756411393658452,10,24,neutral,-0.027264017857142872,0.12335783206711277,0.009121536511718749,0.08858389779635256,0.115296247482204,48.666666666666664,0.14785848345153665,-0.06061386436170213,0.10471870334594564,0.1256985109492766,66.14285714285714,0.1459777569978908,-0.01604141071428572,0.10239001753589691,0.13187553260860044,66.85714285714286,0.154639402940259,-0.08891164423076925,0.1074598453136126,0.14019090652491686,68.4,0.16544401238828196,-0.023865780063291153,50.0,-0.03130900712281458,-0.0031058504608036048,0.38484478310059433,-0.16637451742877732,-0.28019236345351317,-0.026162235182370847,0.0,0.0,0.0,0.0,0.0,0.0,0.0,0.0,0.0,0.0,0.0,0.0,0.0,0.0,0.0,0.0,0.0,0.0,0.0,0.0,0.0,0.0,0.0,0.0,0.0,0.0,0.0,0.0,0.0,0.0,0.0,0.0,0.0,0.0,0.0,0.0,0.0,0.0,0.0,0.0,0.0,0.0,0.0,0.0,0.0,0.009121536511718749,0.21891687628124995,0.13023208333333333,10
2024-02-26,0.11603249056603773,0.12742864587937947,106,-0.250925,0.529491,0.15076408490566037,15.980993,0.20323542452830187,0.1379514668701209,20,106,neutral,0.04599186556603774,0.12533696062663563,0.017493532259513347,0.09445925280772684,0.11853836005921065,52.666666666666664,0.15932147274633124,0.01762606503412284,0.10879085968017745,0.12562525065145272,73.71428571428571,0.1483012435208019,0.028505094339622644,0.10309175312577872,0.13145580086710193,68.85714285714286,0.15292836138590138,0.009824298258345437,0.1095097549991472,0.1387077442077481,71.1,0.16565047655180395,0.06149729056603774,50.0,0.025006339624773957,-0.002146812052175043,0.37938318258357606,-0.1620670597156205,0.6566455620011635,0.07325588342318061,0.0,0.0,0.0,0.0,0.0,0.0,0.0,0.0,0.0,0.0,0.0,0.0,0.0,0.0,0.0,0.0,0.0,0.0,0.0,0.0,0.0,0.0,0.0,0.0,0.0,0.0,0.0,0.0,0.0,0.0,0.0,0.0,0.0,0.0,0.0,0.0,0.0,0.0,0.0,0.0,0.0,0.0,0.0,0.0,0.0,0.017493532259513347,1.854314419508415,0.15076408490566037,20
2024-02-27,0.11531629069767442,0.13253210211051564,86,-0.176423,0.608042,0.1782531511627907,15.329771,0.1784035465116279,0.14616102446231788,22,86,neutral,-0.0007161998683633125,0.12116989808730141,0.020555492197264873,0.10046313542123736,0.12709646096399013,72.0,0.15308310646726145,0.018011647840531553,0.10596220120841664,0.125249986903637,74.57142857142857,0.15218017225834338,-0.019800609302325592,0.10106375821045584,0.12945263819265587,69.14285714285714,0.1521581004062401,-0.028391928814520698,0.10990182421287921,0.13887651296521744,73.03333333333333,0.1668955125429446,0.011762076411960129,50.0,-0.018609378340646215,-0.006413921864111004,0.37704530718253,-0.15981031375544524,-0.006172407959783466,-0.04670806543440105,0.0,0.0,0.0,0.0,0.0,0.0,0.0,0.0,0.0,0.0,0.0,0.0,0.0,0.0,0.0,0.0,0.0,0.0,0.0,0.0,0.0,0.0,0.0,0.0,0.0,0.0,0.0,0.0,0.0,0.0,0.0,0.0,0.0,0.0,0.0,0.0,0.0,0.0,0.0,0.0,0.0,0.0,0.0,0.0,0.0,0.020555492197264873,1.767772328964779,0.1782531511627907,22
2024-02-28,0.09845545833333334,0.1590992249071673,96,-0.285663,0.568108,0.17417517708333333,16.720817,0.18238379166666666,0.1396976796470764,24,96,neutral,-0.016860832364341077,0.12944928143906298,0.01714849689002908,0.10993474653234847,0.13968665763235413,96.0,0.16773080438392815,0.028414833333333347,0.10374434604968648,0.13118801859298015,75.42857142857143,0.15721113247659738,-0.015524986111111111,0.1014105377839941,0.1304389546324446,70.35714285714286,0.15348715374221053,0.004854914029535876,0.10917936959818385,0.1399336117099159,73.13333333333334,0.16625748296185142,-0.021673638440860205,50.0,0.0435128844936709,-0.008426637696095248,0.3784984426668835,-0.16265470028146534,-0.14621379392565836,-0.016144632495977765,0.0,0.0,0.0,0.0,0.0,0.0,0.0,0.0,0.0,0.0,0.0,0.0,0.0,0.0,0.0,0.0,0.0,0.0,0.0,0.0,0.0,0.0,0.0,0.0,0.0,0.0,0.0,0.0,0.0,0.0,0.0,0.0,0.0,0.0,0.0,0.0,0.0,0.0,0.0,0.0,0.0,0.0,0.0,0.0,0.0,0.01714849689002908,1.6462557014427919,0.17417517708333333,24
2024-02-29,0.10647726027397261,0.13419567053384598,73,-0.300906,0.471432,0.16918376712328767,12.350415,0.16870861643835616,0.12758496980712175,19,73,neutral,0.00802180194063927,0.13491685566659675,0.018014224006117473,0.10674966976832677,0.1419423325171763,85.0,0.17387069845647055,-0.00955523029206512,0.10029045618001084,0.12844919798250293,72.42857142857143,0.159421661518526,-0.024177229087729513,0.1000520889836878,0.1283715199915281,69.0,0.1502079127292777,-0.019018283204288278,0.10898197119433693,0.13894528190130906,71.8,0.16444692918159523,-0.005921952115407927,50.0,0.030557302521008398,-0.008899785973675516,0.37728718400117317,-0.1633773182550245,0.08147645723694108,0.024882634304980347,0.0,0.0,0.0,0.0,0.0,0.0,0.0,0.0,0.0,0.0,0.0,0.0,0.0,0.0,0.0,0.0,0.0,0.0,0.0,0.0,0.0,0.0,0.0,0.0,0.0,0.0,0.0,0.0,0.0,0.0,0.0,0.0,0.0,0.0,0.0,0.0,0.0,0.0,0.0,0.0,0.0,0.0,0.0,0.0,0.0,0.018014224006117473,1.3150383524465756,0.16918376712328767,19
2024-03-01,0.13044111340206185,0.13225845915257783,97,-0.210382,0.599907,0.2179659587628866,21.142698,0.19489561855670104,0.11931632645718857,22,97,neutral,0.02396385312808924,0.13710282051669725,0.02843172234477883,0.11179127733645593,0.1418511181978637,88.66666666666667,0.18710830098983586,0.015124822704387433,0.1048668401614604,0.13052864812596268,72.85714285714286,0.17393463891018457,0.03203468787014696,0.1044066060124065,0.12918434170208432,70.21428571428571,0.15568616514091246,0.06096323840206186,0.10937644551011996,0.13786036438569876,71.3,0.16393645608083432,0.011834229473490429,50.0,0.021590339285714286,-0.0029553458748877593,0.3757012630354654,-0.15978775023482478,0.22506076007617737,0.01594205118744997,0.0,0.0,0.0,0.0,0.0,0.0,0.0,0.0,0.0,0.0,0.0,0.0,0.0,0.0,0.0,0.0,0.0,0.0,0.0,0.0,0.0,0.0,0.0,0.0,0.0,0.0,0.0,0.0,0.0,0.0,0.0,0.0,0.0,0.0,0.0,0.0,0.0,0.0,0.0,0.0,0.0,0.0,0.0,0.0,0.0,0.02843172234477883,2.7578770674435464,0.2179659587628866,22
2024-03-02,0.11339454545454546,0.1402214712258992,33,-0.132272,0.449677,0.18528245454545456,6.114321,0.17719800000000002,0.1536839998448521,11,33,neutral,-0.017046567947516397,0.1396613855860012,0.0210100197138843,0.11677097304352661,0.135558533637441,67.66666666666667,0.19081072681054292,0.014939087121212113,0.10716539767537506,0.13529488695878011,73.57142857142857,0.1722652395595352,0.01608990259740259,0.10708786556168078,0.1312017557490379,70.14285714285714,0.1590384055916382,0.037537633689839575,0.1095933915206843,0.13744419593853646,68.76666666666667,0.16479429447393965,0.006508380316930781,50.0,0.008377185168933751,0.004183168350231866,0.37287817324448824,-0.16152043282147002,-0.13068401137433827,-0.04101042107560564,0.0,0.0,0.0,0.0,0.0,0.0,0.0,0.0,0.0,0.0,0.0,0.0,0.0,0.0,0.0,0.0,0.0,0.0,0.0,0.0,0.0,0.0,0.0,0.0,0.0,0.0,0.0,0.0,0.0,0.0,0.0,0.0,0.0,0.0,0.0,0.0,0.0,0.0,0.0,0.0,0.0,0.0,0.0,0.0,0.0,0.0210100197138843,0.6933306505581819,0.18528245454545456,11
2024-03-03,0.09127607142857143,0.11275530639395517,28,-0.157702,0.374564,0.13929324999999998,3.9002109999999997,0.18415942857142856,0.1152527985495937,8,28,neutral,-0.022118474025974028,0.1357060264426891,0.012714140636517855,0.11170391009505957,0.12841174559081073,52.666666666666664,0.1808472211027804,-0.015201188845401184,0.11019903287945668,0.13407012574333438,74.14285714285714,0.1735596919404876,0.021235446428571433,0.10745886811270118,0.12988431834630546,70.14285714285714,0.15976872446918922,0.0051940357142857135,0.108869568585181,0.13699547598326187,67.06666666666666,0.163846126435965,-0.021714688065099463,50.0,-0.007542981395348869,0.009500398744643652,0.3700766088138919,-0.16021208047878577,-0.19505765411653142,-0.00507190607845763,0.0,0.0,0.0,0.0,0.0,0.0,0.0,0.0,0.0,0.0,0.0,0.0,0.0,0.0,0.0,0.0,0.0,0.0,0.0,0.0,0.0,0.0,0.0,0.0,0.0,0.0,0.0,0.0,0.0,0.0,0.0,0.0,0.0,0.0,0.0,0.0,0.0,0.0,0.0,0.0,0.0,0.0,0.0,0.0,0.0,0.012714140636517855,0.35599593782249994,0.13929324999999998,8
2024-03-04,0.11875402325581397,0.14274222741324158,86,-0.40104,0.546439,0.1918643488372093,16.500334,0.154947,0.13267007277586357,20,86,neutral,0.02747795182724254,0.13243462694390395,0.022784663343775557,0.1078082133796436,0.131906335011032,49.0,0.17214668446088796,-0.011687090146247886,0.11058782326371043,0.1362577802481718,71.28571428571429,0.17943115821642316,0.002721532689776235,0.10968934147194395,0.13094151544981228,72.5,0.16386620086861253,0.03122662702939888,0.10928089555085098,0.13739607281410557,68.53333333333333,0.1652373721908561,0.012339808970099689,50.0,0.0021471406619385236,0.008192202766358906,0.36704548378712093,-0.15967637507765292,0.3010422271377615,0.049596425853216566,0.0,0.0,0.0,0.0,0.0,0.0,0.0,0.0,0.0,0.0,0.0,0.0,0.0,0.0,0.0,0.0,0.0,0.0,0.0,0.0,0.0,0.0,0.0,0.0,0.0,0.0,0.0,0.0,0.0,0.0,0.0,0.0,0.0,0.0,0.0,0.0,0.0,0.0,0.0,0.0,0.0,0.0,0.0,0.0,0.0,0.022784663343775557,1.959481047564698,0.1918643488372093,20
2024-03-05,0.0977534375,0.15489340683910302,80,-0.250037,0.628992,0.14659015,11.727212,0.170530075,0.15214450990014,21,80,neutral,-0.02100058575581397,0.13657417420495538,0.014329691066140625,0.10259451072812843,0.13679698021543327,64.66666666666667,0.15924924961240308,-0.015641107954545458,0.10807884423547125,0.13945225235225572,70.42857142857143,0.17490787233602448,-0.017562853197674422,0.10702052272194394,0.13235111962794638,72.5,0.16354402229718396,-0.037363462500000014,0.10895026430085099,0.13711315827316636,70.4,0.1642068369130783,-0.009918937500000002,50.0,-0.018286520611702134,0.009639145712038066,0.36821338965582884,-0.16042899162674054,-0.17684104656038102,-0.04847853758305651,0.0,0.0,0.0,0.0,0.0,0.0,0.0,0.0,0.0,0.0,0.0,0.0,0.0,0.0,0.0,0.0,0.0,0.0,0.0,0.0,0.0,0.0,0.0,0.0,0.0,0.0,0.0,0.0,0.0,0.0,0.0,0.0,0.0,0.0,0.0,0.0,0.0,0.0,0.0,0.0,0.0,0.0,0.0,0.0,0.0,0.014329691066140625,1.1463752852912499,0.14659015,21
2024-03-06,0.0744422429906542,0.14014205885793313,107,-0.230846,0.578526,0.17149968224299067,18.350466,0.1440803831775701,0.13816835132128613,19,107,neutral,-0.023311194509345795,0.1381508941460264,0.012766821018352695,0.09698323458215603,0.1459258977034259,91.0,0.1699847270267333,-0.016833828437917225,0.10464838490080279,0.13674408577379368,72.0,0.1745256587874041,-0.02401321534267914,0.10419636547524465,0.13396605218338695,73.71428571428571,0.16586839563200076,-0.03953820145379025,0.1082348530206945,0.13774550253201587,71.1,0.16479967980955007,-0.021462338404694636,50.0,0.02740960113475177,0.009906174768702267,0.36336095496657417,-0.16068188698624655,-0.23846930712125392,-0.002310608753531826,0.0,0.0,0.0,0.0,0.0,0.0,0.0,0.0,0.0,0.0,0.0,0.0,0.0,0.0,0.0,0.0,0.0,0.0,0.0,0.0,0.0,0.0,0.0,0.0,0.0,0.0,0.0,0.0,0.0,0.0,0.0,0.0,0.0,0.0,0.0,0.0,0.0,0.0,0.0,0.0,0.0,0.0,0.0,0.0,0.0,0.012766821018352695,1.3660498489637385,0.17149968224299067,19
2024-03-07,0.12231222368421052,0.16165895145081194,76,-0.207042,0.665193,0.15702063157894736,11.933568,0.1869902763157895,0.15721255729723366,21,76,neutral,0.047869980693556316,0.14243839019100896,0.019205542612720217,0.09816930139162154,0.15223147238261603,87.66666666666667,0.15837015460731266,0.003558200428396552,0.10691052253083679,0.14066741161907456,72.42857142857143,0.1727880679953555,0.015834963410237907,0.10360048935542379,0.13455830480078873,72.42857142857143,0.16610486475694075,-0.008342265677491606,0.10805946319001314,0.13725833634603443,70.76666666666667,0.16399957683117392,-0.005261694920440624,50.0,0.0131,0.01342943902877407,0.37008067202538675,-0.1621181691766381,0.6430486074897839,0.07118117520290211,0.0,0.0,0.0,0.0,0.0,0.0,0.0,0.0,0.0,0.0,0.0,0.0,0.0,0.0,0.0,0.0,0.0,0.0,0.0,0.0,0.0,0.0,0.0,0.0,0.0,0.0,0.0,0.0,0.0,0.0,0.0,0.0,0.0,0.0,0.0,0.0,0.0,0.0,0.0,0.0,0.0,0.0,0.0,0.0,0.0,0.019205542612720217,1.4596212385667364,0.15702063157894736,21
2024-03-08,0.07453858823529412,0.14455979199968466,68,-0.413208,0.4583,0.1837081617647059,12.492155,0.16204689705882355,0.15734110963536438,16,68,neutral,-0.0477736354489164,0.14879928731215486,0.013693347025242216,0.09043101830338625,0.14878693410280988,83.66666666666667,0.17074282519554798,-0.023214849264705878,0.0989244475070128,0.14242474488294696,68.28571428571429,0.1678940969956154,-0.05590252516676773,0.10189564383423662,0.13647669650445482,70.57142857142857,0.17091436795289996,-0.023867837296620772,0.10667316329431016,0.13689348911546986,69.9,0.16409148718786978,-0.04158899687108886,50.0,0.08891164423076925,0.01847374566622944,0.37327296759202966,-0.16544229709622224,-0.3905875799646963,-0.09564361614247271,0.0,0.0,0.0,0.0,0.0,0.0,0.0,0.0,0.0,0.0,0.0,0.0,0.0,0.0,0.0,0.0,0.0,0.0,0.0,0.0,0.0,0.0,0.0,0.0,0.0,0.0,0.0,0.0,0.0,0.0,0.0,0.0,0.0,0.0,0.0,0.0,0.0,0.0,0.0,0.0,0.0,0.0,0.0,0.0,0.0,0.013693347025242216,0.9311475977164707,0.1837081617647059,16
2024-03-09,0.10039868571428572,0.18260200255872647,35,-0.231626,0.548612,0.19847531428571427,6.946636,0.1489964857142857,0.15112527825778332,9,35,neutral,0.025860097478991595,0.15677124234125184,0.01992666070101551,0.09908316587793009,0.16294024866974102,59.666666666666664,0.1797347025431225,0.025956442723631512,0.09706789611554714,0.14847910650192228,68.57142857142857,0.16977879124422393,-0.012995859740259741,0.10211664689546109,0.14188699673035118,71.07142857142857,0.17102201540187958,0.003094042857142848,0.1062741871931197,0.1383931687055841,67.86666666666666,0.1652379907196158,-0.011969283035714276,50.0,-0.009824298258345437,0.013986901135190126,0.3791290573446815,-0.16986672184887397,0.34693570258346806,0.073633732927908,0.0,0.0,0.0,0.0,0.0,0.0,0.0,0.0,0.0,0.0,0.0,0.0,0.0,0.0,0.0,0.0,0.0,0.0,0.0,0.0,0.0,0.0,0.0,0.0,0.0,0.0,0.0,0.0,0.0,0.0,0.0,0.0,0.0,0.0,0.0,0.0,0.0,0.0,0.0,0.0,0.0,0.0,0.0,0.0,0.0,0.01992666070101551,0.6974331245355427,0.19847531428571427,9
2024-03-10,0.08880442499999999,0.13266021900500458,40,-0.161016,0.565266,0.12598959999999998,5.039584,0.17758590000000002,0.14199344681029005,11,40,neutral,-0.011594260714285723,0.15232460477443216,0.011188433983979998,0.08791389964985992,0.15327400452113857,47.666666666666664,0.16939102535014006,-0.03350779868421053,0.09671480376860837,0.15132266544635792,70.28571428571429,0.16787826981565251,-0.0024716464285714362,0.10345691832403252,0.14269639559484615,72.21428571428571,0.17071898087807005,0.018763799999999997,0.10504046713756414,0.1382605468725975,66.7,0.16312200805294916,-0.03701160166666667,50.0,0.028391928814520698,0.014742633305057505,0.3796647838874465,-0.17027474551428057,-0.11548219612436594,-0.03745435819327732,0.0,0.0,0.0,0.0,0.0,0.0,0.0,0.0,0.0,0.0,0.0,0.0,0.0,0.0,0.0,0.0,0.0,0.0,0.0,0.0,0.0,0.0,0.0,0.0,0.0,0.0,0.0,0.0,0.0,0.0,0.0,0.0,0.0,0.0,0.0,0.0,0.0,0.0,0.0,0.0,0.0,0.0,0.0,0.0,0.0,0.011188433983979998,0.4475373593591999,0.12598959999999998,11
2024-03-11,0.1177388253968254,0.19272316750881385,63,-0.227157,0.762169,0.17678526984126985,11.137472,0.1946586507936508,0.1407355443054121,16,63,neutral,0.028934400396825405,0.16284082650460832,0.020814490018571934,0.10231397870370366,0.16932846302418167,46.0,0.1670833947089947,0.04320023716153128,0.09656977550303858,0.15846279974572536,67.0,0.16572411567337544,-0.0010151978589885702,0.10357879938337451,0.1473602899969486,69.14285714285714,0.17257763694489928,0.0017063348307876647,0.1052849398888869,0.1394134556534875,67.86666666666666,0.16355479323813432,0.007334182539682529,50.0,-0.004854914029535876,0.013272400060783103,0.38455230207364666,-0.17690007116079812,0.3258216062637127,0.04052866111111113,0.0,0.0,0.0,0.0,0.0,0.0,0.0,0.0,0.0,0.0,0.0,0.0,0.0,0.0,0.0,0.0,0.0,0.0,0.0,0.0,0.0,0.0,0.0,0.0,0.0,0.0,0.0,0.0,0.0,0.0,0.0,0.0,0.0,0.0,0.0,0.0,0.0,0.0,0.0,0.0,0.0,0.0,0.0,0.0,0.0,0.020814490018571934,1.311312871170032,0.17678526984126985,16
2024-03-12,0.12306634210526317,0.16505929240476408,76,-0.193574,0.673406,0.17536135526315788,13.327463,0.19334836842105263,0.15952676354968087,15,76,neutral,0.005327516708437771,0.1635208946953987,0.02158108053885838,0.10986986416736283,0.16348089297286084,59.666666666666664,0.1593787417014759,0.022667656390977453,0.10018590473236187,0.15991506911224837,66.42857142857143,0.16983428785382657,0.02531290460526317,0.10413237448391655,0.14968366073225206,68.42857142857143,0.17237108009492555,0.007750051407588748,0.10408874231803669,0.14005964849206098,69.53333333333333,0.1635721332853678,-0.035885927125506076,50.0,0.019018283204288278,0.01622365168296501,0.3897592258889875,-0.18119840521005706,0.045248597397519186,-0.023606883688387634,0.0,0.0,0.0,0.0,0.0,0.0,0.0,0.0,0.0,0.0,0.0,0.0,0.0,0.0,0.0,0.0,0.0,0.0,0.0,0.0,0.0,0.0,0.0,0.0,0.0,0.0,0.0,0.0,0.0,0.0,0.0,0.0,0.0,0.0,0.0,0.0,0.0,0.0,0.0,0.0,0.0,0.0,0.0,0.0,0.0,0.02158108053885838,1.6401621209532369,0.17536135526315788,15
2024-03-13,0.09934953164556963,0.1472180494495813,79,-0.184557,0.786441,0.1468594683544304,11.601898,0.17615782278481013,0.1824960393574274,19,79,neutral,-0.023716810459693538,0.16405254618537807,0.014590419398730015,0.11338489971588604,0.16833350312105308,72.66666666666667,0.16633536448628605,0.010545106645569638,0.10374408882592122,0.16092592491105528,62.42857142857143,0.16631425729831797,0.024907288654915427,0.104196236863362,0.1488350053424245,67.21428571428571,0.170419958042861,0.0008940733122362876,0.10386012029596595,0.1405234204650351,69.56666666666666,0.16264349334162662,-0.006858660662122665,50.0,-0.06096323840206186,0.00921138734252052,0.38757904146742034,-0.18214871656010317,-0.19271565282575542,-0.02904432716813131,0.0,0.0,0.0,0.0,0.0,0.0,0.0,0.0,0.0,0.0,0.0,0.0,0.0,0.0,0.0,0.0,0.0,0.0,0.0,0.0,0.0,0.0,0.0,0.0,0.0,0.0,0.0,0.0,0.0,0.0,0.0,0.0,0.0,0.0,0.0,0.0,0.0,0.0,0.0,0.0,0.0,0.0,0.0,0.0,0.0,0.014590419398730015,1.152643132499671,0.1468594683544304,19
2024-03-14,0.11709474666666668,0.13735622664219085,75,-0.254173,0.479514,0.1635964666666667,12.269735,0.16625048,0.16162115347119965,18,75,neutral,0.01774521502109705,0.15500339100207094,0.019156286819895115,0.11317020680583313,0.14987785616551208,76.66666666666667,0.16193909676141832,-0.0006440787301587175,0.10299873496627211,0.15745410708125226,62.285714285714285,0.1672536623108493,-0.0052174770175438395,0.10495462874855443,0.1490607593501634,67.35714285714286,0.17002086515310239,0.010617486392694067,0.10297300453444833,0.1397494153680161,69.33333333333333,0.16179548206791383,-0.026613472845528438,50.0,-0.037537633689839575,0.007072374778283028,0.39047884937354105,-0.1831796923527487,0.17861397761192532,0.04146202548079059,0.0,0.0,0.0,0.0,0.0,0.0,0.0,0.0,0.0,0.0,0.0,0.0,0.0,0.0,0.0,0.0,0.0,0.0,0.0,0.0,0.0,0.0,0.0,0.0,0.0,0.0,0.0,0.0,0.0,0.0,0.0,0.0,0.0,0.0,0.0,0.0,0.0,0.0,0.0,0.0,0.0,0.0,0.0,0.0,0.0,0.019156286819895115,1.4367215114921337,0.1635964666666667,18
2024-03-15,0.09046689473684211,0.15403207164713711,76,-0.269639,0.80542,0.1631816052631579,12.401802,0.20253493421052632,0.14699047320624428,16,76,neutral,-0.026627851929824572,0.15927776153049744,0.014762533106331025,0.10230372434969277,0.14620211591296975,76.66666666666667,0.15787918009475166,-0.03259944736842106,0.10527420732363611,0.1588072898880312,63.42857142857143,0.1643212970963424,0.015928306501547987,0.10209932741532446,0.15061601738548908,65.85714285714286,0.16610769704597889,-0.039974218665219746,0.10286854954888315,0.1400407912645832,69.23333333333333,0.16204925456402755,-0.00313364956695536,50.0,-0.0051940357142857135,0.003449748461723307,0.39485438919262195,-0.18823900698385973,-0.2274043258800159,-0.04437306695092162,0.0,0.0,0.0,0.0,0.0,0.0,0.0,0.0,0.0,0.0,0.0,0.0,0.0,0.0,0.0,0.0,0.0,0.0,0.0,0.0,0.0,0.0,0.0,0.0,0.0,0.0,0.0,0.0,0.0,0.0,0.0,0.0,0.0,0.0,0.0,0.0,0.0,0.0,0.0,0.0,0.0,0.0,0.0,0.0,0.0,0.014762533106331025,1.1219525160811579,0.1631816052631579,16
2024-03-16,0.1256349069767442,0.16829260300169574,43,-0.225099,0.587843,0.15795902325581396,6.792238,0.20946386046511625,0.1083029336588946,12,43,neutral,0.0351680122399021,0.1543916486290738,0.019845167192881562,0.11106551612675097,0.15322696709700792,64.66666666666667,0.16157903172854618,0.026285375331174574,0.1088793817897016,0.15676308995131252,64.57142857142857,0.15853325552064237,0.02523622126245849,0.10297363895262436,0.1526210982266174,66.57142857142857,0.16415602338243312,0.012240361522198748,0.10287319499883259,0.1402125528477505,67.6,0.16014478396240978,0.00013936349848331364,50.0,-0.03122662702939888,-0.0014754323193210128,0.40233050010142124,-0.19015568969498456,0.38873902262481574,0.06179586416972667,0.0,0.0,0.0,0.0,0.0,0.0,0.0,0.0,0.0,0.0,0.0,0.0,0.0,0.0,0.0,0.0,0.0,0.0,0.0,0.0,0.0,0.0,0.0,0.0,0.0,0.0,0.0,0.0,0.0,0.0,0.0,0.0,0.0,0.0,0.0,0.0,0.0,0.0,0.0,0.0,0.0,0.0,0.0,0.0,0.0,0.019845167192881562,0.8533421892939071,0.15795902325581396,12
2024-03-17,0.13424663333333334,0.103271299694804,30,-0.096303,0.35579,0.15763226666666666,4.728968,0.20425933333333332,0.11409560336729513,9,30,neutral,0.008611726356589133,0.1420340500870818,0.02116160110470222,0.11678281168230652,0.14186532478121228,49.666666666666664,0.1595909650618795,0.017151886666666658,0.11537112583732065,0.15256467290699813,63.142857142857146,0.16305363647302332,0.045442208333333345,0.1060429648029645,0.15194366917667804,66.71428571428571,0.1654659531443379,0.04297056190476191,0.1050321536099437,0.13962563099741757,65.93333333333334,0.160690178684632,0.06476875833333334,50.0,0.037363462500000014,-0.007203008067184261,0.40082547262132845,-0.1868292479381622,0.06854564996162416,-0.026556285883312963,0.0,0.0,0.0,0.0,0.0,0.0,0.0,0.0,0.0,0.0,0.0,0.0,0.0,0.0,0.0,0.0,0.0,0.0,0.0,0.0,0.0,0.0,0.0,0.0,0.0,0.0,0.0,0.0,0.0,0.0,0.0,0.0,0.0,0.0,0.0,0.0,0.0,0.0,0.0,0.0,0.0,0.0,0.0,0.0,0.0,0.02116160110470222,0.6348480331410666,0.15763226666666666,9
2024-03-18,0.090505975,0.12252051726283968,80,-0.321028,0.395275,0.1232690625,9.861525,0.212016375,0.11158573430070358,18,80,neutral,-0.043740658333333335,0.13709454364973347,0.011156586688898438,0.11679583843669249,0.1313614733197798,51.0,0.14628678414082688,3.9080263157895145e-05,0.11148071863777416,0.14253572287185895,65.57142857142857,0.15540846399569905,-0.027232850396825395,0.10402524707040636,0.15049926130879215,66.28571428571429,0.16056628983453727,-0.028248048255813965,0.10552045571778684,0.13997705908722724,67.46666666666667,0.1601874444934555,0.014649063235294121,50.0,0.03953820145379025,-0.0017182858769469625,0.3985837983516772,-0.18706860523827834,-0.3258231305117769,-0.05235238468992247,0.0,0.0,0.0,0.0,0.0,0.0,0.0,0.0,0.0,0.0,0.0,0.0,0.0,0.0,0.0,0.0,0.0,0.0,0.0,0.0,0.0,0.0,0.0,0.0,0.0,0.0,0.0,0.0,0.0,0.0,0.0,0.0,0.0,0.0,0.0,0.0,0.0,0.0,0.0,0.0,0.0,0.0,0.0,0.0,0.0,0.011156586688898438,0.892526935111875,0.1232690625,18
2024-03-19,0.09864339999999999,0.141956120283548,85,-0.257801,0.543725,0.18350911764705882,15.598275000000001,0.19132849411764705,0.14971386027468592,21,85,neutral,0.00813742499999999,0.13801452237800488,0.018101963295705882,0.10779866944444443,0.1225826457470639,65.0,0.15480348227124183,-0.02699150697674421,0.10799172690845085,0.13923526971168523,66.85714285714286,0.15657243005054206,-0.024422942105263176,0.10408881582040637,0.14957516941196683,66.64285714285714,0.16320335895218432,0.0008899624999999939,0.10593916786064399,0.14033561542893852,69.36666666666666,0.16200212222454796,0.012561364285714277,50.0,0.008342265677491606,-0.00394602622550575,0.39687888497264856,-0.1853448976925831,0.08991036227166216,0.051878083333333325,0.0,0.0,0.0,0.0,0.0,0.0,0.0,0.0,0.0,0.0,0.0,0.0,0.0,0.0,0.0,0.0,0.0,0.0,0.0,0.0,0.0,0.0,0.0,0.0,0.0,0.0,0.0,0.0,0.0,0.0,0.0,0.0,0.0,0.0,0.0,0.0,0.0,0.0,0.0,0.0,0.0,0.0,0.0,0.0,0.0,0.018101963295705882,1.538666880135,0.18350911764705882,21
2024-03-20,0.09329333333333334,0.12560614031965156,72,-0.139199,0.384695,0.16831823611111113,12.118913000000001,0.19394395833333333,0.12629949425148673,17,72,neutral,-0.005350066666666653,0.1323293361125078,0.015702969307592594,0.09414756944444441,0.1300275926220131,79.0,0.15836547208605667,-0.0409533,0.10712655572098853,0.1361478541216953,65.85714285714286,0.15963796830149643,-0.006056198312236291,0.10543532227345487,0.14853688951637525,64.14285714285714,0.1629761127999072,0.018851090342679136,0.10613136576420792,0.14025777117412205,70.0,0.1631294074534089,0.005765937106918251,50.0,0.023867837296620772,-0.0007546094114883452,0.39536073560419716,-0.1851451410181956,-0.05423643818711288,-0.013487491666666643,0.0,0.0,0.0,0.0,0.0,0.0,0.0,0.0,0.0,0.0,0.0,0.0,0.0,0.0,0.0,0.0,0.0,0.0,0.0,0.0,0.0,0.0,0.0,0.0,0.0,0.0,0.0,0.0,0.0,0.0,0.0,0.0,0.0,0.0,0.0,0.0,0.0,0.0,0.0,0.0,0.0,0.0,0.0,0.0,0.0,0.015702969307592594,1.1306137901466669,0.16831823611111113,17
2024-03-21,0.0836788988764045,0.14934223151784057,89,-0.244474,0.561908,0.15560608988764044,13.848942,0.16712822471910113,0.14440371314916764,17,89,neutral,-0.009614434456928833,0.12853926181573677,0.013020946260260574,0.09187187740324591,0.13896816404034673,82.0,0.16914448121527012,-0.006827076123595496,0.1023528631795225,0.1378601405325024,67.85714285714286,0.15849648590449267,-0.033415847790262174,0.1026757990728973,0.14765712380687732,65.07142857142857,0.162875074107671,-0.03863332480780601,0.10441676572675473,0.1407305472798759,70.3,0.1632795887829969,-0.051438001123595506,50.0,-0.003094042857142848,-0.003211534529425137,0.39473100211444057,-0.18919162898100475,-0.10305596459477806,-0.00426436779026218,0.0,0.0,0.0,0.0,0.0,0.0,0.0,0.0,0.0,0.0,0.0,0.0,0.0,0.0,0.0,0.0,0.0,0.0,0.0,0.0,0.0,0.0,0.0,0.0,0.0,0.0,0.0,0.0,0.0,0.0,0.0,0.0,0.0,0.0,0.0,0.0,0.0,0.0,0.0,0.0,0.0,0.0,0.0,0.0,0.0,0.013020946260260574,1.158864217163191,0.15560608988764044,17
2024-03-22,0.10790748235294118,0.1557238951312479,85,-0.282722,0.558749,0.1894905882352941,16.1067,0.1699804,0.14720567503255602,18,85,neutral,0.02422858347653667,0.13902978090302556,0.02044745230604844,0.0949599048542263,0.14355742232291335,82.0,0.17113830474468192,0.009264082352941183,0.10484437569610808,0.13810182960166106,69.14285714285714,0.1622549120433693,0.017440587616099068,0.10505929150987207,0.14845455974484612,66.28571428571429,0.1632881045698559,0.033368894117647055,0.10421433365703796,0.14200357701485863,70.13333333333334,0.16496399320565486,-0.006072962091503278,50.0,-0.018763799999999997,0.0014772919596928477,0.39600689134989525,-0.19101622452661987,0.2895423314821912,0.0338430179334655,0.0,0.0,0.0,0.0,0.0,0.0,0.0,0.0,0.0,0.0,0.0,0.0,0.0,0.0,0.0,0.0,0.0,0.0,0.0,0.0,0.0,0.0,0.0,0.0,0.0,0.0,0.0,0.0,0.0,0.0,0.0,0.0,0.0,0.0,0.0,0.0,0.0,0.0,0.0,0.0,0.0,0.0,0.0,0.0,0.0,0.02044745230604844,1.7380334460141176,0.1894905882352941,18
2024-03-23,0.11629140909090908,0.1358559633150244,22,-0.044344,0.445716,0.10944786363636362,2.407853,0.18629695454545453,0.09040252724579333,7,22,neutral,0.008383926737967909,0.1416968701134625,0.012727846284262394,0.10262593010675154,0.14697402998803763,65.33333333333333,0.15151484725309938,0.022998075757575745,0.10350959028384592,0.1334680239321366,66.14285714285714,0.15532474638344781,-0.00934349788583512,0.10619448603677376,0.14511555694172457,65.35714285714286,0.15692900095204512,0.01589272337662337,0.10373556431467819,0.14141986196511988,67.73333333333333,0.16348858653254075,-0.014363080270793041,50.0,-0.0017063348307876647,0.005458547388476394,0.399567723925119,-0.1920755233356099,0.07769550873725284,-0.01584465673856876,0.0,0.0,0.0,0.0,0.0,0.0,0.0,0.0,0.0,0.0,0.0,0.0,0.0,0.0,0.0,0.0,0.0,0.0,0.0,0.0,0.0,0.0,0.0,0.0,0.0,0.0,0.0,0.0,0.0,0.0,0.0,0.0,0.0,0.0,0.0,0.0,0.0,0.0,0.0,0.0,0.0,0.0,0.0,0.0,0.0,0.012727846284262394,0.28001261825377266,0.10944786363636362,7
2024-03-24,0.1009029375,0.11602945027182998,32,-0.120017,0.33737,0.1446824375,4.629838,0.17423587499999998,0.12093277705956605,8,32,neutral,-0.015388471590909086,0.13651153611111888,0.014598882948410156,0.10836727631461672,0.13586976957270078,46.333333333333336,0.14787362979055257,0.017224038623595492,0.0987462051647983,0.1352906168717117,66.42857142857143,0.15347477078820973,-0.03334369583333334,0.10705866550105948,0.14392764488935492,64.78571428571429,0.15826420363061652,0.012098512500000005,0.10381878138028103,0.14136410003590225,65.66666666666667,0.16443216388183152,0.002496511968085105,50.0,-0.007750051407588748,0.005174545644776056,0.3960038919231872,-0.19029679990925943,-0.1323268134009743,-0.023772398328876995,0.0,0.0,0.0,0.0,0.0,0.0,0.0,0.0,0.0,0.0,0.0,0.0,0.0,0.0,0.0,0.0,0.0,0.0,0.0,0.0,0.0,0.0,0.0,0.0,0.0,0.0,0.0,0.0,0.0,0.0,0.0,0.0,0.0,0.0,0.0,0.0,0.0,0.0,0.0,0.0,0.0,0.0,0.0,0.0,0.0,0.014598882948410156,0.467164254349125,0.1446824375,8
2024-03-25,0.12233557692307692,0.12509541198574636,78,-0.21812,0.421033,0.13898289743589745,10.840666,0.20630024358974358,0.137250501530386,16,78,neutral,0.021432639423076924,0.13640939044433784,0.01700255294026134,0.11317664117132864,0.1256602751908669,44.0,0.13103773285742035,0.014428094570135747,0.10329329115380928,0.1356584589749841,66.14285714285714,0.1557196043504808,0.03182960192307692,0.10738700489579174,0.13909709092342154,65.85714285714286,0.15556403417308992,0.004596751526251525,0.10465314584914549,0.14197202045555454,67.33333333333333,0.16249931879636142,0.025030934065934055,50.0,-0.0008940733122362876,0.008544829391127455,0.3942531994090053,-0.18608789345276988,0.21240847842588262,0.03682111101398601,0.0,0.0,0.0,0.0,0.0,0.0,0.0,0.0,0.0,0.0,0.0,0.0,0.0,0.0,0.0,0.0,0.0,0.0,0.0,0.0,0.0,0.0,0.0,0.0,0.0,0.0,0.0,0.0,0.0,0.0,0.0,0.0,0.0,0.0,0.0,0.0,0.0,0.0,0.0,0.0,0.0,0.0,0.0,0.0,0.0,0.01700255294026134,1.3261991293403848,0.13898289743589745,16
2024-03-26,0.15284631506849314,0.16699291003844352,73,-0.312667,0.560931,0.19928794520547943,14.54802,0.19992897260273973,0.13499003282670463,15,73,bullish,0.030510738145416216,0.13993952614845845,0.030460428062229306,0.12536160983052333,0.13603925743200662,61.0,0.1609844267137923,0.036554905977584054,0.11103656473502259,0.13923514322568348,64.42857142857143,0.15797372257311232,0.054202915068493146,0.10951414582173673,0.13923520646868434,65.64285714285714,0.15727307631182716,0.02977997296322997,0.10741333551809527,0.14349416296010015,68.96666666666667,0.1648011808587663,0.08280569006849314,50.0,-0.010617486392694067,0.0032136128474947795,0.4008584881309483,-0.18485277496692903,0.24940200481991415,0.009078098722339292,0.0,0.0,0.0,0.0,0.0,0.0,0.0,0.0,0.0,0.0,0.0,0.0,0.0,0.0,0.0,0.0,0.0,0.0,0.0,0.0,0.0,0.0,0.0,0.0,0.0,0.0,0.0,0.0,0.0,0.0,0.0,0.0,0.0,0.0,0.0,0.0,0.0,0.0,0.0,0.0,0.0,0.0,0.0,0.0,0.0,0.030460428062229306,2.2236112485427393,0.19928794520547943,15
2024-03-27,0.13457419540229884,0.14049250291351223,87,-0.254792,0.71034,0.15662793103448278,13.62663,0.20285450574712643,0.11517540725082073,16,87,neutral,-0.018272119666194298,0.1368932477049113,0.021078077796492272,0.13658536246462294,0.14419360831256736,79.33333333333333,0.1649662578919532,0.03367125790229884,0.1169338307448748,0.14136176645337786,66.57142857142857,0.15630367899073683,0.0412808620689655,0.11203019323293166,0.13875481028753658,66.21428571428571,0.15797082364611664,0.03522466375672921,0.10803139234597064,0.14392962486123792,68.33333333333333,0.16499664239639372,0.018541704836261108,50.0,0.039974218665219746,0.003262059204320279,0.39935494186312276,-0.18212303152729464,-0.11954569960032235,-0.048782857811610514,0.0,0.0,0.0,0.0,0.0,0.0,0.0,0.0,0.0,0.0,0.0,0.0,0.0,0.0,0.0,0.0,0.0,0.0,0.0,0.0,0.0,0.0,0.0,0.0,0.0,0.0,0.0,0.0,0.0,0.0,0.0,0.0,0.0,0.0,0.0,0.0,0.0,0.0,0.0,0.0,0.0,0.0,0.0,0.0,0.0,0.021078077796492272,1.8337927682948276,0.15662793103448278,16
2024-03-28,0.115262484375,0.15001758548144375,64,-0.269486,0.57232,0.148114921875,9.479355,0.203377484375,0.1298239333875768,14,64,neutral,-0.01931171102729884,0.13972557213819517,0.017072093868321533,0.1342276649485973,0.15250099947779983,74.66666666666667,0.16801026603832073,-0.00707309254807692,0.12144577153038846,0.14145824559103545,63.0,0.1552335121317882,0.031583585498595496,0.11189931735495548,0.1396591930617689,65.42857142857143,0.15686499901814047,-0.001832262291666678,0.1080295988018815,0.14451247430693553,67.6,0.16399203475346738,-5.380632267441843e-05,50.0,-0.012240361522198748,0.0009751006265769065,0.40193691601828396,-0.18063261606848524,-0.14350233318927164,-0.0010395913611045415,0.0,0.0,0.0,0.0,0.0,0.0,0.0,0.0,0.0,0.0,0.0,0.0,0.0,0.0,0.0,0.0,0.0,0.0,0.0,0.0,0.0,0.0,0.0,0.0,0.0,0.0,0.0,0.0,0.0,0.0,0.0,0.0,0.0,0.0,0.0,0.0,0.0,0.0,0.0,0.0,0.0,0.0,0.0,0.0,0.0,0.017072093868321533,1.092614007572578,0.148114921875,14
2024-03-29,0.09793432142857142,0.08749044692784233,28,-0.049091,0.343999,0.12563907142857142,3.517894,0.19461875,0.10881314822705634,11,28,neutral,-0.017328162946428582,0.13401777146939764,0.012304377205272957,0.11592366706862338,0.12600017844093278,59.666666666666664,0.14346064144601808,-0.05491199363992172,0.12002103425547848,0.13171061013340607,54.857142857142854,0.14611186687368496,-0.009973160924369756,0.11243270497579327,0.13490621986753357,62.0,0.15418338945852714,0.007467426691729312,0.10801222757172277,0.14212551504095802,65.33333333333333,0.16237416456497528,-0.0005211369047619235,50.0,-0.04297056190476191,-0.006451388173576725,0.3923025422409099,-0.17124467871968255,-0.1503365387306106,0.0019835480808702566,0.0,0.0,0.0,0.0,0.0,0.0,0.0,0.0,0.0,0.0,0.0,0.0,0.0,0.0,0.0,0.0,0.0,0.0,0.0,0.0,0.0,0.0,0.0,0.0,0.0,0.0,0.0,0.0,0.0,0.0,0.0,0.0,0.0,0.0,0.0,0.0,0.0,0.0,0.0,0.0,0.0,0.0,0.0,0.0,0.0,0.012304377205272957,0.3445225617476428,0.12563907142857142,11
2024-03-30,0.07019463636363636,0.12219049342709404,22,-0.168817,0.382929,0.18595640909090907,4.091041,0.15445672727272727,0.0979230304435857,7,22,neutral,-0.027739685064935057,0.13343678775766715,0.013053142515623966,0.0944638140557359,0.11989950861212671,38.0,0.15323680079816016,-0.06437955903866248,0.11343578100872523,0.12975840014941603,54.857142857142854,0.15704165908147716,-0.04609677272727272,0.10847268564628558,0.1316132120407763,60.5,0.1561832027324625,-0.05544027061310784,0.10680280677471156,0.14172534247073293,63.63333333333333,0.16293325263056266,-0.03628262391033625,50.0,0.028248048255813965,-0.002968933605470412,0.39032508025130064,-0.17112819559370965,-0.2832478405965885,-0.010411522118506475,0.0,0.0,0.0,0.0,0.0,0.0,0.0,0.0,0.0,0.0,0.0,0.0,0.0,0.0,0.0,0.0,0.0,0.0,0.0,0.0,0.0,0.0,0.0,0.0,0.0,0.0,0.0,0.0,0.0,0.0,0.0,0.0,0.0,0.0,0.0,0.0,0.0,0.0,0.0,0.0,0.0,0.0,0.0,0.0,0.0,0.013053142515623966,0.28716913534372723,0.18595640909090907,7
2024-03-31,0.17370017857142855,0.13406370150487848,28,-0.078499,0.445193,0.20633085714285712,5.777264,0.1981274642857143,0.13989313922352836,7,28,bullish,0.10350554220779219,0.12685094605095418,0.0358397067305102,0.11394304545454541,0.11458154728660495,26.0,0.17264211255411255,0.05843769419642855,0.12383538687607218,0.13233472175413724,54.285714285714285,0.16584857617331392,0.07279724107142856,0.11129079602043523,0.1338126693129245,60.357142857142854,0.15966167348076182,0.03945354523809522,0.10824477561369045,0.14178551721580968,61.333333333333336,0.16254541590989502,0.0432590651693667,50.0,-0.0008899624999999939,-0.0009829516610259674,0.38725720130963714,-0.16246418133458593,1.4745505863381352,0.13124522727272725,0.0,0.0,0.0,0.0,0.0,0.0,0.0,0.0,0.0,0.0,0.0,0.0,0.0,0.0,0.0,0.0,0.0,0.0,0.0,0.0,0.0,0.0,0.0,0.0,0.0,0.0,0.0,0.0,0.0,0.0,0.0,0.0,0.0,0.0,0.0,0.0,0.0,0.0,0.0,0.0,0.0,0.0,0.0,0.0,0.0,0.0358397067305102,1.0035117884542857,0.20633085714285712,7
2024-04-01,0.12784663076923078,0.1540051541037435,65,-0.275535,0.520821,0.2480620923076923,16.124036,0.17520535384615385,0.12616530591344124,17,65,neutral,-0.045853547802197775,0.12955347628900044,0.03171390272310438,0.12391381523476519,0.13675311634523868,38.333333333333336,0.21344978618048616,0.02991230934065936,0.12462268028266558,0.1364646849138511,52.42857142857143,0.181431318297856,0.005511053846153857,0.11395798571823744,0.13606157194441762,59.285714285714285,0.1685754613241684,0.03734065576923078,0.10872651179084662,0.14224497331173777,62.4,0.16463807050196963,0.014452085314685323,50.0,-0.018851090342679136,-0.002887924495680575,0.38639080191273356,-0.16111975307128557,-0.2639810055425015,-0.14935909000998998,0.0,0.0,0.0,0.0,0.0,0.0,0.0,0.0,0.0,0.0,0.0,0.0,0.0,0.0,0.0,0.0,0.0,0.0,0.0,0.0,0.0,0.0,0.0,0.0,0.0,0.0,0.0,0.0,0.0,0.0,0.0,0.0,0.0,0.0,0.0,0.0,0.0,0.0,0.0,0.0,0.0,0.0,0.0,0.0,0.0,0.03171390272310438,2.0614036770017847,0.2480620923076923,17
2024-04-02,0.13305259210526316,0.1349894586413006,76,-0.168999,0.47192,0.18280096052631578,13.892873,0.21589573684210528,0.12947327387280805,15,76,neutral,0.0052059613360323775,0.1265478509209718,0.024322141637358206,0.1448664671486408,0.14101943808330752,56.333333333333336,0.2123979699922884,0.0628579557416268,0.12179500557363272,0.13189276328568783,52.857142857142854,0.17907603477226122,-0.01979372296322998,0.11641578515432767,0.13556395325568565,58.642857142857146,0.16852487867268676,0.034409192105263164,0.11011906248006967,0.14298611171998266,64.0,0.1660883275195135,0.04177652067669173,50.0,0.03863332480780601,0.0022657839726966202,0.38685309585489014,-0.1582117409674728,0.040720363960387695,0.05105950913823015,0.0,0.0,0.0,0.0,0.0,0.0,0.0,0.0,0.0,0.0,0.0,0.0,0.0,0.0,0.0,0.0,0.0,0.0,0.0,0.0,0.0,0.0,0.0,0.0,0.0,0.0,0.0,0.0,0.0,0.0,0.0,0.0,0.0,0.0,0.0,0.0,0.0,0.0,0.0,0.0,0.0,0.0,0.0,0.0,0.0,0.024322141637358206,1.8484827644392237,0.18280096052631578,15
2024-04-03,0.10988279710144928,0.14034813794156342,69,-0.221302,0.528897,0.21638144927536232,14.93032,0.205415115942029,0.15610488904801234,16,69,neutral,-0.023169795003813873,0.137119389123716,0.02377659888724218,0.12359400665864771,0.14311425022886917,70.0,0.21574816736979016,-0.06381738146997927,0.11826766295922565,0.13187213971826658,50.285714285714285,0.18761225166381543,-0.024691398300849557,0.11760074685205023,0.1366169530858222,58.42857142857143,0.1719579653272761,0.016589463768115945,0.10982335494159086,0.14290630873759336,63.43333333333333,0.16690556420078523,-0.008871226154364684,50.0,-0.033368894117647055,-0.001342529450126798,0.38679168950656656,-0.1588715295756709,-0.17414012487245145,-0.02837575633984625,0.0,0.0,0.0,0.0,0.0,0.0,0.0,0.0,0.0,0.0,0.0,0.0,0.0,0.0,0.0,0.0,0.0,0.0,0.0,0.0,0.0,0.0,0.0,0.0,0.0,0.0,0.0,0.0,0.0,0.0,0.0,0.0,0.0,0.0,0.0,0.0,0.0,0.0,0.0,0.0,0.0,0.0,0.0,0.0,0.0,0.02377659888724218,1.6405853232197103,0.21638144927536232,16
2024-04-04,0.10083280434782607,0.15126982103507328,46,-0.219393,0.473254,0.16947723913043478,7.795953,0.19891782608695655,0.13865013393002376,16,46,neutral,-0.009049992753623212,0.14293525464531184,0.017088865294648863,0.1145893978515128,0.14220247253931242,63.666666666666664,0.18955321631070432,-0.027013826421404707,0.1162062800982008,0.13205103051164221,47.714285714285715,0.19066401127173468,-0.01442968002717393,0.11882602581429462,0.13675463805133883,55.357142857142854,0.17294876170176146,0.017153905471421566,0.10992600050318506,0.14278552254412571,62.3,0.16766846717179976,0.0030793668478260733,50.0,-0.01589272337662337,-0.0019286668927856094,0.3870337599259094,-0.15807700903391533,-0.08236041484517187,0.01411980225019066,0.0,0.0,0.0,0.0,0.0,0.0,0.0,0.0,0.0,0.0,0.0,0.0,0.0,0.0,0.0,0.0,0.0,0.0,0.0,0.0,0.0,0.0,0.0,0.0,0.0,0.0,0.0,0.0,0.0,0.0,0.0,0.0,0.0,0.0,0.0,0.0,0.0,0.0,0.0,0.0,0.0,0.0,0.0,0.0,0.0,0.017088865294648863,0.7860878035538477,0.16947723913043478,16
2024-04-05,0.041109733333333336,0.1346639224045747,60,-0.261093,0.382607,0.15880261666666667,9.528157,0.16037348333333332,0.14229148448971868,15,60,neutral,-0.059723071014492736,0.1430552988252511,0.006528333223802223,0.08394177826086953,0.1420939604604038,58.333333333333336,0.18155376835748793,-0.09194285877192981,0.10808848179888107,0.13879009843688972,52.285714285714285,0.19540166059146258,-0.056824588095238084,0.11405475802717979,0.1352503542851479,53.57142857142857,0.17075676373257376,-0.06679774901960783,0.10881491684794103,0.14260291799568042,60.733333333333334,0.16724523165258895,-0.03333250965732087,50.0,-0.012098512500000005,-0.007714525911143359,0.3794446331840267,-0.1589403996563738,-0.5922980264287407,-0.050673078260869524,0.0,0.0,0.0,0.0,0.0,0.0,0.0,0.0,0.0,0.0,0.0,0.0,0.0,0.0,0.0,0.0,0.0,0.0,0.0,0.0,0.0,0.0,0.0,0.0,0.0,0.0,0.0,0.0,0.0,0.0,0.0,0.0,0.0,0.0,0.0,0.0,0.0,0.0,0.0,0.0,0.0,0.0,0.0,0.0,0.0,0.006528333223802223,0.3916999934281334,0.15880261666666667,15
2024-04-06,0.13712594444444445,0.09679585477662724,18,-0.047314,0.311448,0.12306344444444445,2.215142,0.24903211111111112,0.08058540053726626,7,18,neutral,0.09601621111111111,0.13161343895982786,0.016875191046030864,0.09302282737520125,0.12757653273875838,41.333333333333336,0.15044776674718197,0.02724314734299517,0.11765009723899653,0.13516229291539444,51.714285714285715,0.18641695135625339,0.06693130808080809,0.11554293912386089,0.13246034653240524,53.285714285714285,0.17172930521886526,0.02083453535353537,0.10930870753994881,0.1404408147732076,58.8,0.16611332541477217,0.014813720760233934,50.0,-0.004596751526251525,-0.0068652359115936685,0.3789410542477646,-0.15814888960900056,2.335607733880811,0.15573928212560384,0.0,0.0,0.0,0.0,0.0,0.0,0.0,0.0,0.0,0.0,0.0,0.0,0.0,0.0,0.0,0.0,0.0,0.0,0.0,0.0,0.0,0.0,0.0,0.0,0.0,0.0,0.0,0.0,0.0,0.0,0.0,0.0,0.0,0.0,0.0,0.0,0.0,0.0,0.0,0.0,0.0,0.0,0.0,0.0,0.0,0.016875191046030864,0.30375343882855554,0.12306344444444445,7
2024-04-07,0.11413307692307692,0.09369206322156559,26,-0.054002,0.397441,0.15038353846153846,3.9099720000000002,0.19945634615384614,0.09336320980255222,8,26,neutral,-0.022992867521367533,0.12335395987588085,0.017163735963195266,0.09745625156695152,0.1083839468009225,34.666666666666664,0.14408319985754986,0.013300272575250849,0.10914051128923198,0.12939491601777833,51.42857142857143,0.1784244772589221,-0.059567101648351634,0.11648794908265207,0.13086481888595777,52.857142857142854,0.17213652671611798,0.013230139423076923,0.1106285238295416,0.13874522381393697,57.4,0.1650025046379999,0.0395944886877828,50.0,-0.02977997296322997,-0.005399614918090119,0.37723956393979097,-0.15408468910871928,-0.1676770038997465,-0.11900907863247864,0.0,0.0,0.0,0.0,0.0,0.0,0.0,0.0,0.0,0.0,0.0,0.0,0.0,0.0,0.0,0.0,0.0,0.0,0.0,0.0,0.0,0.0,0.0,0.0,0.0,0.0,0.0,0.0,0.0,0.0,0.0,0.0,0.0,0.0,0.0,0.0,0.0,0.0,0.0,0.0,0.0,0.0,0.0,0.0,0.0,0.017163735963195266,0.4462571350430769,0.15038353846153846,8
2024-04-08,0.10788716883116882,0.1611149939094992,77,-0.787328,0.406533,0.1835095974025974,14.130239,0.21278211688311688,0.14628679097868486,16,77,neutral,-0.006245908091908101,0.12750733106946802,0.019798330917113846,0.11971539673289668,0.11720097063589735,40.333333333333336,0.1523188601028601,0.06677743549783549,0.10628915958379458,0.13041060741860058,53.142857142857146,0.16920269227248,-0.01995946193806196,0.11545591993323008,0.13343764616622583,52.785714285714285,0.175317005285168,-0.014448408091908102,0.11087813993343769,0.13802899019229606,58.8,0.1645036474085627,0.0074884831168831045,50.0,-0.03522466375672921,-0.012452138475039362,0.3796176397439446,-0.15553838802975595,-0.05472478496411426,0.016746959429459432,0.0,0.0,0.0,0.0,0.0,0.0,0.0,0.0,0.0,0.0,0.0,0.0,0.0,0.0,0.0,0.0,0.0,0.0,0.0,0.0,0.0,0.0,0.0,0.0,0.0,0.0,0.0,0.0,0.0,0.0,0.0,0.0,0.0,0.0,0.0,0.0,0.0,0.0,0.0,0.0,0.0,0.0,0.0,0.0,0.0,0.019798330917113846,1.5244714806177662,0.1835095974025974,16
2024-04-09,0.09967001515151515,0.16113597159794937,66,-0.405367,0.621767,0.1586118484848485,10.468382,0.20073857575757575,0.14541839419625444,18,66,neutral,-0.008217153679653671,0.12948056118204324,0.015808845341694674,0.10723008696858694,0.13864767624300475,56.333333333333336,0.16416832811632812,-0.037455929292929305,0.10152022001897344,0.1341458235552647,51.714285714285715,0.16574710483798463,-0.03338257695374801,0.11165761279630307,0.13301929342047628,52.285714285714285,0.17241156980512296,-0.05317629991697799,0.11124032627182154,0.1389781819453942,59.666666666666664,0.165591055691391,0.010865590151515156,50.0,0.001832262291666678,-0.012149669053743064,0.38348945696268344,-0.15877253706667668,-0.07616432768304993,-0.001971245587745571,0.0,0.0,0.0,0.0,0.0,0.0,0.0,0.0,0.0,0.0,0.0,0.0,0.0,0.0,0.0,0.0,0.0,0.0,0.0,0.0,0.0,0.0,0.0,0.0,0.0,0.0,0.0,0.0,0.0,0.0,0.0,0.0,0.0,0.0,0.0,0.0,0.0,0.0,0.0,0.0,0.0,0.0,0.0,0.0,0.0,0.015808845341694674,1.0433837925518485,0.1586118484848485,18
2024-04-10,0.12643843902439025,0.16222134116991319,82,-0.228636,0.684967,0.1816413780487805,14.894593,0.18952681707317073,0.13484902224688702,17,82,neutral,0.026768423872875105,0.1349920449351109,0.022966452302726953,0.11133187433569136,0.16149076889245392,75.0,0.17458760797874215,0.012305362101313333,0.10388531172225071,0.13727056687360037,53.57142857142857,0.16078423751990154,0.01655564192294097,0.11107648734073818,0.13457135329593348,51.92857142857143,0.17419824459185845,-0.008135756377908587,0.11153031339274035,0.1379614544007642,60.3,0.16575292596497465,0.008699613627564856,50.0,-0.007467426691729312,-0.010884817536970862,0.38691534493529,-0.15792247102448465,0.2685704806223077,0.03498557755252878,0.0,0.0,0.0,0.0,0.0,0.0,0.0,0.0,0.0,0.0,0.0,0.0,0.0,0.0,0.0,0.0,0.0,0.0,0.0,0.0,0.0,0.0,0.0,0.0,0.0,0.0,0.0,0.0,0.0,0.0,0.0,0.0,0.0,0.0,0.0,0.0,0.0,0.0,0.0,0.0,0.0,0.0,0.0,0.0,0.0,0.022966452302726953,1.8832490888236102,0.1816413780487805,17
2024-04-11,0.10856222388059701,0.13883475658404906,67,-0.54112,0.400581,0.16285173134328357,10.911066,0.18593519402985076,0.13482582077406827,15,67,neutral,-0.017876215143793242,0.14339982529659528,0.017679546117432388,0.11155689268550077,0.15406402311730386,71.66666666666667,0.16770165262563752,0.0006750550494281915,0.10498951451264657,0.13549412909488262,56.57142857142857,0.1598377364074514,0.00772941953277094,0.11059789730542367,0.13377257980326243,52.142857142857146,0.175250873839593,-0.00670026049440299,0.1110468427852515,0.13708730320674037,60.0,0.16533593850097886,-0.014504118224666157,50.0,0.05544027061310784,-0.009017379114159545,0.3852591681569529,-0.15620082009338193,-0.1413827573460068,-0.04464463901666835,0.0,0.0,0.0,0.0,0.0,0.0,0.0,0.0,0.0,0.0,0.0,0.0,0.0,0.0,0.0,0.0,0.0,0.0,0.0,0.0,0.0,0.0,0.0,0.0,0.0,0.0,0.0,0.0,0.0,0.0,0.0,0.0,0.0,0.0,0.0,0.0,0.0,0.0,0.0,0.0,0.0,0.0,0.0,0.0,0.0,0.017679546117432388,1.18452958986797,0.16285173134328357,15
2024-04-12,0.09631507692307693,0.16548520076262088,52,-0.288355,0.604719,0.15197534615384617,7.902718,0.1839131923076923,0.16007031670745525,15,52,neutral,-0.012247146957520078,0.15775845280480633,0.014637517155218938,0.11043857994268802,0.1555137661721944,67.0,0.16548948518197007,-0.0033549382284382145,0.11287599216832422,0.1398971688603178,55.42857142857143,0.15886241204847698,0.0552053435897436,0.11048223698360264,0.13934363364860375,53.857142857142854,0.1771320363199698,-0.0016192445054944854,0.11094569429450173,0.13769620825050835,59.1,0.16550646776095937,-0.0030344547224926965,50.0,-0.03945354523809522,-0.00969345146087601,0.3872232752933209,-0.16016256044653318,-0.11281223357205905,0.0056290681862731645,0.0,0.0,0.0,0.0,0.0,0.0,0.0,0.0,0.0,0.0,0.0,0.0,0.0,0.0,0.0,0.0,0.0,0.0,0.0,0.0,0.0,0.0,0.0,0.0,0.0,0.0,0.0,0.0,0.0,0.0,0.0,0.0,0.0,0.0,0.0,0.0,0.0,0.0,0.0,0.0,0.0,0.0,0.0,0.0,0.0,0.014637517155218938,0.7611508920713848,0.15197534615384617,15
2024-04-13,0.128711875,0.1879207842454327,24,-0.474464,0.461304,0.19532366666666667,4.687768,0.15052120833333335,0.17361636904643454,7,24,neutral,0.03239679807692307,0.16311961087199306,0.02514047536854167,0.11119639193455795,0.16408024719736755,47.666666666666664,0.17005024805459878,0.00227343597560975,0.11167398224768929,0.15291501592729,56.285714285714285,0.1691853009373659,-0.00841406944444445,0.1146620397433429,0.14403865442134225,54.0,0.17780112614680962,0.05851723863636364,0.11133293190561284,0.13938169350394974,57.4,0.1665640410942927,0.011617128333333324,50.0,-0.03734065576923078,-0.01207655506005461,0.3958028555656813,-0.1659612469688935,0.3363626870463605,0.04464394503444315,0.0,0.0,0.0,0.0,0.0,0.0,0.0,0.0,0.0,0.0,0.0,0.0,0.0,0.0,0.0,0.0,0.0,0.0,0.0,0.0,0.0,0.0,0.0,0.0,0.0,0.0,0.0,0.0,0.0,0.0,0.0,0.0,0.0,0.0,0.0,0.0,0.0,0.0,0.0,0.0,0.0,0.0,0.0,0.0,0.0,0.02514047536854167,0.6033714088450001,0.19532366666666667,7
2024-04-14,0.13282196875,0.11769588440072984,32,-0.058783,0.449142,0.108983,3.487456,0.20175159375,0.13856986610926386,10,32,neutral,0.004110093749999988,0.15443159343254914,0.014475336620281248,0.11928297355769228,0.15703395646959448,36.0,0.15209400427350428,0.02425974486940298,0.11434382393724975,0.15634413323859916,57.142857142857146,0.16327093830000328,0.01868889182692307,0.11174216761324086,0.14286952462818878,54.285714285714285,0.1708477077794627,-0.04087820982142856,0.11274476770605142,0.13817048726240286,55.93333333333333,0.16475742091885415,0.042355074013157884,50.0,-0.034409192105263164,-0.014555519460639408,0.39558722239852573,-0.16469697461904567,0.03193251399686314,-0.02828670432692308,0.0,0.0,0.0,0.0,0.0,0.0,0.0,0.0,0.0,0.0,0.0,0.0,0.0,0.0,0.0,0.0,0.0,0.0,0.0,0.0,0.0,0.0,0.0,0.0,0.0,0.0,0.0,0.0,0.0,0.0,0.0,0.0,0.0,0.0,0.0,0.0,0.0,0.0,0.0,0.0,0.0,0.0,0.0,0.0,0.0,0.014475336620281248,0.46321077184899995,0.108983,10
2024-04-15,0.086783,0.14228632794226617,69,-0.330254,0.515921,0.14682672463768115,10.131044,0.19332428985507247,0.13784088845595313,16,69,neutral,-0.04603896874999999,0.15044459078701972,0.012742063644231883,0.1161056145833333,0.14930099886280956,41.666666666666664,0.15037779710144927,-0.009532076923076935,0.11132894267565419,0.15365432381470875,56.0,0.1580305279050152,-0.02110416883116882,0.10880905112972439,0.14203246561665467,54.57142857142857,0.1636166100887476,-0.04106363076923078,0.11144970414015995,0.13730361142708852,56.8,0.16438634429824972,-0.038851906976744205,50.0,-0.016589463768115945,-0.015888043043068786,0.38981339843548335,-0.1655294821628526,-0.3466216408571341,-0.05014906249999998,0.0,0.0,0.0,0.0,0.0,0.0,0.0,0.0,0.0,0.0,0.0,0.0,0.0,0.0,0.0,0.0,0.0,0.0,0.0,0.0,0.0,0.0,0.0,0.0,0.0,0.0,0.0,0.0,0.0,0.0,0.0,0.0,0.0,0.0,0.0,0.0,0.0,0.0,0.0,0.0,0.0,0.0,0.0,0.0,0.0,0.012742063644231883,0.879202391452,0.14682672463768115,16
2024-04-16,0.16305908333333333,0.2147427988006242,72,-0.450545,0.646981,0.23030065277777778,16.581647,0.19655880555555555,0.16132070343391255,17,72,bullish,0.07627608333333333,0.16562619923033475,0.03755261333301273,0.12755468402777773,0.15824167038120673,57.666666666666664,0.16203679247181965,0.03434720833333332,0.12038452384448536,0.16131244198651945,56.857142857142854,0.16827178566114798,0.06338906818181818,0.11095237193172938,0.14772913277089206,54.285714285714285,0.16700944524956632,0.03000649122807017,0.11241011914015996,0.14101932806394918,58.2,0.16680862383528672,0.02881244999999999,50.0,-0.017153905471421566,-0.014485146655090073,0.39866267242074627,-0.1715302673550121,0.8789288608752097,0.12231505208333332,0.0,0.0,0.0,0.0,0.0,0.0,0.0,0.0,0.0,0.0,0.0,0.0,0.0,0.0,0.0,0.0,0.0,0.0,0.0,0.0,0.0,0.0,0.0,0.0,0.0,0.0,0.0,0.0,0.0,0.0,0.0,0.0,0.0,0.0,0.0,0.0,0.0,0.0,0.0,0.0,0.0,0.0,0.0,0.0,0.0,0.03755261333301273,2.7037881599769165,0.23030065277777778,17
2024-04-17,0.08247210810810811,0.16749088466365214,74,-0.613144,0.538618,0.18702171621621622,13.839606999999999,0.17090495945945947,0.15016617266228577,16,74,neutral,-0.08058697522522522,0.166027336010541,0.015424075198347698,0.11077139714714711,0.17484000380218082,71.66666666666667,0.18804969787722503,-0.05034986064189188,0.11410361942787361,0.16206523391419642,55.714285714285715,0.16904040539935308,-0.043966330916282145,0.10899446557506218,0.1496679003938984,54.642857142857146,0.1649123214596273,-0.027410688993341176,0.11214232357709689,0.14251834031064295,58.0,0.16893371229249393,-0.008033866891891894,50.0,0.06679774901960783,-0.0031493230132748472,0.3987704835256225,-0.17491711608657748,-0.49421947908590524,-0.15686305855855853,0.0,0.0,0.0,0.0,0.0,0.0,0.0,0.0,0.0,0.0,0.0,0.0,0.0,0.0,0.0,0.0,0.0,0.0,0.0,0.0,0.0,0.0,0.0,0.0,0.0,0.0,0.0,0.0,0.0,0.0,0.0,0.0,0.0,0.0,0.0,0.0,0.0,0.0,0.0,0.0,0.0,0.0,0.0,0.0,0.0,0.015424075198347698,1.1413815646777297,0.18702171621621622,16
2024-04-18,0.11624488235294117,0.1522162695322491,68,-0.362858,0.450686,0.18641023529411765,12.675896,0.18337776470588235,0.13418642720162813,17,68,neutral,0.03377277424483306,0.1588864330679043,0.021669235871148787,0.1205920245981275,0.17814998433217513,71.33333333333333,0.20124420142937058,0.02946188235294117,0.11520114206677992,0.16397687862108215,55.857142857142854,0.17240590596375796,0.007682658472344159,0.11009532828971325,0.1497355038579824,56.214285714285715,0.16612182118560465,0.015412078005115099,0.11272903965552827,0.14286034528559963,57.43333333333333,0.16903041621406256,0.017601482352941178,50.0,-0.02083453535353537,-0.005667856084963964,0.40615859383228164,-0.18047417030079965,0.40950540758049025,0.11435974947005828,0.0,0.0,0.0,0.0,0.0,0.0,0.0,0.0,0.0,0.0,0.0,0.0,0.0,0.0,0.0,0.0,0.0,0.0,0.0,0.0,0.0,0.0,0.0,0.0,0.0,0.0,0.0,0.0,0.0,0.0,0.0,0.0,0.0,0.0,0.0,0.0,0.0,0.0,0.0,0.0,0.0,0.0,0.0,0.0,0.0,0.021669235871148787,1.4735080392381175,0.18641023529411765,17
2024-04-19,0.08571172413793103,0.13105949846964757,58,-0.399856,0.40955,0.16219875862068966,9.407528000000001,0.16810775862068963,0.10087428366585117,13,58,neutral,-0.03053315821501014,0.16155915588168784,0.013902335254411416,0.09480957153299341,0.15025555088851628,66.66666666666667,0.17854357004367452,-0.0773473591954023,0.11368637738318765,0.1590589211506574,56.714285714285715,0.1738663934590213,-0.010603352785145903,0.11328118477575592,0.1494780450054876,56.07142857142857,0.16636440275374917,0.044601990804597695,0.11247631934901485,0.1430421238905995,56.96666666666667,0.16882643363104852,-0.0075816091954023085,50.0,-0.013230139423076923,-0.006308157499558143,0.40782134872525166,-0.18058521641634026,-0.26266238648085827,-0.0643059324598432,0.0,0.0,0.0,0.0,0.0,0.0,0.0,0.0,0.0,0.0,0.0,0.0,0.0,0.0,0.0,0.0,0.0,0.0,0.0,0.0,0.0,0.0,0.0,0.0,0.0,0.0,0.0,0.0,0.0,0.0,0.0,0.0,0.0,0.0,0.0,0.0,0.0,0.0,0.0,0.0,0.0,0.0,0.0,0.0,0.0,0.013902335254411416,0.806335444755862,0.16219875862068966,13
2024-04-20,0.0934743043478261,0.09259594367683263,23,-0.110715,0.269905,0.1324426956521739,3.046182,0.1834632608695652,0.16604763667043848,8,23,neutral,0.007762580209895065,0.15162107902860114,0.012379988842037807,0.09847697027956605,0.12529057055957646,49.666666666666664,0.16035056318899374,0.011002196239717987,0.1086524387185914,0.14544108678371453,56.57142857142857,0.16488339759980805,-0.03523757065217391,0.11016321048314034,0.14917805135550227,56.42857142857143,0.16703434926858698,-0.04365164009661836,0.1128028328647289,0.1411505809625659,54.766666666666666,0.16805432048986632,0.00979540547142159,50.0,0.014448408091908102,-0.010862808890802558,0.39966327923126704,-0.18044973434471584,0.09056614235647831,0.038295738424905204,0.0,0.0,0.0,0.0,0.0,0.0,0.0,0.0,0.0,0.0,0.0,0.0,0.0,0.0,0.0,0.0,0.0,0.0,0.0,0.0,0.0,0.0,0.0,0.0,0.0,0.0,0.0,0.0,0.0,0.0,0.0,0.0,0.0,0.0,0.0,0.0,0.0,0.0,0.0,0.0,0.0,0.0,0.0,0.0,0.0,0.012379988842037807,0.2847397433668696,0.1324426956521739,8
2024-04-21,0.0792224,0.11013158608445137,40,-0.251058,0.285988,0.147199775,5.887991,0.181217825,0.13530291874481506,10,40,neutral,-0.014251904347826097,0.13069883648536657,0.01166151945496,0.08613614282858567,0.11126234274364384,40.333333333333336,0.14728040975762122,-0.03702248235294117,0.10099535746859138,0.1443604727385319,57.714285714285715,0.17034293688552232,-0.05359956874999999,0.10766959070292056,0.15035230298856553,57.42857142857143,0.1668069375927628,-0.03491067692307692,0.1118466634529642,0.1396308373276727,53.266666666666666,0.1666446267153565,-0.028685082352941177,50.0,0.05317629991697799,-0.000570603873572202,0.39284471089087625,-0.17849358908124813,-0.15246868588391427,-0.022014484557721162,0.0,0.0,0.0,0.0,0.0,0.0,0.0,0.0,0.0,0.0,0.0,0.0,0.0,0.0,0.0,0.0,0.0,0.0,0.0,0.0,0.0,0.0,0.0,0.0,0.0,0.0,0.0,0.0,0.0,0.0,0.0,0.0,0.0,0.0,0.0,0.0,0.0,0.0,0.0,0.0,0.0,0.0,0.0,0.0,0.0,0.01166151945496,0.46646077819840004,0.147199775,10
2024-04-22,0.14029372826086958,0.18239357960439115,92,-0.517463,0.740826,0.2182285543478261,20.077027,0.1632748260869565,0.14186007001310577,16,92,neutral,0.061071328260869584,0.13367937547351436,0.030616097502436324,0.1043301442028985,0.1283737031218917,51.666666666666664,0.16595700833333335,0.05458200412293855,0.1086397472201442,0.15009008011883546,61.0,0.1805431982726859,0.05351072826086958,0.10998434494789919,0.15187220196677212,58.5,0.16928686308885058,0.03240655942970076,0.11264674075862956,0.14118209120398492,55.6,0.1702706497390719,0.024002319169960498,50.0,0.008135756377908587,0.004482330809443283,0.39794717979496563,-0.1828719443697769,0.7708846015883082,0.07532323260869568,0.0,0.0,0.0,0.0,0.0,0.0,0.0,0.0,0.0,0.0,0.0,0.0,0.0,0.0,0.0,0.0,0.0,0.0,0.0,0.0,0.0,0.0,0.0,0.0,0.0,0.0,0.0,0.0,0.0,0.0,0.0,0.0,0.0,0.0,0.0,0.0,0.0,0.0,0.0,0.0,0.0,0.0,0.0,0.0,0.0,0.030616097502436324,2.8166809702241418,0.2182285543478261,16
2024-04-23,0.11811119178082191,0.14836448229853635,73,-0.273869,0.570126,0.20003354794520548,14.602449,0.1659038493150685,0.14047744951253358,18,73,neutral,-0.02218253648004767,0.13290901802677182,0.023626200743954398,0.11254244001389713,0.14696321599579296,68.33333333333333,0.1884872924310105,0.024636887432995816,0.1022186198554997,0.14060746347568004,61.142857142857146,0.176219326153747,-0.044947891552511415,0.11130157184999254,0.15095995273109972,59.0,0.17224555590744747,0.018441176629306763,0.11322034923465697,0.14225992560487513,56.96666666666667,0.1721156867539121,0.017208254280821914,50.0,0.00670026049440299,0.009050047764961745,0.3991602339646315,-0.18326215907150556,-0.15811495463860148,-0.08325386474091725,0.0,0.0,0.0,0.0,0.0,0.0,0.0,0.0,0.0,0.0,0.0,0.0,0.0,0.0,0.0,0.0,0.0,0.0,0.0,0.0,0.0,0.0,0.0,0.0,0.0,0.0,0.0,0.0,0.0,0.0,0.0,0.0,0.0,0.0,0.0,0.0,0.0,0.0,0.0,0.0,0.0,0.0,0.0,0.0,0.0,0.023626200743954398,1.724712654308671,0.20003354794520548,18
2024-04-24,0.09064823749999999,0.16775443097434162,80,-0.787328,0.555492,0.181356325,14.508506,0.1530476125,0.14968092929121218,18,80,neutral,-0.02746295428082192,0.14024800452771063,0.016439631220727186,0.11635105251389712,0.16617083095908972,81.66666666666667,0.1998728090976772,0.011425837499999994,0.10338663834005568,0.1406451129486357,62.0,0.1754099845514304,0.008176129391891884,0.10874512888396466,0.15135517343141605,58.857142857142854,0.17222519497539174,-0.03579020152439026,0.11216410458722106,0.14368189290449498,57.03333333333333,0.17352813433938216,-0.03168733942307693,50.0,0.0016192445054944854,0.01107323757314068,0.4002994666161671,-0.1854198484078237,-0.23251779841308118,-0.005280417800774248,0.0,0.0,0.0,0.0,0.0,0.0,0.0,0.0,0.0,0.0,0.0,0.0,0.0,0.0,0.0,0.0,0.0,0.0,0.0,0.0,0.0,0.0,0.0,0.0,0.0,0.0,0.0,0.0,0.0,0.0,0.0,0.0,0.0,0.0,0.0,0.0,0.0,0.0,0.0,0.0,0.0,0.0,0.0,0.0,0.0,0.016439631220727186,1.3151704976581748,0.181356325,18
2024-04-25,0.10128288888888888,0.14250610622715407,108,-0.283146,0.481673,0.208486537037037,22.516545999999998,0.13843001851851852,0.16114484366950957,18,108,neutral,0.010634651388888888,0.1502300370377749,0.021116118765551434,0.10334743938990354,0.1528750065000107,87.0,0.19662546999408081,-0.0390108393719807,0.10124921070233393,0.13925794676219355,67.71428571428571,0.178563741943276,-0.01496199346405229,0.10822517638455695,0.15161741269163784,61.785714285714285,0.175484823953517,-0.007279334991708131,0.11044532371456757,0.14286566611078533,58.2,0.17383475406710075,-0.05156342617960426,50.0,-0.05851723863636364,0.006477311665924895,0.4040923427762028,-0.18319540901230386,0.11731779549369503,0.03809760566971081,0.0,0.0,0.0,0.0,0.0,0.0,0.0,0.0,0.0,0.0,0.0,0.0,0.0,0.0,0.0,0.0,0.0,0.0,0.0,0.0,0.0,0.0,0.0,0.0,0.0,0.0,0.0,0.0,0.0,0.0,0.0,0.0,0.0,0.0,0.0,0.0,0.0,0.0,0.0,0.0,0.0,0.0,0.0,0.0,0.0,0.021116118765551434,2.280540826679555,0.208486537037037,18
2024-04-26,0.1585095737704918,0.17448766957467784,122,-0.118647,0.672509,0.2529950737704918,30.865399,0.1822290655737705,0.1255574509419373,23,122,bullish,0.057226684881602916,0.1631012537358202,0.04010214130939478,0.11681356671979352,0.16158273559205785,103.33333333333333,0.21427931193584296,0.040398381989669885,0.11164890350698546,0.14546197120576929,76.85714285714286,0.19153464410753346,0.07279784963256077,0.11266764044508656,0.15226044617821333,66.78571428571429,0.1827005187832774,0.06219449684741486,0.11124316966017402,0.1439988383328242,59.36666666666667,0.17704699215830108,0.023935378368192956,50.0,0.04087820982142856,0.0035973628661271984,0.4129307057223103,-0.18989540902580657,0.5650182919286864,0.04659203349271403,0.0,0.0,0.0,0.0,0.0,0.0,0.0,0.0,0.0,0.0,0.0,0.0,0.0,0.0,0.0,0.0,0.0,0.0,0.0,0.0,0.0,0.0,0.0,0.0,0.0,0.0,0.0,0.0,0.0,0.0,0.0,0.0,0.0,0.0,0.0,0.0,0.0,0.0,0.0,0.0,0.0,0.0,0.0,0.0,0.0,0.04010214130939478,4.892461239746163,0.2529950737704918,23
2024-04-27,0.15252529411764706,0.14035165927240378,34,-0.041205,0.467393,0.15705029411764707,5.33971,0.20483741176470588,0.10100469907854052,10,34,bullish,-0.005984279652844732,0.15469286966942275,0.023954142301557096,0.1374392522590092,0.15244847835807857,88.0,0.2061773016417253,0.06187705661764707,0.12008475918838846,0.15228421629085087,78.42857142857143,0.1950500153168868,0.05905098976982097,0.11436859895348993,0.1488626515372827,67.5,0.17996670645834742,0.02381341911764706,0.11248526331826225,0.14367664079252285,58.36666666666667,0.17734483789972263,0.03726280974264706,50.0,0.04106363076923078,0.01047493687976788,0.41951627618712256,-0.19264175777116183,-0.03775342719367514,-0.06321096453444765,0.0,0.0,0.0,0.0,0.0,0.0,0.0,0.0,0.0,0.0,0.0,0.0,0.0,0.0,0.0,0.0,0.0,0.0,0.0,0.0,0.0,0.0,0.0,0.0,0.0,0.0,0.0,0.0,0.0,0.0,0.0,0.0,0.0,0.0,0.0,0.0,0.0,0.0,0.0,0.0,0.0,0.0,0.0,0.0,0.0,0.023954142301557096,0.8144408382529413,0.15705029411764707,10
2024-04-28,0.0863526875,0.15275288662441946,32,-0.261534,0.382084,0.15660175,5.011256,0.19157415625,0.12154660276116833,9,32,neutral,-0.06617260661764707,0.15557055053459937,0.013522981979703126,0.13246251846271292,0.1558640718238337,62.666666666666664,0.18888237262937965,-0.014930201388888883,0.12110337168838846,0.1583729735108463,77.28571428571429,0.19639315460260104,0.007130287499999999,0.11104936457848992,0.1513667231246891,67.5,0.18336804574406168,-0.046469281249999994,0.11209920885397653,0.1458520554490754,58.5,0.17837692718543693,-0.011581633928571422,50.0,-0.03000649122807017,0.008610897790324187,0.4176033413920562,-0.19288227110921236,-0.433846772762859,-0.060188326964802336,0.0,0.0,0.0,0.0,0.0,0.0,0.0,0.0,0.0,0.0,0.0,0.0,0.0,0.0,0.0,0.0,0.0,0.0,0.0,0.0,0.0,0.0,0.0,0.0,0.0,0.0,0.0,0.0,0.0,0.0,0.0,0.0,0.0,0.0,0.0,0.0,0.0,0.0,0.0,0.0,0.0,0.0,0.0,0.0,0.0,0.013522981979703126,0.4327354233505,0.15660175,9
2024-04-29,0.10116834862385321,0.1875733081236051,109,-0.787328,0.609772,0.18563946788990823,20.234702,0.17183151376146788,0.16723255521454386,16,109,neutral,0.014815661123853213,0.15953432596445205,0.01878083840583284,0.1133487767471667,0.16022595134014278,58.333333333333336,0.16643050400251844,-0.057341225146638586,0.11551403174024329,0.15911293472787688,79.71428571428571,0.1917375708228985,-0.03912537963701637,0.11207688948019372,0.15460150742335618,70.35714285714286,0.1861403845477922,0.014385348623853211,0.11313166592931709,0.1480314826056258,61.4,0.17836636247873688,0.03097371226021685,50.0,0.027410688993341176,0.010051151223816751,0.4203219917182386,-0.195451088088161,0.17157151158559159,0.08098826774150028,0.0,0.0,0.0,0.0,0.0,0.0,0.0,0.0,0.0,0.0,0.0,0.0,0.0,0.0,0.0,0.0,0.0,0.0,0.0,0.0,0.0,0.0,0.0,0.0,0.0,0.0,0.0,0.0,0.0,0.0,0.0,0.0,0.0,0.0,0.0,0.0,0.0,0.0,0.0,0.0,0.0,0.0,0.0,0.0,0.0,0.01878083840583284,2.0471113862357795,0.18563946788990823,16
2024-04-30,0.12215018085106384,0.17431551733344053,94,-0.482446,0.6691,0.18839002127659574,17.708662,0.20296155319148937,0.15191080225966344,19,94,neutral,0.02098183222721063,0.16589620818570933,0.023011875169471934,0.10322373899163896,0.17154723736048835,78.33333333333333,0.176877079722168,-0.030375113266583223,0.11609103017884925,0.16282022544714891,82.71428571428571,0.19007420987023999,0.00403898907024193,0.10915482501717448,0.15171384446141448,71.92857142857143,0.1831467680119935,-0.040908902482269485,0.1114133326719716,0.14937320979991117,63.6,0.1777683346165282,-0.05154999772036471,50.0,-0.015412078005115099,0.0024302203435841857,0.421316996425925,-0.19687491861318004,0.2073952230378069,0.006166171103357418,0.0,0.0,0.0,0.0,0.0,0.0,0.0,0.0,0.0,0.0,0.0,0.0,0.0,0.0,0.0,0.0,0.0,0.0,0.0,0.0,0.0,0.0,0.0,0.0,0.0,0.0,0.0,0.0,0.0,0.0,0.0,0.0,0.0,0.0,0.0,0.0,0.0,0.0,0.0,0.0,0.0,0.0,0.0,0.0,0.0,0.023011875169471934,2.1631162659303618,0.18839002127659574,19
2024-05-01,0.12732720731707317,0.14612032425745786,82,-0.132419,0.622725,0.21397746341463414,17.546152,0.19929453658536583,0.13301917966387128,19,82,neutral,0.00517702646600933,0.16022273912226534,0.027245152845376562,0.11688191226399669,0.16933638323816783,95.0,0.19600231752704603,0.040974519817073174,0.12133088300985971,0.1597296387733084,83.0,0.194734372500902,0.03667896981707318,0.11235876067495769,0.15018737586097203,72.5,0.1850721785261662,0.04485509920896506,0.11139601855689969,0.14911038213836833,64.16666666666667,0.1766321803200929,-0.000519423452157608,50.0,-0.04460199080459769,-0.003429529343360956,0.42298380236508976,-0.19666522620869714,0.042382470741665124,-0.0158048057612013,0.0,0.0,0.0,0.0,0.0,0.0,0.0,0.0,0.0,0.0,0.0,0.0,0.0,0.0,0.0,0.0,0.0,0.0,0.0,0.0,0.0,0.0,0.0,0.0,0.0,0.0,0.0,0.0,0.0,0.0,0.0,0.0,0.0,0.0,0.0,0.0,0.0,0.0,0.0,0.0,0.0,0.0,0.0,0.0,0.0,0.027245152845376562,2.234102533320878,0.21397746341463414,19
2024-05-02,0.1528510253164557,0.179484779237896,79,-0.39427,0.603968,0.1910093924050633,15.089742,0.19873927848101267,0.1405816645151299,18,79,bullish,0.025523817999382525,0.16804936311536378,0.02919598147418715,0.13410947116153085,0.16664020694293147,85.0,0.19779229236543105,0.051682676692602486,0.12869775964236926,0.16501230634627148,78.85714285714286,0.19223763755347717,0.051568136427566816,0.11497348517235159,0.15213512655423253,73.28571428571429,0.18540068974837662,0.036606142963514526,0.11205596633060612,0.1505935594915882,64.26666666666667,0.17690579471605117,0.01979843321119254,50.0,0.04365164009661836,0.0006761795013296404,0.4272105576322862,-0.1952383866365557,0.2004584765282924,0.020346791533373196,0.0,0.0,0.0,0.0,0.0,0.0,0.0,0.0,0.0,0.0,0.0,0.0,0.0,0.0,0.0,0.0,0.0,0.0,0.0,0.0,0.0,0.0,0.0,0.0,0.0,0.0,0.0,0.0,0.0,0.0,0.0,0.0,0.0,0.0,0.0,0.0,0.0,0.0,0.0,0.0,0.0,0.0,0.0,0.0,0.0,0.02919598147418715,2.306482536460785,0.1910093924050633,18
2024-05-03,0.07728928571428573,0.18037085100467054,70,-0.787328,0.468871,0.16078955714285714,11.255269,0.17468105714285714,0.14332201334634143,15,70,neutral,-0.07556173960216997,0.173572955991414,0.012427310021887758,0.1191558394492715,0.16865865150000814,77.0,0.18859213765418484,-0.044860895136778114,0.11709486134862554,0.16585276083627049,71.42857142857143,0.1790654208923865,-0.08122028805620607,0.1143718824278055,0.15565736602101987,74.14285714285714,0.18530003249996,-0.008422438423645304,0.11096951595103398,0.1519276499270251,64.3,0.17505273164496765,-0.03259351138716356,50.0,0.03491067692307692,0.0043752275477276885,0.42388443484392424,-0.1970545227767652,-0.49434892206794445,-0.1010855576015525,0.0,0.0,0.0,0.0,0.0,0.0,0.0,0.0,0.0,0.0,0.0,0.0,0.0,0.0,0.0,0.0,0.0,0.0,0.0,0.0,0.0,0.0,0.0,0.0,0.0,0.0,0.0,0.0,0.0,0.0,0.0,0.0,0.0,0.0,0.0,0.0,0.0,0.0,0.0,0.0,0.0,0.0,0.0,0.0,0.0,0.012427310021887758,0.869911701532143,0.16078955714285714,15
2024-05-04,0.10705039393939393,0.12093176459912719,33,-0.044977,0.449223,0.13474736363636364,4.446663,0.1589287878787879,0.15846334567885043,10,33,neutral,0.029761108225108204,0.1602446472865184,0.014424758359567491,0.11239690165671173,0.16026246494723126,60.666666666666664,0.16218210439476136,-0.02027681337767924,0.1105984470374465,0.16307849016865952,71.28571428571429,0.17587928796648886,-0.04547490017825313,0.1153416031129175,0.1576813532297552,74.85714285714286,0.18546465164168782,0.013576089591567836,0.11117676893741958,0.15091638137916022,63.86666666666667,0.17389506912849859,0.00621758959156786,50.0,-0.03240655942970076,0.0072764141262457865,0.42291944412323373,-0.19866668953713523,0.3850612403784619,0.10532284782727817,0.0,0.0,0.0,0.0,0.0,0.0,0.0,0.0,0.0,0.0,0.0,0.0,0.0,0.0,0.0,0.0,0.0,0.0,0.0,0.0,0.0,0.0,0.0,0.0,0.0,0.0,0.0,0.0,0.0,0.0,0.0,0.0,0.0,0.0,0.0,0.0,0.0,0.0,0.0,0.0,0.0,0.0,0.0,0.0,0.0,0.014424758359567491,0.4760170258657272,0.13474736363636364,10
2024-05-05,0.11277651999999999,0.13712681104672175,25,-0.108036,0.464827,0.12736435999999998,3.184109,0.21728408000000002,0.14090965209810857,7,25,neutral,0.00572612606060606,0.15280690602917466,0.014363709292827197,0.09903873321789318,0.14614314221683986,42.666666666666664,0.14096709359307358,-0.040074505316455705,0.11437328025173223,0.16084619365755984,70.28571428571429,0.17170251796648886,0.026423832499999994,0.11773832597006036,0.15960958358420307,73.78571428571429,0.184047836284545,0.03355411999999999,0.11356566182630846,0.1509984776672318,62.7,0.17284712723960974,0.07166678666666665,50.0,-0.018441176629306763,0.0006853711872751947,0.4237031684336792,-0.19685106184758078,0.053490004565960536,-0.024034982164502144,0.0,0.0,0.0,0.0,0.0,0.0,0.0,0.0,0.0,0.0,0.0,0.0,0.0,0.0,0.0,0.0,0.0,0.0,0.0,0.0,0.0,0.0,0.0,0.0,0.0,0.0,0.0,0.0,0.0,0.0,0.0,0.0,0.0,0.0,0.0,0.0,0.0,0.0,0.0,0.0,0.0,0.0,0.0,0.0,0.0,0.014363709292827197,0.35909273232067995,0.12736435999999998,7
2024-05-06,0.12125222222222222,0.1986359326404715,72,-0.62334,0.625141,0.21754404166666666,15.663171,0.205194625,0.17821181897389454,16,72,neutral,0.008475702222222228,0.1633100277057774,0.026377698483287037,0.11369304538720533,0.1522315027621068,43.333333333333336,0.15988525510101007,0.04396293650793649,0.11724240505149922,0.1624265685885408,65.0,0.17626031422031155,0.02008387359836901,0.11637821839587126,0.16076975165820886,72.35714285714286,0.18399894252160504,-0.019041506038647363,0.1130365377522344,0.1543931469293599,64.5,0.1759964804803505,-0.015873722222222234,50.0,0.03579020152439026,9.943460451513712e-05,0.4200021387621084,-0.19733071828712107,0.0751548480323938,0.0027495761616161685,0.0,0.0,0.0,0.0,0.0,0.0,0.0,0.0,0.0,0.0,0.0,0.0,0.0,0.0,0.0,0.0,0.0,0.0,0.0,0.0,0.0,0.0,0.0,0.0,0.0,0.0,0.0,0.0,0.0,0.0,0.0,0.0,0.0,0.0,0.0,0.0,0.0,0.0,0.0,0.0,0.0,0.0,0.0,0.0,0.0,0.026377698483287037,1.8991942907966666,0.21754404166666666,16
2024-05-07,0.07718740404040404,0.19041355960339346,99,-0.62334,0.622813,0.20343831313131314,20.140393,0.17366867676767678,0.1511440094625144,22,99,neutral,-0.04406481818181818,0.1654957837788769,0.015702875272964902,0.10373871542087537,0.17539210109686224,65.33333333333333,0.18278223826599324,-0.02986298989898989,0.11081915122140497,0.16472628891281976,65.71428571428571,0.17841007019955685,-0.0449627768106598,0.11345509070012712,0.16377325717998434,74.21428571428571,0.18424214003489842,-0.04092378774041787,0.11180501532281198,0.15761719680875422,66.93333333333334,0.177764972969343,-0.03694567288267288,50.0,0.007279334991708131,0.004242304184490504,0.42203017105269736,-0.19988722098448042,-0.3634145203628466,-0.052540520404040406,0.0,0.0,0.0,0.0,0.0,0.0,0.0,0.0,0.0,0.0,0.0,0.0,0.0,0.0,0.0,0.0,0.0,0.0,0.0,0.0,0.0,0.0,0.0,0.0,0.0,0.0,0.0,0.0,0.0,0.0,0.0,0.0,0.0,0.0,0.0,0.0,0.0,0.0,0.0,0.0,0.0,0.0,0.0,0.0,0.0,0.015702875272964902,1.5545846520235254,0.20343831313131314,22
2024-05-08,0.13434537209302325,0.19555306891156296,86,-0.399856,0.799025,0.17227601162790698,14.815737,0.1987750465116279,0.15003272827086028,20,86,neutral,0.057157968052619204,0.16853222736025536,0.023144484884853163,0.11092833278521647,0.19486752038514266,85.66666666666667,0.19775278880862893,0.021568852093023255,0.11182174618939784,0.17178810957769192,66.28571428571429,0.17245271994431013,0.007018164775950075,0.11657631459962878,0.16575887417550014,74.64285714285714,0.18359354622260607,0.043697134593023254,0.11268695543154045,0.1587651326421563,67.23333333333333,0.1773905201101866,0.026458203261854427,50.0,-0.06219449684741486,-0.0057138275755935,0.4272688754776328,-0.2033158764354077,0.7405090087328192,0.10122278623443738,0.0,0.0,0.0,0.0,0.0,0.0,0.0,0.0,0.0,0.0,0.0,0.0,0.0,0.0,0.0,0.0,0.0,0.0,0.0,0.0,0.0,0.0,0.0,0.0,0.0,0.0,0.0,0.0,0.0,0.0,0.0,0.0,0.0,0.0,0.0,0.0,0.0,0.0,0.0,0.0,0.0,0.0,0.0,0.0,0.0,0.023144484884853163,1.990425700097372,0.17227601162790698,20
2024-05-09,0.14872261728395061,0.18324889769733732,81,-0.257981,0.652952,0.1932121111111111,15.650181,0.2174219012345679,0.15044745239872004,17,81,neutral,0.014377245190927368,0.18099565397989742,0.02873501085540192,0.12008513113912593,0.18973850873743126,88.66666666666667,0.1896421452901104,0.027470395061728395,0.11123197361332568,0.17232584078618354,66.57142857142857,0.1727673940451741,-0.004128408032505082,0.11996486662784746,0.1686690735662275,72.71428571428571,0.18250251579932564,0.047439728395061734,0.11432204216928829,0.15950223017880258,67.73333333333333,0.1785438621977287,0.049052602132435466,50.0,-0.02381341911764706,-0.006647309921430385,0.43563836005770273,-0.20538427170087567,0.10701704842480386,-0.042780722861691836,0.0,0.0,0.0,0.0,0.0,0.0,0.0,0.0,0.0,0.0,0.0,0.0,0.0,0.0,0.0,0.0,0.0,0.0,0.0,0.0,0.0,0.0,0.0,0.0,0.0,0.0,0.0,0.0,0.0,0.0,0.0,0.0,0.0,0.0,0.0,0.0,0.0,0.0,0.0,0.0,0.0,0.0,0.0,0.0,0.0,0.02873501085540192,2.327535879287556,0.1932121111111111,17
2024-05-10,0.09236281818181818,0.11462553615579459,55,-0.273689,0.331052,0.18416918181818182,10.129305,0.17186734545454546,0.1146173346519268,14,55,neutral,-0.05635979910213243,0.17649539900171196,0.01701038465496694,0.1251436025195973,0.16447583425489828,74.0,0.18321910151906665,0.015175414141414142,0.11338533539440175,0.1629336529506298,64.42857142857143,0.17610734042736334,0.015073532467532458,0.11524009837151362,0.16439320689345016,67.92857142857143,0.17758638065987492,-0.06614675558867361,0.11318618814120257,0.15791570334499863,66.83333333333333,0.1786281223233754,-0.03407562084257207,50.0,0.046469281249999994,0.0034717203068582465,0.4377857449972986,-0.20764280525707227,-0.3789591666109987,-0.0707370442930598,0.0,0.0,0.0,0.0,0.0,0.0,0.0,0.0,0.0,0.0,0.0,0.0,0.0,0.0,0.0,0.0,0.0,0.0,0.0,0.0,0.0,0.0,0.0,0.0,0.0,0.0,0.0,0.0,0.0,0.0,0.0,0.0,0.0,0.0,0.0,0.0,0.0,0.0,0.0,0.0,0.0,0.0,0.0,0.0,0.0,0.01701038465496694,0.9355711560231817,0.18416918181818182,14
2024-05-11,0.05610490909090909,0.21903691451788476,22,-0.816068,0.252183,0.1665764090909091,3.6646810000000003,0.15982213636363637,0.14197016731066642,10,22,neutral,-0.0362579090909091,0.18057559537719464,0.009345754288735537,0.09906344818555925,0.1723037827903389,52.666666666666664,0.181319234006734,-0.07824046300211415,0.10610740898747535,0.17694867436759518,62.857142857142854,0.18065434692086985,-0.050945484848484844,0.10835292801246092,0.17001358226812732,67.07142857142857,0.17826681744367937,-0.09642038502673797,0.1114376109815463,0.16058910860945982,65.33333333333333,0.17875227824829626,-0.052457314789687924,50.0,-0.014385348623853211,-0.0029768339954163725,0.44752040329518744,-0.2196892126458702,-0.39255957976005695,0.020101890011223332,0.0,0.0,0.0,0.0,0.0,0.0,0.0,0.0,0.0,0.0,0.0,0.0,0.0,0.0,0.0,0.0,0.0,0.0,0.0,0.0,0.0,0.0,0.0,0.0,0.0,0.0,0.0,0.0,0.0,0.0,0.0,0.0,0.0,0.0,0.0,0.0,0.0,0.0,0.0,0.0,0.0,0.0,0.0,0.0,0.0,0.009345754288735537,0.20560659435218182,0.1665764090909091,10
2024-05-12,0.07806371875,0.10479067403107056,32,-0.133391,0.25117,0.117966875,3.77494,0.12644096875,0.13515103428589578,9,32,neutral,0.02195880965909091,0.16345101826273006,0.009208932951816406,0.07551048200757571,0.14615104156824998,36.333333333333336,0.15623748863636364,-0.07065889853395062,0.10114843738033248,0.17232922622250219,63.857142857142854,0.17931184906372696,-0.034712801249999994,0.10776085881603235,0.16658770994003103,67.07142857142857,0.1755071835151079,-0.00828896875,0.11082923237577706,0.15856595771840815,64.66666666666667,0.17761866254316808,-0.018251358173076937,50.0,0.040908902482269485,-0.002310364488839421,0.43664861226231183,-0.21504042256408157,0.39138838320743297,0.05821671875000001,0.0,0.0,0.0,0.0,0.0,0.0,0.0,0.0,0.0,0.0,0.0,0.0,0.0,0.0,0.0,0.0,0.0,0.0,0.0,0.0,0.0,0.0,0.0,0.0,0.0,0.0,0.0,0.0,0.0,0.0,0.0,0.0,0.0,0.0,0.0,0.0,0.0,0.0,0.0,0.0,0.0,0.0,0.0,0.0,0.0,0.009208932951816406,0.294685854458125,0.117966875,9
2024-05-13,0.12975145569620253,0.16987924534834442,79,-0.215204,0.711476,0.18767394936708862,14.826242,0.1927849746835443,0.13359204665841437,19,79,neutral,0.05168773694620253,0.15831625355008633,0.024350968126635154,0.08797336117903716,0.16456894463243324,44.333333333333336,0.15740574448599923,0.03738863751438434,0.10236261359090111,0.1682211280379126,64.85714285714286,0.17504469302093012,0.008499233473980308,0.10980250932120016,0.16532384831322666,64.92857142857143,0.17565250362062082,0.028583107072349317,0.11086388506565048,0.1579645730885052,66.5,0.17736367196651545,0.0010395806962025245,50.0,-0.04485509920896506,-0.003693535575424343,0.4393821017630617,-0.2166098856732934,0.6621224017233043,0.02972892728711162,0.0,0.0,0.0,0.0,0.0,0.0,0.0,0.0,0.0,0.0,0.0,0.0,0.0,0.0,0.0,0.0,0.0,0.0,0.0,0.0,0.0,0.0,0.0,0.0,0.0,0.0,0.0,0.0,0.0,0.0,0.0,0.0,0.0,0.0,0.0,0.0,0.0,0.0,0.0,0.0,0.0,0.0,0.0,0.0,0.0,0.024350968126635154,1.9237264820041773,0.18767394936708862,19
2024-05-14,0.0710142183908046,0.1090042882122582,87,-0.232034,0.311642,0.11411127586206896,9.927681,0.19488286206896552,0.12488057260636014,22,87,neutral,-0.05873723730539793,0.14346733165307052,0.008103523064922314,0.09294313094566899,0.12789140253055772,66.0,0.13991736674305252,0.014909309299895514,0.1014807299266726,0.15659123212489326,63.142857142857146,0.16228368769675236,-0.006173185649599441,0.10614994057403879,0.1606587605188565,64.42857142857143,0.1703468789481546,-0.05113596246025924,0.10880362672034398,0.15767485321555613,68.33333333333333,0.17753461449525107,-0.06180775035919539,50.0,-0.036606142963514526,-0.005711865168114095,0.43252538653139355,-0.21171657235254476,-0.4526903917203374,-0.11042497425160046,0.0,0.0,0.0,0.0,0.0,0.0,0.0,0.0,0.0,0.0,0.0,0.0,0.0,0.0,0.0,0.0,0.0,0.0,0.0,0.0,0.0,0.0,0.0,0.0,0.0,0.0,0.0,0.0,0.0,0.0,0.0,0.0,0.0,0.0,0.0,0.0,0.0,0.0,0.0,0.0,0.0,0.0,0.0,0.0,0.0,0.008103523064922314,0.7050065066482413,0.11411127586206896,22
2024-05-15,0.09634983544303798,0.1376526225549933,79,-0.288502,0.488972,0.14783635443037974,11.679072,0.20072311392405065,0.13684287898619513,18,79,neutral,0.025335617052233375,0.14807274893291025,0.014244008421865725,0.09903850317668166,0.1388453853718653,81.66666666666667,0.14987385988651244,0.01828611669303798,0.09605279611953187,0.14831973978824045,62.142857142857146,0.15879230809710562,-0.03799553664998527,0.10393727115446484,0.1600539246829662,64.21428571428571,0.16562251402070788,-0.030977371874035195,0.1091225212351119,0.15752039636931373,68.66666666666667,0.17756826882167434,0.009566835443037977,50.0,0.008422438423645304,-0.008752727734863535,0.43179338549188495,-0.21147787665762127,0.3567682307338329,0.0840728543576313,0.0,0.0,0.0,0.0,0.0,0.0,0.0,0.0,0.0,0.0,0.0,0.0,0.0,0.0,0.0,0.0,0.0,0.0,0.0,0.0,0.0,0.0,0.0,0.0,0.0,0.0,0.0,0.0,0.0,0.0,0.0,0.0,0.0,0.0,0.0,0.0,0.0,0.0,0.0,0.0,0.0,0.0,0.0,0.0,0.0,0.014244008421865725,1.1252766653273922,0.14783635443037974,18
2024-05-16,0.10407360674157304,0.14765781773362002,89,-0.36091,0.61618,0.19217251685393258,17.103354,0.18583501123595506,0.14382778058548912,21,89,neutral,0.007723771298535062,0.13379692957605732,0.020000086945594495,0.09047922019180515,0.13143824283362385,85.0,0.15137338238212708,-0.02567784895462949,0.08967436604204936,0.1432352997934237,63.285714285714285,0.1586437946317944,-0.044649010542377576,0.10045316982768751,0.15778057028980363,64.92857142857143,0.16570559433848422,-0.04877741857488266,0.10715633868205322,0.15528423033374691,69.23333333333333,0.17629733095754618,-0.05898547659176029,50.0,-0.013576089591567836,-0.011069997133005308,0.4263886019563332,-0.2115166898249614,0.08016382449455617,-0.017611845753698313,0.0,0.0,0.0,0.0,0.0,0.0,0.0,0.0,0.0,0.0,0.0,0.0,0.0,0.0,0.0,0.0,0.0,0.0,0.0,0.0,0.0,0.0,0.0,0.0,0.0,0.0,0.0,0.0,0.0,0.0,0.0,0.0,0.0,0.0,0.0,0.0,0.0,0.0,0.0,0.0,0.0,0.0,0.0,0.0,0.0,0.020000086945594495,1.78000773815791,0.19217251685393258,21
2024-05-17,0.06769919480519482,0.14827906933629528,77,-0.504199,0.446693,0.19416307792207793,14.950557,0.17731433766233767,0.14689988406202747,19,77,neutral,-0.03637441193637822,0.14249460863710223,0.013144684036222975,0.08937421232993524,0.1445298365416362,81.66666666666667,0.1780573164021301,-0.003315023585609783,0.0861509912739603,0.14804294739063809,66.42857142857143,0.16007149407520813,-0.024663623376623367,0.09976816333418102,0.15548830017063395,65.42857142857143,0.16808941725128573,-0.00959009090909091,0.10666390823862278,0.15464383648950167,69.33333333333333,0.17653537634774158,-0.01477291330291329,50.0,-0.03355411999999999,-0.007887733038848101,0.4229400379970998,-0.21655073579697318,-0.3495065951418418,-0.04409818323491328,0.0,0.0,0.0,0.0,0.0,0.0,0.0,0.0,0.0,0.0,0.0,0.0,0.0,0.0,0.0,0.0,0.0,0.0,0.0,0.0,0.0,0.0,0.0,0.0,0.0,0.0,0.0,0.0,0.0,0.0,0.0,0.0,0.0,0.0,0.0,0.0,0.0,0.0,0.0,0.0,0.0,0.0,0.0,0.0,0.0,0.013144684036222975,1.0121406707891691,0.19416307792207793,19
2024-05-18,0.12692760869565217,0.14045806398117527,23,-0.137263,0.448209,0.17879486956521742,4.112282,0.18761595652173912,0.1358937644758107,7,23,neutral,0.059228413890457354,0.1366103723636684,0.022694005240964085,0.09956680341413997,0.14546498368369687,63.0,0.188376821447076,0.030577773252614196,0.09626851978892359,0.1368173973139653,66.57142857142857,0.16181698842868072,0.07082269960474308,0.10118796438819946,0.15688303584078025,64.71428571428571,0.17123566767477527,0.01987721475625824,0.10701999911671314,0.15425189630446587,67.83333333333333,0.17628153082344492,0.010682726342711002,50.0,0.019041506038647363,-0.0031260746881487203,0.423739301792558,-0.21329250747286616,0.8748761940358045,0.09560282582683557,0.0,0.0,0.0,0.0,0.0,0.0,0.0,0.0,0.0,0.0,0.0,0.0,0.0,0.0,0.0,0.0,0.0,0.0,0.0,0.0,0.0,0.0,0.0,0.0,0.0,0.0,0.0,0.0,0.0,0.0,0.0,0.0,0.0,0.0,0.0,0.0,0.0,0.0,0.0,0.0,0.0,0.0,0.0,0.0,0.0,0.022694005240964085,0.521962120542174,0.17879486956521742,7
2024-05-19,0.11984809375,0.11303517586998602,32,-0.041205,0.492108,0.14090246875,4.508879,0.196901875,0.10924185869798408,9,32,neutral,-0.007079514945652177,0.13741654989521396,0.016886892284356445,0.10482496575028229,0.1339241030624855,44.0,0.1712868054124318,0.015774487008426957,0.102237716217495,0.13799518329095323,66.57142857142857,0.16509350182153787,0.041784375,0.10169307679891375,0.15516220475672768,65.21428571428571,0.17220267544263243,0.007071573750000004,0.10815787810378212,0.15365108555114385,66.96666666666667,0.1755716544944219,0.034136369612068965,50.0,0.04092378774041787,-0.0037422406336578454,0.41721947582350344,-0.20490470699119695,-0.05577600506622227,-0.06630792883610953,0.0,0.0,0.0,0.0,0.0,0.0,0.0,0.0,0.0,0.0,0.0,0.0,0.0,0.0,0.0,0.0,0.0,0.0,0.0,0.0,0.0,0.0,0.0,0.0,0.0,0.0,0.0,0.0,0.0,0.0,0.0,0.0,0.0,0.0,0.0,0.0,0.0,0.0,0.0,0.0,0.0,0.0,0.0,0.0,0.0,0.016886892284356445,0.5403805530994062,0.14090246875,9
2024-05-20,0.11462870297029702,0.12446607627932554,101,-0.238774,0.478412,0.18758869306930692,18.946458,0.18495750495049504,0.11694170672772175,18,101,neutral,-0.005219390779702973,0.13477924064008046,0.0215030485784278,0.12046813513864969,0.12598643871016227,52.0,0.16909534379484145,0.046929508165102204,0.10007732297093708,0.1315075877096648,69.71428571428571,0.16508132235042622,-0.015122752725905506,0.10121996828091909,0.14986435787378868,67.28571428571429,0.17006300768567814,-0.006623519251925197,0.10886302472453115,0.15471342330456025,69.56666666666666,0.17740985440832632,0.021154398622470927,50.0,-0.043697134593023254,-0.006999105741343405,0.4118584578240536,-0.2002958367798238,-0.04355005254059763,0.0018601241659492035,0.0,0.0,0.0,0.0,0.0,0.0,0.0,0.0,0.0,0.0,0.0,0.0,0.0,0.0,0.0,0.0,0.0,0.0,0.0,0.0,0.0,0.0,0.0,0.0,0.0,0.0,0.0,0.0,0.0,0.0,0.0,0.0,0.0,0.0,0.0,0.0,0.0,0.0,0.0,0.0,0.0,0.0,0.0,0.0,0.0,0.0215030485784278,2.1718079064212077,0.18758869306930692,18
2024-05-21,0.15846033018867925,0.16512862564389716,106,-0.182322,0.587255,0.22360658490566038,23.702298,0.21100501886792453,0.12386115286330986,19,106,bullish,0.04383162721838223,0.13827340222213585,0.03543277327651388,0.13097904230299204,0.1342099592644029,79.66666666666667,0.18403258224165578,0.03153272149302708,0.11256962465634775,0.13952535019989895,72.42857142857143,0.18072350935665354,0.08744611179787465,0.10702517729151018,0.14805829116239613,67.78571428571429,0.17150359852670297,0.0812729261482752,0.11150428906415379,0.1565466579565418,71.76666666666667,0.17995674807184836,0.07923793018867925,50.0,-0.047439728395061734,-0.016815620283269096,0.4153159441062778,-0.20064001077488736,0.38237916056452304,0.0490510179980852,0.0,0.0,0.0,0.0,0.0,0.0,0.0,0.0,0.0,0.0,0.0,0.0,0.0,0.0,0.0,0.0,0.0,0.0,0.0,0.0,0.0,0.0,0.0,0.0,0.0,0.0,0.0,0.0,0.0,0.0,0.0,0.0,0.0,0.0,0.0,0.0,0.0,0.0,0.0,0.0,0.0,0.0,0.0,0.0,0.0,0.03543277327651388,3.7558739673104715,0.22360658490566038,19
2024-05-22,0.12382966355140188,0.1369542693557001,107,-0.350729,0.619627,0.19595100934579437,20.966758,0.20906736448598132,0.1255402698858315,19,107,neutral,-0.034630666637277374,0.13600844222601682,0.024264547559847322,0.1323062322367927,0.14218299042630758,104.66666666666667,0.20238209577358723,0.00398156980140188,0.11649531438611402,0.13942558545714276,76.42857142857143,0.1875970314874271,0.0274798281083639,0.10627405525282295,0.1438726626226916,69.28571428571429,0.17319466979226636,-0.010515708541621371,0.11095548690717154,0.15503201428158542,72.26666666666667,0.1792141632384473,-0.016464064709467707,50.0,0.06614675558867361,-0.004482080861309244,0.40961182502980553,-0.19783802787492047,-0.21854470829413597,-0.0784622938556596,0.0,0.0,0.0,0.0,0.0,0.0,0.0,0.0,0.0,0.0,0.0,0.0,0.0,0.0,0.0,0.0,0.0,0.0,0.0,0.0,0.0,0.0,0.0,0.0,0.0,0.0,0.0,0.0,0.0,0.0,0.0,0.0,0.0,0.0,0.0,0.0,0.0,0.0,0.0,0.0,0.0,0.0,0.0,0.0,0.0,0.024264547559847322,2.5963065889036634,0.19595100934579437,19
2024-05-23,0.12626396842105264,0.13774888047090747,95,-0.112438,0.602399,0.18434434736842106,17.512713,0.19718404210526316,0.11540865974734765,18,95,neutral,0.0024343048696507663,0.13546660552396325,0.023276048854725877,0.1361846540537112,0.14661059182350158,102.66666666666667,0.2013006472066253,0.011635265450755619,0.1196653660546111,0.13801002299104098,77.28571428571429,0.18647872156092546,0.022190361679479603,0.10466986604833022,0.14062266139223234,70.28571428571429,0.1725612580963599,-0.022458648862897973,0.11122724612851256,0.15467816088733113,73.0,0.1786911898858878,0.00815277664023073,50.0,0.09642038502673797,0.010298644470941034,0.4077983621117675,-0.1911270966862058,0.019658495386610575,0.03706497150692814,0.0,0.0,0.0,0.0,0.0,0.0,0.0,0.0,0.0,0.0,0.0,0.0,0.0,0.0,0.0,0.0,0.0,0.0,0.0,0.0,0.0,0.0,0.0,0.0,0.0,0.0,0.0,0.0,0.0,0.0,0.0,0.0,0.0,0.0,0.0,0.0,0.0,0.0,0.0,0.0,0.0,0.0,0.0,0.0,0.0,0.023276048854725877,2.2112246411989585,0.18434434736842106,18
2024-05-24,0.1048460655737705,0.12313528389334889,61,-0.248209,0.460556,0.153563,9.367343,0.1853595573770492,0.13953949217557549,13,61,neutral,-0.021417902847282136,0.13748662712863585,0.01610047636770492,0.1183132325154083,0.1326128112399855,87.66666666666667,0.17795278557140515,-0.053614264614908744,0.12497206187869335,0.13441805364204865,75.0,0.18067871042920003,0.03714687076857569,0.10556152657632682,0.14123050051634337,70.71428571428571,0.17037510225220406,0.01248324739195232,0.1117005070643049,0.15319085598463136,72.36666666666666,0.17776474571922116,0.014197828073770513,50.0,0.00828896875,0.010283814507202666,0.4079084976229085,-0.19145766503390912,-0.1696279874228238,-0.023852207716932902,0.0,0.0,0.0,0.0,0.0,0.0,0.0,0.0,0.0,0.0,0.0,0.0,0.0,0.0,0.0,0.0,0.0,0.0,0.0,0.0,0.0,0.0,0.0,0.0,0.0,0.0,0.0,0.0,0.0,0.0,0.0,0.0,0.0,0.0,0.0,0.0,0.0,0.0,0.0,0.0,0.0,0.0,0.0,0.0,0.0,0.01610047636770492,0.9821290584300002,0.153563,13
2024-05-25,0.09767433333333334,0.11343168104649305,21,-0.19906,0.28857,0.16065495238095237,3.373754,0.18894633333333333,0.157606974516464,8,21,neutral,-0.00717173224043717,0.13527974808206933,0.015691865370507936,0.10959478910938546,0.12477194847024979,59.0,0.16618743324979116,-0.02615533021806854,0.12079302254121924,0.1305571417942369,74.71428571428571,0.17808729368859072,-0.029253275362318837,0.1085307711650714,0.1336872695541011,70.64285714285714,0.16995214105863574,0.04156942424242425,0.11158022187911973,0.15222170847860933,69.46666666666667,0.17617035956401836,-0.0036085555555555454,50.0,-0.028583107072349317,0.008616368120449169,0.4047838752895523,-0.1898432613672196,-0.06840249275153854,0.014246170606844966,0.0,0.0,0.0,0.0,0.0,0.0,0.0,0.0,0.0,0.0,0.0,0.0,0.0,0.0,0.0,0.0,0.0,0.0,0.0,0.0,0.0,0.0,0.0,0.0,0.0,0.0,0.0,0.0,0.0,0.0,0.0,0.0,0.0,0.0,0.0,0.0,0.0,0.0,0.0,0.0,0.0,0.0,0.0,0.0,0.0,0.015691865370507936,0.3295291727806667,0.16065495238095237,8
2024-05-26,0.1282569375,0.14123771787627837,32,-0.104503,0.485458,0.2273675,7.27576,0.1982476875,0.1274634602723811,10,32,neutral,0.030582604166666666,0.13050156652854558,0.02916145923703125,0.11025911213570123,0.1259348942720401,38.0,0.18052848412698416,0.0019929690789473598,0.12199428593407638,0.13458607636656436,74.71428571428571,0.19043944101001928,0.008408843750000006,0.11211600107578569,0.13629062982875878,70.64285714285714,0.1777664714157786,0.050193218750000004,0.11057180067010332,0.15111337675532935,66.46666666666667,0.17531610710500192,-0.030252636270491795,50.0,0.05113596246025924,0.018026377282700193,0.39939428957702194,-0.18375320412691143,0.31310788743545737,0.037754336407103836,0.0,0.0,0.0,0.0,0.0,0.0,0.0,0.0,0.0,0.0,0.0,0.0,0.0,0.0,0.0,0.0,0.0,0.0,0.0,0.0,0.0,0.0,0.0,0.0,0.0,0.0,0.0,0.0,0.0,0.0,0.0,0.0,0.0,0.0,0.0,0.0,0.0,0.0,0.0,0.0,0.0,0.0,0.0,0.0,0.0,0.02916145923703125,0.933166695585,0.2273675,10
2024-05-27,0.06009125714285714,0.11864347097783015,35,-0.251274,0.332135,0.13640374285714285,4.774131,0.20904599999999998,0.11395271608021822,11,35,neutral,-0.06816568035714286,0.1268394068529716,0.008196672387276734,0.09534084265873011,0.12443762330020053,29.333333333333332,0.17480873174603176,-0.04475480843091337,0.11420322224444211,0.13375427560920788,65.28571428571429,0.18312730526542445,-0.054537445827439884,0.10714027260768962,0.13263093165943635,67.5,0.1741043138079253,-0.06966019855334539,0.10749066610427699,0.15038977047884355,66.5,0.1746278887296518,-0.09243403697478993,50.0,0.030977371874035195,0.019352584597743288,0.39136247336958824,-0.17743100260923245,-0.531477530072343,-0.09874828452380953,0.0,0.0,0.0,0.0,0.0,0.0,0.0,0.0,0.0,0.0,0.0,0.0,0.0,0.0,0.0,0.0,0.0,0.0,0.0,0.0,0.0,0.0,0.0,0.0,0.0,0.0,0.0,0.0,0.0,0.0,0.0,0.0,0.0,0.0,0.0,0.0,0.0,0.0,0.0,0.0,0.0,0.0,0.0,0.0,0.0,0.008196672387276734,0.28688353355468565,0.13640374285714285,11
2024-05-28,0.13693903488372092,0.14812761485584353,86,-0.181041,0.598771,0.15119026744186045,13.002362999999999,0.21319306976744185,0.1341094642364338,18,86,neutral,0.07684777774086378,0.12891515372995882,0.020703849307300022,0.10842907650885932,0.136002934569984,51.0,0.17165383676633442,0.03926470155038758,0.11112875148659092,0.1313255597823431,62.42857142857143,0.17278211705631016,-0.021521295304958332,0.11184918807146935,0.13542545499112102,67.42857142857143,0.1767528132064819,0.06592481649291632,0.10917687768373437,0.15023559475322434,68.3,0.17444750597771383,0.05058634738372092,50.0,0.04877741857488266,0.02022521024601715,0.38674961110355116,-0.17255877406412562,1.2788512238672385,0.14501345809800664,0.0,0.0,0.0,0.0,0.0,0.0,0.0,0.0,0.0,0.0,0.0,0.0,0.0,0.0,0.0,0.0,0.0,0.0,0.0,0.0,0.0,0.0,0.0,0.0,0.0,0.0,0.0,0.0,0.0,0.0,0.0,0.0,0.0,0.0,0.0,0.0,0.0,0.0,0.0,0.0,0.0,0.0,0.0,0.0,0.0,0.020703849307300022,1.7805310404278019,0.15119026744186045,18
2024-05-29,0.10255362337662338,0.12016231152695518,77,-0.153526,0.453073,0.14414906493506494,11.099478,0.1988787792207792,0.13897117844090282,18,77,neutral,-0.034385411507097535,0.12832055925668004,0.014783008915443078,0.09986130513440045,0.12897779912020962,66.0,0.14391435841135608,-0.02570331412337662,0.10808931717590828,0.12892670866395092,58.142857142857146,0.16538183928334882,-0.021276040174778493,0.11229231578101116,0.13417614706054687,67.28571428571429,0.17648943538538792,0.006203787933585406,0.1092230535088267,0.14798856153333603,67.23333333333333,0.1730644925458857,0.0013852747527701714,50.0,0.00959009090909091,0.026146013079585393,0.3781325027911466,-0.16855856514245376,-0.2511001449389155,-0.11123318924796131,0.0,0.0,0.0,0.0,0.0,0.0,0.0,0.0,0.0,0.0,0.0,0.0,0.0,0.0,0.0,0.0,0.0,0.0,0.0,0.0,0.0,0.0,0.0,0.0,0.0,0.0,0.0,0.0,0.0,0.0,0.0,0.0,0.0,0.0,0.0,0.0,0.0,0.0,0.0,0.0,0.0,0.0,0.0,0.0,0.0,0.014783008915443078,1.138291686489117,0.14414906493506494,18
2024-05-30,0.07115241463414634,0.15645547304537047,82,-0.57614,0.449732,0.13666698780487804,11.206693,0.17966456097560973,0.15428771272737302,18,82,neutral,-0.03140120874247704,0.13692531765645555,0.009724186183092504,0.10354835763149685,0.14158179980938973,81.66666666666667,0.1440021067272678,0.011061157491289206,0.1002162380634931,0.13159907903173138,56.285714285714285,0.15857078791712836,-0.0551115537869063,0.1099408020590521,0.13480455101138616,66.78571428571429,0.17252475473902693,-0.032921192107426694,0.10752312796826279,0.1473932267237337,66.83333333333333,0.1713403914301618,-0.0509977662169175,50.0,-0.01987721475625824,0.029208514595008,0.38125497630272065,-0.17380207900879496,-0.30619306962131965,0.002984202764620497,0.0,0.0,0.0,0.0,0.0,0.0,0.0,0.0,0.0,0.0,0.0,0.0,0.0,0.0,0.0,0.0,0.0,0.0,0.0,0.0,0.0,0.0,0.0,0.0,0.0,0.0,0.0,0.0,0.0,0.0,0.0,0.0,0.0,0.0,0.0,0.0,0.0,0.0,0.0,0.0,0.0,0.0,0.0,0.0,0.0,0.009724186183092504,0.7973832670135853,0.13666698780487804,18
2024-05-31,0.11369890625,0.1484918718114044,64,-0.219248,0.570448,0.17216975,11.018864,0.1827981875,0.12007367618388926,15,64,neutral,0.04254649161585365,0.13837614844348073,0.01957551226433594,0.09580164808692321,0.1417032187945767,74.33333333333333,0.15099526757998097,-0.023240128633720922,0.10148092958866872,0.13522144873431072,56.714285714285715,0.16122889505998553,0.00885284067622949,0.11322649573368104,0.13481975118817968,65.85714285714286,0.17095380274459276,0.04599971144480518,0.107068851266027,0.14747227830886525,66.23333333333333,0.16994680098300732,-0.013628301067073176,50.0,-0.007071573750000004,0.02107314466848871,0.37708017189002707,-0.16386787488019236,0.5979627231854394,0.07394770035833069,0.0,0.0,0.0,0.0,0.0,0.0,0.0,0.0,0.0,0.0,0.0,0.0,0.0,0.0,0.0,0.0,0.0,0.0,0.0,0.0,0.0,0.0,0.0,0.0,0.0,0.0,0.0,0.0,0.0,0.0,0.0,0.0,0.0,0.0,0.0,0.0,0.0,0.0,0.0,0.0,0.0,0.0,0.0,0.0,0.0,0.01957551226433594,1.2528327849175,0.17216975,15
2024-06-01,0.02489353846153846,0.13158791522939506,26,-0.379077,0.2548,0.11193596153846154,2.910335,0.15511376923076922,0.1771340748279241,7,26,neutral,-0.08880536778846154,0.14096503729379373,0.002786482163786982,0.06991495311522823,0.14551175336205666,57.333333333333336,0.14025756644777987,-0.07766008491508491,0.09108367317841233,0.13781519647472532,57.42857142857143,0.154269039225344,-0.07278079487179487,0.10593834785981578,0.1341861691344811,66.07142857142857,0.16617816645696734,-0.1020340702341137,0.10280360170419643,0.14587571617524855,64.46666666666667,0.1673110199541206,-0.12795748685491723,50.0,0.006623519251925197,0.01109571513795396,0.3771013869954365,-0.1692061080144479,-0.7810573620927997,-0.1313518594043152,0.0,0.0,0.0,0.0,0.0,0.0,0.0,0.0,0.0,0.0,0.0,0.0,0.0,0.0,0.0,0.0,0.0,0.0,0.0,0.0,0.0,0.0,0.0,0.0,0.0,0.0,0.0,0.0,0.0,0.0,0.0,0.0,0.0,0.0,0.0,0.0,0.0,0.0,0.0,0.0,0.0,0.0,0.0,0.0,0.0,0.002786482163786982,0.07244853625846154,0.11193596153846154,7
2024-06-02,0.13310175757575757,0.11533354744853899,33,0.0,0.433835,0.15751154545454546,5.197881,0.19660527272727274,0.1020588549861282,10,33,neutral,0.1082082191142191,0.13440622381233283,0.020965063538473827,0.0905647340957653,0.1318044448297795,41.0,0.14720575233100233,0.061949342941611224,0.09177579033209196,0.13411460069933395,57.57142857142857,0.14428961714742192,0.004844820075757567,0.10688503813308417,0.13435033853294917,66.14285714285714,0.1673645290787206,0.013253663825757572,0.10466401743291216,0.14370780605671082,63.233333333333334,0.16720175289784353,0.05581247186147184,50.0,-0.0812729261482752,0.0011443934825900478,0.3718143322994337,-0.16358402313048961,4.346839613878326,0.19701358690268064,0.0,0.0,0.0,0.0,0.0,0.0,0.0,0.0,0.0,0.0,0.0,0.0,0.0,0.0,0.0,0.0,0.0,0.0,0.0,0.0,0.0,0.0,0.0,0.0,0.0,0.0,0.0,0.0,0.0,0.0,0.0,0.0,0.0,0.0,0.0,0.0,0.0,0.0,0.0,0.0,0.0,0.0,0.0,0.0,0.0,0.020965063538473827,0.6918470967696363,0.15751154545454546,10
2024-06-03,0.07322080281690141,0.12760889734716996,71,-0.236008,0.382369,0.18185922535211269,12.912005,0.14469074647887323,0.13464389619274758,18,71,neutral,-0.05988095475885616,0.1358955409763758,0.01331587847994148,0.0770720329513991,0.12484345334170133,43.333333333333336,0.15043557744837324,-0.040478103433098586,0.0936514397140983,0.13539537589495396,62.714285714285715,0.15078325750384616,0.013129545674044271,0.10392733097927019,0.1345748257520809,64.0,0.1669552813846353,-0.04140790015339561,0.10353636439549575,0.14393037714831225,64.5,0.1687721482883685,-0.03382959112249252,50.0,0.010515708541621371,0.005488706328586791,0.3737851224342297,-0.16533415482267588,-0.44988853527928585,-0.16808917387307526,0.0,0.0,0.0,0.0,0.0,0.0,0.0,0.0,0.0,0.0,0.0,0.0,0.0,0.0,0.0,0.0,0.0,0.0,0.0,0.0,0.0,0.0,0.0,0.0,0.0,0.0,0.0,0.0,0.0,0.0,0.0,0.0,0.0,0.0,0.0,0.0,0.0,0.0,0.0,0.0,0.0,0.0,0.0,0.0,0.0,0.01331587847994148,0.9454273720758452,0.18185922535211269,18
2024-06-04,0.09432764044943821,0.1526349802154449,89,-0.246474,0.439507,0.16522748314606742,14.705246,0.1846916179775281,0.15933489123337802,17,89,neutral,0.021106837632536804,0.13513144241039068,0.01558551862256786,0.10021673361403237,0.13185914167038462,64.33333333333333,0.16819941798424184,0.06943410198789976,0.0875640976520579,0.13603928523203984,63.142857142857146,0.1527885740330186,-0.042611394434282704,0.09934642456932442,0.13368242250719148,62.785714285714285,0.16278534554466437,-0.06413268973924104,0.10292140174381036,0.14444731612060302,66.63333333333334,0.17003425239323738,-0.018448879550561778,50.0,0.022458648862897973,0.002302338151102206,0.3751822484505949,-0.16693350033840104,0.28826285455128553,0.08098779239139296,0.0,0.0,0.0,0.0,0.0,0.0,0.0,0.0,0.0,0.0,0.0,0.0,0.0,0.0,0.0,0.0,0.0,0.0,0.0,0.0,0.0,0.0,0.0,0.0,0.0,0.0,0.0,0.0,0.0,0.0,0.0,0.0,0.0,0.0,0.0,0.0,0.0,0.0,0.0,0.0,0.0,0.0,0.0,0.0,0.0,0.01558551862256786,1.3871111574085395,0.16522748314606742,17
2024-06-05,0.0926518947368421,0.13823847913819837,76,-0.282676,0.528338,0.13292032894736844,10.101945,0.17555018421052632,0.1322240157605983,17,76,neutral,-0.0016757457125961134,0.13308076387574946,0.012315320326018007,0.08673344600106053,0.13949411890027105,78.66666666666667,0.16000234581518283,-0.04044986283891547,0.08614956498923201,0.13862159489078887,63.0,0.15118446889191908,-0.009901728639781282,0.09711944108257013,0.1337741517773699,60.57142857142857,0.15828315408763394,-0.031177768814559775,0.10196805749429767,0.14243406767052727,66.76666666666667,0.1672134619692608,-0.02860032748538012,50.0,-0.01248324739195232,-0.0025266195451186294,0.3736692289908162,-0.16656265207909549,-0.017765160928565282,-0.022782583345132917,0.0,0.0,0.0,0.0,0.0,0.0,0.0,0.0,0.0,0.0,0.0,0.0,0.0,0.0,0.0,0.0,0.0,0.0,0.0,0.0,0.0,0.0,0.0,0.0,0.0,0.0,0.0,0.0,0.0,0.0,0.0,0.0,0.0,0.0,0.0,0.0,0.0,0.0,0.0,0.0,0.0,0.0,0.0,0.0,0.0,0.012315320326018007,0.9359643447773686,0.13292032894736844,17
2024-06-06,0.14447587096774195,0.13847881891052047,93,-0.12312,0.56846,0.18457626881720432,17.165593,0.20851174193548386,0.13968792373653488,23,93,neutral,0.05182397623089985,0.13445894461197455,0.026666817197341663,0.11048513538467404,0.14311742608805458,86.0,0.1609080269702134,0.07125506815084054,0.09662434446545996,0.13605350144295317,64.57142857142857,0.15802865189367998,0.0733234563335956,0.09842029126447652,0.13382629023734224,60.42857142857143,0.15829971990540417,0.018211902546689307,0.1042110063918756,0.14070290964743146,66.56666666666666,0.1665847271587905,0.0672884669273379,50.0,-0.04156942424242424,-0.012565157635930507,0.37652803775636606,-0.16174379322839066,0.5593407061787001,0.05349972194349596,0.0,0.0,0.0,0.0,0.0,0.0,0.0,0.0,0.0,0.0,0.0,0.0,0.0,0.0,0.0,0.0,0.0,0.0,0.0,0.0,0.0,0.0,0.0,0.0,0.0,0.0,0.0,0.0,0.0,0.0,0.0,0.0,0.0,0.0,0.0,0.0,0.0,0.0,0.0,0.0,0.0,0.0,0.0,0.0,0.0,0.026666817197341663,2.480013999352775,0.18457626881720432,23
2024-06-07,0.0923846219512195,0.12979699717061882,82,-0.278956,0.456743,0.14707545121951218,12.060186999999999,0.19077130487804878,0.10941715699957144,18,82,neutral,-0.05209124901652244,0.1373516345563905,0.01358750995921966,0.10983746255193448,0.13550476507311257,83.66666666666667,0.15485734966136164,-0.001943018498218707,0.09357944670849132,0.13338280506569808,67.14285714285714,0.154443752067896,-0.02131428429878049,0.09753018814858003,0.1343021269000044,61.92857142857143,0.15783632356394078,-0.012461443622551,0.10281231472048215,0.1385110405894,66.43333333333334,0.1657447084785107,-0.04196075014180374,50.0,-0.050193218750000004,-0.01920774759805172,0.3737347817380888,-0.16240483588455662,-0.3605532790188417,-0.10391522524742229,0.0,0.0,0.0,0.0,0.0,0.0,0.0,0.0,0.0,0.0,0.0,0.0,0.0,0.0,0.0,0.0,0.0,0.0,0.0,0.0,0.0,0.0,0.0,0.0,0.0,0.0,0.0,0.0,0.0,0.0,0.0,0.0,0.0,0.0,0.0,0.0,0.0,0.0,0.0,0.0,0.0,0.0,0.0,0.0,0.0,0.01358750995921966,1.114175816656012,0.14707545121951218,18
2024-06-08,0.13098786363636364,0.12759803379784407,22,-0.166979,0.493942,0.16157681818181818,3.55469,0.1945458181818182,0.11319530519106656,8,22,neutral,0.03860324168514413,0.13734946184652533,0.02116460222679752,0.122616118851775,0.13195794995966112,65.66666666666667,0.16440951273951157,0.03833596889952154,0.10873577887632348,0.13281282200404793,66.57142857142857,0.16153530301694694,0.10609432517482517,0.0999097260273679,0.1353140092393866,62.0,0.15790217112114546,0.0333135303030303,0.1022211562655626,0.13665601179275025,64.46666666666667,0.1646901987142009,-0.017734753647586976,50.0,0.06966019855334539,-0.009259146119206873,0.37574805602519273,-0.16330413318302422,0.41785354391044893,0.09069449070166657,0.0,0.0,0.0,0.0,0.0,0.0,0.0,0.0,0.0,0.0,0.0,0.0,0.0,0.0,0.0,0.0,0.0,0.0,0.0,0.0,0.0,0.0,0.0,0.0,0.0,0.0,0.0,0.0,0.0,0.0,0.0,0.0,0.0,0.0,0.0,0.0,0.0,0.0,0.0,0.0,0.0,0.0,0.0,0.0,0.0,0.02116460222679752,0.46562124898954543,0.16157681818181818,8
2024-06-09,0.14935413793103447,0.12912649464374185,29,-0.042561,0.444029,0.11687244827586207,3.389301,0.2418098275862069,0.1243391192787086,8,29,neutral,0.01836627429467083,0.1326477647321847,0.017455383760130797,0.12424220783953917,0.12884050853740156,44.333333333333336,0.14184157255906416,0.004878266963292521,0.11105754749850591,0.13478324303193406,66.0,0.15572971770570646,0.016252380355276902,0.10141666891529892,0.134448921865634,61.785714285714285,0.1500096674265642,0.02109720043103447,0.10412086692386979,0.13713937707568183,63.6,0.16244697426279026,0.056991319749216285,50.0,-0.06592481649291632,-0.01579839531286424,0.3779503696096712,-0.16203390327142894,0.14021355707928462,-0.0202369673904733,0.0,0.0,0.0,0.0,0.0,0.0,0.0,0.0,0.0,0.0,0.0,0.0,0.0,0.0,0.0,0.0,0.0,0.0,0.0,0.0,0.0,0.0,0.0,0.0,0.0,0.0,0.0,0.0,0.0,0.0,0.0,0.0,0.0,0.0,0.0,0.0,0.0,0.0,0.0,0.0,0.0,0.0,0.0,0.0,0.0,0.017455383760130797,0.5062061290437931,0.11687244827586207,8
2024-06-10,0.11553323423423424,0.15162128192476235,111,-0.554501,0.539572,0.19116229729729728,21.219015,0.1912741981981982,0.11918992004122281,21,111,neutral,-0.03382090369680023,0.1353243252894975,0.02208559847040297,0.13195841193387742,0.13611527012211608,54.0,0.15653718791832585,0.023148612283014736,0.11710218055812487,0.13821358368587583,71.71428571428571,0.15705872798359,0.04231243141733283,0.10537681013611158,0.13680447979041488,67.21428571428571,0.1539209927437181,0.055441977091377104,0.10610181109531397,0.13489218932257774,66.56666666666666,0.16326650386966987,0.059428325143325154,50.0,-0.006203787933585406,-0.01722365166680986,0.3744532804400355,-0.16282952369723774,-0.22644771792273555,-0.05218717799147106,0.0,0.0,0.0,0.0,0.0,0.0,0.0,0.0,0.0,0.0,0.0,0.0,0.0,0.0,0.0,0.0,0.0,0.0,0.0,0.0,0.0,0.0,0.0,0.0,0.0,0.0,0.0,0.0,0.0,0.0,0.0,0.0,0.0,0.0,0.0,0.0,0.0,0.0,0.0,0.0,0.0,0.0,0.0,0.0,0.0,0.02208559847040297,2.45150143021473,0.19116229729729728,21
2024-06-11,0.09402521649484535,0.13751730540350995,97,-0.245472,0.432407,0.16669996907216494,16.169897,0.18671943298969074,0.12684588580717313,18,97,neutral,-0.021508017739388888,0.1351320225880954,0.015674000681694333,0.11963752955337131,0.13942169399067136,79.0,0.15824490488177476,-0.036962647141518284,0.11705897713604019,0.1360539158555994,72.85714285714286,0.15726908311588964,-0.0003024239545928592,0.10231153739404904,0.13604660054381962,68.0,0.1550288285744541,-0.04291381838887556,0.10663386102014215,0.1359830770349924,68.73333333333333,0.16489094033874205,0.015961497744845357,50.0,0.032921192107426694,-0.004535416305065206,0.37301936169198874,-0.1643760496548466,-0.18616303682612334,0.01231288595741134,0.0,0.0,0.0,0.0,0.0,0.0,0.0,0.0,0.0,0.0,0.0,0.0,0.0,0.0,0.0,0.0,0.0,0.0,0.0,0.0,0.0,0.0,0.0,0.0,0.0,0.0,0.0,0.0,0.0,0.0,0.0,0.0,0.0,0.0,0.0,0.0,0.0,0.0,0.0,0.0,0.0,0.0,0.0,0.0,0.0,0.015674000681694333,1.5203780661243504,0.16669996907216494,18
2024-06-12,0.12541340336134454,0.15046386141559093,119,-0.43542,0.601458,0.17924167226890755,21.329759,0.19580819327731094,0.12124879942856799,22,119,neutral,0.03138818686649919,0.13926539543708982,0.022479308143422427,0.11165728469680801,0.14653414958128774,109.0,0.17903464621278994,-0.023940734569689925,0.12173919265382624,0.13780039903808408,79.0,0.1638864178761095,0.032761508624502444,0.10394437882152911,0.13821099696443645,71.0,0.1575354433840143,0.022859779984721162,0.10648925927564687,0.13533589757056727,70.06666666666666,0.16460986443546935,-0.004338052334857984,50.0,-0.04599971144480518,-0.010814907414668156,0.3742483315334716,-0.16569007600230032,0.33382732884449084,0.05289620460588808,0.0,0.0,0.0,0.0,0.0,0.0,0.0,0.0,0.0,0.0,0.0,0.0,0.0,0.0,0.0,0.0,0.0,0.0,0.0,0.0,0.0,0.0,0.0,0.0,0.0,0.0,0.0,0.0,0.0,0.0,0.0,0.0,0.0,0.0,0.0,0.0,0.0,0.0,0.0,0.0,0.0,0.0,0.0,0.0,0.0,0.022479308143422427,2.675037669067269,0.17924167226890755,22
2024-06-13,0.09698017857142857,0.13493605139554346,84,-0.269268,0.60245,0.1637240238095238,13.752818,0.19960124999999998,0.11669313058801158,19,84,neutral,-0.028433224789915973,0.1407329989566297,0.01587798506548044,0.10547293280920611,0.14097240607154812,100.0,0.16988855505019876,-0.01855305566280567,0.11495409374006718,0.13729428939308735,77.71428571428571,0.16090752573215514,-0.04749569239631338,0.10578921910276358,0.13667389541802025,71.14285714285714,0.15946808881291757,0.025827763937282228,0.10735479128166768,0.1362002896766768,69.96666666666667,0.1662636227003845,0.02596596018062397,50.0,0.1020340702341137,-0.0019731939289775197,0.375035113933574,-0.16726344710263688,-0.22671599707722934,-0.05982141165641516,0.0,0.0,0.0,0.0,0.0,0.0,0.0,0.0,0.0,0.0,0.0,0.0,0.0,0.0,0.0,0.0,0.0,0.0,0.0,0.0,0.0,0.0,0.0,0.0,0.0,0.0,0.0,0.0,0.0,0.0,0.0,0.0,0.0,0.0,0.0,0.0,0.0,0.0,0.0,0.0,0.0,0.0,0.0,0.0,0.0,0.01587798506548044,1.333750745500357,0.1637240238095238,19
2024-06-14,0.07521395061728396,0.13839816441348682,81,-0.33405,0.585694,0.16020507407407408,12.976611,0.17498437037037037,0.1403496040223702,16,81,neutral,-0.02176622795414461,0.1425873329105787,0.012049656530045727,0.09920251085001898,0.1412660257415404,94.66666666666667,0.16772359005083515,-0.018811265877561392,0.1125011406923621,0.13852302757063992,77.57142857142857,0.16278318613994971,-0.017170671333935544,0.10304029370042671,0.135952916318169,72.35714285714286,0.15861346910392288,-0.038484955632716034,0.10665026178747589,0.1362251410719599,70.03333333333333,0.16667591335517432,-0.021135884825754014,50.0,-0.013253663825757572,-0.0020587957549558808,0.3764087431344709,-0.17088311457513872,-0.2244399657205538,0.006666996835771363,0.0,0.0,0.0,0.0,0.0,0.0,0.0,0.0,0.0,0.0,0.0,0.0,0.0,0.0,0.0,0.0,0.0,0.0,0.0,0.0,0.0,0.0,0.0,0.0,0.0,0.0,0.0,0.0,0.0,0.0,0.0,0.0,0.0,0.0,0.0,0.0,0.0,0.0,0.0,0.0,0.0,0.0,0.0,0.0,0.0,0.012049656530045727,0.9760221789337039,0.16020507407407408,16
2024-06-15,0.10744709090909091,0.11964862885088196,22,-0.246693,0.255337,0.1300143181818182,2.860315,0.17921363636363635,0.12256147936193201,7,22,neutral,0.03223314029180695,0.1361928022958026,0.01396966026516529,0.09321374003260112,0.1309942815533041,62.333333333333336,0.15131447202180537,-0.017966312452253635,0.10913817315989457,0.1373873982925025,77.57142857142857,0.15827425756852115,-0.02354077272727273,0.10893697601810903,0.13510011014827522,72.07142857142857,0.15990478029273403,0.08255355244755244,0.10676271125972647,0.1352915014425353,67.8,0.16460397339943716,0.0033734841675178706,50.0,0.04140790015339561,0.0071609069556907694,0.37320934190238575,-0.16976469800214453,0.42855268241155065,0.05399936824595156,0.0,0.0,0.0,0.0,0.0,0.0,0.0,0.0,0.0,0.0,0.0,0.0,0.0,0.0,0.0,0.0,0.0,0.0,0.0,0.0,0.0,0.0,0.0,0.0,0.0,0.0,0.0,0.0,0.0,0.0,0.0,0.0,0.0,0.0,0.0,0.0,0.0,0.0,0.0,0.0,0.0,0.0,0.0,0.0,0.0,0.01396966026516529,0.3073325258336364,0.1300143181818182,7
2024-06-16,0.09762851851851852,0.07719531883743408,27,-0.054179,0.241138,0.10993955555555555,2.968368,0.22551392592592592,0.12397639846634767,7,27,neutral,-0.009818572390572392,0.12412840498258745,0.01073323593547325,0.09342985334829775,0.11174737070060094,43.333333333333336,0.13338631593714928,0.0006483399470899459,0.10174879895810658,0.12996865889160136,77.28571428571429,0.15728384432276307,-0.05172561941251595,0.10640317322830624,0.1323759509617677,71.64285714285714,0.15650678101423474,-0.03547323905723905,0.10776035538350394,0.13292204309257324,66.13333333333334,0.16179652265388642,0.0299293237133237,50.0,0.06413268973924104,0.019863785676717552,0.37094138975712926,-0.16374301971932187,-0.09138053257188428,-0.04205171268237934,0.0,0.0,0.0,0.0,0.0,0.0,0.0,0.0,0.0,0.0,0.0,0.0,0.0,0.0,0.0,0.0,0.0,0.0,0.0,0.0,0.0,0.0,0.0,0.0,0.0,0.0,0.0,0.0,0.0,0.0,0.0,0.0,0.0,0.0,0.0,0.0,0.0,0.0,0.0,0.0,0.0,0.0,0.0,0.0,0.0,0.01073323593547325,0.28979737025777774,0.10993955555555555,7
2024-06-17,0.14252046913580246,0.1592301516333422,81,-0.218527,0.567136,0.19989648148148145,16.191615,0.21579158024691358,0.13301197847955873,16,81,neutral,0.044891950617283946,0.1258816630261377,0.028489340319336986,0.11586535952113726,0.11869136644055274,43.333333333333336,0.14661678507295173,0.0673065185185185,0.1056041182297592,0.13105564027854136,73.0,0.15853158492050365,0.02698723490156822,0.11135314939394202,0.13463461198220858,72.35714285714286,0.1577951564520468,0.06929966631890105,0.1082801173981756,0.1335477793476455,68.06666666666666,0.1624999097177619,0.015592860440150291,50.0,0.031177768814559775,0.015587960150185817,0.3723307151474832,-0.16457420168446762,0.45982415075538285,0.05471052300785634,0.0,0.0,0.0,0.0,0.0,0.0,0.0,0.0,0.0,0.0,0.0,0.0,0.0,0.0,0.0,0.0,0.0,0.0,0.0,0.0,0.0,0.0,0.0,0.0,0.0,0.0,0.0,0.0,0.0,0.0,0.0,0.0,0.0,0.0,0.0,0.0,0.0,0.0,0.0,0.0,0.0,0.0,0.0,0.0,0.0,0.028489340319336986,2.307636565866296,0.19989648148148145,16
2024-06-18,0.14497463829787233,0.13473017822034944,94,-0.138993,0.531828,0.17483374468085106,16.434372,0.21973553191489362,0.11996921841054316,20,94,neutral,0.0024541691620698636,0.1258404883910989,0.025346458897368942,0.1283745419840644,0.12371854956370858,67.33333333333333,0.1615565939059627,0.03752754738878142,0.11288260705876303,0.13065747925237556,72.57142857142857,0.15969355286460168,0.05094942180302697,0.1149707920974016,0.1333556975539875,72.71428571428571,0.15848131799024565,0.050646997848434114,0.10911766888310467,0.13427094609265758,70.13333333333334,0.16363095224879026,0.02512654454787233,50.0,-0.018211902546689307,0.02088939503309993,0.37590855256288513,-0.16390993760774467,0.017219766233939282,-0.04243778145521408,0.0,0.0,0.0,0.0,0.0,0.0,0.0,0.0,0.0,0.0,0.0,0.0,0.0,0.0,0.0,0.0,0.0,0.0,0.0,0.0,0.0,0.0,0.0,0.0,0.0,0.0,0.0,0.0,0.0,0.0,0.0,0.0,0.0,0.0,0.0,0.0,0.0,0.0,0.0,0.0,0.0,0.0,0.0,0.0,0.0,0.025346458897368942,2.3825671363526806,0.17483374468085106,20
2024-06-19,0.13080924074074074,0.1607110368617145,54,-0.772622,0.437046,0.1486475185185185,8.026966,0.1996278148148148,0.13607290215134527,13,54,neutral,-0.014165397557131587,0.13030306288074442,0.019444469035402607,0.13943478272480514,0.1515571222384687,76.33333333333333,0.17445924822695033,0.03318072222222222,0.11365344097010535,0.13212136145896464,63.285714285714285,0.15532295947168895,0.0053958373793961956,0.1176963168119658,0.13496088024852435,71.14285714285714,0.15960468867389924,0.03815734600389864,0.10965702014211948,0.1354791114454039,68.56666666666666,0.16233291309709733,0.016180537770443718,50.0,0.012461443622551,0.02296330965044842,0.3793169502498492,-0.16135265268404925,-0.09770948714510075,-0.01661956671920145,0.0,0.0,0.0,0.0,0.0,0.0,0.0,0.0,0.0,0.0,0.0,0.0,0.0,0.0,0.0,0.0,0.0,0.0,0.0,0.0,0.0,0.0,0.0,0.0,0.0,0.0,0.0,0.0,0.0,0.0,0.0,0.0,0.0,0.0,0.0,0.0,0.0,0.0,0.0,0.0,0.0,0.0,0.0,0.0,0.0,0.019444469035402607,1.0500013279117408,0.1486475185185185,13
2024-06-20,0.1580688404255319,0.13978359177620234,94,-0.124892,0.548967,0.16751687234042553,15.746586,0.21173393617021274,0.11725360766119641,19,94,bullish,0.027259599684791164,0.1343300554658085,0.026479197762562922,0.14461757315471493,0.14507493561942209,80.66666666666667,0.1636660451799317,0.01554837128972944,0.12238039266354869,0.1328138672276302,64.71428571428571,0.15586479497610348,0.06108866185410333,0.11866724320180795,0.1350540783103588,71.21428571428571,0.1583861603541293,0.013592969457789955,0.1096439704833479,0.1346342769831474,68.16666666666667,0.16046325601158945,-0.00039148976314734574,50.0,-0.0333135303030303,0.015603896049286532,0.3806646189551056,-0.15826332797175255,0.20839200296880178,0.04142499724192275,0.0,0.0,0.0,0.0,0.0,0.0,0.0,0.0,0.0,0.0,0.0,0.0,0.0,0.0,0.0,0.0,0.0,0.0,0.0,0.0,0.0,0.0,0.0,0.0,0.0,0.0,0.0,0.0,0.0,0.0,0.0,0.0,0.0,0.0,0.0,0.0,0.0,0.0,0.0,0.0,0.0,0.0,0.0,0.0,0.0,0.026479197762562922,2.4890445896809146,0.16751687234042553,19
2024-06-21,0.08124325352112677,0.12125611186701572,71,-0.278555,0.353714,0.127471,9.050441,0.17983938028169014,0.12509959269276688,17,71,neutral,-0.07682558690440514,0.14314221407172484,0.010356158769591551,0.1233737782291331,0.14058358016831085,73.0,0.14787846361964804,-0.06373138477674556,0.12324172164981195,0.1303650025781343,63.285714285714285,0.15118849867980716,0.006029302903842806,0.11787143117108702,0.1344440150743871,70.42857142857143,0.15698584240987845,-0.011141368430092738,0.10822442348233872,0.13411100506685794,66.96666666666667,0.15818058903339635,-0.04258641003027511,50.0,-0.02109720043103447,0.018370841717483277,0.3824489243718471,-0.15441266188253513,-0.486026130751548,-0.1040851865891963,0.0,0.0,0.0,0.0,0.0,0.0,0.0,0.0,0.0,0.0,0.0,0.0,0.0,0.0,0.0,0.0,0.0,0.0,0.0,0.0,0.0,0.0,0.0,0.0,0.0,0.0,0.0,0.0,0.0,0.0,0.0,0.0,0.0,0.0,0.0,0.0,0.0,0.0,0.0,0.0,0.0,0.0,0.0,0.0,0.0,0.010356158769591551,0.7352872726410001,0.127471,17
2024-06-22,0.12716895833333333,0.13027973141082402,24,-0.09038,0.539972,0.15978991666666667,3.834958,0.21058533333333332,0.11053539571033608,5,24,neutral,0.045925704812206564,0.1373521300272212,0.02032031725467014,0.1221603507599973,0.1304398116846807,63.0,0.1515925963356974,-0.003640282407407408,0.1260591312818466,0.13188373151526891,63.57142857142857,0.15544215560621413,0.019721867424242423,0.11759865222087058,0.1346355649038857,70.57142857142857,0.1568582065873676,-0.0038189053030303066,0.10825458981274809,0.1338620334315218,64.6,0.15736210801000453,0.0009049899122806904,50.0,-0.055441977091377104,0.0008735031257620743,0.38364690280595437,-0.1562039202408849,0.565286381597998,0.1227512917166117,0.0,0.0,0.0,0.0,0.0,0.0,0.0,0.0,0.0,0.0,0.0,0.0,0.0,0.0,0.0,0.0,0.0,0.0,0.0,0.0,0.0,0.0,0.0,0.0,0.0,0.0,0.0,0.0,0.0,0.0,0.0,0.0,0.0,0.0,0.0,0.0,0.0,0.0,0.0,0.0,0.0,0.0,0.0,0.0,0.0,0.02032031725467014,0.4876876141120834,0.15978991666666667,5
2024-06-23,0.10340497222222222,0.10953440830076731,36,-0.118788,0.290643,0.1517565277777778,5.463235,0.18482005555555556,0.0999273959649689,11,36,neutral,-0.023763986111111107,0.13231297604330478,0.01569237953940201,0.10393906135889408,0.12035675052620236,43.666666666666664,0.14633914814814816,-0.05466386820330968,0.12688433895380424,0.1365036014386022,64.85714285714286,0.16141600878081727,0.005776453703703707,0.11431656895595542,0.1332361301651018,71.07142857142857,0.15934992655179014,-0.045949165708812245,0.10820655336769648,0.13340867091176908,63.766666666666666,0.15730189226926378,-0.001441093351548281,50.0,0.04291381838887556,0.007114334482943534,0.38334866237158016,-0.15288726286597853,-0.18686939346331133,-0.06968969092331767,0.0,0.0,0.0,0.0,0.0,0.0,0.0,0.0,0.0,0.0,0.0,0.0,0.0,0.0,0.0,0.0,0.0,0.0,0.0,0.0,0.0,0.0,0.0,0.0,0.0,0.0,0.0,0.0,0.0,0.0,0.0,0.0,0.0,0.0,0.0,0.0,0.0,0.0,0.0,0.0,0.0,0.0,0.0,0.0,0.0,0.01569237953940201,0.5649256634184723,0.1517565277777778,11
2024-06-24,0.1288063181818182,0.12380330307488185,66,-0.238383,0.420098,0.14989912121212123,9.893342,0.21610674242424244,0.14820894151343444,19,66,neutral,0.025401345959595978,0.12493142928593826,0.01930795390202342,0.1197934162457912,0.12120581426215775,42.0,0.15381518855218856,0.047563064660691434,0.1249251745318065,0.1314426230731079,62.714285714285715,0.15427352874233727,-0.013714150953984261,0.11526464638078283,0.1312491316758246,67.85714285714286,0.15640255683142046,0.01327308394758396,0.1092442861959793,0.13375439164604871,65.26666666666667,0.15694336456363608,0.031131984848484867,50.0,-0.022859779984721162,-2.651886573610787e-05,0.38218942854414284,-0.1482801612653033,0.24564917347501702,0.049165332070707085,0.0,0.0,0.0,0.0,0.0,0.0,0.0,0.0,0.0,0.0,0.0,0.0,0.0,0.0,0.0,0.0,0.0,0.0,0.0,0.0,0.0,0.0,0.0,0.0,0.0,0.0,0.0,0.0,0.0,0.0,0.0,0.0,0.0,0.0,0.0,0.0,0.0,0.0,0.0,0.0,0.0,0.0,0.0,0.0,0.0,0.01930795390202342,1.2743249575335458,0.14989912121212123,19
2024-06-25,0.1161829761904762,0.13611252778704003,84,-0.174337,0.526076,0.17147940476190476,14.40427,0.18642083333333334,0.1413110023278002,17,84,neutral,-0.012623341991342005,0.12419721648810578,0.019922987600609413,0.11613142219817217,0.12315007972089641,62.0,0.1577116845839346,-0.010985982142857134,0.12081207994503562,0.13164010158263512,61.285714285714285,0.15379433732534495,-0.02879166210739613,0.11684734350189933,0.13114879041750532,66.92857142857143,0.1567439450949733,0.022157759695630844,0.10884182081899518,0.13358355197640745,67.0,0.15508042805569958,-0.012073961309523804,50.0,-0.025827763937282228,-0.010022124829794248,0.3831533874817087,-0.14689101205750577,-0.09800250616218509,-0.03802468795093798,0.0,0.0,0.0,0.0,0.0,0.0,0.0,0.0,0.0,0.0,0.0,0.0,0.0,0.0,0.0,0.0,0.0,0.0,0.0,0.0,0.0,0.0,0.0,0.0,0.0,0.0,0.0,0.0,0.0,0.0,0.0,0.0,0.0,0.0,0.0,0.0,0.0,0.0,0.0,0.0,0.0,0.0,0.0,0.0,0.0,0.019922987600609413,1.6735309584511906,0.17147940476190476,17
2024-06-26,0.12064484705882353,0.15787668800519045,85,-0.157387,0.722228,0.17961915294117647,15.267628,0.2055979294117647,0.12585904659198152,17,85,neutral,0.004461870868347331,0.13152133171574074,0.02167012523542367,0.12187804714370594,0.13926417295570412,78.33333333333333,0.1669992263050675,0.017239874836601304,0.11936002370476174,0.13123519460313168,65.71428571428571,0.15821885652858178,-0.010164393681917211,0.11650673233743356,0.13167827803104817,64.5,0.15677090800013535,-0.004768556302521015,0.11086027381619407,0.13489132587731945,68.66666666666667,0.15652094172516737,0.06055358991596639,50.0,0.038484955632716034,-0.009210215183332442,0.3839016231957298,-0.15002235016241866,0.03840382657294228,0.017085212859689336,0.0,0.0,0.0,0.0,0.0,0.0,0.0,0.0,0.0,0.0,0.0,0.0,0.0,0.0,0.0,0.0,0.0,0.0,0.0,0.0,0.0,0.0,0.0,0.0,0.0,0.0,0.0,0.0,0.0,0.0,0.0,0.0,0.0,0.0,0.0,0.0,0.0,0.0,0.0,0.0,0.0,0.0,0.0,0.0,0.0,0.02167012523542367,1.8419606450110118,0.17961915294117647,17
2024-06-27,0.11150480821917809,0.19372921821934702,73,-0.200271,0.857022,0.16221024657534247,11.841348,0.20848301369863015,0.15596028321467809,18,73,neutral,-0.00914003883964544,0.14421122907744535,0.01808722243556915,0.11611087715615924,0.1625728113371925,80.66666666666667,0.17110293475947458,-0.017301509962640113,0.11270801910385406,0.13894171266643807,62.714285714285715,0.1574607671335699,-0.046564032206353814,0.11754420588370137,0.13587778994703412,63.714285714285715,0.1566627810548367,0.014524629647749518,0.11001246626070929,0.13641137932276956,68.23333333333333,0.15688827436295008,-0.025434226664542828,50.0,-0.08255355244755246,-0.016359287394539457,0.39125085461400055,-0.15545956295389354,-0.07575987754527946,-0.013601909707992771,0.0,0.0,0.0,0.0,0.0,0.0,0.0,0.0,0.0,0.0,0.0,0.0,0.0,0.0,0.0,0.0,0.0,0.0,0.0,0.0,0.0,0.0,0.0,0.0,0.0,0.0,0.0,0.0,0.0,0.0,0.0,0.0,0.0,0.0,0.0,0.0,0.0,0.0,0.0,0.0,0.0,0.0,0.0,0.0,0.0,0.01808722243556915,1.3203672377965479,0.16221024657534247,18
2024-06-28,0.13382268421052632,0.15643662461557006,57,-0.320848,0.655289,0.21100370175438596,12.027211,0.20462045614035088,0.1253231671464205,16,57,neutral,0.022317875991348227,0.15359167234040588,0.02823708174712927,0.12199077982950927,0.16934751028003583,71.66666666666667,0.18427770042363498,0.01763970802005012,0.12021936634519684,0.14396750020194582,60.714285714285715,0.16939401024133935,0.05257943068939955,0.1217305439975044,0.13716625139004007,62.0,0.16029125446057324,0.058608733593242354,0.11105476828850606,0.13762052309239006,67.56666666666666,0.15911676225692747,0.031269060833902934,50.0,0.03547323905723905,-0.013802421235129675,0.3942764547244813,-0.15820168100695803,0.20015169164256452,0.031457914830993666,0.0,0.0,0.0,0.0,0.0,0.0,0.0,0.0,0.0,0.0,0.0,0.0,0.0,0.0,0.0,0.0,0.0,0.0,0.0,0.0,0.0,0.0,0.0,0.0,0.0,0.0,0.0,0.0,0.0,0.0,0.0,0.0,0.0,0.0,0.0,0.0,0.0,0.0,0.0,0.0,0.0,0.0,0.0,0.0,0.0,0.02823708174712927,1.6095136595863684,0.21100370175438596,16
2024-06-29,0.07128922727272727,0.1599363271391319,22,-0.286483,0.486313,0.12548954545454546,2.76077,0.1988348181818182,0.1441017214479101,6,22,neutral,-0.06253345693779905,0.1608182771532559,0.00894605272626033,0.10553890656747718,0.17003405665801632,50.666666666666664,0.1662344979280913,-0.04935561978609626,0.11223654762225312,0.14820415673456125,60.42857142857143,0.1644939572110363,-0.055879731060606064,0.11914783945204985,0.14004394412491505,62.0,0.15996805640862521,-0.03615786363636364,0.11105932870979209,0.1377365515621821,65.56666666666666,0.15874418084524972,0.0001368126385809243,50.0,-0.06929966631890105,-0.017800880792448646,0.3934541924411049,-0.1651859097894124,-0.46728592619935094,-0.08485133292914727,0.0,0.0,0.0,0.0,0.0,0.0,0.0,0.0,0.0,0.0,0.0,0.0,0.0,0.0,0.0,0.0,0.0,0.0,0.0,0.0,0.0,0.0,0.0,0.0,0.0,0.0,0.0,0.0,0.0,0.0,0.0,0.0,0.0,0.0,0.0,0.0,0.0,0.0,0.0,0.0,0.0,0.0,0.0,0.0,0.0,0.00894605272626033,0.19681315997772728,0.12548954545454546,6
2024-06-30,0.12848806666666668,0.16440443883258588,30,-0.319382,0.486266,0.1392942,4.178826,0.20595486666666668,0.12610144880863497,8,30,neutral,0.05719883939393941,0.16647665936236505,0.017897642455880002,0.11119999271664005,0.16025913019576263,36.333333333333336,0.1585958157363105,0.01698325844748859,0.11581984682860233,0.15604273252482104,59.57142857142857,0.16271362467135378,0.025083094444444454,0.1213520928912033,0.14627316698171164,62.214285714285715,0.16206481672608555,0.03085954814814816,0.11155230072368098,0.13826697046288816,64.43333333333334,0.157648329178583,0.014789160416666683,50.0,-0.050646997848434114,-0.021084191616604162,0.3953802497535089,-0.16581648385857312,0.8023489885101007,0.11973229633173846,0.0,0.0,0.0,0.0,0.0,0.0,0.0,0.0,0.0,0.0,0.0,0.0,0.0,0.0,0.0,0.0,0.0,0.0,0.0,0.0,0.0,0.0,0.0,0.0,0.0,0.0,0.0,0.0,0.0,0.0,0.0,0.0,0.0,0.0,0.0,0.0,0.0,0.0,0.0,0.0,0.0,0.0,0.0,0.0,0.0,0.017897642455880002,0.5369292736764001,0.1392942,8
2024-07-01,0.099601390625,0.0932003146150111,64,-0.127863,0.346279,0.1343525,8.59856,0.22391359375,0.1224406234876912,16,64,neutral,-0.028886676041666684,0.1535413846843292,0.013381695833945313,0.09979289485479793,0.1391803601955763,38.666666666666664,0.13304541515151516,-0.03422129358552632,0.11164771432048544,0.15167087703055376,59.285714285714285,0.16049267878390788,-0.029204927556818208,0.11828644442614598,0.14155675005183083,61.0,0.15738310376312256,-0.04291907851080247,0.11404256246246303,0.13698738377574202,65.7,0.15839554712730097,0.07470785216346154,50.0,-0.03815734600389864,-0.01916367705132878,0.39122735938116676,-0.16110597607321547,-0.22481991356136322,-0.0860855154356061,0.0,0.0,0.0,0.0,0.0,0.0,0.0,0.0,0.0,0.0,0.0,0.0,0.0,0.0,0.0,0.0,0.0,0.0,0.0,0.0,0.0,0.0,0.0,0.0,0.0,0.0,0.0,0.0,0.0,0.0,0.0,0.0,0.0,0.0,0.0,0.0,0.0,0.0,0.0,0.0,0.0,0.0,0.0,0.0,0.0,0.013381695833945313,0.8564285333725,0.1343525,16
2024-07-02,0.1566198493150685,0.15509812813324125,73,-0.181238,0.801728,0.17104472602739726,12.486265,0.24377172602739725,0.1261051693277238,16,73,bullish,0.05701845869006851,0.14581516666710803,0.026788999216548134,0.12823643553557837,0.13756762719361273,55.666666666666664,0.14823047534246578,0.08533062204234124,0.11742441048114148,0.15438310565143967,57.714285714285715,0.1604305818218354,0.04043687312459231,0.11911824521308856,0.1430116036170374,59.5,0.15711245957359016,0.011645211017196178,0.1148264988537734,0.13831286979856544,67.03333333333333,0.15884665314639607,0.023518091739310937,50.0,-0.013592969457789955,-0.02544220903429161,0.39325110835061794,-0.1600090804472943,0.572466492006557,0.0859051347317352,0.0,0.0,0.0,0.0,0.0,0.0,0.0,0.0,0.0,0.0,0.0,0.0,0.0,0.0,0.0,0.0,0.0,0.0,0.0,0.0,0.0,0.0,0.0,0.0,0.0,0.0,0.0,0.0,0.0,0.0,0.0,0.0,0.0,0.0,0.0,0.0,0.0,0.0,0.0,0.0,0.0,0.0,0.0,0.0,0.0,0.026788999216548134,1.9555969428080138,0.17104472602739726,16
2024-07-03,0.15602816949152543,0.15747027600845082,59,-0.242456,0.565921,0.2069364406779661,12.209249999999999,0.22967571186440677,0.12527645786131417,15,59,bullish,-0.0005916798235430787,0.14602189694568418,0.032287914040074694,0.13741646981053127,0.13525623958556773,65.33333333333333,0.1707778889017878,0.027540102824858748,0.12247917082867033,0.15432504679476258,54.0,0.1643330514985196,0.0353833224327019,0.12091959726671604,0.14278012069894713,59.857142857142854,0.1612759540135507,0.025218928750784686,0.11758674440959418,0.13930824908727477,66.63333333333334,0.1596825603239245,0.08280736667462402,50.0,0.011141368430092738,-0.021664303654867847,0.3984569303579135,-0.15931010336258022,-0.003777808663018245,-0.05761013851361159,0.0,0.0,0.0,0.0,0.0,0.0,0.0,0.0,0.0,0.0,0.0,0.0,0.0,0.0,0.0,0.0,0.0,0.0,0.0,0.0,0.0,0.0,0.0,0.0,0.0,0.0,0.0,0.0,0.0,0.0,0.0,0.0,0.0,0.0,0.0,0.0,0.0,0.0,0.0,0.0,0.0,0.0,0.0,0.0,0.0,0.032287914040074694,1.904986928364407,0.2069364406779661,15
2024-07-04,0.08386488636363637,0.1486177826470987,44,-0.206405,0.490355,0.16716102272727273,7.355085,0.2299314090909091,0.11862898076175543,14,44,neutral,-0.07216328312788906,0.14375818804727755,0.014018940175451964,0.13217096839007672,0.1537287289295969,58.666666666666664,0.18171406314421204,-0.015736504261363624,0.11853061056359294,0.1478805559987271,49.857142857142854,0.16504030523450966,-0.02763992185554172,0.1156193148337235,0.14341113433258257,56.285714285714285,0.16125053618403976,-0.07420395406189553,0.11723798594006746,0.13917434250166325,65.13333333333334,0.15974701164329802,-0.010462754085801843,50.0,0.0038189053030303066,-0.01837022929483312,0.3999114389685923,-0.15989951839862376,-0.4625016326414607,-0.07157160330434598,0.0,0.0,0.0,0.0,0.0,0.0,0.0,0.0,0.0,0.0,0.0,0.0,0.0,0.0,0.0,0.0,0.0,0.0,0.0,0.0,0.0,0.0,0.0,0.0,0.0,0.0,0.0,0.0,0.0,0.0,0.0,0.0,0.0,0.0,0.0,0.0,0.0,0.0,0.0,0.0,0.0,0.0,0.0,0.0,0.0,0.014018940175451964,0.6168333677198864,0.16716102272727273,14
2024-07-05,0.1289387659574468,0.10707498236043522,47,-0.130937,0.480617,0.13367440425531915,6.282697,0.23641646808510636,0.1047449268707914,11,47,neutral,0.04507387959381043,0.13229229675284743,0.017235812724777727,0.12294394060420281,0.13772101367199494,50.0,0.169257289220186,-0.027681083357621705,0.11783290795601016,0.14082889281942212,48.42857142857143,0.15399326273464295,-0.004883918253079517,0.1190261371506035,0.14239819651068397,54.57142857142857,0.16169363648799115,0.04769551243632003,0.11844754831408763,0.13813555927573784,64.16666666666667,0.15977214748689636,0.0362868712206047,50.0,0.045949165708812245,-0.01754087261971132,0.39972865807196545,-0.15756756999716134,0.5374583040436143,0.11723716272169948,0.0,0.0,0.0,0.0,0.0,0.0,0.0,0.0,0.0,0.0,0.0,0.0,0.0,0.0,0.0,0.0,0.0,0.0,0.0,0.0,0.0,0.0,0.0,0.0,0.0,0.0,0.0,0.0,0.0,0.0,0.0,0.0,0.0,0.0,0.0,0.0,0.0,0.0,0.0,0.0,0.0,0.0,0.0,0.0,0.0,0.017235812724777727,0.8100831980645532,0.13367440425531915,11
2024-07-06,0.09895415384615383,0.10318460823918632,13,-0.033244,0.32033,0.11135338461538462,1.447594,0.222552,0.10188873534727313,5,13,neutral,-0.02998461211129297,0.13428915547768244,0.011018879952520709,0.10391926872241229,0.11962579108224008,34.666666666666664,0.13739627053265882,-0.057074015645371595,0.12178504032364253,0.1327215044051442,47.142857142857146,0.1519738111861914,0.027664926573426563,0.11701079397294781,0.1404628305698527,53.785714285714285,0.15823388419861387,-0.0282148044871795,0.11693015774336803,0.13695908558669334,61.5,0.15733138468016905,-0.04552171712158812,50.0,-0.01327308394758396,-0.009843042786381487,0.4023938687785224,-0.16010021717095474,-0.2325492406309262,-0.0750584917051034,0.0,0.0,0.0,0.0,0.0,0.0,0.0,0.0,0.0,0.0,0.0,0.0,0.0,0.0,0.0,0.0,0.0,0.0,0.0,0.0,0.0,0.0,0.0,0.0,0.0,0.0,0.0,0.0,0.0,0.0,0.0,0.0,0.0,0.0,0.0,0.0,0.0,0.0,0.0,0.0,0.0,0.0,0.0,0.0,0.0,0.011018879952520709,0.1432454393827692,0.11135338461538462,5
2024-07-07,0.15523155,0.14996761449988744,20,-0.12025,0.493794,0.16133665,3.226733,0.22888104999999997,0.14721185535907266,6,20,bullish,0.056277396153846165,0.13326305275101172,0.0250445382513075,0.12770815660120016,0.12007573503316966,26.666666666666668,0.1354548129569013,0.07136666363636363,0.12560553794269014,0.1306591009290444,45.714285714285715,0.15512273261476284,0.026743483333333318,0.12071269238564622,0.1433509167269327,52.642857142857146,0.15891817864305827,0.05182657777777777,0.11902505534499405,0.13763143949766896,59.43333333333333,0.15780675797285196,0.06284692804878049,50.0,-0.022157759695630844,-0.01624648709225592,0.40210316910838684,-0.15853840941439942,0.5687219178422955,0.08626200826513913,0.0,0.0,0.0,0.0,0.0,0.0,0.0,0.0,0.0,0.0,0.0,0.0,0.0,0.0,0.0,0.0,0.0,0.0,0.0,0.0,0.0,0.0,0.0,0.0,0.0,0.0,0.0,0.0,0.0,0.0,0.0,0.0,0.0,0.0,0.0,0.0,0.0,0.0,0.0,0.0,0.0,0.0,0.0,0.0,0.0,0.0250445382513075,0.50089076502615,0.16133665,6
2024-07-08,0.12902380597014926,0.14119422372276388,67,-0.226704,0.50645,0.15137320895522388,10.142005,0.2265174776119403,0.13043029091542951,16,67,neutral,-0.026207744029850738,0.13000784229387433,0.019530747541317665,0.12773650327210098,0.1314488154872792,33.333333333333336,0.14135441452353617,8.504001270245864e-05,0.1298087401348543,0.13751537365872338,46.142857142857146,0.1575542624655091,0.029422415345149264,0.12072822722766988,0.14459312534463858,52.714285714285715,0.1590234706247085,0.00021748778833105553,0.11895958675612021,0.1380846458284996,60.93333333333333,0.1574666376652988,-0.0019640576662143805,50.0,0.004768556302521015,-0.00801668457876458,0.40195203204224217,-0.15998235558102702,-0.16883000929805014,-0.0824851401836969,0.0,0.0,0.0,0.0,0.0,0.0,0.0,0.0,0.0,0.0,0.0,0.0,0.0,0.0,0.0,0.0,0.0,0.0,0.0,0.0,0.0,0.0,0.0,0.0,0.0,0.0,0.0,0.0,0.0,0.0,0.0,0.0,0.0,0.0,0.0,0.0,0.0,0.0,0.0,0.0,0.0,0.0,0.0,0.0,0.0,0.019530747541317665,1.3085600852682835,0.15137320895522388,16
2024-07-09,0.13929407272727273,0.17739651734752754,55,-0.146736,0.712926,0.20242647272727274,11.133456,0.2062194,0.12604241332636143,15,55,neutral,0.010270266757123475,0.1357635892339601,0.02819680781399802,0.1411831428991406,0.15618611852339295,47.333333333333336,0.17171211056083222,0.0403399188811189,0.12733362919374064,0.14070085783219285,43.57142857142857,0.16203736913691988,-0.01732577658779577,0.12237901983744105,0.14754198174181626,50.642857142857146,0.16123397547937762,0.023111096536796535,0.11862425124932816,0.1396936465852925,61.8,0.16031843848034585,-0.010060065203761737,50.0,-0.014524629647749518,-0.004003088112021846,0.40404482169015005,-0.16122666203028174,0.07959978145040614,0.03647801078697421,0.0,0.0,0.0,0.0,0.0,0.0,0.0,0.0,0.0,0.0,0.0,0.0,0.0,0.0,0.0,0.0,0.0,0.0,0.0,0.0,0.0,0.0,0.0,0.0,0.0,0.0,0.0,0.0,0.0,0.0,0.0,0.0,0.0,0.0,0.0,0.0,0.0,0.0,0.0,0.0,0.0,0.0,0.0,0.0,0.0,0.02819680781399802,1.550824429769891,0.20242647272727274,15
2024-07-10,0.11831382222222223,0.15942566713440137,90,-0.250699,0.623156,0.21344272222222224,19.209845,0.2015779222222222,0.12349238342052325,21,90,neutral,-0.020980250505050507,0.14623372618875333,0.025253224291627165,0.12887723363988138,0.1593388027348976,70.66666666666667,0.18908080130157298,-0.03691772777777777,0.12194586529812589,0.14098019942161436,48.0,0.16296683792895647,-0.0377143472693032,0.1222125180633981,0.14765262310818847,51.0,0.16364994471373806,-0.002331024836601303,0.11871693751559444,0.13995379275894712,61.1,0.16106111931117667,0.002780587987987984,50.0,-0.058608733593242354,-0.0062754645108378145,0.4040212783158045,-0.16517862047626708,-0.15061840101501123,-0.03125051726217398,0.0,0.0,0.0,0.0,0.0,0.0,0.0,0.0,0.0,0.0,0.0,0.0,0.0,0.0,0.0,0.0,0.0,0.0,0.0,0.0,0.0,0.0,0.0,0.0,0.0,0.0,0.0,0.0,0.0,0.0,0.0,0.0,0.0,0.0,0.0,0.0,0.0,0.0,0.0,0.0,0.0,0.0,0.0,0.0,0.0,0.025253224291627165,2.272790186246445,0.21344272222222224,21
2024-07-11,0.1401149777777778,0.17665948611541157,90,-0.258698,0.712109,0.1707453111111111,15.367078,0.22896656666666668,0.14859935964559132,18,90,neutral,0.021801155555555563,0.16092870176399837,0.023923975471993087,0.13257429090909087,0.17116055686578016,78.33333333333333,0.19553816868686869,0.01109117180762853,0.1299815926430032,0.14498615705994475,54.57142857142857,0.16347887912664769,0.05625009141414142,0.12425610160329807,0.14643335652933592,52.214285714285715,0.16425959218057867,0.0286101695585997,0.12025326289169218,0.1412585321160105,60.86666666666667,0.16119596404580822,0.046089761282932434,50.0,0.03615786363636364,-0.00074759416704297,0.4125052019534766,-0.16777537168827417,0.18426549955091187,0.04278140606060607,0.0,0.0,0.0,0.0,0.0,0.0,0.0,0.0,0.0,0.0,0.0,0.0,0.0,0.0,0.0,0.0,0.0,0.0,0.0,0.0,0.0,0.0,0.0,0.0,0.0,0.0,0.0,0.0,0.0,0.0,0.0,0.0,0.0,0.0,0.0,0.0,0.0,0.0,0.0,0.0,0.0,0.0,0.0,0.0,0.0,0.023923975471993087,2.153157792479378,0.1707453111111111,18
2024-07-12,0.077215525,0.09805993698152102,40,-0.155789,0.384766,0.11806777500000001,4.722711,0.166158525,0.09701051885233558,14,40,neutral,-0.0628994527777778,0.15054716626032508,0.009116665232206875,0.11188144166666662,0.1447150300771113,73.33333333333333,0.1674186027777778,-0.06207854772727274,0.12259255822051084,0.1436982934343856,53.57142857142857,0.1612493606616021,-0.051723240957446806,0.1202127330882605,0.14226359312690387,51.0,0.15762131169812252,-0.05660715921052632,0.11864666694631402,0.13951173463487485,58.233333333333334,0.15915683413684464,-0.04819787836134455,50.0,-0.03085954814814816,-0.005414362675736403,0.40678555084387963,-0.16705106391201047,-0.44891312674321127,-0.08470060833333336,0.0,0.0,0.0,0.0,0.0,0.0,0.0,0.0,0.0,0.0,0.0,0.0,0.0,0.0,0.0,0.0,0.0,0.0,0.0,0.0,0.0,0.0,0.0,0.0,0.0,0.0,0.0,0.0,0.0,0.0,0.0,0.0,0.0,0.0,0.0,0.0,0.0,0.0,0.0,0.0,0.0,0.0,0.0,0.0,0.0,0.009116665232206875,0.364666609288275,0.11806777500000001,14
2024-07-13,0.04803495833333333,0.1993435445653251,24,-0.700638,0.279984,0.172928375,4.150281,0.173078875,0.18364920148722874,6,24,neutral,-0.029180566666666664,0.16217703042883733,0.008306607287776041,0.08845515370370366,0.15802098922075256,51.333333333333336,0.15391382037037038,-0.0702788638888889,0.11531838743296505,0.1574352843381197,55.142857142857146,0.1700457878594043,-0.0509191955128205,0.11855171387830378,0.14507839437163197,51.142857142857146,0.16100979952279787,-0.02325426893939394,0.11701515960504419,0.14165865107386758,56.233333333333334,0.15946364584319384,-0.04894522023809524,50.0,0.042919078510802476,-0.00106989898598394,0.41299796377589093,-0.17880047823291076,-0.3779106166365723,0.03371888611111113,0.0,0.0,0.0,0.0,0.0,0.0,0.0,0.0,0.0,0.0,0.0,0.0,0.0,0.0,0.0,0.0,0.0,0.0,0.0,0.0,0.0,0.0,0.0,0.0,0.0,0.0,0.0,0.0,0.0,0.0,0.0,0.0,0.0,0.0,0.0,0.0,0.0,0.0,0.0,0.0,0.0,0.0,0.0,0.0,0.0,0.008306607287776041,0.199358574906625,0.172928375,6
2024-07-14,0.11387553571428573,0.16721836511236,28,-0.309107,0.457062,0.18097285714285713,5.06724,0.20281875,0.09739168266701712,6,28,neutral,0.06584057738095239,0.16014139998180382,0.020608381056887757,0.07970867301587296,0.15487394888640205,30.666666666666668,0.1573230023809524,-0.02623944206349206,0.10941038539214872,0.15989967728275864,56.285714285714285,0.17285096030838387,-0.04135601428571427,0.11750796166741942,0.14527938910590152,51.0,0.16398684646157338,-0.01461253095238095,0.11830387910827757,0.14261932443049666,54.46666666666667,0.16015590527881993,0.038661585097001766,50.0,-0.011645211017196178,-0.007469274177762654,0.41659293085626214,-0.18388852356003513,1.3706804307824925,0.09502114404761905,0.0,0.0,0.0,0.0,0.0,0.0,0.0,0.0,0.0,0.0,0.0,0.0,0.0,0.0,0.0,0.0,0.0,0.0,0.0,0.0,0.0,0.0,0.0,0.0,0.0,0.0,0.0,0.0,0.0,0.0,0.0,0.0,0.0,0.0,0.0,0.0,0.0,0.0,0.0,0.0,0.0,0.0,0.0,0.0,0.0,0.020608381056887757,0.5770346695928572,0.18097285714285713,6
2024-07-15,0.12114014545454546,0.15267689752745198,55,-0.19807,0.568919,0.19540585454545456,10.747322,0.21238854545454544,0.14748088000041557,13,55,neutral,0.007264609740259734,0.1587916460604139,0.02367149364230612,0.09435021316738812,0.17307960240171236,35.666666666666664,0.18310236222943724,0.04392462045454547,0.1082841481756339,0.16154005925485695,54.57142857142857,0.1791413382498454,-0.007883660515603796,0.1190464441552441,0.14952771645679014,50.357142857142854,0.16834780035767727,0.021538754829545467,0.11876031425979275,0.14372026671971566,55.56666666666667,0.16233562315760783,0.013693054545454553,50.0,-0.025218928750784686,-0.008796590267007178,0.4184972262935068,-0.18529710207087285,0.06379429694615601,-0.05857596764069266,0.0,0.0,0.0,0.0,0.0,0.0,0.0,0.0,0.0,0.0,0.0,0.0,0.0,0.0,0.0,0.0,0.0,0.0,0.0,0.0,0.0,0.0,0.0,0.0,0.0,0.0,0.0,0.0,0.0,0.0,0.0,0.0,0.0,0.0,0.0,0.0,0.0,0.0,0.0,0.0,0.0,0.0,0.0,0.0,0.0,0.02367149364230612,1.3019321503268366,0.19540585454545456,13
2024-07-16,0.08723001724137931,0.1298694039500183,58,-0.337908,0.379454,0.14101262068965517,8.178732,0.19617653448275862,0.12740162159633597,12,58,neutral,-0.03391012821316615,0.14943362962733528,0.012300533334010702,0.10741523280340344,0.14992155552994343,47.0,0.1724637774593223,0.039195058908045984,0.10084642596336339,0.15475047162664132,55.0,0.17036793081590004,-0.05206405548589342,0.11409002757855201,0.14772566472941712,49.285714285714285,0.16620264997640996,-0.06938983207368919,0.11841369755055477,0.14547606955680184,56.6,0.16337139199541112,-0.010398501277139205,50.0,0.07420395406189553,0.0019102668171624194,0.4140257563971174,-0.1841671151562279,-0.2799247770912575,-0.04117473795342588,0.0,0.0,0.0,0.0,0.0,0.0,0.0,0.0,0.0,0.0,0.0,0.0,0.0,0.0,0.0,0.0,0.0,0.0,0.0,0.0,0.0,0.0,0.0,0.0,0.0,0.0,0.0,0.0,0.0,0.0,0.0,0.0,0.0,0.0,0.0,0.0,0.0,0.0,0.0,0.0,0.0,0.0,0.0,0.0,0.0,0.012300533334010702,0.7134309333726206,0.14101262068965517,12
2024-07-17,0.15396893650793653,0.15152261226180425,63,-0.130216,0.746663,0.16891507936507938,10.64165,0.21280992063492066,0.11957099085093445,15,63,bullish,0.06673891926655721,0.16012616468339194,0.026007675129994967,0.12077969973462038,0.1446896379130915,58.666666666666664,0.16844451820006304,0.0400934007936508,0.10594001371846547,0.1536214637876989,51.142857142857146,0.16400683897916535,0.0356551142857143,0.11394293950829568,0.14730083160465662,49.57142857142857,0.1634868384540609,-0.002059232983588899,0.1187953131296259,0.14521915157775053,56.0,0.16233867859153106,0.011448467372134064,50.0,-0.04769551243632003,-0.003919074153819919,0.411928302215801,-0.17782324814603567,0.7650912080170753,0.10064904747972336,0.0,0.0,0.0,0.0,0.0,0.0,0.0,0.0,0.0,0.0,0.0,0.0,0.0,0.0,0.0,0.0,0.0,0.0,0.0,0.0,0.0,0.0,0.0,0.0,0.0,0.0,0.0,0.0,0.0,0.0,0.0,0.0,0.0,0.0,0.0,0.0,0.0,0.0,0.0,0.0,0.0,0.0,0.0,0.0,0.0,0.026007675129994967,1.638483533189683,0.16891507936507938,15
2024-07-18,0.15049889361702126,0.14121196252061374,47,-0.136846,0.529633,0.1841745744680851,8.656205,0.2296586595744681,0.11683918551996393,7,47,bullish,-0.0034700428909152647,0.14849984827444965,0.0277180696898325,0.1305659491221123,0.1408679929108121,56.0,0.16470075817427324,0.0293587481624758,0.1074234302669288,0.14855753184558493,45.0,0.16592530517301876,0.010383915839243474,0.11870251145496602,0.14677184445276484,49.785714285714285,0.16470209214983322,0.06663400725338489,0.11897945497359753,0.145435211054426,54.43333333333333,0.16265003958443888,0.005524255319148935,50.0,0.0282148044871795,0.0008297518611721942,0.4112396464766302,-0.17546697146621532,-0.02253729206434052,-0.07020896215747248,0.0,0.0,0.0,0.0,0.0,0.0,0.0,0.0,0.0,0.0,0.0,0.0,0.0,0.0,0.0,0.0,0.0,0.0,0.0,0.0,0.0,0.0,0.0,0.0,0.0,0.0,0.0,0.0,0.0,0.0,0.0,0.0,0.0,0.0,0.0,0.0,0.0,0.0,0.0,0.0,0.0,0.0,0.0,0.0,0.0,0.0277180696898325,1.3027492754221275,0.1841745744680851,7
2024-07-19,-0.06482284126984127,0.21177554539655105,63,-0.817349,0.29856,0.28325179365079367,17.844863,0.030652190476190475,0.17667224035200155,10,63,neutral,-0.21532173488686251,0.15741128433128787,-0.018361186059223232,0.07988166295170546,0.16817004005965633,57.666666666666664,0.21211381582798605,-0.15205285851122058,0.08713223508552291,0.16480261876201777,48.285714285714285,0.18952302212313213,-0.14203836626984126,0.10486239665301687,0.15425045609820168,50.92857142857143,0.1753861913923671,-0.19376160722728808,0.11245838557324479,0.14713736133892055,54.733333333333334,0.16713684875551468,-0.19563208201058202,50.0,-0.05182657777777777,0.0015833247295571479,0.40961796487524366,-0.18745649671908565,-1.430719719673141,-0.21185169199594725,0.0,0.0,0.0,0.0,0.0,0.0,0.0,0.0,0.0,0.0,0.0,0.0,0.0,0.0,0.0,0.0,0.0,0.0,0.0,0.0,0.0,0.0,0.0,0.0,0.0,0.0,0.0,0.0,0.0,0.0,0.0,0.0,0.0,0.0,0.0,0.0,0.0,0.0,0.0,0.0,0.0,0.0,0.0,0.0,0.0,-0.018361186059223232,-1.1567547217310636,0.28325179365079367,10
2024-07-20,-0.00247086956521739,0.23886293353726454,23,-0.787328,0.50024,0.2521901304347826,5.8003730000000004,0.07442086956521739,0.16966232070050855,7,23,neutral,0.06235197170462388,0.17464849153325038,-0.0006231289179395082,0.027735060927320823,0.1972834804848098,44.333333333333336,0.23987216618455384,-0.15643980607315391,0.07991711681430137,0.17044824575800913,48.142857142857146,0.2008461300423868,-0.050505827898550716,0.09761775212363322,0.1639417650480644,51.642857142857146,0.18544595895089558,-0.10142502341137122,0.10710706190688649,0.1504400060642893,52.36666666666667,0.16995929069199328,-0.1605397099907493,50.0,-0.00021748778833105553,-0.002458380984297818,0.41051586753411734,-0.20145029300114775,-0.9618827327402731,0.2776737065914864,0.0,0.0,0.0,0.0,0.0,0.0,0.0,0.0,0.0,0.0,0.0,0.0,0.0,0.0,0.0,0.0,0.0,0.0,0.0,0.0,0.0,0.0,0.0,0.0,0.0,0.0,0.0,0.0,0.0,0.0,0.0,0.0,0.0,0.0,0.0,0.0,0.0,0.0,0.0,0.0,0.0,0.0,0.0,0.0,0.0,-0.0006231289179395082,-0.014331965112608688,0.2521901304347826,7
2024-07-21,0.10368291304347826,0.14799913523577612,23,-0.128255,0.397917,0.18648986956521738,4.289267,0.14993095652173913,0.16885386863376547,5,23,neutral,0.10615378260869565,0.17827443779040192,0.019335812929620038,0.012129734069473158,0.1995458713898639,36.333333333333336,0.2406439312169312,-0.046815980573543,0.07846102786132889,0.16770264148992572,47.42857142857143,0.20163427467415254,-0.010192622670807464,0.09393570662673881,0.16380115938634218,51.857142857142854,0.1872426174912682,-0.05154863695652173,0.10785505055763152,0.15133144017658132,50.766666666666666,0.17192658634416716,0.022439659522351496,50.0,-0.023111096536796535,-0.00159744191636986,0.4161998257171178,-0.20672609894230035,-42.96211508006337,0.04380181090407177,0.0,0.0,0.0,0.0,0.0,0.0,0.0,0.0,0.0,0.0,0.0,0.0,0.0,0.0,0.0,0.0,0.0,0.0,0.0,0.0,0.0,0.0,0.0,0.0,0.0,0.0,0.0,0.0,0.0,0.0,0.0,0.0,0.0,0.0,0.0,0.0,0.0,0.0,0.0,0.0,0.0,0.0,0.0,0.0,0.0,0.019335812929620038,0.4447236973812609,0.18648986956521738,5
2024-07-22,0.04599711764705882,0.18001043015266055,51,-0.385082,0.534118,0.18431727450980392,9.400181,0.14300549019607844,0.1657093089999922,10,51,neutral,-0.057685795396419444,0.1839720013685732,0.008478063360012687,0.04906972037510652,0.18895749964190042,32.333333333333336,0.20766575816993463,0.11081995891690008,0.06772630960311651,0.1716074318649555,46.857142857142854,0.20005019181191677,-0.07514302780748663,0.0880052288893752,0.1665737455599062,50.714285714285715,0.18959576503088105,-0.08302668832309043,0.10514932253475572,0.15298913013464255,51.666666666666664,0.17274416493893843,-0.0811718406862745,50.0,0.002331024836601303,-0.006107225657947768,0.4131599193356592,-0.21474846572764275,-0.556367425481473,-0.1638395780051151,0.0,0.0,0.0,0.0,0.0,0.0,0.0,0.0,0.0,0.0,0.0,0.0,0.0,0.0,0.0,0.0,0.0,0.0,0.0,0.0,0.0,0.0,0.0,0.0,0.0,0.0,0.0,0.0,0.0,0.0,0.0,0.0,0.0,0.0,0.0,0.0,0.0,0.0,0.0,0.0,0.0,0.0,0.0,0.0,0.0,0.008478063360012687,0.43238123136064704,0.18431727450980392,10
2024-07-23,0.10398373684210527,0.14317557263942035,57,-0.380992,0.471281,0.15859882456140353,9.040133,0.2106530701754386,0.14453936394553799,8,57,neutral,0.05798661919504645,0.18436472339233453,0.016491698436660207,0.08455458917754739,0.15706171267595234,43.666666666666664,0.1764686562121416,0.10645460640732266,0.07011969811750593,0.17350831310629866,46.714285714285715,0.20256250665073794,0.016753719600725955,0.08548306204043467,0.16412939236647,50.857142857142854,0.18646521873331898,-0.035310335885167465,0.10516861468875181,0.1541105022792643,52.36666666666667,0.17297224149839263,0.0005787646198830432,50.0,-0.0286101695585997,-0.00799222105143705,0.4091282273662851,-0.2159212170232107,1.2606576707693828,0.11567241459146589,0.0,0.0,0.0,0.0,0.0,0.0,0.0,0.0,0.0,0.0,0.0,0.0,0.0,0.0,0.0,0.0,0.0,0.0,0.0,0.0,0.0,0.0,0.0,0.0,0.0,0.0,0.0,0.0,0.0,0.0,0.0,0.0,0.0,0.0,0.0,0.0,0.0,0.0,0.0,0.0,0.0,0.0,0.0,0.0,0.0,0.016491698436660207,0.9400268108896318,0.15859882456140353,8
2024-07-24,0.07519291836734694,0.19239383508431743,49,-0.280431,0.562918,0.22557028571428572,11.052944,0.1813442448979592,0.14829098845520622,8,49,neutral,-0.028790818474758326,0.18048838132988781,0.01696128807981341,0.07505792428550363,0.17185994595879941,52.333333333333336,0.1894954615951644,-0.028489994676131322,0.05886598124027884,0.17934705922380054,44.714285714285715,0.21065610755776745,-0.07877601814058958,0.08240299747937216,0.16648426150574971,47.92857142857143,0.18733147326846636,-0.043120903854875284,0.10338150136160278,0.1563968533462455,51.8,0.17549461364846478,-0.05361339981447126,50.0,0.05660715921052632,0.0010995664998197305,0.41307223421019257,-0.22073242066674706,-0.27687809025824794,-0.08677743766980478,0.0,0.0,0.0,0.0,0.0,0.0,0.0,0.0,0.0,0.0,0.0,0.0,0.0,0.0,0.0,0.0,0.0,0.0,0.0,0.0,0.0,0.0,0.0,0.0,0.0,0.0,0.0,0.0,0.0,0.0,0.0,0.0,0.0,0.0,0.0,0.0,0.0,0.0,0.0,0.0,0.0,0.0,0.0,0.0,0.0,0.01696128807981341,0.8311031159108572,0.22557028571428572,8
2024-07-25,0.08915256862745098,0.10936663458262853,51,-0.360447,0.351626,0.159045431372549,8.111317,0.20558392156862745,0.1241623932417289,7,51,neutral,0.01395965026010404,0.1545891215389606,0.01417930873532372,0.08944307461230101,0.1483120141021221,52.333333333333336,0.1810715138827461,0.04315545098039216,0.050102220527483095,0.17479772666123122,45.285714285714285,0.20706622997269084,-0.06134632498957028,0.07876282539720594,0.16167762925340806,45.142857142857146,0.18649576757285483,-0.05096240915032681,0.10248048777616861,0.15550532357276511,50.7,0.1750801478688196,-0.027030407563025216,50.0,0.02325426893939394,-0.004561509624902668,0.41131208956591203,-0.22295089575546612,0.18565112996287314,0.042750468734862365,0.0,0.0,0.0,0.0,0.0,0.0,0.0,0.0,0.0,0.0,0.0,0.0,0.0,0.0,0.0,0.0,0.0,0.0,0.0,0.0,0.0,0.0,0.0,0.0,0.0,0.0,0.0,0.0,0.0,0.0,0.0,0.0,0.0,0.0,0.0,0.0,0.0,0.0,0.0,0.0,0.0,0.0,0.0,0.0,0.0,0.01417930873532372,0.7231447455015098,0.159045431372549,7
2024-07-26,0.06910740384615385,0.1530792504709743,52,-0.36384,0.551948,0.18115299999999998,9.419955999999999,0.15558513461538462,0.13363638940651223,8,52,neutral,-0.02004516478129713,0.15560514458600022,0.012519013528942307,0.07781763028031721,0.1516132400459734,50.666666666666664,0.18858957236227825,-0.034876332995951415,0.06923511268691096,0.16641254167186315,43.714285714285715,0.19248068802257748,0.1339302451159951,0.07818367388621693,0.16560758021694047,46.0,0.19100185507285478,-0.00810812115384614,0.10076257300241294,0.15534540898829124,49.6,0.1751312761041137,-0.051537443212669676,50.0,0.01461253095238095,0.002361606307175219,0.4148092162890909,-0.22943269747864498,-0.22484113570593212,-0.03400481504140117,0.0,0.0,0.0,0.0,0.0,0.0,0.0,0.0,0.0,0.0,0.0,0.0,0.0,0.0,0.0,0.0,0.0,0.0,0.0,0.0,0.0,0.0,0.0,0.0,0.0,0.0,0.0,0.0,0.0,0.0,0.0,0.0,0.0,0.0,0.0,0.0,0.0,0.0,0.0,0.0,0.0,0.0,0.0,0.0,0.0,0.012519013528942307,0.6509887035049999,0.18115299999999998,8
2024-07-27,0.1381748125,0.14052027087421406,16,-0.18183,0.449391,0.138822,2.221152,0.257331875,0.11995073471881418,4,16,neutral,0.06906740865384614,0.14770711273031095,0.019181703820874998,0.09881159499120155,0.13432205197593897,39.666666666666664,0.159673477124183,0.06298189413265305,0.08932735298194203,0.15236358986285592,42.714285714285715,0.1762852408176085,0.14064568206521738,0.08462223489812169,0.16140591781043254,45.42857142857143,0.18856568542999766,0.09013985416666667,0.10165157314510702,0.15357177741012015,47.7,0.1743516678849356,0.026670004280821905,50.0,-0.021538754829545467,-0.0031665669502386664,0.41301164505152355,-0.22934079999107762,0.9994212603848243,0.08911257343514327,0.0,0.0,0.0,0.0,0.0,0.0,0.0,0.0,0.0,0.0,0.0,0.0,0.0,0.0,0.0,0.0,0.0,0.0,0.0,0.0,0.0,0.0,0.0,0.0,0.0,0.0,0.0,0.0,0.0,0.0,0.0,0.0,0.0,0.0,0.0,0.0,0.0,0.0,0.0,0.0,0.0,0.0,0.0,0.0,0.0,0.019181703820874998,0.30690726113399996,0.138822,4
2024-07-28,0.10952023529411765,0.13709398255144598,17,-0.170546,0.415091,0.14699994117647058,2.498999,0.17912964705882353,0.11881231647904876,3,17,neutral,-0.02865457720588234,0.14649079471271603,0.016099468145868514,0.10560081721342379,0.14356450129887813,28.333333333333332,0.1556583137254902,0.020367666666666673,0.09016125616060477,0.1508057109079516,41.857142857142854,0.17064382247635895,0.00583732225063939,0.08431114201096683,0.15925417619893864,44.642857142857146,0.18613904857525573,-0.004355300420168073,0.10084149151456007,0.15292702267464933,46.36666666666667,0.1722182091990051,-0.02430244891640866,50.0,0.06938983207368919,0.010301923033257662,0.4116264424005901,-0.2299059544077474,-0.20737916475104567,-0.09772198585972848,0.0,0.0,0.0,0.0,0.0,0.0,0.0,0.0,0.0,0.0,0.0,0.0,0.0,0.0,0.0,0.0,0.0,0.0,0.0,0.0,0.0,0.0,0.0,0.0,0.0,0.0,0.0,0.0,0.0,0.0,0.0,0.0,0.0,0.0,0.0,0.0,0.0,0.0,0.0,0.0,0.0,0.0,0.0,0.0,0.0,0.016099468145868514,0.2736909584797647,0.14699994117647058,3
2024-07-29,0.11340590384615384,0.15297389541205908,52,-0.17467,0.488454,0.20583992307692306,10.703676,0.18907678846153847,0.12299986004827629,7,52,neutral,0.0038856685520361894,0.13860680677826437,0.02334346252416124,0.12036698388009044,0.14352938294590636,28.333333333333332,0.16388728808446454,0.04429849999999999,0.0997910827604755,0.14694334880215137,42.0,0.17371848655737596,0.06740878619909502,0.083758696181796,0.15927539033355348,44.42857142857143,0.18688433918464636,-0.007734241608391618,0.10224538073367427,0.15269494161708025,47.36666666666667,0.17489655511975102,0.042116676573426576,50.0,0.002059232983588899,0.010554892007915435,0.40788977176298735,-0.22875810065825652,0.03547900113254121,0.03254024575791853,0.0,0.0,0.0,0.0,0.0,0.0,0.0,0.0,0.0,0.0,0.0,0.0,0.0,0.0,0.0,0.0,0.0,0.0,0.0,0.0,0.0,0.0,0.0,0.0,0.0,0.0,0.0,0.0,0.0,0.0,0.0,0.0,0.0,0.0,0.0,0.0,0.0,0.0,0.0,0.0,0.0,0.0,0.0,0.0,0.0,0.02334346252416124,1.2138600512563846,0.20583992307692306,7
2024-07-30,0.05929190410958904,0.16319015761146433,73,-0.489701,0.360401,0.22550505479452054,16.461869,0.1392099315068493,0.1350471704177561,9,73,neutral,-0.054113999736564805,0.14937151138403154,0.013370624085104334,0.0940726810832868,0.15108601185832313,47.333333333333336,0.19278163968263806,-0.07888290839041096,0.09340653522725892,0.1498025752267291,44.285714285714285,0.18327651944782128,-0.04469183273251623,0.08176311667238242,0.16165544416651387,45.5,0.1929195130492796,-0.027938113131790274,0.09993884198177168,0.1526544655763762,48.8,0.17777025027956836,-0.06919616255707764,50.0,-0.06663400725338489,0.005719013039405619,0.405315124905062,-0.23208564561159445,-0.47717092233554015,-0.057999668288600995,0.0,0.0,0.0,0.0,0.0,0.0,0.0,0.0,0.0,0.0,0.0,0.0,0.0,0.0,0.0,0.0,0.0,0.0,0.0,0.0,0.0,0.0,0.0,0.0,0.0,0.0,0.0,0.0,0.0,0.0,0.0,0.0,0.0,0.0,0.0,0.0,0.0,0.0,0.0,0.0,0.0,0.0,0.0,0.0,0.0,0.013370624085104334,0.9760555582126164,0.22550505479452054,9
2024-07-31,0.10538246808510637,0.17007331578265128,94,-0.282409,0.58159,0.2424279255319149,22.788225,0.1853759574468085,0.13691582271034192,9,94,neutral,0.046090563975517335,0.15277032444636696,0.025547653125305565,0.0926934253469497,0.16207912293539156,73.0,0.2245909678011195,-0.004137767209011281,0.09771932804408168,0.14661392961220535,50.714285714285715,0.18568475370748258,0.03018954971775943,0.07829265464218026,0.16298049441800294,47.714285714285715,0.19817043063262502,-0.048586468422830154,0.10013154456377524,0.1552168989486309,49.8,0.18137276446396555,0.005781077460106379,50.0,0.19376160722728808,0.026989077749481928,0.4029198823871524,-0.233163654062952,0.7773500390597727,0.10020456371208214,0.0,0.0,0.0,0.0,0.0,0.0,0.0,0.0,0.0,0.0,0.0,0.0,0.0,0.0,0.0,0.0,0.0,0.0,0.0,0.0,0.0,0.0,0.0,0.0,0.0,0.0,0.0,0.0,0.0,0.0,0.0,0.0,0.0,0.0,0.0,0.0,0.0,0.0,0.0,0.0,0.0,0.0,0.0,0.0,0.0,0.025547653125305565,2.401479393778723,0.2424279255319149,9
2024-08-01,0.07908657142857142,0.21519920869121253,42,-0.787328,0.61412,0.18549109523809523,7.790626,0.1900649761904762,0.14197822074383376,5,42,neutral,-0.02629589665653495,0.16770611200976665,0.014669854752911562,0.08125364787442224,0.1828208940284427,69.66666666666667,0.21780802518817688,-0.03431933241758242,0.09628132844424174,0.16173286877057452,49.42857142857143,0.18946270568827492,-0.010065997198879559,0.07319177448586242,0.16826529771590287,47.357142857142854,0.19826446783048288,-0.07141232218844984,0.09754710196755867,0.15722026830056324,48.766666666666666,0.18185431010432213,-0.07753327788649708,50.0,0.10142502341137122,0.041437432523923144,0.4147273618795501,-0.24478402891249257,-0.2495281913050139,-0.07238646063205229,0.0,0.0,0.0,0.0,0.0,0.0,0.0,0.0,0.0,0.0,0.0,0.0,0.0,0.0,0.0,0.0,0.0,0.0,0.0,0.0,0.0,0.0,0.0,0.0,0.0,0.0,0.0,0.0,0.0,0.0,0.0,0.0,0.0,0.0,0.0,0.0,0.0,0.0,0.0,0.0,0.0,0.0,0.0,0.0,0.0,0.014669854752911562,0.6161338996222856,0.18549109523809523,5
2024-08-02,0.09490561016949152,0.14067888414779792,59,-0.275011,0.445717,0.16389789830508475,9.669976,0.2128456440677966,0.11963174738146869,8,59,neutral,0.015819038740920097,0.16842309232903702,0.015554830044141339,0.09312488322772305,0.17531713620722056,65.0,0.19727230635836493,0.03561370605990248,0.09996678649043282,0.1599613878672636,50.42857142857143,0.18699769116042986,0.025798206323337666,0.0846009495886719,0.16318696476956338,47.07142857142857,0.18973918959150365,0.15972845143933279,0.09550968332349088,0.15666055523854147,48.766666666666666,0.1804196920252261,-0.061122559322033906,50.0,0.05154863695652173,0.04087537449570041,0.41120442842960536,-0.23657403027893198,0.20002180465247976,0.04211493539745505,0.0,0.0,0.0,0.0,0.0,0.0,0.0,0.0,0.0,0.0,0.0,0.0,0.0,0.0,0.0,0.0,0.0,0.0,0.0,0.0,0.0,0.0,0.0,0.0,0.0,0.0,0.0,0.0,0.0,0.0,0.0,0.0,0.0,0.0,0.0,0.0,0.0,0.0,0.0,0.0,0.0,0.0,0.0,0.0,0.0,0.015554830044141339,0.917734972604339,0.16389789830508475,8
2024-08-03,0.054483333333333335,0.08826184157780691,18,-0.124786,0.202334,0.17437527777777778,3.138755,0.15187955555555555,0.1196535776364527,5,18,neutral,-0.040422276836158184,0.15548068156218658,0.00950054638425926,0.07615850497713204,0.14804664480560578,39.666666666666664,0.17458809044031928,-0.05089913475177304,0.08801086089519473,0.15249589796777685,50.714285714285715,0.19207673084296953,-0.08369147916666667,0.08866910693856837,0.15242974391531638,46.714285714285715,0.18418098583028902,0.05695420289855072,0.09453029822248077,0.15464869053623176,47.9,0.18066016719357628,-0.029381553030303036,50.0,0.08302668832309044,0.047516754427222245,0.4003391659571024,-0.23164798804452424,-0.4259208361230512,-0.05624131557707828,0.0,0.0,0.0,0.0,0.0,0.0,0.0,0.0,0.0,0.0,0.0,0.0,0.0,0.0,0.0,0.0,0.0,0.0,0.0,0.0,0.0,0.0,0.0,0.0,0.0,0.0,0.0,0.0,0.0,0.0,0.0,0.0,0.0,0.0,0.0,0.0,0.0,0.0,0.0,0.0,0.0,0.0,0.0,0.0,0.0,0.00950054638425926,0.1710098349166667,0.17437527777777778,5
2024-08-04,0.13862575,0.1185370291467262,12,0.012001,0.330326,0.16221566666666667,1.946588,0.23837275,0.10887049962904218,2,12,neutral,0.08414241666666666,0.14655005586923897,0.022487268453416667,0.0960048978342749,0.115825918290777,29.666666666666668,0.16682961424984308,0.05953917857142857,0.09216879156746365,0.14984490462424546,50.0,0.19425040591299755,0.029105514705882338,0.09116502386403422,0.1503253077660985,45.92857142857143,0.18244711419467827,0.03494283695652173,0.09485319769056585,0.15503075876244143,46.733333333333334,0.18161154260728785,0.009686984042553193,50.0,0.035310335885167465,0.04981651053086519,0.3977994593463025,-0.22735972097917895,1.5443698378709083,0.12456469350282484,0.0,0.0,0.0,0.0,0.0,0.0,0.0,0.0,0.0,0.0,0.0,0.0,0.0,0.0,0.0,0.0,0.0,0.0,0.0,0.0,0.0,0.0,0.0,0.0,0.0,0.0,0.0,0.0,0.0,0.0,0.0,0.0,0.0,0.0,0.0,0.0,0.0,0.0,0.0,0.0,0.0,0.0,0.0,0.0,0.0,0.022487268453416667,0.269847221441,0.16221566666666667,2
2024-08-05,0.07161167924528301,0.18645210436265,53,-0.278383,0.640469,0.19980656603773586,10.589748,0.12482432075471697,0.1830868942347588,8,53,neutral,-0.06701407075471698,0.1498258135852387,0.014308483718195798,0.08824025419287207,0.13108365836239436,27.666666666666668,0.17879917016072677,-0.023293930924208506,0.08619818805305353,0.15462750590290128,50.142857142857146,0.19338849776454228,-0.04179422460087083,0.09299463540676453,0.15078542735252637,46.07142857142857,0.18355349216095912,0.025614561598224193,0.09394178187053685,0.1578063419665569,48.06666666666667,0.18455998198803286,-0.027342474600870817,50.0,0.043120903854875284,0.05700091705135638,0.4026768124877609,-0.23379890792024693,-0.4834171916452533,-0.15115648742138366,0.0,0.0,0.0,0.0,0.0,0.0,0.0,0.0,0.0,0.0,0.0,0.0,0.0,0.0,0.0,0.0,0.0,0.0,0.0,0.0,0.0,0.0,0.0,0.0,0.0,0.0,0.0,0.0,0.0,0.0,0.0,0.0,0.0,0.0,0.0,0.0,0.0,0.0,0.0,0.0,0.0,0.0,0.0,0.0,0.0,0.014308483718195798,0.7583496370643773,0.19980656603773586,8
2024-08-06,0.09953931249999999,0.18831347976182333,48,-0.212812,0.703949,0.20045122916666666,9.621659,0.19040097916666665,0.16430036464347325,9,48,neutral,0.027927633254716977,0.14444866779936089,0.019952777541029944,0.10325891391509429,0.16443420442373316,37.666666666666664,0.18749115395702307,0.045055979166666656,0.09194781782311223,0.15821655192438117,46.57142857142857,0.18980937981770601,0.04024740839041095,0.09267717652518558,0.15400956357555515,45.42857142857143,0.18654294963276366,-0.004444424342105277,0.09208537395387016,0.1590845374752881,49.0,0.18586380129358843,-0.055692237500000005,50.0,0.05096240915032681,0.05495342561542723,0.403634418037366,-0.24019947587064572,0.38998712987946793,0.09494170400943396,0.0,0.0,0.0,0.0,0.0,0.0,0.0,0.0,0.0,0.0,0.0,0.0,0.0,0.0,0.0,0.0,0.0,0.0,0.0,0.0,0.0,0.0,0.0,0.0,0.0,0.0,0.0,0.0,0.0,0.0,0.0,0.0,0.0,0.0,0.0,0.0,0.0,0.0,0.0,0.0,0.0,0.0,0.0,0.0,0.0,0.019952777541029944,0.9577333219694373,0.20045122916666666,9
2024-08-07,0.05478651282051283,0.15397610995213917,39,-0.383443,0.335963,0.1629761282051282,6.356069,0.12460897435897436,0.1385127565279567,10,39,neutral,-0.044752799679487164,0.1471081129602291,0.008928893737347798,0.0753125015219319,0.17624723135887085,46.666666666666664,0.18774464113651024,-0.08383923717948716,0.08471982421388459,0.15591695109145087,38.714285714285715,0.17845912305673645,-0.050595955264593546,0.09121957612898313,0.15126544035182812,44.714285714285715,0.1820719383821095,-0.020406405546834115,0.08961079751554896,0.15951060034960063,48.06666666666667,0.18625056526858524,-0.07423729314963642,50.0,0.00810812115384614,0.05562552430101137,0.4001252137406931,-0.24626150965362367,-0.4495992443135185,-0.07268043293420415,0.0,0.0,0.0,0.0,0.0,0.0,0.0,0.0,0.0,0.0,0.0,0.0,0.0,0.0,0.0,0.0,0.0,0.0,0.0,0.0,0.0,0.0,0.0,0.0,0.0,0.0,0.0,0.0,0.0,0.0,0.0,0.0,0.0,0.0,0.0,0.0,0.0,0.0,0.0,0.0,0.0,0.0,0.0,0.0,0.0,0.008928893737347798,0.3482268557565641,0.1629761282051282,10
2024-08-08,0.13191573684210525,0.18106277123413053,57,-0.227991,0.685296,0.17316445614035086,9.870374,0.17956687719298248,0.12129957463873572,9,57,neutral,0.07712922402159242,0.16566829889149387,0.022843116826616803,0.095413854054206,0.17445078698269767,48.0,0.1788639378373819,0.06030405759682224,0.09226684784438942,0.1510403171690106,40.857142857142854,0.17669817461420154,0.05282916541353383,0.09427408814431558,0.15638659296979254,45.142857142857146,0.18308044015123823,0.04276316821465427,0.08936485298604337,0.15963280881248737,48.13333333333333,0.18527516471568786,-0.007378335885167481,50.0,-0.09013985416666667,0.05301376353286894,0.40689086523004836,-0.23335330333178428,1.4078140777873012,0.12188202370107959,0.0,0.0,0.0,0.0,0.0,0.0,0.0,0.0,0.0,0.0,0.0,0.0,0.0,0.0,0.0,0.0,0.0,0.0,0.0,0.0,0.0,0.0,0.0,0.0,0.0,0.0,0.0,0.0,0.0,0.0,0.0,0.0,0.0,0.0,0.0,0.0,0.0,0.0,0.0,0.0,0.0,0.0,0.0,0.0,0.0,0.022843116826616803,1.3020576591171578,0.17316445614035086,9
2024-08-09,0.12079687179487178,0.14239727797316684,39,-0.090812,0.622631,0.14983666666666667,5.84363,0.1961645128205128,0.11818047868606277,7,39,neutral,-0.011118865047233473,0.17044034865678198,0.01809980061350427,0.10249970715249657,0.15914538638647888,45.0,0.16199241700404857,0.02125755929487179,0.09596559950515803,0.15128580200120614,38.0,0.17468942723728467,0.02589126162538026,0.09796619299779542,0.15562359493423486,44.214285714285715,0.18084355919885725,0.051689467948717926,0.08944762130513169,0.15906519584044623,46.43333333333333,0.18315496286383598,0.002483049572649554,50.0,0.004355300420168073,0.031968618332077835,0.40340768674164307,-0.21754335070737008,-0.08428763173678089,-0.08824808906882589,0.0,0.0,0.0,0.0,0.0,0.0,0.0,0.0,0.0,0.0,0.0,0.0,0.0,0.0,0.0,0.0,0.0,0.0,0.0,0.0,0.0,0.0,0.0,0.0,0.0,0.0,0.0,0.0,0.0,0.0,0.0,0.0,0.0,0.0,0.0,0.0,0.0,0.0,0.0,0.0,0.0,0.0,0.0,0.0,0.0,0.01809980061350427,0.7058922239266666,0.14983666666666667,7
2024-08-10,0.11672658823529411,0.14280980867050888,17,-0.111406,0.378686,0.14443570588235294,2.455407,0.1804805294117647,0.1289655441484845,4,17,neutral,-0.00407028355957767,0.16171188951835375,0.01685948716700346,0.12314639895742367,0.15542328595926877,37.666666666666664,0.15581227622979013,0.06194007541478128,0.10485749306258099,0.159078368728735,37.857142857142854,0.17041234553793827,0.062243254901960775,0.09643417697888787,0.15578713334825592,44.285714285714285,0.1812445381904539,-0.021448224264705884,0.08866800832038223,0.15793687325894948,44.0,0.18227797602287737,-0.02338838954248368,50.0,0.007734241608391618,0.021558531465080102,0.4035409378447071,-0.21637223429125252,-0.03369527289158214,0.007048581487655803,0.0,0.0,0.0,0.0,0.0,0.0,0.0,0.0,0.0,0.0,0.0,0.0,0.0,0.0,0.0,0.0,0.0,0.0,0.0,0.0,0.0,0.0,0.0,0.0,0.0,0.0,0.0,0.0,0.0,0.0,0.0,0.0,0.0,0.0,0.0,0.0,0.0,0.0,0.0,0.0,0.0,0.0,0.0,0.0,0.0,0.01685948716700346,0.2866112818390588,0.14443570588235294,4
2024-08-11,0.11589604545454546,0.180253026093475,22,-0.230276,0.484101,0.1761454090909091,3.875199,0.19452077272727272,0.11128548902792307,3,22,neutral,-0.0008305427807486498,0.1600997987846841,0.020414556338609505,0.11780650182823708,0.1551533709123836,26.0,0.15680592721330958,-0.016019691387559792,0.10161039241323035,0.1678949397211277,39.285714285714285,0.17240230874140147,-0.022729704545454532,0.096889591990347,0.15886992217268658,44.642857142857146,0.1833263573271995,0.006375810160427806,0.08995735900220043,0.1606766428960146,43.4,0.184213897159241,0.03868052045454547,50.0,0.027938113131790274,0.01893513992899883,0.40706014382916295,-0.21290154749495965,-0.0071152836153701715,0.00323974077882902,0.0,0.0,0.0,0.0,0.0,0.0,0.0,0.0,0.0,0.0,0.0,0.0,0.0,0.0,0.0,0.0,0.0,0.0,0.0,0.0,0.0,0.0,0.0,0.0,0.0,0.0,0.0,0.0,0.0,0.0,0.0,0.0,0.0,0.0,0.0,0.0,0.0,0.0,0.0,0.0,0.0,0.0,0.0,0.0,0.0,0.020414556338609505,0.4491202394494091,0.1761454090909091,3
2024-08-12,0.15862202631578948,0.1457873906534438,38,-0.158008,0.528258,0.1339415,5.089777,0.2097817894736842,0.15383476263750748,8,38,bullish,0.04272598086124402,0.158462054924945,0.021246072137776316,0.13041488666854298,0.1562834084724759,25.666666666666668,0.15150753832442065,0.0378251545209177,0.11404044199473128,0.16208569490552677,37.142857142857146,0.16299301359315346,0.08701034707050646,0.1001193150238924,0.15835660040421407,43.642857142857146,0.17819075567884785,0.04521612246963563,0.09364359460161563,0.15889143776561857,43.86666666666667,0.18291433465924103,0.11058706798245616,50.0,0.048586468422830154,0.015108448828969908,0.41005324010424943,-0.21043081482267773,0.3686577975432406,0.04355652364199267,0.0,0.0,0.0,0.0,0.0,0.0,0.0,0.0,0.0,0.0,0.0,0.0,0.0,0.0,0.0,0.0,0.0,0.0,0.0,0.0,0.0,0.0,0.0,0.0,0.0,0.0,0.0,0.0,0.0,0.0,0.0,0.0,0.0,0.0,0.0,0.0,0.0,0.0,0.0,0.0,0.0,0.0,0.0,0.0,0.0,0.021246072137776316,0.8073507412355,0.1339415,8
2024-08-13,0.13208544117647059,0.15535220959605053,34,-0.224124,0.392558,0.12934532352941175,4.397741,0.2503221176470588,0.1392985474143335,4,34,neutral,-0.02653658513931889,0.153319942597329,0.01708463412249567,0.1355345043156018,0.1604642087809898,31.333333333333332,0.14647741087344027,0.015358852941176476,0.11868988894851278,0.15737694202470212,35.142857142857146,0.15283502707354565,0.032546128676470595,0.10531885338581251,0.15779674697454163,40.857142857142854,0.17132220344562582,0.07279353706688155,0.09425059145035512,0.15849589924840826,44.06666666666667,0.18119341687212617,0.01820990546218486,50.0,0.07141232218844984,0.019119780640445727,0.40919370369587893,-0.2038820261333949,-0.16729445308238,-0.06926256600056291,0.0,0.0,0.0,0.0,0.0,0.0,0.0,0.0,0.0,0.0,0.0,0.0,0.0,0.0,0.0,0.0,0.0,0.0,0.0,0.0,0.0,0.0,0.0,0.0,0.0,0.0,0.0,0.0,0.0,0.0,0.0,0.0,0.0,0.0,0.0,0.0,0.0,0.0,0.0,0.0,0.0,0.0,0.0,0.0,0.0,0.01708463412249567,0.5808775601648528,0.12934532352941175,4
2024-08-14,0.07269481578947368,0.25127202747080596,38,-0.787328,0.580118,0.21102952631578945,8.019122,0.16141805263157896,0.17480075521977176,8,38,neutral,-0.05939062538699691,0.17509489249685684,0.0153407525416662,0.12113409442724454,0.18413720924010013,36.666666666666664,0.1581054499484004,-0.04320122966507178,0.12124821794407861,0.17127635881308306,35.0,0.15969979823221153,0.01790830296896085,0.10298402107898161,0.16359665495226697,36.857142857142854,0.16907946064447402,-0.032687652295632696,0.09263574712818606,0.16178240357985338,43.5,0.18171420593113735,-0.048445329665071785,50.0,-0.15972845143933279,-0.003419036614466279,0.4225613553427979,-0.21889545306411157,-0.44963793782275396,-0.03285404024767802,0.0,0.0,0.0,0.0,0.0,0.0,0.0,0.0,0.0,0.0,0.0,0.0,0.0,0.0,0.0,0.0,0.0,0.0,0.0,0.0,0.0,0.0,0.0,0.0,0.0,0.0,0.0,0.0,0.0,0.0,0.0,0.0,0.0,0.0,0.0,0.0,0.0,0.0,0.0,0.0,0.0,0.0,0.0,0.0,0.0,0.0153407525416662,0.5829485965833157,0.21102952631578945,8
2024-08-15,0.08108515000000001,0.1752333837411169,40,-0.404393,0.487544,0.1432936,5.731744,0.21135872500000003,0.1468446624189059,6,40,neutral,0.008390334210526332,0.18157960751097843,0.011618983050040001,0.09528846898864805,0.19395254026932449,37.333333333333336,0.16122281661506707,-0.07753687631578947,0.11398670553806359,0.17044358917122396,32.57142857142857,0.15543253306930427,-0.050830586842105244,0.1031267766912265,0.16074195317011727,36.714285714285715,0.1660653538417529,0.001998578571428586,0.09243091822014009,0.16329453623955667,42.9,0.1817902385748155,-0.006144867241379304,50.0,-0.05695420289855072,-0.015409771286563782,0.4253756559775044,-0.22051197908343345,0.11541860474376864,0.06778095959752324,0.0,0.0,0.0,0.0,0.0,0.0,0.0,0.0,0.0,0.0,0.0,0.0,0.0,0.0,0.0,0.0,0.0,0.0,0.0,0.0,0.0,0.0,0.0,0.0,0.0,0.0,0.0,0.0,0.0,0.0,0.0,0.0,0.0,0.0,0.0,0.0,0.0,0.0,0.0,0.0,0.0,0.0,0.0,0.0,0.0,0.011618983050040001,0.46475932200160003,0.1432936,6
2024-08-16,0.08966931818181818,0.11362207705638999,22,-0.054838,0.428129,0.18344204545454545,4.035725,0.1887824090909091,0.0981688212256044,7,22,neutral,0.008584168181818175,0.16825341770356145,0.01644912314178719,0.0811497613237639,0.18004249608943765,33.333333333333336,0.1792550572567783,-0.0424161229946524,0.10953991216477021,0.166332846183113,30.142857142857142,0.16023330146757267,-0.031127553613053596,0.10275275583496411,0.15880932409215956,34.07142857142857,0.16746136435242867,-0.005236291987673336,0.09028759760926947,0.16203118506604286,41.53333333333333,0.1822744707777977,-0.06429961832611834,50.0,-0.03494283695652173,-0.020193211076604656,0.42026056187981287,-0.22024743441756012,0.10586609486223031,0.000193833971291843,0.0,0.0,0.0,0.0,0.0,0.0,0.0,0.0,0.0,0.0,0.0,0.0,0.0,0.0,0.0,0.0,0.0,0.0,0.0,0.0,0.0,0.0,0.0,0.0,0.0,0.0,0.0,0.0,0.0,0.0,0.0,0.0,0.0,0.0,0.0,0.0,0.0,0.0,0.0,0.0,0.0,0.0,0.0,0.0,0.0,0.01644912314178719,0.36188070911931813,0.18344204545454545,7
2024-08-17,0.06606775000000001,0.23105335897248208,16,-0.576585,0.441482,0.1778728125,2.845965,0.1401495625,0.18403703568574406,3,16,neutral,-0.023601568181818175,0.1853066113673691,0.011751656508046876,0.07894073939393935,0.17330293992332968,26.0,0.16820281931818182,-0.006627065789473668,0.1023029352740139,0.17893906765482348,30.0,0.16501003098437939,-0.0506588382352941,0.10358021416829745,0.16900871819177923,33.92857142857143,0.16771118826115883,0.011584416666666673,0.08747322615536877,0.16502589828110514,40.5,0.18206441204552823,-0.08443114361702125,50.0,-0.025614561598224193,-0.013023734124555493,0.42748387525721065,-0.23181599632436967,-0.26320673180499043,-0.03218573636363635,0.0,0.0,0.0,0.0,0.0,0.0,0.0,0.0,0.0,0.0,0.0,0.0,0.0,0.0,0.0,0.0,0.0,0.0,0.0,0.0,0.0,0.0,0.0,0.0,0.0,0.0,0.0,0.0,0.0,0.0,0.0,0.0,0.0,0.0,0.0,0.0,0.0,0.0,0.0,0.0,0.0,0.0,0.0,0.0,0.0,0.011751656508046876,0.18802650412875002,0.1778728125,3
2024-08-18,0.05857425,0.13630481145343748,8,-0.10086,0.227797,0.086703125,0.693625,0.171381,0.14679990904240078,2,8,neutral,-0.007493500000000007,0.1814971317388465,0.005078570519531251,0.071437106060606,0.16032674916076986,15.333333333333334,0.14933932765151514,-0.022510900000000007,0.094114107351936,0.17266075127767522,28.0,0.15223256182853523,-0.05732179545454546,0.09786224988258317,0.17027784549940145,33.642857142857146,0.16231743528496834,-0.0800515,0.09158646253103014,0.16251020714966805,38.666666666666664,0.1755127897571684,0.12339709126984127,50.0,0.004444424342105277,-0.013013831466562471,0.4230753841690407,-0.2328906706208151,-0.11342144995099734,0.016108068181818168,0.0,0.0,0.0,0.0,0.0,0.0,0.0,0.0,0.0,0.0,0.0,0.0,0.0,0.0,0.0,0.0,0.0,0.0,0.0,0.0,0.0,0.0,0.0,0.0,0.0,0.0,0.0,0.0,0.0,0.0,0.0,0.0,0.0,0.0,0.0,0.0,0.0,0.0,0.0,0.0,0.0,0.0,0.0,0.0,0.0,0.005078570519531251,0.040628564156250005,0.086703125,2
2024-08-19,0.07585382352941177,0.15449622505782926,34,-0.580656,0.263704,0.1531824411764706,5.208203,0.1758374411764706,0.13870749381630204,6,34,neutral,0.017279573529411764,0.16214197125625113,0.011619473860804499,0.06683194117647055,0.17395146516124962,19.333333333333332,0.13925279289215686,-0.013815494652406418,0.08229007838245346,0.17390487047830175,27.428571428571427,0.1549812677108882,-0.08276820278637771,0.09816526018859237,0.16799528269191424,32.285714285714285,0.15898714065202083,0.0042421442841287516,0.09419728563418445,0.15969798353368686,39.03333333333333,0.172212533448558,0.07832469309462915,50.0,0.020406405546834115,-0.01160581325117997,0.42303408688466837,-0.23119318139446052,0.29500289853325934,0.02477307352941177,0.0,0.0,0.0,0.0,0.0,0.0,0.0,0.0,0.0,0.0,0.0,0.0,0.0,0.0,0.0,0.0,0.0,0.0,0.0,0.0,0.0,0.0,0.0,0.0,0.0,0.0,0.0,0.0,0.0,0.0,0.0,0.0,0.0,0.0,0.0,0.0,0.0,0.0,0.0,0.0,0.0,0.0,0.0,0.0,0.0,0.011619473860804499,0.39506211126735297,0.1531824411764706,6
2024-08-20,0.07819991666666666,0.11355395477553516,36,-0.211735,0.347995,0.12267502777777778,4.416301,0.20223449999999998,0.11776754264991691,9,36,neutral,0.0023460931372548954,0.14980608546313479,0.00959317694930324,0.0708759967320261,0.13478499709560066,26.0,0.1208535313180828,0.012132166666666652,0.07459214630962432,0.16793369121822813,27.714285714285715,0.15402836831779762,-0.053885524509803925,0.09664101762906856,0.1626553166214651,31.428571428571427,0.1534316976956716,-0.02133939583333333,0.09334785242162406,0.15854981085167882,39.46666666666667,0.17008537205564336,-0.025482996376811604,50.0,-0.04276316821465427,-0.019461511178562697,0.41602302321303475,-0.22690037286467088,0.030929134855611107,-0.014933480392156868,0.0,0.0,0.0,0.0,0.0,0.0,0.0,0.0,0.0,0.0,0.0,0.0,0.0,0.0,0.0,0.0,0.0,0.0,0.0,0.0,0.0,0.0,0.0,0.0,0.0,0.0,0.0,0.0,0.0,0.0,0.0,0.0,0.0,0.0,0.0,0.0,0.0,0.0,0.0,0.0,0.0,0.0,0.0,0.0,0.0,0.00959317694930324,0.34535437017491666,0.12267502777777778,9
2024-08-21,0.084910175,0.140812638407482,40,-0.234865,0.400571,0.14021135,5.608454,0.190800525,0.13267175939368084,7,40,neutral,0.006710258333333344,0.15524419773335318,0.011905370265486251,0.07965463839869276,0.13628760608028215,36.666666666666664,0.1386896063180828,0.026335925000000003,0.0763371976254138,0.1521537784948961,28.0,0.14391148598697054,0.012215359210526328,0.09879270778474622,0.16171506865398963,31.5,0.15180564210959105,0.030123662179487178,0.09464495433338876,0.15724321779350617,39.1,0.16861517457198322,0.038913057352941184,50.0,-0.051689467948717926,-0.030603281886512488,0.4088755463632332,-0.2191705356577264,0.08580902153561554,0.004364165196078448,0.0,0.0,0.0,0.0,0.0,0.0,0.0,0.0,0.0,0.0,0.0,0.0,0.0,0.0,0.0,0.0,0.0,0.0,0.0,0.0,0.0,0.0,0.0,0.0,0.0,0.0,0.0,0.0,0.0,0.0,0.0,0.0,0.0,0.0,0.0,0.0,0.0,0.0,0.0,0.0,0.0,0.0,0.0,0.0,0.0,0.011905370265486251,0.47621481061945004,0.14021135,7
2024-08-22,0.043371921052631573,0.13305904926199913,38,-0.257603,0.370065,0.13948268421052631,5.300342,0.1950595263157895,0.09749738409705955,6,38,neutral,-0.04153825394736843,0.1356453357912566,0.006049631967788088,0.06882733757309938,0.12914188081500547,38.0,0.13412302066276804,-0.03248190247678019,0.07094959349007546,0.14612887356930787,27.714285714285715,0.14336706944561714,-0.037713228947368435,0.09246814951406952,0.15828623137026593,30.142857142857142,0.14939980125746072,-0.08854381578947368,0.09262456047373965,0.15690600034759214,38.46666666666667,0.16797796989362065,-0.060611815789473694,50.0,0.021448224264705884,-0.036154848322484036,0.4055368784188103,-0.22098523662498953,-0.48920231229494493,-0.048248512280701775,0.0,0.0,0.0,0.0,0.0,0.0,0.0,0.0,0.0,0.0,0.0,0.0,0.0,0.0,0.0,0.0,0.0,0.0,0.0,0.0,0.0,0.0,0.0,0.0,0.0,0.0,0.0,0.0,0.0,0.0,0.0,0.0,0.0,0.0,0.0,0.0,0.0,0.0,0.0,0.0,0.0,0.0,0.0,0.0,0.0,0.006049631967788088,0.22988601477594736,0.13948268421052631,6
2024-08-23,0.12735578378378376,0.15187442517644031,37,-0.232798,0.493033,0.15659791891891892,5.794123,0.20781483783783786,0.1249534367902508,7,37,neutral,0.08398386273115219,0.1387592585358572,0.019943650702828337,0.08521262661213841,0.14191537094864048,38.333333333333336,0.14543065104314842,0.0491558671171171,0.07633337429035625,0.15159349472931508,29.857142857142858,0.13953219422624194,0.03768646560196558,0.09293664322756323,0.15896317045621403,30.0,0.1498827478469073,0.006558911988911981,0.09436332265428754,0.15555535335066292,38.06666666666667,0.16567889100044175,0.05216286541643682,50.0,-0.006375810160427806,-0.019115665958161263,0.4155417593011962,-0.22370287246233037,1.9363648345029092,0.12552211667852062,0.0,0.0,0.0,0.0,0.0,0.0,0.0,0.0,0.0,0.0,0.0,0.0,0.0,0.0,0.0,0.0,0.0,0.0,0.0,0.0,0.0,0.0,0.0,0.0,0.0,0.0,0.0,0.0,0.0,0.0,0.0,0.0,0.0,0.0,0.0,0.0,0.0,0.0,0.0,0.0,0.0,0.0,0.0,0.0,0.0,0.019943650702828337,0.7379150760046485,0.15659791891891892,7
2024-08-24,0.14062205555555557,0.15564894249729466,18,-0.107969,0.526024,0.1708265,3.074877,0.1973551111111111,0.11382743497163687,3,18,neutral,0.01326627177177181,0.13898980202375028,0.024021973573361114,0.10378325346399025,0.14686080564524473,31.0,0.15563570104314842,0.055711880555555565,0.08698398936972132,0.1408214352328597,30.142857142857142,0.13852557815481337,0.07455430555555556,0.09464346232186761,0.15988025144384158,30.071428571428573,0.1517678045695964,0.02389546732026146,0.0960789722185577,0.15709809694781846,36.96666666666667,0.16607159328802348,0.05146948692810459,50.0,-0.04521612246963563,-0.017811434799392917,0.41935276591403076,-0.2273142485196094,0.10416701446629562,-0.07071759095938038,0.0,0.0,0.0,0.0,0.0,0.0,0.0,0.0,0.0,0.0,0.0,0.0,0.0,0.0,0.0,0.0,0.0,0.0,0.0,0.0,0.0,0.0,0.0,0.0,0.0,0.0,0.0,0.0,0.0,0.0,0.0,0.0,0.0,0.0,0.0,0.0,0.0,0.0,0.0,0.0,0.0,0.0,0.0,0.0,0.0,0.024021973573361114,0.43239552432050005,0.1708265,3
2024-08-25,0.16792514285714286,0.2111398257046581,14,-0.051034,0.676107,0.20949842857142856,2.932978,0.2713030714285714,0.11886298966616615,2,14,bullish,0.027303087301587287,0.15850697620957482,0.03518005354620408,0.14530099406549402,0.17288773112613107,23.0,0.1789742824967825,0.12455322180451128,0.1026055454921703,0.15151215155446265,31.0,0.15606776437930317,0.10935089285714286,0.09835982642205314,0.16208645141606895,29.5,0.1541501631039192,0.052029097402597396,0.09937289685225732,0.1590334494556079,35.7,0.16701644090707107,0.098817739010989,50.0,-0.07279353706688155,-0.022017068144988453,0.4266372112288246,-0.22496734747321723,0.19415935283921848,0.014036815529815477,0.0,0.0,0.0,0.0,0.0,0.0,0.0,0.0,0.0,0.0,0.0,0.0,0.0,0.0,0.0,0.0,0.0,0.0,0.0,0.0,0.0,0.0,0.0,0.0,0.0,0.0,0.0,0.0,0.0,0.0,0.0,0.0,0.0,0.0,0.0,0.0,0.0,0.0,0.0,0.0,0.0,0.0,0.0,0.0,0.0,0.03518005354620408,0.4925207496468571,0.20949842857142856,2
2024-08-26,0.08084765789473684,0.08102028997802369,38,-0.107492,0.35852,0.10183792105263158,3.869841,0.22087952631578944,0.11733673404806721,4,38,neutral,-0.08707748496240601,0.14654850652368318,0.008233357401974378,0.1297982854358117,0.14926968605999216,23.333333333333332,0.1607209498746867,-0.04650812588904692,0.10331895040150248,0.14101558940020473,31.571428571428573,0.14873283293304043,0.004993834365325078,0.09280451439197797,0.1574602299392532,29.5,0.1518570503219643,-0.07777436842105263,0.09746199169874856,0.15705011675906821,36.43333333333333,0.16578363827549217,-0.05732715460526315,50.0,0.032687652295632696,-0.015539044379004354,0.41497330952018147,-0.2151726112251004,-0.5185494172036198,-0.1143805722639933,0.0,0.0,0.0,0.0,0.0,0.0,0.0,0.0,0.0,0.0,0.0,0.0,0.0,0.0,0.0,0.0,0.0,0.0,0.0,0.0,0.0,0.0,0.0,0.0,0.0,0.0,0.0,0.0,0.0,0.0,0.0,0.0,0.0,0.0,0.0,0.0,0.0,0.0,0.0,0.0,0.0,0.0,0.0,0.0,0.0,0.008233357401974378,0.31286758127502634,0.10183792105263158,4
2024-08-27,0.12462144,0.18144328919056843,50,-0.344347,0.613581,0.18214602,9.107301,0.2264202,0.13608514286179182,6,50,neutral,0.043773782105263156,0.15622535450939706,0.0226992993026688,0.1244647469172932,0.15786780162441674,34.0,0.16449412320802004,-0.01600061555555557,0.10995059659197866,0.15071406574520949,33.57142857142857,0.15722868896478648,0.04642152333333334,0.09227137145080148,0.1593238784817188,30.642857142857142,0.15562852864129204,-0.007464001176470586,0.09796536518894464,0.1585284269803723,37.53333333333333,0.16695517423627643,0.015101204705882346,50.0,-0.001998578571428586,-0.016254933591619232,0.4212117738029988,-0.214427582789969,0.5414353766717195,0.13085126706766917,0.0,0.0,0.0,0.0,0.0,0.0,0.0,0.0,0.0,0.0,0.0,0.0,0.0,0.0,0.0,0.0,0.0,0.0,0.0,0.0,0.0,0.0,0.0,0.0,0.0,0.0,0.0,0.0,0.0,0.0,0.0,0.0,0.0,0.0,0.0,0.0,0.0,0.0,0.0,0.0,0.0,0.0,0.0,0.0,0.0,0.0226992993026688,1.13496496513344,0.18214602,6
2024-08-28,0.08555371153846154,0.12446725288381909,52,-0.173298,0.478398,0.1488731923076923,7.7414060000000005,0.2099561153846154,0.11159910869902949,8,52,neutral,-0.039067728461538456,0.15074392005087278,0.01273665415050222,0.09700760314439942,0.12897694401747042,46.666666666666664,0.14428571112010796,-0.08237143131868131,0.11004253038318744,0.14837901067040052,35.285714285714285,0.1584660950087425,0.0006435365384615394,0.09318986400430061,0.15026639458264832,31.642857142857142,0.15118879049785652,0.012858895748987867,0.09703695877868822,0.1575782055627643,37.53333333333333,0.1650562832106354,-0.0278521923076923,50.0,0.005236291987673336,-0.017940501764859316,0.4132341207027854,-0.21108613222012004,-0.3134912296113611,-0.08284151056680161,0.0,0.0,0.0,0.0,0.0,0.0,0.0,0.0,0.0,0.0,0.0,0.0,0.0,0.0,0.0,0.0,0.0,0.0,0.0,0.0,0.0,0.0,0.0,0.0,0.0,0.0,0.0,0.0,0.0,0.0,0.0,0.0,0.0,0.0,0.0,0.0,0.0,0.0,0.0,0.0,0.0,0.0,0.0,0.0,0.0,0.01273665415050222,0.6623060158261155,0.1488731923076923,8
2024-08-29,0.09510125000000001,0.1533071673295708,48,-0.157985,0.575798,0.1405225625,6.745083,0.18922045833333334,0.11213164413312697,8,48,neutral,0.009547538461538468,0.15027556501732803,0.013363871346953127,0.10175880051282048,0.15307256980131947,50.0,0.1571805916025641,0.014253592105263169,0.1174324345185258,0.15127159896576786,36.714285714285715,0.1586146490500959,0.05172932894736844,0.09419101400430063,0.14870023626753787,32.214285714285715,0.15099085924785655,0.014016100000000004,0.09823060364170193,0.15724877255336786,36.7,0.16222353346748475,0.035809345890410973,50.0,-0.011584416666666673,-0.014476196037305137,0.4130403285486822,-0.21346190224550401,0.11159701069481098,0.048615266923076925,0.0,0.0,0.0,0.0,0.0,0.0,0.0,0.0,0.0,0.0,0.0,0.0,0.0,0.0,0.0,0.0,0.0,0.0,0.0,0.0,0.0,0.0,0.0,0.0,0.0,0.0,0.0,0.0,0.0,0.0,0.0,0.0,0.0,0.0,0.0,0.0,0.0,0.0,0.0,0.0,0.0,0.0,0.0,0.0,0.0,0.013363871346953127,0.6414658246537501,0.1405225625,8
2024-08-30,0.09407316279069768,0.16040549711143978,43,-0.127071,0.672307,0.1583756511627907,6.810153,0.20499611627906977,0.1355562629092243,10,43,neutral,-0.0010280872093023363,0.14012869929868438,0.014898898413919958,0.09157604144305305,0.14605997244160993,47.666666666666664,0.14925713532349436,-0.030548277209302324,0.11267777437665637,0.15249032352791064,37.57142857142857,0.15886861079922046,-0.033282620993086084,0.0945055743335063,0.15204190912861287,33.714285714285715,0.1492004025127312,0.0044038446088794925,0.09785362679855496,0.15692651193099413,35.0,0.15942179098851392,-0.011309305294408697,50.0,0.0800515,0.00016168929033018772,0.4136672261205455,-0.21635414236182693,-0.010810448961526165,-0.010575625670840805,0.0,0.0,0.0,0.0,0.0,0.0,0.0,0.0,0.0,0.0,0.0,0.0,0.0,0.0,0.0,0.0,0.0,0.0,0.0,0.0,0.0,0.0,0.0,0.0,0.0,0.0,0.0,0.0,0.0,0.0,0.0,0.0,0.0,0.0,0.0,0.0,0.0,0.0,0.0,0.0,0.0,0.0,0.0,0.0,0.0,0.014898898413919958,0.6406526317985582,0.1583756511627907,10
2024-08-31,0.11353058333333332,0.17360904276168562,12,-0.226903,0.368773,0.11651058333333332,1.398127,0.16446258333333333,0.15552456216212182,3,12,neutral,0.019457420542635648,0.15864644985541676,0.013227514490340275,0.10090166537467697,0.1624405690675654,34.333333333333336,0.138469598998708,0.02797687179487178,0.10880756405919605,0.15505605213710935,36.714285714285715,0.15110919413255378,-0.027091472222222246,0.09789577671445869,0.14793874368498455,33.42857142857143,0.14481738614368359,0.047462833333333315,0.09900176052871369,0.1555401730666766,34.0,0.15712244059168856,0.0344440119047619,50.0,-0.0042421442841287516,-0.0026927961039847712,0.41288455468130597,-0.2158080171347086,0.20683285185091793,0.020485507751937984,0.0,0.0,0.0,0.0,0.0,0.0,0.0,0.0,0.0,0.0,0.0,0.0,0.0,0.0,0.0,0.0,0.0,0.0,0.0,0.0,0.0,0.0,0.0,0.0,0.0,0.0,0.0,0.0,0.0,0.0,0.0,0.0,0.0,0.0,0.0,0.0,0.0,0.0,0.0,0.0,0.0,0.0,0.0,0.0,0.0,0.013227514490340275,0.15873017388408328,0.11651058333333332,3
2024-09-01,0.1160855,0.1536055468259994,8,-0.211678,0.268563,0.13448925,1.075914,0.234232,0.07561849587803994,3,8,neutral,0.0025549166666666706,0.15307890138250296,0.015612251830875,0.10789641537467697,0.16254002889970828,21.0,0.13645849483204134,0.020984249999999982,0.10140190079388992,0.1468368694401581,35.857142857142854,0.14039359719377825,-0.05183964285714286,0.1020037231430301,0.1491745104973104,33.42857142857143,0.14823068078654072,0.05751124999999999,0.09970775685639732,0.15597106182261664,32.3,0.15614215231485237,0.021179889830508475,50.0,0.02133939583333333,0.0003866712286553552,0.41153954398277204,-0.21871665906775362,0.02250421509035383,-0.016902503875968977,0.0,0.0,0.0,0.0,0.0,0.0,0.0,0.0,0.0,0.0,0.0,0.0,0.0,0.0,0.0,0.0,0.0,0.0,0.0,0.0,0.0,0.0,0.0,0.0,0.0,0.0,0.0,0.0,0.0,0.0,0.0,0.0,0.0,0.0,0.0,0.0,0.0,0.0,0.0,0.0,0.0,0.0,0.0,0.0,0.0,0.015612251830875,0.124898014647,0.13448925,3
2024-09-02,0.13477208000000002,0.13747818811630932,25,-0.067614,0.489825,0.16557355999999998,4.139339,0.25182424000000003,0.08514627414841278,5,25,neutral,0.018686580000000022,0.155681088429001,0.0223146930742048,0.12146272111111107,0.15489759256799812,15.0,0.13885779777777776,0.04069891720930234,0.10910538966607038,0.1549022834599132,34.0,0.14949868847197376,0.05392442210526317,0.10621217003378643,0.14795893643005895,32.785714285714285,0.1491157607025071,0.05891825647058825,0.10238404841195287,0.15761160670723337,32.53333333333333,0.15584876172225978,0.08028874666666669,50.0,-0.03012366217948717,0.002063611260894073,0.40988647377597437,-0.21679492497860303,0.1609725590189992,0.01613166333333335,0.0,0.0,0.0,0.0,0.0,0.0,0.0,0.0,0.0,0.0,0.0,0.0,0.0,0.0,0.0,0.0,0.0,0.0,0.0,0.0,0.0,0.0,0.0,0.0,0.0,0.0,0.0,0.0,0.0,0.0,0.0,0.0,0.0,0.0,0.0,0.0,0.0,0.0,0.0,0.0,0.0,0.0,0.0,0.0,0.0,0.0223146930742048,0.55786732685512,0.16557355999999998,5
2024-09-03,0.1100206,0.1316324034175843,30,-0.171963,0.395179,0.1704386333333333,5.113159,0.21666966666666668,0.14335788886471207,7,30,neutral,-0.02475148000000002,0.15134613564660368,0.01875176070251333,0.12029272666666664,0.1409053794532977,21.0,0.15683381444444444,-0.0035099833333333275,0.10701955538035608,0.1477864426352012,31.142857142857142,0.14782620466244994,-0.014600840000000004,0.10848507598616737,0.14925025419020535,32.357142857142854,0.1525274468136182,0.031820683333333336,0.10143054341195286,0.15804811918292866,33.13333333333333,0.1561228606111487,-0.028605149999999996,50.0,0.08854381578947368,0.019989983800489098,0.3997888005811785,-0.20296467336275456,-0.18365435927085205,-0.04343806000000004,0.0,0.0,0.0,0.0,0.0,0.0,0.0,0.0,0.0,0.0,0.0,0.0,0.0,0.0,0.0,0.0,0.0,0.0,0.0,0.0,0.0,0.0,0.0,0.0,0.0,0.0,0.0,0.0,0.0,0.0,0.0,0.0,0.0,0.0,0.0,0.0,0.0,0.0,0.0,0.0,0.0,0.0,0.0,0.0,0.0,0.01875176070251333,0.5625528210754,0.1704386333333333,7
2024-09-04,0.05372597674418604,0.14246261547566125,43,-0.234201,0.443255,0.14365402325581395,6.177123,0.16712013953488372,0.11279991195065404,9,43,neutral,-0.056294623255813955,0.14775755931944795,0.007717952712650621,0.09950621891472865,0.13719106900318498,32.666666666666664,0.15988873886304908,-0.06235952325581395,0.102472736124031,0.15035720871975006,29.857142857142858,0.14708060908361018,-0.0318277347942755,0.10625763325360923,0.14936810969507527,32.57142857142857,0.15277335204617634,-0.031184198255813964,0.10083435332858295,0.1565818028866957,32.8,0.1542511091850846,-0.017885702501096973,50.0,-0.006558911988911981,0.01562925443553969,0.3951437650918423,-0.2010555551989997,-0.5116734798375391,-0.031543143255813935,0.0,0.0,0.0,0.0,0.0,0.0,0.0,0.0,0.0,0.0,0.0,0.0,0.0,0.0,0.0,0.0,0.0,0.0,0.0,0.0,0.0,0.0,0.0,0.0,0.0,0.0,0.0,0.0,0.0,0.0,0.0,0.0,0.0,0.0,0.0,0.0,0.0,0.0,0.0,0.0,0.0,0.0,0.0,0.0,0.0,0.007717952712650621,0.3318719666439767,0.14365402325581395,9
2024-09-05,0.08551252083333333,0.142114142366454,48,-0.334955,0.414388,0.12636422916666668,6.065483,0.2329006875,0.1267677938579972,7,48,neutral,0.03178654408914729,0.14145857924040164,0.010805723779202692,0.08308636585917308,0.13873638708656655,40.333333333333336,0.14681896191860463,-0.04925955916666669,0.10110291767165006,0.14875820515359053,29.857142857142858,0.14505799003599115,-0.009588729166666685,0.10926767609508793,0.1500149020596792,33.285714285714285,0.1518363195430435,0.042140599780701754,0.10036679360636075,0.15504182497351673,32.8,0.15178154251841794,-0.014026791666666663,50.0,-0.02389546732026146,0.013196266796780484,0.3977851317554244,-0.20411260159743036,0.5916419954633412,0.08808116734496124,0.0,0.0,0.0,0.0,0.0,0.0,0.0,0.0,0.0,0.0,0.0,0.0,0.0,0.0,0.0,0.0,0.0,0.0,0.0,0.0,0.0,0.0,0.0,0.0,0.0,0.0,0.0,0.0,0.0,0.0,0.0,0.0,0.0,0.0,0.0,0.0,0.0,0.0,0.0,0.0,0.0,0.0,0.0,0.0,0.0,0.010805723779202692,0.5186747414017292,0.12636422916666668,7
2024-09-06,0.08998990625,0.10496776168051185,32,-0.181462,0.295713,0.12273081250000001,3.9273860000000003,0.176325625,0.13574563806210166,8,32,neutral,0.004477385416666674,0.13173102221130414,0.01104453431086133,0.07640946794250641,0.12984817317420905,41.0,0.1309163549741602,-0.020030693749999995,0.10051959530869325,0.14083852866345797,28.285714285714285,0.13996587022702103,-0.0040832565406976745,0.1065986848426748,0.14666442609568428,32.92857142857143,0.14941724051312075,-0.03736587753378376,0.10154024005401033,0.15340821336446248,32.56666666666667,0.15044003199491368,0.035203393429487174,50.0,-0.052029097402597396,0.006833445753417068,0.38637267983872736,-0.1903079340557333,0.05235941325356608,-0.027309158672480613,0.0,0.0,0.0,0.0,0.0,0.0,0.0,0.0,0.0,0.0,0.0,0.0,0.0,0.0,0.0,0.0,0.0,0.0,0.0,0.0,0.0,0.0,0.0,0.0,0.0,0.0,0.0,0.0,0.0,0.0,0.0,0.0,0.0,0.0,0.0,0.0,0.0,0.0,0.0,0.0,0.0,0.0,0.0,0.0,0.0,0.01104453431086133,0.35342509794756255,0.12273081250000001,8
2024-09-07,0.1225359,0.12089596554839115,10,-0.133307,0.260709,0.1314828,1.314828,0.256757,0.15990681920488015,4,10,neutral,0.03254599375,0.12841457769772052,0.016111363232520003,0.09934610902777774,0.12265928986511902,30.0,0.12685928055555556,0.06880992325581396,0.10180606911821707,0.13330808906155875,28.0,0.14210475832225913,0.00900531666666668,0.10530681658870655,0.14418207059933405,32.357142857142854,0.14660697622740645,-0.018086155555555566,0.10122757882594015,0.1514026531749378,31.0,0.14905064345690197,-0.00937983684210525,50.0,0.07777436842105263,0.016762199652052542,0.3880298777482228,-0.18556896696522868,0.3616627142558002,0.028068608333333328,0.0,0.0,0.0,0.0,0.0,0.0,0.0,0.0,0.0,0.0,0.0,0.0,0.0,0.0,0.0,0.0,0.0,0.0,0.0,0.0,0.0,0.0,0.0,0.0,0.0,0.0,0.0,0.0,0.0,0.0,0.0,0.0,0.0,0.0,0.0,0.0,0.0,0.0,0.0,0.0,0.0,0.0,0.0,0.0,0.0,0.016111363232520003,0.16111363232520004,0.1314828,4
2024-09-08,0.07588283333333333,0.15378694612047084,12,-0.27881,0.296204,0.097373,1.168476,0.20413533333333334,0.1197773507147425,3,12,neutral,-0.04665306666666667,0.1328454862382978,0.007388939130166666,0.09613621319444439,0.12655022444979128,18.0,0.1171955375,-0.009629687499999998,0.09606283102297897,0.13333400324648323,28.571428571428573,0.1368024368936877,-0.040202666666666664,0.09873236590843446,0.14008543634332066,32.214285714285715,0.138598017043733,-0.09204230952380953,0.09973044421055553,0.15178230877984794,30.1,0.1473018545680131,-0.04491403846153845,50.0,0.007464001176470586,0.008696922004993722,0.387960400344683,-0.18549658858129675,-0.3807297834076926,-0.07919906041666668,0.0,0.0,0.0,0.0,0.0,0.0,0.0,0.0,0.0,0.0,0.0,0.0,0.0,0.0,0.0,0.0,0.0,0.0,0.0,0.0,0.0,0.0,0.0,0.0,0.0,0.0,0.0,0.0,0.0,0.0,0.0,0.0,0.0,0.0,0.0,0.0,0.0,0.0,0.0,0.0,0.0,0.0,0.0,0.0,0.0,0.007388939130166666,0.088667269562,0.097373,3
2024-09-09,0.08959366666666667,0.12376191947310235,33,-0.346355,0.340304,0.18407084848484848,6.074338,0.18509281818181816,0.13108900417689848,6,33,neutral,0.013710833333333339,0.12910534703778603,0.01649158224220202,0.0960041333333333,0.13281494371398814,18.333333333333332,0.13764221616161618,-0.00039623958333333265,0.0896087719753599,0.1313745362974537,29.714285714285715,0.1394449066772375,-0.04517841333333335,0.09935708082071514,0.14313840987868343,31.857142857142858,0.14447179757460563,0.008746008771929825,0.09882601349160128,0.1511473791399344,30.633333333333333,0.14862302598809626,-0.02713292156862744,50.0,-0.012858895748987867,0.007739505175564931,0.38955088431443974,-0.18594769755105353,0.18068425665005483,0.06036390000000001,0.0,0.0,0.0,0.0,0.0,0.0,0.0,0.0,0.0,0.0,0.0,0.0,0.0,0.0,0.0,0.0,0.0,0.0,0.0,0.0,0.0,0.0,0.0,0.0,0.0,0.0,0.0,0.0,0.0,0.0,0.0,0.0,0.0,0.0,0.0,0.0,0.0,0.0,0.0,0.0,0.0,0.0,0.0,0.0,0.0,0.01649158224220202,0.5442222139926667,0.18407084848484848,6
2024-09-10,0.13035695555555557,0.13605553115012792,45,-0.222778,0.609763,0.14171933333333334,6.37737,0.23126766666666668,0.13452395963730776,4,45,neutral,0.0407632888888889,0.12789362479452082,0.0184741008366963,0.09861115185185182,0.1378681322479004,30.0,0.14105439393939392,0.007821055555555567,0.09251396562615356,0.13200641168781704,31.857142857142858,0.13534214953438034,0.020336355555555574,0.09976676050325482,0.1398964271615091,31.5,0.14158417709841514,0.00573551555555557,0.0993080438283016,0.1496741293084895,31.4,0.14747549012951042,0.01446091010101011,50.0,-0.014016100000000004,0.003811116749639005,0.39134751261648204,-0.18319964779754028,0.45497958064992217,0.027052455555555563,0.0,0.0,0.0,0.0,0.0,0.0,0.0,0.0,0.0,0.0,0.0,0.0,0.0,0.0,0.0,0.0,0.0,0.0,0.0,0.0,0.0,0.0,0.0,0.0,0.0,0.0,0.0,0.0,0.0,0.0,0.0,0.0,0.0,0.0,0.0,0.0,0.0,0.0,0.0,0.0,0.0,0.0,0.0,0.0,0.0,0.0184741008366963,0.8313345376513335,0.14171933333333334,4
2024-09-11,0.10002402083333334,0.1474370401430675,48,-0.481403,0.430167,0.149316625,7.167198,0.204557,0.11968289276747739,8,48,neutral,-0.030332934722222232,0.13638748048703192,0.014935249209763022,0.10665821435185181,0.13575149692209929,42.0,0.1583689356060606,0.024141187500000008,0.09912797192460318,0.1327170437831608,32.57142857142857,0.13615109264069264,0.0462980440891473,0.10080035402431708,0.14153712625145543,31.214285714285715,0.14161585086215142,0.014470309294871794,0.09735477697888642,0.14972911762481028,31.733333333333334,0.14798799429617707,-0.05859800548245614,50.0,-0.0044038446088794925,0.006668874257484303,0.395617916693624,-0.18180484189661203,-0.23269134042713147,-0.07109622361111113,0.0,0.0,0.0,0.0,0.0,0.0,0.0,0.0,0.0,0.0,0.0,0.0,0.0,0.0,0.0,0.0,0.0,0.0,0.0,0.0,0.0,0.0,0.0,0.0,0.0,0.0,0.0,0.0,0.0,0.0,0.0,0.0,0.0,0.0,0.0,0.0,0.0,0.0,0.0,0.0,0.0,0.0,0.0,0.0,0.0,0.014935249209763022,0.716891962068625,0.149316625,8
2024-09-12,0.0726398679245283,0.14579268408455337,53,-0.295121,0.4816,0.18006283018867922,9.54333,0.1879162075471698,0.13516855049307291,10,53,neutral,-0.02738415290880504,0.14136682419426438,0.013079740203022425,0.10100694810447236,0.1430950851259163,48.666666666666664,0.15703292950733752,-0.01695379874213837,0.0972890215090596,0.13324254974288927,33.285714285714285,0.14382232135812298,-0.01287265290880503,0.09919596959035483,0.1410003774482399,31.571428571428573,0.1444401556970571,-0.022461382075471714,0.09537325787048835,0.14941046677442707,32.36666666666667,0.149678577851486,-0.05944557325194229,50.0,-0.047462833333333315,-0.008442975645049807,0.3922739467914726,-0.18393246358038612,-0.2737757658676243,0.0029487818134171923,0.0,0.0,0.0,0.0,0.0,0.0,0.0,0.0,0.0,0.0,0.0,0.0,0.0,0.0,0.0,0.0,0.0,0.0,0.0,0.0,0.0,0.0,0.0,0.0,0.0,0.0,0.0,0.0,0.0,0.0,0.0,0.0,0.0,0.0,0.0,0.0,0.0,0.0,0.0,0.0,0.0,0.0,0.0,0.0,0.0,0.013079740203022425,0.6932262307601885,0.18006283018867922,10
2024-09-13,0.10235316666666666,0.15981874002587163,36,-0.248785,0.465106,0.15701758333333332,5.652633,0.19160061111111112,0.12463521934790979,7,36,neutral,0.029713298742138364,0.14257318297534455,0.016071246876513887,0.09167235180817607,0.15101615475116417,45.666666666666664,0.16213234617400418,-0.02800378888888891,0.0990552015685834,0.1410784037922264,33.857142857142854,0.14872043147717062,0.01236326041666666,0.09978739843863833,0.1409584662278422,31.071428571428573,0.14434315085209584,0.008280003875968986,0.09636186956639477,0.1463620238595959,32.3,0.1478781797520708,0.029658350877192985,50.0,-0.05751124999999999,-0.014104346535170696,0.3907774820998858,-0.18626288777768824,0.4090494599055441,0.057097451650943404,0.0,0.0,0.0,0.0,0.0,0.0,0.0,0.0,0.0,0.0,0.0,0.0,0.0,0.0,0.0,0.0,0.0,0.0,0.0,0.0,0.0,0.0,0.0,0.0,0.0,0.0,0.0,0.0,0.0,0.0,0.0,0.0,0.0,0.0,0.0,0.0,0.0,0.0,0.0,0.0,0.0,0.0,0.0,0.0,0.0,0.016071246876513887,0.5785648875545,0.15701758333333332,7
2024-09-14,0.1544920714285714,0.1443250881029268,14,-0.222778,0.3658,0.12814899999999999,1.7940859999999998,0.23964564285714288,0.15594760678391917,2,14,bullish,0.05213890476190475,0.14668581670130945,0.019798004461499995,0.10982836867325542,0.14997883740445062,34.333333333333336,0.15507647117400417,0.05446805059523807,0.10362036891552218,0.14442542130001718,34.42857142857143,0.14824417433431347,0.031956171428571406,0.10271321901686961,0.13886675518078798,31.214285714285715,0.14517446632828632,0.040961488095238086,0.09880876694734715,0.1453317473383229,31.433333333333334,0.1473733597520708,0.0734069214285714,50.0,-0.05891825647058825,-0.017995767551873675,0.3834243547682841,-0.18025306758894372,0.5094019702556483,0.022425606019766384,0.0,0.0,0.0,0.0,0.0,0.0,0.0,0.0,0.0,0.0,0.0,0.0,0.0,0.0,0.0,0.0,0.0,0.0,0.0,0.0,0.0,0.0,0.0,0.0,0.0,0.0,0.0,0.0,0.0,0.0,0.0,0.0,0.0,0.0,0.0,0.0,0.0,0.0,0.0,0.0,0.0,0.0,0.0,0.0,0.0,0.019798004461499995,0.27717206246099996,0.12814899999999999,2
2024-09-15,0.0894047,0.10783403206785466,10,-0.146801,0.270836,0.103728,1.03728,0.23131050000000003,0.09005276865785108,2,10,neutral,-0.0650873714285714,0.1410415168848548,0.0092737707216,0.11541664603174599,0.1373259533988844,20.0,0.12963152777777778,0.016764832075471706,0.10555206415361743,0.1378607192925006,34.142857142857146,0.14915203147717063,0.013521866666666674,0.10080744758829818,0.13559736126949193,31.357142857142858,0.14297723418542915,-0.02668079999999999,0.09879994634128654,0.14513881250537172,31.033333333333335,0.14471622490358593,-0.00026461818181817975,50.0,-0.031820683333333336,-0.015750388210844332,0.38653358108253033,-0.18250658969266362,-0.421299105039602,-0.11722627619047615,0.0,0.0,0.0,0.0,0.0,0.0,0.0,0.0,0.0,0.0,0.0,0.0,0.0,0.0,0.0,0.0,0.0,0.0,0.0,0.0,0.0,0.0,0.0,0.0,0.0,0.0,0.0,0.0,0.0,0.0,0.0,0.0,0.0,0.0,0.0,0.0,0.0,0.0,0.0,0.0,0.0,0.0,0.0,0.0,0.0,0.0092737707216,0.09273770721600001,0.103728,2
2024-09-16,0.13607020588235294,0.18680403978562418,34,-0.225347,0.669849,0.21128532352941176,7.183701,0.2298000588235294,0.09836363086664279,7,34,neutral,0.04666550588235294,0.14891491681336613,0.02874963747256661,0.1266556591036414,0.14632105331880188,19.333333333333332,0.14772077450980392,0.03371703921568628,0.11219156975585833,0.14686673648000373,34.285714285714285,0.15303981362639396,0.04647653921568627,0.10090017086560911,0.1391206363887287,32.0,0.14624236015181571,0.001298125882352924,0.10113336153736498,0.14366383519914314,31.633333333333333,0.145829975271233,0.07000245588235293,50.0,0.031184198255813964,-0.02092707378475974,0.3876420944361536,-0.18247022645805158,0.5219580836617419,0.11175287731092434,0.0,0.0,0.0,0.0,0.0,0.0,0.0,0.0,0.0,0.0,0.0,0.0,0.0,0.0,0.0,0.0,0.0,0.0,0.0,0.0,0.0,0.0,0.0,0.0,0.0,0.0,0.0,0.0,0.0,0.0,0.0,0.0,0.0,0.0,0.0,0.0,0.0,0.0,0.0,0.0,0.0,0.0,0.0,0.0,0.0,0.02874963747256661,0.9774876740672647,0.21128532352941176,7
2024-09-17,0.15828767213114753,0.17149807050622284,61,-0.32469,0.648849,0.16670916393442622,10.169259,0.22330573770491804,0.10898074598920394,8,61,bullish,0.022217466248794587,0.15405599409770004,0.02638800548211018,0.12792085933783345,0.1553787141199006,35.0,0.160574162487946,0.0037956007025761185,0.11618167212380003,0.15192995638801726,36.57142857142857,0.15660978942655007,0.027930716575591957,0.1043478188749768,0.14196818403791717,34.214285714285715,0.1459759694804652,0.04826707213114753,0.1044571422750699,0.14483694383423595,33.4,0.14849684323571388,0.09971342213114753,50.0,-0.042140599780701754,-0.026438696113334447,0.3959818742280283,-0.18353661019065765,0.1632794343532038,-0.02444803963355835,0.0,0.0,0.0,0.0,0.0,0.0,0.0,0.0,0.0,0.0,0.0,0.0,0.0,0.0,0.0,0.0,0.0,0.0,0.0,0.0,0.0,0.0,0.0,0.0,0.0,0.0,0.0,0.0,0.0,0.0,0.0,0.0,0.0,0.0,0.0,0.0,0.0,0.0,0.0,0.0,0.0,0.0,0.0,0.0,0.0,0.02638800548211018,1.609668334408721,0.16670916393442622,8
2024-09-18,0.11904431914893616,0.1814381350014027,47,-0.260184,0.778051,0.18040651063829788,8.479106,0.19601417021276596,0.13630336539216947,7,47,neutral,-0.03924335298221136,0.15837987309280624,0.02147637022897148,0.13780073238747884,0.17991341509774994,47.333333333333336,0.18613366603404527,0.02963961914893616,0.11889885759745758,0.15678725565349375,36.42857142857143,0.16105120166059264,0.019020298315602827,0.10901341476103037,0.14475214971832726,34.5,0.14860114715064263,0.06531834240475012,0.10589682546238736,0.14573500749902174,33.833333333333336,0.14940431221777478,0.0431904956195244,50.0,0.03736587753378376,-0.020858165748582045,0.39999212445265825,-0.185152553500394,-0.2479242536948595,-0.06146081923100595,0.0,0.0,0.0,0.0,0.0,0.0,0.0,0.0,0.0,0.0,0.0,0.0,0.0,0.0,0.0,0.0,0.0,0.0,0.0,0.0,0.0,0.0,0.0,0.0,0.0,0.0,0.0,0.0,0.0,0.0,0.0,0.0,0.0,0.0,0.0,0.0,0.0,0.0,0.0,0.0,0.0,0.0,0.0,0.0,0.0,0.02147637022897148,1.0093894007616595,0.18040651063829788,7
2024-09-19,0.1285,0.15549471883230262,39,-0.296914,0.414154,0.14104346153846153,5.500695,0.22465369230769233,0.12021669640916943,7,39,neutral,0.009455680851063838,0.1606137992386814,0.018124084807692308,0.13527733042669451,0.16947697477997606,49.0,0.16271971203706187,-0.007570205882352937,0.1268788764653821,0.15817326061745793,34.42857142857143,0.15547700613913293,0.055860132075471705,0.11208394898722085,0.1457079051801736,33.857142857142854,0.14964966374862798,0.042987479166666676,0.10757349490683182,0.14713303296758068,33.93333333333333,0.15001659334313092,0.05030008333333334,50.0,0.018086155555555566,-0.017291248464631426,0.4012223884852097,-0.18294013381201518,0.07942992087874301,0.0486990338332752,0.0,0.0,0.0,0.0,0.0,0.0,0.0,0.0,0.0,0.0,0.0,0.0,0.0,0.0,0.0,0.0,0.0,0.0,0.0,0.0,0.0,0.0,0.0,0.0,0.0,0.0,0.0,0.0,0.0,0.0,0.0,0.0,0.0,0.0,0.0,0.0,0.0,0.0,0.0,0.0,0.0,0.0,0.0,0.0,0.0,0.018124084807692308,0.7068393075,0.14104346153846153,7
2024-09-20,0.17931820454545455,0.19149689365815997,44,-0.221477,0.734351,0.22451,9.87844,0.2427641818181818,0.1218709435017744,9,44,bullish,0.05081820454545455,0.1773463715567425,0.0402587301025,0.1422875078981302,0.1761432491639551,43.333333333333336,0.18198665739225314,0.021030532414307024,0.13787388187663754,0.16269871113635626,35.57142857142857,0.16511877994865679,0.07696503787878789,0.11846454172261045,0.15188855746429133,34.714285714285715,0.1569196057129137,0.08932829829545455,0.11072042922501364,0.14882250814260328,34.06666666666667,0.15282654834313092,0.09440802954545455,50.0,0.09204230952380953,-0.006575009116554866,0.40630055463546316,-0.18143953784105654,0.3954724089140431,0.04136252369439071,0.0,0.0,0.0,0.0,0.0,0.0,0.0,0.0,0.0,0.0,0.0,0.0,0.0,0.0,0.0,0.0,0.0,0.0,0.0,0.0,0.0,0.0,0.0,0.0,0.0,0.0,0.0,0.0,0.0,0.0,0.0,0.0,0.0,0.0,0.0,0.0,0.0,0.0,0.0,0.0,0.0,0.0,0.0,0.0,0.0,0.0402587301025,1.77138412451,0.22451,9
2024-09-21,0.1650957391304348,0.17807166843340388,23,-0.276216,0.505901,0.19905095652173915,4.578172,0.2148985652173913,0.11931910268794733,5,23,bullish,-0.014222465415019758,0.1755998972862984,0.03286246479157656,0.1576379812252964,0.17502109364128884,35.333333333333336,0.1882014726867335,0.04605141998149863,0.13938869154833228,0.16751965118356726,36.857142857142854,0.17524763088033377,0.010603667701863384,0.12150453023192723,0.15597253624179225,35.642857142857146,0.16174590260732363,0.04255983913043479,0.11477788982760707,0.15032292878165013,33.56666666666667,0.15481215742017132,0.12172381807780322,50.0,-0.008746008771929825,-0.0022731397208433676,0.4111976787527254,-0.18143563804527532,-0.07931411900465779,-0.0650406699604743,0.0,0.0,0.0,0.0,0.0,0.0,0.0,0.0,0.0,0.0,0.0,0.0,0.0,0.0,0.0,0.0,0.0,0.0,0.0,0.0,0.0,0.0,0.0,0.0,0.0,0.0,0.0,0.0,0.0,0.0,0.0,0.0,0.0,0.0,0.0,0.0,0.0,0.0,0.0,0.0,0.0,0.0,0.0,0.0,0.0,0.03286246479157656,0.755836690206261,0.19905095652173915,5
2024-09-22,0.12702319999999998,0.28306522440078485,10,-0.328064,0.513967,0.2889625,2.889625,0.2255268,0.1482868480178423,2,10,neutral,-0.03807253913043482,0.1979133280652108,0.03670494142999999,0.15714571455862975,0.21754459549744962,25.666666666666668,0.2375078188405797,-0.001476800000000028,0.1447627629769037,0.1925526786597002,36.857142857142854,0.2017097023089052,0.03761849999999997,0.12515741356526058,0.16520669897610035,35.5,0.17543086689303794,0.051140366666666645,0.11476680370148094,0.1546959554224616,32.666666666666664,0.15922431012287405,-0.0003325837837837853,50.0,-0.00573551555555557,0.003479719661872679,0.42536893838117296,-0.1963817856737229,-0.2306088535716564,-0.02385007371541506,0.0,0.0,0.0,0.0,0.0,0.0,0.0,0.0,0.0,0.0,0.0,0.0,0.0,0.0,0.0,0.0,0.0,0.0,0.0,0.0,0.0,0.0,0.0,0.0,0.0,0.0,0.0,0.0,0.0,0.0,0.0,0.0,0.0,0.0,0.0,0.0,0.0,0.0,0.0,0.0,0.0,0.0,0.0,0.0,0.0,0.03670494142999999,0.36704941429999993,0.2889625,2
2024-09-23,0.15296867272727274,0.22700648470718435,55,-0.614146,0.575798,0.22571112727272727,12.414112,0.24303721818181817,0.14598853288055946,10,55,bullish,0.025945472727272767,0.20702699800636712,0.034526731558685624,0.14836253728590246,0.22938112584712436,29.333333333333332,0.2379081945981555,-0.02634953181818181,0.1471768296690351,0.1982958850770659,39.857142857142854,0.20377053141509313,0.0168984668449198,0.1296841997124467,0.1725813107785348,37.07142857142857,0.17840517252074356,0.06337500606060607,0.11517835760720484,0.15707454016279124,33.9,0.1610537976986316,0.012346617171717172,50.0,-0.014470309294871794,0.008418380459174509,0.43705375014649656,-0.20377179016631924,0.20425774761833093,0.06401801185770759,0.0,0.0,0.0,0.0,0.0,0.0,0.0,0.0,0.0,0.0,0.0,0.0,0.0,0.0,0.0,0.0,0.0,0.0,0.0,0.0,0.0,0.0,0.0,0.0,0.0,0.0,0.0,0.0,0.0,0.0,0.0,0.0,0.0,0.0,0.0,0.0,0.0,0.0,0.0,0.0,0.0,0.0,0.0,0.0,0.0,0.034526731558685624,1.8989702357277094,0.22571112727272727,10
2024-09-24,0.140693175,0.1623980282498224,40,-0.120706,0.596616,0.1568419,6.273676,0.2475365,0.10784545433949594,6,40,neutral,-0.012275497727272738,0.20840765988987112,0.0220665848840325,0.14022834924242422,0.22415657911926387,35.0,0.22383850909090908,-0.02440256413043479,0.14466333007887117,0.19699587904043728,36.857142857142854,0.20236092228160368,-0.017594497131147524,0.1304225011013356,0.17446291771422726,36.714285714285715,0.1794853558540769,0.010336219444444433,0.1142706253453001,0.15544981358096338,34.766666666666666,0.159298580079584,-0.027231967857142853,50.0,0.022461382075471714,0.014449721060152847,0.44339565133670333,-0.20141697153094462,-0.08024844243212248,-0.038220970454545505,0.0,0.0,0.0,0.0,0.0,0.0,0.0,0.0,0.0,0.0,0.0,0.0,0.0,0.0,0.0,0.0,0.0,0.0,0.0,0.0,0.0,0.0,0.0,0.0,0.0,0.0,0.0,0.0,0.0,0.0,0.0,0.0,0.0,0.0,0.0,0.0,0.0,0.0,0.0,0.0,0.0,0.0,0.0,0.0,0.0,0.0220665848840325,0.8826633953613,0.1568419,6
2024-09-25,0.0933577619047619,0.208063100031159,42,-0.546906,0.622073,0.20623190476190476,8.66174,0.2123620952380952,0.18289808726143955,7,42,neutral,-0.0473354130952381,0.2117209011644709,0.019253349061927435,0.1290065365440115,0.19915587099605525,45.666666666666664,0.196261644011544,-0.03366543809523807,0.140993821901132,0.20079944547325956,36.142857142857146,0.20605026429926182,-0.025686557244174263,0.1299463397492948,0.17879335056337667,36.285714285714285,0.18355073297992724,-0.006666258928571436,0.11468762881230092,0.1596845739160679,34.9,0.16277837953655977,0.012510104010025058,50.0,-0.008280003875968986,0.010064809712176962,0.4503828091567453,-0.20761960524384365,-0.3364442738266309,-0.035059915367965364,0.0,0.0,0.0,0.0,0.0,0.0,0.0,0.0,0.0,0.0,0.0,0.0,0.0,0.0,0.0,0.0,0.0,0.0,0.0,0.0,0.0,0.0,0.0,0.0,0.0,0.0,0.0,0.0,0.0,0.0,0.0,0.0,0.0,0.0,0.0,0.0,0.0,0.0,0.0,0.0,0.0,0.0,0.0,0.0,0.0,0.019253349061927435,0.8086406606009523,0.20623190476190476,7
2024-09-26,0.111905675,0.0998854624520037,40,-0.222778,0.317709,0.12541855,5.016742,0.248834425,0.1278000813401867,5,40,neutral,0.018547913095238094,0.19608365996819085,0.014035047495271248,0.11531887063492059,0.15678219691099507,40.666666666666664,0.1628307849206349,-0.041062997727272746,0.13862320404398915,0.19285526599035974,36.285714285714285,0.2038181340794816,-0.016594325000000007,0.13275104025468562,0.17551426330390885,35.357142857142854,0.17964757010930726,0.0392658070754717,0.1142637699789676,0.15696597969144907,34.56666666666667,0.1608874638698931,-0.012715765000000004,50.0,-0.040961488095238086,0.010195822121672927,0.45097036767139453,-0.2060155868834929,0.1986756399983065,0.0658833261904762,0.0,0.0,0.0,0.0,0.0,0.0,0.0,0.0,0.0,0.0,0.0,0.0,0.0,0.0,0.0,0.0,0.0,0.0,0.0,0.0,0.0,0.0,0.0,0.0,0.0,0.0,0.0,0.0,0.0,0.0,0.0,0.0,0.0,0.0,0.0,0.0,0.0,0.0,0.0,0.0,0.0,0.0,0.0,0.0,0.0,0.014035047495271248,0.5614018998108499,0.12541855,5
2024-09-27,0.13558660606060605,0.10634371975872019,33,-0.030649,0.393584,0.1834649090909091,6.054342,0.22147336363636363,0.09772573233922904,6,33,neutral,0.02368093106060605,0.16073935903977793,0.024875384354853994,0.11361668098845595,0.13809742741396097,38.333333333333336,0.17170512128427126,-0.005106568939393957,0.13237583283186793,0.18069052686186834,34.714285714285715,0.1979545496638972,-0.043731598484848505,0.13512485735425273,0.1716946189991123,35.142857142857146,0.18153666480627698,0.033233439393939385,0.11593153312970575,0.15636186192061244,33.93333333333333,0.16204052109600034,0.0500328945221445,50.0,0.02668079999999999,0.00900859128458584,0.4501676783954577,-0.20390782700149546,0.21161510406515172,0.005133017965367956,0.0,0.0,0.0,0.0,0.0,0.0,0.0,0.0,0.0,0.0,0.0,0.0,0.0,0.0,0.0,0.0,0.0,0.0,0.0,0.0,0.0,0.0,0.0,0.0,0.0,0.0,0.0,0.0,0.0,0.0,0.0,0.0,0.0,0.0,0.0,0.0,0.0,0.0,0.0,0.0,0.0,0.0,0.0,0.0,0.0,0.024875384354853994,0.8208876837101818,0.1834649090909091,6
2024-09-28,0.09969481250000001,0.1257875106938781,16,-0.184694,0.432551,0.13778412499999998,2.2045459999999997,0.21806875,0.10470022900930065,2,16,neutral,-0.03589179356060604,0.14049556423711668,0.013736362507351562,0.11572903118686866,0.11067223096820068,29.666666666666668,0.14888919469696968,0.006337050595238106,0.12303284331323439,0.17322136147050754,33.714285714285715,0.18920214516079156,-0.06540092663043479,0.13121076743078333,0.1703705063270374,35.285714285714285,0.18222488802056272,-0.0547972589285714,0.11608465187970575,0.155444540032756,32.86666666666667,0.16194923984600032,0.004593562499999995,50.0,-0.001298125882352924,0.006854782235929342,0.44855833381113175,-0.19991728450050286,-0.264714890382039,-0.05957272462121209,0.0,0.0,0.0,0.0,0.0,0.0,0.0,0.0,0.0,0.0,0.0,0.0,0.0,0.0,0.0,0.0,0.0,0.0,0.0,0.0,0.0,0.0,0.0,0.0,0.0,0.0,0.0,0.0,0.0,0.0,0.0,0.0,0.0,0.0,0.0,0.0,0.0,0.0,0.0,0.0,0.0,0.0,0.0,0.0,0.0,0.013736362507351562,0.219781800117625,0.13778412499999998,2
2024-09-29,0.20008706666666667,0.16125369984214613,15,-0.027006,0.518845,0.2649516,3.974274,0.1974418666666667,0.12327177150036456,4,15,bullish,0.10039225416666667,0.14026669855558144,0.05301338845264,0.14512282840909088,0.13112831009824819,21.333333333333332,0.1954002113636363,0.08818139166666668,0.13347053855132962,0.15581971510498768,34.42857142857143,0.18577201658936301,0.0730638666666667,0.13911665076411667,0.1741861968823439,35.642857142857146,0.1937408594491341,0.11068236666666667,0.11961844867557138,0.1554728134571129,31.933333333333334,0.1655017714739073,0.106013903875969,50.0,-0.04826707213114753,-0.008735149059065885,0.4578321818480361,-0.19814179253740724,1.006995766872691,0.1362840477272727,0.0,0.0,0.0,0.0,0.0,0.0,0.0,0.0,0.0,0.0,0.0,0.0,0.0,0.0,0.0,0.0,0.0,0.0,0.0,0.0,0.0,0.0,0.0,0.0,0.0,0.0,0.0,0.0,0.0,0.0,0.0,0.0,0.0,0.0,0.0,0.0,0.0,0.0,0.0,0.0,0.0,0.0,0.0,0.0,0.0,0.05301338845264,0.7952008267896,0.2649516,4
2024-09-30,0.11849422222222222,0.12695565755301316,27,-0.091233,0.36547,0.13663951851851852,3.689267,0.2274207037037037,0.143534845616991,8,27,neutral,-0.08159284444444445,0.12404521005995225,0.016190993471670783,0.1394253671296296,0.13799895602967915,19.333333333333332,0.17979174783950613,-0.017092383838383823,0.12854561705060813,0.14152673979724897,30.428571428571427,0.17304750105304748,-0.03447445050505052,0.1378612233598216,0.1699113124371574,35.142857142857146,0.18840901623407033,-0.017575983660130717,0.11978390330520101,0.1539177006168238,32.43333333333333,0.16617273598008014,0.004963638888888899,50.0,-0.06531834240475012,-0.01502096390715703,0.45632905782165795,-0.19782494184436245,-0.40778669907922305,-0.18198509861111112,0.0,0.0,0.0,0.0,0.0,0.0,0.0,0.0,0.0,0.0,0.0,0.0,0.0,0.0,0.0,0.0,0.0,0.0,0.0,0.0,0.0,0.0,0.0,0.0,0.0,0.0,0.0,0.0,0.0,0.0,0.0,0.0,0.0,0.0,0.0,0.0,0.0,0.0,0.0,0.0,0.0,0.0,0.0,0.0,0.0,0.016190993471670783,0.43715682373511117,0.13663951851851852,8
2024-10-01,0.08965878571428572,0.1844240977952231,28,-0.409566,0.445029,0.11743582142857144,3.288203,0.2666974285714286,0.11093054646320073,5,28,neutral,-0.028835436507936504,0.14095293712859613,0.01052915314864541,0.13608002486772486,0.15754448506346083,23.333333333333332,0.17300897998236328,-0.010036026785714289,0.1212549900097918,0.14467332116087764,28.714285714285715,0.16741806125712907,-0.051034389285714285,0.13295916004433148,0.17083460010065746,32.785714285714285,0.1848894917693664,-0.06862888641686181,0.11890301282901053,0.15494498564913126,33.1,0.16560428836103253,-0.026426714285714276,50.0,-0.042987479166666676,-0.019160070975058265,0.45950950183092115,-0.2020419093655304,-0.24334888205653582,0.05275740793650795,0.0,0.0,0.0,0.0,0.0,0.0,0.0,0.0,0.0,0.0,0.0,0.0,0.0,0.0,0.0,0.0,0.0,0.0,0.0,0.0,0.0,0.0,0.0,0.0,0.0,0.0,0.0,0.0,0.0,0.0,0.0,0.0,0.0,0.0,0.0,0.0,0.0,0.0,0.0,0.0,0.0,0.0,0.0,0.0,0.0,0.01052915314864541,0.29481628816207145,0.11743582142857144,5
2024-10-02,0.12696796551724138,0.1260333391432835,29,-0.233496,0.334395,0.18490793103448275,5.36233,0.21083637931034482,0.1395378639505661,5,29,neutral,0.03730917980295566,0.1448908610055088,0.02347738381145065,0.11170699115124975,0.1458043648305066,28.0,0.14632775699385756,-0.0731191011494253,0.12605644766871743,0.13295478389118112,26.857142857142858,0.16437177929606883,0.033610203612479475,0.13352513478492473,0.16687711468222036,31.5,0.1852110217976653,0.007923646368305212,0.11864287567958524,0.15456349068336375,33.233333333333334,0.16624876739551528,-0.0078041144827586395,50.0,-0.08932829829545455,-0.02747762530845635,0.46024997221642977,-0.19734956999176773,0.41612408093333153,0.06614461631089216,0.0,0.0,0.0,0.0,0.0,0.0,0.0,0.0,0.0,0.0,0.0,0.0,0.0,0.0,0.0,0.0,0.0,0.0,0.0,0.0,0.0,0.0,0.0,0.0,0.0,0.0,0.0,0.0,0.0,0.0,0.0,0.0,0.0,0.0,0.0,0.0,0.0,0.0,0.0,0.0,0.0,0.0,0.0,0.0,0.0,0.02347738381145065,0.6808441305320688,0.18490793103448275,5
2024-10-03,0.17739015,0.1822066387280999,40,-0.103117,0.667852,0.22326345,8.930538,0.241422725,0.14541710935928281,7,40,bullish,0.05042218448275862,0.15617468661235315,0.0396047368850175,0.13133896707717566,0.16422135855553552,32.333333333333336,0.17520240082101804,0.05889592777777777,0.13541137266871742,0.14471495193062345,26.857142857142858,0.17834962215321168,0.065484475,0.13701728835635327,0.16878510896049156,31.571428571428573,0.19108387811634664,0.04889014999999999,0.12088852734625191,0.15624929852704758,33.56666666666667,0.16800959461773748,0.06736955,50.0,-0.04255983913043479,-0.034702205442445955,0.4662406112533193,-0.1958365106953239,0.3971252455479539,0.013113004679802961,0.0,0.0,0.0,0.0,0.0,0.0,0.0,0.0,0.0,0.0,0.0,0.0,0.0,0.0,0.0,0.0,0.0,0.0,0.0,0.0,0.0,0.0,0.0,0.0,0.0,0.0,0.0,0.0,0.0,0.0,0.0,0.0,0.0,0.0,0.0,0.0,0.0,0.0,0.0,0.0,0.0,0.0,0.0,0.0,0.0,0.0396047368850175,1.5841894754007,0.22326345,7
2024-10-04,0.1221805,0.17741542569362814,40,-0.407211,0.618885,0.202635775,8.105431,0.237123275,0.11131107137115441,6,40,neutral,-0.05520965,0.15940703178264956,0.0247581403073875,0.1421795385057471,0.16188513452167053,36.333333333333336,0.20360238534482755,0.03252171428571428,0.13349621466005943,0.1548680527784674,27.857142857142858,0.1810883172830818,-0.013406106060606049,0.13293602374596367,0.1677792898201679,31.285714285714285,0.18952143347348951,-0.057137704545454554,0.12317034478811237,0.15741439220097983,33.46666666666667,0.16997565300921036,0.06845452325581396,50.0,-0.051140366666666645,-0.039464467974745704,0.4679340664409608,-0.20076112302582258,-0.3112328954003365,-0.10563183448275862,0.0,0.0,0.0,0.0,0.0,0.0,0.0,0.0,0.0,0.0,0.0,0.0,0.0,0.0,0.0,0.0,0.0,0.0,0.0,0.0,0.0,0.0,0.0,0.0,0.0,0.0,0.0,0.0,0.0,0.0,0.0,0.0,0.0,0.0,0.0,0.0,0.0,0.0,0.0,0.0,0.0,0.0,0.0,0.0,0.0,0.0247581403073875,0.9903256122955,0.202635775,6
2024-10-05,0.08578742857142858,0.18031172402523465,7,-0.158648,0.378662,0.22657314285714286,1.586012,0.26871799999999996,0.12415051967672146,2,7,neutral,-0.036393071428571414,0.17007824507709385,0.019437127309061226,0.12845269285714284,0.17997792948232091,29.0,0.21749078928571428,-0.04118053694581279,0.13150944552740637,0.16265722611151837,26.571428571428573,0.19377246269124507,-0.013907383928571423,0.12727114442032036,0.16793929379101294,30.142857142857142,0.19148730392601832,-0.07930831055900621,0.12317950837938223,0.15868764492293916,32.1,0.17331595013222625,0.00027490773809525637,50.0,-0.06337500606060607,-0.04195485885978659,0.47500097206527025,-0.20818975579298912,-0.29786317316242295,0.018816578571428585,0.0,0.0,0.0,0.0,0.0,0.0,0.0,0.0,0.0,0.0,0.0,0.0,0.0,0.0,0.0,0.0,0.0,0.0,0.0,0.0,0.0,0.0,0.0,0.0,0.0,0.0,0.0,0.0,0.0,0.0,0.0,0.0,0.0,0.0,0.0,0.0,0.0,0.0,0.0,0.0,0.0,0.0,0.0,0.0,0.0,0.019437127309061226,0.1360598911634286,0.22657314285714286,2
2024-10-06,0.14710538461538464,0.14659918788402757,13,-0.089937,0.539029,0.14272753846153846,1.855458,0.22164876923076923,0.1314675202113649,2,13,neutral,0.061317956043956054,0.16251326309485475,0.02099598944059172,0.11835777106227104,0.16810877920096345,20.0,0.19064548543956042,-0.03028476538461536,0.12394063380579465,0.1605637244032157,26.285714285714285,0.17631188247146487,-0.052981682051282036,0.12870558617856215,0.1581917197541017,30.357142857142858,0.18104194953041391,0.020082184615384663,0.12508335765822837,0.160075359129723,31.466666666666665,0.1739825076642775,0.057115478365384637,50.0,-0.010336219444444433,-0.04606786102028041,0.47153224581176223,-0.20361751166617792,0.7147662200050828,0.09771102747252747,0.0,0.0,0.0,0.0,0.0,0.0,0.0,0.0,0.0,0.0,0.0,0.0,0.0,0.0,0.0,0.0,0.0,0.0,0.0,0.0,0.0,0.0,0.0,0.0,0.0,0.0,0.0,0.0,0.0,0.0,0.0,0.0,0.0,0.0,0.0,0.0,0.0,0.0,0.0,0.0,0.0,0.0,0.0,0.0,0.0,0.02099598944059172,0.27294786272769234,0.14272753846153846,2
2024-10-07,0.078145,0.17677897916667615,34,-0.293778,0.500342,0.1366075588235294,4.644657,0.2289289117647059,0.13923204229029074,3,34,neutral,-0.06896038461538463,0.17266239109953327,0.010675197684264707,0.10367927106227105,0.16789663035864613,18.0,0.16863608004740357,-0.04403549999999999,0.11817645920262003,0.16768134177659613,27.285714285714285,0.1763073168007521,-0.04034922222222222,0.12336103812661407,0.15460404078692255,28.857142857142858,0.17467740892689979,-0.07482367272727274,0.1236036609915617,0.16193812625033255,32.266666666666666,0.17415333295839516,-0.0443909,50.0,0.006666258928571436,-0.04518292937462215,0.46805320307125015,-0.20815273613878066,-0.4687821917306798,-0.13027834065934069,0.0,0.0,0.0,0.0,0.0,0.0,0.0,0.0,0.0,0.0,0.0,0.0,0.0,0.0,0.0,0.0,0.0,0.0,0.0,0.0,0.0,0.0,0.0,0.0,0.0,0.0,0.0,0.0,0.0,0.0,0.0,0.0,0.0,0.0,0.0,0.0,0.0,0.0,0.0,0.0,0.0,0.0,0.0,0.0,0.0,0.010675197684264707,0.362956721265,0.1366075588235294,3
2024-10-08,0.12435251111111112,0.14656348256388957,45,-0.373588,0.587771,0.19278808888888888,8.675464,0.21926902222222222,0.16523497721571173,6,45,neutral,0.04620751111111111,0.16553375986669122,0.02397368296564543,0.11653429857549857,0.1566472165381978,30.666666666666668,0.1573743953913189,0.038565082539682535,0.12313270568788082,0.16227268245783422,29.714285714285715,0.18707192643794032,0.0346937253968254,0.12219384784883632,0.1534730018093559,29.214285714285715,0.1772449938475347,-0.016340663888888884,0.12521931691748764,0.16169734413177983,33.36666666666667,0.17733383592135815,0.04846967777777779,50.0,-0.0392658070754717,-0.04418278881288039,0.4648311474256076,-0.20439986129692056,0.5913047682015626,0.11516789572649574,0.0,0.0,0.0,0.0,0.0,0.0,0.0,0.0,0.0,0.0,0.0,0.0,0.0,0.0,0.0,0.0,0.0,0.0,0.0,0.0,0.0,0.0,0.0,0.0,0.0,0.0,0.0,0.0,0.0,0.0,0.0,0.0,0.0,0.0,0.0,0.0,0.0,0.0,0.0,0.0,0.0,0.0,0.0,0.0,0.0,0.02397368296564543,1.0788157334540445,0.19278808888888888,6
2024-10-09,0.11483353488372093,0.17735256076303801,43,-0.557357,0.567936,0.13502974418604652,5.806279,0.21288667441860468,0.13972605380592834,9,43,neutral,-0.009518976227390188,0.16552118688057318,0.015505942839328286,0.10577701533161066,0.16689834083120125,40.666666666666664,0.1548084639661549,-0.03227184973166371,0.1213992155973779,0.16960399983208485,31.714285714285715,0.17994647117387802,-0.012134430633520446,0.12372783163304767,0.151279391861633,29.285714285714285,0.17215912523497343,0.02147577297895903,0.1260606458580561,0.16348369884144437,33.7,0.17569913244473143,0.025239868217054262,50.0,-0.033233439393939385,-0.04061779958945697,0.4663336083628672,-0.20726896874580805,-0.07654832332967376,-0.0557264873385013,0.0,0.0,0.0,0.0,0.0,0.0,0.0,0.0,0.0,0.0,0.0,0.0,0.0,0.0,0.0,0.0,0.0,0.0,0.0,0.0,0.0,0.0,0.0,0.0,0.0,0.0,0.0,0.0,0.0,0.0,0.0,0.0,0.0,0.0,0.0,0.0,0.0,0.0,0.0,0.0,0.0,0.0,0.0,0.0,0.0,0.015505942839328286,0.6667555420911163,0.13502974418604652,9
2024-10-10,0.13315159999999998,0.14482361272176789,40,-0.179408,0.678715,0.18190145,7.276058,0.22021692499999998,0.10556496701044961,7,40,neutral,0.01831806511627905,0.15842356461987983,0.024220469109819995,0.12411254866494399,0.15624655201623183,42.666666666666664,0.1699064276916451,0.055006599999999975,0.11507942274023504,0.164263567545466,31.714285714285715,0.1740376140310209,-0.044238550000000015,0.12524539770447624,0.1544892597380447,29.285714285714285,0.17619361809211626,0.021245924999999985,0.12615380067287094,0.1637759682271657,33.53333333333333,0.1770385363336203,0.0027946444444444107,50.0,0.0547972589285714,-0.029752828689986077,0.45935795004195523,-0.2049099708794416,0.15951842930575721,0.02783704134366924,0.0,0.0,0.0,0.0,0.0,0.0,0.0,0.0,0.0,0.0,0.0,0.0,0.0,0.0,0.0,0.0,0.0,0.0,0.0,0.0,0.0,0.0,0.0,0.0,0.0,0.0,0.0,0.0,0.0,0.0,0.0,0.0,0.0,0.0,0.0,0.0,0.0,0.0,0.0,0.0,0.0,0.0,0.0,0.0,0.0,0.024220469109819995,0.9688187643927998,0.18190145,7
2024-10-11,0.1224437142857143,0.15942549126867336,42,-0.126295,0.596616,0.18176004761904763,7.633922,0.2738145476190476,0.08546137854144992,7,42,neutral,-0.010707885714285686,0.160988825296809,0.022255375339224493,0.12347628305647838,0.16053388825115977,41.666666666666664,0.16623041393503138,-0.0019087968253968246,0.11511702478105136,0.1616935769133296,32.0,0.17105536726231338,0.00026321428571429717,0.12430661972055539,0.1582808148458985,29.928571428571427,0.1760718422726976,-0.013142891774891752,0.1269011237879503,0.1641755832646859,33.333333333333336,0.17811998375425522,0.022419693452380957,50.0,-0.11068236666666667,-0.032125502953454094,0.45536073108324615,-0.20517795440520456,-0.0804187536183244,-0.029025950830564737,0.0,0.0,0.0,0.0,0.0,0.0,0.0,0.0,0.0,0.0,0.0,0.0,0.0,0.0,0.0,0.0,0.0,0.0,0.0,0.0,0.0,0.0,0.0,0.0,0.0,0.0,0.0,0.0,0.0,0.0,0.0,0.0,0.0,0.0,0.0,0.0,0.0,0.0,0.0,0.0,0.0,0.0,0.0,0.0,0.0,0.022255375339224493,0.9347257642474287,0.18176004761904763,7
2024-10-12,0.06637477777777778,0.23253616040294559,9,-0.525913,0.273076,0.20678588888888888,1.861073,0.17614977777777777,0.21399059430719014,2,9,neutral,-0.05606893650793651,0.1721402615440629,0.013725367422580247,0.107323364021164,0.17892842146446228,30.333333333333332,0.19014912883597881,-0.04845875710594315,0.11234378895338695,0.16915421068157402,32.285714285714285,0.16822861669541997,-0.0194126507936508,0.12192661724039666,0.1659057183965462,29.428571428571427,0.18100053969333252,-0.033320034722222225,0.12669228744972527,0.16706703247529894,31.866666666666667,0.17901075237759556,-0.0062650901467505155,50.0,0.017575983660130717,-0.025443744865613478,0.4472754035723511,-0.2031574691165317,-0.45791600520303855,-0.045361050793650826,0.0,0.0,0.0,0.0,0.0,0.0,0.0,0.0,0.0,0.0,0.0,0.0,0.0,0.0,0.0,0.0,0.0,0.0,0.0,0.0,0.0,0.0,0.0,0.0,0.0,0.0,0.0,0.0,0.0,0.0,0.0,0.0,0.0,0.0,0.0,0.0,0.0,0.0,0.0,0.0,0.0,0.0,0.0,0.0,0.0,0.013725367422580247,0.12352830680322223,0.20678588888888888,2
2024-10-13,0.1006558125,0.16838224909026436,16,-0.334331,0.375828,0.116711625,1.867386,0.201129125,0.11245322814448977,4,16,neutral,0.034281034722222214,0.17650401484933784,0.011747703442570312,0.09649143485449733,0.1867813002539611,22.333333333333332,0.16841918716931215,-0.032495787499999984,0.1057081357940463,0.17226607656817924,32.714285714285715,0.1645120576294859,-0.04644957211538464,0.11482438479992048,0.1664149004856975,29.5,0.17041197005047537,-0.09943125416666668,0.12663570897750304,0.16735248277744538,31.2,0.1776672204331511,-0.0016973541666666647,50.0,0.06862888641686181,-0.012136050078554762,0.4387973369992955,-0.19991068856620337,0.5164768285476578,0.09034997123015873,0.0,0.0,0.0,0.0,0.0,0.0,0.0,0.0,0.0,0.0,0.0,0.0,0.0,0.0,0.0,0.0,0.0,0.0,0.0,0.0,0.0,0.0,0.0,0.0,0.0,0.0,0.0,0.0,0.0,0.0,0.0,0.0,0.0,0.0,0.0,0.0,0.0,0.0,0.0,0.0,0.0,0.0,0.0,0.0,0.0,0.011747703442570312,0.187963255081125,0.116711625,4
2024-10-14,0.17836223333333334,0.1525493409327377,30,0.0,0.575798,0.20242996666666666,6.072899,0.2493311666666667,0.10296443407516764,8,30,bullish,0.07770642083333335,0.17154337088327778,0.03610586094825889,0.1151309412037037,0.18448925014198259,18.333333333333332,0.17530916018518516,0.05591851904761905,0.12002488341309392,0.16880469967761666,32.142857142857146,0.1739152587499341,0.10021723333333334,0.11910067130785698,0.16824302072710637,29.714285714285715,0.1751112877753431,0.05986801111111112,0.1274313810409951,0.16762662453843907,31.733333333333334,0.18014325265537331,0.023870161904761933,50.0,-0.007923646368305212,-0.0059747878905213325,0.4396959211842537,-0.19704236691782825,0.77200132712985,0.04342538611111113,0.0,0.0,0.0,0.0,0.0,0.0,0.0,0.0,0.0,0.0,0.0,0.0,0.0,0.0,0.0,0.0,0.0,0.0,0.0,0.0,0.0,0.0,0.0,0.0,0.0,0.0,0.0,0.0,0.0,0.0,0.0,0.0,0.0,0.0,0.0,0.0,0.0,0.0,0.0,0.0,0.0,0.0,0.0,0.0,0.0,0.03610586094825889,1.0831758284477668,0.20242996666666666,8
2024-10-15,0.0859222,0.15870761478398102,40,-0.314447,0.5505,0.1877933,7.511732,0.18266549999999998,0.1596878606781014,8,40,neutral,-0.09244003333333334,0.1743201712957204,0.01613561348126,0.12164674861111109,0.15987973493566104,28.666666666666668,0.1689782972222222,0.01954742222222222,0.11453483896864948,0.17053957570905828,31.428571428571427,0.1732017174800928,-0.038430311111111115,0.11883377232826516,0.16640612908344624,30.571428571428573,0.18013682195901656,-0.0037365857142857145,0.12731529770766178,0.16932241062897663,32.733333333333334,0.18294542932204,-0.0034824999999999995,50.0,-0.04889014999999999,-0.010258557952249728,0.4343885945642978,-0.19247859648834853,-0.51827133808409,-0.17014645416666668,0.0,0.0,0.0,0.0,0.0,0.0,0.0,0.0,0.0,0.0,0.0,0.0,0.0,0.0,0.0,0.0,0.0,0.0,0.0,0.0,0.0,0.0,0.0,0.0,0.0,0.0,0.0,0.0,0.0,0.0,0.0,0.0,0.0,0.0,0.0,0.0,0.0,0.0,0.0,0.0,0.0,0.0,0.0,0.0,0.0,0.01613561348126,0.6454245392504,0.1877933,8
2024-10-16,0.13787509090909092,0.1537610536491405,44,-0.198455,0.5505,0.13917463636363636,6.123684,0.24224034090909088,0.10070164649214984,6,44,neutral,0.051952890909090915,0.17318728377181386,0.019188715640876035,0.13405317474747472,0.1550060031219531,38.0,0.17646596767676767,0.03721927840909092,0.11782648982941661,0.16716936040707292,31.571428571428573,0.17379384493403421,0.02304155602536999,0.11961285271339726,0.16838668011957889,31.642857142857142,0.17687015805395614,0.010907125391849543,0.12737546054188637,0.1682209777577605,33.06666666666667,0.18054173974984747,0.001804885026737979,50.0,0.057137704545454554,-0.004650619550373826,0.441074624479466,-0.19656768481260767,0.6046503803334984,0.14439292424242425,0.0,0.0,0.0,0.0,0.0,0.0,0.0,0.0,0.0,0.0,0.0,0.0,0.0,0.0,0.0,0.0,0.0,0.0,0.0,0.0,0.0,0.0,0.0,0.0,0.0,0.0,0.0,0.0,0.0,0.0,0.0,0.0,0.0,0.0,0.0,0.0,0.0,0.0,0.0,0.0,0.0,0.0,0.0,0.0,0.0,0.019188715640876035,0.8443034881985455,0.13917463636363636,6
2024-10-17,0.12063,0.13106802296233744,44,-0.236822,0.5505,0.16142568181818182,7.10273,0.23167904545454546,0.08668957082976618,5,44,neutral,-0.017245090909090918,0.15289365628369217,0.01947277999772727,0.11480909696969695,0.14784556379848635,42.666666666666664,0.16279787272727272,-0.05773223333333334,0.11603768982941663,0.16520427615572572,32.142857142857146,0.1708687351937745,-0.01252159999999998,0.11555855628482584,0.16473392185059585,31.928571428571427,0.17245317461239767,-0.056760149999999995,0.12612020480418146,0.16687330950629767,32.5,0.180365623679306,-0.03765767213114753,50.0,0.07930831055900621,0.008524282409012608,0.4427992244967975,-0.1997879454359997,-0.12507763944439831,-0.06919798181818183,0.0,0.0,0.0,0.0,0.0,0.0,0.0,0.0,0.0,0.0,0.0,0.0,0.0,0.0,0.0,0.0,0.0,0.0,0.0,0.0,0.0,0.0,0.0,0.0,0.0,0.0,0.0,0.0,0.0,0.0,0.0,0.0,0.0,0.0,0.0,0.0,0.0,0.0,0.0,0.0,0.0,0.0,0.0,0.0,0.0,0.01947277999772727,0.8568023198999999,0.16142568181818182,5
2024-10-18,0.1420775641025641,0.14406531319742935,39,-0.029554,0.5505,0.15638628205128205,6.0990649999999995,0.24165053846153847,0.10986010408286152,6,39,neutral,0.021447564102564112,0.1480302691051252,0.022218982012902698,0.13352755167055166,0.14296479660296912,42.333333333333336,0.15232886674436671,0.05615536410256411,0.11884252551753802,0.16300996500269085,31.714285714285715,0.16724391154123652,0.01963384981684982,0.1169797751492947,0.1623517709580102,31.857142857142858,0.16914963940177494,0.019897064102564116,0.12688797963596907,0.16562754877949853,32.233333333333334,0.17956494939307216,0.02303324495362795,50.0,-0.020082184615384663,0.009985532939963133,0.4467461423272808,-0.19949658810622664,0.17779627043491764,0.03869265501165503,0.0,0.0,0.0,0.0,0.0,0.0,0.0,0.0,0.0,0.0,0.0,0.0,0.0,0.0,0.0,0.0,0.0,0.0,0.0,0.0,0.0,0.0,0.0,0.0,0.0,0.0,0.0,0.0,0.0,0.0,0.0,0.0,0.0,0.0,0.0,0.0,0.0,0.0,0.0,0.0,0.0,0.0,0.0,0.0,0.0,0.022218982012902698,0.8665402985032052,0.15638628205128205,6
2024-10-19,0.1773174375,0.14983644218857162,16,-0.005767,0.591437,0.159569,2.553104,0.225750625,0.1049863495189573,4,16,bullish,0.035239873397435895,0.147487689356292,0.028294366184437498,0.146675000534188,0.1416565927827795,33.0,0.15912698795648794,0.03944234659090909,0.1346914769064269,0.15119571954349456,32.714285714285715,0.1604986416999667,0.11094265972222223,0.12351763292990693,0.1601749651125343,32.5,0.16436362919769332,0.09153000892857142,0.12851522755263572,0.16543893955804084,31.466666666666665,0.18018246734179008,0.048817437500000005,50.0,0.07482367272727274,0.012210690028707725,0.44446593510359,-0.19949334379920247,0.24803264062154562,0.013792309294871782,0.0,0.0,0.0,0.0,0.0,0.0,0.0,0.0,0.0,0.0,0.0,0.0,0.0,0.0,0.0,0.0,0.0,0.0,0.0,0.0,0.0,0.0,0.0,0.0,0.0,0.0,0.0,0.0,0.0,0.0,0.0,0.0,0.0,0.0,0.0,0.0,0.0,0.0,0.0,0.0,0.0,0.0,0.0,0.0,0.0,0.028294366184437498,0.45270985895099997,0.159569,4
2024-10-20,0.10384642105263157,0.09432235578254193,19,-0.114445,0.315739,0.10311094736842105,1.959108,0.25026073684210526,0.08215025594187633,2,19,neutral,-0.07347101644736843,0.13461063755600416,0.010707702855556786,0.14108047421839856,0.12940803705618098,24.666666666666668,0.139688743139901,-0.016783578947368427,0.1351472781282314,0.1406157347852485,33.142857142857146,0.15855568775259826,0.003190608552631577,0.12042770696113884,0.1564409056767139,32.92857142857143,0.16153387269104208,-0.043258963562753064,0.12599950143620828,0.16219978829552023,30.633333333333333,0.17613583225407078,-0.07547178349282298,50.0,0.016340663888888884,0.02632436009043612,0.44047021486806337,-0.19696240368063492,-0.41434738446052966,-0.10871088984480433,0.0,0.0,0.0,0.0,0.0,0.0,0.0,0.0,0.0,0.0,0.0,0.0,0.0,0.0,0.0,0.0,0.0,0.0,0.0,0.0,0.0,0.0,0.0,0.0,0.0,0.0,0.0,0.0,0.0,0.0,0.0,0.0,0.0,0.0,0.0,0.0,0.0,0.0,0.0,0.0,0.0,0.0,0.0,0.0,0.0,0.010707702855556786,0.20344635425557894,0.10311094736842105,2
2024-10-21,0.11807596875,0.13188502913363453,32,-0.163554,0.5505,0.16553771875,5.297207,0.24560203125,0.13203137876778223,6,32,neutral,0.014229547697368422,0.13023543265290297,0.01954602650607129,0.1330799424342105,0.1253479423682494,22.333333333333332,0.14273922203947367,-0.024001595352564117,0.12653495461632666,0.13766369024251948,33.42857142857143,0.15328536662164588,-0.060286264583333346,0.12327991901471029,0.15323419496006804,32.785714285714285,0.16360031268578998,0.03993096874999999,0.12443217575686047,0.1606602336521946,30.933333333333334,0.17501872432834617,-0.0470197703804348,50.0,-0.02147577297895903,0.02198527601942615,0.4366371671536902,-0.19028763766269036,0.13702492154406154,0.08770056414473686,0.0,0.0,0.0,0.0,0.0,0.0,0.0,0.0,0.0,0.0,0.0,0.0,0.0,0.0,0.0,0.0,0.0,0.0,0.0,0.0,0.0,0.0,0.0,0.0,0.0,0.0,0.0,0.0,0.0,0.0,0.0,0.0,0.0,0.0,0.0,0.0,0.0,0.0,0.0,0.0,0.0,0.0,0.0,0.0,0.0,0.01954602650607129,0.6254728481942813,0.16553771875,6
2024-10-22,0.1366385777777778,0.14726576771736824,45,-0.170728,0.5505,0.1928007111111111,8.676032,0.2079678222222222,0.12846388267600722,7,45,neutral,0.0185626090277778,0.1334749816039091,0.026344014960766424,0.11952032252680311,0.12449105087784824,32.0,0.15381645907651068,-0.04067885972222221,0.13378015144172348,0.13602914066157482,34.142857142857146,0.15400071106609034,0.050716377777777794,0.12415749520518647,0.15328435818531655,32.785714285714285,0.1636012142730916,0.012286066666666678,0.12475268834945305,0.1561335850960807,32.1,0.17181333136538318,0.009615377777777823,50.0,-0.021245924999999985,0.01199918586199706,0.4392439406241255,-0.191927349907072,0.15720903435550082,0.00433306133040938,0.0,0.0,0.0,0.0,0.0,0.0,0.0,0.0,0.0,0.0,0.0,0.0,0.0,0.0,0.0,0.0,0.0,0.0,0.0,0.0,0.0,0.0,0.0,0.0,0.0,0.0,0.0,0.0,0.0,0.0,0.0,0.0,0.0,0.0,0.0,0.0,0.0,0.0,0.0,0.0,0.0,0.0,0.0,0.0,0.0,0.026344014960766424,1.1854806732344891,0.1928007111111111,7
2024-10-23,0.11771026829268291,0.18336564652546353,41,-0.360672,0.832012,0.16466165853658535,6.751128,0.19755792682926832,0.13026754173975766,7,41,neutral,-0.018928309485094885,0.14133504826951598,0.019382368003859604,0.12414160494015354,0.15417214779215546,39.333333333333336,0.17433336279923214,0.013863847240051339,0.13089946249652235,0.14025836821533524,33.714285714285715,0.1576417142336545,-0.020164822616408007,0.12436297616296947,0.15371386431120407,32.642857142857146,0.16571777958384434,0.0028767334089619817,0.1235774082016334,0.15467889049002334,31.633333333333333,0.16977834907417846,-0.03525840443458983,50.0,0.013142891774891752,0.014339912322352278,0.436375847318496,-0.19502724477217423,-0.1385282970075914,-0.03749091851287269,0.0,0.0,0.0,0.0,0.0,0.0,0.0,0.0,0.0,0.0,0.0,0.0,0.0,0.0,0.0,0.0,0.0,0.0,0.0,0.0,0.0,0.0,0.0,0.0,0.0,0.0,0.0,0.0,0.0,0.0,0.0,0.0,0.0,0.0,0.0,0.0,0.0,0.0,0.0,0.0,0.0,0.0,0.0,0.0,0.0,0.019382368003859604,0.7946770881582438,0.16466165853658535,7
2024-10-24,0.09942362790697676,0.1370049312803885,43,-0.297686,0.5505,0.15259727906976744,6.561683,0.23359937209302323,0.10531563467908386,9,43,neutral,-0.018286640385706154,0.13876874608787934,0.01517177509384965,0.11792415799247913,0.15587878184107343,43.0,0.17001988290582126,-0.018652340843023238,0.1278699807689476,0.14110649797505684,33.57142857142857,0.15638051384102386,-0.021206372093023243,0.12195383529918212,0.15315538706539125,32.857142857142854,0.16362462451739918,-0.03372797209302322,0.12220175663186597,0.15383245392437553,31.733333333333334,0.16963686170983738,-0.041269547093023246,50.0,0.033320034722222225,0.02347437729148808,0.4311969542725209,-0.19212403893550142,-0.15535297515622848,0.0006416690993887308,0.0,0.0,0.0,0.0,0.0,0.0,0.0,0.0,0.0,0.0,0.0,0.0,0.0,0.0,0.0,0.0,0.0,0.0,0.0,0.0,0.0,0.0,0.0,0.0,0.0,0.0,0.0,0.0,0.0,0.0,0.0,0.0,0.0,0.0,0.0,0.0,0.0,0.0,0.0,0.0,0.0,0.0,0.0,0.0,0.0,0.01517177509384965,0.652386329035535,0.15259727906976744,9
2024-10-25,0.13277209433962264,0.16298602513633162,53,-0.297014,0.5505,0.20700877358490566,10.971465,0.23701341509433962,0.11068151335935324,7,53,neutral,0.033348466432645885,0.15250147995863728,0.027484988415544677,0.11663533017976076,0.16111886764739455,45.666666666666664,0.17475590373041947,-0.003866483438155155,0.12654062794567025,0.1438094568234714,35.57142857142857,0.16361229834582725,-0.00930546976294147,0.12269157673160414,0.15340971091308114,33.642857142857146,0.1654281049435319,0.010328380053908348,0.12351556771302798,0.15232988476121462,32.1,0.16966275733727074,0.03941433243486074,50.0,0.09943125416666668,0.028173660582733875,0.4318136176720403,-0.18804223575820145,0.3354179196100906,0.05163510681835204,0.0,0.0,0.0,0.0,0.0,0.0,0.0,0.0,0.0,0.0,0.0,0.0,0.0,0.0,0.0,0.0,0.0,0.0,0.0,0.0,0.0,0.0,0.0,0.0,0.0,0.0,0.0,0.0,0.0,0.0,0.0,0.0,0.0,0.0,0.0,0.0,0.0,0.0,0.0,0.0,0.0,0.0,0.0,0.0,0.0,0.027484988415544677,1.456704386023868,0.20700877358490566,7
2024-10-26,0.141328,0.11890248922226146,9,0.0,0.332986,0.1710321111111111,1.539289,0.22713077777777776,0.19774248307570239,4,9,neutral,0.008555905660377366,0.14990497197636268,0.02417162619911111,0.12450790741553312,0.1396311485463272,35.0,0.17687938792192806,0.023617731707317097,0.12139927973138454,0.1393903206854271,34.57142857142857,0.16524988564741452,-0.0359894375,0.12804537831890572,0.14529302011446085,33.642857142857146,0.1628742636736906,0.07495322222222223,0.12449631187969465,0.15296378565355656,31.066666666666666,0.17118320937430775,0.029422325000000013,50.0,-0.05986801111111112,0.012709624841609722,0.4287550785750945,-0.18556143512279405,0.06444054153798229,-0.024792560772268518,0.0,0.0,0.0,0.0,0.0,0.0,0.0,0.0,0.0,0.0,0.0,0.0,0.0,0.0,0.0,0.0,0.0,0.0,0.0,0.0,0.0,0.0,0.0,0.0,0.0,0.0,0.0,0.0,0.0,0.0,0.0,0.0,0.0,0.0,0.0,0.0,0.0,0.0,0.0,0.0,0.0,0.0,0.0,0.0,0.0,0.02417162619911111,0.217544635792,0.1710321111111111,4
2024-10-27,0.1154935,0.1343115710756151,16,-0.156718,0.291041,0.12656381249999998,2.0250209999999997,0.1904106875,0.11697502097440504,2,16,neutral,-0.02583450000000001,0.14731413264801202,0.014617297678968747,0.12986453144654087,0.13873336181140272,26.0,0.1682015657320056,0.01606987209302324,0.12306314815243716,0.1451030657272947,34.142857142857146,0.1686002949519258,0.011647078947368425,0.12910521314033427,0.1428594002562716,33.642857142857146,0.16357799135226206,0.014837687500000002,0.12382654167767444,0.15389604736411974,30.5,0.1692865061546108,-0.020093106060606047,50.0,0.0037365857142857145,0.015356154878239762,0.4263757627659883,-0.1794472693136879,-0.18279817162911816,-0.03439040566037738,0.0,0.0,0.0,0.0,0.0,0.0,0.0,0.0,0.0,0.0,0.0,0.0,0.0,0.0,0.0,0.0,0.0,0.0,0.0,0.0,0.0,0.0,0.0,0.0,0.0,0.0,0.0,0.0,0.0,0.0,0.0,0.0,0.0,0.0,0.0,0.0,0.0,0.0,0.0,0.0,0.0,0.0,0.0,0.0,0.0,0.014617297678968747,0.23387676286349995,0.12656381249999998,2
2024-10-28,0.1348999298245614,0.1849804288436308,57,-0.392195,0.674361,0.21849980701754387,12.454489,0.20532691228070174,0.14183378494225465,10,57,neutral,0.019406429824561394,0.14763708911164547,0.029475608633346875,0.13057380994152046,0.1460648297138358,27.333333333333332,0.17203191020955164,0.0021278354849387504,0.1254665711630888,0.15268812282872274,37.714285714285715,0.17616630756157492,0.016823961074561397,0.1260007628897077,0.1451759065356211,35.57142857142857,0.16472583709161043,-0.04346230350877195,0.12500004558849315,0.15586914463577814,31.866666666666667,0.17197702888852895,0.035205117324561386,50.0,-0.010907125391849543,0.0058305106427817355,0.43074482832963495,-0.18276159300598954,0.16803049370364032,0.045240929824561404,0.0,0.0,0.0,0.0,0.0,0.0,0.0,0.0,0.0,0.0,0.0,0.0,0.0,0.0,0.0,0.0,0.0,0.0,0.0,0.0,0.0,0.0,0.0,0.0,0.0,0.0,0.0,0.0,0.0,0.0,0.0,0.0,0.0,0.0,0.0,0.0,0.0,0.0,0.0,0.0,0.0,0.0,0.0,0.0,0.0,0.029475608633346875,1.6801096921007719,0.21849980701754387,10
2024-10-29,0.09819622807017543,0.14430247179622607,57,-0.241413,0.424909,0.16632359649122808,9.480445,0.22971305263157893,0.1372034422310561,8,57,neutral,-0.03670370175438596,0.149096597214813,0.016332349814504463,0.11619655263157892,0.154531490571824,43.333333333333336,0.1704624053362573,-0.04313177192982458,0.1199748069191456,0.15226479483998817,39.42857142857143,0.17238386261587738,-0.038442349707602366,0.12687747918043454,0.14414696775078145,36.785714285714285,0.16319228684098386,0.012274028070175427,0.12160368430194345,0.15530410370091413,33.266666666666666,0.16868942877156987,-0.10189083859649124,50.0,0.056760149999999995,0.010321564655127414,0.42660795409227653,-0.18028844944998562,-0.27208095513555464,-0.056110131578947356,0.0,0.0,0.0,0.0,0.0,0.0,0.0,0.0,0.0,0.0,0.0,0.0,0.0,0.0,0.0,0.0,0.0,0.0,0.0,0.0,0.0,0.0,0.0,0.0,0.0,0.0,0.0,0.0,0.0,0.0,0.0,0.0,0.0,0.0,0.0,0.0,0.0,0.0,0.0,0.0,0.0,0.0,0.0,0.0,0.0,0.016332349814504463,0.9309439394267545,0.16632359649122808,8
2024-10-30,0.0682570612244898,0.11962124026927104,49,-0.243641,0.344612,0.14376634693877552,7.044551,0.21169279591836734,0.11214538603303814,6,49,neutral,-0.029939166845685636,0.14042364024140092,0.009813068345021242,0.1004510730397422,0.14963471363637598,54.333333333333336,0.1761965834825158,-0.0472364387755102,0.11291006305226085,0.1431584510891035,40.57142857142857,0.16939881810190455,-0.04945320706819312,0.12190476277439159,0.14170840965221937,37.142857142857146,0.16352026616777948,-0.06961802968460112,0.11992911226868569,0.15505962312478944,34.0,0.16892698971891176,-0.05023716099773243,50.0,-0.019897064102564116,0.010496976752504626,0.4208429899082513,-0.18101293914351146,-0.3048912105288786,0.006764534908700326,0.0,0.0,0.0,0.0,0.0,0.0,0.0,0.0,0.0,0.0,0.0,0.0,0.0,0.0,0.0,0.0,0.0,0.0,0.0,0.0,0.0,0.0,0.0,0.0,0.0,0.0,0.0,0.0,0.0,0.0,0.0,0.0,0.0,0.0,0.0,0.0,0.0,0.0,0.0,0.0,0.0,0.0,0.0,0.0,0.0,0.009813068345021242,0.4808403489060409,0.14376634693877552,6
2024-10-31,0.1550155,0.18146970936530227,56,-0.148909,0.619513,0.24021076785714285,13.451803,0.21945928571428572,0.1258555984843112,10,56,bullish,0.0867584387755102,0.15293708427000904,0.037236392284758925,0.10715626309822172,0.14846447381026648,54.0,0.18343357042904876,0.020115570175438607,0.12085175906554989,0.14951056224409118,42.42857142857143,0.1819150307858153,0.05559187209302324,0.12436086991724873,0.145308530109574,38.0,0.16914777231341957,0.0343855,0.12210766941154284,0.15496114351045873,34.93333333333333,0.17301948793319746,0.06535671428571428,50.0,-0.09153000892857142,0.002687634093774467,0.42467600100362846,-0.18158877166746,1.271054411354914,0.11669760562119584,0.0,0.0,0.0,0.0,0.0,0.0,0.0,0.0,0.0,0.0,0.0,0.0,0.0,0.0,0.0,0.0,0.0,0.0,0.0,0.0,0.0,0.0,0.0,0.0,0.0,0.0,0.0,0.0,0.0,0.0,0.0,0.0,0.0,0.0,0.0,0.0,0.0,0.0,0.0,0.0,0.0,0.0,0.0,0.0,0.0,0.037236392284758925,2.0852379679464996,0.24021076785714285,10
2024-11-01,0.1308953043478261,0.13793216519384038,46,-0.117698,0.5505,0.14708808695652173,6.766052,0.1999676304347826,0.12755623974220742,7,46,neutral,-0.02412019565217391,0.1536612030936541,0.01925313990811342,0.11805595519077194,0.1463410382761379,50.333333333333336,0.17702173391748,0.03269907627765066,0.12058364620957895,0.14593143939516387,41.42857142857143,0.17335493269604615,-0.0018767899917965514,0.1235621370776246,0.14487044810931765,38.5,0.16848361552093669,-0.011182259754738022,0.12223858070589566,0.15535777104547727,35.5,0.1717588264639321,0.0039273388305847146,50.0,0.043258963562753064,0.006033864292425724,0.4184416278112204,-0.1689023458180471,-0.1555986056373324,-0.11087863442768411,0.0,0.0,0.0,0.0,0.0,0.0,0.0,0.0,0.0,0.0,0.0,0.0,0.0,0.0,0.0,0.0,0.0,0.0,0.0,0.0,0.0,0.0,0.0,0.0,0.0,0.0,0.0,0.0,0.0,0.0,0.0,0.0,0.0,0.0,0.0,0.0,0.0,0.0,0.0,0.0,0.0,0.0,0.0,0.0,0.0,0.01925313990811342,0.8856444357732174,0.14708808695652173,7
2024-11-02,0.03263872727272727,0.3461974868522564,11,-0.62334,0.784463,0.27168118181818185,2.988493,0.11965636363636363,0.2175134049930131,3,11,neutral,-0.09825657707509883,0.18590461469537922,0.008867327998495869,0.1061831772068511,0.22186645380379968,37.666666666666664,0.21966001221061546,-0.035618333951762525,0.10505660724854,0.178402153342306,41.714285714285715,0.18773337136848484,-0.10868927272727275,0.11322794348996226,0.15889623701386654,38.142857142857146,0.1764916285079497,-0.14467871022727274,0.11741353328165324,0.16082413264961584,34.53333333333333,0.17337275085787152,-0.14475142272727273,50.0,-0.03993096874999998,-0.0021051360933767435,0.4328222973260559,-0.19008472385560993,-0.7506501288541498,-0.07413638142292492,0.0,0.0,0.0,0.0,0.0,0.0,0.0,0.0,0.0,0.0,0.0,0.0,0.0,0.0,0.0,0.0,0.0,0.0,0.0,0.0,0.0,0.0,0.0,0.0,0.0,0.0,0.0,0.0,0.0,0.0,0.0,0.0,0.0,0.0,0.0,0.0,0.0,0.0,0.0,0.0,0.0,0.0,0.0,0.0,0.0,0.008867327998495869,0.09754060798345456,0.27168118181818185,3
2024-11-03,0.12036990909090908,0.13963819526508825,11,-0.145013,0.442559,0.16088699999999997,1.7697569999999998,0.2165179090909091,0.10015540302095993,3,11,neutral,0.08773118181818182,0.18497175938915164,0.019365953563909088,0.0946346469038208,0.20792261577039503,22.666666666666668,0.1932187562582345,-0.03464559090909092,0.10575323711866988,0.1791630996550879,41.0,0.19263668386848484,0.004876409090909084,0.11440819263555353,0.16213308269119128,37.57142857142857,0.18061848941020534,0.01652348803827751,0.11735318025135023,0.15956489163533114,33.56666666666667,0.17198112502453816,-0.0018105909090909145,50.0,-0.012286066666666678,-0.014518171741524893,0.4286315665471698,-0.19169322550096618,2.687947390996752,0.18598775889328065,0.0,0.0,0.0,0.0,0.0,0.0,0.0,0.0,0.0,0.0,0.0,0.0,0.0,0.0,0.0,0.0,0.0,0.0,0.0,0.0,0.0,0.0,0.0,0.0,0.0,0.0,0.0,0.0,0.0,0.0,0.0,0.0,0.0,0.0,0.0,0.0,0.0,0.0,0.0,0.0,0.0,0.0,0.0,0.0,0.0,0.019365953563909088,0.21302548920299996,0.16088699999999997,3
2024-11-04,0.11598366666666667,0.1541240264953403,45,-0.129069,0.5505,0.14563255555555557,6.553465,0.22595724444444446,0.10801412662706239,7,45,neutral,-0.0043862424242424175,0.1918723166343655,0.01689099777937037,0.08966410101010099,0.21331990287089497,22.333333333333332,0.1927335791245791,-0.014911637681159426,0.10305091381039919,0.1747550421767607,39.285714285714285,0.18222707651677222,-0.018916263157894728,0.11425874248674397,0.16372158250274169,38.5,0.1791966920391736,-0.0020923020833333306,0.11835972152119148,0.1586919683843347,34.833333333333336,0.1692831054478186,0.03019623809523808,50.0,-0.0028767334089619817,-0.008185807552397211,0.4296762810516391,-0.18973179333876883,-0.03643969209056819,-0.09211742424242424,0.0,0.0,0.0,0.0,0.0,0.0,0.0,0.0,0.0,0.0,0.0,0.0,0.0,0.0,0.0,0.0,0.0,0.0,0.0,0.0,0.0,0.0,0.0,0.0,0.0,0.0,0.0,0.0,0.0,0.0,0.0,0.0,0.0,0.0,0.0,0.0,0.0,0.0,0.0,0.0,0.0,0.0,0.0,0.0,0.0,0.01689099777937037,0.7600949000716667,0.14563255555555557,7
2024-11-05,0.09169253191489361,0.14176137815477582,47,-0.402762,0.5505,0.1678478085106383,7.888847,0.23735510638297871,0.10805404680654514,6,47,neutral,-0.024291134751773052,0.18393065039226023,0.015390390538706654,0.10934870255748978,0.14517453330506813,34.333333333333336,0.1581224546887313,0.05905380464216634,0.10212181435964465,0.1743920287994106,37.857142857142854,0.18244482109097368,-0.0065036961552818184,0.11104831063939513,0.1633284118196994,38.642857142857146,0.1774143418534255,-0.044946045862884185,0.11651262643117512,0.1585307080600263,35.96666666666667,0.1701204477827886,-0.055412852700491025,50.0,0.03372797209302322,-0.004853431288093044,0.4261671855524928,-0.19084095373904222,-0.20943582359389445,-0.019904892327530635,0.0,0.0,0.0,0.0,0.0,0.0,0.0,0.0,0.0,0.0,0.0,0.0,0.0,0.0,0.0,0.0,0.0,0.0,0.0,0.0,0.0,0.0,0.0,0.0,0.0,0.0,0.0,0.0,0.0,0.0,0.0,0.0,0.0,0.0,0.0,0.0,0.0,0.0,0.0,0.0,0.0,0.0,0.0,0.0,0.0,0.015390390538706654,0.7233483553192127,0.1678478085106383,6
2024-11-06,0.13875116666666668,0.2099079415799636,42,-0.62334,0.5505,0.2162747857142857,9.083541,0.237311,0.13641104139060117,7,42,neutral,0.04705863475177306,0.19832580566948485,0.03000837883844048,0.11547578841607564,0.1685977820766932,44.666666666666664,0.17658504992682653,0.018381257575757592,0.1121924008513842,0.18729012898665243,36.857142857142854,0.19280316948747514,0.07049410544217688,0.11255123195182253,0.16522429003787797,38.714285714285715,0.18110099379468986,0.021040898373983763,0.11853283198673067,0.15963500680713588,36.233333333333334,0.1727760220124805,0.06060616666666667,50.0,-0.010328380053908348,-0.0047891262505440225,0.43495723574758866,-0.1978188872674715,0.5132221105580501,0.07134976950354611,0.0,0.0,0.0,0.0,0.0,0.0,0.0,0.0,0.0,0.0,0.0,0.0,0.0,0.0,0.0,0.0,0.0,0.0,0.0,0.0,0.0,0.0,0.0,0.0,0.0,0.0,0.0,0.0,0.0,0.0,0.0,0.0,0.0,0.0,0.0,0.0,0.0,0.0,0.0,0.0,0.0,0.0,0.0,0.0,0.0,0.03000837883844048,1.2603519112145,0.2162747857142857,7
2024-11-07,0.12130757777777777,0.20643216425933958,45,-0.62334,0.568354,0.17809260000000002,8.014167,0.24771106666666667,0.16984852911242582,5,45,neutral,-0.017443588888888903,0.1703727411509015,0.021603981926146668,0.11725042545311266,0.18603382799802634,44.666666666666664,0.18740506474164134,0.005323911111111107,0.10737698339106673,0.1908561939715149,35.285714285714285,0.1839291455078833,-0.03370792222222223,0.11411437122830832,0.17018337810780304,38.857142857142854,0.18292208814684927,0.021883949870801014,0.1184313342089529,0.16163062953031754,36.233333333333334,0.17228617238285082,-0.0030449333333333467,50.0,-0.07495322222222223,-0.01942394538634649,0.4401554215375404,-0.20509407168990182,-0.1257185024670464,-0.06450222364066197,0.0,0.0,0.0,0.0,0.0,0.0,0.0,0.0,0.0,0.0,0.0,0.0,0.0,0.0,0.0,0.0,0.0,0.0,0.0,0.0,0.0,0.0,0.0,0.0,0.0,0.0,0.0,0.0,0.0,0.0,0.0,0.0,0.0,0.0,0.0,0.0,0.0,0.0,0.0,0.0,0.0,0.0,0.0,0.0,0.0,0.021603981926146668,0.9721791866766001,0.17809260000000002,5
2024-11-08,0.11304246428571428,0.14022864650448624,28,-0.161363,0.5505,0.10147160714285715,2.841205,0.24390714285714285,0.08882245868719295,6,28,neutral,-0.008265113492063492,0.1704908313987811,0.01147060052646046,0.12436706957671956,0.1855229174479298,38.333333333333336,0.1652796642857143,0.021349932370820668,0.10482657766790791,0.19118426273017858,32.714285714285715,0.17741250553450266,-0.01785284006211181,0.11270511193874343,0.16855785106267124,37.07142857142857,0.17538371911527442,-0.019729630053908362,0.11837163185568601,0.16039316572169915,35.733333333333334,0.17116756781474451,-0.00179107059800665,50.0,-0.014837687500000002,-0.018861792430506032,0.4359808933084176,-0.2073470407822076,-0.06813353001907496,0.009178475396825411,0.0,0.0,0.0,0.0,0.0,0.0,0.0,0.0,0.0,0.0,0.0,0.0,0.0,0.0,0.0,0.0,0.0,0.0,0.0,0.0,0.0,0.0,0.0,0.0,0.0,0.0,0.0,0.0,0.0,0.0,0.0,0.0,0.0,0.0,0.0,0.0,0.0,0.0,0.0,0.0,0.0,0.0,0.0,0.0,0.0,0.01147060052646046,0.3211768147408929,0.10147160714285715,6
2024-11-09,0.1431790666666667,0.13177614424549505,15,0.0,0.442625,0.20410946666666666,3.061642,0.25845013333333333,0.08282931585915242,2,15,neutral,0.030136602380952407,0.16602125494881206,0.029224202935164447,0.12584303624338622,0.15947898500310695,29.333333333333332,0.16122455793650795,0.004427900000000012,0.12061805472418496,0.16055264235778413,33.285714285714285,0.16775940337000048,0.11054033939393942,0.11283733098636249,0.16947739785004506,37.5,0.17774638736924264,0.0018510666666666786,0.1187058807445749,0.15995825010582337,34.9,0.17190783503696674,0.010027466666666707,50.0,0.04346230350877195,-0.0038626466041345483,0.44169290443541465,-0.2091257873478011,0.2665954123645278,0.0384017158730159,0.0,0.0,0.0,0.0,0.0,0.0,0.0,0.0,0.0,0.0,0.0,0.0,0.0,0.0,0.0,0.0,0.0,0.0,0.0,0.0,0.0,0.0,0.0,0.0,0.0,0.0,0.0,0.0,0.0,0.0,0.0,0.0,0.0,0.0,0.0,0.0,0.0,0.0,0.0,0.0,0.0,0.0,0.0,0.0,0.0,0.029224202935164447,0.43836304402746673,0.20410946666666666,2
2024-11-10,0.16056825,0.1417480997506909,12,-0.076428,0.431063,0.16416916666666667,1.97003,0.244039,0.10974720144951305,2,12,bullish,0.017389183333333308,0.16601859926799506,0.026360355795625,0.13892992698412696,0.13791763016689074,18.333333333333332,0.1565834134920635,0.03926067222222222,0.12636067485405508,0.16085405728429877,33.42857142857143,0.16822828432238143,0.04019834090909091,0.11605695598636248,0.17000857846969333,37.214285714285715,0.18043248409543317,0.04507475,0.11997669860171775,0.15936900372189064,33.9,0.17132147233855402,0.0381245357142857,50.0,-0.012274028070175427,-0.01003297900779327,0.4448038255596203,-0.2079874803470068,0.12145059845806117,-0.012747419047619099,0.0,0.0,0.0,0.0,0.0,0.0,0.0,0.0,0.0,0.0,0.0,0.0,0.0,0.0,0.0,0.0,0.0,0.0,0.0,0.0,0.0,0.0,0.0,0.0,0.0,0.0,0.0,0.0,0.0,0.0,0.0,0.0,0.0,0.0,0.0,0.0,0.0,0.0,0.0,0.0,0.0,0.0,0.0,0.0,0.0,0.026360355795625,0.3163242695475,0.16416916666666667,2
2024-11-11,0.15856535135135136,0.1664925278655699,37,-0.224852,0.561957,0.169041,6.254517,0.26745645945945945,0.10687474716762675,6,37,bullish,-0.0020028986486486378,0.15733551652511635,0.026804045557783783,0.15410422267267268,0.14667225728725194,21.333333333333332,0.17910654444444443,0.04552288706563708,0.13244377266615293,0.16262098605147443,32.285714285714285,0.17157234781444491,0.04258168468468469,0.11774734323827606,0.16868801411411757,35.785714285714285,0.1768997121656086,0.023665421526789965,0.12304971772083688,0.1571675493039781,34.833333333333336,0.17006330937559108,0.09219057357357358,50.0,0.06961802968460112,0.002139131929384631,0.44782284025311914,-0.20881381768314825,-0.012473815020395573,-0.019392081981981946,0.0,0.0,0.0,0.0,0.0,0.0,0.0,0.0,0.0,0.0,0.0,0.0,0.0,0.0,0.0,0.0,0.0,0.0,0.0,0.0,0.0,0.0,0.0,0.0,0.0,0.0,0.0,0.0,0.0,0.0,0.0,0.0,0.0,0.0,0.0,0.0,0.0,0.0,0.0,0.0,0.0,0.0,0.0,0.0,0.0,0.026804045557783783,0.9917496856379999,0.169041,6
2024-11-12,0.11344043589743591,0.10083011958077513,39,-0.021308,0.398851,0.1294045128205128,5.0467759999999995,0.25006784615384614,0.08442332131882768,6,39,neutral,-0.04512491545391545,0.13621510758940344,0.014679704341454306,0.14419134574959572,0.1363569157323453,29.333333333333332,0.15420489316239316,-0.02973863076923078,0.13555061609223037,0.15677366339804574,31.142857142857142,0.16608044843014128,0.021747903982542297,0.11883621522593753,0.16558284609872817,34.5,0.1742626347605575,0.015244207827260478,0.12347587183408473,0.1549158116536618,35.6,0.17048640563627485,0.012784623397435912,50.0,-0.0343855,-0.0003163606632079601,0.43935579593888785,-0.20077375660844174,-0.2845824454670871,-0.04312201680526681,0.0,0.0,0.0,0.0,0.0,0.0,0.0,0.0,0.0,0.0,0.0,0.0,0.0,0.0,0.0,0.0,0.0,0.0,0.0,0.0,0.0,0.0,0.0,0.0,0.0,0.0,0.0,0.0,0.0,0.0,0.0,0.0,0.0,0.0,0.0,0.0,0.0,0.0,0.0,0.0,0.0,0.0,0.0,0.0,0.0,0.014679704341454306,0.572508469316718,0.1294045128205128,6
2024-11-13,0.11419203125,0.12365038464375022,32,-0.105598,0.430288,0.15434059375,4.938899,0.24350303125,0.11058213820110382,6,32,neutral,0.0007515953525640967,0.13289945521725627,0.017624465904643557,0.1287326061662624,0.13032434403003176,36.0,0.15092870219017093,-0.04637621874999999,0.13204216817556372,0.144451155264301,29.714285714285715,0.1572327067209576,-0.02455913541666667,0.12211728451347395,0.1658706421254767,33.285714285714285,0.17501793810421637,0.04593497002551021,0.12133686509797362,0.15395251311069555,35.666666666666664,0.1688834265390526,-0.06417020208333334,50.0,0.011182259754738022,0.0012457496883142626,0.43875876144237524,-0.1986998817776268,0.006625462487147349,0.045876510806479545,0.0,0.0,0.0,0.0,0.0,0.0,0.0,0.0,0.0,0.0,0.0,0.0,0.0,0.0,0.0,0.0,0.0,0.0,0.0,0.0,0.0,0.0,0.0,0.0,0.0,0.0,0.0,0.0,0.0,0.0,0.0,0.0,0.0,0.0,0.0,0.0,0.0,0.0,0.0,0.0,0.0,0.0,0.0,0.0,0.0,0.017624465904643557,0.5639829089485938,0.15434059375,6
2024-11-14,0.11546872222222222,0.2102771452996003,36,-0.250255,0.609339,0.20864941666666667,7.511379,0.2303057222222222,0.14566384604435964,7,36,neutral,0.0012766909722222164,0.1485996554280773,0.024092481534912037,0.11436706312321936,0.14491921650804188,35.666666666666664,0.1641315077457265,-0.043096629129129135,0.13120804595334148,0.14500043827005252,28.428571428571427,0.16159796624476713,-0.00583885555555555,0.11929251467220411,0.1679283161207837,31.857142857142858,0.17276355587632522,-0.03954677777777778,0.1223217491720477,0.1556714974612162,35.53333333333333,0.1695786304279415,0.02954652222222222,50.0,0.14467871022727274,0.013573609481008655,0.44262270485283206,-0.20429416239982365,0.011180210722648187,0.0005250956196581197,0.0,0.0,0.0,0.0,0.0,0.0,0.0,0.0,0.0,0.0,0.0,0.0,0.0,0.0,0.0,0.0,0.0,0.0,0.0,0.0,0.0,0.0,0.0,0.0,0.0,0.0,0.0,0.0,0.0,0.0,0.0,0.0,0.0,0.0,0.0,0.0,0.0,0.0,0.0,0.0,0.0,0.0,0.0,0.0,0.0,0.024092481534912037,0.8673293352568333,0.20864941666666667,7
2024-11-15,0.13369954838709677,0.1774362870162769,31,-0.46064,0.5505,0.1943938387096774,6.026209,0.25231532258064515,0.10263134544390327,4,31,neutral,0.01823082616487455,0.15573729288119448,0.025990368444718002,0.12112010061977298,0.17045460565320913,33.0,0.18579461637544803,0.020259112489660863,0.1341590579678247,0.15031581548602263,28.857142857142858,0.17487257075431287,0.020657084101382492,0.11949281781786632,0.17075003910810063,30.785714285714285,0.17614253814440778,0.0028042440392706813,0.12218256442131456,0.15646067190678742,35.1,0.1714192705061429,-0.004175542521994147,50.0,-0.01652348803827751,0.01288526414941208,0.4480946620515885,-0.21052896475987043,0.15788540666267092,0.016954135192652334,0.0,0.0,0.0,0.0,0.0,0.0,0.0,0.0,0.0,0.0,0.0,0.0,0.0,0.0,0.0,0.0,0.0,0.0,0.0,0.0,0.0,0.0,0.0,0.0,0.0,0.0,0.0,0.0,0.0,0.0,0.0,0.0,0.0,0.0,0.0,0.0,0.0,0.0,0.0,0.0,0.0,0.0,0.0,0.0,0.0,0.025990368444718002,0.805701421786258,0.1943938387096774,4
2024-11-16,0.1310578,0.09554386999620976,20,-0.08886,0.287214,0.11595504999999999,2.319101,0.24564835000000002,0.11332412696159586,4,20,neutral,-0.0026417483870967706,0.14154756130732243,0.015196813751889998,0.12674202353643965,0.1610857674373623,29.0,0.17299943512544802,0.016865768749999996,0.13242744844401516,0.1451397763075533,29.571428571428573,0.16227908265907479,-0.012121266666666686,0.12652275158410006,0.1528462093326687,31.428571428571427,0.16501924301453763,0.09841907272727274,0.12253015775464789,0.15527653347458317,34.3,0.16990358277887016,0.010427800000000001,50.0,0.0020923020833333306,0.02144587796114048,0.44499610694364794,-0.20587397965192983,-0.019758843010061478,-0.02087257455197132,0.0,0.0,0.0,0.0,0.0,0.0,0.0,0.0,0.0,0.0,0.0,0.0,0.0,0.0,0.0,0.0,0.0,0.0,0.0,0.0,0.0,0.0,0.0,0.0,0.0,0.0,0.0,0.0,0.0,0.0,0.0,0.0,0.0,0.0,0.0,0.0,0.0,0.0,0.0,0.0,0.0,0.0,0.0,0.0,0.0,0.015196813751889998,0.30393627503779996,0.11595504999999999,4
2024-11-17,0.1445702,0.12377966153492262,5,0.0,0.311885,0.054398199999999994,0.271991,0.2256962,0.05706578206946787,1,5,neutral,0.013512400000000008,0.14613746969815194,0.00786435865364,0.13644251612903224,0.13225327284913643,18.666666666666668,0.12158236290322579,0.029101477777777787,0.13014201272972947,0.14257285656244353,28.571428571428573,0.14659751599240814,-0.015998049999999986,0.12825134379189226,0.15171345692337115,31.0,0.1574129001573948,0.024200290909090927,0.12261324561789576,0.15460034508583295,33.166666666666664,0.1665039800438274,0.0024926358974358964,50.0,0.044946045862884185,0.02808851500146094,0.43935954372154906,-0.19927038941228706,0.10310260053197906,0.01615414838709678,0.0,0.0,0.0,0.0,0.0,0.0,0.0,0.0,0.0,0.0,0.0,0.0,0.0,0.0,0.0,0.0,0.0,0.0,0.0,0.0,0.0,0.0,0.0,0.0,0.0,0.0,0.0,0.0,0.0,0.0,0.0,0.0,0.0,0.0,0.0,0.0,0.0,0.0,0.0,0.0,0.0,0.0,0.0,0.0,0.0,0.00786435865364,0.0393217932682,0.054398199999999994,1
2024-11-18,0.10989023529411765,0.18440259322160318,34,-0.290621,0.666639,0.16845470588235292,5.72746,0.23373850000000002,0.12052994754536267,6,34,neutral,-0.03467996470588236,0.15828791141372253,0.018511527265813146,0.12850607843137254,0.1345753749175785,19.666666666666668,0.11293598529411764,-0.023809313092979123,0.12318842472155321,0.14513143732759115,28.142857142857142,0.1465137596898871,-0.04867511605723371,0.12781609869385308,0.15387621168953278,30.214285714285715,0.15904305375216604,-0.006093431372549016,0.12036567221103302,0.1557525501202673,33.766666666666666,0.16680017023990587,-0.06742720220588236,50.0,-0.021040898373983763,0.02092149257004364,0.44395425622528384,-0.20269570119362765,-0.23988321732889872,-0.04819236470588237,0.0,0.0,0.0,0.0,0.0,0.0,0.0,0.0,0.0,0.0,0.0,0.0,0.0,0.0,0.0,0.0,0.0,0.0,0.0,0.0,0.0,0.0,0.0,0.0,0.0,0.0,0.0,0.0,0.0,0.0,0.0,0.0,0.0,0.0,0.0,0.0,0.0,0.0,0.0,0.0,0.0,0.0,0.0,0.0,0.0,0.018511527265813146,0.6293919270376469,0.16845470588235292,6
2024-11-19,0.15141363043478262,0.20645968299677073,46,-0.254328,0.577304,0.25708080434782604,11.825717,0.22982904347826089,0.12084874634387796,5,46,bullish,0.04152339514066497,0.15752441895315664,0.03892553790139839,0.13529135524296673,0.17154731258443215,28.333333333333332,0.15997790341005966,0.020355830434782618,0.12861316679831702,0.16022137495844765,29.142857142857142,0.16475322990807473,0.03797319453734671,0.1320818914452737,0.15849751917824673,30.142857142857142,0.165416839169108,0.05972109851988901,0.12195124585710472,0.15949046102740827,34.666666666666664,0.171932498805886,0.047567209382151046,50.0,-0.021883949870801014,0.01985372348108524,0.4567959289585484,-0.20722171700586295,0.37786246457229744,0.07620335984654733,0.0,0.0,0.0,0.0,0.0,0.0,0.0,0.0,0.0,0.0,0.0,0.0,0.0,0.0,0.0,0.0,0.0,0.0,0.0,0.0,0.0,0.0,0.0,0.0,0.0,0.0,0.0,0.0,0.0,0.0,0.0,0.0,0.0,0.0,0.0,0.0,0.0,0.0,0.0,0.0,0.0,0.0,0.0,0.0,0.0,0.03892553790139839,1.790574743464326,0.25708080434782604,5
2024-11-20,0.16857485106382977,0.15832465828205508,47,-0.03419,0.548507,0.2688814255319149,12.637427,0.22794331914893617,0.12747801736789016,7,47,bullish,0.017161220629047153,0.15370209320631228,0.04532664626287279,0.14329290559757665,0.183062311500143,42.333333333333336,0.23147231192069798,0.024004651063829763,0.13638214105743557,0.16517484262106263,31.285714285714285,0.18111620587691973,0.054382819813829766,0.13421215461649966,0.15481299894268183,30.5,0.16917445629893865,0.029823684397163097,0.12363454193423237,0.1603717819990223,35.166666666666664,0.17537728903194985,0.05049888231382978,50.0,0.019729630053908362,0.014310567966563825,0.45515939140341527,-0.2042292443443468,0.1133399983856731,-0.024362174511617818,0.0,0.0,0.0,0.0,0.0,0.0,0.0,0.0,0.0,0.0,0.0,0.0,0.0,0.0,0.0,0.0,0.0,0.0,0.0,0.0,0.0,0.0,0.0,0.0,0.0,0.0,0.0,0.0,0.0,0.0,0.0,0.0,0.0,0.0,0.0,0.0,0.0,0.0,0.0,0.0,0.0,0.0,0.0,0.0,0.0,0.04532664626287279,2.130352374355021,0.2688814255319149,7
2024-11-21,0.12879500000000002,0.12531925517272918,43,-0.045657,0.656353,0.13724658139534884,5.901603,0.233106511627907,0.10214875801831554,8,43,neutral,-0.03977985106382975,0.15965717024161616,0.017676673450813956,0.1495944938328708,0.16336786548385165,45.333333333333336,0.22106960375836326,0.01890476470588237,0.13828589502568955,0.15303800117436678,32.285714285714285,0.17091580083816,0.013326277777777798,0.1347469704895155,0.14901921972220963,30.357142857142858,0.1662568835414636,0.007487422222222248,0.12337308934163978,0.15964023158086768,35.1,0.17352548470809112,-0.007843577777777777,50.0,-0.0018510666666666786,0.017925505003600864,0.4537930851839128,-0.20307296855962698,-0.23597737629776916,-0.056941071692876905,0.0,0.0,0.0,0.0,0.0,0.0,0.0,0.0,0.0,0.0,0.0,0.0,0.0,0.0,0.0,0.0,0.0,0.0,0.0,0.0,0.0,0.0,0.0,0.0,0.0,0.0,0.0,0.0,0.0,0.0,0.0,0.0,0.0,0.0,0.0,0.0,0.0,0.0,0.0,0.0,0.0,0.0,0.0,0.0,0.0,0.017676673450813956,0.7600969583850001,0.13724658139534884,8
2024-11-22,0.13485446341463414,0.18746356062833888,41,-0.412614,0.671678,0.19058880487804877,7.814141,0.22025602439024392,0.13018270360256923,6,41,neutral,0.00605946341463412,0.1723939500602994,0.025701751014665673,0.1440747714928213,0.15703582469437435,43.666666666666664,0.19890560393510417,-0.01655916702014848,0.1384508828867663,0.1544704688332328,33.714285714285715,0.17037222457649878,0.0011549150275373676,0.13630497042729553,0.15239314215962768,31.285714285714285,0.17262239766540582,0.02181199912891986,0.12394456251237149,0.15977682871763016,35.1,0.17438972291947322,0.017144195121951228,50.0,-0.04507475,0.011674726141963304,0.44303047936861645,-0.18208878913013987,0.047047349777818326,0.04583931447846387,0.0,0.0,0.0,0.0,0.0,0.0,0.0,0.0,0.0,0.0,0.0,0.0,0.0,0.0,0.0,0.0,0.0,0.0,0.0,0.0,0.0,0.0,0.0,0.0,0.0,0.0,0.0,0.0,0.0,0.0,0.0,0.0,0.0,0.0,0.0,0.0,0.0,0.0,0.0,0.0,0.0,0.0,0.0,0.0,0.0,0.025701751014665673,1.0537717916012925,0.19058880487804877,6
2024-11-23,0.1075274375,0.1408381543398752,16,-0.076195,0.37667,0.14256375,2.28102,0.225737625,0.09875966312611305,2,16,neutral,-0.027327025914634137,0.16368106228395382,0.015329514717890624,0.12372563363821137,0.1512069900469811,33.333333333333336,0.15679971209113253,-0.06104741356382977,0.13508940252962348,0.16094108088232786,33.142857142857146,0.17417346743364165,-0.0235303625,0.13375842548681932,0.15304042859494058,31.357142857142858,0.1682262750463582,-0.035651629166666685,0.1242146894988056,0.15990460281961308,34.2,0.17405527195048096,0.008103809593023245,50.0,-0.023665421526789965,-0.007030177386265887,0.4425083516965497,-0.18285090861716405,-0.20264087092625416,-0.03338648932926826,0.0,0.0,0.0,0.0,0.0,0.0,0.0,0.0,0.0,0.0,0.0,0.0,0.0,0.0,0.0,0.0,0.0,0.0,0.0,0.0,0.0,0.0,0.0,0.0,0.0,0.0,0.0,0.0,0.0,0.0,0.0,0.0,0.0,0.0,0.0,0.0,0.0,0.0,0.0,0.0,0.0,0.0,0.0,0.0,0.0,0.015329514717890624,0.24527223548625,0.14256375,2
2024-11-24,0.160652625,0.10127458508563664,8,0.042909,0.328964,0.27606949999999997,2.2085559999999997,0.255978125,0.10126224393190683,3,8,bullish,0.05312518749999999,0.14264404270172698,0.04435128985743749,0.1343448419715447,0.14319210001795024,21.666666666666668,0.2030740182926829,0.03185762499999997,0.13738689181533775,0.15772606996100125,33.57142857142857,0.20584079600507024,0.016082424999999984,0.1337644522725336,0.1501494632617224,31.071428571428573,0.17621915599873916,8.437499999999765e-05,0.12514404052081818,0.1578475548179232,32.7,0.17635729616431745,0.02788053066037735,50.0,-0.015244207827260478,-0.006888035140597328,0.439456855472246,-0.17533251655952706,0.4940616900686394,0.08045221341463413,0.0,0.0,0.0,0.0,0.0,0.0,0.0,0.0,0.0,0.0,0.0,0.0,0.0,0.0,0.0,0.0,0.0,0.0,0.0,0.0,0.0,0.0,0.0,0.0,0.0,0.0,0.0,0.0,0.0,0.0,0.0,0.0,0.0,0.0,0.0,0.0,0.0,0.0,0.0,0.0,0.0,0.0,0.0,0.0,0.0,0.04435128985743749,0.35481031885949993,0.27606949999999997,3
2024-11-25,0.12816484375,0.1283819361597888,32,-0.320386,0.403806,0.16055765624999999,5.1378449999999996,0.22832753125,0.0992822087060284,5,32,neutral,-0.032487781249999986,0.13665549827727375,0.02057784692614746,0.13211496874999998,0.12349822519510019,18.666666666666668,0.19306363541666663,-0.006689619664634133,0.13999755016617807,0.14972311895217064,33.285714285714285,0.20471264605759124,0.018274608455882357,0.13159298744386566,0.1474272781398809,30.714285714285715,0.17561320287373916,-0.03040050760135135,0.12470526864581817,0.15816353638250746,33.46666666666667,0.1760081476689471,-0.013163156250000002,50.0,-0.04593497002551021,-0.01222439870824661,0.4399425268645025,-0.17217095676827296,-0.2022237809684092,-0.08561296874999998,0.0,0.0,0.0,0.0,0.0,0.0,0.0,0.0,0.0,0.0,0.0,0.0,0.0,0.0,0.0,0.0,0.0,0.0,0.0,0.0,0.0,0.0,0.0,0.0,0.0,0.0,0.0,0.0,0.0,0.0,0.0,0.0,0.0,0.0,0.0,0.0,0.0,0.0,0.0,0.0,0.0,0.0,0.0,0.0,0.0,0.02057784692614746,0.6584911016367188,0.16055765624999999,5
2024-11-26,0.09719502857142857,0.17944896960507375,35,-0.56956,0.385009,0.1717492,6.011222,0.24777680000000002,0.1735339144659354,4,35,neutral,-0.030969815178571433,0.14748144116374268,0.01669316840112,0.12867083244047617,0.1363684969501664,25.0,0.20279211875,-0.01033240892857143,0.13225203561427035,0.14586444561049963,31.714285714285715,0.19252241686504462,-0.054218601863354046,0.13043260120629369,0.15304291028447367,30.428571428571427,0.17863782338655967,-0.016245407326007336,0.12409531959819912,0.15966811633348943,34.1,0.1775143272522804,-0.018298471428571425,50.0,0.03954677777777778,-0.012824317384369545,0.4348188227622517,-0.17120286647554586,-0.24164048636443203,0.0015179660714285531,0.0,0.0,0.0,0.0,0.0,0.0,0.0,0.0,0.0,0.0,0.0,0.0,0.0,0.0,0.0,0.0,0.0,0.0,0.0,0.0,0.0,0.0,0.0,0.0,0.0,0.0,0.0,0.0,0.0,0.0,0.0,0.0,0.0,0.0,0.0,0.0,0.0,0.0,0.0,0.0,0.0,0.0,0.0,0.0,0.0,0.01669316840112,0.5842608940392,0.1717492,4
2024-11-27,0.08630987096774194,0.20665816286462724,31,-0.520934,0.423452,0.1727534193548387,5.355356,0.19980067741935484,0.17100877190315647,6,31,neutral,-0.010885157603686635,0.15132036161100032,0.014910325333752342,0.10388991442972349,0.17149635620982992,32.666666666666664,0.1683534252016129,-0.07434275403225805,0.12049989560054351,0.15276923197943854,29.428571428571427,0.17878984455403374,-0.08226498009608783,0.12844101832898955,0.15897203730025058,30.357142857142858,0.17995302521547676,-0.027882160282258067,0.12247565096963849,0.16039070746752265,33.233333333333334,0.17598944766352356,-0.048590058856819454,50.0,-0.0028042440392706813,-0.010798022458290313,0.43309153728227867,-0.17297535167657643,-0.11199294617920852,0.0200846575748848,0.0,0.0,0.0,0.0,0.0,0.0,0.0,0.0,0.0,0.0,0.0,0.0,0.0,0.0,0.0,0.0,0.0,0.0,0.0,0.0,0.0,0.0,0.0,0.0,0.0,0.0,0.0,0.0,0.0,0.0,0.0,0.0,0.0,0.0,0.0,0.0,0.0,0.0,0.0,0.0,0.0,0.0,0.0,0.0,0.0,0.014910325333752342,0.4622200853463226,0.1727534193548387,6
2024-11-28,0.14576814285714285,0.13232648909356193,21,-0.061583,0.401603,0.20529947619047617,4.3112889999999995,0.26896571428571425,0.1316164613291753,5,21,neutral,0.05945827188940091,0.14961802856173767,0.029926123373829928,0.10975768079877109,0.1728112071877543,29.0,0.18326736518177164,0.01760329910714284,0.12292463029442106,0.15377026539670036,26.285714285714285,0.18851168666762336,0.016973142857142826,0.13060526266005532,0.15340413328553357,29.285714285714285,0.1797137437528917,0.030299420634920624,0.1240613814625374,0.1599915080441005,32.03333333333333,0.1772886436534985,0.047571914786967415,50.0,-0.09841907272727274,-0.019301924997898283,0.4339376054697576,-0.17054885200691255,0.6888930689239852,0.07034342949308754,0.0,0.0,0.0,0.0,0.0,0.0,0.0,0.0,0.0,0.0,0.0,0.0,0.0,0.0,0.0,0.0,0.0,0.0,0.0,0.0,0.0,0.0,0.0,0.0,0.0,0.0,0.0,0.0,0.0,0.0,0.0,0.0,0.0,0.0,0.0,0.0,0.0,0.0,0.0,0.0,0.0,0.0,0.0,0.0,0.0,0.029926123373829928,0.6284485908504285,0.20529947619047617,5
2024-11-29,0.14370353125,0.11709349061133748,32,-0.076493,0.548103,0.21381634375,6.842123,0.23385203125,0.08359438428911604,4,32,neutral,-0.0020646116071428577,0.15278180966687785,0.030726163635838865,0.12526051502496158,0.15202604752317553,28.0,0.19728974643177163,0.046508502678571415,0.12418878284233048,0.1437173982514144,25.0,0.19182990650647352,0.008849067835365848,0.1313198328645484,0.14909393354232361,29.357142857142858,0.18110106554148617,0.010003982862903216,0.12657626379672107,0.15990724972216938,31.466666666666665,0.179623643547206,0.07544647002551019,50.0,-0.024200290909090927,-0.024183027327120427,0.43249556333550854,-0.1690543634143302,-0.014163668183426292,-0.061522883496543765,0.0,0.0,0.0,0.0,0.0,0.0,0.0,0.0,0.0,0.0,0.0,0.0,0.0,0.0,0.0,0.0,0.0,0.0,0.0,0.0,0.0,0.0,0.0,0.0,0.0,0.0,0.0,0.0,0.0,0.0,0.0,0.0,0.0,0.0,0.0,0.0,0.0,0.0,0.0,0.0,0.0,0.0,0.0,0.0,0.0,0.030726163635838865,0.9832372363468437,0.21381634375,4
2024-11-30,0.07939085714285714,0.11776422363834807,7,-0.138798,0.222714,0.07059800000000001,0.494186,0.19981785714285713,0.07103857193438076,3,7,neutral,-0.06431267410714285,0.1506582671625897,0.005604835732571429,0.12295417708333332,0.12239473444774913,20.0,0.16323793998015873,-0.006919013824884801,0.12016927136273862,0.14042112243691057,23.714285714285715,0.18154908507790216,-0.028136580357142865,0.12762933694618103,0.1506811016596192,28.428571428571427,0.1778612762557719,-0.051666942857142864,0.12405544236814964,0.15778373353127093,29.833333333333332,0.17396988461863455,-0.07562464285714286,50.0,0.006093431372549016,-0.02330030532276313,0.42603830608141713,-0.17071484544595306,-0.44753718678811416,-0.06224806249999999,0.0,0.0,0.0,0.0,0.0,0.0,0.0,0.0,0.0,0.0,0.0,0.0,0.0,0.0,0.0,0.0,0.0,0.0,0.0,0.0,0.0,0.0,0.0,0.0,0.0,0.0,0.0,0.0,0.0,0.0,0.0,0.0,0.0,0.0,0.0,0.0,0.0,0.0,0.0,0.0,0.0,0.0,0.0,0.0,0.0,0.005604835732571429,0.039233850128,0.07059800000000001,3
2024-12-01,0.0758354,0.12286094436774175,10,-0.151544,0.269053,0.094199,0.94199,0.2361258,0.1076068374136968,3,10,neutral,-0.0035554571428571408,0.13934066211512328,0.0071436188446,0.09964326279761902,0.11923955287247574,16.333333333333332,0.12620444791666666,-0.06993274285714285,0.1080525249341672,0.14350488804863984,24.0,0.15556758507790214,-0.084817225,0.12271970837475248,0.15061547900482058,28.785714285714285,0.18070419054148618,-0.06873480000000001,0.1222201122232221,0.15728135950373429,28.633333333333333,0.17220691505341718,-0.055059904347826094,50.0,-0.05972109851988901,-0.024927677380528573,0.41753865016406677,-0.17048818466373783,-0.04478421408726441,0.06075721696428571,0.0,0.0,0.0,0.0,0.0,0.0,0.0,0.0,0.0,0.0,0.0,0.0,0.0,0.0,0.0,0.0,0.0,0.0,0.0,0.0,0.0,0.0,0.0,0.0,0.0,0.0,0.0,0.0,0.0,0.0,0.0,0.0,0.0,0.0,0.0,0.0,0.0,0.0,0.0,0.0,0.0,0.0,0.0,0.0,0.0,0.0071436188446,0.071436188446,0.094199,3
2024-12-02,0.13388,0.15487246087106016,32,-0.084898,0.474665,0.16378234375,5.241035,0.2408595,0.0911785104389788,5,32,neutral,0.0580446,0.12898352171640987,0.02192718018125,0.09636875238095237,0.13183254295904998,16.333333333333332,0.10952644791666666,-0.00982353124999999,0.10886897582702436,0.14728924872167862,24.0,0.15602825472075926,0.005715156249999992,0.12443326299660121,0.14850618383692463,28.642857142857142,0.18037045038917524,0.02398976470588235,0.1255948213141312,0.1509038586376944,29.333333333333332,0.1686102871178111,0.10124127272727274,50.0,-0.029823684397163097,-0.02561192881057003,0.4239648624982235,-0.17487044058763812,0.7654024373841242,0.06160005714285714,0.0,0.0,0.0,0.0,0.0,0.0,0.0,0.0,0.0,0.0,0.0,0.0,0.0,0.0,0.0,0.0,0.0,0.0,0.0,0.0,0.0,0.0,0.0,0.0,0.0,0.0,0.0,0.0,0.0,0.0,0.0,0.0,0.0,0.0,0.0,0.0,0.0,0.0,0.0,0.0,0.0,0.0,0.0,0.0,0.0,0.02192718018125,0.7016697658,0.16378234375,5
2024-12-03,0.11992355555555556,0.14220364865912635,36,-0.250521,0.534406,0.15509138888888888,5.58329,0.23967538888888887,0.09779849859796351,6,36,neutral,-0.013956444444444438,0.13095895362952276,0.018599110791604936,0.10987965185185182,0.1399790179659761,26.0,0.13769091087962962,0.04053269841269842,0.1121159082533282,0.14196848858654326,24.142857142857142,0.15364856741917196,0.022728526984126987,0.12218397193379929,0.1439164670985215,27.928571428571427,0.1730854921421083,-0.03149007487922706,0.12557994286295274,0.15098937375082902,30.166666666666668,0.1684171000807741,-0.00044635353535352196,50.0,-0.007487422222222248,-0.02475006374334356,0.42610676511503887,-0.1764391907738979,-0.10424592504066654,-0.07200104444444444,0.0,0.0,0.0,0.0,0.0,0.0,0.0,0.0,0.0,0.0,0.0,0.0,0.0,0.0,0.0,0.0,0.0,0.0,0.0,0.0,0.0,0.0,0.0,0.0,0.0,0.0,0.0,0.0,0.0,0.0,0.0,0.0,0.0,0.0,0.0,0.0,0.0,0.0,0.0,0.0,0.0,0.0,0.0,0.0,0.0,0.018599110791604936,0.6695679884977777,0.15509138888888888,6
2024-12-04,0.1282691,0.13062716721083792,40,-0.195307,0.452303,0.13875705,5.550282,0.24982354999999998,0.11598485413432885,6,40,neutral,0.008345544444444436,0.13366568894942285,0.017798241922154998,0.12735755185185182,0.1425677589136748,36.0,0.15254359421296296,0.0524337,0.11811008382936507,0.13110691777885908,25.428571428571427,0.14879194322562356,0.04195922903225806,0.1193049897149543,0.1419380748791488,27.428571428571427,0.16379089388982868,-0.040305751063829776,0.1259894573073972,0.15020614510801225,30.0,0.16818791656225557,0.012285433333333332,50.0,-0.02181199912891986,-0.022069733643722406,0.4187817861950515,-0.16783417407613282,0.06959053545221394,0.022301988888888874,0.0,0.0,0.0,0.0,0.0,0.0,0.0,0.0,0.0,0.0,0.0,0.0,0.0,0.0,0.0,0.0,0.0,0.0,0.0,0.0,0.0,0.0,0.0,0.0,0.0,0.0,0.0,0.0,0.0,0.0,0.0,0.0,0.0,0.0,0.0,0.0,0.0,0.0,0.0,0.0,0.0,0.0,0.0,0.0,0.0,0.017798241922154998,0.7119296768861999,0.13875705,6
2024-12-05,0.19090958620689655,0.14140347700148104,29,-0.025148,0.521871,0.17564137931034485,5.0936,0.28528800000000004,0.09439601146386278,6,29,bullish,0.06264048620689655,0.13839353962204945,0.033531623044946494,0.14636741392081734,0.1380780976238151,35.0,0.15649660606641122,0.05702958620689655,0.12455886145075845,0.13240363033713326,26.571428571428573,0.1445550722427477,0.0451414433497537,0.12374174587258976,0.14308694786691678,26.428571428571427,0.1665333794551855,0.06211458620689653,0.12929669245046396,0.15019421506956912,29.4,0.1684477022555791,0.09921705429200293,50.0,0.035651629166666685,-0.022502527933845867,0.41803900708456193,-0.1613703911836632,0.4883521144757119,0.054294941762452115,0.0,0.0,0.0,0.0,0.0,0.0,0.0,0.0,0.0,0.0,0.0,0.0,0.0,0.0,0.0,0.0,0.0,0.0,0.0,0.0,0.0,0.0,0.0,0.0,0.0,0.0,0.0,0.0,0.0,0.0,0.0,0.0,0.0,0.0,0.0,0.0,0.0,0.0,0.0,0.0,0.0,0.0,0.0,0.0,0.0,0.033531623044946494,0.9724170683034483,0.17564137931034485,6
2024-12-06,0.08723763157894737,0.1790393770210252,38,-0.613144,0.37183,0.16737686842105262,6.360321,0.23783915789473686,0.13807886047209286,4,38,neutral,-0.10367195462794918,0.14962922615270613,0.01460156158215374,0.1354721059286146,0.15035667374444805,35.666666666666664,0.16059176591046578,-0.03268592397660819,0.1164923043548938,0.14125304268137434,27.428571428571427,0.13792086148146948,-0.056465899671052616,0.12034054359861214,0.1424852204663944,26.214285714285715,0.16487538399397153,-0.04761683183568677,0.12757957461420666,0.1491652629176045,29.266666666666666,0.16681777167913797,-0.0515135350877193,50.0,-8.437499999999765e-05,-0.02220032026281579,0.4241975493659908,-0.17191095030719744,-0.5430421629828249,-0.16631244083484573,0.0,0.0,0.0,0.0,0.0,0.0,0.0,0.0,0.0,0.0,0.0,0.0,0.0,0.0,0.0,0.0,0.0,0.0,0.0,0.0,0.0,0.0,0.0,0.0,0.0,0.0,0.0,0.0,0.0,0.0,0.0,0.0,0.0,0.0,0.0,0.0,0.0,0.0,0.0,0.0,0.0,0.0,0.0,0.0,0.0,0.01460156158215374,0.5548593401218421,0.16737686842105262,4
2024-12-07,0.12893436363636362,0.0800616915875161,11,0.015248,0.290229,0.09409727272727272,1.03507,0.22797572727272727,0.09608600140612669,2,11,neutral,0.04169673205741625,0.13466707229599734,0.012132371979008263,0.13569386047406914,0.13350151520334078,26.0,0.1457051734862234,0.0006652636363636277,0.12356994813968045,0.13586696667411263,28.0,0.14127790044250846,0.04954350649350649,0.12186960975120954,0.1381440445555116,25.857142857142858,0.16141349276020528,0.02140692613636362,0.12783380080949283,0.14495291382854375,28.133333333333333,0.16401792743671378,0.007626785858585852,50.0,0.03040050760135135,-0.007887033559635334,0.41904396055306836,-0.16832094513063858,0.47796726369951936,0.14536868668536543,0.0,0.0,0.0,0.0,0.0,0.0,0.0,0.0,0.0,0.0,0.0,0.0,0.0,0.0,0.0,0.0,0.0,0.0,0.0,0.0,0.0,0.0,0.0,0.0,0.0,0.0,0.0,0.0,0.0,0.0,0.0,0.0,0.0,0.0,0.0,0.0,0.0,0.0,0.0,0.0,0.0,0.0,0.0,0.0,0.0,0.012132371979008263,0.1334560917690909,0.09409727272727272,2
2024-12-08,0.09932658333333333,0.13587725040000315,12,-0.250417,0.313226,0.12029775,1.443573,0.224275,0.04882435782755087,2,12,neutral,-0.029607780303030296,0.13340179264417268,0.011948764490187499,0.10516619284954809,0.13165943966951482,20.333333333333332,0.12725729704944178,-0.09158300287356322,0.12692583147301378,0.1377264389644357,28.285714285714285,0.14500629329965128,0.023491183333333332,0.11748917820359049,0.14061566350653779,26.142857142857142,0.1502869391887767,-0.061326041666666664,0.1273766047777468,0.1448078672917276,27.6,0.16464546553195186,-0.013715880952380952,50.0,0.016245407326007336,-0.0033930670890688613,0.4136632436728691,-0.16399659344651782,-0.22963451688126957,-0.07130451236044655,0.0,0.0,0.0,0.0,0.0,0.0,0.0,0.0,0.0,0.0,0.0,0.0,0.0,0.0,0.0,0.0,0.0,0.0,0.0,0.0,0.0,0.0,0.0,0.0,0.0,0.0,0.0,0.0,0.0,0.0,0.0,0.0,0.0,0.0,0.0,0.0,0.0,0.0,0.0,0.0,0.0,0.0,0.0,0.0,0.0,0.011948764490187499,0.14338517388224997,0.12029775,2
2024-12-09,0.09026411111111111,0.14867171354106798,45,-0.450977,0.458289,0.14585713333333333,6.563571,0.2603868888888889,0.13009106125382505,7,45,neutral,-0.009062472222222215,0.1370107019102187,0.013165664489548149,0.10617501936026934,0.12153688517619572,22.666666666666668,0.120084052020202,0.003026479532163742,0.12069499020317251,0.136840617917294,30.142857142857142,0.1424455489544132,-0.043615888888888885,0.11478198301509843,0.14206493331948628,27.071428571428573,0.14923690183758623,-0.03790073263888889,0.12561277292589496,0.14537105293491337,28.6,0.1627037210875074,-0.05291495555555557,50.0,0.027882160282258067,-0.0009720972102123001,0.4048269707611153,-0.16127527246713114,-0.09123914180969228,0.02054530808080808,0.0,0.0,0.0,0.0,0.0,0.0,0.0,0.0,0.0,0.0,0.0,0.0,0.0,0.0,0.0,0.0,0.0,0.0,0.0,0.0,0.0,0.0,0.0,0.0,0.0,0.0,0.0,0.0,0.0,0.0,0.0,0.0,0.0,0.0,0.0,0.0,0.0,0.0,0.0,0.0,0.0,0.0,0.0,0.0,0.0,0.013165664489548149,0.5924549020296667,0.14585713333333333,7
2024-12-10,0.11700265116279068,0.1647470063707906,43,-0.348211,0.463008,0.1710467441860465,7.35501,0.21516962790697672,0.12692150714573147,7,43,neutral,0.02673854005167957,0.1416794077840806,0.020012922542531095,0.10219778186907835,0.14976532343728724,33.333333333333336,0.14573387583979325,-0.011931712473572942,0.12027771814706324,0.14006109759038884,31.142857142857142,0.1447248854254357,-0.002920904392764878,0.11619681320019573,0.14101479308846607,27.642857142857142,0.14918672642230385,0.01980762259136211,0.12416058629798797,0.14613768315558334,29.633333333333333,0.16293297367148674,-0.04356559883720931,50.0,-0.030299420634920624,0.0022969781103397424,0.4028905955749369,-0.16449611727105662,0.296225595339499,0.03580101227390178,0.0,0.0,0.0,0.0,0.0,0.0,0.0,0.0,0.0,0.0,0.0,0.0,0.0,0.0,0.0,0.0,0.0,0.0,0.0,0.0,0.0,0.0,0.0,0.0,0.0,0.0,0.0,0.0,0.0,0.0,0.0,0.0,0.0,0.0,0.0,0.0,0.0,0.0,0.0,0.0,0.0,0.0,0.0,0.0,0.0,0.020012922542531095,0.8605556693288371,0.1710467441860465,7
2024-12-11,0.10100126470588235,0.17139881296984893,34,-0.347031,0.448301,0.1760273823529412,5.9849310000000004,0.2529278235294118,0.09707751188252224,4,34,neutral,-0.016001386456908337,0.14015129497384535,0.017778988240512977,0.10275600899326136,0.16160584429390248,40.666666666666664,0.16431041995744033,0.0016746813725490167,0.11638231310504643,0.1458856184131047,30.285714285714285,0.15004921861871304,-0.02726783529411765,0.11724619846720574,0.1384962680959819,27.857142857142858,0.1494205809221683,0.014691393738140407,0.12224178340980567,0.14630122599239268,29.533333333333335,0.16316585308325146,-0.05756408664546901,50.0,-0.010003982862903216,0.004499167169701951,0.406108864589943,-0.17049375981547446,-0.1367608878763349,-0.042739926508587905,0.0,0.0,0.0,0.0,0.0,0.0,0.0,0.0,0.0,0.0,0.0,0.0,0.0,0.0,0.0,0.0,0.0,0.0,0.0,0.0,0.0,0.0,0.0,0.0,0.0,0.0,0.0,0.0,0.0,0.0,0.0,0.0,0.0,0.0,0.0,0.0,0.0,0.0,0.0,0.0,0.0,0.0,0.0,0.0,0.0,0.017778988240512977,0.6044856001774412,0.1760273823529412,4
2024-12-12,0.10543524390243902,0.12210101079491122,41,-0.199684,0.352842,0.17124343902439024,7.020981,0.24238748780487804,0.11143356833268914,5,41,neutral,0.004433979196556678,0.1485591588153244,0.01805509376022903,0.10781305325703733,0.1527489433785169,39.333333333333336,0.17277252185445927,0.01517113279132791,0.10417169277583822,0.1431281232407376,32.0,0.14942094143500523,-0.08547434230445752,0.11436527711329834,0.13776587678893543,29.285714285714285,0.14698800683887647,-0.04033289895470382,0.12197494367663911,0.14701025569953055,29.6,0.16456048395671402,-0.008005191994996885,50.0,0.051666942857142864,0.01107187440074252,0.39810164863099046,-0.16542846580774145,0.04390023441259383,0.020435365653465015,0.0,0.0,0.0,0.0,0.0,0.0,0.0,0.0,0.0,0.0,0.0,0.0,0.0,0.0,0.0,0.0,0.0,0.0,0.0,0.0,0.0,0.0,0.0,0.0,0.0,0.0,0.0,0.0,0.0,0.0,0.0,0.0,0.0,0.0,0.0,0.0,0.0,0.0,0.0,0.0,0.0,0.0,0.0,0.0,0.0,0.01805509376022903,0.7402588441693903,0.17124343902439024,5
2024-12-13,0.07383491666666667,0.2018449204803824,24,-0.477076,0.357046,0.17071204166666665,4.0970889999999995,0.17877654166666668,0.17913690533778404,4,24,neutral,-0.03160032723577236,0.1617526928314002,0.01260450937045486,0.09342380842499598,0.16511491474838083,33.0,0.17266095434799933,-0.043167734496124016,0.10225701921694097,0.14638605802064578,30.0,0.14989739475580724,-0.013402714912280705,0.10937466178591738,0.14381955035101007,28.714285714285715,0.14390912811863837,-0.06986861458333332,0.12062970652386133,0.1496167402274183,29.333333333333332,0.16510619888726957,-0.04035711458333334,50.0,0.06873480000000001,0.021132629859511396,0.40251769920337455,-0.17321376846345884,-0.29971313259361987,-0.036034306432329036,0.0,0.0,0.0,0.0,0.0,0.0,0.0,0.0,0.0,0.0,0.0,0.0,0.0,0.0,0.0,0.0,0.0,0.0,0.0,0.0,0.0,0.0,0.0,0.0,0.0,0.0,0.0,0.0,0.0,0.0,0.0,0.0,0.0,0.0,0.0,0.0,0.0,0.0,0.0,0.0,0.0,0.0,0.0,0.0,0.0,0.01260450937045486,0.3025082248909166,0.17071204166666665,4
2024-12-14,0.08844664285714286,0.09030799686764873,14,-0.079121,0.196398,0.09568528571428571,1.339594,0.16611857142857142,0.14016191738223238,4,14,neutral,0.014611726190476196,0.15007994949671638,0.008463042292255103,0.08923893447541616,0.13808464271431412,26.333333333333332,0.1458802554684475,-0.012554621848739483,0.09647305910562372,0.14784981591780758,30.428571428571427,0.15012425375395194,-0.04048772077922076,0.11002150362265208,0.14185839129596012,29.214285714285715,0.1457010770982302,0.009055785714285725,0.11972897054502535,0.1456177686130199,28.6,0.16134072785552353,-0.02702207936507936,50.0,-0.02398976470588235,0.014505808318117054,0.3978107412744329,-0.17572740874880294,0.19789723954645932,0.04621205342624855,0.0,0.0,0.0,0.0,0.0,0.0,0.0,0.0,0.0,0.0,0.0,0.0,0.0,0.0,0.0,0.0,0.0,0.0,0.0,0.0,0.0,0.0,0.0,0.0,0.0,0.0,0.0,0.0,0.0,0.0,0.0,0.0,0.0,0.0,0.0,0.0,0.0,0.0,0.0,0.0,0.0,0.0,0.0,0.0,0.0,0.008463042292255103,0.11848259209157144,0.09568528571428571,4
2024-12-15,0.1174538888888889,0.10155994555687957,18,-0.067322,0.275787,0.14134716666666666,2.5442489999999998,0.221036,0.10764689053622332,2,18,neutral,0.029007246031746037,0.13744253733393416,0.016601774408425928,0.09324514947089946,0.13123762096830358,18.666666666666668,0.13591483134920632,0.012018644986449875,0.0990626741849888,0.14294734379736135,31.285714285714285,0.15313131327776147,0.01812730555555557,0.11299425282900129,0.14033689138089853,29.785714285714285,0.1490688032887064,0.0416184888888889,0.11918744856175176,0.14308855723104,28.166666666666668,0.15957250545408985,-0.016245659498207873,50.0,0.03149007487922706,0.018014080526920065,0.3945929944710864,-0.17358075743156756,0.32796322273755396,0.014395519841269841,0.0,0.0,0.0,0.0,0.0,0.0,0.0,0.0,0.0,0.0,0.0,0.0,0.0,0.0,0.0,0.0,0.0,0.0,0.0,0.0,0.0,0.0,0.0,0.0,0.0,0.0,0.0,0.0,0.0,0.0,0.0,0.0,0.0,0.0,0.0,0.0,0.0,0.0,0.0,0.0,0.0,0.0,0.0,0.0,0.0,0.016601774408425928,0.2988319393516667,0.14134716666666666,2
2024-12-16,0.16350041666666668,0.12804773503384237,24,-0.028044,0.445082,0.183966125,4.415187,0.27143325,0.08577194167915894,4,24,bullish,0.046046527777777777,0.12877232174673287,0.030078538090052086,0.12313364947089944,0.10663855915279023,18.666666666666668,0.14033285912698412,0.08966550000000001,0.10952500355006818,0.14000106115347197,28.285714285714285,0.15857545494442812,0.07323630555555556,0.11510999687662034,0.13842083953538295,29.214285714285715,0.15051050194942067,0.029620416666666677,0.1202688691173073,0.14417201939896104,28.3,0.1618395412874232,0.032442616666666674,50.0,0.040305751063829776,0.019114663133862106,0.3927681404187252,-0.16512536456968255,0.39203919268554555,0.01703928174603174,0.0,0.0,0.0,0.0,0.0,0.0,0.0,0.0,0.0,0.0,0.0,0.0,0.0,0.0,0.0,0.0,0.0,0.0,0.0,0.0,0.0,0.0,0.0,0.0,0.0,0.0,0.0,0.0,0.0,0.0,0.0,0.0,0.0,0.0,0.0,0.0,0.0,0.0,0.0,0.0,0.0,0.0,0.0,0.0,0.0,0.030078538090052086,0.72188491416125,0.183966125,4
2024-12-17,0.13848608695652173,0.1632181462348955,23,-0.222493,0.592394,0.16695008695652175,3.839852,0.21658195652173914,0.1319432484612154,4,23,neutral,-0.025014329710144945,0.1369957488347297,0.023120264259659736,0.1398134641706924,0.1309419422752058,21.666666666666668,0.16408779287439612,0.05003944409937887,0.11259406580631545,0.1397826525626298,25.428571428571427,0.15799021819735318,0.02148343579373105,0.11643589197668934,0.13992187507650936,28.285714285714285,0.15135755181139446,0.01856253140096617,0.12006606534919137,0.14548663555562683,28.9,0.1655912708526406,-0.006084113043478279,50.0,-0.06211458620689653,0.01040799718576168,0.39103294955519097,-0.15817255210727033,-0.15299245237486103,-0.07106085748792272,0.0,0.0,0.0,0.0,0.0,0.0,0.0,0.0,0.0,0.0,0.0,0.0,0.0,0.0,0.0,0.0,0.0,0.0,0.0,0.0,0.0,0.0,0.0,0.0,0.0,0.0,0.0,0.0,0.0,0.0,0.0,0.0,0.0,0.0,0.0,0.0,0.0,0.0,0.0,0.0,0.0,0.0,0.0,0.0,0.0,0.023120264259659736,0.5317660779721739,0.16695008695652175,4
2024-12-18,0.11131536842105264,0.12375241818667539,38,-0.176951,0.374988,0.17439294736842106,6.626932,0.24483128947368424,0.11788677038052989,6,38,neutral,-0.027170718535469096,0.12137724837598832,0.01941261518634903,0.13776729068141366,0.13833943315180441,28.333333333333332,0.17510305310831428,-0.006138520467836264,0.11406750919419692,0.13297602473646217,26.0,0.15775672748527889,0.010314103715170289,0.11522491114962168,0.13943082157478345,28.142857142857142,0.15390297305199593,-0.016953731578947362,0.12011356978675587,0.14346496305446257,29.033333333333335,0.1657892122355095,0.0014251331269349854,50.0,0.04761683183568677,0.012600738469475981,0.3884529037426978,-0.15903778373838617,-0.19619818230548647,-0.0021563888253241514,0.0,0.0,0.0,0.0,0.0,0.0,0.0,0.0,0.0,0.0,0.0,0.0,0.0,0.0,0.0,0.0,0.0,0.0,0.0,0.0,0.0,0.0,0.0,0.0,0.0,0.0,0.0,0.0,0.0,0.0,0.0,0.0,0.0,0.0,0.0,0.0,0.0,0.0,0.0,0.0,0.0,0.0,0.0,0.0,0.0,0.01941261518634903,0.7376793770812632,0.17439294736842106,6
2024-12-19,0.16493145454545455,0.12263020294953107,33,-0.053234,0.419202,0.13758439393939392,4.540285,0.24964736363636364,0.12211752238643371,7,33,bullish,0.05361608612440191,0.1278416895923648,0.022691994215179062,0.13824430330767626,0.13653358912370064,31.333333333333332,0.15964247608811225,0.001431037878787872,0.12256696785748487,0.1330516236156936,24.857142857142858,0.15294829247313654,0.059496210643015524,0.11336933031666153,0.13808987342821558,28.428571428571427,0.1511846169540709,-0.025978131661442,0.12056416392377826,0.1406706470528879,28.6,0.16180599855522845,0.013517824110671928,50.0,-0.02140692613636362,0.013588793413760092,0.3900679711412899,-0.15853005880743284,0.48165933316231757,0.08078680465987101,0.0,0.0,0.0,0.0,0.0,0.0,0.0,0.0,0.0,0.0,0.0,0.0,0.0,0.0,0.0,0.0,0.0,0.0,0.0,0.0,0.0,0.0,0.0,0.0,0.0,0.0,0.0,0.0,0.0,0.0,0.0,0.0,0.0,0.0,0.0,0.0,0.0,0.0,0.0,0.0,0.0,0.0,0.0,0.0,0.0,0.022691994215179062,0.7488358091009091,0.13758439393939392,7
2024-12-20,0.14969715384615384,0.13053009606391694,26,-0.058029,0.46459,0.1661270769230769,4.319304,0.2443961923076923,0.10282944832061261,7,26,neutral,-0.015234300699300707,0.13363571969377225,0.024868750592165676,0.1419813256042203,0.12563757240004114,32.333333333333336,0.1593681394102973,0.01121106688963211,0.1334044303116973,0.1228637915561985,25.142857142857142,0.15229329750976658,0.07586223717948717,0.11783072476431915,0.13462492478842214,27.571428571428573,0.15109534613278688,0.06245952226720647,0.11993490734985573,0.13974416164561665,27.9,0.15838085360160054,-0.01887769721767593,50.0,0.061326041666666664,0.021514351694823415,0.3948598732190116,-0.15629133121482486,-0.09236746708677201,-0.06885038682370262,0.0,0.0,0.0,0.0,0.0,0.0,0.0,0.0,0.0,0.0,0.0,0.0,0.0,0.0,0.0,0.0,0.0,0.0,0.0,0.0,0.0,0.0,0.0,0.0,0.0,0.0,0.0,0.0,0.0,0.0,0.0,0.0,0.0,0.0,0.0,0.0,0.0,0.0,0.0,0.0,0.0,0.0,0.0,0.0,0.0,0.024868750592165676,0.6465875153963075,0.1661270769230769,7
2024-12-21,0.13764253846153846,0.10632387625052003,13,-0.005265,0.370882,0.09047615384615385,1.17619,0.24125146153846153,0.08367977105969258,4,13,neutral,-0.012054615384615386,0.12929094793710777,0.012453367485621302,0.1507570489510489,0.11982805842132267,24.0,0.13139587490287488,0.02632717004048582,0.14043241539803955,0.12515177432518013,25.0,0.15154913581431914,0.04919589560439559,0.11845273725183161,0.13650079512149385,27.714285714285715,0.15083669478413556,0.00870817482517483,0.12022982529857368,0.13911098234820965,26.9,0.15682183934996066,0.008847538461538434,50.0,0.03790073263888889,0.019984772781684083,0.39629652333036636,-0.15154726748002578,-0.08052668387405748,0.003179685314685321,0.0,0.0,0.0,0.0,0.0,0.0,0.0,0.0,0.0,0.0,0.0,0.0,0.0,0.0,0.0,0.0,0.0,0.0,0.0,0.0,0.0,0.0,0.0,0.0,0.0,0.0,0.0,0.0,0.0,0.0,0.0,0.0,0.0,0.0,0.0,0.0,0.0,0.0,0.0,0.0,0.0,0.0,0.0,0.0,0.0,0.012453367485621302,0.16189377731307691,0.09047615384615385,4
2024-12-22,0.1308485,0.09080372786450405,12,0.0,0.291855,0.12059233333333334,1.447108,0.27248141666666664,0.0897066177364842,2,12,neutral,-0.006794038461538449,0.1148080642630295,0.01577932592816667,0.13939606410256408,0.10921923339298034,17.0,0.12573185470085468,-0.03408295454545454,0.1423459312710554,0.1236151717976979,24.142857142857142,0.148584159623843,0.013394611111111107,0.12070430272802211,0.13328125779752964,27.714285714285715,0.15085773645080222,0.03152191666666668,0.12009629318475254,0.1358889879227485,25.933333333333334,0.15448862363180352,-0.004005963414634134,50.0,-0.01980762259136211,0.01014672582708829,0.3897380750297108,-0.14529196917937018,-0.049360020074294964,0.005260576923076937,0.0,0.0,0.0,0.0,0.0,0.0,0.0,0.0,0.0,0.0,0.0,0.0,0.0,0.0,0.0,0.0,0.0,0.0,0.0,0.0,0.0,0.0,0.0,0.0,0.0,0.0,0.0,0.0,0.0,0.0,0.0,0.0,0.0,0.0,0.0,0.0,0.0,0.0,0.0,0.0,0.0,0.0,0.0,0.0,0.0,0.01577932592816667,0.18935191113800004,0.12059233333333334,2
2024-12-23,0.14020215555555554,0.12650871946071104,45,-0.083909,0.553527,0.19237315555555554,8.656792,0.26525035555555554,0.09815067732576821,6,45,neutral,0.009353655555555535,0.11535932451783663,0.026971131079913082,0.13623106467236465,0.10787877452524504,23.333333333333332,0.13448054757834757,-0.0094949982905983,0.13901760825518242,0.1233953124301077,27.142857142857142,0.14978516398892233,-0.023298261111111135,0.12427130590262528,0.13169818679178985,27.714285714285715,0.1541803094666752,0.04993804444444443,0.12118545045327106,0.13541134009344305,26.9,0.15614893715032202,0.03267471805555554,50.0,-0.014691393738140407,0.011179878156837396,0.3891825121098692,-0.14270854625952864,0.07148462195252936,0.016147694017093983,0.0,0.0,0.0,0.0,0.0,0.0,0.0,0.0,0.0,0.0,0.0,0.0,0.0,0.0,0.0,0.0,0.0,0.0,0.0,0.0,0.0,0.0,0.0,0.0,0.0,0.0,0.0,0.0,0.0,0.0,0.0,0.0,0.0,0.0,0.0,0.0,0.0,0.0,0.0,0.0,0.0,0.0,0.0,0.0,0.0,0.026971131079913082,1.2137008985960887,0.19237315555555554,6
2024-12-24,0.12590932142857142,0.1304852474786308,28,-0.093431,0.384695,0.1983960357142857,5.555089,0.24049382142857142,0.0681264238440691,3,28,neutral,-0.014292834126984122,0.11693033342365658,0.024979910230904335,0.13231999232804229,0.1159325649346153,28.333333333333332,0.1704538415343915,-0.011733217032967036,0.1372209274654752,0.11871918403635563,27.857142857142858,0.1542774423828886,-0.012576765527950312,0.12490749663589532,0.1292509182994927,26.642857142857142,0.1561338302901209,0.008906670265780736,0.12002734033422344,0.13638502883987616,27.566666666666666,0.15355982167413154,-0.034743303571428574,50.0,0.04033289895470382,0.012162414165223703,0.3890503312080771,-0.14281234321487934,-0.10194446776048705,-0.023646489682539656,0.0,0.0,0.0,0.0,0.0,0.0,0.0,0.0,0.0,0.0,0.0,0.0,0.0,0.0,0.0,0.0,0.0,0.0,0.0,0.0,0.0,0.0,0.0,0.0,0.0,0.0,0.0,0.0,0.0,0.0,0.0,0.0,0.0,0.0,0.0,0.0,0.0,0.0,0.0,0.0,0.0,0.0,0.0,0.0,0.0,0.024979910230904335,0.6994374864653213,0.1983960357142857,3
2024-12-25,0.1277725,0.15505571991513245,16,-0.048058,0.460405,0.116423,1.862768,0.240207,0.12363137906265277,5,16,neutral,0.001863178571428592,0.12183545819389967,0.014875657767500002,0.13129465899470896,0.1373498956181581,29.666666666666668,0.16906406375661373,-0.0030759999999999954,0.1395719462624677,0.12319108428327806,24.714285714285715,0.14599602133025705,0.016457131578947376,0.1268197277283323,0.1280835545098701,25.357142857142858,0.15187637440776797,0.026771235294117665,0.12001426220922344,0.1372741549650543,27.033333333333335,0.1520886664657982,-0.000392343749999996,50.0,0.06986861458333332,0.015447176778501874,0.3872587011890974,-0.14733442181658934,0.014797781056151482,0.016156012698412714,0.0,0.0,0.0,0.0,0.0,0.0,0.0,0.0,0.0,0.0,0.0,0.0,0.0,0.0,0.0,0.0,0.0,0.0,0.0,0.0,0.0,0.0,0.0,0.0,0.0,0.0,0.0,0.0,0.0,0.0,0.0,0.0,0.0,0.0,0.0,0.0,0.0,0.0,0.0,0.0,0.0,0.0,0.0,0.0,0.0,0.014875657767500002,0.23801052428000002,0.116423,5
2024-12-26,0.16038144999999998,0.13354013107419493,20,-0.011023,0.390556,0.16336015,3.2672030000000003,0.2701827,0.11885649801429055,7,20,bullish,0.03260894999999997,0.12727870915863465,0.0261999377292175,0.13802109047619043,0.1396936994893194,21.333333333333332,0.15939306190476188,0.02017929444444444,0.13892194561311705,0.12474964544394432,22.857142857142858,0.1496782721960579,-0.004550004545454567,0.13074445673530094,0.12890063452981895,23.857142857142858,0.15131328233459723,0.05494620609756096,0.12212047625684248,0.13574386034735836,26.533333333333335,0.15180903146579822,0.06318642142857141,50.0,-0.009055785714285725,0.02134259905545863,0.38636596751546703,-0.1391273063008537,0.2552110195855912,0.030745771428571378,0.0,0.0,0.0,0.0,0.0,0.0,0.0,0.0,0.0,0.0,0.0,0.0,0.0,0.0,0.0,0.0,0.0,0.0,0.0,0.0,0.0,0.0,0.0,0.0,0.0,0.0,0.0,0.0,0.0,0.0,0.0,0.0,0.0,0.0,0.0,0.0,0.0,0.0,0.0,0.0,0.0,0.0,0.0,0.0,0.0,0.0261999377292175,0.52399875458435,0.16336015,7
2024-12-27,0.13042668181818182,0.14898821368896023,22,-0.234255,0.325804,0.13487918181818181,2.967342,0.2553770909090909,0.10860277441554267,5,22,neutral,-0.029954768181818164,0.1389156063235259,0.017591844130896695,0.13952687727272725,0.14586135489276256,19.333333333333332,0.13822077727272725,0.0045173603896103975,0.13616902103769246,0.1273865193903791,22.285714285714285,0.1452142871810729,-0.019270472027972024,0.13478672567469488,0.12512515547328878,23.714285714285715,0.14875379234541972,0.05659176515151515,0.12359103661852382,0.13382152870816946,26.233333333333334,0.150546556881243,0.04411681085043988,50.0,-0.0416184888888889,0.011427563419394667,0.3933332356347023,-0.1459453426019071,-0.18677202495561784,-0.06256371818181813,0.0,0.0,0.0,0.0,0.0,0.0,0.0,0.0,0.0,0.0,0.0,0.0,0.0,0.0,0.0,0.0,0.0,0.0,0.0,0.0,0.0,0.0,0.0,0.0,0.0,0.0,0.0,0.0,0.0,0.0,0.0,0.0,0.0,0.0,0.0,0.0,0.0,0.0,0.0,0.0,0.0,0.0,0.0,0.0,0.0,0.017591844130896695,0.3870205708797273,0.13487918181818181,5
2024-12-28,0.12231905555555556,0.09888128480418398,18,-0.056436,0.329779,0.13106116666666667,2.359101,0.2382478888888889,0.10466096767118716,6,18,neutral,-0.00810762626262626,0.13339011939222048,0.016031278126675926,0.13770906245791245,0.12713654318911305,20.0,0.14310016616161614,-0.005453444444444455,0.13397995205112348,0.1263232920409025,23.0,0.15101214615543188,-0.0153234829059829,0.13720618372458152,0.12573753318304132,24.0,0.1512806409848755,0.03387241269841269,0.12280940037513759,0.1327066885651902,26.133333333333333,0.14807194656378267,-0.02344908730158729,50.0,-0.029620416666666677,0.010514953360472106,0.39078326268623154,-0.14109612243121414,-0.06216232867081983,0.021847141919191904,0.0,0.0,0.0,0.0,0.0,0.0,0.0,0.0,0.0,0.0,0.0,0.0,0.0,0.0,0.0,0.0,0.0,0.0,0.0,0.0,0.0,0.0,0.0,0.0,0.0,0.0,0.0,0.0,0.0,0.0,0.0,0.0,0.0,0.0,0.0,0.0,0.0,0.0,0.0,0.0,0.0,0.0,0.0,0.0,0.0,0.016031278126675926,0.2885630062801667,0.13106116666666667,6
2024-12-29,0.15506661538461539,0.12387327344073489,13,0.010515,0.386384,0.18444523076923078,2.3977880000000003,0.2673050769230769,0.10696618609593526,2,13,bullish,0.03274755982905983,0.13206772458464128,0.028601297659218938,0.1359374509194509,0.12391425731129303,17.666666666666668,0.1501285264180264,-0.005314834615384595,0.13743968282035426,0.1310475128375069,23.142857142857142,0.16013398864627434,0.02421811538461538,0.13989280704570484,0.1273313423176024,23.642857142857142,0.15435907413505867,0.03761272649572649,0.12318816984629143,0.1329326813261701,25.5,0.1470929094644237,0.011363084134615398,50.0,-0.01856253140096617,0.0016384452418462352,0.39154354388987345,-0.13537615320750562,0.26772247120716486,0.04085518609168609,0.0,0.0,0.0,0.0,0.0,0.0,0.0,0.0,0.0,0.0,0.0,0.0,0.0,0.0,0.0,0.0,0.0,0.0,0.0,0.0,0.0,0.0,0.0,0.0,0.0,0.0,0.0,0.0,0.0,0.0,0.0,0.0,0.0,0.0,0.0,0.0,0.0,0.0,0.0,0.0,0.0,0.0,0.0,0.0,0.0,0.028601297659218938,0.37181686956984616,0.18444523076923078,2
2024-12-30,0.09547536363636365,0.11773325369687167,22,-0.282703,0.301394,0.15749495454545454,3.464889,0.2544078181818182,0.11380231510434323,4,22,neutral,-0.059591251748251736,0.12460323134098913,0.015036888056119836,0.12428701152551151,0.11349593731393019,17.666666666666668,0.15766711732711727,-0.03495131818181817,0.13105014111761254,0.12979387487124414,19.857142857142858,0.1551513885019742,-0.04472679191919189,0.13503387468639746,0.12659459365067594,23.5,0.1524682762454483,-0.06802505303030303,0.12372432006274164,0.13293164899478754,26.0,0.14998947461593884,0.016084506493506512,50.0,0.016953731578947362,-0.0006889993203694905,0.3857658042461602,-0.1317511423164351,-0.38429452787401175,-0.09233881157731157,0.0,0.0,0.0,0.0,0.0,0.0,0.0,0.0,0.0,0.0,0.0,0.0,0.0,0.0,0.0,0.0,0.0,0.0,0.0,0.0,0.0,0.0,0.0,0.0,0.0,0.0,0.0,0.0,0.0,0.0,0.0,0.0,0.0,0.0,0.0,0.0,0.0,0.0,0.0,0.0,0.0,0.0,0.0,0.0,0.0,0.015036888056119836,0.3308115372346364,0.15749495454545454,4
2024-12-31,0.10719068,0.16636118649761225,25,-0.357701,0.546196,0.21599143999999998,5.399786,0.22689468000000002,0.14386700551311268,4,25,neutral,0.011715316363636347,0.1311674424256726,0.023152269327779196,0.11924421967365965,0.13598923787840625,20.0,0.1859772084382284,-0.01512837555555556,0.12837604948495948,0.13491900901681292,19.428571428571427,0.1576650176856477,-0.018718641428571423,0.13279848847521736,0.12681909652658427,23.642857142857142,0.15597123003426816,-0.031295406956521735,0.12476949606274165,0.13438165706578323,26.5,0.1540492226159388,0.03135528,50.0,0.025978131661442,0.004398306707719855,0.3855715123636424,-0.13093790890450552,0.12270512431098335,0.07130656811188808,0.0,0.0,0.0,0.0,0.0,0.0,0.0,0.0,0.0,0.0,0.0,0.0,0.0,0.0,0.0,0.0,0.0,0.0,0.0,0.0,0.0,0.0,0.0,0.0,0.0,0.0,0.0,0.0,0.0,0.0,0.0,0.0,0.0,0.0,0.0,0.0,0.0,0.0,0.0,0.0,0.0,0.0,0.0,0.0,0.0,0.023152269327779196,0.57880673319448,0.21599143999999998,4
2025-01-01,0.1062338,0.1450682304854217,15,-0.097947,0.493366,0.15805053333333333,2.370758,0.2015651333333333,0.10296950222750886,4,15,neutral,-0.0009568799999999933,0.1303834457849649,0.016790308748026665,0.10296661454545453,0.14305422355996852,20.666666666666668,0.17717897595959595,-0.04883281538461538,0.12529909234210232,0.1334922248125685,19.285714285714285,0.16361180816183815,-0.021538700000000008,0.132435519302285,0.1283416545479233,22.0,0.1548039147460476,-0.005081568421052632,0.12384795606274164,0.13405484938626197,25.933333333333334,0.15385816226871663,-0.027646199999999996,50.0,-0.06245952226720647,-0.0009092631288430408,0.38790816213757146,-0.13319470306867848,-0.00892689550994541,-0.01267219636363634,0.0,0.0,0.0,0.0,0.0,0.0,0.0,0.0,0.0,0.0,0.0,0.0,0.0,0.0,0.0,0.0,0.0,0.0,0.0,0.0,0.0,0.0,0.0,0.0,0.0,0.0,0.0,0.0,0.0,0.0,0.0,0.0,0.0,0.0,0.0,0.0,0.0,0.0,0.0,0.0,0.0,0.0,0.0,0.0,0.0,0.016790308748026665,0.25185463122039997,0.15805053333333333,4
2025-01-02,0.14582435714285716,0.09433091499656912,28,-0.006019,0.30021,0.13717775000000001,3.840977,0.24524071428571428,0.0942400444479149,6,28,neutral,0.039590557142857155,0.12947337182344193,0.020003857208053574,0.11974961238095234,0.13525344399320102,22.666666666666668,0.1704065744444444,0.05034899350649351,0.12321950764822479,0.12789090823005056,20.428571428571427,0.15987146530469531,-0.014557092857142823,0.13107072663067093,0.12632027683699745,21.642857142857142,0.15477486875037658,-0.01910709740259739,0.12471131611565169,0.13245909159751004,25.666666666666668,0.1532610409724203,0.025900801587301597,50.0,-0.00870817482517483,-0.006358271326607335,0.3807562336129996,-0.11884383049648764,0.37267383020147227,0.04054743714285715,0.0,0.0,0.0,0.0,0.0,0.0,0.0,0.0,0.0,0.0,0.0,0.0,0.0,0.0,0.0,0.0,0.0,0.0,0.0,0.0,0.0,0.0,0.0,0.0,0.0,0.0,0.0,0.0,0.0,0.0,0.0,0.0,0.0,0.0,0.0,0.0,0.0,0.0,0.0,0.0,0.0,0.0,0.0,0.0,0.0,0.020003857208053574,0.5601080018255,0.13717775000000001,6
2025-01-03,0.13550827777777777,0.16692105199928858,36,-0.580952,0.443518,0.18583963888888888,6.690227,0.21989708333333333,0.12601180325245614,4,36,neutral,-0.01031607936507939,0.13808292753515267,0.025182809408677467,0.1291888116402116,0.13544006582709314,26.333333333333332,0.16035597407407406,0.028317597777777773,0.12394544992816707,0.13045274227438317,22.428571428571427,0.1671515306005106,0.0050815959595959526,0.13005723548292977,0.12891963083238112,22.357142857142858,0.15618290889079176,-0.014188876068376072,0.12495262204157762,0.13366888775712507,25.533333333333335,0.15483046060204994,0.007239177777777772,50.0,-0.03152191666666668,-0.01762388590994067,0.39077062087219544,-0.12415205426361992,-0.07074318424715031,-0.049906636507936544,0.0,0.0,0.0,0.0,0.0,0.0,0.0,0.0,0.0,0.0,0.0,0.0,0.0,0.0,0.0,0.0,0.0,0.0,0.0,0.0,0.0,0.0,0.0,0.0,0.0,0.0,0.0,0.0,0.0,0.0,0.0,0.0,0.0,0.0,0.0,0.0,0.0,0.0,0.0,0.0,0.0,0.0,0.0,0.0,0.0,0.025182809408677467,0.9065811387123888,0.18583963888888888,4
2025-01-04,0.16798542857142856,0.18873835070672443,14,-0.004644,0.63663,0.1976652857142857,2.767314,0.23300957142857143,0.06822392313067799,2,14,bullish,0.032477150793650794,0.15228394693712322,0.03320488773440816,0.14977268783068778,0.1499967725675274,26.0,0.1735608915343915,0.06175162857142856,0.13046921750186322,0.1432894659747461,21.857142857142858,0.17666640475017045,0.04566637301587301,0.13222458477649335,0.1348063790078243,22.428571428571427,0.16383927545280116,0.030342890109890108,0.1241884834537287,0.13524671688063317,25.033333333333335,0.15556459081551466,-0.022924157635467984,50.0,-0.04993804444444443,-0.022166359102180525,0.40201503837130687,-0.13034331779447744,0.2396691281613852,0.04279323015873018,0.0,0.0,0.0,0.0,0.0,0.0,0.0,0.0,0.0,0.0,0.0,0.0,0.0,0.0,0.0,0.0,0.0,0.0,0.0,0.0,0.0,0.0,0.0,0.0,0.0,0.0,0.0,0.0,0.0,0.0,0.0,0.0,0.0,0.0,0.0,0.0,0.0,0.0,0.0,0.0,0.0,0.0,0.0,0.0,0.0,0.03320488773440816,0.46486842828171426,0.1976652857142857,2
2025-01-05,0.013282900000000004,0.2808978841225837,10,-0.62334,0.317182,0.2112956,2.112956,0.1437354,0.22426372007190304,3,10,neutral,-0.15470252857142855,0.1751912864621175,0.0028066183252400006,0.10559220211640208,0.2121857622761989,20.0,0.19826684153439147,-0.13254145714285714,0.11021440101834672,0.1657215532150102,21.428571428571427,0.1805021717831375,-0.14178371538461537,0.12382704191935048,0.14838453302625856,22.285714285714285,0.17031808021470593,-0.1175656,0.12172332573443043,0.13864200045068514,24.1,0.1570285485348129,-0.07395473157894737,50.0,-0.008906670265780736,-0.018531712588501836,0.4097891774468477,-0.1531392085366849,-0.9209282607845238,-0.18717967936507934,0.0,0.0,0.0,0.0,0.0,0.0,0.0,0.0,0.0,0.0,0.0,0.0,0.0,0.0,0.0,0.0,0.0,0.0,0.0,0.0,0.0,0.0,0.0,0.0,0.0,0.0,0.0,0.0,0.0,0.0,0.0,0.0,0.0,0.0,0.0,0.0,0.0,0.0,0.0,0.0,0.0,0.0,0.0,0.0,0.0,0.0028066183252400006,0.028066183252400005,0.2112956,3
2025-01-06,0.13136698360655738,0.12788951891645794,61,-0.155031,0.487459,0.16556818032786882,10.099658999999999,0.2578753770491803,0.1084069650105816,3,61,neutral,0.11808408360655738,0.17175554414832478,0.02175019243089868,0.10421177072599529,0.1991752512485887,28.333333333333332,0.19150968868071816,-0.004141294171220389,0.11534177529980297,0.1671724482463797,27.0,0.18165548975205384,0.03589161997019373,0.12319595820870777,0.1484831615588119,23.428571428571427,0.168403439127014,-0.00883517194899816,0.12180441306677023,0.14023626136164988,25.766666666666666,0.15941091212149944,0.0024326199701937556,50.0,-0.026771235294117665,-0.018215136880440838,0.4059003595475057,-0.1499623009723393,8.889932439945897,0.27278661217798594,0.0,0.0,0.0,0.0,0.0,0.0,0.0,0.0,0.0,0.0,0.0,0.0,0.0,0.0,0.0,0.0,0.0,0.0,0.0,0.0,0.0,0.0,0.0,0.0,0.0,0.0,0.0,0.0,0.0,0.0,0.0,0.0,0.0,0.0,0.0,0.0,0.0,0.0,0.0,0.0,0.0,0.0,0.0,0.0,0.0,0.02175019243089868,1.3267617382848194,0.16556818032786882,3
2025-01-07,0.1590971627906977,0.1303787066356952,43,-0.117896,0.571755,0.13299867441860466,5.718943,0.28865776744186045,0.10438929680740566,6,43,bullish,0.027730179184140308,0.17896510247615,0.021159711754923746,0.10124901546575166,0.17972203655824562,38.0,0.1699541515821578,-0.008888265780730875,0.12275698712704551,0.16203209398039156,29.571428571428573,0.16979938038328307,0.05190648279069769,0.1255665183060025,0.14847555149860223,24.5,0.16373219903446537,0.03318784136212627,0.12379676571534906,0.14005297656950627,26.8,0.15983427626878624,0.05977057945736436,50.0,-0.05494620609756096,-0.022257767402284703,0.40895207811088996,-0.1482358400987591,0.2110894109222441,-0.09035390442241707,0.0,0.0,0.0,0.0,0.0,0.0,0.0,0.0,0.0,0.0,0.0,0.0,0.0,0.0,0.0,0.0,0.0,0.0,0.0,0.0,0.0,0.0,0.0,0.0,0.0,0.0,0.0,0.0,0.0,0.0,0.0,0.0,0.0,0.0,0.0,0.0,0.0,0.0,0.0,0.0,0.0,0.0,0.0,0.0,0.0,0.021159711754923746,0.9098676054617211,0.13299867441860466,6
2025-01-08,0.13752845714285714,0.13619351495581633,35,-0.085166,0.476267,0.1862058,6.517203,0.22435042857142856,0.09916358508702136,5,35,neutral,-0.021568705647840553,0.17281959506745553,0.02560859638505143,0.1426642011800374,0.1314872468359898,46.333333333333336,0.16159088491549112,0.12424555714285714,0.12722765243316797,0.16076427747616218,32.42857142857143,0.173821561335664,0.03129465714285713,0.12626337238763516,0.14712825114436537,25.857142857142858,0.1687166847487511,0.009755957142857125,0.12537224391640725,0.13963703661666452,26.466666666666665,0.1611792318243418,0.04726434603174602,50.0,-0.05659176515151515,-0.03042948926122498,0.4089382594413886,-0.15096232116951747,-0.1355693921218164,-0.04929888483198086,0.0,0.0,0.0,0.0,0.0,0.0,0.0,0.0,0.0,0.0,0.0,0.0,0.0,0.0,0.0,0.0,0.0,0.0,0.0,0.0,0.0,0.0,0.0,0.0,0.0,0.0,0.0,0.0,0.0,0.0,0.0,0.0,0.0,0.0,0.0,0.0,0.0,0.0,0.0,0.0,0.0,0.0,0.0,0.0,0.0,0.02560859638505143,0.8963008734768,0.1862058,5
2025-01-09,0.13270776,0.1499855937182746,25,-0.242034,0.514559,0.2094218,5.235545,0.255012,0.14887459807362483,3,25,neutral,-0.004820697142857128,0.16506904366976555,0.027791897973168,0.14311112664451822,0.13885260510326206,34.333333333333336,0.17620875813953485,0.0013407763934426276,0.12535385284133121,0.16871494586497726,32.0,0.18414213990709258,-0.01311659714285715,0.124286680244778,0.14830292704751388,26.214285714285715,0.17200680260589393,-0.027673689999999973,0.12589574754431423,0.13914498952824733,25.866666666666667,0.1624584003514736,0.015705108837209325,50.0,-0.03387241269841269,-0.03707954974565328,0.4100343395145167,-0.15375734062726093,-0.0350523611113418,0.016748008504983425,0.0,0.0,0.0,0.0,0.0,0.0,0.0,0.0,0.0,0.0,0.0,0.0,0.0,0.0,0.0,0.0,0.0,0.0,0.0,0.0,0.0,0.0,0.0,0.0,0.0,0.0,0.0,0.0,0.0,0.0,0.0,0.0,0.0,0.0,0.0,0.0,0.0,0.0,0.0,0.0,0.0,0.0,0.0,0.0,0.0,0.027791897973168,0.6947974493292,0.2094218,3
2025-01-10,0.12973633333333331,0.11784751139493428,33,-0.116404,0.392252,0.1487980606060606,4.910336,0.2640802727272727,0.08690419713298977,5,33,neutral,-0.0029714266666666933,0.1324589691242357,0.01930451479014141,0.13332418349206346,0.13467554002300838,31.0,0.18147522020202014,-0.029360829457364374,0.12452928934926773,0.16170444006435522,31.571428571428573,0.17885048586668856,-0.0057719444444444545,0.12423736963871738,0.1460785911693692,27.0,0.17300100823359957,-0.000690348484848502,0.12685358316522927,0.13735994614241687,25.833333333333332,0.16155075629324422,0.02873506862745097,50.0,-0.03761272649572649,-0.03431879465993329,0.41079139277254784,-0.1553050143981126,-0.022390752934618896,0.0018492704761904344,0.0,0.0,0.0,0.0,0.0,0.0,0.0,0.0,0.0,0.0,0.0,0.0,0.0,0.0,0.0,0.0,0.0,0.0,0.0,0.0,0.0,0.0,0.0,0.0,0.0,0.0,0.0,0.0,0.0,0.0,0.0,0.0,0.0,0.0,0.0,0.0,0.0,0.0,0.0,0.0,0.0,0.0,0.0,0.0,0.0,0.01930451479014141,0.6370489880746665,0.1487980606060606,5
2025-01-11,0.040336384615384614,0.09497204158640449,13,-0.109962,0.155508,0.11578430769230769,1.505196,0.22165415384615386,0.08824351074993762,1,13,neutral,-0.08939994871794871,0.125875473658225,0.004670320367502958,0.10092682598290593,0.12093504889987113,23.666666666666668,0.1580013894327894,-0.09719207252747253,0.10629371164126146,0.14830925304716663,31.428571428571427,0.16715320329212027,-0.12764904395604396,0.11838146457156233,0.14579935951095638,26.642857142857142,0.17190980402114533,-0.08198267094017095,0.12468362118899412,0.13645564716879996,24.9,0.15970211858217484,-0.06509885928705442,50.0,0.06802505303030304,-0.02579288045376908,0.4066826183755071,-0.16024745153953338,-0.6890895281297353,-0.08642852205128201,0.0,0.0,0.0,0.0,0.0,0.0,0.0,0.0,0.0,0.0,0.0,0.0,0.0,0.0,0.0,0.0,0.0,0.0,0.0,0.0,0.0,0.0,0.0,0.0,0.0,0.0,0.0,0.0,0.0,0.0,0.0,0.0,0.0,0.0,0.0,0.0,0.0,0.0,0.0,0.0,0.0,0.0,0.0,0.0,0.0,0.004670320367502958,0.06071416477753846,0.11578430769230769,1
2025-01-12,0.12239194117647058,0.08682823728810128,17,0.039792,0.336424,0.11024441176470588,1.874155,0.2588193529411765,0.09325156312626963,1,17,neutral,0.08205555656108596,0.11716537978870618,0.013493027559740483,0.09748821970839612,0.09988259675648002,21.0,0.1249422600210247,-0.01031581882352943,0.1218807175236144,0.12058501778509774,32.42857142857143,0.1527173192585068,0.10910904117647058,0.11604755927098055,0.14315328550005396,26.928571428571427,0.16660974552082217,-0.03267467420814481,0.12630218867265425,0.13262175772905724,24.666666666666668,0.15768653091877613,0.04855702450980391,50.0,0.031295406956521735,-0.018813177828970365,0.4018240594392919,-0.1571699140412267,2.034281389953559,0.17145550527903466,0.0,0.0,0.0,0.0,0.0,0.0,0.0,0.0,0.0,0.0,0.0,0.0,0.0,0.0,0.0,0.0,0.0,0.0,0.0,0.0,0.0,0.0,0.0,0.0,0.0,0.0,0.0,0.0,0.0,0.0,0.0,0.0,0.0,0.0,0.0,0.0,0.0,0.0,0.0,0.0,0.0,0.0,0.0,0.0,0.0,0.013493027559740483,0.22938146851558822,0.11024441176470588,1
2025-01-13,0.09855829729729729,0.1165617320383078,37,-0.198168,0.404257,0.14007086486486486,5.182622,0.26920654054054055,0.11612526101408165,5,37,neutral,-0.02383364387917329,0.11323902320520449,0.013805145942040905,0.08709554102971746,0.09945400363760452,22.333333333333332,0.12203319477395945,-0.031178036036036028,0.11719376233657723,0.11896676251679057,29.0,0.14907484562093481,-0.03280868630926009,0.1162677688181901,0.14306960538158514,28.0,0.1653651676864943,0.003082933660933637,0.1266392438206594,0.13349688223474587,25.433333333333334,0.15916605022379543,0.010111654440154424,50.0,0.005081568421052632,-0.0126998875105818,0.3990641566886959,-0.15714511370375808,-0.19473213391401967,-0.10588920044025925,0.0,0.0,0.0,0.0,0.0,0.0,0.0,0.0,0.0,0.0,0.0,0.0,0.0,0.0,0.0,0.0,0.0,0.0,0.0,0.0,0.0,0.0,0.0,0.0,0.0,0.0,0.0,0.0,0.0,0.0,0.0,0.0,0.0,0.0,0.0,0.0,0.0,0.0,0.0,0.0,0.0,0.0,0.0,0.0,0.0,0.013805145942040905,0.5107903998555134,0.14007086486486486,5
2025-01-14,0.10472128125,0.13104496568101237,32,-0.157811,0.491851,0.16097584375,5.151227,0.24132578125,0.09296505802536931,3,32,neutral,0.006162983952702719,0.10945089759775203,0.016857596607799803,0.10855717324125592,0.1114783116691405,28.666666666666668,0.13709704012652354,0.06438489663461539,0.10942577925933471,0.11906194238040732,27.428571428571427,0.15307158409684843,-0.05437588154069768,0.11609138319319011,0.1405470181803994,28.5,0.16143548224006574,-0.0024693987499999903,0.12621482356602975,0.13447971623888363,25.9,0.15982033945990656,-0.012732607638888893,50.0,0.01910709740259739,-0.009587246658539788,0.3955105203277839,-0.15589659921784604,0.06253135577324676,0.02999662783187601,0.0,0.0,0.0,0.0,0.0,0.0,0.0,0.0,0.0,0.0,0.0,0.0,0.0,0.0,0.0,0.0,0.0,0.0,0.0,0.0,0.0,0.0,0.0,0.0,0.0,0.0,0.0,0.0,0.0,0.0,0.0,0.0,0.0,0.0,0.0,0.0,0.0,0.0,0.0,0.0,0.0,0.0,0.0,0.0,0.0,0.016857596607799803,0.5394430914495937,0.16097584375,3
2025-01-15,0.15543936363636363,0.10161354494748683,44,-0.023751,0.391352,0.17820561363636364,7.841047,0.24231745454545453,0.1102546253943949,7,44,bullish,0.05071808238636362,0.10620410430826255,0.027700167180064048,0.11957298072788695,0.11640674755560233,37.666666666666664,0.1597507740837428,0.03304742245989305,0.11198448018697849,0.11412194666493167,28.714285714285715,0.15192870033061467,0.01791090649350649,0.11960606631007323,0.13744311207054694,30.571428571428573,0.16287513083313934,0.04920556363636362,0.125946121798353,0.13359857656933846,26.566666666666666,0.159628322414452,-0.00806105303030305,50.0,0.014188876068376072,-0.005036123173818261,0.3920707573969312,-0.15295104492335707,0.48431495280586634,0.0445550984336609,0.0,0.0,0.0,0.0,0.0,0.0,0.0,0.0,0.0,0.0,0.0,0.0,0.0,0.0,0.0,0.0,0.0,0.0,0.0,0.0,0.0,0.0,0.0,0.0,0.0,0.0,0.0,0.0,0.0,0.0,0.0,0.0,0.0,0.0,0.0,0.0,0.0,0.0,0.0,0.0,0.0,0.0,0.0,0.0,0.0,0.027700167180064048,1.218807355922818,0.17820561363636364,7
2025-01-16,0.15646533333333335,0.146824415885452,33,-0.265978,0.441315,0.17223245454545455,5.683671,0.27732030303030303,0.0918208895181554,4,33,bullish,0.0010259696969697196,0.11657457916807205,0.02694840841127273,0.1388753260732323,0.12649430883798374,36.333333333333336,0.1704713039772727,0.05790703603603606,0.11537841923459756,0.1136703498316713,29.857142857142858,0.14661593669425102,0.023757573333333337,0.1203661360379644,0.14119264784832428,30.928571428571427,0.16537903830067183,0.010640976190476187,0.12654543001091337,0.1330521188910237,26.9,0.15980440133408308,0.017979246376811614,50.0,-0.030342890109890108,-0.002302421397410389,0.393156310192338,-0.15143273256724865,0.006600449673545228,-0.0496921126893939,0.0,0.0,0.0,0.0,0.0,0.0,0.0,0.0,0.0,0.0,0.0,0.0,0.0,0.0,0.0,0.0,0.0,0.0,0.0,0.0,0.0,0.0,0.0,0.0,0.0,0.0,0.0,0.0,0.0,0.0,0.0,0.0,0.0,0.0,0.0,0.0,0.0,0.0,0.0,0.0,0.0,0.0,0.0,0.0,0.0,0.02694840841127273,0.8892974775720002,0.17223245454545455,4
2025-01-17,0.1255816129032258,0.11935502681738418,31,-0.121197,0.43567,0.13381693548387097,4.148325,0.22826806451612905,0.13874955895760185,3,31,neutral,-0.030883720430107536,0.12307993707392864,0.016804946591831425,0.1458287699576409,0.12259766255010766,36.0,0.1614183345552297,0.020860331653225803,0.11478488774458219,0.11388570917773556,29.571428571428573,0.14447577596250966,-0.004154720430107506,0.11965708854692494,0.1377950746210454,30.571428571428573,0.1616631309145991,-0.00992666487455196,0.1270209714936525,0.13290553917871398,26.666666666666668,0.15845186760459812,0.014266244482173174,50.0,0.1175656,0.017048396952757963,0.3953668122610415,-0.15331697890118517,-0.1973837895728182,-0.031909690127077256,0.0,0.0,0.0,0.0,0.0,0.0,0.0,0.0,0.0,0.0,0.0,0.0,0.0,0.0,0.0,0.0,0.0,0.0,0.0,0.0,0.0,0.0,0.0,0.0,0.0,0.0,0.0,0.0,0.0,0.0,0.0,0.0,0.0,0.0,0.0,0.0,0.0,0.0,0.0,0.0,0.0,0.0,0.0,0.0,0.0,0.016804946591831425,0.5209533443467742,0.13381693548387097,3
2025-01-18,0.16112383333333333,0.06548245258209764,6,0.090663,0.265509,0.13709966666666665,0.8225979999999999,0.20931183333333334,0.10413371012773272,2,6,bullish,0.03554222043010752,0.11286408118268661,0.02209002384205555,0.14772359318996411,0.11055396509497795,23.333333333333332,0.14771635223199733,0.005684469696969702,0.132040237561432,0.10967291074854887,28.571428571428573,0.14752082724456092,0.12078744871794872,0.11916697460134673,0.12899108189785777,30.0,0.1573370152683406,-0.006861595238095236,0.12689405078658178,0.1310006141664662,25.766666666666666,0.15843571002884052,-0.0038076212121212205,50.0,0.00883517194899816,0.021793684135803612,0.38983059107261375,-0.1471750359178856,0.2830208946073709,0.06642594086021505,0.0,0.0,0.0,0.0,0.0,0.0,0.0,0.0,0.0,0.0,0.0,0.0,0.0,0.0,0.0,0.0,0.0,0.0,0.0,0.0,0.0,0.0,0.0,0.0,0.0,0.0,0.0,0.0,0.0,0.0,0.0,0.0,0.0,0.0,0.0,0.0,0.0,0.0,0.0,0.0,0.0,0.0,0.0,0.0,0.0,0.02209002384205555,0.1325401430523333,0.13709966666666665,2
2025-01-19,0.15377435714285714,0.14073797436513394,14,-0.060343,0.4666,0.22858414285714285,3.2001779999999997,0.2176519285714286,0.11563623355989065,2,14,bullish,-0.007349476190476184,0.11480268291951093,0.03515037962090816,0.14682660112647206,0.1085251512548719,17.0,0.16650024833589347,-0.002690976190476202,0.13652343984234436,0.11737430175955353,28.142857142857142,0.16442650311490908,0.031382415966386565,0.12920207868297937,0.11897965977232564,30.285714285714285,0.15857191118670794,0.14049145714285713,0.12702995756313853,0.13134087677650677,25.366666666666667,0.1605176122266427,0.004077203296703302,50.0,-0.03318784136212627,0.02228533803953697,0.3950460128147646,-0.1465605583093871,-0.04561383650345241,-0.0428916966205837,0.0,0.0,0.0,0.0,0.0,0.0,0.0,0.0,0.0,0.0,0.0,0.0,0.0,0.0,0.0,0.0,0.0,0.0,0.0,0.0,0.0,0.0,0.0,0.0,0.0,0.0,0.0,0.0,0.0,0.0,0.0,0.0,0.0,0.0,0.0,0.0,0.0,0.0,0.0,0.0,0.0,0.0,0.0,0.0,0.0,0.03515037962090816,0.49210531469271424,0.22858414285714285,2
2025-01-20,0.12278217647058823,0.08421780160707955,17,-0.023643,0.311769,0.12950017647058826,2.201503,0.24748735294117646,0.1125751192676146,4,17,neutral,-0.030992180672268915,0.11132353425142946,0.015900313520384086,0.14589345564892622,0.09681274285143703,12.333333333333334,0.1650613286647992,-0.002799436432637581,0.13998399400995737,0.11275374026937808,25.285714285714285,0.16291640477286953,0.02422387917329094,0.1285888781732673,0.11586025139308433,27.142857142857142,0.15599562519690216,-0.008584807135969152,0.12653461216344022,0.1306040076217254,25.5,0.16181841298079053,-0.014860361990950227,50.0,-0.009755957142857125,0.013643003575852507,0.3876112491492407,-0.13756664499680446,-0.20154323027653454,-0.02364270448179273,0.0,0.0,0.0,0.0,0.0,0.0,0.0,0.0,0.0,0.0,0.0,0.0,0.0,0.0,0.0,0.0,0.0,0.0,0.0,0.0,0.0,0.0,0.0,0.0,0.0,0.0,0.0,0.0,0.0,0.0,0.0,0.0,0.0,0.0,0.0,0.0,0.0,0.0,0.0,0.0,0.0,0.0,0.0,0.0,0.0,0.015900313520384086,0.27030532984652944,0.12950017647058826,4
2025-01-21,0.2016771111111111,0.15915623780537508,9,0.0,0.462338,0.24289211111111111,2.186029,0.24931344444444445,0.07541013666462737,3,9,bullish,0.07889493464052288,0.11378989863541408,0.0489857792805679,0.15941121490818547,0.12803733792586283,13.333333333333334,0.20032547681294735,0.040553277777777785,0.15383482684725894,0.11676963628714418,22.0,0.17461872868159972,0.0969558298611111,0.13163030305329684,0.11791578933377575,24.714285714285715,0.16384515638922406,0.042579948320413424,0.1288955658671439,0.13288242461975444,25.4,0.1658950722400498,0.0708286111111111,50.0,0.027673689999999973,0.013240590580683421,0.39379221543679166,-0.13420328017324423,0.642560157413578,0.1098871153127918,0.0,0.0,0.0,0.0,0.0,0.0,0.0,0.0,0.0,0.0,0.0,0.0,0.0,0.0,0.0,0.0,0.0,0.0,0.0,0.0,0.0,0.0,0.0,0.0,0.0,0.0,0.0,0.0,0.0,0.0,0.0,0.0,0.0,0.0,0.0,0.0,0.0,0.0,0.0,0.0,0.0,0.0,0.0,0.0,0.0,0.0489857792805679,0.44087201352511113,0.24289211111111111,3
2025-01-22,0.1413891111111111,0.11485070411291654,54,-0.057038,0.546917,0.1608059074074074,8.683519,0.24565766666666666,0.10080636549981861,8,54,neutral,-0.06028800000000001,0.11288903409452056,0.02273620430974897,0.15528279956427013,0.11940824784179037,26.666666666666668,0.17773273166303558,-0.012385246031746039,0.15182764791508002,0.1186606590250627,23.428571428571427,0.17213305636317738,-0.014050252525252521,0.13190606405102925,0.11639130284499719,26.071428571428573,0.16203087834689603,0.0038606539682539687,0.1289351310523291,0.1324938241081613,25.7,0.16484283063511151,0.0011869555555555633,50.0,0.000690348484848502,0.01275267725443852,0.3956224320468391,-0.1364770213864663,-0.29893327838668415,-0.1391829346405229,0.0,0.0,0.0,0.0,0.0,0.0,0.0,0.0,0.0,0.0,0.0,0.0,0.0,0.0,0.0,0.0,0.0,0.0,0.0,0.0,0.0,0.0,0.0,0.0,0.0,0.0,0.0,0.0,0.0,0.0,0.0,0.0,0.0,0.0,0.0,0.0,0.0,0.0,0.0,0.0,0.0,0.0,0.0,0.0,0.0,0.02273620430974897,1.2277550327264444,0.1608059074074074,8
2025-01-23,0.14224136363636364,0.14006150264210232,33,-0.245916,0.419082,0.18327,6.04791,0.23934066666666665,0.1077246517271194,5,33,neutral,0.0008522525252525337,0.1278048441065215,0.026068574713636362,0.16176919528619527,0.13802281485346463,32.0,0.1956560061728395,0.01945918716577541,0.14979565224408434,0.11769452856172703,23.428571428571427,0.1737098485709696,-0.014223969696969707,0.13258703573934094,0.11568243919669917,26.642857142857142,0.16016289263261033,0.00953360363636363,0.1294795324592555,0.13281303261361035,25.866666666666667,0.16433862944463531,0.01633204220779222,50.0,0.08198267094017095,0.01973885209194669,0.39327313140404974,-0.13345441215781836,0.006027709761770694,0.06114025252525254,0.0,0.0,0.0,0.0,0.0,0.0,0.0,0.0,0.0,0.0,0.0,0.0,0.0,0.0,0.0,0.0,0.0,0.0,0.0,0.0,0.0,0.0,0.0,0.0,0.0,0.0,0.0,0.0,0.0,0.0,0.0,0.0,0.0,0.0,0.0,0.0,0.0,0.0,0.0,0.0,0.0,0.0,0.0,0.0,0.0,0.026068574713636362,0.8602629655499999,0.18327,5
2025-01-24,0.16683844444444446,0.12795127448892288,36,-0.221922,0.393077,0.19671483333333334,7.081734,0.26710711111111113,0.09125659293905534,5,36,bullish,0.024597080808080818,0.12524750413127927,0.03281959679248148,0.15015630639730637,0.12762116041464722,41.0,0.18026358024691355,-0.03483866666666666,0.15568948532140128,0.11892256394337541,24.142857142857142,0.18269526254946422,0.04125683154121865,0.13523718653299174,0.1164041365605555,26.857142857142858,0.16358551925598694,0.03710211111111114,0.13078173060740367,0.13190955109940336,26.533333333333335,0.16701502388907977,0.039065944444444445,50.0,0.03267467420814481,0.021792829663032105,0.3871370745759204,-0.12743305374238736,0.17292495079675008,0.023744828282828284,0.0,0.0,0.0,0.0,0.0,0.0,0.0,0.0,0.0,0.0,0.0,0.0,0.0,0.0,0.0,0.0,0.0,0.0,0.0,0.0,0.0,0.0,0.0,0.0,0.0,0.0,0.0,0.0,0.0,0.0,0.0,0.0,0.0,0.0,0.0,0.0,0.0,0.0,0.0,0.0,0.0,0.0,0.0,0.0,0.0,0.03281959679248148,1.1815054845293333,0.19671483333333334,5
2025-01-25,0.0864326875,0.07634567781061675,16,-0.044105,0.258832,0.1352008125,2.163213,0.2224704375,0.08248698346847923,4,16,neutral,-0.08040575694444446,0.12367307937198671,0.011685769576558591,0.13183749852693602,0.11478615164721397,28.333333333333332,0.1717285486111111,-0.05495642361111111,0.14501932163092507,0.1204744532617353,25.571428571428573,0.18242399766851183,-0.07469114583333333,0.13852977959617854,0.11507368200514208,27.071428571428573,0.16497241245653638,0.04609630288461538,0.12831677185740367,0.13000306932395075,26.4,0.1660763793057464,-0.07394876249999999,50.0,-0.003082933660933637,0.02482171371291616,0.37033934331972373,-0.10332034373619073,-0.4819378244156357,-0.10500283775252528,0.0,0.0,0.0,0.0,0.0,0.0,0.0,0.0,0.0,0.0,0.0,0.0,0.0,0.0,0.0,0.0,0.0,0.0,0.0,0.0,0.0,0.0,0.0,0.0,0.0,0.0,0.0,0.0,0.0,0.0,0.0,0.0,0.0,0.0,0.0,0.0,0.0,0.0,0.0,0.0,0.0,0.0,0.0,0.0,0.0,0.011685769576558591,0.18697231322493746,0.1352008125,4
2025-01-26,0.10318575,0.10975773215431836,12,-0.083806,0.308631,0.10939199999999999,1.3127039999999999,0.27144508333333334,0.08676563457483753,3,12,neutral,0.016753062500000013,0.11379337824177538,0.011287695564,0.11881896064814813,0.10468489481795264,21.333333333333332,0.14710254861111108,-0.03905561363636363,0.13779237775337408,0.11604870437447591,25.285714285714285,0.16539654868892,-0.05058860714285714,0.13715790879785922,0.11671150306701474,26.714285714285715,0.16491152590191455,-0.01920619117647057,0.1274087407967976,0.12869538660612936,26.066666666666666,0.16522680657847372,-0.02724093181818181,50.0,0.0024693987499999903,0.012033246907360602,0.3671171029631819,-0.10291622674030462,0.1938278559254567,0.09715881944444447,0.0,0.0,0.0,0.0,0.0,0.0,0.0,0.0,0.0,0.0,0.0,0.0,0.0,0.0,0.0,0.0,0.0,0.0,0.0,0.0,0.0,0.0,0.0,0.0,0.0,0.0,0.0,0.0,0.0,0.0,0.0,0.0,0.0,0.0,0.0,0.0,0.0,0.0,0.0,0.0,0.0,0.0,0.0,0.0,0.0,0.011287695564,0.135452346768,0.10939199999999999,3
2025-01-27,0.0953402075471698,0.18662130944213848,53,-0.411069,0.507192,0.18142167924528302,9.615349,0.1901161320754717,0.1542357882908301,7,53,neutral,-0.007845542452830201,0.12814749930761976,0.01729678055280135,0.09498621501572324,0.12424157313569117,27.0,0.14200483058176097,-0.07149823689727465,0.13387209647860002,0.13067777692234148,30.428571428571427,0.17281390622816215,-0.027441968923418422,0.13692804524427868,0.12171575859585979,27.857142857142858,0.1678651555005158,-0.0032180897501274813,0.12650944586318472,0.13162005409406116,27.233333333333334,0.16690549033109425,-0.02697884800838575,50.0,-0.04920556363636362,0.005584276286764849,0.3695535154816498,-0.11172833478312533,-0.07603319695626776,-0.024598604952830214,0.0,0.0,0.0,0.0,0.0,0.0,0.0,0.0,0.0,0.0,0.0,0.0,0.0,0.0,0.0,0.0,0.0,0.0,0.0,0.0,0.0,0.0,0.0,0.0,0.0,0.0,0.0,0.0,0.0,0.0,0.0,0.0,0.0,0.0,0.0,0.0,0.0,0.0,0.0,0.0,0.0,0.0,0.0,0.0,0.0,0.01729678055280135,0.9167293692984716,0.18142167924528302,7
2025-01-28,0.12955498245614036,0.15408255570373994,57,-0.172441,0.772834,0.20686459649122807,11.791282,0.20007,0.13278907751204538,7,57,neutral,0.034214774908970555,0.13095170991994726,0.026800339169217608,0.1093603133344367,0.15015386576673226,40.666666666666664,0.16589275857883698,0.04312229495614037,0.12356893524217562,0.12995296519353647,37.285714285714285,0.1676671184253217,-0.07212212865497075,0.13870188104471728,0.12336130074034032,29.642857142857142,0.1711429235534607,0.024833701206140354,0.12565905809890224,0.13262703016949468,28.7,0.1676528025218275,-0.025511632928475025,50.0,-0.010640976190476187,0.008089483528059303,0.3709437458221063,-0.1139159125922535,0.3588703631890324,0.042060317361800756,0.0,0.0,0.0,0.0,0.0,0.0,0.0,0.0,0.0,0.0,0.0,0.0,0.0,0.0,0.0,0.0,0.0,0.0,0.0,0.0,0.0,0.0,0.0,0.0,0.0,0.0,0.0,0.0,0.0,0.0,0.0,0.0,0.0,0.0,0.0,0.0,0.0,0.0,0.0,0.0,0.0,0.0,0.0,0.0,0.0,0.026800339169217608,1.5276193326454037,0.20686459649122807,7
2025-01-29,0.12135947540983606,0.1224992397211246,61,-0.226643,0.450181,0.16875752459016394,10.294209,0.2116898360655738,0.11584077457688498,6,61,neutral,-0.008195507046304298,0.12986130296638762,0.020480324655724805,0.11541822180438205,0.15440103495566765,57.0,0.1856812667755583,0.018173725409836056,0.12070755871342205,0.13104561313756619,38.285714285714285,0.16880306373714404,-0.020029635701275042,0.13626760331425103,0.12485313608131444,30.857142857142858,0.1704680600501607,-0.03407988822652756,0.12652186182468464,0.1327858963703031,30.0,0.1680282215233178,0.025884111773472412,50.0,0.00992666487455196,0.010276441529993645,0.3676276961928831,-0.11173469142204673,-0.06325891054849098,-0.04241028195527485,0.0,0.0,0.0,0.0,0.0,0.0,0.0,0.0,0.0,0.0,0.0,0.0,0.0,0.0,0.0,0.0,0.0,0.0,0.0,0.0,0.0,0.0,0.0,0.0,0.0,0.0,0.0,0.0,0.0,0.0,0.0,0.0,0.0,0.0,0.0,0.0,0.0,0.0,0.0,0.0,0.0,0.0,0.0,0.0,0.0,0.020480324655724805,1.2492998039992131,0.16875752459016394,6
2025-01-30,0.0755480923076923,0.17193668623278194,65,-0.48644,0.506723,0.21664624615384614,14.082006,0.2089567076923077,0.12916134617997213,7,65,neutral,-0.04581138310214376,0.14897950465082066,0.016367210602545798,0.10882085005788954,0.1495061605525488,61.0,0.19742278907841268,-0.019792115239477506,0.11117994852361186,0.13559921079337758,42.857142857142854,0.17357109890197922,-0.06669327132867134,0.13048780038384808,0.1266468696775523,33.142857142857146,0.17364047373647437,-0.08091724102564105,0.12546710890160773,0.13297174636147543,31.333333333333332,0.1680500483951127,-0.0316425876923077,50.0,0.006861595238095236,0.007963986556448675,0.3703272016253859,-0.11985302095711356,-0.3774850125829631,-0.037615876055839464,0.0,0.0,0.0,0.0,0.0,0.0,0.0,0.0,0.0,0.0,0.0,0.0,0.0,0.0,0.0,0.0,0.0,0.0,0.0,0.0,0.0,0.0,0.0,0.0,0.0,0.0,0.0,0.0,0.0,0.0,0.0,0.0,0.0,0.0,0.0,0.0,0.0,0.0,0.0,0.0,0.0,0.0,0.0,0.0,0.0,0.016367210602545798,1.063868689165477,0.21664624615384614,7
2025-01-31,0.11264447368421053,0.12391606250063567,38,-0.084766,0.558173,0.17736492105263157,6.739866999999999,0.20455613157894736,0.09122418454026471,6,38,neutral,0.03709638137651823,0.15181117072008413,0.019979178182015236,0.10318401380057961,0.13945066281818075,54.666666666666664,0.18758956393221385,-0.01691050877192983,0.1034379527007213,0.13502275193790797,43.142857142857146,0.1708068257190218,-0.054193970760233925,0.12956371901106128,0.1269726579406417,33.642857142857146,0.17675104413424303,-0.012937139219015278,0.12568079802441476,0.1322666740953159,32.1,0.16869386131908928,0.006410673684210527,50.0,-0.14049145714285716,-0.007722880735518621,0.3768370081702503,-0.11913201859509542,0.49103002131982465,0.082907764478662,0.0,0.0,0.0,0.0,0.0,0.0,0.0,0.0,0.0,0.0,0.0,0.0,0.0,0.0,0.0,0.0,0.0,0.0,0.0,0.0,0.0,0.0,0.0,0.0,0.0,0.0,0.0,0.0,0.0,0.0,0.0,0.0,0.0,0.0,0.0,0.0,0.0,0.0,0.0,0.0,0.0,0.0,0.0,0.0,0.0,0.019979178182015236,0.759208770916579,0.17736492105263157,6
2025-02-01,0.0896514,0.10847119962070834,10,-0.087428,0.232145,0.1065021,1.065021,0.18800270000000002,0.0915035992286035,3,10,neutral,-0.022993073684210524,0.13618114875579806,0.009548062367940001,0.09261465533063425,0.1347746494513753,37.666666666666664,0.16683775573549253,-0.031708075409836056,0.10389776877214986,0.13961211219649247,42.285714285714285,0.16670700964759325,0.003218712500000012,0.12445854520153747,0.1300432827291139,33.92857142857143,0.17456550365805254,-0.07147243333333332,0.12380836611965283,0.13273801691612055,31.5,0.16767133965242262,-0.05617295714285715,50.0,0.008584807135969152,-0.015878198935985487,0.37736427734468747,-0.12293334188717966,-0.20412074318594364,-0.060089455060728755,0.0,0.0,0.0,0.0,0.0,0.0,0.0,0.0,0.0,0.0,0.0,0.0,0.0,0.0,0.0,0.0,0.0,0.0,0.0,0.0,0.0,0.0,0.0,0.0,0.0,0.0,0.0,0.0,0.0,0.0,0.0,0.0,0.0,0.0,0.0,0.0,0.0,0.0,0.0,0.0,0.0,0.0,0.0,0.0,0.0,0.009548062367940001,0.09548062367940001,0.1065021,3
2025-02-02,0.09337846666666666,0.12242652142808334,15,-0.040942,0.419151,0.11271099999999999,1.6906649999999999,0.24087633333333333,0.08961364078457401,3,15,neutral,0.0037270666666666535,0.1298499419006668,0.010524780356466664,0.09855811345029236,0.11827126118314245,21.0,0.13219267368421048,0.01783037435897436,0.10249672829595939,0.14142193923560176,42.714285714285715,0.1671811525047361,-0.009807283333333347,0.12014455302466674,0.12873532180503883,34.0,0.16628885059682808,-0.060395890476190484,0.12240403908261581,0.13125486589708035,30.8,0.16523371835612632,-0.04212981111111111,50.0,-0.042579948320413424,-0.024239823661380847,0.37769176475213345,-0.12377881235768867,0.041572877463895264,0.026720140350877178,0.0,0.0,0.0,0.0,0.0,0.0,0.0,0.0,0.0,0.0,0.0,0.0,0.0,0.0,0.0,0.0,0.0,0.0,0.0,0.0,0.0,0.0,0.0,0.0,0.0,0.0,0.0,0.0,0.0,0.0,0.0,0.0,0.0,0.0,0.0,0.0,0.0,0.0,0.0,0.0,0.0,0.0,0.0,0.0,0.0,0.010524780356466664,0.15787170534699996,0.11271099999999999,3
2025-02-03,0.090217,0.12818070914963203,40,-0.331731,0.357054,0.14768035,5.907214,0.19590205,0.11564463859909538,9,40,neutral,-0.003161466666666654,0.13098623578636825,0.01332327813595,0.09108228888888886,0.11969281006614123,21.666666666666668,0.12229781666666661,-0.022427473684210525,0.10176484150350655,0.13307328205095798,40.857142857142854,0.16236096261255284,-0.0051232075471698,0.11781846899105329,0.13187552948664974,35.642857142857146,0.16758743442035748,-0.03256517647058822,0.11981175813023487,0.12923627784517727,31.666666666666668,0.1635675538323168,-0.07776842857142856,50.0,-0.0038606539682539687,-0.024326237028860883,0.3766801250364954,-0.12421760076705066,-0.03385648511398398,-0.006888533333333308,0.0,0.0,0.0,0.0,0.0,0.0,0.0,0.0,0.0,0.0,0.0,0.0,0.0,0.0,0.0,0.0,0.0,0.0,0.0,0.0,0.0,0.0,0.0,0.0,0.0,0.0,0.0,0.0,0.0,0.0,0.0,0.0,0.0,0.0,0.0,0.0,0.0,0.0,0.0,0.0,0.0,0.0,0.0,0.0,0.0,0.01332327813595,0.532931125438,0.14768035,9
2025-02-04,0.06306932653061224,0.2165788280537623,49,-0.62334,0.413123,0.17528248979591837,8.588842,0.18822891836734693,0.1922680644816889,5,49,neutral,-0.027147673469387762,0.13991466415056433,0.011054948584037485,0.08222159773242628,0.15572868621049255,34.666666666666664,0.14522461326530609,-0.026582073469387762,0.09226689065700255,0.14200132095810403,39.714285714285715,0.15784923308465143,-0.06648565592552812,0.10791791294958908,0.13597714307582023,38.5,0.16275817575498655,-0.13860778458049888,0.12147130568125526,0.1270923093095499,32.96666666666667,0.1623671168255141,0.04978642653061224,50.0,-0.00953360363636363,-0.025659903960679062,0.3835581514918354,-0.14033263093296583,-0.3009152761606766,-0.023986206802721108,0.0,0.0,0.0,0.0,0.0,0.0,0.0,0.0,0.0,0.0,0.0,0.0,0.0,0.0,0.0,0.0,0.0,0.0,0.0,0.0,0.0,0.0,0.0,0.0,0.0,0.0,0.0,0.0,0.0,0.0,0.0,0.0,0.0,0.0,0.0,0.0,0.0,0.0,0.0,0.0,0.0,0.0,0.0,0.0,0.0,0.011054948584037485,0.5416924806178368,0.17528248979591837,5
2025-02-05,0.12448642857142858,0.1304386241601454,49,-0.218135,0.458807,0.15352277551020407,7.522616,0.2434221632653061,0.10728191531492835,6,49,neutral,0.06141710204081634,0.14121917648246626,0.019111502027638484,0.09259091836734691,0.1583993871211799,46.0,0.15882853843537412,0.03110796190476192,0.09271359825151577,0.14313551873510702,38.0,0.15567284035894288,0.003126953161592519,0.10671057848246891,0.1370905659363366,38.142857142857146,0.16223795204804348,-0.016902682539682523,0.12124195384675097,0.1271772794843395,32.56666666666667,0.1619656033315919,-0.006880555035128799,50.0,-0.03710211111111114,-0.024315075902317674,0.38032062708120945,-0.14029299699853032,0.9738030421334218,0.0885647755102041,0.0,0.0,0.0,0.0,0.0,0.0,0.0,0.0,0.0,0.0,0.0,0.0,0.0,0.0,0.0,0.0,0.0,0.0,0.0,0.0,0.0,0.0,0.0,0.0,0.0,0.0,0.0,0.0,0.0,0.0,0.0,0.0,0.0,0.0,0.0,0.0,0.0,0.0,0.0,0.0,0.0,0.0,0.0,0.0,0.0,0.019111502027638484,0.9364635993542857,0.15352277551020407,6
2025-02-06,0.09820389743589744,0.1182471399900704,39,-0.094329,0.453822,0.1249281282051282,4.872197,0.2469961794871795,0.09078129001613303,5,39,neutral,-0.02628253113553114,0.1431743645563387,0.012268429089115056,0.09525321751264605,0.15508819740132604,45.666666666666664,0.15124446450375018,0.007986897435897436,0.09595014184125936,0.1354655835575768,34.285714285714285,0.1425702520805546,0.022655805128205142,0.1035650451824356,0.13553239717547716,38.57142857142857,0.15807067549126688,-0.0440374662004662,0.11921217833492428,0.12677289392948532,32.43333333333333,0.16169658512447604,-0.06089326535480025,50.0,-0.04609630288461538,-0.028254556646110915,0.3788409526251117,-0.14155109408916539,-0.21112768224731093,-0.08769963317634748,0.0,0.0,0.0,0.0,0.0,0.0,0.0,0.0,0.0,0.0,0.0,0.0,0.0,0.0,0.0,0.0,0.0,0.0,0.0,0.0,0.0,0.0,0.0,0.0,0.0,0.0,0.0,0.0,0.0,0.0,0.0,0.0,0.0,0.0,0.0,0.0,0.0,0.0,0.0,0.0,0.0,0.0,0.0,0.0,0.0,0.012268429089115056,0.4784687344754872,0.1249281282051282,5
2025-02-07,0.10060685,0.12075227101739526,60,-0.150802,0.320441,0.13680793333333333,8.208476,0.25349910000000003,0.11966830035259117,4,60,neutral,0.002402952564102556,0.14283951447420107,0.013763815227676666,0.10776572533577532,0.12314601172253702,49.333333333333336,0.13841961234955516,0.037537523469387754,0.09423048131494358,0.13501361334568532,37.42857142857143,0.1367763966920834,-0.012037623684210533,0.09883421700783243,0.13501818264179663,40.285714285714285,0.15379161120555263,-0.06623159444444446,0.11798145809682906,0.1262581857982046,33.266666666666666,0.1600499895689205,-0.03692160714285714,50.0,0.01920619117647057,-0.02722349816811996,0.3813420853019748,-0.1501039250993618,0.02446901423307657,0.028685483699633696,0.0,0.0,0.0,0.0,0.0,0.0,0.0,0.0,0.0,0.0,0.0,0.0,0.0,0.0,0.0,0.0,0.0,0.0,0.0,0.0,0.0,0.0,0.0,0.0,0.0,0.0,0.0,0.0,0.0,0.0,0.0,0.0,0.0,0.0,0.0,0.0,0.0,0.0,0.0,0.0,0.0,0.0,0.0,0.0,0.0,0.013763815227676666,0.8258289136606,0.13680793333333333,4
2025-02-08,0.13799673333333334,0.10603496972391882,15,0.001999,0.410342,0.13747213333333336,2.062082,0.23256813333333334,0.09902173931434498,3,15,neutral,0.037389883333333346,0.13841036658905842,0.01897070532436445,0.11226916025641025,0.11501146024379483,38.0,0.13306939829059825,0.013510304761904762,0.10113695750541976,0.13466558050328678,38.142857142857146,0.14120068716827391,0.04834533333333334,0.1025173631387848,0.13713884634988963,40.214285714285715,0.1539538484079336,0.05156404583333335,0.11815775720794017,0.12479316499839276,32.93333333333333,0.15765166734669828,0.0052889733333333355,50.0,0.0032180897501274813,-0.02762833211122749,0.3770829036473771,-0.14742250582571653,0.37164351466459133,0.03498693076923079,0.0,0.0,0.0,0.0,0.0,0.0,0.0,0.0,0.0,0.0,0.0,0.0,0.0,0.0,0.0,0.0,0.0,0.0,0.0,0.0,0.0,0.0,0.0,0.0,0.0,0.0,0.0,0.0,0.0,0.0,0.0,0.0,0.0,0.0,0.0,0.0,0.0,0.0,0.0,0.0,0.0,0.0,0.0,0.0,0.0,0.01897070532436445,0.28456057986546673,0.13747213333333336,3
2025-02-09,0.1391051875,0.1370654958756184,16,-0.102035,0.457616,0.089201,1.427216,0.22153225,0.09949558919235231,5,16,neutral,0.0011084541666666614,0.12250770015342967,0.0124083218301875,0.12590292361111108,0.12128424553897747,30.333333333333332,0.12116035555555553,0.04090129006410256,0.10766934619589594,0.13675686256722036,38.285714285714285,0.13784211573970248,0.045726720833333345,0.10508303724592767,0.13908940090141106,40.5,0.1525116341222193,0.0359194375,0.11847005234682904,0.12543376448108223,32.36666666666667,0.15566509865982958,0.00936885416666669,50.0,-0.024833701206140354,-0.014777470340481182,0.3831838236257016,-0.1518911247010998,0.008032466710564679,-0.036281429166666684,0.0,0.0,0.0,0.0,0.0,0.0,0.0,0.0,0.0,0.0,0.0,0.0,0.0,0.0,0.0,0.0,0.0,0.0,0.0,0.0,0.0,0.0,0.0,0.0,0.0,0.0,0.0,0.0,0.0,0.0,0.0,0.0,0.0,0.0,0.0,0.0,0.0,0.0,0.0,0.0,0.0,0.0,0.0,0.0,0.0,0.0124083218301875,0.198533149283,0.089201,5
2025-02-10,0.10385594444444445,0.10638358347090547,36,-0.136925,0.442209,0.14371269444444443,5.1736569999999995,0.24339566666666668,0.10964891984771864,6,36,neutral,-0.03524924305555556,0.11769669201558168,0.01492541761018364,0.12698595509259258,0.11649468302348089,22.333333333333332,0.12346194259259256,0.0032490944444444475,0.10961776683081657,0.13364298747025943,37.714285714285715,0.13727530780319455,0.01363894444444444,0.10569130416716158,0.1333581347606087,39.285714285714285,0.1498181352078737,0.00851573689727464,0.12058737100779772,0.1258141492105656,33.13333333333333,0.15659604488490078,0.06351955982905982,50.0,0.03407988822652756,-0.011944683552641357,0.37301549985892124,-0.15150491760098614,-0.2533999176382661,-0.03635769722222222,0.0,0.0,0.0,0.0,0.0,0.0,0.0,0.0,0.0,0.0,0.0,0.0,0.0,0.0,0.0,0.0,0.0,0.0,0.0,0.0,0.0,0.0,0.0,0.0,0.0,0.0,0.0,0.0,0.0,0.0,0.0,0.0,0.0,0.0,0.0,0.0,0.0,0.0,0.0,0.0,0.0,0.0,0.0,0.0,0.0,0.01492541761018364,0.5373150339666111,0.14371269444444443,6
2025-02-11,0.12128307407407408,0.09533955209465633,27,-0.017219,0.384695,0.15014155555555556,4.053822,0.2268771111111111,0.09050778429009608,5,27,neutral,0.01742712962962964,0.11311517443649885,0.018209629404041153,0.12141473533950616,0.11292954381372672,26.333333333333332,0.12768508333333328,-0.01671365925925926,0.11793401647988255,0.11632309090467287,34.57142857142857,0.133683745768857,0.05821374754346184,0.10510045356844255,0.12916220593138844,37.142857142857146,0.14576648942675421,-0.008271908382066276,0.12055040877105117,0.12609785970411744,33.46666666666667,0.15792594967792914,-0.0011088671023964936,50.0,0.08091724102564105,0.0017772263746980278,0.3700590828052434,-0.150559104251012,0.16780098359176665,0.0526763726851852,0.0,0.0,0.0,0.0,0.0,0.0,0.0,0.0,0.0,0.0,0.0,0.0,0.0,0.0,0.0,0.0,0.0,0.0,0.0,0.0,0.0,0.0,0.0,0.0,0.0,0.0,0.0,0.0,0.0,0.0,0.0,0.0,0.0,0.0,0.0,0.0,0.0,0.0,0.0,0.0,0.0,0.0,0.0,0.0,0.0,0.018209629404041153,0.49165999390911114,0.15014155555555556,5
2025-02-12,0.12525025714285715,0.11640965560198652,35,-0.086836,0.42023,0.13236722857142857,4.632853,0.21320605714285715,0.09525948712053425,5,35,neutral,0.003967183068783062,0.11224665135341712,0.016579029415858777,0.11679642522045854,0.10604426372251609,32.666666666666664,0.14207382619047615,-0.013854930357142858,0.1180431348472295,0.1143189525392216,32.57142857142857,0.13066152477760334,0.0007638285714285653,0.10537836654937263,0.1287272356371643,35.285714285714285,0.14316718256827313,0.003890781733021084,0.12144014076590316,0.1260927904895734,33.4,0.15766916180148124,0.02669195984555986,50.0,0.012937139219015278,0.0036436478399501666,0.3668443427765565,-0.14904347487167574,0.032710113089317705,-0.013459946560846578,0.0,0.0,0.0,0.0,0.0,0.0,0.0,0.0,0.0,0.0,0.0,0.0,0.0,0.0,0.0,0.0,0.0,0.0,0.0,0.0,0.0,0.0,0.0,0.0,0.0,0.0,0.0,0.0,0.0,0.0,0.0,0.0,0.0,0.0,0.0,0.0,0.0,0.0,0.0,0.0,0.0,0.0,0.0,0.0,0.0,0.016579029415858777,0.5802660295550571,0.13236722857142857,5
2025-02-13,0.10292108823529411,0.11483070963375597,34,-0.086777,0.393497,0.16406649999999998,5.5782609999999995,0.21333470588235293,0.11571536267995403,6,34,neutral,-0.022329168907563035,0.11400579933538454,0.01688590272295588,0.1164848064840751,0.10885997244346625,32.0,0.148858428042328,-0.0009348562091503337,0.1187170192471433,0.1138308910597481,31.857142857142858,0.13625272074829933,0.00471719079939667,0.10733358054420132,0.12464823730866245,33.07142857142857,0.13941148641442697,0.027372995927601812,0.12138013433207963,0.12555231528799818,33.46666666666667,0.15777218367648124,-0.0018001930147058948,50.0,0.07147243333333332,0.012644318614360939,0.3623364184805823,-0.15092728619661658,-0.17827643165710205,-0.026296351976346097,0.0,0.0,0.0,0.0,0.0,0.0,0.0,0.0,0.0,0.0,0.0,0.0,0.0,0.0,0.0,0.0,0.0,0.0,0.0,0.0,0.0,0.0,0.0,0.0,0.0,0.0,0.0,0.0,0.0,0.0,0.0,0.0,0.0,0.0,0.0,0.0,0.0,0.0,0.0,0.0,0.0,0.0,0.0,0.0,0.0,0.01688590272295588,0.5741206925804999,0.16406649999999998,6
2025-02-14,0.13156287878787878,0.13522338486504415,33,-0.087801,0.604959,0.1296011818181818,4.276839,0.23654524242424244,0.07752905141583633,5,33,neutral,0.028641790552584673,0.11363737713326967,0.017050704574311293,0.11991140805534332,0.12215458336692886,34.0,0.14201163679653675,0.0102798047138047,0.12313930907398314,0.11589819303798365,28.0,0.1352231848175634,0.030956028787878787,0.10868489519446335,0.12545590319183447,32.714285714285715,0.1359997907548234,0.018918405103668254,0.1205842515037968,0.1266726432852501,33.1,0.15615203594920854,-0.02387648484848484,50.0,0.060395890476190484,0.023477429901838896,0.370480698750419,-0.1545585473376654,0.27828884287644673,0.05097095946014771,0.0,0.0,0.0,0.0,0.0,0.0,0.0,0.0,0.0,0.0,0.0,0.0,0.0,0.0,0.0,0.0,0.0,0.0,0.0,0.0,0.0,0.0,0.0,0.0,0.0,0.0,0.0,0.0,0.0,0.0,0.0,0.0,0.0,0.0,0.0,0.0,0.0,0.0,0.0,0.0,0.0,0.0,0.0,0.0,0.0,0.017050704574311293,0.5626732509522727,0.1296011818181818,5
2025-02-15,0.1564797,0.12107622873678475,10,-0.037497,0.347877,0.24974410000000002,2.4974410000000002,0.19047050000000001,0.1029612550884501,2,10,bullish,0.024916821212121215,0.11657590618644553,0.03907988184477,0.1303212223410576,0.12371010774519493,25.666666666666668,0.18113726060606058,0.031229442857142853,0.12577973288350694,0.11804694432553593,27.285714285714285,0.15126203719851578,0.018482966666666656,0.11345834519446336,0.12635626241441136,32.714285714285715,0.14623136218339483,0.0668283,0.12058473039268569,0.1258143703802945,32.333333333333336,0.15873575746436006,1.4366666666654204e-05,50.0,0.03256517647058822,0.0322175942746393,0.37427724590866557,-0.153025699495912,0.18939096986692627,-0.0037249693404634576,0.0,0.0,0.0,0.0,0.0,0.0,0.0,0.0,0.0,0.0,0.0,0.0,0.0,0.0,0.0,0.0,0.0,0.0,0.0,0.0,0.0,0.0,0.0,0.0,0.0,0.0,0.0,0.0,0.0,0.0,0.0,0.0,0.0,0.0,0.0,0.0,0.0,0.0,0.0,0.0,0.0,0.0,0.0,0.0,0.0,0.03907988184477,0.39079881844770004,0.24974410000000002,2
2025-02-16,0.07876179999999999,0.08812673099690013,5,-0.066307,0.169466,0.194875,0.974375,0.2597062,0.1263376105073228,2,5,neutral,-0.0777179,0.11513334196689431,0.015348705774999999,0.12226812626262624,0.11480878153290967,16.0,0.19140676060606057,-0.02415928823529412,0.11715924895493553,0.11105569220000476,25.714285714285715,0.16635832291280148,-0.06034338750000001,0.11241429757541573,0.12390627738361257,32.0,0.15210021932625198,-0.014616666666666667,0.11902406996257817,0.12477342718627837,31.466666666666665,0.16077102628156434,-0.046819812903225816,50.0,0.13860778458049888,0.045484437986197994,0.3635988676867833,-0.14400516202874666,-0.4966644235642068,-0.10263472121212122,0.0,0.0,0.0,0.0,0.0,0.0,0.0,0.0,0.0,0.0,0.0,0.0,0.0,0.0,0.0,0.0,0.0,0.0,0.0,0.0,0.0,0.0,0.0,0.0,0.0,0.0,0.0,0.0,0.0,0.0,0.0,0.0,0.0,0.0,0.0,0.0,0.0,0.0,0.0,0.0,0.0,0.0,0.0,0.0,0.0,0.015348705774999999,0.076743528875,0.194875,2
2025-02-17,0.04902468181818182,0.10218865529867337,22,-0.163715,0.271373,0.15221145454545454,3.348652,0.17798727272727272,0.0807669878720389,7,22,neutral,-0.02973711818181817,0.11228914190623167,0.007462118128173554,0.09475539393939392,0.10379720501078606,12.333333333333334,0.19894351818181813,-0.08253819696969697,0.109326211436898,0.11045641674682874,23.714285714285715,0.16757243149866005,-0.054831262626262624,0.10947198913385728,0.12204970210854409,30.714285714285715,0.1524238696509273,-0.041192318181818184,0.11528743157873977,0.1259969672768309,32.0,0.1612747525441906,-0.11209915151515151,50.0,0.016902682539682523,0.04700494829614856,0.35438296261437874,-0.14284228702013796,-0.3775576254201678,0.047980781818181835,0.0,0.0,0.0,0.0,0.0,0.0,0.0,0.0,0.0,0.0,0.0,0.0,0.0,0.0,0.0,0.0,0.0,0.0,0.0,0.0,0.0,0.0,0.0,0.0,0.0,0.0,0.0,0.0,0.0,0.0,0.0,0.0,0.0,0.0,0.0,0.0,0.0,0.0,0.0,0.0,0.0,0.0,0.0,0.0,0.0,0.007462118128173554,0.16416659881981818,0.15221145454545454,7
2025-02-18,0.11151022222222222,0.09883868630455514,27,-0.178118,0.29902,0.1578448148148148,4.26181,0.237662,0.12540480568910856,4,27,neutral,0.0624855404040404,0.1090907372403915,0.01760131037662551,0.079765568013468,0.09638469086670953,18.0,0.16831042312008973,-0.04496947777777778,0.1079300897437763,0.11095629306252856,23.714285714285715,0.16867289710712566,-0.009772851851851866,0.11293205311182943,0.11363969198360072,29.142857142857142,0.15117832143799134,0.048440895691609975,0.11387862708138528,0.12460032434147829,32.43333333333333,0.15891677494277967,-0.042264134920634924,50.0,0.0440374662004662,0.05465730023021595,0.3515244446133411,-0.1409686943378617,1.2745730943401319,0.09222265858585857,0.0,0.0,0.0,0.0,0.0,0.0,0.0,0.0,0.0,0.0,0.0,0.0,0.0,0.0,0.0,0.0,0.0,0.0,0.0,0.0,0.0,0.0,0.0,0.0,0.0,0.0,0.0,0.0,0.0,0.0,0.0,0.0,0.0,0.0,0.0,0.0,0.0,0.0,0.0,0.0,0.0,0.0,0.0,0.0,0.0,0.01760131037662551,0.4752353801688888,0.1578448148148148,4
2025-02-19,0.10035703030303031,0.11578532459402098,33,-0.151717,0.371204,0.1360228181818182,4.488753,0.20900169696969698,0.09254824648341697,6,33,neutral,-0.01115319191919191,0.10520312518618687,0.01365084608617631,0.08696397811447809,0.10560422206574982,27.333333333333332,0.1486930291806958,0.021595230303030316,0.10437391448094391,0.1108671029185335,23.428571428571427,0.16919512419432417,-0.024893226839826837,0.11120852466408669,0.11259302772887755,28.0,0.14992832448596377,-0.024129398268398272,0.11313112220913335,0.12565257510770966,32.96666666666667,0.159134196333154,-0.02242514616755792,50.0,0.06623159444444446,0.05822971203220671,0.34714975534923187,-0.13411311127421868,-0.10001945738181173,-0.07363873232323231,0.0,0.0,0.0,0.0,0.0,0.0,0.0,0.0,0.0,0.0,0.0,0.0,0.0,0.0,0.0,0.0,0.0,0.0,0.0,0.0,0.0,0.0,0.0,0.0,0.0,0.0,0.0,0.0,0.0,0.0,0.0,0.0,0.0,0.0,0.0,0.0,0.0,0.0,0.0,0.0,0.0,0.0,0.0,0.0,0.0,0.01365084608617631,0.4504779208438182,0.1360228181818182,6
2025-02-20,0.14983980555555554,0.11619707559531768,36,-0.038965,0.454285,0.20902774999999998,7.524998999999999,0.21700125,0.10499668204155652,6,36,neutral,0.04948277525252523,0.10422729455789345,0.03132067741571527,0.12056901936026936,0.11027369549796458,32.0,0.16763179433221098,0.10081512373737372,0.11107658838383837,0.11106229805589947,23.714285714285715,0.1756181599086099,0.04691871732026143,0.11489680381549085,0.11244659455782378,27.785714285714285,0.1559354403284546,0.0516359081196581,0.11140321202394816,0.12422060303404107,33.86666666666667,0.15800538429611694,-0.051837305555555574,50.0,-0.05156404583333335,0.04350956904787623,0.34823762325226726,-0.13148144599011963,0.49306735266190005,0.06063596717171714,0.0,0.0,0.0,0.0,0.0,0.0,0.0,0.0,0.0,0.0,0.0,0.0,0.0,0.0,0.0,0.0,0.0,0.0,0.0,0.0,0.0,0.0,0.0,0.0,0.0,0.0,0.0,0.0,0.0,0.0,0.0,0.0,0.0,0.0,0.0,0.0,0.0,0.0,0.0,0.0,0.0,0.0,0.0,0.0,0.0,0.03132067741571527,1.1275443869657498,0.20902774999999998,6
2025-02-21,0.12110933333333333,0.17198863122178065,33,-0.217213,0.454986,0.17545045454545455,5.789865,0.2232468787878788,0.10120853569325242,7,33,neutral,-0.028730472222222206,0.12099967460286956,0.021248687583030303,0.12376872306397303,0.1346570104703731,34.0,0.17350034090909086,0.009599111111111114,0.10958322474747474,0.11631447610686181,23.714285714285715,0.18216805601250602,-0.010453545454545451,0.11636126691072894,0.11610633457242273,25.857142857142858,0.15869562041503468,0.020502483333333335,0.11072721943135558,0.12612520060433655,33.166666666666664,0.1584935358673852,-0.02027977777777777,50.0,-0.0359194375,0.038081060523541196,0.35616226307904125,-0.1362602924835602,-0.19174125403926745,-0.07821324747474744,0.0,0.0,0.0,0.0,0.0,0.0,0.0,0.0,0.0,0.0,0.0,0.0,0.0,0.0,0.0,0.0,0.0,0.0,0.0,0.0,0.0,0.0,0.0,0.0,0.0,0.0,0.0,0.0,0.0,0.0,0.0,0.0,0.0,0.0,0.0,0.0,0.0,0.0,0.0,0.0,0.0,0.0,0.0,0.0,0.0,0.021248687583030303,0.70120669024,0.17545045454545455,7
2025-02-22,0.03329312499999999,0.22000657991429107,16,-0.550034,0.404178,0.176686875,2.82699,0.17051525,0.14418012620723192,3,16,neutral,-0.08781620833333334,0.14456325952599308,0.005882458215234374,0.10141408796296296,0.16939742891046314,28.333333333333332,0.1870550265151515,-0.06706390530303032,0.09198514260461758,0.13044738341793413,24.571428571428573,0.17173130958393457,-0.123186575,0.10888243774406227,0.12424716387173505,25.928571428571427,0.16149667339122517,-0.10470360833333335,0.10709561147681011,0.1287900365134095,32.6,0.1582740983673852,-0.10894823863636365,50.0,-0.00851573689727464,0.029193486053473647,0.36291600184432865,-0.14902256541551434,-0.7250986023648054,-0.059085736111111134,0.0,0.0,0.0,0.0,0.0,0.0,0.0,0.0,0.0,0.0,0.0,0.0,0.0,0.0,0.0,0.0,0.0,0.0,0.0,0.0,0.0,0.0,0.0,0.0,0.0,0.0,0.0,0.0,0.0,0.0,0.0,0.0,0.0,0.0,0.0,0.0,0.0,0.0,0.0,0.0,0.0,0.0,0.0,0.0,0.0,0.005882458215234374,0.09411933144374998,0.176686875,3
2025-02-23,0.15041376923076924,0.18113491352633346,13,-0.100571,0.504369,0.18529715384615386,2.408863,0.24139653846153847,0.1126641053009752,2,13,bullish,0.11712064423076925,0.16102250497034878,0.02787124333773373,0.10160540918803418,0.19104337488746836,20.666666666666668,0.17914482779720275,0.0005739636752137012,0.10222113820901321,0.1437342666364246,25.714285714285715,0.17036304584767084,0.07165196923076925,0.10969019358197436,0.12739497941821468,25.714285714285715,0.16836068438023616,0.011308581730769235,0.10654812230302094,0.1305628244813232,31.833333333333332,0.15789350905114588,-0.016424675213675216,50.0,0.008271908382066276,0.023401932487459847,0.37122126074353723,-0.151308147391646,3.5178627488638954,0.2049368525641026,0.0,0.0,0.0,0.0,0.0,0.0,0.0,0.0,0.0,0.0,0.0,0.0,0.0,0.0,0.0,0.0,0.0,0.0,0.0,0.0,0.0,0.0,0.0,0.0,0.0,0.0,0.0,0.0,0.0,0.0,0.0,0.0,0.0,0.0,0.0,0.0,0.0,0.0,0.0,0.0,0.0,0.0,0.0,0.0,0.0,0.02787124333773373,0.36232616339053847,0.18529715384615386,2
2025-02-24,0.0963619375,0.15586424060843082,48,-0.194732,0.732151,0.215133625,10.326414,0.19671654166666666,0.14256846833893133,7,48,neutral,-0.054051831730769245,0.16903828817323072,0.020730692926398436,0.0933562772435897,0.18566857801635175,25.666666666666668,0.19237255128205125,-0.024747395833333338,0.10898360330641581,0.1514022073949614,29.428571428571427,0.17935192734117736,0.04733725568181817,0.1091549073716569,0.13092931207089506,26.571428571428573,0.1734621794199187,-0.007494006944444451,0.10687909730302095,0.1332134432412503,32.9,0.16055793613447922,0.00992925,50.0,-0.003890781733021084,0.01935127046483659,0.3668144325474735,-0.1435720580986434,-0.3593542799119762,-0.1711724759615385,0.0,0.0,0.0,0.0,0.0,0.0,0.0,0.0,0.0,0.0,0.0,0.0,0.0,0.0,0.0,0.0,0.0,0.0,0.0,0.0,0.0,0.0,0.0,0.0,0.0,0.0,0.0,0.0,0.0,0.0,0.0,0.0,0.0,0.0,0.0,0.0,0.0,0.0,0.0,0.0,0.0,0.0,0.0,0.0,0.0,0.020730692926398436,0.9950732604671249,0.215133625,7
2025-02-25,0.11394245454545454,0.1483155889564867,44,-0.433538,0.439432,0.17800227272727273,7.8321,0.18697252272727274,0.1631606041421235,7,44,neutral,0.017580517045454547,0.17546199084546454,0.020282015869214874,0.12023938709207456,0.16177158103041697,35.0,0.19281101719114213,0.08064932954545455,0.10933106506687755,0.15847033634523733,31.857142857142858,0.18223156418581418,0.0024322323232323223,0.10863057740532693,0.13471331470388295,27.785714285714285,0.17545223064646992,-0.007340619528619544,0.10723765412120276,0.13449870513465592,33.96666666666667,0.1628449452253883,0.010756704545454535,50.0,-0.027372995927601812,0.0009089615194920695,0.3680749303258089,-0.1458869532795763,0.18244254424060902,0.07163234877622379,0.0,0.0,0.0,0.0,0.0,0.0,0.0,0.0,0.0,0.0,0.0,0.0,0.0,0.0,0.0,0.0,0.0,0.0,0.0,0.0,0.0,0.0,0.0,0.0,0.0,0.0,0.0,0.0,0.0,0.0,0.0,0.0,0.0,0.0,0.0,0.0,0.0,0.0,0.0,0.0,0.0,0.0,0.0,0.0,0.0,0.020282015869214874,0.8924086982454544,0.17800227272727273,7
2025-02-26,0.1108178947368421,0.16927441740076082,38,-0.592483,0.384695,0.2282578947368421,8.6738,0.19659073684210526,0.11231497326634936,7,38,neutral,-0.00312455980861244,0.17491914808126058,0.025295059351800552,0.10704076226076553,0.15781808232189276,43.333333333333336,0.20713126415470487,-0.03959587449392714,0.11082547427170783,0.1661116353176287,32.57142857142857,0.19540800369367475,0.010460864433811792,0.10759969437632586,0.13848936911808113,28.0,0.18230156394399946,-0.014432362406015045,0.10775357702752518,0.13392047539994334,33.46666666666667,0.16440615240844028,0.015477687189672296,50.0,-0.018918405103668254,-0.0030711593297691278,0.37380835793192524,-0.1503589811555981,-0.02742226171164297,-0.020705076854066987,0.0,0.0,0.0,0.0,0.0,0.0,0.0,0.0,0.0,0.0,0.0,0.0,0.0,0.0,0.0,0.0,0.0,0.0,0.0,0.0,0.0,0.0,0.0,0.0,0.0,0.0,0.0,0.0,0.0,0.0,0.0,0.0,0.0,0.0,0.0,0.0,0.0,0.0,0.0,0.0,0.0,0.0,0.0,0.0,0.0,0.025295059351800552,0.961212255368421,0.2282578947368421,7
2025-02-27,0.13651758333333333,0.10836618015160449,36,-0.116922,0.431508,0.1407726111111111,5.067814,0.2211317777777778,0.106007179422396,6,36,neutral,0.02569968859649123,0.15259106812872325,0.019217936668412035,0.1204259775385433,0.14198539550295064,39.333333333333336,0.18234425952507527,0.04015564583333334,0.10892229966853322,0.16499293596852685,32.57142857142857,0.18565726956669065,-0.013322222222222208,0.1099994440261858,0.13802761701221317,28.142857142857142,0.18063771473765028,0.03359649509803922,0.1079856637234316,0.13239659621487218,32.766666666666666,0.16220308622910304,0.00696260087719297,50.0,-0.0668283,-0.015389577796487593,0.3743652855120128,-0.14732483540235236,0.23190919352438488,0.02882424840510367,0.0,0.0,0.0,0.0,0.0,0.0,0.0,0.0,0.0,0.0,0.0,0.0,0.0,0.0,0.0,0.0,0.0,0.0,0.0,0.0,0.0,0.0,0.0,0.0,0.0,0.0,0.0,0.0,0.0,0.0,0.0,0.0,0.0,0.0,0.0,0.0,0.0,0.0,0.0,0.0,0.0,0.0,0.0,0.0,0.0,0.019217936668412035,0.6918457200628333,0.1407726111111111,6
2025-02-28,0.11374858333333332,0.10879125810530786,36,-0.057011,0.405176,0.16575652777777777,5.967235,0.1758463611111111,0.1061201765022367,8,36,neutral,-0.02276900000000001,0.13812233704451812,0.018854570212974535,0.12036135380116957,0.1288106185525577,36.666666666666664,0.17826234454191028,-0.0001938712121212216,0.10787076395424751,0.15596473980903072,33.0,0.18427242288559392,-0.007360750000000013,0.10872699435086111,0.13613960795794627,28.357142857142858,0.18322023944905,-0.017814295454545465,0.10773196732088151,0.13193966349434494,31.933333333333334,0.1621030530020235,-0.007610892076502743,50.0,0.014616666666666667,-0.021124569771796237,0.37342850685015166,-0.14881287174049124,-0.16678437637154198,-0.04846868859649124,0.0,0.0,0.0,0.0,0.0,0.0,0.0,0.0,0.0,0.0,0.0,0.0,0.0,0.0,0.0,0.0,0.0,0.0,0.0,0.0,0.0,0.0,0.0,0.0,0.0,0.0,0.0,0.0,0.0,0.0,0.0,0.0,0.0,0.0,0.0,0.0,0.0,0.0,0.0,0.0,0.0,0.0,0.0,0.0,0.0,0.018854570212974535,0.6787645276670833,0.16575652777777777,8
2025-03-01,0.11064642857142858,0.20022147522585845,7,-0.230896,0.365765,0.35797485714285715,2.505824,0.20183199999999998,0.13460593403833776,3,7,neutral,-0.0031021547619047435,0.14699378396800364,0.03960863946122449,0.12030419841269839,0.13912630449425692,26.333333333333332,0.22150133201058197,-0.00017146616541352522,0.11892123589302302,0.1531382962821118,31.714285714285715,0.21017070604885926,0.07735330357142858,0.1054531892488203,0.14179283985002297,28.142857142857142,0.19095100781639693,-0.04583327142857142,0.10890191186300606,0.13288248979411416,30.0,0.1668140067016572,0.03509833626373628,50.0,0.041192318181818184,-0.010818307103446065,0.3783211668387471,-0.1565514076219438,-0.027272029866201253,0.019666845238095268,0.0,0.0,0.0,0.0,0.0,0.0,0.0,0.0,0.0,0.0,0.0,0.0,0.0,0.0,0.0,0.0,0.0,0.0,0.0,0.0,0.0,0.0,0.0,0.0,0.0,0.0,0.0,0.0,0.0,0.0,0.0,0.0,0.0,0.0,0.0,0.0,0.0,0.0,0.0,0.0,0.0,0.0,0.0,0.0,0.0,0.03960863946122449,0.2772604762285714,0.35797485714285715,3
2025-03-02,0.11484194117647059,0.12665739139972773,17,-0.082819,0.414811,0.19737223529411765,3.355328,0.21782794117647059,0.09096624298364105,2,17,neutral,0.004195512605042015,0.14266214445665187,0.02266661063551557,0.1130789843604108,0.145223374910298,20.0,0.2403678734049175,-0.02167564215686274,0.11383954617098035,0.14535579312116814,32.285714285714285,0.21189571768428264,-0.03557182805429865,0.10803034218999678,0.1445450298787964,29.0,0.19112938176597674,0.0360801411764706,0.10897516077941473,0.13297386742408387,29.3,0.1674809171763734,0.0021974674922600607,50.0,-0.048440895691609975,-0.012209580235847176,0.3808978474682307,-0.1580294885782248,0.03791819274431951,0.0072976673669467584,0.0,0.0,0.0,0.0,0.0,0.0,0.0,0.0,0.0,0.0,0.0,0.0,0.0,0.0,0.0,0.0,0.0,0.0,0.0,0.0,0.0,0.0,0.0,0.0,0.0,0.0,0.0,0.0,0.0,0.0,0.0,0.0,0.0,0.0,0.0,0.0,0.0,0.0,0.0,0.0,0.0,0.0,0.0,0.0,0.0,0.02266661063551557,0.3853323808037647,0.19737223529411765,2
2025-03-03,0.1436286176470588,0.11528402760023707,68,0.0,0.48416,0.1618474117647059,11.005624000000001,0.20393561764705884,0.10646901244234698,6,68,neutral,0.02878667647058822,0.13186406649654714,0.023245920021519033,0.1230389957983193,0.14738763140860775,30.666666666666668,0.23906483473389353,0.02988003431372549,0.12059192904913162,0.1395586198342833,35.142857142857146,0.20428340150781207,0.047266680147058815,0.11478776617777371,0.14548041361462236,32.285714285714285,0.1918176644244947,0.094603935828877,0.11077440136765002,0.13320096169006818,31.233333333333334,0.1693257609018636,0.0539772176470588,50.0,0.024129398268398272,-0.008582342995216853,0.384009572197438,-0.15890665895013362,0.2506634438227886,0.024591163865546203,0.0,0.0,0.0,0.0,0.0,0.0,0.0,0.0,0.0,0.0,0.0,0.0,0.0,0.0,0.0,0.0,0.0,0.0,0.0,0.0,0.0,0.0,0.0,0.0,0.0,0.0,0.0,0.0,0.0,0.0,0.0,0.0,0.0,0.0,0.0,0.0,0.0,0.0,0.0,0.0,0.0,0.0,0.0,0.0,0.0,0.023245920021519033,1.5807225614632943,0.1618474117647059,6
2025-03-04,0.042860538461538464,0.16583123535688898,39,-0.50134,0.424214,0.1523498205128205,5.941643,0.18190720512820513,0.12214977729931645,6,39,neutral,-0.10076807918552035,0.14335707753760402,0.006529795341698225,0.1004436990950226,0.13592421811895125,41.333333333333336,0.17052315585721467,-0.06778589010989011,0.11043736960857217,0.14206085503434077,34.42857142857143,0.20061876547717603,-0.07108191608391608,0.10988421733772487,0.15026559568978906,33.142857142857146,0.1914251648314951,-0.06864968376068376,0.10909047042747907,0.13464778548769504,32.03333333333333,0.17064705491895762,-0.050517928205128196,50.0,-0.0516359081196581,-0.015238767050964004,0.38483224423886225,-0.16796830285968972,-0.7015877534457622,-0.12955475565610858,0.0,0.0,0.0,0.0,0.0,0.0,0.0,0.0,0.0,0.0,0.0,0.0,0.0,0.0,0.0,0.0,0.0,0.0,0.0,0.0,0.0,0.0,0.0,0.0,0.0,0.0,0.0,0.0,0.0,0.0,0.0,0.0,0.0,0.0,0.0,0.0,0.0,0.0,0.0,0.0,0.0,0.0,0.0,0.0,0.0,0.006529795341698225,0.25466201832623075,0.1523498205128205,6
2025-03-05,0.12161995833333333,0.15071469457532796,48,-0.521181,0.387881,0.1473516875,7.072881,0.21159189583333335,0.12495049367789876,7,48,neutral,0.07875941987179487,0.15174176483160803,0.017920906094096353,0.10270303814731019,0.14394331917748465,51.666666666666664,0.1538496399258421,0.006778017156862742,0.11198052155092807,0.13940946605927892,35.857142857142854,0.18906073587191288,0.010802063596491232,0.11140299791131794,0.15276055068845382,34.214285714285715,0.1922343697827938,0.021262928030303024,0.11013723570525685,0.13539891833521825,32.3,0.17063609950229094,0.03140295833333333,50.0,-0.020502483333333335,-0.01708451167322092,0.38935558623792144,-0.17062175784894495,1.8375742045907986,0.17952749905731522,0.0,0.0,0.0,0.0,0.0,0.0,0.0,0.0,0.0,0.0,0.0,0.0,0.0,0.0,0.0,0.0,0.0,0.0,0.0,0.0,0.0,0.0,0.0,0.0,0.0,0.0,0.0,0.0,0.0,0.0,0.0,0.0,0.0,0.0,0.0,0.0,0.0,0.0,0.0,0.0,0.0,0.0,0.0,0.0,0.0,0.017920906094096353,0.8602034925166249,0.1473516875,7
2025-03-06,0.14660597297297295,0.1397223358636467,37,-0.113526,0.519351,0.18830905405405404,6.967435,0.22662062162162164,0.13215728741884955,4,37,neutral,0.02498601463963962,0.1396419369591657,0.02760723208921475,0.1036954899226149,0.15208942193195454,41.333333333333336,0.1626701873556248,0.002977355325914144,0.11342172007087657,0.143888916875285,36.0,0.19585165629233328,0.010088389639639622,0.11117200986970491,0.15444092642190593,34.285714285714285,0.19075446292951195,-0.0032338325825825853,0.11292179058666889,0.13283703526221438,31.9,0.17107031831089545,0.08353664644236071,50.0,0.10470360833333335,-0.0024093334220059003,0.3905576360470364,-0.1703194982395506,0.2054433744431856,-0.05377340523215525,0.0,0.0,0.0,0.0,0.0,0.0,0.0,0.0,0.0,0.0,0.0,0.0,0.0,0.0,0.0,0.0,0.0,0.0,0.0,0.0,0.0,0.0,0.0,0.0,0.0,0.0,0.0,0.0,0.0,0.0,0.0,0.0,0.0,0.0,0.0,0.0,0.0,0.0,0.0,0.0,0.0,0.0,0.0,0.0,0.0,0.02760723208921475,1.0214675873009458,0.18830905405405404,4
2025-03-07,0.11775722857142856,0.102980079602258,35,-0.152343,0.332329,0.13516105714285714,4.730637,0.2269484857142857,0.09802160706982549,4,35,neutral,-0.02884874440154439,0.13490647459967176,0.015916191499927346,0.12866105329257826,0.13113903668041088,40.0,0.15694059956563702,0.0748966901098901,0.11399438367631876,0.14305874851770642,35.857142857142854,0.19148087477305892,0.004008645238095243,0.11093257381528313,0.1495117441633686,34.42857142857143,0.18787664882932642,-0.00335210476190477,0.11269748392000221,0.13192175044361815,31.433333333333334,0.17045826103198392,-0.0067292000000000185,50.0,-0.011308581730769235,-0.0015637974916837888,0.38681189756215517,-0.17044600689752643,-0.1967774151116115,-0.05383475904118401,0.0,0.0,0.0,0.0,0.0,0.0,0.0,0.0,0.0,0.0,0.0,0.0,0.0,0.0,0.0,0.0,0.0,0.0,0.0,0.0,0.0,0.0,0.0,0.0,0.0,0.0,0.0,0.0,0.0,0.0,0.0,0.0,0.0,0.0,0.0,0.0,0.0,0.0,0.0,0.0,0.0,0.0,0.0,0.0,0.0,0.015916191499927346,0.5570667024974572,0.13516105714285714,4
2025-03-08,0.0011497142857142817,0.07940197055429268,7,-0.084667,0.100904,0.1436437142857143,1.005506,0.16228785714285715,0.06649036736106609,3,7,neutral,-0.11660751428571428,0.12773006319048286,0.00016514923036734636,0.08850430527670523,0.10736812867339912,26.333333333333332,0.15570460849420845,-0.12047024404761905,0.09835199592121671,0.1257988192789113,35.857142857142854,0.16086214007918137,-0.1094967142857143,0.10863661590711986,0.13946855778051154,33.785714285714285,0.1855164230640203,-0.03214341071428571,0.10946234448166277,0.13062691146242555,30.366666666666667,0.1710821139013368,-0.09705418315018316,50.0,0.007494006944444451,0.006694236613254483,0.38205881723218016,-0.17345413513898003,-0.9902365714643421,-0.08775876988416989,0.0,0.0,0.0,0.0,0.0,0.0,0.0,0.0,0.0,0.0,0.0,0.0,0.0,0.0,0.0,0.0,0.0,0.0,0.0,0.0,0.0,0.0,0.0,0.0,0.0,0.0,0.0,0.0,0.0,0.0,0.0,0.0,0.0,0.0,0.0,0.0,0.0,0.0,0.0,0.0,0.0,0.0,0.0,0.0,0.0,0.00016514923036734636,0.0011560446125714245,0.1436437142857143,3
2025-03-09,0.11089276923076923,0.152605564860937,13,-0.139034,0.52217,0.10412023076923077,1.353563,0.20609646153846153,0.11206165382474013,1,13,neutral,0.10974305494505494,0.12508492909129248,0.011546180722946746,0.076599904029304,0.11166253833916255,18.333333333333332,0.12764166739926736,-0.03571320374220373,0.09778782850040223,0.1295057012019412,35.285714285714285,0.14754042514705468,-0.003949171945701366,0.1058136873356913,0.13743074716155465,33.785714285714285,0.17971807141566867,-0.039521000000000014,0.10980520845602175,0.13168868792387695,28.8,0.1699925238158667,0.010285919230769228,50.0,0.007340619528619544,0.005885786931249247,0.39019391255903585,-0.17540242172457693,95.45245832696165,0.22635056923076924,0.0,0.0,0.0,0.0,0.0,0.0,0.0,0.0,0.0,0.0,0.0,0.0,0.0,0.0,0.0,0.0,0.0,0.0,0.0,0.0,0.0,0.0,0.0,0.0,0.0,0.0,0.0,0.0,0.0,0.0,0.0,0.0,0.0,0.0,0.0,0.0,0.0,0.0,0.0,0.0,0.0,0.0,0.0,0.0,0.0,0.011546180722946746,0.1501003493983077,0.10412023076923077,1
2025-03-10,0.10188044444444444,0.16744209392396234,27,-0.473472,0.355594,0.130027,3.510729,0.20425692592592593,0.1468272971421569,7,27,neutral,-0.009012324786324785,0.12843040896101937,0.013247208549777777,0.07130764265364263,0.13314987644639734,15.666666666666666,0.12593031501831498,-0.015876784126984123,0.09182380375717161,0.13695685353390194,29.428571428571427,0.14299465203781095,-0.04174817320261437,0.10620786640315161,0.13825773668409264,32.285714285714285,0.17363902677281148,0.005518506944444446,0.10860133215972545,0.1337355920638784,29.2,0.16974435270475557,-0.0361162888888889,50.0,0.014432362406015045,0.0029124585117155646,0.39657276443208767,-0.1827442513754066,-0.08127062610881353,-0.11875537973137973,0.0,0.0,0.0,0.0,0.0,0.0,0.0,0.0,0.0,0.0,0.0,0.0,0.0,0.0,0.0,0.0,0.0,0.0,0.0,0.0,0.0,0.0,0.0,0.0,0.0,0.0,0.0,0.0,0.0,0.0,0.0,0.0,0.0,0.0,0.0,0.0,0.0,0.0,0.0,0.0,0.0,0.0,0.0,0.0,0.0,0.013247208549777777,0.357674630844,0.130027,7
2025-03-11,0.10791674509803921,0.1613135890611629,51,-0.463209,0.429813,0.18777398039215687,9.576473,0.20252362745098038,0.1320196297193657,7,51,neutral,0.00603630065359477,0.13274865960052257,0.020263956778024606,0.10689665292441759,0.16045374928202072,30.333333333333332,0.14064040372046252,0.10676703081232493,0.101117547562386,0.13631147549165537,31.142857142857142,0.14805524630628758,0.06505620663650075,0.10577745858547909,0.13918616526299807,32.785714285714285,0.17433700589173182,-0.006025709447415331,0.10756171741299343,0.13454386183672987,30.366666666666667,0.17303011871782745,-0.031188442401960795,50.0,-0.03359649509803922,0.004561836355445649,0.4015035766185523,-0.18691909208237031,0.05924886455404477,0.015048625439919555,0.0,0.0,0.0,0.0,0.0,0.0,0.0,0.0,0.0,0.0,0.0,0.0,0.0,0.0,0.0,0.0,0.0,0.0,0.0,0.0,0.0,0.0,0.0,0.0,0.0,0.0,0.0,0.0,0.0,0.0,0.0,0.0,0.0,0.0,0.0,0.0,0.0,0.0,0.0,0.0,0.0,0.0,0.0,0.0,0.0,0.020263956778024606,1.033461795679255,0.18777398039215687,7
2025-03-12,0.1138248947368421,0.11092310015862084,38,-0.091094,0.390846,0.16236284210526314,6.169788,0.21773886842105264,0.10294187605061439,5,38,neutral,0.005908149638802887,0.13433726371179514,0.01848093341180609,0.10787402809310857,0.1465595943812487,38.666666666666664,0.16005460749913997,0.002932125506072872,0.10000396704860155,0.13062696200355434,29.714285714285715,0.1501996969641823,-0.007795063596491236,0.1059922442997648,0.13501821403141664,32.785714285714285,0.16963021641804762,0.003006999999999996,0.10789401575607334,0.1346951790596537,30.433333333333334,0.17365179030652145,0.009968950292397652,50.0,0.017814295454545465,0.003860158265017559,0.399175433533947,-0.18819244007963634,0.054747292771251566,-0.00012815101479188296,0.0,0.0,0.0,0.0,0.0,0.0,0.0,0.0,0.0,0.0,0.0,0.0,0.0,0.0,0.0,0.0,0.0,0.0,0.0,0.0,0.0,0.0,0.0,0.0,0.0,0.0,0.0,0.0,0.0,0.0,0.0,0.0,0.0,0.0,0.0,0.0,0.0,0.0,0.0,0.0,0.0,0.0,0.0,0.0,0.0,0.01848093341180609,0.7022754696486314,0.16236284210526314,5
2025-03-13,0.100799025,0.17594690416881198,40,-0.453215,0.442412,0.13406864999999998,5.362746,0.238387275,0.12368440343522526,6,40,neutral,-0.013025869736842097,0.153646250434699,0.013513989203066248,0.10751355494496041,0.1493945311295319,43.0,0.16140182416580662,-0.0010814194444444397,0.09346011733817683,0.13580190033286368,30.142857142857142,0.14245106781360317,-0.04580694797297295,0.10344091870452672,0.13984540860407432,33.07142857142857,0.16915136205296824,-0.03571855833333333,0.10721121412027088,0.1373820907954589,30.866666666666667,0.1731160267880029,-0.020484049074074084,50.0,0.04583327142857142,0.01469006710370973,0.39855574541198346,-0.18960378279100612,-0.11443779295344225,-0.018934019375644984,0.0,0.0,0.0,0.0,0.0,0.0,0.0,0.0,0.0,0.0,0.0,0.0,0.0,0.0,0.0,0.0,0.0,0.0,0.0,0.0,0.0,0.0,0.0,0.0,0.0,0.0,0.0,0.0,0.0,0.0,0.0,0.0,0.0,0.0,0.0,0.0,0.0,0.0,0.0,0.0,0.0,0.0,0.0,0.0,0.0,0.013513989203066248,0.5405595681226499,0.13406864999999998,6
2025-03-14,0.11804980000000001,0.10848925726744275,30,-0.042893,0.355273,0.16122123333333332,4.836637,0.21964073333333334,0.11896750840023892,5,30,neutral,0.01725077500000001,0.14482298891600015,0.019032134350753335,0.11089123991228068,0.13178642053162518,36.0,0.15255090847953212,0.0101330549019608,0.09350191325654418,0.13658892571360434,29.428571428571427,0.1461739501265283,0.0002925714285714476,0.10374814846643146,0.13982383711565538,32.642857142857146,0.16882741244979363,0.004301216666666691,0.10697119888217563,0.13711807751764077,30.7,0.17407782694673307,-0.007200457142857136,50.0,-0.0360801411764706,0.01295921623225003,0.39164184689729864,-0.17421421677632132,0.17114029624790517,0.030276644736842107,0.0,0.0,0.0,0.0,0.0,0.0,0.0,0.0,0.0,0.0,0.0,0.0,0.0,0.0,0.0,0.0,0.0,0.0,0.0,0.0,0.0,0.0,0.0,0.0,0.0,0.0,0.0,0.0,0.0,0.0,0.0,0.0,0.0,0.0,0.0,0.0,0.0,0.0,0.0,0.0,0.0,0.0,0.0,0.0,0.0,0.019032134350753335,0.5709640305226,0.16122123333333332,5
2025-03-15,0.12220599999999998,0.09389543939537212,9,0.011195,0.269802,0.16886400000000001,1.519776,0.2050881111111111,0.1329542512656557,2,9,neutral,0.004156199999999971,0.13011365801028213,0.020636193984,0.11368494166666665,0.12611053361054228,26.333333333333332,0.15471796111111105,0.008381105263157884,0.110795668358585,0.13865942126233,29.714285714285715,0.149776848085712,0.1210562857142857,0.10457383213990086,0.13222912027062064,32.785714285714285,0.1553194940824467,0.011559571428571405,0.10761402927433251,0.13642023517636132,29.866666666666667,0.17423774361339975,0.01928491176470587,50.0,-0.094603935828877,-0.009186066452440005,0.381507511022664,-0.16690065782476363,0.035207175276874336,-0.013094575000000039,0.0,0.0,0.0,0.0,0.0,0.0,0.0,0.0,0.0,0.0,0.0,0.0,0.0,0.0,0.0,0.0,0.0,0.0,0.0,0.0,0.0,0.0,0.0,0.0,0.0,0.0,0.0,0.0,0.0,0.0,0.0,0.0,0.0,0.0,0.0,0.0,0.0,0.0,0.0,0.0,0.0,0.0,0.0,0.0,0.0,0.020636193984,0.185725745856,0.16886400000000001,2
2025-03-16,0.04215828571428571,0.16154456905112002,14,-0.289638,0.306805,0.09557114285714285,1.337996,0.14407957142857142,0.16912011864157575,6,14,neutral,-0.08004771428571428,0.13015985400827354,0.004029115546612245,0.09413802857142856,0.12130975523797831,17.666666666666668,0.14188545873015868,-0.05864073928571429,0.10097645642765878,0.13993642186092756,29.857142857142858,0.1485555498125566,-0.06873448351648351,0.0993821424640305,0.1347210615314344,32.57142857142857,0.1480479874798056,-0.07268365546218489,0.1046338761718794,0.13729760798256382,29.233333333333334,0.1731034089813651,-0.08940459307359308,50.0,0.06864968376068376,-0.0003018147311674512,0.37936536127764725,-0.17017887325831832,-0.6550227835434781,-0.08420391428571425,0.0,0.0,0.0,0.0,0.0,0.0,0.0,0.0,0.0,0.0,0.0,0.0,0.0,0.0,0.0,0.0,0.0,0.0,0.0,0.0,0.0,0.0,0.0,0.0,0.0,0.0,0.0,0.0,0.0,0.0,0.0,0.0,0.0,0.0,0.0,0.0,0.0,0.0,0.0,0.0,0.0,0.0,0.0,0.0,0.0,0.004029115546612245,0.05640761765257143,0.09557114285714285,6
2025-03-17,0.10925478947368421,0.1558718305719225,19,-0.243643,0.346333,0.13505015789473684,2.565953,0.24587542105263158,0.14563377859408388,4,19,neutral,0.06709650375939849,0.13914960009093388,0.014754876569177285,0.09120635839598994,0.13710394633947154,14.0,0.1331617669172932,-0.008795010526315802,0.10202993428897875,0.13828352709635044,28.714285714285715,0.149273143797519,0.007374345029239768,0.09692686902307517,0.1376201903151262,29.071428571428573,0.14613389791766498,-0.0343738281733746,0.10305971248766888,0.13845746137706844,29.533333333333335,0.16928027757785633,-0.04722491052631579,50.0,-0.021262928030303024,-0.003497029728361615,0.3798866021856023,-0.17116888067345032,1.591537763516372,0.14714421804511277,0.0,0.0,0.0,0.0,0.0,0.0,0.0,0.0,0.0,0.0,0.0,0.0,0.0,0.0,0.0,0.0,0.0,0.0,0.0,0.0,0.0,0.0,0.0,0.0,0.0,0.0,0.0,0.0,0.0,0.0,0.0,0.0,0.0,0.0,0.0,0.0,0.0,0.0,0.0,0.0,0.0,0.0,0.0,0.0,0.0,0.014754876569177285,0.28034265481436843,0.13505015789473684,4
2025-03-18,0.1037638085106383,0.10714054654287522,47,-0.168162,0.388305,0.14625091489361702,6.873793,0.21385610638297872,0.13179521518748136,9,47,neutral,-0.005490980963045913,0.12538832856574653,0.015175551927526934,0.08505896123286938,0.14151898205530591,26.666666666666668,0.1256240718818322,-0.018442191489361687,0.10143665763363575,0.13054452102230935,28.142857142857142,0.1433412772977276,-0.0041529365874009155,0.10127710259801088,0.13342799825698234,29.642857142857142,0.1456982618020076,0.06090327004909983,0.10389311277135681,0.13909125522860094,30.933333333333334,0.1676594747409769,0.0250020085106383,50.0,0.0032338325825825853,-0.003953339389032388,0.3733205107885035,-0.16530819789897197,-0.05025849200293875,-0.0725874847224444,0.0,0.0,0.0,0.0,0.0,0.0,0.0,0.0,0.0,0.0,0.0,0.0,0.0,0.0,0.0,0.0,0.0,0.0,0.0,0.0,0.0,0.0,0.0,0.0,0.0,0.0,0.0,0.0,0.0,0.0,0.0,0.0,0.0,0.0,0.0,0.0,0.0,0.0,0.0,0.0,0.0,0.0,0.0,0.0,0.0,0.015175551927526934,0.7132509405937659,0.14625091489361702,9
2025-03-19,0.08815634285714287,0.12966307058021861,35,-0.162471,0.514246,0.1439381714285714,5.0378359999999995,0.2034144,0.13494651764924806,5,35,neutral,-0.015607465653495425,0.1296230912283017,0.012689062790687346,0.10039164694715509,0.13089181589833876,33.666666666666664,0.14174641473897506,0.04599805714285716,0.09776972165082158,0.13322165965396618,27.714285714285715,0.14070918148677164,-0.025668551879699228,0.09888684434971155,0.13192431082876027,28.714285714285715,0.145454439225477,-0.033463615476190464,0.10519750147265552,0.14000706907131913,31.366666666666667,0.16738369863708077,0.03913166103896105,50.0,0.00335210476190477,-0.005184479127266863,0.3730321378075554,-0.16985594896564293,-0.15041338475828292,-0.010116484690449512,0.0,0.0,0.0,0.0,0.0,0.0,0.0,0.0,0.0,0.0,0.0,0.0,0.0,0.0,0.0,0.0,0.0,0.0,0.0,0.0,0.0,0.0,0.0,0.0,0.0,0.0,0.0,0.0,0.0,0.0,0.0,0.0,0.0,0.0,0.0,0.0,0.0,0.0,0.0,0.0,0.0,0.0,0.0,0.0,0.0,0.012689062790687346,0.4441171976740571,0.1439381714285714,5
2025-03-20,0.118395,0.16515752266401393,36,-0.164765,0.744335,0.14840541666666668,5.342595,0.2679708055555555,0.10097260671766926,4,36,neutral,0.03023865714285713,0.14387550788203005,0.01757045930625,0.10343838378926036,0.13398704659570257,39.333333333333336,0.14619816766295166,0.009140210526315792,0.1002834323651073,0.13168031943899502,27.142857142857142,0.14275729101058116,0.017595975,0.09687177485164207,0.13374110988592933,28.642857142857142,0.14260417941209216,-0.028210972972972953,0.10542699406524811,0.14221769694996775,31.666666666666668,0.16706905203214253,0.006884777777777781,50.0,0.03214341071428571,0.0021199548518803513,0.3789010850967594,-0.17526025458818023,0.34301170128913805,0.045846122796352556,0.0,0.0,0.0,0.0,0.0,0.0,0.0,0.0,0.0,0.0,0.0,0.0,0.0,0.0,0.0,0.0,0.0,0.0,0.0,0.0,0.0,0.0,0.0,0.0,0.0,0.0,0.0,0.0,0.0,0.0,0.0,0.0,0.0,0.0,0.0,0.0,0.0,0.0,0.0,0.0,0.0,0.0,0.0,0.0,0.0,0.01757045930625,0.6325365350250001,0.14840541666666668,4
2025-03-21,0.10243003125,0.11704746228456667,32,-0.145109,0.368486,0.142620875,4.563868,0.1832765625,0.1295509173065313,8,32,neutral,-0.015964968750000003,0.13497608652871937,0.014608660683152344,0.10299379136904761,0.13728935184293303,34.333333333333336,0.1449881543650793,-0.001333777260638297,0.09805203682939301,0.13290292015572702,27.428571428571427,0.14010009696296213,-0.015619768750000013,0.09577697504296859,0.13474592293466567,28.428571428571427,0.14313702354474525,-0.015327197321428565,0.10549609409681376,0.14225976820631925,31.633333333333333,0.16728898725941527,0.0020730009469696886,50.0,0.039521000000000014,0.004531810912486413,0.37017286393655874,-0.16735367316012245,-0.13484495755732928,-0.046203625892857134,0.0,0.0,0.0,0.0,0.0,0.0,0.0,0.0,0.0,0.0,0.0,0.0,0.0,0.0,0.0,0.0,0.0,0.0,0.0,0.0,0.0,0.0,0.0,0.0,0.0,0.0,0.0,0.0,0.0,0.0,0.0,0.0,0.0,0.0,0.0,0.0,0.0,0.0,0.0,0.0,0.0,0.0,0.0,0.0,0.0,0.014608660683152344,0.467477141860875,0.142620875,8
2025-03-22,0.128651,0.12043572389690455,8,0.0,0.330005,0.1498765,1.199012,0.1930355,0.19623002534562045,3,8,neutral,0.02622096874999999,0.1278888651937158,0.019281761601499997,0.11649201041666664,0.1342135696151617,25.333333333333332,0.1469675972222222,0.04049465714285712,0.09897275111510728,0.13669438937023165,27.285714285714285,0.13738759696296213,0.006445000000000006,0.10488420973684616,0.13767690531628082,28.5,0.14358222252433706,0.1275012857142857,0.10478980057829525,0.14240105648303883,30.7,0.16531727892608192,-0.02118880555555555,50.0,-0.005518506944444446,-0.0011739422400709064,0.3702411501274529,-0.16604105346866366,0.25598907302881435,0.04218593749999999,0.0,0.0,0.0,0.0,0.0,0.0,0.0,0.0,0.0,0.0,0.0,0.0,0.0,0.0,0.0,0.0,0.0,0.0,0.0,0.0,0.0,0.0,0.0,0.0,0.0,0.0,0.0,0.0,0.0,0.0,0.0,0.0,0.0,0.0,0.0,0.0,0.0,0.0,0.0,0.0,0.0,0.0,0.0,0.0,0.0,0.019281761601499997,0.15425409281199998,0.1498765,3
2025-03-23,0.08445718181818183,0.10001105657657876,11,-0.061185,0.27781,0.15586972727272727,1.714567,0.23012236363636365,0.09900072974102032,2,11,neutral,-0.044193818181818154,0.1264629672004565,0.013164317896223143,0.10517940435606059,0.11249808091934999,17.0,0.14945570075757572,-0.033937818181818166,0.10501545055852102,0.12790388758815432,26.857142857142858,0.14600168045090275,0.04229889610389612,0.10299595349308989,0.13392015472454094,28.357142857142858,0.14727861513172966,-0.02643558741258739,0.10356806219445686,0.14000180399486545,29.966666666666665,0.164664588016991,-0.0366521515151515,50.0,0.006025709447415331,0.00350448560702753,0.3657552812336432,-0.16747232815774163,-0.3435170980545674,-0.07041478693181814,0.0,0.0,0.0,0.0,0.0,0.0,0.0,0.0,0.0,0.0,0.0,0.0,0.0,0.0,0.0,0.0,0.0,0.0,0.0,0.0,0.0,0.0,0.0,0.0,0.0,0.0,0.0,0.0,0.0,0.0,0.0,0.0,0.0,0.0,0.0,0.0,0.0,0.0,0.0,0.0,0.0,0.0,0.0,0.0,0.0,0.013164317896223143,0.14480749685845457,0.15586972727272727,2
2025-03-24,0.16696639024390242,0.14747322584402872,41,-0.079443,0.585954,0.16292975609756097,6.68012,0.2576993902439024,0.13089393816786898,7,41,bullish,0.08250920842572058,0.13002499825321853,0.027203793238929203,0.12669152402069472,0.12264000210583732,20.0,0.15622532779009604,0.06453635899390242,0.11325996495426649,0.12670408691274093,30.0,0.14998448019416336,0.05771160077021821,0.10764494962162262,0.13249380700454566,29.357142857142858,0.14962881199584116,0.06508594579945798,0.10802383770258696,0.13758402552585666,30.8,0.1642060173869097,0.13367326524390244,50.0,-0.003006999999999996,0.013681922921347196,0.3701247728714754,-0.15943123461733744,0.9769353730431733,0.12670302660753874,0.0,0.0,0.0,0.0,0.0,0.0,0.0,0.0,0.0,0.0,0.0,0.0,0.0,0.0,0.0,0.0,0.0,0.0,0.0,0.0,0.0,0.0,0.0,0.0,0.0,0.0,0.0,0.0,0.0,0.0,0.0,0.0,0.0,0.0,0.0,0.0,0.0,0.0,0.0,0.0,0.0,0.0,0.0,0.0,0.0,0.027203793238929203,1.1153555227960974,0.16292975609756097,7
2025-03-25,0.11635180555555556,0.09998802627424073,36,-0.019461,0.380495,0.14408097222222221,5.186915,0.20620472222222222,0.11615170224485638,6,36,neutral,-0.050614584688346856,0.1169910989752639,0.016764081264255402,0.12259179253921326,0.11582410289828272,29.333333333333332,0.15429348519750344,-0.012299194444444425,0.11505825024639753,0.125682298302936,28.428571428571427,0.14967448838396408,0.012587997044917268,0.10824745394001666,0.12811340966262266,28.285714285714285,0.14650788284084584,0.008435060457516352,0.10688843891341317,0.13487912928412024,31.566666666666666,0.16283214466611198,-0.03406196367521368,50.0,0.03571855833333333,0.010022908984974927,0.36478869840247785,-0.15462197542611766,-0.3031423546643711,-0.13312379311406744,0.0,0.0,0.0,0.0,0.0,0.0,0.0,0.0,0.0,0.0,0.0,0.0,0.0,0.0,0.0,0.0,0.0,0.0,0.0,0.0,0.0,0.0,0.0,0.0,0.0,0.0,0.0,0.0,0.0,0.0,0.0,0.0,0.0,0.0,0.0,0.0,0.0,0.0,0.0,0.0,0.0,0.0,0.0,0.0,0.0,0.016764081264255402,0.6035069255131945,0.14408097222222221,6
2025-03-26,0.08503781818181819,0.1251720655011598,44,-0.367411,0.311855,0.1592108409090909,7.0052769999999995,0.21192429545454547,0.1201277900318404,7,44,neutral,-0.031313987373737376,0.11861601961858251,0.013538942541801654,0.1227853379937587,0.12421110587314309,40.333333333333336,0.15540718974295797,0.0005806363636363526,0.11461274672135115,0.12504072614878475,29.714285714285715,0.15185629830975259,-0.0031185246753246826,0.10619123418608635,0.12913119290137545,28.714285714285715,0.1462827398982621,-0.02878707655502391,0.10651096826947376,0.13385605678054457,31.433333333333334,0.1609680518630817,-0.011324119318181808,50.0,-0.004301216666666691,0.01190754358093452,0.3602552636266713,-0.15624535612942664,-0.26913194190859036,0.01930059731460948,0.0,0.0,0.0,0.0,0.0,0.0,0.0,0.0,0.0,0.0,0.0,0.0,0.0,0.0,0.0,0.0,0.0,0.0,0.0,0.0,0.0,0.0,0.0,0.0,0.0,0.0,0.0,0.0,0.0,0.0,0.0,0.0,0.0,0.0,0.0,0.0,0.0,0.0,0.0,0.0,0.0,0.0,0.0,0.0,0.0,0.013538942541801654,0.5957134718392728,0.1592108409090909,7
2025-03-27,0.08929267857142857,0.1464284820025104,28,-0.259358,0.41584,0.23624842857142855,6.614955999999999,0.17438067857142858,0.15324363434475557,5,28,neutral,0.004254860389610385,0.12381457123970367,0.02109525499543367,0.09689410076960076,0.12386285792597031,36.0,0.17984674723424718,-0.07767371167247385,0.11045527223155523,0.1223651489114271,28.571428571428573,0.16440530001043285,-0.02910232142857143,0.10536935229833125,0.12702273417521107,27.857142857142858,0.15358129551050698,-0.011506346428571429,0.10568930907033956,0.13379315321541202,30.9,0.16290959039122022,-0.02464977597402597,50.0,-0.011559571428571405,0.010263832024139632,0.3631768763666966,-0.16201342386945194,0.050034919528545885,0.03556884776334776,0.0,0.0,0.0,0.0,0.0,0.0,0.0,0.0,0.0,0.0,0.0,0.0,0.0,0.0,0.0,0.0,0.0,0.0,0.0,0.0,0.0,0.0,0.0,0.0,0.0,0.0,0.0,0.0,0.0,0.0,0.0,0.0,0.0,0.0,0.0,0.0,0.0,0.0,0.0,0.0,0.0,0.0,0.0,0.0,0.0,0.02109525499543367,0.5906671398721428,0.23624842857142855,5
2025-03-28,0.13161776666666666,0.12344448346459322,30,-0.099863,0.444504,0.15310976666666667,4.593293,0.24434436666666667,0.09863401663323737,3,30,neutral,0.04232508809523809,0.12850125661730658,0.02015196554352111,0.10198275447330445,0.13168167698942113,34.0,0.18285634538239534,0.015265961111111101,0.11462494871965047,0.1232790090800023,28.285714285714285,0.16590371310567095,0.029187735416666666,0.10633849277452175,0.12809096461786468,27.857142857142858,0.15300190503431654,0.013567966666666653,0.10638263813466704,0.1322654887508731,30.633333333333333,0.16040465278888102,0.020799871929824562,50.0,0.07268365546218489,0.017967337657504093,0.37410453027677426,-0.15989427254143432,0.4740040143535471,0.03807022770562771,0.0,0.0,0.0,0.0,0.0,0.0,0.0,0.0,0.0,0.0,0.0,0.0,0.0,0.0,0.0,0.0,0.0,0.0,0.0,0.0,0.0,0.0,0.0,0.0,0.0,0.0,0.0,0.0,0.0,0.0,0.0,0.0,0.0,0.0,0.0,0.0,0.0,0.0,0.0,0.0,0.0,0.0,0.0,0.0,0.0,0.02015196554352111,0.6045589663056333,0.15310976666666667,3
2025-03-29,0.12510983333333334,0.24089532890366733,12,-0.364754,0.411369,0.21451616666666665,2.574194,0.18126450000000002,0.15984745744530088,3,12,neutral,-0.006507933333333327,0.1471856772292343,0.02683808185897222,0.11534009285714285,0.17025609812359033,23.333333333333332,0.2012914539682539,0.04007201515151515,0.11411906776726953,0.14048752408096843,28.857142857142858,0.17513795120090905,-0.003541166666666651,0.1065459094411884,0.13859095672560004,28.071428571428573,0.15626277408193556,0.0029038333333333555,0.10600237980133372,0.13668312704260852,29.833333333333332,0.16286277130739954,-0.011407749999999994,50.0,0.0343738281733746,0.018215161819625077,0.3836443598861755,-0.16801239574057916,-0.04944570553164929,-0.04883302142857142,0.0,0.0,0.0,0.0,0.0,0.0,0.0,0.0,0.0,0.0,0.0,0.0,0.0,0.0,0.0,0.0,0.0,0.0,0.0,0.0,0.0,0.0,0.0,0.0,0.0,0.0,0.0,0.0,0.0,0.0,0.0,0.0,0.0,0.0,0.0,0.0,0.0,0.0,0.0,0.0,0.0,0.0,0.0,0.0,0.0,0.02683808185897222,0.32205698230766666,0.21451616666666665,3
2025-03-30,0.080284,0.11890698834971812,6,-0.027956,0.270312,0.13617433333333334,0.817046,0.22331283333333332,0.09323953900447313,3,6,neutral,-0.04482583333333334,0.15096946964432978,0.010932620177333333,0.11233719999999998,0.1610822669059929,16.0,0.16793342222222218,-0.009008678571428577,0.11352289893610068,0.14318694290570264,28.142857142857142,0.17232432349528132,-0.00417318181818184,0.10926917474731086,0.13554541524692845,27.5,0.15916300197309205,0.038125714285714284,0.1048868936902226,0.13702031805075554,28.833333333333332,0.1618766981592514,-0.033464583333333325,50.0,-0.06090327004909983,0.007056909591947317,0.37771102710652893,-0.16423870740537697,-0.3582918475632745,-0.038317900000000016,0.0,0.0,0.0,0.0,0.0,0.0,0.0,0.0,0.0,0.0,0.0,0.0,0.0,0.0,0.0,0.0,0.0,0.0,0.0,0.0,0.0,0.0,0.0,0.0,0.0,0.0,0.0,0.0,0.0,0.0,0.0,0.0,0.0,0.0,0.0,0.0,0.0,0.0,0.0,0.0,0.0,0.0,0.0,0.0,0.0,0.010932620177333333,0.065595721064,0.13617433333333334,3
2025-03-31,0.11918691304347827,0.17065602172385974,46,-0.425034,0.529914,0.20106695652173912,9.24908,0.19655354347826087,0.14952262326524468,8,46,neutral,0.038902913043478274,0.16006626088886974,0.023964549862873344,0.10819358212560386,0.1768194463257484,21.333333333333332,0.183919152173913,-0.012430853623188395,0.10669725933604009,0.14649877088853563,28.857142857142858,0.17777249498444964,-0.04777947720042415,0.10997861214515328,0.13660142890063826,29.428571428571427,0.16387848758930648,0.00993212356979406,0.10517157650595758,0.13603480293402226,30.133333333333333,0.15664643480521415,0.008540484472049692,50.0,0.033463615476190464,0.011388256527573418,0.3792087787700704,-0.16460944227437466,0.4845662030227478,0.08372874637681162,0.0,0.0,0.0,0.0,0.0,0.0,0.0,0.0,0.0,0.0,0.0,0.0,0.0,0.0,0.0,0.0,0.0,0.0,0.0,0.0,0.0,0.0,0.0,0.0,0.0,0.0,0.0,0.0,0.0,0.0,0.0,0.0,0.0,0.0,0.0,0.0,0.0,0.0,0.0,0.0,0.0,0.0,0.0,0.0,0.0,0.023964549862873344,1.1023692936921738,0.20106695652173912,8
2025-04-01,0.13995029411764706,0.1468076018931167,34,-0.150865,0.53983,0.15332232352941175,5.212959,0.23622129411764703,0.10888473118367503,5,34,neutral,0.020763381074168794,0.16014208486699105,0.021457504272742213,0.11314040238704175,0.14545687065556487,28.666666666666668,0.16352120446149468,0.014840460784313725,0.11006847198776744,0.15318728169123216,28.571428571428573,0.17909268802833386,0.0235984885620915,0.11256336111708247,0.13943478999708409,28.5,0.16438358820614898,0.03618648560700877,0.1060085216039968,0.13670647661713523,30.7,0.15517810441305727,0.02510835294117647,50.0,0.028210972972972953,0.01385328580819093,0.3841034989125603,-0.16689162247878403,0.17420856488324787,-0.01813953196930948,0.0,0.0,0.0,0.0,0.0,0.0,0.0,0.0,0.0,0.0,0.0,0.0,0.0,0.0,0.0,0.0,0.0,0.0,0.0,0.0,0.0,0.0,0.0,0.0,0.0,0.0,0.0,0.0,0.0,0.0,0.0,0.0,0.0,0.0,0.0,0.0,0.0,0.0,0.0,0.0,0.0,0.0,0.0,0.0,0.0,0.021457504272742213,0.7295551452732353,0.15332232352941175,5
2025-04-02,0.1447270606060606,0.13027389909699377,33,-0.116526,0.491189,0.1611840303030303,5.3190729999999995,0.24585442424242426,0.10478301108154123,6,33,neutral,0.0047767664884135475,0.16150796799347114,0.023327690922395776,0.13462142258906196,0.14924584090465673,37.666666666666664,0.17185777011806036,0.06444306060606061,0.11859550661980207,0.15391611506206562,27.0,0.17937457222746805,0.05968924242424242,0.11660412667057661,0.13947842060542517,28.357142857142858,0.16561543526861033,0.05657071774891774,0.10604513636929688,0.13720613900036044,29.533333333333335,0.15515599169766808,0.0010984429590017997,50.0,0.015327197321428565,0.015890418843905216,0.38173260018568156,-0.16012792019129918,0.03413187888264124,-0.015986614585755246,0.0,0.0,0.0,0.0,0.0,0.0,0.0,0.0,0.0,0.0,0.0,0.0,0.0,0.0,0.0,0.0,0.0,0.0,0.0,0.0,0.0,0.0,0.0,0.0,0.0,0.0,0.0,0.0,0.0,0.0,0.0,0.0,0.0,0.0,0.0,0.0,0.0,0.0,0.0,0.0,0.0,0.0,0.0,0.0,0.0,0.023327690922395776,0.7698138004390606,0.1611840303030303,6
2025-04-03,0.10517971875,0.1425311331362797,32,-0.119316,0.438509,0.1899495,6.078384,0.1973728125,0.1379153162594041,7,32,neutral,-0.03954734185606061,0.14183512883999358,0.019978834986703123,0.1299523578245692,0.13987087804213005,33.0,0.16815195127748064,-0.01400719429347827,0.12086508378816942,0.15335935093831837,27.571428571428573,0.17276043957440684,0.015887040178571427,0.11566017800986231,0.13786224992487273,28.071428571428573,0.16858286979241985,-0.013215281250000002,0.10812244237891225,0.13642946892634011,29.3,0.15640931434724073,0.062319180288461534,50.0,-0.1275012857142857,-0.0022451193836080102,0.38449328371006525,-0.1641756118406829,-0.2732546469917355,-0.04432410834447416,0.0,0.0,0.0,0.0,0.0,0.0,0.0,0.0,0.0,0.0,0.0,0.0,0.0,0.0,0.0,0.0,0.0,0.0,0.0,0.0,0.0,0.0,0.0,0.0,0.0,0.0,0.0,0.0,0.0,0.0,0.0,0.0,0.0,0.0,0.0,0.0,0.0,0.0,0.0,0.0,0.0,0.0,0.0,0.0,0.0,0.019978834986703123,0.6393227195744999,0.1899495,7
2025-04-04,0.08961506666666666,0.15689242041865178,30,-0.139733,0.483902,0.19923693333333334,5.977108,0.18054699999999999,0.13158955530923705,5,30,neutral,-0.015564652083333338,0.1494322152537803,0.017854631063128887,0.1131739486742424,0.14323248421730841,31.666666666666668,0.18345682121212117,-0.0503352274509804,0.11486469807388369,0.15813762764604103,27.571428571428573,0.17935003481250206,-0.042002700000000004,0.11474482339676707,0.14070831836302167,27.928571428571427,0.17262687395908652,-0.012814964583333338,0.10705561265669002,0.13663539312111758,28.7,0.15813882254168518,-0.032004891666666674,50.0,0.02643558741258739,0.0011700810696424434,0.38916343514572654,-0.1721048566096775,-0.14798149556121853,0.023982689772727273,0.0,0.0,0.0,0.0,0.0,0.0,0.0,0.0,0.0,0.0,0.0,0.0,0.0,0.0,0.0,0.0,0.0,0.0,0.0,0.0,0.0,0.0,0.0,0.0,0.0,0.0,0.0,0.0,0.0,0.0,0.0,0.0,0.0,0.0,0.0,0.0,0.0,0.0,0.0,0.0,0.0,0.0,0.0,0.0,0.0,0.017854631063128887,0.5356389318938666,0.19923693333333334,5
2025-04-05,0.06260588888888889,0.18642675171037296,18,-0.365819,0.308972,0.15251794444444444,2.745323,0.15202544444444444,0.13692804163768657,4,18,neutral,-0.027009177777777768,0.152586361251083,0.009548521483450617,0.0858002247685185,0.16195010175510147,26.666666666666668,0.1805681259259259,-0.08212117171717172,0.10593556315324879,0.15035640233271325,28.428571428571427,0.17049314592361317,-0.06250394444444445,0.11002731546025914,0.14542196320684084,28.642857142857142,0.1728155485622611,-0.0660451111111111,0.10425560985388722,0.13819220698267512,28.066666666666666,0.1569457855546982,-0.08400008408408406,50.0,-0.06508594579945798,-0.004777293860456065,0.392674033570382,-0.17357069471687261,-0.3013910359319538,-0.01144452569444443,0.0,0.0,0.0,0.0,0.0,0.0,0.0,0.0,0.0,0.0,0.0,0.0,0.0,0.0,0.0,0.0,0.0,0.0,0.0,0.0,0.0,0.0,0.0,0.0,0.0,0.0,0.0,0.0,0.0,0.0,0.0,0.0,0.0,0.0,0.0,0.0,0.0,0.0,0.0,0.0,0.0,0.0,0.0,0.0,0.0,0.009548521483450617,0.1718733867021111,0.15251794444444444,4
2025-04-06,0.12916263636363637,0.15732140599058522,11,-0.072532,0.463812,0.1570017272727273,1.727019,0.2009973636363636,0.10609504217848516,2,11,neutral,0.06655674747474748,0.1546891220705767,0.020278757008190085,0.0937945306397306,0.16688019270653665,19.666666666666668,0.16958553501683496,0.02398291761363637,0.11291822549091113,0.15584417628140854,29.142857142857142,0.1734684879149552,0.048878636363636374,0.11322056221350592,0.14951555959355559,28.642857142857142,0.17289640570511824,0.044705454545454534,0.10463579011362749,0.14000358452895273,27.266666666666666,0.15767380789236052,0.011405407792207806,50.0,-0.008435060457516352,-0.013790484518200648,0.3938143834567459,-0.17272025991424134,1.0631068203962482,0.09356592525252524,0.0,0.0,0.0,0.0,0.0,0.0,0.0,0.0,0.0,0.0,0.0,0.0,0.0,0.0,0.0,0.0,0.0,0.0,0.0,0.0,0.0,0.0,0.0,0.0,0.0,0.0,0.0,0.0,0.0,0.0,0.0,0.0,0.0,0.0,0.0,0.0,0.0,0.0,0.0,0.0,0.0,0.0,0.0,0.0,0.0,0.020278757008190085,0.22306632709009094,0.1570017272727273,2
2025-04-07,0.01869225,0.1441473746745472,36,-0.307017,0.287632,0.17731708333333335,6.383415,0.11828291666666667,0.1899272988465963,6,36,neutral,-0.11047038636363637,0.15746381718608737,0.0033144552509375004,0.07015359175084172,0.16263184412516843,21.666666666666668,0.1622789183501683,-0.07092281666666667,0.09856184505612851,0.15205722670293534,27.714285714285715,0.17007564888804008,-0.10049466304347826,0.1026295521960843,0.1492779987957355,28.285714285714285,0.17392407193624485,-0.14827414024390242,0.10522054130410369,0.14216176466629452,28.233333333333334,0.15879625352728116,0.01754253571428572,50.0,0.02878707655502391,-0.014411234698017389,0.3932614883443811,-0.18067452065294043,-0.8552812908883726,-0.17702713383838387,0.0,0.0,0.0,0.0,0.0,0.0,0.0,0.0,0.0,0.0,0.0,0.0,0.0,0.0,0.0,0.0,0.0,0.0,0.0,0.0,0.0,0.0,0.0,0.0,0.0,0.0,0.0,0.0,0.0,0.0,0.0,0.0,0.0,0.0,0.0,0.0,0.0,0.0,0.0,0.0,0.0,0.0,0.0,0.0,0.0,0.0033144552509375004,0.11932038903375002,0.17731708333333335,6
2025-04-08,0.072311575,0.12941421522162908,40,-0.288269,0.325983,0.126885725,5.075429,0.19702677500000002,0.1473613157736379,7,40,neutral,0.053619325,0.15484043360315725,0.009175306619766876,0.07338882045454544,0.14362766529558715,29.0,0.1537348452020202,0.009705686111111111,0.08889917089646467,0.14957245717843712,28.571428571428573,0.16629899195526696,-0.06763871911764706,0.09948382144211605,0.15137986943483467,28.571428571428573,0.1726958399918004,-0.04404023055555556,0.10393450149641138,0.1413887196783176,29.133333333333333,0.1595551033349735,-0.03858119423076922,50.0,0.011506346428571429,-0.006365721756053917,0.39244436441566505,-0.18144187350993862,2.8685324131658843,0.16408971136363637,0.0,0.0,0.0,0.0,0.0,0.0,0.0,0.0,0.0,0.0,0.0,0.0,0.0,0.0,0.0,0.0,0.0,0.0,0.0,0.0,0.0,0.0,0.0,0.0,0.0,0.0,0.0,0.0,0.0,0.0,0.0,0.0,0.0,0.0,0.0,0.0,0.0,0.0,0.0,0.0,0.0,0.0,0.0,0.0,0.0,0.009175306619766876,0.36701226479067506,0.126885725,7
2025-04-09,0.08048534210526316,0.12853730208508438,38,-0.240271,0.381962,0.12214086842105262,4.641353,0.14169936842105263,0.16935743926692381,7,38,neutral,0.008173767105263158,0.14916940993644376,0.009830549579902354,0.05716305570175436,0.13403296399375356,38.0,0.1421145589181286,-0.04867729425837321,0.07972178253920788,0.1493243718910215,29.285714285714285,0.1607213974006987,-0.06424171850079745,0.09915864457950498,0.15162024347654354,28.142857142857142,0.1700479848140834,-0.004552476076555026,0.10322133141843867,0.14009189328368832,29.5,0.1592922322823419,-0.02139510233918128,50.0,-0.013567966666666653,-0.011591453105260264,0.38688685946303525,-0.17967533434678248,0.11303539032669607,-0.045445557894736845,0.0,0.0,0.0,0.0,0.0,0.0,0.0,0.0,0.0,0.0,0.0,0.0,0.0,0.0,0.0,0.0,0.0,0.0,0.0,0.0,0.0,0.0,0.0,0.0,0.0,0.0,0.0,0.0,0.0,0.0,0.0,0.0,0.0,0.0,0.0,0.0,0.0,0.0,0.0,0.0,0.0,0.0,0.0,0.0,0.0,0.009830549579902354,0.37356088403628945,0.12214086842105262,7
2025-04-10,0.07870409756097561,0.11373866577044167,41,-0.118315,0.397689,0.19906143902439025,8.161519,0.14317334146341462,0.14703225453018967,6,41,neutral,-0.0017812445442875469,0.13463179274845752,0.015666950917603808,0.07716700488874624,0.12389672769238506,39.666666666666664,0.14936267748181425,0.06001184756097561,0.07593955094077583,0.1452111622673303,30.571428571428573,0.16202310297561162,-0.026475621189024384,0.09840231736447262,0.14928525660282435,29.071428571428573,0.16739177127500923,-0.010588581010452958,0.10224757650053655,0.13850606250733094,29.166666666666668,0.15966848090341637,-0.029212647537063596,50.0,-0.0029038333333333555,-0.015048653805960967,0.38536968312717157,-0.18053075137982122,-0.022131291210242154,-0.009955011649550705,0.0,0.0,0.0,0.0,0.0,0.0,0.0,0.0,0.0,0.0,0.0,0.0,0.0,0.0,0.0,0.0,0.0,0.0,0.0,0.0,0.0,0.0,0.0,0.0,0.0,0.0,0.0,0.0,0.0,0.0,0.0,0.0,0.0,0.0,0.0,0.0,0.0,0.0,0.0,0.0,0.0,0.0,0.0,0.0,0.0,0.015666950917603808,0.6423449876217561,0.19906143902439025,6
2025-04-11,0.13999855555555557,0.1400995387452829,27,-0.127934,0.496601,0.16271355555555558,4.393266000000001,0.20768344444444445,0.11457864534066793,6,27,neutral,0.06129445799457996,0.13118741929939703,0.022779662747086427,0.0997293317405981,0.12745850220026964,35.333333333333336,0.16130528766699945,0.06768698055555557,0.08313719221061709,0.14281217917113478,30.142857142857142,0.1568054775787862,0.05038348888888891,0.0990009451422504,0.15047490340858788,28.857142857142858,0.16807775619564413,0.008380788888888907,0.10312003186116032,0.1394786104602197,28.8,0.1596801713517594,0.026173660818713473,50.0,-0.03812571428571429,-0.020987866206754614,0.38790344238978713,-0.18192975508688125,0.7787962748329891,0.0630757025388675,0.0,0.0,0.0,0.0,0.0,0.0,0.0,0.0,0.0,0.0,0.0,0.0,0.0,0.0,0.0,0.0,0.0,0.0,0.0,0.0,0.0,0.0,0.0,0.0,0.0,0.0,0.0,0.0,0.0,0.0,0.0,0.0,0.0,0.0,0.0,0.0,0.0,0.0,0.0,0.0,0.0,0.0,0.0,0.0,0.0,0.022779662747086427,0.6150508941713335,0.16271355555555558,6
2025-04-12,-0.06402325,0.22587397910984935,4,-0.284809,0.135951,0.10728249999999999,0.42912999999999996,0.08710174999999999,0.17232263314178048,2,4,neutral,-0.20402180555555557,0.14753274018645746,-0.006868574318125,0.0515598010388437,0.15990406120852466,24.0,0.15635249819331523,-0.14450859210526318,0.06504731522649011,0.14844749737105997,28.142857142857142,0.15034327122957986,-0.12662913888888888,0.08549143918986944,0.1494019498518866,28.285714285714285,0.16041820857659655,-0.18913308333333334,0.09762595602782699,0.1411428462915876,27.6,0.15878729968509278,-0.16482227500000002,50.0,-0.00993212356979406,-0.007924625968477764,0.3930657130522051,-0.20194006893111743,-1.457313646886833,-0.26531626355013554,0.0,0.0,0.0,0.0,0.0,0.0,0.0,0.0,0.0,0.0,0.0,0.0,0.0,0.0,0.0,0.0,0.0,0.0,0.0,0.0,0.0,0.0,0.0,0.0,0.0,0.0,0.0,0.0,0.0,0.0,0.0,0.0,0.0,0.0,0.0,0.0,0.0,0.0,0.0,0.0,0.0,0.0,0.0,0.0,0.0,-0.006868574318125,-0.0274742972725,0.10728249999999999,2
2025-04-13,0.08529428571428573,0.18388202123346578,7,-0.269368,0.301482,0.07580114285714286,0.530608,0.21301571428571428,0.10562877472815553,3,7,neutral,0.14931753571428574,0.1584263013888248,0.006465404336326532,0.0537565304232804,0.1832851796961993,12.666666666666666,0.11526573280423276,0.006590188153310111,0.05878040799086858,0.15224187097718575,27.571428571428573,0.13874318774163924,-0.04386835064935064,0.08584931674088984,0.15404302362929714,28.357142857142858,0.1561058378282972,0.005010285714285731,0.09653410555163652,0.14365593842378835,26.833333333333332,0.1559399633358864,-0.032755514285714285,50.0,-0.03618648560700877,-0.014882634081766226,0.39262298736466794,-0.2096645536965419,-2.332239236750489,0.35333934126984134,0.0,0.0,0.0,0.0,0.0,0.0,0.0,0.0,0.0,0.0,0.0,0.0,0.0,0.0,0.0,0.0,0.0,0.0,0.0,0.0,0.0,0.0,0.0,0.0,0.0,0.0,0.0,0.0,0.0,0.0,0.0,0.0,0.0,0.0,0.0,0.0,0.0,0.0,0.0,0.0,0.0,0.0,0.0,0.0,0.0,0.006465404336326532,0.045257830354285725,0.07580114285714286,3
2025-04-14,0.1192444347826087,0.11186721849985046,23,-0.137533,0.303419,0.14472482608695653,3.328671,0.2256262608695652,0.09279140070914556,4,23,neutral,0.03395014906832297,0.15509228467177802,0.017257630085750472,0.04683849016563144,0.1738744062810552,11.333333333333334,0.10926948964803308,-0.020754120772946874,0.07314500581695553,0.14763042009508623,25.714285714285715,0.13408715099215682,0.10055218478260869,0.08585342543654204,0.14984382339901078,26.714285714285715,0.15208139994009845,5.752173913042835e-05,0.09643538671105681,0.144254997727271,27.3,0.15513532420545165,-0.002961565217391285,50.0,-0.05657071774891774,-0.013936497631706199,0.39395553804858163,-0.21070784145775026,0.3980354461499025,-0.11536738664596277,0.0,0.0,0.0,0.0,0.0,0.0,0.0,0.0,0.0,0.0,0.0,0.0,0.0,0.0,0.0,0.0,0.0,0.0,0.0,0.0,0.0,0.0,0.0,0.0,0.0,0.0,0.0,0.0,0.0,0.0,0.0,0.0,0.0,0.0,0.0,0.0,0.0,0.0,0.0,0.0,0.0,0.0,0.0,0.0,0.0,0.017257630085750472,0.39692549197226085,0.14472482608695653,4
2025-04-15,0.1669028387096774,0.12718090512863867,31,-0.091391,0.430986,0.1230883870967742,3.81574,0.23056174193548384,0.1404121835069801,5,31,bullish,0.0476584039270687,0.15778073254341743,0.02054380121864724,0.12381385306885724,0.14097671495398498,20.333333333333332,0.11453811868029114,0.2309260887096774,0.08665804348976659,0.14731137579608758,24.428571428571427,0.13354467414883886,0.0945912637096774,0.08777860719311562,0.14844191648726235,26.5,0.1499218330520529,0.026952544592030336,0.10059353847756985,0.14310954226318826,27.866666666666667,0.15605256568010603,0.1247445529953917,50.0,0.013215281250000002,-0.011530904108648828,0.3982496730377224,-0.20681547439410516,0.3996698379589241,0.01370825485874573,0.0,0.0,0.0,0.0,0.0,0.0,0.0,0.0,0.0,0.0,0.0,0.0,0.0,0.0,0.0,0.0,0.0,0.0,0.0,0.0,0.0,0.0,0.0,0.0,0.0,0.0,0.0,0.0,0.0,0.0,0.0,0.0,0.0,0.0,0.0,0.0,0.0,0.0,0.0,0.0,0.0,0.0,0.0,0.0,0.0,0.02054380121864724,0.6368578377780645,0.1230883870967742,5
2025-04-16,0.09867375,0.15041136830484494,36,-0.219789,0.397078,0.2008223888888889,7.229606,0.21057291666666667,0.13420876879662946,7,36,neutral,-0.0682290887096774,0.15984309845532985,0.019815898195625,0.12827367449742869,0.1298198306444447,30.0,0.15621186735753984,0.01337946428571428,0.089256387474729,0.15043624239891054,24.142857142857142,0.14478489135852973,0.018188407894736844,0.08448908500696843,0.149880307144966,26.714285714285715,0.15275314437961424,-0.046053310606060605,0.1002408371617804,0.1429275268542857,28.433333333333334,0.15824497337991109,-0.010581039473684203,50.0,0.012814964583333338,-0.013305583216614446,0.3991170152393845,-0.20674470945291004,-0.4087952561930951,-0.1158874926367461,0.0,0.0,0.0,0.0,0.0,0.0,0.0,0.0,0.0,0.0,0.0,0.0,0.0,0.0,0.0,0.0,0.0,0.0,0.0,0.0,0.0,0.0,0.0,0.0,0.0,0.0,0.0,0.0,0.0,0.0,0.0,0.0,0.0,0.0,0.0,0.0,0.0,0.0,0.0,0.0,0.0,0.0,0.0,0.0,0.0,0.019815898195625,0.7133723350425001,0.2008223888888889,7
2025-04-17,0.10783048648648648,0.1515302126357098,37,-0.197015,0.414506,0.1855625675675676,6.8658150000000004,0.22395597297297298,0.1138103222389698,8,37,neutral,0.009156736486486475,0.14497434516050192,0.02000930193449233,0.12446902506538793,0.14304082868973111,34.666666666666664,0.16982444785107687,-0.011413948296122217,0.09341730017837342,0.15583503480823455,23.571428571428573,0.14285648115041225,0.029126388925510865,0.08467842555957461,0.15052309853778242,27.071428571428573,0.15243979206301192,0.0026507677364864812,0.10037639309430867,0.14440718239071348,28.1,0.1595553618023761,0.004066677975848185,50.0,0.0660451111111111,-0.007245720474110038,0.40073622414748716,-0.21074264637903078,0.09279809966162711,0.07738582519616387,0.0,0.0,0.0,0.0,0.0,0.0,0.0,0.0,0.0,0.0,0.0,0.0,0.0,0.0,0.0,0.0,0.0,0.0,0.0,0.0,0.0,0.0,0.0,0.0,0.0,0.0,0.0,0.0,0.0,0.0,0.0,0.0,0.0,0.0,0.0,0.0,0.0,0.0,0.0,0.0,0.0,0.0,0.0,0.0,0.0,0.02000930193449233,0.7403441715762162,0.1855625675675676,8
2025-04-18,0.06807150000000001,0.2227264416100562,10,-0.416853,0.405372,0.21223,2.1223,0.1372044,0.20522585478399696,3,10,neutral,-0.03975898648648647,0.15274322923582,0.014446814445000001,0.09152524549549547,0.1748893408502036,27.666666666666668,0.1995383188188188,-0.09883133870967739,0.08314200652757975,0.16763887807463074,21.142857142857142,0.14993025892819004,-0.07192705555555556,0.08313959936909843,0.15522552862288275,25.642857142857142,0.1533678682534881,-0.021543566666666653,0.0997068983324039,0.14750929475837476,27.266666666666666,0.16183175608809036,-0.020084842857142862,50.0,-0.044705454545454534,-0.010705441349530914,0.39606741875145934,-0.21177767431633632,-0.36871749151821864,-0.04891572297297295,0.0,0.0,0.0,0.0,0.0,0.0,0.0,0.0,0.0,0.0,0.0,0.0,0.0,0.0,0.0,0.0,0.0,0.0,0.0,0.0,0.0,0.0,0.0,0.0,0.0,0.0,0.0,0.0,0.0,0.0,0.0,0.0,0.0,0.0,0.0,0.0,0.0,0.0,0.0,0.0,0.0,0.0,0.0,0.0,0.0,0.014446814445000001,0.14446814445,0.21223,3
2025-04-19,0.06705833333333333,0.11499055970056846,9,-0.152041,0.246792,0.11923577777777779,1.0731220000000001,0.15937955555555558,0.08804507104760481,2,9,neutral,-0.001013166666666676,0.15336789747596363,0.007995752531481482,0.08098677327327325,0.16308240464877813,18.666666666666668,0.17234278178178175,-0.031615416666666674,0.10186794700377023,0.1517983895875906,21.857142857142858,0.1516378700393011,0.13108158333333333,0.08345763111513017,0.15012294347932528,25.0,0.1509905706344405,0.004452444444444439,0.09799567611018169,0.14583706265959323,26.366666666666667,0.16085943479179407,-0.05133666666666667,50.0,0.14827414024390242,0.00609211127016195,0.3950144925532111,-0.2120473147847547,-0.014883859863036308,0.038745819819819796,0.0,0.0,0.0,0.0,0.0,0.0,0.0,0.0,0.0,0.0,0.0,0.0,0.0,0.0,0.0,0.0,0.0,0.0,0.0,0.0,0.0,0.0,0.0,0.0,0.0,0.0,0.0,0.0,0.0,0.0,0.0,0.0,0.0,0.0,0.0,0.0,0.0,0.0,0.0,0.0,0.0,0.0,0.0,0.0,0.0,0.007995752531481482,0.07196177278333334,0.11923577777777779,2
2025-04-20,0.13996571428571428,0.13876789721775742,7,0.0,0.388026,0.22920800000000002,1.604456,0.194355,0.0827429490611335,2,7,neutral,0.07290738095238095,0.15568529589378735,0.03208126144,0.09169851587301585,0.1588282995094607,8.666666666666666,0.18689125925925923,0.0321352277992278,0.1096781510854029,0.1453535147282037,21.857142857142858,0.17355313534542358,0.05467142857142855,0.08422927953813573,0.14879769285269476,24.714285714285715,0.1561481615435314,0.010803077922077908,0.09924686554470549,0.14656107715736627,25.533333333333335,0.16374567229179407,0.03753568303571428,50.0,0.04404023055555556,0.01522166069696971,0.39286462016471263,-0.20781956227203263,1.087223277530224,0.07392054761904762,0.0,0.0,0.0,0.0,0.0,0.0,0.0,0.0,0.0,0.0,0.0,0.0,0.0,0.0,0.0,0.0,0.0,0.0,0.0,0.0,0.0,0.0,0.0,0.0,0.0,0.0,0.0,0.0,0.0,0.0,0.0,0.0,0.0,0.0,0.0,0.0,0.0,0.0,0.0,0.0,0.0,0.0,0.0,0.0,0.0,0.03208126144,0.22456883008,0.22920800000000002,2
2025-04-21,0.07426691666666667,0.15470058864814748,12,-0.165656,0.374216,0.13043141666666666,1.565177,0.20295683333333334,0.10497361134878642,3,12,neutral,-0.06569879761904761,0.15654313996244787,0.009686739152298611,0.09376365476190474,0.13615301518882447,9.333333333333334,0.15962506481481478,0.006195416666666662,0.10325279135455402,0.15147256760653185,20.285714285714285,0.1715112197139536,-0.04497751811594203,0.08819889858575478,0.14955149385080904,23.0,0.1527991853530552,0.05557466666666667,0.0974340627669277,0.147703239315741,25.666666666666668,0.16309750284734964,-0.05438408333333332,50.0,0.004552476076555026,0.016831060657675163,0.39036974996766677,-0.2118930298200848,-0.4693920790125472,-0.13860617857142854,0.0,0.0,0.0,0.0,0.0,0.0,0.0,0.0,0.0,0.0,0.0,0.0,0.0,0.0,0.0,0.0,0.0,0.0,0.0,0.0,0.0,0.0,0.0,0.0,0.0,0.0,0.0,0.0,0.0,0.0,0.0,0.0,0.0,0.0,0.0,0.0,0.0,0.0,0.0,0.0,0.0,0.0,0.0,0.0,0.0,0.009686739152298611,0.11624086982758333,0.13043141666666666,3
2025-04-22,0.12654078125,0.214746134725774,32,-0.358157,0.628173,0.22982575,7.354424,0.21612284375,0.1325988943166837,4,32,neutral,0.05227386458333334,0.16918632438046072,0.02908232995636719,0.11359113740079363,0.16940487353055964,17.0,0.19648838888888887,0.05948244791666668,0.09748678314602868,0.16398188612040832,20.428571428571427,0.18675941441441443,-0.040362057459677386,0.09207241331789763,0.155646630958248,22.428571428571427,0.16015204428162666,0.05422920625000001,0.09883684941465498,0.15152774192071422,26.366666666666667,0.1655627036049254,0.04208359943181818,50.0,0.010588581010452958,0.022028290281837577,0.3979076595627417,-0.22124956735076579,0.7038647479867102,0.11797266220238095,0.0,0.0,0.0,0.0,0.0,0.0,0.0,0.0,0.0,0.0,0.0,0.0,0.0,0.0,0.0,0.0,0.0,0.0,0.0,0.0,0.0,0.0,0.0,0.0,0.0,0.0,0.0,0.0,0.0,0.0,0.0,0.0,0.0,0.0,0.0,0.0,0.0,0.0,0.0,0.0,0.0,0.0,0.0,0.0,0.0,0.02908232995636719,0.9306345586037501,0.22982575,4
2025-04-23,0.12355214634146341,0.12465428952899311,41,-0.07974,0.422492,0.15984953658536585,6.553831,0.2278061707317073,0.12126733569121209,7,41,neutral,-0.002988634908536597,0.1495718939642481,0.01974975333681023,0.10811994808604335,0.16470033763430486,28.333333333333332,0.1733689010840108,-0.016413567944250862,0.10104083976623775,0.16030230343814375,21.142857142857142,0.1809061497996254,0.02487839634146341,0.09514861362048337,0.15536927291852715,22.642857142857142,0.16284552057907759,0.043066804236200254,0.09738970795124034,0.15076711071021304,26.366666666666667,0.16546002962118556,-0.043414243902439004,50.0,-0.008380788888888907,0.027382726821840786,0.3970385965815862,-0.21854326161046395,-0.023617958408460482,-0.05526249949186994,0.0,0.0,0.0,0.0,0.0,0.0,0.0,0.0,0.0,0.0,0.0,0.0,0.0,0.0,0.0,0.0,0.0,0.0,0.0,0.0,0.0,0.0,0.0,0.0,0.0,0.0,0.0,0.0,0.0,0.0,0.0,0.0,0.0,0.0,0.0,0.0,0.0,0.0,0.0,0.0,0.0,0.0,0.0,0.0,0.0,0.01974975333681023,0.8097398868092195,0.15984953658536585,7
2025-04-24,0.08598115384615385,0.13302590775297127,39,-0.235179,0.441687,0.1286144358974359,5.015963,0.22752653846153847,0.1150222069922166,7,39,neutral,-0.03757099249530957,0.15317896357472865,0.011058417599733729,0.11202469381253906,0.15747544400257948,37.333333333333336,0.17276324082760053,0.011714237179487177,0.09791950653190451,0.15765883131203826,21.428571428571427,0.17277070241817802,-0.021849332640332633,0.09566840335513895,0.1567469330601364,22.5,0.15781359178429513,0.007277056285178232,0.09637735289426029,0.15186837342617068,26.466666666666665,0.16494447841035936,-0.030370651709401716,50.0,0.18913308333333334,0.04692914927554449,0.3944702496739925,-0.2163383059849216,-0.3040901644191102,-0.03458235758677297,0.0,0.0,0.0,0.0,0.0,0.0,0.0,0.0,0.0,0.0,0.0,0.0,0.0,0.0,0.0,0.0,0.0,0.0,0.0,0.0,0.0,0.0,0.0,0.0,0.0,0.0,0.0,0.0,0.0,0.0,0.0,0.0,0.0,0.0,0.0,0.0,0.0,0.0,0.0,0.0,0.0,0.0,0.0,0.0,0.0,0.011058417599733729,0.4312782863896154,0.1286144358974359,7
2025-04-25,0.11485088461538462,0.1431799557559163,26,-0.241607,0.363191,0.18226284615384614,4.738834,0.17683534615384613,0.11512200472157955,5,26,neutral,0.028869730769230773,0.15406137528236044,0.02093304911328698,0.1081280616010006,0.1336200510126269,35.333333333333336,0.15690893954554927,-0.011689896634615393,0.10460227576267375,0.14629504761858975,23.714285714285715,0.16848968044015605,0.04677938461538461,0.09387214114512675,0.15696696284661021,22.428571428571427,0.15920996968417303,-0.025147670940170952,0.09737112177537918,0.1524686364346626,25.866666666666667,0.16571287858518455,0.029813066433566432,50.0,-0.005010285714285731,0.044948565909142375,0.3927578198648716,-0.2094013766031511,0.33576812449955495,0.06644072326454034,0.0,0.0,0.0,0.0,0.0,0.0,0.0,0.0,0.0,0.0,0.0,0.0,0.0,0.0,0.0,0.0,0.0,0.0,0.0,0.0,0.0,0.0,0.0,0.0,0.0,0.0,0.0,0.0,0.0,0.0,0.0,0.0,0.0,0.0,0.0,0.0,0.0,0.0,0.0,0.0,0.0,0.0,0.0,0.0,0.0,0.02093304911328698,0.5442592769454615,0.18226284615384614,5
2025-04-26,0.09170009090909091,0.0823369231638571,11,-0.036009,0.21796,0.1289977272727273,1.418975,0.1583490909090909,0.08960725859823472,3,11,neutral,-0.023150793706293707,0.13958864218550235,0.01182910331797521,0.09751070979020976,0.11951426222424823,25.333333333333332,0.14662500310800308,-0.0318520554323725,0.10812252684492484,0.14163024239905952,24.0,0.1698842446537203,0.02464175757575758,0.10499523692434753,0.14671431599332507,22.928571428571427,0.16076105734651072,0.1557233409090909,0.09745136885330125,0.1503322511400408,25.3,0.16213785520856117,0.00240741233766234,50.0,-5.752173913042835e-05,0.03760382892578221,0.38338624430947155,-0.20377605559320555,-0.20157261986985675,-0.05202052447552448,0.0,0.0,0.0,0.0,0.0,0.0,0.0,0.0,0.0,0.0,0.0,0.0,0.0,0.0,0.0,0.0,0.0,0.0,0.0,0.0,0.0,0.0,0.0,0.0,0.0,0.0,0.0,0.0,0.0,0.0,0.0,0.0,0.0,0.0,0.0,0.0,0.0,0.0,0.0,0.0,0.0,0.0,0.0,0.0,0.0,0.01182910331797521,0.1301201364977273,0.1289977272727273,3
2025-04-27,0.14995450000000002,0.13914541166240443,6,0.017061,0.359263,0.21730366666666667,1.303822,0.1873835,0.11213649932961169,2,6,neutral,0.05825440909090911,0.12446849757282845,0.03258566268316667,0.11883515850815847,0.12155409686072594,14.333333333333334,0.17618808003108,0.06397334615384617,0.10954949623267993,0.1416841730340091,23.857142857142858,0.1681836256061012,0.009988785714285742,0.1096138236590414,0.1435188438811064,22.857142857142858,0.17086838047576242,0.0646602142857143,0.0980625932977457,0.15085561541330117,24.5,0.1642776518752278,0.018336733333333355,50.0,-0.026952544592030336,0.03957637447616266,0.3894491605082573,-0.19671274679199133,0.6352710069683685,0.08140520279720281,0.0,0.0,0.0,0.0,0.0,0.0,0.0,0.0,0.0,0.0,0.0,0.0,0.0,0.0,0.0,0.0,0.0,0.0,0.0,0.0,0.0,0.0,0.0,0.0,0.0,0.0,0.0,0.0,0.0,0.0,0.0,0.0,0.0,0.0,0.0,0.0,0.0,0.0,0.0,0.0,0.0,0.0,0.0,0.0,0.0,0.03258566268316667,0.195513976099,0.21730366666666667,2
2025-04-28,0.11763808163265306,0.1340834613744733,49,-0.332993,0.427887,0.18335144897959182,8.984221,0.21469244897959183,0.10136065076869107,5,49,neutral,-0.03231641836734696,0.12635433194192447,0.021569112722526446,0.11976422418058129,0.1185219320669116,22.0,0.17655094763966186,0.002787197017268442,0.11574537694210656,0.13873886913776992,29.142857142857142,0.1757436302222334,0.04337116496598639,0.10949908414833029,0.1451057183721509,24.714285714285715,0.1736274249680935,-0.001606353149955636,0.09781353490772302,0.1472952198289947,25.733333333333334,0.1632388279523253,-0.007471751700680276,50.0,0.046053310606060605,0.028218504516402468,0.3921824104551744,-0.1949133460756431,-0.21550815992415673,-0.09057082745825606,0.0,0.0,0.0,0.0,0.0,0.0,0.0,0.0,0.0,0.0,0.0,0.0,0.0,0.0,0.0,0.0,0.0,0.0,0.0,0.0,0.0,0.0,0.0,0.0,0.0,0.0,0.0,0.0,0.0,0.0,0.0,0.0,0.0,0.0,0.0,0.0,0.0,0.0,0.0,0.0,0.0,0.0,0.0,0.0,0.0,0.021569112722526446,1.0568865234037959,0.18335144897959182,5
2025-04-29,0.11379211111111111,0.1312989953392676,45,-0.093948,0.500346,0.16150926666666665,7.267917,0.2112363777777778,0.11584187540904999,5,45,neutral,-0.0038459705215419526,0.12600894945918376,0.018378480418007406,0.12712823091458803,0.13484262279204842,33.333333333333336,0.18738812743764166,0.022092020202020196,0.11392413835083672,0.12681784922541187,31.0,0.16598413260318576,-0.012748670138888904,0.10570546074843269,0.14539986767291008,25.714285714285715,0.1763717735088001,-0.05311072759856629,0.09893047194476007,0.14770828672864636,27.033333333333335,0.1640833257301031,0.033508111111111114,50.0,-0.0026507677364864812,0.023030615817286684,0.39412391823088505,-0.193524176950769,-0.032693244127796284,0.028470447845805005,0.0,0.0,0.0,0.0,0.0,0.0,0.0,0.0,0.0,0.0,0.0,0.0,0.0,0.0,0.0,0.0,0.0,0.0,0.0,0.0,0.0,0.0,0.0,0.0,0.0,0.0,0.0,0.0,0.0,0.0,0.0,0.0,0.0,0.0,0.0,0.0,0.0,0.0,0.0,0.0,0.0,0.0,0.0,0.0,0.0,0.018378480418007406,0.8270316188103333,0.16150926666666665,5
2025-04-30,0.1322473142857143,0.13691449205010947,35,-0.101454,0.460152,0.21142874285714286,7.400006,0.19731025714285713,0.10657388959621972,3,35,neutral,0.018455203174603182,0.12475585671802239,0.02796088340566204,0.12122583567649277,0.13409898292128344,43.0,0.1854298195011337,-0.017707185714285728,0.1151663052000154,0.1285693067284285,30.142857142857142,0.17335259064201106,0.008695167944250876,0.10810357248312656,0.14443580508328613,25.642857142857142,0.17712937022081826,0.033573564285714286,0.0993658186528346,0.14658356907285466,26.666666666666668,0.16442871860794991,0.013060401242236022,50.0,0.021543566666666653,0.02491851477174353,0.3991186616950888,-0.19316459874249883,0.16218350283160476,0.022301173696145135,0.0,0.0,0.0,0.0,0.0,0.0,0.0,0.0,0.0,0.0,0.0,0.0,0.0,0.0,0.0,0.0,0.0,0.0,0.0,0.0,0.0,0.0,0.0,0.0,0.0,0.0,0.0,0.0,0.0,0.0,0.0,0.0,0.0,0.0,0.0,0.0,0.0,0.0,0.0,0.0,0.0,0.0,0.0,0.0,0.0,0.02796088340566204,0.9786309191981715,0.21142874285714286,3
2025-05-01,0.1789339090909091,0.15463244898311185,66,-0.186016,0.495406,0.26273186363636364,17.340303,0.2172393333333333,0.13678126778038815,9,66,bullish,0.0466865948051948,0.13921496188187332,0.047011639403194215,0.14165777816257813,0.1409486454574963,48.666666666666664,0.2118899577200577,0.06129582745825603,0.12844527023498045,0.13165595547559145,34.0,0.19251222317614358,0.09295275524475524,0.11318238838344248,0.14465739339381486,27.714285714285715,0.18264146279716081,0.07110342260442261,0.10066527248527665,0.14684439730918786,27.733333333333334,0.1680757032781816,0.038983614973262026,50.0,-0.004452444444444439,0.023247289721199375,0.40251872039563935,-0.19267112208951404,0.3530248992756899,0.028231391630591615,0.0,0.0,0.0,0.0,0.0,0.0,0.0,0.0,0.0,0.0,0.0,0.0,0.0,0.0,0.0,0.0,0.0,0.0,0.0,0.0,0.0,0.0,0.0,0.0,0.0,0.0,0.0,0.0,0.0,0.0,0.0,0.0,0.0,0.0,0.0,0.0,0.0,0.0,0.0,0.0,0.0,0.0,0.0,0.0,0.0,0.047011639403194215,3.1027682006108184,0.26273186363636364,9
2025-05-02,0.15393715789473686,0.1453534945008066,38,-0.172059,0.47168,0.14959215789473684,5.684502,0.20252123684210527,0.10290956302066659,6,38,bullish,-0.02499675119617223,0.14045657844955375,0.023027791629656513,0.1550394604237867,0.14563347851134265,46.333333333333336,0.2079175881294144,0.04014504678362575,0.13402902356060217,0.13196646101057577,35.714285714285715,0.18784498199627084,0.03908627327935224,0.11931564966163798,0.13913075431458274,29.714285714285715,0.17816733121821346,0.08586565789473685,0.10097227572823253,0.14734705048931496,27.9,0.1676893075312385,0.00921009728867625,50.0,-0.010803077922077908,0.022978146495289484,0.4053646923294719,-0.17372105323387296,-0.1396982345222917,-0.07168334600136703,0.0,0.0,0.0,0.0,0.0,0.0,0.0,0.0,0.0,0.0,0.0,0.0,0.0,0.0,0.0,0.0,0.0,0.0,0.0,0.0,0.0,0.0,0.0,0.0,0.0,0.0,0.0,0.0,0.0,0.0,0.0,0.0,0.0,0.0,0.0,0.0,0.0,0.0,0.0,0.0,0.0,0.0,0.0,0.0,0.0,0.023027791629656513,0.8750560819269475,0.14959215789473684,6
2025-05-03,0.11475550000000001,0.12019277204201115,8,-0.093002,0.332008,0.292489875,2.339919,0.19301675000000001,0.11820086526725838,3,8,neutral,-0.03918165789473685,0.13767844058306133,0.033564821850562504,0.14920885566188194,0.1400595718419765,37.333333333333336,0.2349379655103668,-0.01749181428571428,0.13732265343073205,0.13737443942174063,35.285714285714285,0.21120100310016693,0.0230554090909091,0.12272259013782845,0.1395023409104001,29.642857142857142,0.1905426238769436,0.04769716666666668,0.10129146843656588,0.14660243845283935,27.1,0.1711073200312385,0.009575781250000012,50.0,-0.055574666666666675,-0.004211603504710518,0.40046882812461215,-0.16587906760044177,-0.25453021499545614,-0.01418490669856462,0.0,0.0,0.0,0.0,0.0,0.0,0.0,0.0,0.0,0.0,0.0,0.0,0.0,0.0,0.0,0.0,0.0,0.0,0.0,0.0,0.0,0.0,0.0,0.0,0.0,0.0,0.0,0.0,0.0,0.0,0.0,0.0,0.0,0.0,0.0,0.0,0.0,0.0,0.0,0.0,0.0,0.0,0.0,0.0,0.0,0.033564821850562504,0.26851857480450003,0.292489875,3
2025-05-04,0.1352762142857143,0.13501110144222533,14,-0.072359,0.444218,0.12200192857142857,1.708027,0.22796107142857142,0.09020314104156094,3,14,neutral,0.02052071428571428,0.13842086180365287,0.01650395903269898,0.13465629072681704,0.13351912266168103,20.0,0.18802798715538846,-0.0436576948051948,0.1352257554715484,0.13678382367600075,36.42857142857143,0.1975864690865615,-0.014678285714285727,0.12238762585211416,0.1392339983550049,30.142857142857142,0.18288504734633135,-0.004689499999999985,0.10281350669053414,0.1458730611536251,26.566666666666666,0.16853281987250834,0.04566114761904763,50.0,-0.05422920625000001,-0.009680372453123216,0.40358480539400493,-0.16739186691952396,0.1788211831739157,0.05970237218045113,0.0,0.0,0.0,0.0,0.0,0.0,0.0,0.0,0.0,0.0,0.0,0.0,0.0,0.0,0.0,0.0,0.0,0.0,0.0,0.0,0.0,0.0,0.0,0.0,0.0,0.0,0.0,0.0,0.0,0.0,0.0,0.0,0.0,0.0,0.0,0.0,0.0,0.0,0.0,0.0,0.0,0.0,0.0,0.0,0.0,0.01650395903269898,0.23105542645778573,0.12200192857142857,3
2025-05-05,0.1439054888888889,0.16272098436177385,45,-0.172008,0.455685,0.2079164888888889,9.356242,0.23123233333333332,0.08650428493722147,5,45,neutral,0.008629274603174614,0.14358216026598575,0.029920323981616793,0.13131240105820105,0.1393082859486701,22.333333333333332,0.2074694308201058,-0.010031669005847954,0.1389782422224392,0.14087489838847225,35.857142857142854,0.20109576050217534,0.026267407256235845,0.1273618095822729,0.1398068837631211,32.5,0.18841969536220438,0.06963857222222224,0.10552349335720078,0.1450828689086718,27.466666666666665,0.1703794380206565,0.08129960000000001,50.0,-0.043066804236200254,-0.014459181619464308,0.405988945826279,-0.1720957423338769,0.06379003617700962,-0.011891439682539667,0.0,0.0,0.0,0.0,0.0,0.0,0.0,0.0,0.0,0.0,0.0,0.0,0.0,0.0,0.0,0.0,0.0,0.0,0.0,0.0,0.0,0.0,0.0,0.0,0.0,0.0,0.0,0.0,0.0,0.0,0.0,0.0,0.0,0.0,0.0,0.0,0.0,0.0,0.0,0.0,0.0,0.0,0.0,0.0,0.0,0.029920323981616793,1.3464145791727558,0.2079164888888889,5
2025-05-06,0.1065135652173913,0.18344385020692325,46,-0.577516,0.502648,0.16257091304347826,7.478262,0.22241897826086957,0.12382661496436399,6,46,neutral,-0.0373919236714976,0.14934444051074805,0.017316007548907372,0.12856508946399814,0.1603919786703075,35.0,0.16416311016793186,-0.008241934782608706,0.13793844995190782,0.14832416336956594,36.0,0.2012474242702913,-0.007278545893719804,0.12593129415137225,0.1375710062974889,33.5,0.1836157784367385,-0.020027216032608708,0.10476852431899261,0.14595361704921642,28.633333333333333,0.1705650775463482,-0.022649071146245064,50.0,-0.007277056285178232,-0.012273016252036296,0.40968418477735646,-0.1750069997632152,-0.2598366744743721,-0.046021198274672215,0.0,0.0,0.0,0.0,0.0,0.0,0.0,0.0,0.0,0.0,0.0,0.0,0.0,0.0,0.0,0.0,0.0,0.0,0.0,0.0,0.0,0.0,0.0,0.0,0.0,0.0,0.0,0.0,0.0,0.0,0.0,0.0,0.0,0.0,0.0,0.0,0.0,0.0,0.0,0.0,0.0,0.0,0.0,0.0,0.0,0.017316007548907372,0.7965363472497391,0.16257091304347826,6
2025-05-07,0.1372829705882353,0.13135779796522104,34,-0.034912,0.396135,0.17547473529411767,5.966141,0.19833032352941177,0.09047163755756112,5,34,neutral,0.030769405370843994,0.14654530120363093,0.02408969292436073,0.12923400823150513,0.15917421084463937,41.666666666666664,0.1819873790754949,0.0020067563025210067,0.13865782942369656,0.14753034992886757,35.857142857142854,0.19611113747557343,0.005035656302521008,0.12691206731185598,0.13804982832864804,33.0,0.18473186405879222,0.013730824246771883,0.10872154833860045,0.1455272978255722,28.566666666666666,0.170503665945041,0.1185907205882353,50.0,0.025147670940170952,-0.01459586510380181,0.409139567515395,-0.17151713409107888,0.28887780920716044,0.0681613290423416,0.0,0.0,0.0,0.0,0.0,0.0,0.0,0.0,0.0,0.0,0.0,0.0,0.0,0.0,0.0,0.0,0.0,0.0,0.0,0.0,0.0,0.0,0.0,0.0,0.0,0.0,0.0,0.0,0.0,0.0,0.0,0.0,0.0,0.0,0.0,0.0,0.0,0.0,0.0,0.0,0.0,0.0,0.0,0.0,0.0,0.02408969292436073,0.8190495594282649,0.17547473529411767,5
2025-05-08,0.15627169999999999,0.11330098066002375,40,-0.128006,0.404285,0.16704712500000002,6.681885,0.22154574999999999,0.10144001706572645,9,40,bullish,0.018988729411764688,0.14516694292723345,0.026104738203862502,0.13335607860187548,0.14270087627738934,40.0,0.1683642577791986,0.01236621111111108,0.13542037098213808,0.14162585445414072,32.142857142857146,0.18244188909895004,-0.022662209090909102,0.1319328206085593,0.13664090496486606,33.07142857142857,0.1874770561375468,0.07029054615384614,0.11152021917193379,0.144990190006852,28.566666666666666,0.17184237927837434,0.08396012499999998,50.0,-0.1557233409090909,-0.03160392878964675,0.4026070314203917,-0.15616457799607558,0.13831817107687172,-0.011780675959079306,0.0,0.0,0.0,0.0,0.0,0.0,0.0,0.0,0.0,0.0,0.0,0.0,0.0,0.0,0.0,0.0,0.0,0.0,0.0,0.0,0.0,0.0,0.0,0.0,0.0,0.0,0.0,0.0,0.0,0.0,0.0,0.0,0.0,0.0,0.0,0.0,0.0,0.0,0.0,0.0,0.0,0.0,0.0,0.0,0.0,0.026104738203862502,1.0441895281545002,0.16704712500000002,9
2025-05-09,0.11628462962962963,0.16793931441335225,27,-0.250326,0.613791,0.14571003703703703,3.934171,0.22109022222222222,0.09315783666623723,3,27,neutral,-0.03998707037037036,0.15175258552145884,0.016943837690171465,0.1366131000726216,0.13753269767953236,33.666666666666664,0.16274396577705152,0.009771064412238323,0.13004143837283705,0.14485240015593295,30.571428571428573,0.18188730040499293,-0.03765252826510723,0.13203523096671962,0.13840943058325436,33.142857142857146,0.18486614120063186,0.0014337450142450081,0.11271352875607935,0.1463035904177943,28.2,0.1726280182322405,0.035799287524366466,50.0,-0.0646602142857143,-0.04118212667324463,0.41036322170648487,-0.15899813865253917,-0.25588171351799693,-0.05897579978213505,0.0,0.0,0.0,0.0,0.0,0.0,0.0,0.0,0.0,0.0,0.0,0.0,0.0,0.0,0.0,0.0,0.0,0.0,0.0,0.0,0.0,0.0,0.0,0.0,0.0,0.0,0.0,0.0,0.0,0.0,0.0,0.0,0.0,0.0,0.0,0.0,0.0,0.0,0.0,0.0,0.0,0.0,0.0,0.0,0.0,0.016943837690171465,0.4574836176346295,0.14571003703703703,3
2025-05-10,0.128727,0.10308588060738484,11,-0.03914,0.273305,0.12618636363636362,1.38805,0.25315,0.06723376082148017,3,11,neutral,0.012442370370370381,0.13982556477058103,0.01624359203181818,0.1337611098765432,0.12810872522692027,26.0,0.14631450855780018,-0.00855597058823529,0.13203736694426563,0.1424085585224149,31.0,0.15812965592447345,0.013971499999999998,0.13468001018749884,0.13989149897207778,33.142857142857146,0.18466532951232018,0.037026909090909096,0.11438095883738016,0.14594849757902573,27.2,0.17019884905263957,0.050022902439024394,50.0,0.001606353149955636,-0.04050892694053351,0.4062330843311619,-0.1559918727057876,0.10699926903495105,0.05242944074074074,0.0,0.0,0.0,0.0,0.0,0.0,0.0,0.0,0.0,0.0,0.0,0.0,0.0,0.0,0.0,0.0,0.0,0.0,0.0,0.0,0.0,0.0,0.0,0.0,0.0,0.0,0.0,0.0,0.0,0.0,0.0,0.0,0.0,0.0,0.0,0.0,0.0,0.0,0.0,0.0,0.0,0.0,0.0,0.0,0.0,0.01624359203181818,0.17867951234999999,0.12618636363636362,3
2025-05-11,0.0938269,0.09191422571488413,10,-0.079209,0.24013,0.1528035,1.528035,0.21907939999999998,0.09261120130980079,3,10,neutral,-0.0349001,0.12151963987217321,0.014337078714150001,0.11294617654320983,0.12097980691187372,16.0,0.1415666335578002,-0.06244479999999998,0.12611603633202073,0.13625186198993758,30.428571428571427,0.16252988041426936,-0.04144931428571429,0.13067089590178455,0.13651784283296917,33.42857142857143,0.18005817475041544,-0.056127600000000014,0.11284190365219497,0.14434232047801246,26.633333333333333,0.1698685138674544,-0.046171655555555566,50.0,0.05311072759856629,-0.033407392993795276,0.40093244720450233,-0.14873523724579468,-0.2711171704459826,-0.047342470370370385,0.0,0.0,0.0,0.0,0.0,0.0,0.0,0.0,0.0,0.0,0.0,0.0,0.0,0.0,0.0,0.0,0.0,0.0,0.0,0.0,0.0,0.0,0.0,0.0,0.0,0.0,0.0,0.0,0.0,0.0,0.0,0.0,0.0,0.0,0.0,0.0,0.0,0.0,0.0,0.0,0.0,0.0,0.0,0.0,0.0,0.014337078714150001,0.1433707871415,0.1528035,3
2025-05-12,0.1327939375,0.12030330500410577,48,-0.258668,0.445899,0.14822225,7.114668,0.23712047916666668,0.09967930356515137,5,48,neutral,0.03896703749999998,0.11930874127995014,0.01968301620260937,0.11844927916666663,0.10510113710879158,23.0,0.14240403787878786,0.01650930787037036,0.12452867184789373,0.13019219351027073,30.857142857142858,0.15400213200157095,-0.011111551388888918,0.13175345703516647,0.13553354594937148,33.357142857142854,0.17754894625187315,0.015155855867346926,0.11940247656886165,0.14082329800782095,28.1,0.17123317220078774,0.1968171875,50.0,-0.033573564285714286,-0.030962826062578337,0.39180082204483546,-0.1389782964611278,0.4153077369070062,0.07386713749999999,0.0,0.0,0.0,0.0,0.0,0.0,0.0,0.0,0.0,0.0,0.0,0.0,0.0,0.0,0.0,0.0,0.0,0.0,0.0,0.0,0.0,0.0,0.0,0.0,0.0,0.0,0.0,0.0,0.0,0.0,0.0,0.0,0.0,0.0,0.0,0.0,0.0,0.0,0.0,0.0,0.0,0.0,0.0,0.0,0.0,0.01968301620260937,0.9447847777252498,0.14822225,5
2025-05-13,0.13008834375,0.1621114558805661,32,-0.297121,0.445155,0.2214969375,7.087902,0.21237775,0.11712376565370165,6,32,neutral,-0.002705593749999985,0.12907083632405864,0.028814169745072265,0.11890306041666664,0.12477632886651868,30.0,0.1741742291666666,0.0013613437499999936,0.12789649735255212,0.12714470860650542,28.857142857142858,0.16242013549535977,0.023574778532608698,0.13291747365222997,0.13773443598803567,32.42857142857143,0.18183377988282554,0.016296232638888894,0.12089561183671878,0.14009761249605768,28.933333333333334,0.176089698688883,0.044794058035714276,50.0,-0.07110342260442261,-0.03283773899084751,0.3958733485504196,-0.1423972032258583,-0.02037437703057776,-0.04167263124999997,0.0,0.0,0.0,0.0,0.0,0.0,0.0,0.0,0.0,0.0,0.0,0.0,0.0,0.0,0.0,0.0,0.0,0.0,0.0,0.0,0.0,0.0,0.0,0.0,0.0,0.0,0.0,0.0,0.0,0.0,0.0,0.0,0.0,0.0,0.0,0.0,0.0,0.0,0.0,0.0,0.0,0.0,0.0,0.0,0.0,0.028814169745072265,0.9220534318423125,0.2214969375,6
2025-05-14,0.12236827272727274,0.1268995390074211,44,-0.222529,0.401596,0.1495909318181818,6.582001,0.23300420454545456,0.11888277216958151,7,44,neutral,-0.0077200710227272595,0.1208628812428724,0.018305183942254135,0.12841685132575756,0.13643809996403097,41.333333333333336,0.17310337310606058,0.028541372727272737,0.12576582622955748,0.12650781446967682,30.285714285714285,0.1587224492845118,-0.014914697860962556,0.13221182782662702,0.13701908219927222,33.07142857142857,0.17741679338004257,-0.009879041558441548,0.12099973976820759,0.14059868984631002,29.633333333333333,0.17625190221325715,0.0031238379446640457,50.0,-0.08586565789473685,-0.03759316717512936,0.39708006761992054,-0.1399652104072473,-0.05934483290496395,-0.005014477272727275,0.0,0.0,0.0,0.0,0.0,0.0,0.0,0.0,0.0,0.0,0.0,0.0,0.0,0.0,0.0,0.0,0.0,0.0,0.0,0.0,0.0,0.0,0.0,0.0,0.0,0.0,0.0,0.0,0.0,0.0,0.0,0.0,0.0,0.0,0.0,0.0,0.0,0.0,0.0,0.0,0.0,0.0,0.0,0.0,0.0,0.018305183942254135,0.805428093459182,0.1495909318181818,7
2025-05-15,0.11442576923076923,0.14930402626369663,39,-0.108845,0.593118,0.18049025641025643,7.0391200000000005,0.1895943846153846,0.10570992202886245,5,39,neutral,-0.007942503496503509,0.13010651037413473,0.02065273642840237,0.1222941285693473,0.1461050070505613,38.333333333333336,0.1838593752428127,-0.018368168269230753,0.11978783611966737,0.13165110669877297,30.142857142857142,0.1606428966288341,-0.04184593076923075,0.12760410355090274,0.13663848057645683,31.142857142857142,0.1715423928638921,-0.06450813986013985,0.11925050411891065,0.14133612721747862,29.9,0.17816529785703988,-0.052477069478908164,50.0,-0.04769716666666668,-0.04208429055085029,0.3976712189014678,-0.14059887322725612,-0.06490655886109709,-0.00022243247377624897,0.0,0.0,0.0,0.0,0.0,0.0,0.0,0.0,0.0,0.0,0.0,0.0,0.0,0.0,0.0,0.0,0.0,0.0,0.0,0.0,0.0,0.0,0.0,0.0,0.0,0.0,0.0,0.0,0.0,0.0,0.0,0.0,0.0,0.0,0.0,0.0,0.0,0.0,0.0,0.0,0.0,0.0,0.0,0.0,0.0,0.02065273642840237,0.8054567207076925,0.18049025641025643,5
2025-05-16,0.10887310000000001,0.15065002028692623,40,-0.113916,0.553251,0.19008850000000002,7.603540000000001,0.21577182499999997,0.11024048995134311,6,40,neutral,-0.005552669230769219,0.14185366928854318,0.020695524269350004,0.11522238065268063,0.142284528519348,41.0,0.17338989607614605,-0.021215243749999987,0.11872904617257743,0.12918120753785498,32.0,0.16698267705211456,-0.007411529629629612,0.12438524227270722,0.13701680384689396,31.285714285714285,0.17443498872855373,-0.045064057894736845,0.11959048245224399,0.141344082283548,30.033333333333335,0.1778075015607436,0.01019935000000001,50.0,0.004689499999999985,-0.04435742065531374,0.40536117906832014,-0.14657153248501753,-0.04852638761440897,0.002389834265734289,0.0,0.0,0.0,0.0,0.0,0.0,0.0,0.0,0.0,0.0,0.0,0.0,0.0,0.0,0.0,0.0,0.0,0.0,0.0,0.0,0.0,0.0,0.0,0.0,0.0,0.0,0.0,0.0,0.0,0.0,0.0,0.0,0.0,0.0,0.0,0.0,0.0,0.0,0.0,0.0,0.0,0.0,0.0,0.0,0.0,0.020695524269350004,0.8278209707740002,0.19008850000000002,6
2025-05-17,0.114400875,0.06715896100072147,8,0.027281,0.203392,0.085720125,0.685761,0.214208125,0.05993828982125224,1,8,neutral,0.005527774999999985,0.1312248004878663,0.009806457305109375,0.11256658141025638,0.12237100251711479,29.0,0.1520996271367521,-0.007967397727272743,0.11668245688686314,0.12404879045118877,31.571428571428573,0.16120178581834832,-0.014326125000000009,0.12435991191556438,0.13322867448680184,31.285714285714285,0.1596657208714109,-0.0003546250000000112,0.11980949540269444,0.13853170722904837,29.066666666666666,0.1744794201418247,0.00657038851351352,50.0,-0.06963857222222224,-0.034792446356772776,0.39638485275215185,-0.14115056866884926,0.050772642645428245,0.011080444230769204,0.0,0.0,0.0,0.0,0.0,0.0,0.0,0.0,0.0,0.0,0.0,0.0,0.0,0.0,0.0,0.0,0.0,0.0,0.0,0.0,0.0,0.0,0.0,0.0,0.0,0.0,0.0,0.0,0.0,0.0,0.0,0.0,0.0,0.0,0.0,0.0,0.0,0.0,0.0,0.0,0.0,0.0,0.0,0.0,0.0,0.009806457305109375,0.078451658440875,0.085720125,1
2025-05-18,0.07381231578947368,0.12623704137457376,19,-0.288618,0.256544,0.1042291052631579,1.980353,0.2164253157894737,0.07687332126590013,2,19,neutral,-0.040588559210526315,0.12404991758666783,0.007693391632138505,0.0990287635964912,0.11468200755407382,22.333333333333332,0.1266792434210526,-0.04061345344129555,0.11382323057107367,0.12895204983114444,32.857142857142854,0.15426258657022804,-0.02001458421052632,0.1199696334515472,0.132601955910541,31.642857142857142,0.15839623349224868,-0.06146389849624061,0.12000085592901022,0.13531539388786562,29.366666666666667,0.1708793903172633,0.005740815789473677,50.0,0.020027216032608708,-0.025382731876959108,0.3934089224600029,-0.14255721496101828,-0.3547923843285842,-0.0461163342105263,0.0,0.0,0.0,0.0,0.0,0.0,0.0,0.0,0.0,0.0,0.0,0.0,0.0,0.0,0.0,0.0,0.0,0.0,0.0,0.0,0.0,0.0,0.0,0.0,0.0,0.0,0.0,0.0,0.0,0.0,0.0,0.0,0.0,0.0,0.0,0.0,0.0,0.0,0.0,0.0,0.0,0.0,0.0,0.0,0.0,0.007693391632138505,0.1461744410106316,0.1042291052631579,2
2025-05-19,0.10877348387096773,0.1408315355836826,31,-0.151757,0.382081,0.19266212903225807,5.972526,0.2277848064516129,0.09652161318634611,6,31,neutral,0.03496116808149405,0.12683631690192015,0.020956530984836626,0.0989955582201471,0.11140917931965928,19.333333333333332,0.12753711976513862,-9.961612903228168e-05,0.11039173719549762,0.1318846541996554,30.428571428571427,0.16061114071769347,-0.024020453629032254,0.11746020452169569,0.13103842385496306,30.642857142857142,0.1573066363596322,-0.03513200501792117,0.12139136094693136,0.1361767597506361,30.1,0.1733269353590793,0.0417151505376344,50.0,-0.013730824246771883,-0.02708686269881772,0.3941112451224372,-0.14376140034746696,0.47364952186583253,0.07554972729202036,0.0,0.0,0.0,0.0,0.0,0.0,0.0,0.0,0.0,0.0,0.0,0.0,0.0,0.0,0.0,0.0,0.0,0.0,0.0,0.0,0.0,0.0,0.0,0.0,0.0,0.0,0.0,0.0,0.0,0.0,0.0,0.0,0.0,0.0,0.0,0.0,0.0,0.0,0.0,0.0,0.0,0.0,0.0,0.0,0.0,0.020956530984836626,0.6496524605299354,0.19266212903225807,6
2025-05-20,0.1373820285714286,0.12154186708690033,35,-0.279501,0.436401,0.16737705714285717,5.8581970000000005,0.2525838285714286,0.12851540578524515,6,35,neutral,0.028608544700460856,0.12128388506656088,0.022994599646601638,0.10665594274395662,0.12953681468171888,28.333333333333332,0.154756097146091,0.02298115357142859,0.11143369216998744,0.12608899865770315,30.857142857142858,0.15287972923810164,0.0072936848214285865,0.11966509476126977,0.1266168536321043,29.857142857142858,0.1576499323667307,0.030868463354037284,0.1213052380897885,0.1356025587462742,31.033333333333335,0.17126590393050786,-0.0025836857142856884,50.0,-0.07029054615384614,-0.04079811533797465,0.39283071834040206,-0.14196740213686032,0.26301028230738366,-0.006352623381033193,0.0,0.0,0.0,0.0,0.0,0.0,0.0,0.0,0.0,0.0,0.0,0.0,0.0,0.0,0.0,0.0,0.0,0.0,0.0,0.0,0.0,0.0,0.0,0.0,0.0,0.0,0.0,0.0,0.0,0.0,0.0,0.0,0.0,0.0,0.0,0.0,0.0,0.0,0.0,0.0,0.0,0.0,0.0,0.0,0.0,0.022994599646601638,0.8048109876310573,0.16737705714285717,6
2025-05-21,0.13745532432432434,0.1676175990001007,37,-0.290695,0.601687,0.1787848918918919,6.615041,0.22129086486486485,0.13814589304269803,8,37,neutral,7.329575289574675e-05,0.12467740080919576,0.024574935299289266,0.12787027892224018,0.1433303338902279,34.333333333333336,0.1796080260223357,0.06364300853485065,0.11358898525528051,0.1319058643709431,29.857142857142858,0.15705029496291736,0.015087051597051593,0.119677405742419,0.12920683942030997,30.071428571428573,0.15788637212371456,0.00017235373608903704,0.12341151834504377,0.136033125758006,31.866666666666667,0.17287768643801538,0.06318840765765767,50.0,-0.0014337450142450081,-0.037227024307811406,0.39205530410377176,-0.1453398463768885,0.0005335177654450796,-0.02853524894756511,0.0,0.0,0.0,0.0,0.0,0.0,0.0,0.0,0.0,0.0,0.0,0.0,0.0,0.0,0.0,0.0,0.0,0.0,0.0,0.0,0.0,0.0,0.0,0.0,0.0,0.0,0.0,0.0,0.0,0.0,0.0,0.0,0.0,0.0,0.0,0.0,0.0,0.0,0.0,0.0,0.0,0.0,0.0,0.0,0.0,0.024574935299289266,0.9092726060737029,0.1787848918918919,8
2025-05-22,0.11746222916666667,0.18995591328496486,48,-0.496663,0.511446,0.1852066875,8.889921,0.1935961875,0.17029129715543007,8,48,neutral,-0.019993095157657667,0.14923679126604444,0.02175479037032422,0.13076652735413982,0.15970512645732196,40.0,0.17712287884491631,0.008688745295698935,0.11402276524612301,0.13771327680255285,31.142857142857142,0.1577240708328807,0.0030364599358974342,0.11690530068289517,0.1346821917506629,30.642857142857142,0.15918348373085742,-0.03880947083333332,0.123108899942266,0.13520678504331232,32.4,0.17139038435468204,-0.009078552083333344,50.0,-0.037026909090909096,-0.03344074502853213,0.394691799545784,-0.15162383469170776,-0.1454515876772018,-0.020066390910553414,0.0,0.0,0.0,0.0,0.0,0.0,0.0,0.0,0.0,0.0,0.0,0.0,0.0,0.0,0.0,0.0,0.0,0.0,0.0,0.0,0.0,0.0,0.0,0.0,0.0,0.0,0.0,0.0,0.0,0.0,0.0,0.0,0.0,0.0,0.0,0.0,0.0,0.0,0.0,0.0,0.0,0.0,0.0,0.0,0.0,0.02175479037032422,1.0442299377755626,0.1852066875,8
2025-05-23,0.08686270370370369,0.16039648123677652,27,-0.340101,0.390845,0.11385485185185186,3.074081,0.19548855555555555,0.09304204378349745,4,27,neutral,-0.030599525462962976,0.15606867923848503,0.009889740261636488,0.11392675239823152,0.17265666450728068,37.333333333333336,0.15928214374791455,-0.050519324867724896,0.11087842291808067,0.13910562836681717,29.285714285714285,0.14683354966885953,-0.022010396296296322,0.11480373454532904,0.13414341795233606,30.642857142857142,0.15690811336048707,-0.029421925925925935,0.12188591852100733,0.1363981914335718,31.933333333333334,0.16985722819689825,-0.03668944263775972,50.0,0.056127600000000014,-0.01766371637356136,0.3973175306504457,-0.1570388454259991,-0.26050523372534873,-0.010606430305305309,0.0,0.0,0.0,0.0,0.0,0.0,0.0,0.0,0.0,0.0,0.0,0.0,0.0,0.0,0.0,0.0,0.0,0.0,0.0,0.0,0.0,0.0,0.0,0.0,0.0,0.0,0.0,0.0,0.0,0.0,0.0,0.0,0.0,0.0,0.0,0.0,0.0,0.0,0.0,0.0,0.0,0.0,0.0,0.0,0.0,0.009889740261636488,0.26702298706418515,0.11385485185185186,4
2025-05-24,0.15381475,0.13715087155400335,12,-0.084609,0.400049,0.14391041666666668,1.726925,0.22067758333333332,0.060584507694861955,4,12,bullish,0.06695204629629631,0.15533254643254915,0.022135544761979167,0.11937989429012341,0.1625010886919149,29.0,0.14765731867283946,0.016359425675675665,0.11650897648950924,0.14910447273157174,29.857142857142858,0.15514644847838335,0.039413875,0.11659571668818618,0.13657663159138025,30.714285714285715,0.15817411714836585,0.025087749999999992,0.12414703839280221,0.1365356902269395,31.033333333333335,0.17036709422253926,0.06783359615384615,50.0,-0.015155855867346926,-0.014048015173636944,0.3984584344473378,-0.15632589565146265,0.7707801328021704,0.09755157175925928,0.0,0.0,0.0,0.0,0.0,0.0,0.0,0.0,0.0,0.0,0.0,0.0,0.0,0.0,0.0,0.0,0.0,0.0,0.0,0.0,0.0,0.0,0.0,0.0,0.0,0.0,0.0,0.0,0.0,0.0,0.0,0.0,0.0,0.0,0.0,0.0,0.0,0.0,0.0,0.0,0.0,0.0,0.0,0.0,0.0,0.022135544761979167,0.26562653714375,0.14391041666666668,4
2025-05-25,0.0619475,0.13158145609828326,10,-0.159516,0.287906,0.11338010000000001,1.133801,0.1339274,0.10913049927820871,3,10,neutral,-0.09186725,0.15734046423482573,0.007023613744750001,0.10087498456790119,0.14304293629635437,16.333333333333332,0.12371512283950614,-0.055514729166666665,0.11481400280529873,0.1498679605492445,28.571428571428573,0.1564537334407894,-0.011864815789473682,0.1143186166881862,0.13941000519019447,30.714285714285715,0.1553581600055087,-0.0318794,0.12238359223895605,0.1361490735716851,30.5,0.1680710026840777,-0.052903384615384616,50.0,-0.016296232638888894,-0.016379763244624597,0.3912465821765444,-0.15730984226955805,-0.5972590405016424,-0.15881929629629632,0.0,0.0,0.0,0.0,0.0,0.0,0.0,0.0,0.0,0.0,0.0,0.0,0.0,0.0,0.0,0.0,0.0,0.0,0.0,0.0,0.0,0.0,0.0,0.0,0.0,0.0,0.0,0.0,0.0,0.0,0.0,0.0,0.0,0.0,0.0,0.0,0.0,0.0,0.0,0.0,0.0,0.0,0.0,0.0,0.0,0.007023613744750001,0.07023613744750001,0.11338010000000001,3
2025-05-26,0.16902466666666666,0.12953207130980932,15,0.021986,0.441324,0.135322,2.02983,0.24662259999999997,0.0938712615301251,3,15,bullish,0.10707716666666665,0.14972335869676745,0.022872755942666665,0.1282623055555555,0.13275479965403197,12.333333333333334,0.13087083888888884,0.08216196296296296,0.1234213146332557,0.14825375136726263,26.285714285714285,0.14826228643618108,0.060251182795698924,0.11690652591437667,0.140069202783459,28.357142857142858,0.15443671357693728,0.03623072916666667,0.12496107809754191,0.13772224517655018,30.633333333333333,0.1682818117749868,0.07732457575757574,50.0,0.009879041558441548,-0.007544472824550844,0.38898095935929666,-0.14879310930738285,1.7285147369412268,0.19894441666666665,0.0,0.0,0.0,0.0,0.0,0.0,0.0,0.0,0.0,0.0,0.0,0.0,0.0,0.0,0.0,0.0,0.0,0.0,0.0,0.0,0.0,0.0,0.0,0.0,0.0,0.0,0.0,0.0,0.0,0.0,0.0,0.0,0.0,0.0,0.0,0.0,0.0,0.0,0.0,0.0,0.0,0.0,0.0,0.0,0.0,0.022872755942666665,0.34309133913999995,0.135322,3
2025-05-27,0.12324446153846154,0.1253662351816608,39,-0.151757,0.380289,0.15465335897435897,6.031481,0.22070438461538464,0.11678475658790212,6,39,neutral,-0.04578020512820512,0.13680542307610663,0.01906016995190927,0.11807220940170936,0.1288265875299178,21.333333333333332,0.13445181965811961,-0.03057028846153846,0.1214016621999747,0.1488000896665141,26.857142857142858,0.14644461526925276,-0.01413756703296705,0.11641767718498107,0.13744454416210863,28.857142857142858,0.1496621722536772,-0.006843882211538463,0.12407074348215728,0.13726293929385872,31.733333333333334,0.16619346818524322,-0.02671003846153848,50.0,0.06450813986013985,-0.0026021479548251607,0.387679877628452,-0.14889587848151556,-0.27084925550238304,-0.15285737179487177,0.0,0.0,0.0,0.0,0.0,0.0,0.0,0.0,0.0,0.0,0.0,0.0,0.0,0.0,0.0,0.0,0.0,0.0,0.0,0.0,0.0,0.0,0.0,0.0,0.0,0.0,0.0,0.0,0.0,0.0,0.0,0.0,0.0,0.0,0.0,0.0,0.0,0.0,0.0,0.0,0.0,0.0,0.0,0.0,0.0,0.01906016995190927,0.7433466281244615,0.15465335897435897,6
2025-05-28,0.08522130303030304,0.10032168547305863,33,-0.161595,0.329134,0.11010015151515151,3.633305,0.23974903030303032,0.0977889862949443,6,33,neutral,-0.0380231585081585,0.12479046392336306,0.009382878375955006,0.1258301437451437,0.11840666398817624,29.0,0.13335850349650347,0.023273803030303034,0.11393965915797165,0.13918638773407951,26.285714285714285,0.136632509501147,-0.0522340212940213,0.11376432220662609,0.13554612605251132,28.071428571428573,0.14684140223203218,-0.037146969696969706,0.12299018419541229,0.13613754676381157,31.2,0.16375175826976188,-0.032416778602350024,50.0,0.045064057894736845,0.003930616727564697,0.38282942826127064,-0.1511504688113039,-0.3085181924892618,0.007757046620046615,0.0,0.0,0.0,0.0,0.0,0.0,0.0,0.0,0.0,0.0,0.0,0.0,0.0,0.0,0.0,0.0,0.0,0.0,0.0,0.0,0.0,0.0,0.0,0.0,0.0,0.0,0.0,0.0,0.0,0.0,0.0,0.0,0.0,0.0,0.0,0.0,0.0,0.0,0.0,0.0,0.0,0.0,0.0,0.0,0.0,0.009382878375955006,0.3096349864065152,0.11010015151515151,6
2025-05-29,0.10288005405405405,0.11017799697004084,37,-0.159401,0.297092,0.13194240540540542,4.881869,0.2437657837837838,0.08683310380492221,5,37,neutral,0.017658751023751015,0.11939588900657057,0.013574241800130022,0.1037819395409395,0.11195530587492009,36.333333333333336,0.1322319719649719,-0.0661446126126126,0.11185649128474127,0.12778954254623323,24.714285714285715,0.12902332634477634,-0.014582175112612616,0.11293962826543213,0.13275140967439306,27.928571428571427,0.14337369858882854,-0.011545715176715182,0.12262644896017706,0.13543351348483731,30.933333333333334,0.16276619622771984,-0.010912057057057056,50.0,0.0003546250000000112,0.011780080189103159,0.3763830677381607,-0.14604456584575148,0.2072105259581858,0.05568190953190952,0.0,0.0,0.0,0.0,0.0,0.0,0.0,0.0,0.0,0.0,0.0,0.0,0.0,0.0,0.0,0.0,0.0,0.0,0.0,0.0,0.0,0.0,0.0,0.0,0.0,0.0,0.0,0.0,0.0,0.0,0.0,0.0,0.0,0.0,0.0,0.0,0.0,0.0,0.0,0.0,0.0,0.0,0.0,0.0,0.0,0.013574241800130022,0.5022469466048108,0.13194240540540542,5
2025-05-30,0.09159402777777778,0.11897588136772838,36,-0.147486,0.401028,0.1428313611111111,5.141929,0.22167275,0.09493667420229579,7,36,neutral,-0.01128602627627627,0.11687477406045958,0.01308249965714892,0.09323179495404492,0.10982518793694263,35.333333333333336,0.12829130601055597,-0.03165043376068376,0.11253239472389473,0.12187231399351207,26.0,0.13316282766752766,0.004731324074074089,0.11170540882098769,0.13048897118016461,27.642857142857142,0.1399981886681936,-0.017279072222222233,0.1212713394099125,0.1348355597954246,30.966666666666665,0.16047961683618542,-0.04065328650793651,50.0,0.06146389849624061,0.018768707245823784,0.37611541920308394,-0.14949021453289696,-0.10970081985324864,-0.028944777300027286,0.0,0.0,0.0,0.0,0.0,0.0,0.0,0.0,0.0,0.0,0.0,0.0,0.0,0.0,0.0,0.0,0.0,0.0,0.0,0.0,0.0,0.0,0.0,0.0,0.0,0.0,0.0,0.0,0.0,0.0,0.0,0.0,0.0,0.0,0.0,0.0,0.0,0.0,0.0,0.0,0.0,0.0,0.0,0.0,0.0,0.01308249965714892,0.4709699876573611,0.1428313611111111,7
2025-05-31,0.05675233333333333,0.11595649054480162,6,-0.139743,0.190346,0.10477816666666666,0.6286689999999999,0.19478833333333334,0.13062816760969537,2,6,neutral,-0.03484169444444445,0.11415965790745805,0.005946405440722221,0.08374213838838834,0.11503678962752362,26.333333333333332,0.12651731106106104,-0.028468969696969708,0.09866633520008519,0.11884454527791181,25.142857142857142,0.12757250623895625,-0.09706241666666668,0.10758765584479722,0.13397450900474178,27.5,0.1413594773586698,-0.05764854166666667,0.11719862021799331,0.13354636118081425,28.966666666666665,0.15521449360386222,-0.12218157575757577,50.0,0.03513200501792118,0.02678636436902715,0.37666591735274235,-0.15374816934922206,-0.3803926444743335,-0.023555668168168183,0.0,0.0,0.0,0.0,0.0,0.0,0.0,0.0,0.0,0.0,0.0,0.0,0.0,0.0,0.0,0.0,0.0,0.0,0.0,0.0,0.0,0.0,0.0,0.0,0.0,0.0,0.0,0.0,0.0,0.0,0.0,0.0,0.0,0.0,0.0,0.0,0.0,0.0,0.0,0.0,0.0,0.0,0.0,0.0,0.0,0.005946405440722221,0.035678432644333326,0.10477816666666666,2
2025-06-01,0.128321,0.11522307911426177,8,-0.056999,0.250642,0.19849287499999999,1.5879429999999999,0.18121900000000002,0.07608218601335946,2,8,neutral,0.07156866666666667,0.11213102669397826,0.025470804212874995,0.09222245370370367,0.11671848367559727,16.666666666666668,0.14870080092592589,0.02544094594594594,0.10814826377151376,0.11650763428019448,24.857142857142858,0.1397314740960991,0.06637349999999999,0.11148113328840624,0.1331877974147195,26.714285714285715,0.14809260376844424,0.054508684210526306,0.11634474828816875,0.13254201400126278,27.966666666666665,0.156844517507371,-0.02561615789473687,50.0,-0.030868463354037284,0.017120135107467446,0.37593424788875796,-0.15346379363523766,1.261070029426103,0.10641036111111113,0.0,0.0,0.0,0.0,0.0,0.0,0.0,0.0,0.0,0.0,0.0,0.0,0.0,0.0,0.0,0.0,0.0,0.0,0.0,0.0,0.0,0.0,0.0,0.0,0.0,0.0,0.0,0.0,0.0,0.0,0.0,0.0,0.0,0.0,0.0,0.0,0.0,0.0,0.0,0.0,0.0,0.0,0.0,0.0,0.0,0.025470804212874995,0.20376643370299996,0.19849287499999999,2
2025-06-02,0.1313455,0.11639960367569985,26,-0.114371,0.351688,0.16064173076923077,4.176685,0.2434584230769231,0.10707939081006132,5,26,neutral,0.0030245000000000133,0.11534661033450648,0.02109956844875,0.1054729444444444,0.11585972444492108,13.333333333333334,0.15463759081196576,0.03975147222222222,0.10276552567627568,0.11463156747532169,26.428571428571427,0.1433485784917035,-0.03767916666666665,0.11309342015476569,0.13144265942129216,26.357142857142858,0.1458054324639423,0.02257201612903227,0.11689774828816875,0.13241557505571908,28.566666666666666,0.15244957936634537,0.016589999999999994,50.0,-0.00017235373608903704,0.018784968677607213,0.3714259204807714,-0.14882975060225104,0.023569797616914023,-0.06854416666666666,0.0,0.0,0.0,0.0,0.0,0.0,0.0,0.0,0.0,0.0,0.0,0.0,0.0,0.0,0.0,0.0,0.0,0.0,0.0,0.0,0.0,0.0,0.0,0.0,0.0,0.0,0.0,0.0,0.0,0.0,0.0,0.0,0.0,0.0,0.0,0.0,0.0,0.0,0.0,0.0,0.0,0.0,0.0,0.0,0.0,0.02109956844875,0.5485887796675001,0.16064173076923077,5
2025-06-03,0.18157292307692308,0.1799957838385439,39,-0.267448,0.767007,0.19137492307692308,7.463622,0.2649173076923077,0.1308102261023788,7,39,bullish,0.05022742307692307,0.12931016770820708,0.034748504186698226,0.14707980769230763,0.1372061555428352,24.333333333333332,0.18350317628205123,0.12482058974358975,0.11109816303891304,0.12243578871201928,26.428571428571427,0.1485945162206412,0.05832846153846154,0.11624991261944385,0.1356179391892667,26.642857142857142,0.147519565744947,0.04419089450549449,0.11844097191454236,0.1339150644689297,29.4,0.15476201251652852,0.046296708791208785,50.0,0.03880947083333332,0.024907824618965235,0.3796957774813662,-0.15117914256788081,0.38240688167408154,0.04720292307692306,0.0,0.0,0.0,0.0,0.0,0.0,0.0,0.0,0.0,0.0,0.0,0.0,0.0,0.0,0.0,0.0,0.0,0.0,0.0,0.0,0.0,0.0,0.0,0.0,0.0,0.0,0.0,0.0,0.0,0.0,0.0,0.0,0.0,0.0,0.0,0.0,0.0,0.0,0.0,0.0,0.0,0.0,0.0,0.0,0.0,0.034748504186698226,1.3551916632812309,0.19137492307692308,7
2025-06-04,0.17362238775510205,0.1288682778201279,49,-0.028797,0.489759,0.18415655102040818,9.023671,0.23927073469387755,0.10581716781843882,7,49,bullish,-0.007950535321821023,0.131288646998687,0.03197370010890754,0.1621802702773417,0.1417545551114572,38.0,0.1787244016221873,0.04530138775510206,0.12372688942817003,0.1265138733330292,28.714285714285715,0.15917400186424932,0.08840108472479902,0.11883327429307086,0.13285013053355435,27.5,0.1479032556826982,0.03616706343077772,0.11943153521008282,0.1327866409175415,29.533333333333335,0.15397001458757914,0.02971689886621315,50.0,0.029421925925925935,0.027079256215352388,0.3806120335632259,-0.1461757367973073,-0.04378700957770443,-0.058177958398744095,0.0,0.0,0.0,0.0,0.0,0.0,0.0,0.0,0.0,0.0,0.0,0.0,0.0,0.0,0.0,0.0,0.0,0.0,0.0,0.0,0.0,0.0,0.0,0.0,0.0,0.0,0.0,0.0,0.0,0.0,0.0,0.0,0.0,0.0,0.0,0.0,0.0,0.0,0.0,0.0,0.0,0.0,0.0,0.0,0.0,0.03197370010890754,1.5667113053364696,0.18415655102040818,7
2025-06-05,0.242002,0.3378033467033742,3,0.0,0.627932,0.269126,0.8073779999999999,0.1653056666666666,0.2612887298877112,3,2,bullish,0.0,0.0,0.065129030252,0.0,0.0,0.0,0.0,0.0,0.0,0.0,0.0,0.0,0.0,0.0,0.0,0.0,0.0,0.0,0.0,0.0,0.0,0.0,0.0,0.0,0.0,0.0,0.0,0.0,0.0,0.0,0.158519,0.310843,0.0,0.0,0.0,0.0,0.0,0.995973,0.0,0.0,0.5,0.158519,0.0,0.0,0.8333333333333334,0.0,0.627932,0.0,0.0,0.0,0.0,0.0,0.627932,0.0,0.0,0.0,0.098074,0.0,0.0,0.242002,0.0,0.195188266676,0.0,0.0,0.0,0.0,0.0,0.625403317836,0.0,0.0,0.0,0.0155465924059999,0.0,0.0,0.726006,0.121001,0.363003,0.5,2
2025-06-06,0.1185615833333333,0.1252583492923725,36,-0.210518,0.403634,0.1712216111111111,6.163978,0.2268673055555555,0.1083440586132423,36,5,neutral,-0.1234404166666666,0.0,0.0203003053142175,0.0,0.0,0.0,0.0,0.0,0.0,0.0,0.0,0.0,0.0,0.0,0.0,0.0,0.0,0.0,0.0,0.0,0.0,0.0,0.0,0.0,-0.0027694965277778,-0.0015386091820987,0.0,0.0,-0.5100801508527478,0.0,0.310843,0.70385712,0.158519,0.0,0.2194486,0.25,0.4351851111111111,0.5141737428571429,0.4110078,0.25,0.39999985,0.108179,0.333333,0.3888886666666666,0.5416665833333334,0.036815,0.15138536,0.047169,0.0,0.117287,0.074615,0.1268751111111111,0.1279638571428571,0.0813722,0.102061,0.0889368,0.293026,0.106461,0.0738474444444444,0.1185615833333333,0.0114436850449999,2.481053898126,0.007477182711,0.0,0.120345593837,0.0373075,0.524592180893,2.550998370245,0.158654219489,0.02551525,0.705247039707,0.031699259654,0.035486964513,0.237797144301,2.702270039707,0.066138675,2.3809923,0.5611111111111111,5
2025-06-07,0.0651016428571428,0.2134703533415956,14,-0.56956,0.333593,0.1927579285714285,2.698611,0.2142850714285714,0.1822766737924539,14,2,neutral,-0.0534599404761904,0.0,0.0125488578237397,0.1418884087301587,0.0907278329766455,3.0,0.2110351798941799,-0.0884501785714286,0.0,0.0,0.0,0.0,0.0,0.0,0.0,0.0,0.0,0.0,0.0,0.0,0.0,0.0,0.0,0.0,-0.0051866778402919,-0.0030337192879156,0.0,0.0,-0.4509044074241907,0.0591757434285571,0.0,0.6585365555555556,0.0,0.0,0.0,0.0,0.3166664,0.7486328461538462,0.451494,0.333333,0.3916665,0.108179,0.333333,0.39583325,0.4464284285714285,0.0,0.1025119999999999,0.0,0.0,0.0,0.0,0.0583386,0.1139217692307692,-0.065597,0.333593,0.0979658,0.097944,0.112003,0.1393265,0.0651016428571428,0.0,0.510787582245,0.0,0.0,0.0,0.0,0.092565838096,0.934031203631,-0.029616651918,0.1111975554689999,0.365083861834,0.010595483976,0.037334295999,0.26185607773,0.043384689564,0.0411934214285714,0.5767078999999999,0.6857142857142857,2
2025-06-08,0.0905153333333333,0.0560956961682985,12,0.030085,0.160404,0.0721483333333333,0.86578,0.2248756666666666,0.1033522032877105,12,4,neutral,0.0254136904761904,0.0,0.0065305304411111,0.0913928531746031,0.0267407711132892,3.6666666666666665,0.1453759576719576,-0.014023125,0.0,0.0,0.0,0.0,0.0,0.0,0.0,0.0,0.0,0.0,0.0,0.0,0.0,0.0,0.0,0.0,-0.0052413953661127,-0.0037815770379824,0.0,0.0,0.3903694186636355,0.8412738260878262,0.158519,0.6976045000000001,0.0,0.0,0.310843,0.2,0.25,0.5723994444444445,0.395434,0.333333,0.4214285714285714,0.158519,0.2,0.261111,0.6069444166666667,0.034045,0.0792065,0.0,0.0,0.034045,0.159947,0.123773,0.0813271111111111,0.0543289999999999,0.034045,0.0881311428571428,0.037138,0.159947,0.1059216666666666,0.0905153333333333,0.005396779355,0.319976098424,0.0,0.0,0.0105826499349999,0.0319894,0.03094325,0.44889996676,0.073307359123,0.011348321985,0.22953165,0.005887078622,0.0319894,0.074280971985,0.676100971985,0.0544547833333333,0.6534574,0.6166666666666666,4
2025-06-09,0.1305825806451613,0.1608274132291661,31,-0.238018,0.395194,0.2071570322580645,6.421868,0.2420178387096774,0.1046664537965235,31,7,neutral,0.0400672473118279,0.0,0.0270510998710509,0.0953998522785458,0.0330126066434353,4.333333333333333,0.1573544313876088,0.0327404688940092,0.0,0.0,0.0,0.0,0.0,0.0,0.0,0.0,0.0,0.0,0.0,0.0,0.0,0.0,0.0,0.0,-0.0035664155030945,-0.0037175713457858,0.0,0.0,0.4426570155166485,0.0522875968530129,0.8366834999999999,0.5988769411764706,0.158519,0.0,0.158519,0.333333,0.3055553333333333,0.5673862692307693,0.2346809999999999,0.4166665,0.423611,0.133349,0.333333,0.3055553333333333,0.6962364838709678,0.0308125,0.163761,0.173074,0.0,-0.0599186666666666,0.097275,0.0694623333333333,0.1370604615384615,0.2369784999999999,0.1336014999999999,0.1426129166666666,0.2207745,0.1860765,0.1171246666666666,0.1305825806451613,0.0953755978109999,1.827069389326,0.027435517406,0.0,-0.028494741364,0.032424967575,0.046684771648,1.67744067131,0.131156109207,0.1236598134499999,0.744955998556,0.061281360771,0.248101751898,0.0943470573189999,2.757885055223,0.0708080451612903,2.1950494,0.5387096774193548,7
2025-06-10,0.1271825,0.1377358773740966,42,-0.273199,0.417011,0.1652452857142857,6.940302,0.2289873095238095,0.1024088181155738,42,7,neutral,-0.0034000806451612,0.0,0.0210163085503571,0.1160934713261648,0.0222164577393348,6.0,0.1481835504352278,0.0183335833333333,0.0,0.0,0.0,0.0,0.0,0.0,0.0,0.0,0.0,0.0,0.0,0.0,0.0,0.0,0.0,0.0,-0.0026378781355276,-0.0034249144560246,0.0,0.0,-0.0260377810605573,-0.4686947965772058,0.33620525,0.6620088947368421,0.0,0.0,0.2346809999999999,0.0,0.398148,0.59778103125,0.3112522,0.3888886666666666,0.4166665294117647,0.0,0.5,0.4305555,0.6329364523809524,0.0495652499999999,0.1605368947368421,0.0,0.0,0.040143,0.0,0.0737791111111111,0.136527,0.1255262,0.1116346666666666,0.1118227058823529,0.0,0.1330685,0.2262928333333333,0.1271825,-0.023001787256,2.234509838004,0.0,0.0,0.0127268564339999,0.0,0.284034513948,2.100371661158,0.178935166629,0.1207270732169999,0.800151475875,0.0,0.1330685,0.60995463871,3.393727975875,0.0746673976190476,3.1360307,0.5761904761904761,7
2025-06-11,0.1369434210526315,0.1478303698942175,38,-0.189617,0.530399,0.1878443157894737,7.138084,0.2443792368421052,0.0735165810113,38,6,neutral,0.0097609210526315,0.0555315179654481,0.0257240432295013,0.1315695005659309,0.0049547354264819,6.666666666666667,0.186748877920608,0.0031804202037351,0.1301270087459432,0.0555315179654481,4.714285714285714,0.1807857866825281,-0.008301891632884,0.0,0.0,0.0,0.0,0.0,0.0,0.0,0.0,0.0,0.0,0.0,-0.0015547753712477,-0.0029516321444385,0.0,0.0,0.0767473595237675,0.1027851405843248,0.158519,0.6182284,0.0,0.0,0.23176275,0.0,0.3999997999999999,0.53884878125,0.3050065,0.0,0.4298244210526316,0.0,0.3888886666666666,0.3749997499999999,0.6622806315789473,0.0111545,0.1930048999999999,0.0,0.0,0.0649557499999999,0.0,0.1214542,0.13453625,0.1461194999999999,0.0,0.0970825789473684,0.0,0.1098006666666666,0.10924625,0.1369434210526315,0.003536400371,2.17439063087,0.0,0.0,0.0411868821369999,0.0,0.264005754074,1.860455301361,0.082633825791,0.0,0.8149157852629999,0.0,0.136405443409,0.17904908778,3.809473285263,0.0789276578947368,2.999251,0.5631578947368421,6
2025-06-12,0.1249054489795918,0.1587440799308304,49,-0.192841,0.549309,0.1843516122448979,9.033229,0.2433515510204081,0.1115267441110093,49,7,neutral,-0.0120379720730397,0.0259966267702736,0.0230265208975606,0.1296771233440744,0.0063949630279948,6.666666666666667,0.1791470712495524,-0.001138525510204,0.113398930028742,0.0259966267702736,5.428571428571429,0.1686751598603706,0.0071207971427292,0.0,0.0,0.0,0.0,0.0,0.0,0.0,0.0,0.0,0.0,0.0,-0.0013760466427938,-0.0025729893195013,0.0,0.0,-0.0879047126215225,-0.1646520721452901,0.158519,0.6570001428571429,0.0,0.158519,0.158519,0.225,0.361111,0.5434517435897436,0.2561773333333333,0.3444443333333333,0.426190380952381,0.158519,0.0,0.4071427142857143,0.6486394081632653,-0.150648,0.1526561071428571,0.0,0.15463125,0.1160486666666666,0.2254,0.2211686666666666,0.1064028717948718,-0.0040033333333333,0.0492123333333333,0.1154269523809523,0.1044985,0.0,0.1291988571428571,0.1249054489795918,-0.023880570312,2.805284993675,0.0,0.0980479644749999,0.0551877557739999,0.10842625,0.229268561027,2.709102995682,0.034236703885,0.0711468792749999,0.987548701746,0.0331299954429999,0.0,0.8054130199940001,3.918563081021,0.0684133326530612,3.3522533,0.5408163265306123,7
2025-06-13,0.1498389666666666,0.1318664502058632,30,-0.11514,0.452214,0.1698892,5.096676,0.2236332333333333,0.091106271842731,30,6,neutral,0.0249335176870748,0.0294856387978037,0.0254560221758266,0.13722927889963,0.0124692165790171,6.333333333333333,0.1806950426781239,0.0064477728070175,0.1178671276477896,0.0294856387978037,5.571428571428571,0.1684848154159262,0.0117626086831627,0.0,0.0,0.0,0.0,0.0,0.0,0.0,0.0,0.0,0.0,0.0,5.6993490040735395e-06,-0.0019772994441361,0.0,0.0,0.1996191350398866,0.2875238476614091,0.0,0.7032460476190476,0.158519,0.158519,0.3050065,0.3416665,0.3399998,0.6448555185185185,0.38459825,0.5,0.4244443333333333,0.3865625,0.5,0.2888886666666666,0.6066666000000001,0.0,0.1755654285714285,0.2752084999999999,0.106991,-0.0268845,0.1827059999999999,0.1777994,0.1567782962962962,0.12812975,0.106991,0.1413422,0.0585155,0.065821,0.1703943333333333,0.1498389666666666,0.0,2.446246445477,0.087251552423,0.016960106329,0.009456760614,0.267549383574,0.354079231794,2.891320091989,0.181040078783,0.0534955,0.8516109957219999,0.023130750569,0.065821,0.152772206994,2.749839659042,0.0871469633333333,2.6144089,0.5933333333333334,6
2025-06-14,0.0346558888888888,0.0752821014409209,9,-0.12092,0.14991,0.0676288888888888,0.60866,0.2188996666666666,0.1197144354119418,9,4,neutral,-0.1151830777777777,0.0392086527023197,0.0023437392590123,0.1031334348450491,0.0605995115590583,5.666666666666667,0.1406232337112622,-0.0451247800453514,0.1135177342237533,0.0392086527023197,5.857142857142857,0.1506092383184205,-0.004690807582526,0.0,0.0,0.0,0.0,0.0,0.0,0.0,0.0,0.0,0.0,0.0,-0.0049472148167047,-0.0026427328909423,0.0,0.0,-0.7687124406965196,-0.9683315757364062,0.2346809999999999,0.8816033333333334,0.0,0.0,0.0,0.25,0.25,0.4618042857142858,0.2346809999999999,0.0,0.3541665,0.0,0.0,0.3333332,0.574074,-0.06046,0.0591671666666666,0.0,0.0,0.0,0.14991,0.1107814999999999,0.0618318571428571,0.0404105,0.0,0.03302525,0.0,0.0,0.070409,0.0346558888888888,-0.03758713556,0.255990552187,0.0,0.0,0.0,0.0374775,0.0553907499999999,0.2881818356789999,0.0132687884229999,0.0,0.0393602324459999,0.0,0.0,0.111854732446,0.067819732446,0.0252169,0.2269521,0.6333333333333333,4
2025-06-15,0.1524728,0.0795854470440419,5,0.043626,0.249603,0.0913484,0.456742,0.2679994,0.059127934158061,5,1,bullish,0.1178169111111111,0.0401329202262731,0.0139281463235199,0.1123225518518518,0.0672741939480422,3.6666666666666665,0.1096221629629629,0.0013169166666666,0.12236880089042,0.0401329202262731,5.428571428571429,0.1533521049850872,-0.0038031078051311,0.0,0.0,0.0,0.0,0.0,0.0,0.0,0.0,0.0,0.0,0.0,-0.0021801252946369,-0.0025415169921809,0.0,0.0,3.399621677252222,4.168334117948742,0.0,0.788687,0.0,0.0,0.310843,0.0,0.25,0.7544069999999999,0.310843,0.0,0.361111,0.108179,0.0,0.361111,0.5166666,0.0,0.14784675,0.0,0.0,0.106137,0.0,0.192021,0.1524728,0.106137,0.0,0.2042003333333333,0.192021,0.0,0.1617499999999999,0.1524728,0.0,0.429508079313,0.0,0.0,0.0329919434909999,0.0,0.04800525,0.551885718049,0.0329919434909999,0.0,0.2166946667989999,0.020772639759,0.0,0.153019166799,0.3446446667989999,0.10673096,0.5336548,0.7,1
2025-06-16,0.1258087083333333,0.1359432664972955,24,-0.1051,0.381003,0.1599072083333333,3.837773,0.2467202083333333,0.1215810446492305,24,3,neutral,-0.0266640916666666,0.0400104544814043,0.0201177193336059,0.1043124657407407,0.0617800329405914,2.6666666666666665,0.1062948324074074,0.0455764097222222,0.1216868191315874,0.0400104544814043,4.857142857142857,0.146602130138697,-0.0022611491855702,0.0,0.0,0.0,0.0,0.0,0.0,0.0,0.0,0.0,0.0,0.0,-0.0015864579012124,-0.0023364103530726,0.0,0.0,-0.1748776940324219,-3.574499371284644,0.0,0.736184,0.158519,0.0,0.2346809999999999,0.361111,0.3437497499999999,0.5764067916666666,0.3069519999999999,0.0,0.4068625882352941,0.0,0.0,0.4166665,0.517361,0.0,0.1751144615384615,0.280087,0.0,0.122792,0.1386533333333333,0.108576625,0.1258087083333333,0.1067033333333333,0.0,0.1305752352941176,0.0,0.0,0.124594,0.1258087083333333,0.0,1.748790694264,0.0443991111529999,0.0,0.1106575592239999,0.127330489971,0.287548857755,1.7529556795,0.0647171397969999,0.0,0.8841466997849999,0.0,0.0,0.092290102059,1.628091699785,0.0750997875,1.8023949,0.5666666666666667,3
2025-06-17,0.090779641025641,0.1123682749218852,39,-0.085852,0.435967,0.1395499743589743,5.442449,0.2196005384615384,0.1065996367148066,39,7,neutral,-0.0350290673076923,0.0415145762004451,0.0126682965774451,0.1230203831196581,0.0309409523800059,3.6666666666666665,0.1302685275641025,-0.0308465794871794,0.116486410706679,0.0415145762004451,4.857142857142857,0.1429313713736526,-0.0047875352871484,0.0,0.0,0.0,0.0,0.0,0.0,0.0,0.0,0.0,0.0,0.0,-0.0031038609716838,-0.0024988295675388,0.0,0.0,-0.2784311815274496,-0.1035534874950276,0.451494,0.6355003703703703,0.0,0.0,0.5244316666666666,0.333333,0.3416665,0.54356928125,0.3788668333333333,0.5,0.405263,0.0,0.2,0.3743587692307692,0.6162392307692307,0.0,0.0991624814814814,0.0,0.0,0.1257976666666666,0.002998,0.08402925,0.0856082187499999,0.00779,0.06159,0.0804342105263157,0.0,-0.007647,0.0919922307692307,0.090779641025641,0.0,1.470631722779,0.0,0.0,0.185497696395,0.0009993323339999,0.139000037295,1.585626622937,0.036882921176,0.030795,0.629890326943,0.0,-0.0015294,0.484565701978,2.256684149275,0.0507360205128205,1.9787048,0.5974358974358974,7
2025-06-18,0.1467493783783783,0.1049367016815246,37,-0.025579,0.445523,0.110754027027027,4.097899,0.2706501081081081,0.0851345342393711,37,4,neutral,0.0559697373527373,0.0424742696171012,0.0162530846191183,0.1211125759124509,0.0282788457971581,4.666666666666667,0.1367370699064448,0.0104703350225225,0.1178872617532143,0.0424742696171012,4.571428571428571,0.1319184729790173,0.0013773555842411,0.1240071352495787,0.0479191774079259,4.642857142857143,0.1563521298307727,-0.0021703771898191,0.0,0.0,0.0,0.0,0.0,42.59514330767315,-0.0009555530398539,-0.0021759749664842,0.0,0.0,0.6165450393985199,0.8949762209259695,0.0,0.6267265000000001,0.0,0.0,0.158519,0.2916665,0.3499999,0.7205276666666667,0.5403519999999999,0.3166666,0.3872547647058824,0.451494,0.5,0.33333325,0.5698197567567568,0.0,0.1580874166666666,0.0,0.0,0.050852,0.148555,0.1074584999999999,0.1329788666666666,0.15164,0.1397236,0.1183870588235294,0.06408,0.2267074999999999,0.142656125,0.1467493783783783,0.0,2.333480398834,0.0,0.0,0.016122016376,0.0829730485509999,0.319798485461,2.633451153292,0.145001757346,0.2228354642,0.72498733346,0.0289317355199999,0.2267074999999999,0.361357335248,3.49106708346,0.0833910891891891,3.0854703,0.5756756756756757,4
2025-06-19,0.1149778695652173,0.1222946057593949,23,-0.201318,0.302305,0.1535387391304347,3.531391,0.2220729130434782,0.1236671030640922,23,6,neutral,-0.0317715088131609,0.042366479557194,0.017653557120947,0.1175022963230789,0.0280701339981742,5.666666666666667,0.134614246838812,0.0120991142697882,0.1164690361225893,0.042366479557194,4.428571428571429,0.1275166339626655,0.0020682331678668,0.1149339830756657,0.0338065180231159,4.928571428571429,0.1480958969115181,0.0014615843867953,0.0,0.0,0.0,0.0,0.0,40.59008275597328,-0.001208586778483,-0.0019754416915215,0.0,0.0,-0.2165018289293285,-0.8330468683278485,0.158519,0.6457343333333333,0.0,0.0,0.0,0.0,0.3055553333333333,0.4541626842105263,0.310843,0.0,0.4318180909090909,0.161647,0.4166665,0.4375,0.6413043043478261,-0.201318,0.1524598333333333,0.0,0.0,0.0,0.0,0.1029676666666666,0.131865947368421,0.223879,0.0,0.1251571818181818,0.145066,0.0342165,0.14117025,0.1149778695652173,-0.0319127280419999,1.147929111872,0.0,0.0,0.0,0.0,0.089808866334,1.043998577838,0.0695912199969999,0.0,0.604490327871,0.023449483702,0.014984961537,0.24286425,1.692342327871,0.0654851086956521,1.5061575,0.5608695652173913,6
2025-06-20,0.1269738749999999,0.1081246561761454,32,-0.067773,0.413121,0.1482018125,4.742458,0.25030903125,0.1144852094959063,32,6,neutral,0.0119960054347826,0.0401904288515157,0.0188177584151484,0.1295670409811986,0.0160437082814642,5.333333333333333,0.1374981928858205,-0.0098877516891891,0.1132025944559227,0.0401904288515157,4.428571428571429,0.1244184357483797,0.0079608845538861,0.1155348610518561,0.033950408793441,5.0,0.146451625582153,0.0019251725162049,0.0,0.0,0.0,0.0,0.0,50.746427275794254,-0.0006578428283047,-0.0017042896679255,0.0,0.0,0.1043331684622863,0.3208349973916149,0.498503,0.6313027391304348,0.2346809999999999,0.0,0.443566,0.2777776666666666,0.3333331666666666,0.4908877692307692,0.2346809999999999,0.333333,0.4259258333333333,0.0,0.333333,0.3888886666666666,0.60416659375,0.0274535,0.1504668695652174,0.1856215,0.0,0.0626465,0.0898426666666666,0.0555493333333333,0.1241621538461538,0.168764,0.212859,0.1247662777777777,0.0,0.0848619999999999,0.1267516666666666,0.1269738749999999,0.073004976653,2.163526589463,0.077934200049,0.0,0.0389464519989999,0.073359059425,0.0880053582829999,1.416270170061,0.064486247488,0.070952929047,0.991133585376,0.0,0.056574610092,0.167406621225,2.615731206724,0.0735555375,2.3537772,0.575,6
2025-06-21,0.1019756428571428,0.1303603739642281,14,-0.071481,0.443052,0.1307882857142857,1.831036,0.2502482142857142,0.132251393453865,14,2,neutral,-0.0249982321428571,0.0223631452374695,0.0133372195138979,0.11464246247412,0.0125024907920226,4.666666666666667,0.1441762791149068,-0.0065011133540372,0.1228197021656732,0.0223631452374695,4.142857142857143,0.1334412067234364,-0.0044629610555593,0.1181687181947133,0.0310426696369237,5.0,0.1420252225209285,-0.0001248672847883,0.0,0.0,0.0,0.0,0.0,53.445897313309615,-0.0017766644011672,-0.0017190980701474,0.0,0.0,-0.196876972864356,-0.3012101413266423,0.0,0.757876,0.0,0.0,0.0,0.5,0.333333,0.6489057857142857,0.385175,0.0,0.4259257777777778,0.0,0.0,0.3749997499999999,0.5119046428571429,0.0,0.1389213333333333,0.0,0.0,0.0,0.14582,0.0675213333333333,0.1019756428571428,0.0604106666666666,0.0,0.131161,0.0,0.0,0.1746045,0.1019756428571428,0.0,0.865467354256,0.0,0.0,0.0,0.07291,0.0675212658119999,1.196665400212,0.047621626288,0.0,0.473558100001,0.0,0.0,0.220892243367,0.59277655459,0.0724041071428571,1.0136575,0.6857142857142857,2
2025-06-22,0.1560773333333333,0.1512594123402413,12,0.0,0.462338,0.1571374166666666,1.885649,0.2350469166666666,0.0818917319696709,12,4,bullish,0.0541016904761904,0.0231860925082992,0.0245255889602222,0.1283422837301587,0.0270767914446109,4.0,0.1453758382936507,0.0145517291666666,0.1233346354990066,0.0231860925082992,4.571428571428571,0.1428396376758174,0.0033365134030223,0.1228517181947133,0.0314920526700722,5.0,0.1480958713304523,4.658595451131868e-05,0.0,0.0,0.0,0.0,0.0,55.815017199972395,0.000799414010642,-0.0012061552984883,0.0,0.0,0.53053541963919,0.7274123925035461,0.158519,0.83615,0.0,0.0,0.310843,0.25,0.3055553333333333,0.6435155,0.420604,0.0,0.4166665714285714,0.0,0.4166665,0.333333,0.5069443333333333,0.0,0.15020475,0.0,0.0,0.084312,0.13636,0.0516486666666666,0.1442254,0.0514175,0.0,0.1569718571428571,0.0,0.257822,0.1856326666666666,0.1560773333333333,0.0,1.071941863455,0.0,0.0,0.026207795016,0.03409,0.040285327138,0.902882160983,0.016301301365,0.0,0.494394291499,0.0,0.1890203623969999,0.1856324810339999,0.929504981034,0.1012682499999999,1.2152189999999998,0.6166666666666666,4
2025-06-23,0.1429975142857142,0.122338733933426,35,-0.1072,0.438435,0.1730107714285714,6.055377,0.2517088857142857,0.0977534339988871,35,4,neutral,-0.013079819047619,0.0243716680331765,0.0247401102589395,0.1336834968253968,0.0282278482891222,3.3333333333333335,0.1536454912698412,0.0205109357142857,0.1257901792064896,0.0243716680331765,4.714285714285714,0.1447115752608514,0.0057966893922162,0.1237384991690385,0.0318986610483796,4.785714285714286,0.1456568526997742,0.0008770437258074,0.0,0.0,0.0,0.0,0.0,51.15650713086461,0.0019303764307085,-0.0005696763239365,0.0,0.0,-0.0838034503042447,-0.6143388699434348,0.2475787999999999,0.7358399,0.2346809999999999,0.0,0.2194486,0.33333325,0.3214284285714285,0.6233400333333333,0.0,0.333333,0.3888887777777777,0.108179,0.3055553333333333,0.3888888333333333,0.5952380285714286,0.1131529999999999,0.1759389499999999,0.055295,0.0,0.0651244,0.16378625,0.0938591428571428,0.1402598333333333,0.0,0.400842,0.0948657777777777,0.0898675,0.0621829999999999,0.1216466666666666,0.1429975142857142,0.0789206754919999,2.663928825355,0.033616182934,0.0,0.067702840542,0.261635794843,0.2059209319,2.56103203099,0.0,0.1336138663859999,0.625718349792,0.019443552565,0.054594051506,0.281083544843,3.442345644635,0.0784099971428571,2.7443499,0.5514285714285715,4
2025-06-24,0.1510972291666666,0.1020332913983698,48,-0.039698,0.441673,0.1692247916666666,8.12279,0.2429686041666666,0.0952911869981733,48,7,bullish,0.0080997148809523,0.0202436562861191,0.0255693971271397,0.1500573589285714,0.0066016220857959,5.0,0.1664576599206349,-0.0024900520833333,0.1344069775123504,0.0202436562861191,4.714285714285714,0.148950834876236,0.0035066535763996,0.1254466941095147,0.0327268502360258,4.785714285714286,0.1459411031249443,0.0017722602146724,0.0,0.0,0.0,0.0,0.0,52.20842836180236,0.0033067429097807,0.0002146501918739,0.2091310509991314,0.0438888847710862,0.0566423473961152,0.14044579770036,0.6138773333333334,0.6127353846153846,0.1966,0.0,0.3311328,0.361111,0.3611109999999999,0.5553613170731707,0.158519,0.3999997999999999,0.4131943333333334,0.0,0.3888886666666666,0.3148145555555555,0.5781249166666667,0.1423203333333333,0.1501540769230769,0.14047,0.0,0.109453,0.171107,0.1195307777777777,0.1430493902439024,0.294212,0.1778546,0.127131375,0.0,0.149101,0.1258274444444444,0.1510972291666666,0.300713952881,2.777992080562,0.083021697568,0.0,0.144980056685,0.155530436109,0.415246760765,2.762923199724,0.0466381920279999,0.347364472123,1.335172625241,0.0,0.178791076946,0.357868784304,4.462691327744,0.0827341270833333,3.9712381,0.5499999999999999,7
2025-06-25,0.1275072666666666,0.1359064157515283,45,-0.191036,0.397169,0.1588761777777778,7.149428,0.2412974,0.1255610436983107,45,6,neutral,-0.0235899624999999,0.0195840528079004,0.0202578671668918,0.1405340033730159,0.0119863775679138,5.666666666666667,0.1670372469576719,-0.0077451238095237,0.1316581044106773,0.0195840528079004,5.0,0.155825427840629,0.0045305989666518,0.1247726830819457,0.0325686477359995,4.785714285714286,0.1438719504098231,0.002210146692452,0.0,0.0,0.0,0.0,0.0,49.15031136622781,0.0027698334772381,0.0007304442090617,0.1830779003076388,0.0584925621292455,-0.1561243884491041,-0.2127667358452194,0.4130743333333333,0.7204048636363637,0.158519,0.0,0.5056426,0.38333325,0.3783332,0.536590641025641,0.3430875,0.3066664,0.4068180454545454,0.0,0.375,0.3888886666666666,0.5544443555555555,0.0689616666666666,0.1450624545454545,-0.091328,0.0,0.031472,0.19299075,0.1511911,0.1242435641025641,0.11534225,0.241145,0.1119117272727272,0.0,0.17894,0.1092588888888888,0.1275072666666666,0.043833161701,2.474715543265,-0.014477223232,0.0,0.0966263472239999,0.261071853864,0.515280826093,2.491686503904,0.116603896579,0.356645111249,0.844697201446,0.0,0.11872725,0.355577394492,3.285825543572,0.0673113177777777,3.0290093,0.5488888888888889,6
2025-06-26,0.1190861860465116,0.1322338660105928,43,-0.31717,0.432558,0.1751880232558139,7.533085,0.2451965116279069,0.1505793856209079,43,8,neutral,-0.008421080620155,0.0190552812562797,0.0208624735305624,0.132563560626615,0.0165937127210025,7.0,0.1677629975667528,-0.0160055215600775,0.1322450067651479,0.0190552812562797,5.285714285714286,0.1589181827156831,0.0008007170211398,0.1243570214438686,0.0326039383852253,4.857142857142857,0.1432174083391743,0.0020520522463071,0.0,0.0,0.0,0.0,0.0,49.47256264468631,0.0017562941168149,0.0009371393314217,0.1831006296950704,0.0585222930131317,-0.0660439270662877,0.0900804613828164,0.3828776,0.6085468181818182,0.0,0.0,0.1839063333333333,0.2916665,0.3499997999999999,0.4849764827586207,0.158519,0.333333,0.42999988,0.158519,0.4444443333333334,0.3666664,0.6065890697674419,0.0681543999999999,0.1627278636363636,0.0,0.0,0.1043538333333333,0.15053,0.0833777999999999,0.1363844827586207,0.10783425,0.1369895,0.1200163599999999,-0.014002,0.1763856666666666,0.1999404,0.1190861860465116,0.192246028294,2.092273397953,0.0,0.0,0.0992523918369999,0.09585325098,0.134462879037,1.561511094711,0.068375109903,0.091326242007,1.282294757848,-0.002219583038,0.227142425128,0.405326810952,2.884298182976,0.0608623023255813,2.617079,0.5604651162790698,8
2025-06-27,0.1267251891891891,0.1309120860498962,37,-0.13522,0.430848,0.1850048108108108,6.845178,0.2616691351351351,0.1185913925015363,37,4,neutral,0.0076390031426775,0.0190669748674436,0.0234447696509101,0.1244395473007891,0.0046526088202526,6.0,0.1730230039481342,-0.0003910387387387,0.1322094802207463,0.0190669748674436,5.0,0.1641757539029418,-0.0005437108284482,0.1227060373383345,0.031789374838212,4.714285714285714,0.1442970948256608,0.0029597783101118,0.0,0.0,0.0,0.0,0.0,47.83724626613085,0.0014684036365314,0.0010440231229872,0.180407625163272,0.0673776521781348,0.0641468452075035,0.1301907722737912,0.158519,0.6126273181818181,0.158519,0.0,0.2346809999999999,0.2142856666666666,0.3452379166666666,0.5166281142857142,0.0,0.2142856666666666,0.3696427,0.0,0.297619,0.3418367142857143,0.5646717297297297,0.0956126666666666,0.1148680454545454,-0.0345273333333333,0.0,0.015819,0.0791536666666666,0.0772274166666666,0.1252915142857142,0.0,0.1584246666666666,0.1247137,0.0,0.1265713333333333,0.1423931428571428,0.1267251891891891,0.0454692729219999,1.389418703201,-0.016419715058,0.0,0.0098344508339999,0.0569176933689999,0.32669537699,2.529188754351,0.0,0.1361886140979999,0.919032662955,0.0,0.127914456609,0.340624670327,2.781457162955,0.0722593675675675,2.6735966,0.5702702702702702,4
2025-06-28,0.1758173333333333,0.1405261789737143,15,-0.043869,0.457122,0.1678571999999999,2.517858,0.2531051333333333,0.088478358324723,15,2,bullish,0.0490921441441441,0.0199579346627803,0.0295122052847999,0.1405429028563447,0.0307864040829776,4.666666666666667,0.1760166780222082,0.0283655736434108,0.1427582931459164,0.0199579346627803,5.0,0.1694713130866153,-0.0001905604754716,0.1327889976557948,0.0228405719675567,4.571428571428571,0.1514562599050259,0.0015744917632839,0.0,0.0,0.0,0.0,0.0,65.07268833702524,0.0046024064979873,0.001759076542288,0.1868980958381131,0.0694173815032937,0.387390576871454,0.3232437316639505,0.158519,0.7673697272727273,0.0,0.158519,0.158519,0.0,0.2633332,0.6511816428571429,0.3811685,0.2,0.3961537692307692,0.0,0.3,0.261111,0.4433332666666666,0.420659,0.1521772727272727,0.0,-0.034173,-0.043869,0.0,0.0634608,0.1908166428571428,0.2023255,0.194123,0.1577953076923077,0.0,0.14571,0.081483,0.1758173333333333,0.066682444021,1.447598700135,0.0,-0.005417069787,-0.0069540700109999,0.0,0.067504935618,1.513361561129,0.145936249979,0.0388246,0.90712004748,0.0,0.1260657,0.069102961862,1.42864154748,0.10918668,1.6378001999999998,0.6466666666666666,2
2025-06-29,0.1219013571428571,0.1356534553647679,14,-0.047074,0.44509,0.1920988571428571,2.689384,0.1772978571428571,0.0920508028083966,14,3,neutral,-0.0539159761904761,0.0203333597808413,0.0234171113913061,0.1414812932217932,0.0298335394616322,3.0,0.1816536226512226,-0.002411916023166,0.1378760108329912,0.0203333597808413,4.857142857142857,0.1744658045832139,-0.0005225121633112,0.1306053231659989,0.0222681611668675,4.714285714285714,0.1586527211295157,0.001912332880855,0.0,0.0,0.0,0.0,0.0,46.21984920817168,0.0032379415040534,0.0020559711708353,0.1865168648558179,0.0689304901353584,-0.3066590487313131,-0.6940496256027672,0.0,0.6060725,0.0,0.0,0.2346809999999999,0.333333,0.361111,0.5212265,0.158519,0.0,0.3854165,0.0,0.3888886666666666,0.3166664,0.4821427142857142,0.0,0.10924375,0.0,0.0,0.066795,0.44509,0.2770876666666667,0.1219013571428571,-0.047074,0.0,0.075720375,0.0,0.0656,0.0627026,0.1219013571428571,0.0,0.57944928255,0.0,0.0,0.02629159313,0.1483631849699999,0.32761768497,0.980689800108,-0.0074621234059999,0.0,0.256830768896,0.0,0.075875454951,0.099893580605,0.7980375871959999,0.0801657357142857,1.1223203,0.6428571428571429,3
