date,sentiment_mean,sentiment_std,sentiment_count,sentiment_min,sentiment_max,relevance_mean,relevance_sum,overall_sentiment_mean,overall_sentiment_std,source_count,article_count,sentiment_polarity,sentiment_momentum,sentiment_volatility,weighted_sentiment,sentiment_ma_3d,sentiment_std_3d,article_count_ma_3d,relevance_ma_3d,sentiment_trend_3d,sentiment_ma_7d,sentiment_std_7d,article_count_ma_7d,relevance_ma_7d,sentiment_trend_7d,sentiment_ma_14d,sentiment_std_14d,article_count_ma_14d,relevance_ma_14d,sentiment_trend_14d,sentiment_ma_30d,sentiment_std_30d,article_count_ma_30d,relevance_ma_30d,sentiment_trend_30d,sentiment_rsi,sentiment_macd,sentiment_macd_signal,sentiment_bb_upper,sentiment_bb_lower,sentiment_rate_of_change,sentiment_acceleration,Blockchain_relevance_score,Earnings_relevance_score,Economy - Fiscal_relevance_score,Economy - Macro_relevance_score,Economy - Monetary_relevance_score,Energy & Transportation_relevance_score,Finance_relevance_score,Financial Markets_relevance_score,IPO_relevance_score,Life Sciences_relevance_score,Manufacturing_relevance_score,Mergers & Acquisitions_relevance_score,Real Estate & Construction_relevance_score,Retail & Wholesale_relevance_score,Technology_relevance_score,Blockchain_sentiment_score,Earnings_sentiment_score,Economy - Fiscal_sentiment_score,Economy - Macro_sentiment_score,Economy - Monetary_sentiment_score,Energy & Transportation_sentiment_score,Finance_sentiment_score,Financial Markets_sentiment_score,IPO_sentiment_score,Life Sciences_sentiment_score,Manufacturing_sentiment_score,Mergers & Acquisitions_sentiment_score,Real Estate & Construction_sentiment_score,Retail & Wholesale_sentiment_score,Technology_sentiment_score,Blockchain_weighted_sentiment,Earnings_weighted_sentiment,Economy - Fiscal_weighted_sentiment,Economy - Macro_weighted_sentiment,Economy - Monetary_weighted_sentiment,Energy & Transportation_weighted_sentiment,Finance_weighted_sentiment,Financial Markets_weighted_sentiment,IPO_weighted_sentiment,Life Sciences_weighted_sentiment,Manufacturing_weighted_sentiment,Mergers & Acquisitions_weighted_sentiment,Real Estate & Construction_weighted_sentiment,Retail & Wholesale_weighted_sentiment,Technology_weighted_sentiment,weighted_sentiment_mean,weighted_sentiment_sum,avg_source_weight,unique_sources
2024-01-01,0.07892833333333334,0.21208507256366096,3,-0.160799,0.24213,0.219893,0.659679,0.11701266666666667,0.08148894998300894,2,3,neutral,0.0,0.21208507256366096,0.017355788001666667,0.07892833333333334,0.21208507256366096,3.0,0.219893,0.0,0.07892833333333334,0.21208507256366096,3.0,0.219893,0.0,0.07892833333333334,0.21208507256366096,3.0,0.219893,0.0,0.07892833333333334,0.21208507256366096,3.0,0.219893,0.0,50.0,0.0,0.0,0.5030984784606553,-0.3452418117939886,0.0,0.0,0.0,0.0,0.0,0.0,0.0,0.0,0.0,0.0,0.0,0.0,0.0,0.0,0.0,0.0,0.0,0.0,0.0,0.0,0.0,0.0,0.0,0.0,0.0,0.0,0.0,0.0,0.0,0.0,0.0,0.0,0.0,0.0,0.0,0.0,0.0,0.0,0.0,0.0,0.0,0.0,0.0,0.0,0.0,0.0,0.0,0.017355788001666667,0.052067364005000005,0.219893,2
2024-01-02,0.226741,0.09277280090414432,6,0.109968,0.363919,0.2723681666666667,1.634209,0.22798949999999998,0.09003404976063223,4,6,bullish,0.14781266666666665,0.15242893673390265,0.06175703047816667,0.15283466666666667,0.15242893673390265,4.5,0.24613058333333335,0.0,0.15283466666666667,0.15242893673390265,4.5,0.24613058333333335,0.0,0.15283466666666667,0.15242893673390265,4.5,0.24613058333333335,0.0,0.15283466666666667,0.15242893673390265,4.5,0.24613058333333335,0.0,50.0,0.0,0.0,0.45769254013447197,-0.15202320680113862,1.8727453174821038,0.0,0.0,0.0,0.0,0.0,0.0,0.0,0.0,0.0,0.0,0.0,0.0,0.0,0.0,0.0,0.0,0.0,0.0,0.0,0.0,0.0,0.0,0.0,0.0,0.0,0.0,0.0,0.0,0.0,0.0,0.0,0.0,0.0,0.0,0.0,0.0,0.0,0.0,0.0,0.0,0.0,0.0,0.0,0.0,0.0,0.0,0.06175703047816667,0.37054218286900004,0.2723681666666667,4
2024-01-03,0.274189,0.12350369100557279,4,0.172192,0.453326,0.27587425,1.103497,0.218309,0.16452998615044817,2,4,bullish,0.04744800000000002,0.1427871881577927,0.07564168473325,0.19328611111111113,0.1427871881577927,4.333333333333333,0.2560451388888889,0.0,0.19328611111111113,0.1427871881577927,4.333333333333333,0.2560451388888889,0.0,0.19328611111111113,0.1427871881577927,4.333333333333333,0.2560451388888889,0.0,0.19328611111111113,0.1427871881577927,4.333333333333333,0.2560451388888889,0.0,50.0,0.0,0.0,0.4788604874266965,-0.09228826520447428,0.2092607865361802,-0.10036466666666663,0.0,0.0,0.0,0.0,0.0,0.0,0.0,0.0,0.0,0.0,0.0,0.0,0.0,0.0,0.0,0.0,0.0,0.0,0.0,0.0,0.0,0.0,0.0,0.0,0.0,0.0,0.0,0.0,0.0,0.0,0.0,0.0,0.0,0.0,0.0,0.0,0.0,0.0,0.0,0.0,0.0,0.0,0.0,0.0,0.0,0.07564168473325,0.302566738933,0.27587425,2
2024-01-04,0.0980754,0.6212641810794342,5,-0.86822,0.822043,0.49565719999999996,2.4782859999999998,0.16816979999999998,0.3488731648560835,3,5,neutral,-0.17611360000000004,0.26240643638820305,0.048611778152879995,0.19966846666666668,0.27918022432971706,5.0,0.3479665388888889,0.019147066666666657,0.16948343333333335,0.26240643638820305,4.5,0.31594815416666666,0.0,0.16948343333333335,0.26240643638820305,4.5,0.31594815416666666,0.0,0.16948343333333335,0.26240643638820305,4.5,0.31594815416666666,0.0,50.0,0.0,0.0,0.6942963061097395,-0.3553294394430727,-0.6423073135683781,-0.22356160000000005,0.0,0.0,0.0,0.0,0.0,0.0,0.0,0.0,0.0,0.0,0.0,0.0,0.0,0.0,0.0,0.0,0.0,0.0,0.0,0.0,0.0,0.0,0.0,0.0,0.0,0.0,0.0,0.0,0.0,0.0,0.0,0.0,0.0,0.0,0.0,0.0,0.0,0.0,0.0,0.0,0.0,0.0,0.0,0.0,0.0,0.048611778152879995,0.24305889076439996,0.49565719999999996,3
2024-01-05,0.296529,0.31342814866967517,5,0.080604,0.810011,0.2883546,1.441773,0.2416286,0.16250972953888024,3,5,bullish,0.1984536,0.27261077884449747,0.0855055011834,0.22293113333333334,0.35273200691822737,4.666666666666667,0.35329535,0.06978799999999999,0.19489254666666667,0.27261077884449747,4.6,0.31042944333333333,0.0,0.19489254666666667,0.27261077884449747,4.6,0.31042944333333333,0.0,0.19489254666666667,0.27261077884449747,4.6,0.31042944333333333,0.0,50.0,0.0,0.0,0.7401141043556616,-0.3503290110223283,2.0234798940407077,0.37456720000000004,0.0,0.0,0.0,0.0,0.0,0.0,0.0,0.0,0.0,0.0,0.0,0.0,0.0,0.0,0.0,0.0,0.0,0.0,0.0,0.0,0.0,0.0,0.0,0.0,0.0,0.0,0.0,0.0,0.0,0.0,0.0,0.0,0.0,0.0,0.0,0.0,0.0,0.0,0.0,0.0,0.0,0.0,0.0,0.0,0.0,0.0855055011834,0.427527505917,0.2883546,3
2024-01-07,0.2607575,0.07871017713421813,2,0.205101,0.316414,0.226113,0.452226,0.2070595,0.10105616563327545,1,2,bullish,-0.03577150000000001,0.2459357997586089,0.0589606605975,0.21845396666666664,0.3378008356277758,4.0,0.3367082666666667,-0.01343150000000004,0.20587003888888888,0.24029401189278424,4.166666666666667,0.2963767027777778,0.0,0.20587003888888888,0.24029401189278424,4.166666666666667,0.2963767027777778,0.0,0.20587003888888888,0.24029401189278424,4.166666666666667,0.2963767027777778,0.0,50.0,0.0,0.0,0.6864580626744574,-0.2747179848966796,-0.12063406951765265,-0.23422510000000002,0.0,0.0,0.0,0.0,0.0,0.0,0.0,0.0,0.0,0.0,0.0,0.0,0.0,0.0,0.0,0.0,0.0,0.0,0.0,0.0,0.0,0.0,0.0,0.0,0.0,0.0,0.0,0.0,0.0,0.0,0.0,0.0,0.0,0.0,0.0,0.0,0.0,0.0,0.0,0.0,0.0,0.0,0.0,0.0,0.0,0.0589606605975,0.117921321195,0.226113,1
2024-01-08,0.28486028571428573,0.15690396124775846,7,0.106433,0.532266,0.44224114285714283,3.095688,0.22544785714285714,0.0907790874145005,4,7,bullish,0.024102785714285757,0.2587620318273317,0.12597693830889797,0.28071559523809525,0.18301409568388394,4.666666666666667,0.31890291428571427,0.18678488571428575,0.21715435986394557,0.22838114751492342,4.571428571428571,0.31721447993197277,0.0,0.21715435986394557,0.22838114751492342,4.571428571428571,0.31721447993197277,0.0,0.21715435986394557,0.22838114751492342,4.571428571428571,0.31721447993197277,0.0,50.0,0.0,0.0,0.6739166548937924,-0.23960793516590126,0.09243371989026494,0.05987428571428577,0.0,0.0,0.0,0.0,0.0,0.0,0.0,0.0,0.0,0.0,0.0,0.0,0.0,0.0,0.0,0.0,0.0,0.0,0.0,0.0,0.0,0.0,0.0,0.0,0.0,0.0,0.0,0.0,0.0,0.0,0.0,0.0,0.0,0.0,0.0,0.0,0.0,0.0,0.0,0.0,0.0,0.0,0.0,0.0,0.0,0.12597693830889797,0.8818385681622858,0.44224114285714283,4
2024-01-09,0.3392085,0.15694892758697013,6,0.146672,0.54562,0.45765816666666664,2.745949,0.237417,0.09011889538603989,4,6,bullish,0.05434821428571429,0.2654510791436112,0.15524154022775,0.2949420952380952,0.13085435532298226,5.0,0.3753374365079365,0.04267950000000004,0.2543372408163265,0.22050455537539615,5.0,0.3511809323129252,0.2602801666666667,0.23241112738095238,0.21945212002392925,4.75,0.3347699407738095,0.0,0.23241112738095238,0.21945212002392925,4.75,0.3347699407738095,0.0,50.0,0.0,0.0,0.6713153674288108,-0.20649311266690612,0.19078901837592555,0.030245428571428534,0.0,0.0,0.0,0.0,0.0,0.0,0.0,0.0,0.0,0.0,0.0,0.0,0.0,0.0,0.0,0.0,0.0,0.0,0.0,0.0,0.0,0.0,0.0,0.0,0.0,0.0,0.0,0.0,0.0,0.0,0.0,0.0,0.0,0.0,0.0,0.0,0.0,0.0,0.0,0.0,0.0,0.0,0.0,0.0,0.0,0.15524154022775,0.9314492413665,0.45765816666666664,4
2024-01-10,0.18020083333333334,0.10340795863842718,6,0.022752,0.335518,0.280781,1.684686,0.238258,0.06685635418716758,4,6,bullish,-0.15900766666666669,0.1618798346554098,0.050596970184166666,0.268089873015873,0.1390869491577186,6.333333333333333,0.39356010317460316,-0.08055666666666664,0.24768864557823128,0.22202386362315085,5.0,0.3523827656462585,-0.04654016666666666,0.22660998359788362,0.20655832431442903,4.888888888888889,0.3287711695767196,0.0,0.22660998359788362,0.20655832431442903,4.888888888888889,0.3287711695767196,0.0,50.0,0.0,0.0,0.6397266322267416,-0.18650666503097443,-0.46876085554066793,-0.21335588095238098,0.0,0.0,0.0,0.0,0.0,0.0,0.0,0.0,0.0,0.0,0.0,0.0,0.0,0.0,0.0,0.0,0.0,0.0,0.0,0.0,0.0,0.0,0.0,0.0,0.0,0.0,0.0,0.0,0.0,0.0,0.0,0.0,0.0,0.0,0.0,0.0,0.0,0.0,0.0,0.0,0.0,0.0,0.0,0.0,0.0,0.050596970184166666,0.303581821105,0.280781,4
2024-01-11,0.15917866666666666,0.13761851788670493,3,0.073844,0.317938,0.316758,0.950274,0.223603,0.016567108106124002,3,3,bullish,-0.021022166666666675,0.12671790849881576,0.050421116095999995,0.22619600000000004,0.13265846803736742,5.0,0.35173238888888886,-0.12568161904761907,0.23125859795918366,0.2240402674633126,4.857142857142857,0.35822330136054426,-0.11501033333333335,0.2198668519047619,0.1996643436716566,4.7,0.32756985261904764,0.0,0.2198668519047619,0.1996643436716566,4.7,0.32756985261904764,0.0,50.0,0.0,0.0,0.6191955392480751,-0.17946183543855132,-0.11665965288728786,0.1379855,0.0,0.0,0.0,0.0,0.0,0.0,0.0,0.0,0.0,0.0,0.0,0.0,0.0,0.0,0.0,0.0,0.0,0.0,0.0,0.0,0.0,0.0,0.0,0.0,0.0,0.0,0.0,0.0,0.0,0.0,0.0,0.0,0.0,0.0,0.0,0.0,0.0,0.0,0.0,0.0,0.0,0.0,0.0,0.0,0.0,0.050421116095999995,0.15126334828799998,0.316758,3
2024-01-12,0.349761,0.1523810631694984,4,0.129756,0.459803,0.41685025,1.667401,0.324319,0.018483792774572363,2,4,bullish,0.19058233333333333,0.1414520857058718,0.14579796029025,0.2297135,0.13113584656487684,4.333333333333333,0.33812975,0.010552499999999965,0.26721368367346937,0.15705696490475035,4.714285714285714,0.3469651656462585,0.2516856,0.23167541082251084,0.1953658636260059,4.636363636363637,0.3356862523809524,0.0,0.23167541082251084,0.1953658636260059,4.636363636363637,0.3356862523809524,0.0,50.0,0.0,0.0,0.6224071380745226,-0.15905631642950094,1.1972856496682973,0.2116045,0.0,0.0,0.0,0.0,0.0,0.0,0.0,0.0,0.0,0.0,0.0,0.0,0.0,0.0,0.0,0.0,0.0,0.0,0.0,0.0,0.0,0.0,0.0,0.0,0.0,0.0,0.0,0.0,0.0,0.0,0.0,0.0,0.0,0.0,0.0,0.0,0.0,0.0,0.0,0.0,0.0,0.0,0.0,0.0,0.0,0.14579796029025,0.583191841161,0.41685025,2
2024-01-13,-0.86822,0.0,1,-0.86822,-0.86822,0.876064,0.876064,-0.383535,0.0,1,1,bearish,-1.217981,0.13758911682040015,-0.76061628608,-0.11976011111111114,0.14499979052810166,2.6666666666666665,0.5365574166666667,-1.0484208333333334,0.1008209693877551,0.13099510094392955,4.142857142857143,0.4309236513605442,-1.164749,0.14001745992063494,0.1953658636260059,4.333333333333333,0.38071773134920633,0.0,0.14001745992063494,0.1953658636260059,4.333333333333333,0.38071773134920633,0.0,50.0,0.0,0.0,0.5307491871726467,-0.2507142673313768,-3.4823236438596643,-1.4085633333333334,0.0,0.0,0.0,0.0,0.0,0.0,0.0,0.0,0.0,0.0,0.0,0.0,0.0,0.0,0.0,0.0,0.0,0.0,0.0,0.0,0.0,0.0,0.0,0.0,0.0,0.0,0.0,0.0,0.0,0.0,0.0,0.0,0.0,0.0,0.0,0.0,0.0,0.0,0.0,0.0,0.0,0.0,0.0,0.0,0.0,-0.76061628608,-0.76061628608,0.876064,1
2024-01-14,0.486934,0.0657496169418499,2,0.440442,0.533426,0.6680475,1.336095,0.2586905,0.048866028327458726,1,2,bullish,1.355154,0.1147892891591201,0.325295041365,-0.010508333333333342,0.10906534005567417,2.3333333333333335,0.6536539166666667,0.3277553333333333,0.13313189795918368,0.12883500757853483,4.142857142857143,0.4940571513605442,0.2261765,0.16670334761904762,0.18456450973565955,4.153846153846154,0.40282002124542127,0.0,0.16670334761904762,0.18456450973565955,4.153846153846154,0.40282002124542127,0.0,50.0,0.0,0.0,0.5358323670903667,-0.20242567185227148,-1.5608417221441568,2.5731349999999997,0.0,0.0,0.0,0.0,0.0,0.0,0.0,0.0,0.0,0.0,0.0,0.0,0.0,0.0,0.0,0.0,0.0,0.0,0.0,0.0,0.0,0.0,0.0,0.0,0.0,0.0,0.0,0.0,0.0,0.0,0.0,0.0,0.0,0.0,0.0,0.0,0.0,0.0,0.0,0.0,0.0,0.0,0.0,0.0,0.0,0.325295041365,0.65059008273,0.6680475,1
2024-01-15,0.27950766666666665,0.10981338902125432,3,0.155386,0.364026,0.48305899999999996,1.449177,0.22477766666666668,0.12749782437490192,2,3,bullish,-0.20742633333333332,0.11639064675482688,0.13501869395233332,-0.033926111111111136,0.08778150298155213,2.0,0.6757235,-0.07025333333333333,0.1323672380952381,0.12098657887411747,3.5714285714285716,0.4998882738095238,-0.005352619047619078,0.17476079897959185,0.17881442352685914,4.071428571428571,0.40855137687074833,0.0,0.17476079897959185,0.17881442352685914,4.071428571428571,0.40855137687074833,0.0,50.0,0.0,0.0,0.5323896460333102,-0.18286804807412643,-0.42598449344948874,-1.5625803333333332,0.0,0.0,0.0,0.0,0.0,0.0,0.0,0.0,0.0,0.0,0.0,0.0,0.0,0.0,0.0,0.0,0.0,0.0,0.0,0.0,0.0,0.0,0.0,0.0,0.0,0.0,0.0,0.0,0.0,0.0,0.0,0.0,0.0,0.0,0.0,0.0,0.0,0.0,0.0,0.0,0.0,0.0,0.0,0.0,0.0,0.13501869395233332,0.4050560818569999,0.48305899999999996,2
2024-01-16,0.216126,0.11231217689102105,4,0.078327,0.34131,0.34772600000000004,1.3909040000000001,0.30655225,0.15364485127803665,2,4,bullish,-0.06338166666666664,0.11006406150590592,0.07515262947600002,0.32752255555555554,0.09595839428470843,3.0,0.49961083333333334,1.084346,0.1147840238095238,0.11354712042479263,3.2857142857142856,0.4841836785714286,-0.12308250000000001,0.1845606323129252,0.17113958539819452,4.142857142857143,0.4176823054421769,0.13719766666666666,0.17751847904761905,0.17406426305287068,4.066666666666666,0.4044963517460317,0.0,50.0,0.0,0.0,0.5256470051533604,-0.1706100470581223,-0.22676181810159046,0.14404466666666668,0.0,0.0,0.0,0.0,0.0,0.0,0.0,0.0,0.0,0.0,0.0,0.0,0.0,0.0,0.0,0.0,0.0,0.0,0.0,0.0,0.0,0.0,0.0,0.0,0.0,0.0,0.0,0.0,0.0,0.0,0.0,0.0,0.0,0.0,0.0,0.0,0.0,0.0,0.0,0.0,0.0,0.0,0.0,0.0,0.0,0.07515262947600002,0.30061051790400006,0.34772600000000004,2
2024-01-17,0.22812949999999999,0.020488418984880224,2,0.213642,0.242617,0.46707099999999996,0.9341419999999999,0.24806299999999998,0.1545622286588803,2,2,bullish,0.012003499999999973,0.07709090045975137,0.10655267369449999,0.24125438888888887,0.08087132829905187,3.0,0.43261866666666665,-0.2588045,0.12163097619047618,0.09972719714920147,2.7142857142857144,0.5107965357142856,0.04792866666666665,0.18465981088435374,0.1655792483274819,3.857142857142857,0.4315896506802721,0.001388499999999987,0.18068166785714285,0.16382587344833802,3.9375,0.40840726726190474,0.0,50.0,0.0,0.0,0.5083334147538189,-0.14697007903953319,0.055539361298501566,0.07538516666666661,0.0,0.0,0.0,0.0,0.0,0.0,0.0,0.0,0.0,0.0,0.0,0.0,0.0,0.0,0.0,0.0,0.0,0.0,0.0,0.0,0.0,0.0,0.0,0.0,0.0,0.0,0.0,0.0,0.0,0.0,0.0,0.0,0.0,0.0,0.0,0.0,0.0,0.0,0.0,0.0,0.0,0.0,0.0,0.0,0.0,0.10655267369449999,0.21310534738899997,0.46707099999999996,2
2024-01-18,0.141949,0.14266727838576018,2,0.041068,0.24283,0.208931,0.417862,0.26389799999999997,0.09593459121714125,2,2,neutral,-0.0861805,0.09020617604495314,0.029657546519,0.19540149999999998,0.09182262475388718,2.6666666666666665,0.34124266666666664,-0.13755866666666666,0.11916959523809523,0.10056865723237735,2.5714285714285716,0.49539267857142855,-0.01722966666666667,0.17521409659863948,0.16705337043365015,3.7142857142857144,0.42680798996598635,-0.13224000000000002,0.1784032756302521,0.16250346125692688,3.823529411764706,0.39667336918767504,0.0,50.0,0.0,0.0,0.5034101981441059,-0.14660364688360167,-0.3777700823435811,-0.09818399999999997,0.0,0.0,0.0,0.0,0.0,0.0,0.0,0.0,0.0,0.0,0.0,0.0,0.0,0.0,0.0,0.0,0.0,0.0,0.0,0.0,0.0,0.0,0.0,0.0,0.0,0.0,0.0,0.0,0.0,0.0,0.0,0.0,0.0,0.0,0.0,0.0,0.0,0.0,0.0,0.0,0.0,0.0,0.0,0.0,0.0,0.029657546519,0.059315093038,0.208931,2
2024-01-19,0.360428,0.10042315992837508,4,0.234513,0.447338,0.404204,1.616816,0.289229,0.05254752301805796,3,4,bullish,0.21847900000000003,0.09714088464225817,0.145686439312,0.24350216666666666,0.08785961909967184,2.6666666666666665,0.36006866666666665,0.144302,0.12069345238095239,0.09190900669219011,2.5714285714285716,0.4935860714285714,0.010667000000000038,0.19395356802721087,0.12698867649895332,3.642857142857143,0.42027561853741496,0.26235260000000005,0.1885157603174603,0.15885167882583562,3.8333333333333335,0.3970917375661376,0.0,50.0,0.0,0.0,0.5062191179691315,-0.12918759733421092,1.5391372957893332,0.3046595,0.0,0.0,0.0,0.0,0.0,0.0,0.0,0.0,0.0,0.0,0.0,0.0,0.0,0.0,0.0,0.0,0.0,0.0,0.0,0.0,0.0,0.0,0.0,0.0,0.0,0.0,0.0,0.0,0.0,0.0,0.0,0.0,0.0,0.0,0.0,0.0,0.0,0.0,0.0,0.0,0.0,0.0,0.0,0.0,0.0,0.145686439312,0.582745757248,0.404204,3
2024-01-20,0.196304,0.27761577914808805,2,0.0,0.392608,0.3346765,0.669353,0.1508505,0.1421220990574654,2,2,bullish,-0.16412400000000002,0.13070136266762492,0.065698335656,0.23289366666666667,0.17356873915407445,2.6666666666666665,0.31593716666666666,-0.03182549999999998,0.27276830952380954,0.11843854561446125,2.7142857142857144,0.41624500000000003,1.064524,0.18679463945578229,0.12423387884344662,3.4285714285714284,0.4235843256802721,-0.10022499999999998,0.18892566766917293,0.16544968439929408,3.736842105263158,0.3938067250626566,0.0,50.0,0.0,0.0,0.5198250364677611,-0.14197370112941524,-0.4553586291853019,-0.382603,0.0,0.0,0.0,0.0,0.0,0.0,0.0,0.0,0.0,0.0,0.0,0.0,0.0,0.0,0.0,0.0,0.0,0.0,0.0,0.0,0.0,0.0,0.0,0.0,0.0,0.0,0.0,0.0,0.0,0.0,0.0,0.0,0.0,0.0,0.0,0.0,0.0,0.0,0.0,0.0,0.0,0.0,0.0,0.0,0.0,0.065698335656,0.131396671312,0.3346765,2
2024-01-21,0.154573,0.2259842561994087,2,-0.005222,0.314368,0.219019,0.438038,0.140485,0.20886095838619528,2,2,bullish,-0.04173100000000002,0.15343577852930246,0.033854423886999996,0.23710166666666666,0.2013410650919573,2.6666666666666665,0.31929983333333334,0.012623999999999996,0.22528816666666668,0.14132920836554108,2.7142857142857144,0.3520980714285714,-0.332361,0.17921003231292515,0.1355626541561536,3.4285714285714284,0.42307761139455785,-0.10618449999999999,0.18720803428571428,0.16863571449403697,3.65,0.3850673388095238,0.0,50.0,0.0,0.0,0.5244794632737882,-0.15006339470235966,-0.21258354389110778,0.122393,0.0,0.0,0.0,0.0,0.0,0.0,0.0,0.0,0.0,0.0,0.0,0.0,0.0,0.0,0.0,0.0,0.0,0.0,0.0,0.0,0.0,0.0,0.0,0.0,0.0,0.0,0.0,0.0,0.0,0.0,0.0,0.0,0.0,0.0,0.0,0.0,0.0,0.0,0.0,0.0,0.0,0.0,0.0,0.0,0.0,0.033854423886999996,0.06770884777399999,0.219019,2
2024-01-22,0.20644163636363635,0.233125917145337,11,-0.13655,0.596865,0.27593327272727275,3.035266,0.20571136363636364,0.13289065603139502,5,11,bullish,0.05186863636363637,0.1959632781613938,0.05696411634899174,0.18577287878787876,0.24557531749761127,5.0,0.27654292424242427,-0.15398636363636367,0.21485016233766235,0.15894528381183862,3.857142857142857,0.3225086818181818,-0.0730660303030303,0.1736087002164502,0.1414258815328904,3.7142857142857144,0.41119847781385277,-0.07841864935064938,0.18812392009894868,0.17186022462660194,4.0,0.3798704785198928,0.0,50.0,0.0,0.0,0.533069954170743,-0.14590255529628407,0.33556077946107266,0.09359963636363638,0.0,0.0,0.0,0.0,0.0,0.0,0.0,0.0,0.0,0.0,0.0,0.0,0.0,0.0,0.0,0.0,0.0,0.0,0.0,0.0,0.0,0.0,0.0,0.0,0.0,0.0,0.0,0.0,0.0,0.0,0.0,0.0,0.0,0.0,0.0,0.0,0.0,0.0,0.0,0.0,0.0,0.0,0.0,0.0,0.0,0.05696411634899174,0.6266052798389091,0.27593327272727275,5
2024-01-23,0.2666178888888889,0.2105643715473041,9,-0.030974,0.610864,0.3553274444444445,3.197947,0.274315,0.11147494255324826,4,9,bullish,0.06017625252525252,0.20954269679370258,0.09473665310206174,0.20921084175084173,0.22322484829734993,7.333333333333333,0.2834265723905724,0.07031388888888887,0.22206328932178931,0.17298131161987906,4.571428571428571,0.32359460245310245,0.050491888888888864,0.16842365656565655,0.14555014645291608,3.9285714285714284,0.4038891405122655,-0.07259061111111115,0.1916918277712187,0.17370327924187348,4.2272727272727275,0.3787548860619179,0.0,50.0,0.0,0.0,0.5474629113144673,-0.1563078235511196,0.29149280922795606,0.008307616161616155,0.0,0.0,0.0,0.0,0.0,0.0,0.0,0.0,0.0,0.0,0.0,0.0,0.0,0.0,0.0,0.0,0.0,0.0,0.0,0.0,0.0,0.0,0.0,0.0,0.0,0.0,0.0,0.0,0.0,0.0,0.0,0.0,0.0,0.0,0.0,0.0,0.0,0.0,0.0,0.0,0.0,0.0,0.0,0.0,0.0,0.09473665310206174,0.8526298779185556,0.3553274444444445,4
2024-01-24,0.328692875,0.1609804480456622,8,0.111511,0.608664,0.408194625,3.265557,0.325967375,0.0672951006982094,4,8,bullish,0.06207498611111112,0.22165415441716002,0.13417066485079687,0.26725080008417507,0.2015569122461011,9.333333333333334,0.3464851140572391,0.174119875,0.23642948575036077,0.19305160148570505,5.428571428571429,0.3151836917388167,0.10056337500000001,0.17903023097041845,0.14997879948424184,4.071428571428571,0.4129901137265512,0.14849204166666666,0.19764839504203527,0.1731249687329548,4.391304347826087,0.3800348747113997,0.0,50.0,0.0,0.0,0.554133026858161,-0.15752755159481324,0.23282378526738845,0.0018987335858585974,0.0,0.0,0.0,0.0,0.0,0.0,0.0,0.0,0.0,0.0,0.0,0.0,0.0,0.0,0.0,0.0,0.0,0.0,0.0,0.0,0.0,0.0,0.0,0.0,0.0,0.0,0.0,0.0,0.0,0.0,0.0,0.0,0.0,0.0,0.0,0.0,0.0,0.0,0.0,0.0,0.0,0.0,0.0,0.0,0.0,0.13417066485079687,1.073365318806375,0.408194625,4
2024-01-25,0.17965715384615383,0.27041050602058286,13,-0.147747,0.743484,0.36108453846153843,4.694099,0.13277638461538463,0.13511690768216145,5,13,bullish,-0.14903572115384617,0.22021309979165898,0.06487142047785206,0.25832263924501425,0.2139851085378497,10.0,0.3748688693019943,-0.026784482517482527,0.24181636487123986,0.21130063400496543,7.0,0.33691991151903655,0.037708153846153836,0.18049298005466755,0.16019356780223248,4.785714285714286,0.41615629504523255,0.020478487179487165,0.19689875999220685,0.1773547747019821,4.75,0.3792452773676555,0.0,50.0,0.0,0.0,0.5212801487548001,-0.11651649810683695,-0.4534193847488972,-0.2111107072649573,0.0,0.0,0.0,0.0,0.0,0.0,0.0,0.0,0.0,0.0,0.0,0.0,0.0,0.0,0.0,0.0,0.0,0.0,0.0,0.0,0.0,0.0,0.0,0.0,0.0,0.0,0.0,0.0,0.0,0.0,0.0,0.0,0.0,0.0,0.0,0.0,0.0,0.0,0.0,0.0,0.0,0.0,0.0,0.0,0.0,0.06487142047785206,0.8433284662120768,0.36108453846153843,5
2024-01-26,0.07857284615384616,0.197643912756775,13,-0.277748,0.40432,0.254718,3.311334,0.15909323076923076,0.10711336100766783,5,13,neutral,-0.10108430769230767,0.21454503110313222,0.020013918226615385,0.1956409583333333,0.2096782889410067,11.333333333333334,0.3413323878205128,-0.18804504273504272,0.20155134289321788,0.22518931298045114,8.285714285714286,0.3155647686618937,-0.2818551538461539,0.1611223976370851,0.16367532546279223,5.428571428571429,0.40457542004523256,-0.2711881538461538,0.19216572343867244,0.17820015545426515,5.08,0.3742641862729493,0.0,50.0,0.0,0.0,0.49819452675587134,-0.11522649149252356,-0.5626511693426324,0.0479514134615385,0.0,0.0,0.0,0.0,0.0,0.0,0.0,0.0,0.0,0.0,0.0,0.0,0.0,0.0,0.0,0.0,0.0,0.0,0.0,0.0,0.0,0.0,0.0,0.0,0.0,0.0,0.0,0.0,0.0,0.0,0.0,0.0,0.0,0.0,0.0,0.0,0.0,0.0,0.0,0.0,0.0,0.0,0.0,0.0,0.0,0.020013918226615385,0.260180936946,0.254718,5
2024-01-27,0.103546,0.03579374526366303,2,0.078236,0.128856,0.058415499999999995,0.11683099999999999,0.266316,0.00030547012947258,1,2,neutral,0.02497315384615384,0.17507859672679743,0.006048691362999999,0.12059199999999999,0.16794938801367365,9.333333333333334,0.22473934615384616,-0.225146875,0.18830020003607503,0.19064330813981897,8.285714285714286,0.27609891151903654,-0.09275800000000001,0.23053425477994227,0.1545409268771401,5.5,0.34617195575951826,0.971766,0.18875727253718505,0.17250389904664104,4.961538461538462,0.3621161598778358,0.0,50.0,0.0,0.0,0.48581643261160234,-0.11856954734825462,0.3178344055051314,0.1260574615384615,0.0,0.0,0.0,0.0,0.0,0.0,0.0,0.0,0.0,0.0,0.0,0.0,0.0,0.0,0.0,0.0,0.0,0.0,0.0,0.0,0.0,0.0,0.0,0.0,0.0,0.0,0.0,0.0,0.0,0.0,0.0,0.0,0.0,0.0,0.0,0.0,0.0,0.0,0.0,0.0,0.0,0.0,0.0,0.0,0.0,0.006048691362999999,0.012097382725999998,0.058415499999999995,1
2024-01-28,0.0460965,0.23089652700831167,2,-0.117172,0.209365,0.0823075,0.164615,0.159467,0.07288573857758457,2,2,neutral,-0.0574495,0.17914502781899894,0.00379408767375,0.07607178205128205,0.15477806167624988,5.666666666666667,0.1318136666666667,-0.13356065384615384,0.17280355717893217,0.1913450611125194,8.285714285714286,0.25656869723332226,-0.10847649999999999,0.19904586192279944,0.16633713473903025,5.5,0.3043333843309468,-0.4408375,0.183473540220993,0.17474976935285916,4.851851851851852,0.35175287617865675,0.0,50.0,-0.13719766666666666,-0.13719766666666666,0.4816669344585779,-0.13829642776665874,-0.554821045718811,-0.08242265384615384,0.0,0.0,0.0,0.0,0.0,0.0,0.0,0.0,0.0,0.0,0.0,0.0,0.0,0.0,0.0,0.0,0.0,0.0,0.0,0.0,0.0,0.0,0.0,0.0,0.0,0.0,0.0,0.0,0.0,0.0,0.0,0.0,0.0,0.0,0.0,0.0,0.0,0.0,0.0,0.0,0.0,0.0,0.0,0.0,0.0,0.00379408767375,0.0075881753475,0.0823075,2
2024-01-29,0.18215912499999998,0.1552757680933575,8,-0.013169,0.480882,0.338012,2.704096,0.26489975,0.08642058839147401,4,8,bullish,0.136062625,0.17800409182853802,0.061571970159499986,0.11060054166666666,0.14065534678844407,4.0,0.15957833333333335,0.10358627884615382,0.16933462698412696,0.18022361124795092,7.857142857142857,0.2654370868437118,-0.024282511363636378,0.19209239466089464,0.16958444752989474,5.857142857142857,0.2939728843309468,-0.09734854166666668,0.18342659682024326,0.1740285100469517,4.964285714285714,0.35126213060084754,0.0,50.0,-0.001388499999999987,-0.06929308333333332,0.4736383436566187,-0.1459727744646995,2.9516910177562283,0.19351212499999998,0.0,0.0,0.0,0.0,0.0,0.0,0.0,0.0,0.0,0.0,0.0,0.0,0.0,0.0,0.0,0.0,0.0,0.0,0.0,0.0,0.0,0.0,0.0,0.0,0.0,0.0,0.0,0.0,0.0,0.0,0.0,0.0,0.0,0.0,0.0,0.0,0.0,0.0,0.0,0.0,0.0,0.0,0.0,0.0,0.0,0.061571970159499986,0.4925757612759999,0.338012,4
2024-01-30,0.18283525,0.17847710061177519,8,-0.013693,0.479601,0.31678687499999997,2.5342949999999997,0.2107085,0.09846572020614221,3,8,bullish,0.0006761250000000274,0.1596174107467765,0.057919807487343745,0.13703029166666666,0.1882164652378148,6.0,0.245702125,0.07928925,0.15736567857142855,0.17563971540001821,7.714285714285714,0.2599312912087912,-0.08378263888888887,0.18971448394660895,0.1743105135099486,6.142857142857143,0.29176294683094683,-0.03329075000000001,0.18340620555057968,0.17418738828140964,5.068965517241379,0.35007332868357693,0.0,50.0,0.13224000000000002,-0.002115388888888875,0.48167207943451495,-0.15374306857592912,0.0037117273153350894,-0.13538649999999997,0.0,0.0,0.0,0.0,0.0,0.0,0.0,0.0,0.0,0.0,0.0,0.0,0.0,0.0,0.0,0.0,0.0,0.0,0.0,0.0,0.0,0.0,0.0,0.0,0.0,0.0,0.0,0.0,0.0,0.0,0.0,0.0,0.0,0.0,0.0,0.0,0.0,0.0,0.0,0.0,0.0,0.0,0.0,0.0,0.0,0.057919807487343745,0.46335845989874996,0.31678687499999997,3
2024-01-31,0.175937,0.2099311158414694,10,-0.15714,0.454566,0.3754093,3.754093,0.20711759999999999,0.1188296841190038,6,10,bullish,-0.006898249999999995,0.16207485136371536,0.0660483860141,0.18031045833333334,0.1812279948488674,8.666666666666666,0.343402725,0.12984050000000003,0.13554341071428572,0.18263266794227637,8.0,0.25524767335164833,-0.15275587499999999,0.18598644823232324,0.1878421347139907,6.714285714285714,0.28521568254523255,-0.052192499999999975,0.18315723203222703,0.1754199306110669,5.233333333333333,0.3509178610607911,0.0,50.0,-0.26235260000000005,-0.06717469166666667,0.49012184851747265,-0.1605170043255535,-0.03772932188951528,-0.007574375000000022,0.0,0.0,0.0,0.0,0.0,0.0,0.0,0.0,0.0,0.0,0.0,0.0,0.0,0.0,0.0,0.0,0.0,0.0,0.0,0.0,0.0,0.0,0.0,0.0,0.0,0.0,0.0,0.0,0.0,0.0,0.0,0.0,0.0,0.0,0.0,0.0,0.0,0.0,0.0,0.0,0.0,0.0,0.0,0.0,0.0,0.0660483860141,0.660483860141,0.3754093,6
2024-02-01,0.11744542857142858,0.3455346911087497,7,-0.601535,0.436273,0.4495848571428572,3.147094,0.15649757142857143,0.27326464724503313,3,7,neutral,-0.058491571428571434,0.22402304053273267,0.052801686226367356,0.1587392261904762,0.2446476358539981,8.333333333333334,0.3805936773809524,-0.0647136964285714,0.12665602138932494,0.19336469438344306,7.142857142857143,0.26789057602040817,-0.06221172527472525,0.18423619313028242,0.20233266419420423,7.071428571428571,0.30240524376972233,-0.024503571428571416,0.1844411352068302,0.1800216415953803,5.366666666666666,0.35857425629888623,0.03851709523809524,50.0,0.10022499999999997,-0.03369475333333335,0.4988380307817547,-0.19246474373269265,-0.3324574786916421,-0.05159332142857144,0.0,0.0,0.0,0.0,0.0,0.0,0.0,0.0,0.0,0.0,0.0,0.0,0.0,0.0,0.0,0.0,0.0,0.0,0.0,0.0,0.0,0.0,0.0,0.0,0.0,0.0,0.0,0.0,0.0,0.0,0.0,0.0,0.0,0.0,0.0,0.0,0.0,0.0,0.0,0.0,0.0,0.0,0.0,0.0,0.0,0.052801686226367356,0.36961180358457146,0.4495848571428572,3
2024-02-02,-0.15385100000000002,0.48536773795855037,3,-0.553857,0.38612,0.542219,1.626657,-0.09671433333333333,0.3277249510036325,2,3,bearish,-0.2712964285714286,0.27491728272278043,-0.08342093536900001,0.04651047619047619,0.34694451496958983,6.666666666666667,0.45573771904761906,-0.33668625,0.09345261479591836,0.23446809798369667,5.714285714285714,0.30896214744897954,-0.23242384615384618,0.14750197884456814,0.22982870548207388,7.0,0.3122634580554366,-0.514279,0.17175473520683018,0.19355939804553224,5.266666666666667,0.36756928407666406,-0.38059200000000004,50.0,0.10618449999999996,-0.010381544444444462,0.5658106852147485,-0.1880004981656865,-2.3099786162083786,-0.21280485714285718,0.0,0.0,0.0,0.0,0.0,0.0,0.0,0.0,0.0,0.0,0.0,0.0,0.0,0.0,0.0,0.0,0.0,0.0,0.0,0.0,0.0,0.0,0.0,0.0,0.0,0.0,0.0,0.0,0.0,0.0,0.0,0.0,0.0,0.0,0.0,0.0,0.0,0.0,0.0,0.0,0.0,0.0,0.0,0.0,0.0,-0.08342093536900001,-0.250262806107,0.542219,2
2024-02-03,0.346718,0.13772787805306522,3,0.187907,0.433422,0.38194866666666666,1.145846,0.3433603333333333,0.02933726115937437,1,3,bullish,0.500569,0.271407704714722,0.13242847780933334,0.1034374761904762,0.3228767690401218,4.333333333333333,0.45791750793650793,0.17078100000000002,0.1281914719387755,0.2490301169536113,5.857142857142857,0.3551811712585034,0.24317200000000003,0.15824583598742528,0.21983671254671514,7.071428571428571,0.31564004138877,0.15041400000000002,0.17417236854016355,0.19404988725406644,5.233333333333333,0.37110509796555297,0.07252900000000001,50.0,0.07841864935064938,0.0023041975262832293,0.5659977113258701,-0.202209124276808,-3.2535960117256306,0.7718654285714286,0.0,0.0,0.0,0.0,0.0,0.0,0.0,0.0,0.0,0.0,0.0,0.0,0.0,0.0,0.0,0.0,0.0,0.0,0.0,0.0,0.0,0.0,0.0,0.0,0.0,0.0,0.0,0.0,0.0,0.0,0.0,0.0,0.0,0.0,0.0,0.0,0.0,0.0,0.0,0.0,0.0,0.0,0.0,0.0,0.0,0.13242847780933334,0.39728543342800005,0.38194866666666666,1
2024-02-04,0.261789,0.17668822958250502,3,0.151813,0.465598,0.45836800000000005,1.375104,0.19830533333333333,0.10425145977075491,1,3,bullish,-0.08492900000000003,0.27104993050886794,0.11999570035200001,0.151552,0.26659461519804023,3.0,0.4608452222222223,0.1443435714285714,0.1590046862244898,0.24128607446421033,6.0,0.408904099829932,0.2156925,0.16590412170171098,0.21631556778836486,7.142857142857143,0.33273639853162706,0.107216,0.17962948854016356,0.1787196820300344,5.166666666666667,0.3698621246322196,0.16371360000000001,50.0,0.07259061111111115,0.011089999224386719,0.5717992620486618,-0.20978254166626645,-0.2449512283757983,-0.5854980000000001,0.0,0.0,0.0,0.0,0.0,0.0,0.0,0.0,0.0,0.0,0.0,0.0,0.0,0.0,0.0,0.0,0.0,0.0,0.0,0.0,0.0,0.0,0.0,0.0,0.0,0.0,0.0,0.0,0.0,0.0,0.0,0.0,0.0,0.0,0.0,0.0,0.0,0.0,0.0,0.0,0.0,0.0,0.0,0.0,0.0,0.11999570035200001,0.359987101056,0.45836800000000005,1
2024-02-05,0.3111295,0.09905505344251753,2,0.241087,0.381172,0.6812615,1.362523,0.19809749999999998,0.009770094395654535,2,2,bullish,0.04934050000000001,0.2488747180290775,0.21196054986425,0.30654549999999997,0.1378237203593626,2.6666666666666665,0.5071927222222222,0.4649805,0.1774290255102041,0.23325454379980465,5.142857142857143,0.45793974268707477,0.12897037500000003,0.17338182624716555,0.20673907752387777,6.5,0.3616884147653933,0.10468786363636365,0.18011617187349685,0.17132750633254626,5.066666666666666,0.3829590212988863,0.014600500000000016,50.0,-0.14849204166666666,-0.00664133865239699,0.5752237247038114,-0.20370665432141616,0.1884743056430942,0.13426950000000004,0.0,0.0,0.0,0.0,0.0,0.0,0.0,0.0,0.0,0.0,0.0,0.0,0.0,0.0,0.0,0.0,0.0,0.0,0.0,0.0,0.0,0.0,0.0,0.0,0.0,0.0,0.0,0.0,0.0,0.0,0.0,0.0,0.0,0.0,0.0,0.0,0.0,0.0,0.0,0.0,0.0,0.0,0.0,0.0,0.0,0.21196054986425,0.4239210997285,0.6812615,2
2024-02-06,0.343463,0.0,1,0.343463,0.343463,0.542539,0.542539,0.224186,0.0,1,1,bullish,0.032333500000000015,0.2247097247591595,0.186342072557,0.30546049999999997,0.1378716415125113,2.0,0.5607228333333333,-0.003255000000000008,0.2003758469387755,0.2423841176644762,4.142857142857143,0.4901900462585034,0.16062775,0.17887076275510205,0.20644482413746038,5.928571428571429,0.37506066873364724,0.07684511111111114,0.18287302187349688,0.1746352680896294,5.033333333333333,0.3935065546322196,0.08270550000000004,50.0,-0.020478487179487165,0.006327459068400733,0.5993318918902775,-0.21628147150788204,0.10392296455334527,-0.017006999999999994,0.0,0.0,0.0,0.0,0.0,0.0,0.0,0.0,0.0,0.0,0.0,0.0,0.0,0.0,0.0,0.0,0.0,0.0,0.0,0.0,0.0,0.0,0.0,0.0,0.0,0.0,0.0,0.0,0.0,0.0,0.0,0.0,0.0,0.0,0.0,0.0,0.0,0.0,0.0,0.0,0.0,0.0,0.0,0.0,0.0,0.186342072557,0.186342072557,0.542539,1
2024-02-07,0.065333,0.0,1,0.065333,0.065333,0.083107,0.083107,0.142502,0.0,1,1,neutral,-0.27813,0.13782372035936255,0.005429629631000001,0.23997516666666666,0.09905505344251753,1.3333333333333333,0.4356358333333333,-0.196456,0.1845752755102041,0.24887471802907757,2.857142857142857,0.448432574829932,-0.11060400000000001,0.16005934311224487,0.21023352214511024,5.428571428571429,0.3518401240907902,-0.263359875,0.1755554456830207,0.17529198315784683,4.833333333333333,0.3815354165369815,-0.21952728571428573,50.0,0.27118815384615386,0.0366137539401956,0.6023050988306974,-0.22691627844830206,-0.8097815485219659,-0.3104635,0.0,0.0,0.0,0.0,0.0,0.0,0.0,0.0,0.0,0.0,0.0,0.0,0.0,0.0,0.0,0.0,0.0,0.0,0.0,0.0,0.0,0.0,0.0,0.0,0.0,0.0,0.0,0.0,0.0,0.0,0.0,0.0,0.0,0.0,0.0,0.0,0.0,0.0,0.0,0.0,0.0,0.0,0.0,0.0,0.0,0.005429629631000001,0.005429629631000001,0.083107,1
2024-02-09,0.20807999999999996,0.09263938110220728,3,0.150606,0.314949,0.601299,1.803897,0.20025633333333334,0.052130289873866364,2,3,bullish,0.14274699999999996,0.12279422137574329,0.12511829591999998,0.20562533333333333,0.09263938110220728,1.6666666666666667,0.40898166666666674,-0.10304950000000004,0.19752307142857145,0.19829565602776908,2.2857142857142856,0.47010602380952377,0.09063457142857138,0.16208954640894818,0.1954192617352456,4.714285714285714,0.368998299914966,0.028422846153846132,0.1711844956830207,0.1729101481028556,4.733333333333333,0.3863234443147593,-0.13112850000000006,50.0,-0.9717660000000001,-0.08605357939313775,0.5938228345166787,-0.23366881413428336,2.1849142087459623,0.42087699999999995,0.0,0.0,0.0,0.0,0.0,0.0,0.0,0.0,0.0,0.0,0.0,0.0,0.0,0.0,0.0,0.0,0.0,0.0,0.0,0.0,0.0,0.0,0.0,0.0,0.0,0.0,0.0,0.0,0.0,0.0,0.0,0.0,0.0,0.0,0.0,0.0,0.0,0.0,0.0,0.0,0.0,0.0,0.0,0.0,0.0,0.12511829591999998,0.3753548877599999,0.601299,2
2024-02-10,0.524804,0.0,1,0.524804,0.524804,0.716023,0.716023,0.342738,0.0,1,1,bullish,0.3167240000000001,0.09584721727236241,0.375771734492,0.2660723333333333,0.09263938110220728,1.6666666666666667,0.46680966666666673,0.18134100000000003,0.29447378571428573,0.12652763554507374,2.0,0.49493516666666665,0.678655,0.19396320025510208,0.19521702073328837,3.857142857142857,0.4019486570578231,0.44623115384615386,0.1826712679052429,0.17558330923610285,4.566666666666666,0.400831510981426,0.3446031666666667,50.0,0.4408375,-0.00792134605980441,0.6019251442831085,-0.20892112390071307,1.5221261053440993,0.17397700000000016,0.0,0.0,0.0,0.0,0.0,0.0,0.0,0.0,0.0,0.0,0.0,0.0,0.0,0.0,0.0,0.0,0.0,0.0,0.0,0.0,0.0,0.0,0.0,0.0,0.0,0.0,0.0,0.0,0.0,0.0,0.0,0.0,0.0,0.0,0.0,0.0,0.0,0.0,0.0,0.0,0.0,0.0,0.0,0.0,0.0,0.375771734492,0.375771734492,0.716023,1
2024-02-12,0.3734996666666666,0.040504724728521874,3,0.345617,0.419961,0.4411483333333333,1.323445,0.328761,0.15034433503128744,2,3,bullish,-0.15130433333333343,0.06657205291536458,0.16476875545055553,0.36879455555555557,0.06657205291536458,2.3333333333333335,0.5861567777777777,0.3081666666666666,0.2982997380952381,0.10222184721393791,2.0,0.5033922619047619,0.026781666666666593,0.21324560501700682,0.19564529159373006,3.9285714285714284,0.42928671658163264,0.26995366666666665,0.18981530123857623,0.17184816334540348,4.566666666666666,0.4049778554258704,0.21432099999999996,50.0,0.09734854166666668,-0.008240952541285885,0.5910503562669257,-0.17615366921786366,-0.2883063645348233,-0.46802833333333355,0.0,0.0,0.0,0.0,0.0,0.0,0.0,0.0,0.0,0.0,0.0,0.0,0.0,0.0,0.0,0.0,0.0,0.0,0.0,0.0,0.0,0.0,0.0,0.0,0.0,0.0,0.0,0.0,0.0,0.0,0.0,0.0,0.0,0.0,0.0,0.0,0.0,0.0,0.0,0.0,0.0,0.0,0.0,0.0,0.0,0.16476875545055553,0.4943062663516666,0.4411483333333333,2
2024-02-13,0.3585626,0.1883118688752783,5,0.149663,0.643776,0.5970426,2.985213,0.21722100000000003,0.08808191199105525,4,5,bullish,-0.01493706666666661,0.10715199156866916,0.21407714696676,0.4189554222222222,0.1144082968019001,3.0,0.5847379777777778,0.15048260000000005,0.31212453809523805,0.10512775703713123,2.2857142857142856,0.5232029190476191,0.09677360000000002,0.23556461215986396,0.19177395903618155,4.142857142857143,0.46605350943877555,0.3124661,0.1901086879052429,0.1732301174110104,4.6,0.4109842670925371,0.00880160000000002,50.0,0.03329075000000001,-0.016340258096841434,0.5933841634757958,-0.1632753800630974,-0.03999218205460231,0.13636726666666682,0.0,0.0,0.0,0.0,0.0,0.0,0.0,0.0,0.0,0.0,0.0,0.0,0.0,0.0,0.0,0.0,0.0,0.0,0.0,0.0,0.0,0.0,0.0,0.0,0.0,0.0,0.0,0.0,0.0,0.0,0.0,0.0,0.0,0.0,0.0,0.0,0.0,0.0,0.0,0.0,0.0,0.0,0.0,0.0,0.0,0.21407714696676,1.0703857348338,0.5970426,4
2024-02-14,0.17369250000000003,0.012834695185317034,2,0.164617,0.182768,0.1578465,0.315693,0.2976275,0.044636115562400804,2,2,bullish,-0.18487009999999998,0.08357266747283112,0.027416753201250005,0.3019182555555555,0.08055042959637242,3.3333333333333335,0.39867914444444447,-0.3511115,0.292490680952381,0.08357266747283111,2.2857142857142856,0.44842934761904757,-0.13743699999999998,0.2349598532312925,0.17882477058999607,3.7142857142857144,0.4531845451530612,-0.00846662499999995,0.2248391045719096,0.1672895462174662,4.633333333333334,0.3870436837592038,1.0419125,50.0,0.052192499999999975,-0.019254274691358035,0.5654755791652353,-0.14465933464142572,-0.5155866785883413,-0.16993303333333337,0.0,0.0,0.0,0.0,0.0,0.0,0.0,0.0,0.0,0.0,0.0,0.0,0.0,0.0,0.0,0.0,0.0,0.0,0.0,0.0,0.0,0.0,0.0,0.0,0.0,0.0,0.0,0.0,0.0,0.0,0.0,0.0,0.0,0.0,0.0,0.0,0.0,0.0,0.0,0.0,0.0,0.0,0.0,0.0,0.0,0.027416753201250005,0.05483350640250001,0.1578465,2
2024-02-15,0.194872,0.0,1,0.194872,0.194872,0.093289,0.093289,0.214302,0.0,1,1,bullish,0.021179499999999962,0.08055042959637242,0.018179414007999998,0.24237569999999997,0.10057328203029768,2.6666666666666665,0.2827260333333333,-0.17862766666666663,0.27126339523809523,0.08357266747283111,2.2857142857142856,0.3842507761904762,-0.14859100000000003,0.23581962108843535,0.17885953758781817,3.2142857142857144,0.43722041122448985,0.012036749999999985,0.21510370457190958,0.17119492811268222,4.6,0.3678850670925371,-0.292062,50.0,0.024503571428571416,-0.02459727910052912,0.5608536954659856,-0.15341953844217607,0.12193675604876408,0.20604959999999994,0.0,0.0,0.0,0.0,0.0,0.0,0.0,0.0,0.0,0.0,0.0,0.0,0.0,0.0,0.0,0.0,0.0,0.0,0.0,0.0,0.0,0.0,0.0,0.0,0.0,0.0,0.0,0.0,0.0,0.0,0.0,0.0,0.0,0.0,0.0,0.0,0.0,0.0,0.0,0.0,0.0,0.0,0.0,0.0,0.0,0.018179414007999998,0.018179414007999998,0.093289,1
2024-02-16,0.21232399999999998,0.18651072724645087,2,0.080441,0.344207,0.552516,1.105032,0.2530485,0.0932596062639126,1,2,bullish,0.017451999999999995,0.10704050400889203,0.11731240718399999,0.19362949999999998,0.09967271121588397,1.6666666666666667,0.2678838333333333,-0.14623860000000002,0.29226210952380954,0.10416027942755508,2.4285714285714284,0.4513092047619048,0.14699099999999998,0.2384186925170068,0.17651749872831632,2.642857142857143,0.4498708897959184,0.036386999999999975,0.212864249016354,0.17414482573672824,4.566666666666666,0.37020030042587043,-0.06718366666666667,50.0,0.514279,0.04904394775132273,0.5519995654269114,-0.1412987237877173,0.08955622151976672,-0.003727499999999967,0.0,0.0,0.0,0.0,0.0,0.0,0.0,0.0,0.0,0.0,0.0,0.0,0.0,0.0,0.0,0.0,0.0,0.0,0.0,0.0,0.0,0.0,0.0,0.0,0.0,0.0,0.0,0.0,0.0,0.0,0.0,0.0,0.0,0.0,0.0,0.0,0.0,0.0,0.0,0.0,0.0,0.0,0.0,0.0,0.0,0.11731240718399999,0.23462481436799998,0.552516,1
2024-02-17,0.482519,0.026549031206430092,2,0.463746,0.501292,0.620473,1.240946,0.32887049999999995,0.018352956505696825,1,2,bullish,0.27019499999999996,0.10355158062836907,0.299390011487,0.2965716666666666,0.1065298792264405,1.6666666666666667,0.42209266666666667,0.30882649999999995,0.331467680952381,0.09094220944839963,2.2857142857142856,0.4540483476190476,0.274439,0.2644953761904762,0.14461893273808435,2.2857142857142856,0.4620771857142857,0.3650735714285714,0.22174401568302068,0.17084624321039782,4.5,0.37929186709253704,0.266393,50.0,-0.15041400000000005,0.03460666854904352,0.5508100129254261,-0.09971455590161654,1.272559861343984,0.25274299999999994,0.0,0.0,0.0,0.0,0.0,0.0,0.0,0.0,0.0,0.0,0.0,0.0,0.0,0.0,0.0,0.0,0.0,0.0,0.0,0.0,0.0,0.0,0.0,0.0,0.0,0.0,0.0,0.0,0.0,0.0,0.0,0.0,0.0,0.0,0.0,0.0,0.0,0.0,0.0,0.0,0.0,0.0,0.0,0.0,0.0,0.299390011487,0.598780022974,0.620473,1
2024-02-18,0.386264,0.0,1,0.386264,0.386264,0.454945,0.454945,0.375395,0.0,1,1,bullish,-0.09625499999999998,0.07529815121273266,0.17572887548,0.36036899999999994,0.1065298792264405,1.6666666666666667,0.5426446666666667,0.191392,0.31167625238095237,0.09094220944839963,2.2857142857142856,0.4167514904761904,-0.13854000000000005,0.3030750190476191,0.10675795438025479,2.142857142857143,0.45584332857142856,0.540115,0.2270151656830207,0.17686055617941854,4.466666666666667,0.3788876670925371,0.1581345,50.0,-0.107216,-0.007438237433862457,0.5818575658511724,-0.10249030882736282,-0.1994843726361034,-0.36644999999999994,0.0,0.0,0.0,0.0,0.0,0.0,0.0,0.0,0.0,0.0,0.0,0.0,0.0,0.0,0.0,0.0,0.0,0.0,0.0,0.0,0.0,0.0,0.0,0.0,0.0,0.0,0.0,0.0,0.0,0.0,0.0,0.0,0.0,0.0,0.0,0.0,0.0,0.0,0.0,0.0,0.0,0.0,0.0,0.0,0.0,0.17572887548,0.17572887548,0.454945,1
2024-02-20,0.094492375,0.1373925792396251,16,-0.218535,0.404236,0.2546795625,4.074873,0.180354,0.11435507105619176,8,16,neutral,-0.291771625,0.11681744589750202,0.02406527672458594,0.3210917916666666,0.08197080522302762,6.333333333333333,0.4433658541666667,-0.11783162499999998,0.27181806785714285,0.11031978035062026,4.142857142857143,0.39011309464285715,-0.2790072916666666,0.28505890297619046,0.10672069895653923,3.0714285714285716,0.4467526782738095,-0.252225625,0.2254332781830207,0.17664956821357314,4.933333333333334,0.3804126191758704,-0.04745662499999999,50.0,-0.10468786363636363,0.08890377771765272,0.5718101665653474,-0.08760332204153798,-0.755368413830955,-0.195516625,0.0,0.0,0.0,0.0,0.0,0.0,0.0,0.0,0.0,0.0,0.0,0.0,0.0,0.0,0.0,0.0,0.0,0.0,0.0,0.0,0.0,0.0,0.0,0.0,0.0,0.0,0.0,0.0,0.0,0.0,0.0,0.0,0.0,0.0,0.0,0.0,0.0,0.0,0.0,0.0,0.0,0.0,0.0,0.0,0.0,0.02406527672458594,0.38504442759337504,0.2546795625,8
2024-02-21,0.07150110000000001,0.1722389473450893,10,-0.121907,0.472436,0.15492440000000002,1.549244,0.154231,0.10867808655433307,7,10,neutral,-0.02299127499999999,0.13067282125939883,0.011077265016840003,0.18408582499999995,0.15481576329235722,9.0,0.2881829875,-0.41101789999999994,0.23080928214285715,0.10710519604458249,4.857142857142857,0.32695335178571433,-0.28706149999999997,0.2714669101190476,0.10622633426349304,3.5714285714285716,0.42507813541666667,-0.19028789999999998,0.21580238151635403,0.17952219971024166,5.133333333333334,0.37210329917587043,-0.2889269,50.0,-0.07684511111111111,0.03138348759419592,0.5685390225489118,-0.0953979805251022,-0.24331354778626313,0.26878035,0.0,0.0,0.0,0.0,0.0,0.0,0.0,0.0,0.0,0.0,0.0,0.0,0.0,0.0,0.0,0.0,0.0,0.0,0.0,0.0,0.0,0.0,0.0,0.0,0.0,0.0,0.0,0.0,0.0,0.0,0.0,0.0,0.0,0.0,0.0,0.0,0.0,0.0,0.0,0.0,0.0,0.0,0.0,0.0,0.0,0.011077265016840003,0.11077265016840003,0.15492440000000002,7
2024-02-22,0.26787225,0.3688182755046854,4,-0.03589,0.711383,0.33813299999999996,1.3525319999999998,0.23832224999999999,0.26249494223365527,4,4,bullish,0.19637114999999997,0.17624970832395748,0.09057644750924998,0.1446219083333333,0.22614993402979996,10.0,0.24924565416666666,-0.11839175000000002,0.24426353214285715,0.17830191210845617,5.142857142857143,0.3527085660714286,0.09417974999999995,0.2683771065476191,0.13620002560373393,3.7142857142857144,0.4005689568452381,-0.043257250000000025,0.21818798984968735,0.18317029956450562,5.2,0.3722185158425371,0.07156824999999997,50.0,0.263359875,0.049829191297899623,0.5981696958679664,-0.11652495384415687,2.746407397928143,0.21936242499999997,0.0,0.0,0.0,0.0,0.0,0.0,0.0,0.0,0.0,0.0,0.0,0.0,0.0,0.0,0.0,0.0,0.0,0.0,0.0,0.0,0.0,0.0,0.0,0.0,0.0,0.0,0.0,0.0,0.0,0.0,0.0,0.0,0.0,0.0,0.0,0.0,0.0,0.0,0.0,0.0,0.0,0.0,0.0,0.0,0.0,0.09057644750924998,0.3623057900369999,0.33813299999999996,4
2024-02-23,0.20931160000000001,0.09661292625886042,5,0.091832,0.331803,0.173641,0.868205,0.2648272,0.1396196020252887,3,5,bullish,-0.058560649999999964,0.19376568208706507,0.0363450755356,0.1828949833333333,0.21255671636954507,6.333333333333333,0.2222328,0.11481922500000001,0.24632633214285712,0.16468708113352354,5.714285714285714,0.3641874232142857,0.014439600000000025,0.25879486369047616,0.13224131566924657,4.0,0.374219099702381,-0.1341514,0.22001260984968732,0.17799544636688366,5.3,0.3707059158425371,0.054738600000000026,50.0,-0.028422846153846132,0.04297212505858339,0.5847293339236186,-0.09974713189980902,-0.21861409683160526,-0.25493179999999993,0.0,0.0,0.0,0.0,0.0,0.0,0.0,0.0,0.0,0.0,0.0,0.0,0.0,0.0,0.0,0.0,0.0,0.0,0.0,0.0,0.0,0.0,0.0,0.0,0.0,0.0,0.0,0.0,0.0,0.0,0.0,0.0,0.0,0.0,0.0,0.0,0.0,0.0,0.0,0.0,0.0,0.0,0.0,0.0,0.0,0.0363450755356,0.181725377678,0.173641,3
2024-02-24,0.362132,0.0,1,0.362132,0.362132,0.271576,0.271576,0.225144,0.0,1,1,bullish,0.1528204,0.19376568208706507,0.098346360032,0.27977194999999994,0.23271560088177295,3.3333333333333335,0.2611166666666666,0.2906309,0.267727475,0.16032235191093808,5.571428571428571,0.3240531375,0.14980800000000002,0.27999479226190477,0.13224131566924657,4.0,0.38768117113095235,0.29679900000000004,0.2252022886375661,0.17569834341778143,4.966666666666667,0.3705606734182947,0.15569036363636365,50.0,-0.44623115384615386,-0.012408280924322593,0.5720471518303482,-0.0625962926636815,0.7301095591453124,0.21138104999999996,0.0,0.0,0.0,0.0,0.0,0.0,0.0,0.0,0.0,0.0,0.0,0.0,0.0,0.0,0.0,0.0,0.0,0.0,0.0,0.0,0.0,0.0,0.0,0.0,0.0,0.0,0.0,0.0,0.0,0.0,0.0,0.0,0.0,0.0,0.0,0.0,0.0,0.0,0.0,0.0,0.0,0.0,0.0,0.0,0.0,0.098346360032,0.098346360032,0.271576,1
2024-02-26,0.10953633333333333,0.11176140137035981,6,-0.049578,0.266406,0.33817233333333335,2.0290340000000002,0.18284033333333335,0.08465742246410923,5,6,neutral,-0.25259566666666666,0.18735788761974873,0.037042157428111115,0.22699331111111107,0.10418716381461014,4.0,0.26112977777777774,-0.15833591666666663,0.21444423690476191,0.177364825943724,6.142857142857143,0.28372447083333335,-0.37298266666666663,0.27295595892857144,0.13415351769606182,4.214285714285714,0.3688864092261905,-0.09854366666666663,0.21996623678571428,0.1715815529937421,4.866666666666666,0.3699888363812576,-0.15708155555555553,50.0,-0.2699536666666666,-0.04512575182379349,0.5318441846987019,0.003945407801298095,-0.697523739041749,-0.40541606666666663,0.0,0.0,0.0,0.0,0.0,0.0,0.0,0.0,0.0,0.0,0.0,0.0,0.0,0.0,0.0,0.0,0.0,0.0,0.0,0.0,0.0,0.0,0.0,0.0,0.0,0.0,0.0,0.0,0.0,0.0,0.0,0.0,0.0,0.0,0.0,0.0,0.0,0.0,0.0,0.0,0.0,0.0,0.0,0.0,0.0,0.037042157428111115,0.22225294456866668,0.33817233333333335,5
2024-02-27,0.167019,0.0,1,0.167019,0.167019,0.059935,0.059935,0.378313,0.0,1,1,bullish,0.05748266666666667,0.19239753437796855,0.010010283765000001,0.2128957777777777,0.11176140137035981,2.6666666666666665,0.2232277777777778,-0.042292600000000014,0.1831235226190476,0.177364825943724,6.142857142857143,0.22729447083333335,-0.219245,0.24739988750000003,0.13415351769606182,4.214285714285714,0.3220229806547619,-0.357785,0.2145771076190476,0.17204247060018033,4.633333333333334,0.358380182214591,-0.161673875,50.0,-0.3124661,-0.13698631849046017,0.5219741294942843,-0.004154436994284305,0.5247817314802699,0.31007833333333334,0.0,0.0,0.0,0.0,0.0,0.0,0.0,0.0,0.0,0.0,0.0,0.0,0.0,0.0,0.0,0.0,0.0,0.0,0.0,0.0,0.0,0.0,0.0,0.0,0.0,0.0,0.0,0.0,0.0,0.0,0.0,0.0,0.0,0.0,0.0,0.0,0.0,0.0,0.0,0.0,0.0,0.0,0.0,0.0,0.0,0.010010283765000001,0.010010283765000001,0.059935,1
2024-02-28,0.129207,0.19154348824657721,7,-0.033112,0.529986,0.186541,1.305787,0.1730402857142857,0.11117935784385259,3,7,neutral,-0.03781200000000001,0.13330593862526582,0.024102402987,0.13525411111111107,0.15165244480846854,4.666666666666667,0.19488277777777782,-0.23292500000000002,0.18808275476190475,0.1881950077451144,4.857142857142857,0.2175603904761905,0.034714624999999985,0.2299504113095238,0.14925739404786736,4.5,0.3038367425595238,-0.24429266666666663,0.21289543582417583,0.16861346982739747,4.433333333333334,0.35256206426587305,-0.05045015384615384,50.0,0.00846662499999995,-0.1193329157126824,0.5176304539041415,-0.013068961404141599,-0.22639340434321853,-0.09529466666666668,0.0,0.0,0.0,0.0,0.0,0.0,0.0,0.0,0.0,0.0,0.0,0.0,0.0,0.0,0.0,0.0,0.0,0.0,0.0,0.0,0.0,0.0,0.0,0.0,0.0,0.0,0.0,0.0,0.0,0.0,0.0,0.0,0.0,0.0,0.0,0.0,0.0,0.0,0.0,0.0,0.0,0.0,0.0,0.0,0.0,0.024102402987,0.168716820909,0.186541,3
2024-02-29,0.006480499999999982,0.3672775813717739,6,-0.553857,0.372037,0.4386601666666667,2.631961,0.023412500000000003,0.24370134159068557,2,6,neutral,-0.1227265,0.2235274903295703,0.0028427372100833254,0.10090216666666661,0.2794105348091756,4.666666666666667,0.22837872222222222,-0.10305583333333335,0.1787940976190476,0.22720273455045134,4.285714285714286,0.25809407142857144,-0.06502060000000003,0.20480168988095238,0.16715396529751692,4.571428571428571,0.2925237116071429,-0.3520821,0.2104923576190476,0.1759888467237018,4.2,0.3586934698214286,-0.07209234615384617,50.0,-0.012036749999999985,-0.10875744349046017,0.5436630082009501,-0.06956641570095029,-0.9498440486970522,-0.08491449999999999,0.0,0.0,0.0,0.0,0.0,0.0,0.0,0.0,0.0,0.0,0.0,0.0,0.0,0.0,0.0,0.0,0.0,0.0,0.0,0.0,0.0,0.0,0.0,0.0,0.0,0.0,0.0,0.0,0.0,0.0,0.0,0.0,0.0,0.0,0.0,0.0,0.0,0.0,0.0,0.0,0.0,0.0,0.0,0.0,0.0,0.0028427372100833254,0.017056423260499953,0.4386601666666667,2
2024-03-01,0.2229045,0.321570243773425,2,-0.00448,0.450289,0.5249159999999999,1.0498319999999999,0.177885,0.16943409848079577,1,2,bullish,0.21642400000000003,0.248038178690534,0.117006138522,0.11953066666666662,0.2934637711305921,5.0,0.38337238888888886,0.055885500000000005,0.17237013333333331,0.21775312820419926,4.0,0.2847773571428571,-0.04496774999999997,0.20831683273809523,0.1980275201563277,4.571428571428571,0.3187429616071428,0.04921199999999998,0.2144709742857143,0.18841391187630013,4.2,0.37424348648809524,0.1193585,50.0,-0.036386999999999975,-0.10116845864197531,0.5616726386006574,-0.0996318961006574,33.39618856569719,0.3391505,0.0,0.0,0.0,0.0,0.0,0.0,0.0,0.0,0.0,0.0,0.0,0.0,0.0,0.0,0.0,0.0,0.0,0.0,0.0,0.0,0.0,0.0,0.0,0.0,0.0,0.0,0.0,0.0,0.0,0.0,0.0,0.0,0.0,0.0,0.0,0.0,0.0,0.0,0.0,0.0,0.0,0.0,0.0,0.0,0.0,0.117006138522,0.234012277044,0.5249159999999999,1
2024-03-02,0.584585,0.0,1,0.584585,0.584585,0.813165,0.813165,0.363479,0.0,1,1,bullish,0.3616805,0.293463771130592,0.47536406152500005,0.2713233333333333,0.3444239125725995,3.0,0.5922470555555556,0.45537800000000006,0.22598061904761904,0.24803817869053396,3.4285714285714284,0.3761379285714286,0.3752734,0.2361534755952381,0.1980275201563277,4.571428571428571,0.3701626758928572,0.38971300000000003,0.23242059095238096,0.18648288391575418,4.166666666666667,0.3986054031547619,0.5384885,50.0,-0.3650735714285714,-0.13319384312169313,0.5876352386006574,-0.07366929610065742,1.6225805221518632,0.14525649999999998,0.0,0.0,0.0,0.0,0.0,0.0,0.0,0.0,0.0,0.0,0.0,0.0,0.0,0.0,0.0,0.0,0.0,0.0,0.0,0.0,0.0,0.0,0.0,0.0,0.0,0.0,0.0,0.0,0.0,0.0,0.0,0.0,0.0,0.0,0.0,0.0,0.0,0.0,0.0,0.0,0.0,0.0,0.0,0.0,0.0,0.47536406152500005,0.47536406152500005,0.813165,1
2024-03-03,0.518859,0.0,1,0.518859,0.518859,0.611103,0.611103,0.282094,0.0,1,1,bullish,-0.06572600000000006,0.293463771130592,0.31707629147699995,0.44211616666666664,0.321570243773425,1.3333333333333333,0.649728,0.5123785,0.2483701904761905,0.24803817869053396,3.4285714285714284,0.42464178571428574,0.15672699999999995,0.25804883273809526,0.1993071638129807,4.5,0.3743474616071429,0.306535,0.24364392011904762,0.187968937050154,3.933333333333333,0.40770843648809524,0.336699875,50.0,-0.5401149999999999,-0.2224688292328042,0.6143567659195992,-0.06931292341959921,-0.11243189613144378,-0.4274065000000001,0.0,0.0,0.0,0.0,0.0,0.0,0.0,0.0,0.0,0.0,0.0,0.0,0.0,0.0,0.0,0.0,0.0,0.0,0.0,0.0,0.0,0.0,0.0,0.0,0.0,0.0,0.0,0.0,0.0,0.0,0.0,0.0,0.0,0.0,0.0,0.0,0.0,0.0,0.0,0.0,0.0,0.0,0.0,0.0,0.0,0.31707629147699995,0.31707629147699995,0.611103,1
2024-03-04,0.2946755,0.19285276796691303,2,0.158308,0.431043,0.46518349999999997,0.9303669999999999,0.24495850000000002,0.04867935213722551,2,2,bullish,-0.22418349999999998,0.29390019770403736,0.13707818045425,0.46603983333333326,0.19285276796691303,1.3333333333333333,0.6298171666666667,0.07177099999999997,0.27481864285714286,0.2683110203396723,2.857142857142857,0.4427862380952381,0.18513916666666663,0.24463143988095237,0.21778535678636768,4.5,0.3632553544642857,-0.1878435,0.24737192845238093,0.1886534926384939,3.7333333333333334,0.4126549906547619,0.11184024999999997,50.0,0.252225625,-0.19128566577126577,0.6059839617241868,-0.08395296922418682,-0.4320701770615909,-0.15845749999999992,0.0,0.0,0.0,0.0,0.0,0.0,0.0,0.0,0.0,0.0,0.0,0.0,0.0,0.0,0.0,0.0,0.0,0.0,0.0,0.0,0.0,0.0,0.0,0.0,0.0,0.0,0.0,0.0,0.0,0.0,0.0,0.0,0.0,0.0,0.0,0.0,0.0,0.0,0.0,0.0,0.0,0.0,0.0,0.0,0.0,0.13707818045425,0.2741563609085,0.46518349999999997,2
2024-03-05,0.28716785714285714,0.14715989693122758,7,0.088564,0.474928,0.33364528571428576,2.3355170000000003,0.29329285714285713,0.09372863326545162,4,7,bullish,-0.007507642857142838,0.2205276362238552,0.09581220174438777,0.36690078571428564,0.17000633244907037,3.3333333333333335,0.4699772619047618,-0.2974171428571429,0.29198276530612244,0.24408079565798335,3.7142857142857144,0.48188770748299314,0.12014885714285714,0.23755314396258503,0.2107228108008537,4.928571428571429,0.35459108915816323,-0.09909614285714285,0.2510796236904762,0.1856643869761014,3.6333333333333333,0.41126285684523806,0.11123085714285713,50.0,0.19028789999999998,-0.12056132645502643,0.6169038244198113,-0.10350601287219235,-0.025477662232329612,0.21667585714285714,0.0,0.0,0.0,0.0,0.0,0.0,0.0,0.0,0.0,0.0,0.0,0.0,0.0,0.0,0.0,0.0,0.0,0.0,0.0,0.0,0.0,0.0,0.0,0.0,0.0,0.0,0.0,0.0,0.0,0.0,0.0,0.0,0.0,0.0,0.0,0.0,0.0,0.0,0.0,0.0,0.0,0.0,0.0,0.0,0.0,0.09581220174438777,0.6706854122107144,0.33364528571428576,4
2024-03-06,0.555409,0.0,1,0.555409,0.555409,0.580956,0.580956,0.346712,0.0,1,1,bullish,0.2682411428571429,0.17000633244907032,0.322668191004,0.379084119047619,0.17000633244907037,3.3333333333333335,0.4599282619047618,0.03655000000000008,0.35286876530612243,0.2572151225108349,2.857142857142857,0.5382327074829931,0.4262020000000001,0.27047576003401363,0.21887061430765686,3.857142857142857,0.37789654897959185,0.460916625,0.2656784094047619,0.177670871769469,3.433333333333333,0.4156418949404762,0.43796357142857145,50.0,0.043257250000000025,-0.08576011349206349,0.6254831583348457,-0.09240070678722662,0.9340918079271707,0.27574878571428574,0.0,0.0,0.0,0.0,0.0,0.0,0.0,0.0,0.0,0.0,0.0,0.0,0.0,0.0,0.0,0.0,0.0,0.0,0.0,0.0,0.0,0.0,0.0,0.0,0.0,0.0,0.0,0.0,0.0,0.0,0.0,0.0,0.0,0.0,0.0,0.0,0.0,0.0,0.0,0.0,0.0,0.0,0.0,0.0,0.0,0.322668191004,0.322668191004,0.580956,1
2024-03-07,0.10864566666666668,0.054626631164051594,3,0.050492,0.158881,0.19850233333333334,0.595507,0.21208933333333332,0.06387370559419059,2,3,neutral,-0.44676333333333335,0.13154643202073074,0.02156641833988889,0.31707417460317455,0.10089326404763964,3.6666666666666665,0.3710345396825397,-0.18602983333333328,0.3674637891156463,0.1790523849589043,2.4285714285714284,0.5039244455782312,0.1021651666666667,0.2731289433673469,0.20580257917643044,3.357142857142857,0.38100925850340134,0.03714456666666667,0.2744282982936508,0.15613381642974405,3.433333333333333,0.404184672718254,0.2624966666666667,50.0,0.13415139999999998,-0.036135946825396816,0.628660345280292,-0.10208257706600621,-0.8043861970787893,-0.7150044761904762,0.0,0.0,0.0,0.0,0.0,0.0,0.0,0.0,0.0,0.0,0.0,0.0,0.0,0.0,0.0,0.0,0.0,0.0,0.0,0.0,0.0,0.0,0.0,0.0,0.0,0.0,0.0,0.0,0.0,0.0,0.0,0.0,0.0,0.0,0.0,0.0,0.0,0.0,0.0,0.0,0.0,0.0,0.0,0.0,0.0,0.02156641833988889,0.06469925501966667,0.19850233333333334,2
2024-03-09,0.234316,0.07131878995047519,2,0.183886,0.284746,0.3818635,0.763727,0.151845,0.06065703390374441,1,2,bullish,0.12567033333333333,0.11648952150316685,0.089476727866,0.29945688888888883,0.06297271055726344,2.0,0.38710727777777776,-0.052851857142857145,0.36909400340136056,0.11648952150316685,2.4285714285714284,0.4834883741496599,0.011411499999999991,0.2707320683673469,0.1727470807815182,3.2142857142857144,0.3841328656462585,-0.03355624999999998,0.2706815649603175,0.15281336202461457,3.4,0.40418183382936507,-0.11240200000000003,50.0,-0.29679900000000004,-0.0700543496031746,0.6147229823322778,-0.08420081411799207,1.1566989939773635,0.5724336666666667,0.0,0.0,0.0,0.0,0.0,0.0,0.0,0.0,0.0,0.0,0.0,0.0,0.0,0.0,0.0,0.0,0.0,0.0,0.0,0.0,0.0,0.0,0.0,0.0,0.0,0.0,0.0,0.0,0.0,0.0,0.0,0.0,0.0,0.0,0.0,0.0,0.0,0.0,0.0,0.0,0.0,0.0,0.0,0.0,0.0,0.089476727866,0.178953455732,0.3818635,1
2024-03-10,0.149776,0.0,1,0.149776,0.149776,0.134968,0.134968,0.281839,0.0,1,1,neutral,-0.08454,0.09103510601525146,0.020214967168,0.1642458888888888,0.06297271055726344,2.0,0.23844461111111107,-0.405633,0.3069784319727891,0.11648952150316685,2.4285714285714284,0.38660308843537416,-0.434809,0.26647952551020404,0.18226385009685042,2.9285714285714284,0.3813705085034013,-0.05953560000000002,0.2669477982936508,0.1515567900478835,3.3333333333333335,0.3934018338293651,-0.112013,50.0,0.09854366666666663,-0.05776763664021164,0.6097833087732188,-0.08551594055893308,-0.360794824083716,-0.21021033333333333,0.0,0.0,0.0,0.0,0.0,0.0,0.0,0.0,0.0,0.0,0.0,0.0,0.0,0.0,0.0,0.0,0.0,0.0,0.0,0.0,0.0,0.0,0.0,0.0,0.0,0.0,0.0,0.0,0.0,0.0,0.0,0.0,0.0,0.0,0.0,0.0,0.0,0.0,0.0,0.0,0.0,0.0,0.0,0.0,0.0,0.020214967168,0.020214967168,0.134968,1
2024-03-11,0.22329700000000002,0.09184741595711879,4,0.091714,0.287014,0.26677425000000005,1.0670970000000002,0.34149575,0.11037324583241781,3,4,bullish,0.07352100000000003,0.0725976123572152,0.059569889702250016,0.20246299999999992,0.08158310295379705,2.3333333333333335,0.26120191666666664,0.11465133333333334,0.2647552891156463,0.11156110039395724,2.857142857142857,0.3374132670068027,-0.29556199999999994,0.25656273979591837,0.17221757963688022,3.142857142857143,0.3810275263605442,-0.138835,0.26402004829365083,0.1511774407065467,3.4,0.3795855921626984,-0.08783249999999998,50.0,0.357785,-0.013970747751322744,0.6068681141194785,-0.10852294590519279,0.49087303706868957,0.15806100000000003,0.0,0.0,0.0,0.0,0.0,0.0,0.0,0.0,0.0,0.0,0.0,0.0,0.0,0.0,0.0,0.0,0.0,0.0,0.0,0.0,0.0,0.0,0.0,0.0,0.0,0.0,0.0,0.0,0.0,0.0,0.0,0.0,0.0,0.0,0.0,0.0,0.0,0.0,0.0,0.0,0.0,0.0,0.0,0.0,0.0,0.059569889702250016,0.23827955880900006,0.26677425000000005,3
2024-03-12,0.12250533333333331,0.19536938131993287,3,-0.091436,0.291452,0.45119133333333333,1.353574,0.194869,0.20560747727405246,3,3,neutral,-0.10079166666666671,0.1032905545978946,0.0552733446871111,0.16519277777777772,0.14360839863852587,2.6666666666666665,0.28431119444444447,-0.11181066666666668,0.24015955102040817,0.11206442306456119,3.0,0.3354143860544218,-0.17217016666666668,0.2574890969387755,0.1815073551868328,2.9285714285714284,0.3891003120748299,0.01296899999999998,0.2566547927380952,0.15338703773721601,3.466666666666667,0.3765406699404762,-0.22095766666666672,50.0,0.24429266666666666,0.05373661203703703,0.5960404116881117,-0.1240711101404926,-0.45137940351490036,-0.17431266666666673,0.0,0.0,0.0,0.0,0.0,0.0,0.0,0.0,0.0,0.0,0.0,0.0,0.0,0.0,0.0,0.0,0.0,0.0,0.0,0.0,0.0,0.0,0.0,0.0,0.0,0.0,0.0,0.0,0.0,0.0,0.0,0.0,0.0,0.0,0.0,0.0,0.0,0.0,0.0,0.0,0.0,0.0,0.0,0.0,0.0,0.0552733446871111,0.1658200340613333,0.45119133333333333,3
2024-03-13,0.23501933333333333,0.1500857365052833,3,0.061958,0.329491,0.2904896666666667,0.871469,0.25567366666666663,0.053403710005329515,2,3,bullish,0.11251400000000002,0.12715533093320253,0.06827068780022223,0.19360722222222213,0.14576751126077836,3.3333333333333335,0.33615174999999997,0.08524333333333334,0.23270976190476192,0.11264959097937235,2.4285714285714284,0.32924929761904764,-0.05214852380952381,0.26234626360544216,0.17836519331867784,3.0714285714285716,0.4055685025510204,0.06800033333333333,0.26231100384920636,0.15322983291664782,3.533333333333333,0.38345342549603173,0.16968633333333333,50.0,0.35208210000000006,0.15286962314814814,0.6048800677855867,-0.11885807040463434,0.9184416460779943,0.21330566666666673,0.0,0.0,0.0,0.0,0.0,0.0,0.0,0.0,0.0,0.0,0.0,0.0,0.0,0.0,0.0,0.0,0.0,0.0,0.0,0.0,0.0,0.0,0.0,0.0,0.0,0.0,0.0,0.0,0.0,0.0,0.0,0.0,0.0,0.0,0.0,0.0,0.0,0.0,0.0,0.0,0.0,0.0,0.0,0.0,0.0,0.06827068780022223,0.2048120634006667,0.2904896666666667,2
2024-03-14,0.1923475,0.2720204431885589,2,0.0,0.384695,0.5756865,1.151373,0.11107049999999999,0.18088286437498716,2,2,bullish,-0.042671833333333326,0.17733074424272346,0.11073185905875,0.18329072222222212,0.20582518700459174,2.6666666666666665,0.4391225,-0.03094950000000002,0.18084383333333331,0.13921139968090343,2.5714285714285716,0.328496511904762,-0.36306150000000004,0.26685629931972793,0.18641288881287602,2.7142857142857144,0.4333646096938776,0.06314050000000002,0.26178658718253967,0.16177178825409314,3.5,0.3825996754960317,-0.015732499999999955,50.0,-0.04921199999999998,0.11937655370370368,0.6251768871917966,-0.12707024981084425,-0.18156733204927822,-0.15518583333333336,0.0,0.0,0.0,0.0,0.0,0.0,0.0,0.0,0.0,0.0,0.0,0.0,0.0,0.0,0.0,0.0,0.0,0.0,0.0,0.0,0.0,0.0,0.0,0.0,0.0,0.0,0.0,0.0,0.0,0.0,0.0,0.0,0.0,0.0,0.0,0.0,0.0,0.0,0.0,0.0,0.0,0.0,0.0,0.0,0.0,0.11073185905875,0.2214637181175,0.5756865,2
2024-03-15,0.096482,0.09358416827647718,2,0.030308,0.162656,0.3731805,0.746361,0.2697065,0.054896234957417626,2,2,neutral,-0.0958655,0.1605814290494742,0.036005201001,0.1746162777777777,0.1718967826567732,2.3333333333333335,0.41311888888888887,-0.026023333333333315,0.17910616666666668,0.14570432253297436,2.4285714285714284,0.35345053571428575,-0.012163666666666684,0.27328497789115647,0.15904354750334632,2.4285714285714284,0.42868749064625844,0.09000150000000001,0.24750918718253967,0.1586723509823833,3.533333333333333,0.3711715921626984,-0.42832200000000004,50.0,-0.38971300000000003,0.05493200925925926,0.5772882165163383,-0.0963206041353859,-0.49839743173163154,-0.05319366666666668,0.0,0.0,0.0,0.0,0.0,0.0,0.0,0.0,0.0,0.0,0.0,0.0,0.0,0.0,0.0,0.0,0.0,0.0,0.0,0.0,0.0,0.0,0.0,0.0,0.0,0.0,0.0,0.0,0.0,0.0,0.0,0.0,0.0,0.0,0.0,0.0,0.0,0.0,0.0,0.0,0.0,0.0,0.0,0.0,0.0,0.036005201001,0.072010402002,0.3731805,2
2024-03-17,0.350424,0.0,1,0.350424,0.350424,0.357865,0.357865,0.313791,0.0,1,1,bullish,0.253942,0.17776493232256307,0.12540448476,0.21308449999999993,0.1828023057325181,1.6666666666666667,0.43557733333333326,0.11540466666666668,0.19569302380952383,0.1605814290494742,2.2857142857142856,0.35002217857142853,0.11610800000000002,0.2823935136054422,0.14098502569555982,2.357142857142857,0.41675527636054427,0.1275195,0.2467399982936508,0.16429938080399575,3.466666666666667,0.3683954810515873,-0.023075666666666605,50.0,-0.306535,0.016066203703703694,0.5953883409631184,-0.10030948858216598,2.6320142617275764,0.3498075,0.0,0.0,0.0,0.0,0.0,0.0,0.0,0.0,0.0,0.0,0.0,0.0,0.0,0.0,0.0,0.0,0.0,0.0,0.0,0.0,0.0,0.0,0.0,0.0,0.0,0.0,0.0,0.0,0.0,0.0,0.0,0.0,0.0,0.0,0.0,0.0,0.0,0.0,0.0,0.0,0.0,0.0,0.0,0.0,0.0,0.12540448476,0.12540448476,0.357865,1
2024-03-18,0.22276933333333335,0.20446381044657594,3,-0.007492,0.383069,0.39418800000000004,1.1825640000000002,0.23786100000000002,0.01866853478449769,3,3,bullish,-0.12765466666666667,0.18003853960422384,0.08781299796800002,0.22322511111111107,0.1490239893615266,2.0,0.37507783333333333,0.030421833333333342,0.20612064285714285,0.16789515928232449,2.5714285714285716,0.38705360714285714,0.07299333333333335,0.25654953741496594,0.14733290417066142,2.5,0.3868283477891156,-0.36181566666666665,0.24221355607142858,0.16506852087881946,3.4,0.3616336610515873,-0.13579326666666666,50.0,0.18784350000000002,0.022031992592592586,0.5927829723526786,-0.11164038663839293,-0.3642863122008386,-0.3815966666666667,0.0,0.0,0.0,0.0,0.0,0.0,0.0,0.0,0.0,0.0,0.0,0.0,0.0,0.0,0.0,0.0,0.0,0.0,0.0,0.0,0.0,0.0,0.0,0.0,0.0,0.0,0.0,0.0,0.0,0.0,0.0,0.0,0.0,0.0,0.0,0.0,0.0,0.0,0.0,0.0,0.0,0.0,0.0,0.0,0.0,0.08781299796800002,0.26343899390400005,0.39418800000000004,3
2024-03-19,0.4243625,0.06446480392043398,2,0.378779,0.469946,0.49644449999999996,0.9928889999999999,0.3264835,0.04636145610849598,2,2,bullish,0.20159316666666663,0.1586333064580115,0.21067242913124998,0.3325186111111111,0.134464307183505,2.0,0.4161658333333333,0.32788049999999996,0.2348442857142857,0.1633313906095437,2.2857142857142856,0.41986364285714284,0.20106549999999995,0.24979978741496597,0.13979944051154986,2.5714285714285716,0.37863845493197273,-0.09449649999999998,0.25056922273809523,0.1675270974852536,3.4,0.3729202610515873,0.25066999999999995,50.0,0.09909614285714285,0.0660203417989418,0.6017676239074511,-0.08914242152649876,0.9049412845574194,0.3292478333333333,0.0,0.0,0.0,0.0,0.0,0.0,0.0,0.0,0.0,0.0,0.0,0.0,0.0,0.0,0.0,0.0,0.0,0.0,0.0,0.0,0.0,0.0,0.0,0.0,0.0,0.0,0.0,0.0,0.0,0.0,0.0,0.0,0.0,0.0,0.0,0.0,0.0,0.0,0.0,0.0,0.0,0.0,0.0,0.0,0.0,0.21067242913124998,0.42134485826249995,0.49644449999999996,2
2024-03-20,0.26909066666666664,0.13173613954543126,3,0.117091,0.350237,0.5481263333333334,1.644379,0.20739633333333332,0.07901515027090268,3,3,bullish,-0.15527183333333333,0.12356223054722959,0.14749568045422223,0.3054074999999999,0.13355491797081376,2.6666666666666665,0.4795862777777778,-0.08133333333333337,0.25578504761904763,0.1527258503137934,2.2857142857142856,0.43371149999999997,0.14658533333333335,0.2479722993197279,0.13424338338232422,2.642857142857143,0.38456294302721095,-0.025584833333333334,0.25304317829365075,0.16590023576071622,3.466666666666667,0.38808150549603176,0.07421866666666666,50.0,-0.460916625,0.0038580871693121668,0.6014056909990437,-0.07857332195142458,-0.36589433169361885,-0.356865,0.0,0.0,0.0,0.0,0.0,0.0,0.0,0.0,0.0,0.0,0.0,0.0,0.0,0.0,0.0,0.0,0.0,0.0,0.0,0.0,0.0,0.0,0.0,0.0,0.0,0.0,0.0,0.0,0.0,0.0,0.0,0.0,0.0,0.0,0.0,0.0,0.0,0.0,0.0,0.0,0.0,0.0,0.0,0.0,0.0,0.14749568045422223,0.4424870413626667,0.5481263333333334,3
2024-03-21,0.25108600000000003,0.09599398818676096,2,0.183208,0.318964,0.2922845,0.584569,0.286879,0.02765918885289302,2,2,bullish,-0.018004666666666613,0.12416468552480053,0.07338854596700001,0.31484638888888883,0.09739831055087544,2.3333333333333335,0.44561844444444443,0.028316666666666684,0.2580802857142857,0.14371055892737303,2.142857142857143,0.4339679047619048,0.0160666666666667,0.2453950238095238,0.12959193713282724,2.2857142857142856,0.3816086011904762,-0.03608185714285711,0.25433524496031745,0.1617858385307303,3.466666666666667,0.3794071221626984,0.038762000000000046,50.0,-0.037144566666666684,-0.0400229757936508,0.5947597076577348,-0.05973943861011577,-0.06690929451287775,0.13726716666666672,0.0,0.0,0.0,0.0,0.0,0.0,0.0,0.0,0.0,0.0,0.0,0.0,0.0,0.0,0.0,0.0,0.0,0.0,0.0,0.0,0.0,0.0,0.0,0.0,0.0,0.0,0.0,0.0,0.0,0.0,0.0,0.0,0.0,0.0,0.0,0.0,0.0,0.0,0.0,0.0,0.0,0.0,0.0,0.0,0.0,0.07338854596700001,0.14677709193400001,0.2922845,2
2024-03-22,0.155212,0.0,1,0.155212,0.155212,0.050044,0.050044,0.38528,0.0,1,1,bullish,-0.09587400000000004,0.12416468552480053,0.007767429327999999,0.22512955555555547,0.11386506386609618,2.0,0.2968182777777778,-0.26915049999999996,0.2527752142857143,0.11804858207513587,2.0,0.3588761190476191,-0.037135500000000016,0.21680952380952379,0.12959193713282724,2.2857142857142856,0.3436863154761905,-0.400197,0.24342501162698413,0.16822568649855413,3.433333333333333,0.36039282216269847,-0.327307,50.0,0.03355624999999998,-0.06343813320105822,0.5731030262570475,-0.02320960720942844,-0.3818372987741253,-0.07786933333333343,0.0,0.0,0.0,0.0,0.0,0.0,0.0,0.0,0.0,0.0,0.0,0.0,0.0,0.0,0.0,0.0,0.0,0.0,0.0,0.0,0.0,0.0,0.0,0.0,0.0,0.0,0.0,0.0,0.0,0.0,0.0,0.0,0.0,0.0,0.0,0.0,0.0,0.0,0.0,0.0,0.0,0.0,0.0,0.0,0.0,0.007767429327999999,0.007767429327999999,0.050044,1
2024-03-24,0.043078,0.0,1,0.043078,0.043078,0.067536,0.067536,0.351336,0.0,1,1,neutral,-0.11213399999999998,0.0973983105508754,0.002909315808,0.14979199999999993,0.09599398818676096,1.3333333333333333,0.13662149999999995,-0.22601266666666664,0.24514607142857142,0.12416468552480053,1.8571428571428572,0.3152126190476191,-0.053404,0.21212611904761905,0.13708846772970482,2.142857142857143,0.3343315773809524,-0.06556766666666669,0.2319854782936508,0.16822568649855413,3.433333333333333,0.3474791888293651,-0.343186,50.0,0.05953560000000002,-0.09594329986772489,0.5375744573483081,-0.005663688300689029,-0.7224570265185681,-0.01625999999999994,0.0,0.0,0.0,0.0,0.0,0.0,0.0,0.0,0.0,0.0,0.0,0.0,0.0,0.0,0.0,0.0,0.0,0.0,0.0,0.0,0.0,0.0,0.0,0.0,0.0,0.0,0.0,0.0,0.0,0.0,0.0,0.0,0.0,0.0,0.0,0.0,0.0,0.0,0.0,0.0,0.0,0.0,0.0,0.0,0.0,0.002909315808,0.002909315808,0.067536,1
2024-03-25,0.095618,0.14980765962727005,3,-0.050869,0.248539,0.2673763333333333,0.802129,0.228136,0.06383829110338089,2,3,neutral,0.052539999999999996,0.12584592911982076,0.025565990240666664,0.09796933333333324,0.14980765962727005,1.6666666666666667,0.12831877777777773,-0.15546800000000005,0.20874521428571427,0.12929328034529444,2.142857142857143,0.3022856666666667,-0.25480600000000003,0.20221911904761902,0.1449373546973843,2.2142857142857144,0.32615392261904763,-0.138698,0.2320229991269841,0.1688168808027277,3.0,0.34790241452380954,0.0011256249999999912,50.0,0.138835,-0.07504918875661376,0.5151258392361682,-0.032111770188549105,1.2196480802265657,0.164674,0.0,0.0,0.0,0.0,0.0,0.0,0.0,0.0,0.0,0.0,0.0,0.0,0.0,0.0,0.0,0.0,0.0,0.0,0.0,0.0,0.0,0.0,0.0,0.0,0.0,0.0,0.0,0.0,0.0,0.0,0.0,0.0,0.0,0.0,0.0,0.0,0.0,0.0,0.0,0.0,0.0,0.0,0.0,0.0,0.0,0.025565990240666664,0.07669797072199999,0.2673763333333333,2
2024-03-26,0.3551297142857143,0.184178102482999,7,0.007966,0.549952,0.617887,4.325209,0.26386,0.0726948916958177,5,7,bullish,0.25951171428571435,0.14332658343234336,0.21943003377085715,0.16460857142857135,0.1669928810551346,3.6666666666666665,0.3175997777777777,0.19991771428571434,0.22765384013605441,0.12523613875257905,2.7142857142857144,0.33424266666666663,0.13236038095238098,0.21688724149659863,0.14850469540516745,2.642857142857143,0.36064813690476194,0.20535371428571433,0.24147728626984127,0.16938541199977103,2.9,0.36333450119047617,0.2836286142857143,50.0,-0.012968999999999953,-0.03318874431216932,0.5132552016340298,-0.046614061157839365,2.714046667841979,0.20697171428571434,0.0,0.0,0.0,0.0,0.0,0.0,0.0,0.0,0.0,0.0,0.0,0.0,0.0,0.0,0.0,0.0,0.0,0.0,0.0,0.0,0.0,0.0,0.0,0.0,0.0,0.0,0.0,0.0,0.0,0.0,0.0,0.0,0.0,0.0,0.0,0.0,0.0,0.0,0.0,0.0,0.0,0.0,0.0,0.0,0.0,0.21943003377085715,1.536010236396,0.617887,5
2024-03-27,0.213028,0.1506288515026255,7,-0.014232,0.443801,0.49276142857142863,3.4493300000000002,0.2284772857142857,0.09437042801590316,3,7,bullish,-0.14210171428571433,0.16153820453763154,0.10497198160571429,0.2212585714285714,0.16153820453763157,5.666666666666667,0.4593415873015873,0.16995,0.19746319727891157,0.14246894826901738,3.4285714285714284,0.3337165136054422,-0.21133449999999998,0.21615374149659863,0.1538484622729408,2.857142857142857,0.37679007823129257,-0.010269000000000028,0.2396491446031746,0.15899543942824437,3.0,0.36848878214285713,-0.05484424999999998,50.0,-0.06800033333333333,-0.006684892460317467,0.5035429711054582,-0.045066580629267716,-0.40014031090450664,-0.4016134285714287,0.0,0.0,0.0,0.0,0.0,0.0,0.0,0.0,0.0,0.0,0.0,0.0,0.0,0.0,0.0,0.0,0.0,0.0,0.0,0.0,0.0,0.0,0.0,0.0,0.0,0.0,0.0,0.0,0.0,0.0,0.0,0.0,0.0,0.0,0.0,0.0,0.0,0.0,0.0,0.0,0.0,0.0,0.0,0.0,0.0,0.10497198160571429,0.73480387124,0.49276142857142863,3
2024-03-28,0.14716025,0.11657192880041921,4,0.054609,0.310028,0.24955025,0.998201,0.219123,0.04297570567192586,2,4,neutral,-0.06586775,0.15029663560332845,0.0367238771775625,0.23843932142857138,0.15045962759534795,6.0,0.45339955952380945,0.05154225,0.1800445663265306,0.13943610612001495,3.5714285714285716,0.29106278741496594,-0.12193041666666665,0.21791480697278914,0.14668505749843955,2.9285714285714284,0.362387143707483,0.02465491666666668,0.23757743293650793,0.15994586812069955,2.966666666666667,0.37101909047619047,-0.06215135000000002,50.0,-0.06314050000000002,-0.03457200357142858,0.4924641949975408,-0.04798856523563608,-0.30919761721463845,0.07623396428571433,0.0,0.0,0.0,0.0,0.0,0.0,0.0,0.0,0.0,0.0,0.0,0.0,0.0,0.0,0.0,0.0,0.0,0.0,0.0,0.0,0.0,0.0,0.0,0.0,0.0,0.0,0.0,0.0,0.0,0.0,0.0,0.0,0.0,0.0,0.0,0.0,0.0,0.0,0.0,0.0,0.0,0.0,0.0,0.0,0.0,0.0367238771775625,0.14689550871025,0.24955025,2
2024-03-29,0.305715,0.11169458715622707,2,0.226735,0.384695,0.626818,1.253636,0.3027855,0.09024308873537078,2,2,bullish,0.15855475000000002,0.14257622591390817,0.19162766487,0.2219677499999999,0.12629845581975732,4.333333333333333,0.45637655952380946,-0.04941471428571431,0.1878487091836735,0.14257622591390817,3.5714285714285716,0.33885328741496595,0.05462899999999998,0.2229644974489796,0.14319495301216173,2.857142857142857,0.38641059608843537,0.07069566666666668,0.23569686626984127,0.15775262807685986,3.0,0.3828604904761905,-0.056416999999999995,50.0,-0.09000150000000001,-0.055582852777777796,0.4770521696347825,-0.057545939872877705,1.0774291970827723,0.22442250000000002,0.0,0.0,0.0,0.0,0.0,0.0,0.0,0.0,0.0,0.0,0.0,0.0,0.0,0.0,0.0,0.0,0.0,0.0,0.0,0.0,0.0,0.0,0.0,0.0,0.0,0.0,0.0,0.0,0.0,0.0,0.0,0.0,0.0,0.0,0.0,0.0,0.0,0.0,0.0,0.0,0.0,0.0,0.0,0.0,0.0,0.19162766487,0.38325532974,0.626818,2
2024-03-30,0.22088950000000002,0.07173810427171881,2,0.170163,0.271616,0.4950645,0.990129,0.2074545,0.04865531050666513,1,2,bullish,-0.0848255,0.1269623148427979,0.10935454987275,0.22458824999999993,0.10000154007612173,2.6666666666666665,0.45714425,0.007861500000000021,0.19723120918367346,0.13076987230687662,3.7142857142857144,0.40242764455782315,0.06567750000000003,0.22500321173469387,0.12498746765608537,2.857142857142857,0.380651881802721,0.028542000000000012,0.23940863849206348,0.15593338729964892,2.8666666666666667,0.38809022936507936,0.11135316666666668,50.0,-0.1275195,-0.018538727777777788,0.4848032954399075,-0.05407268234466947,-0.27746594050013895,-0.24338025000000002,0.0,0.0,0.0,0.0,0.0,0.0,0.0,0.0,0.0,0.0,0.0,0.0,0.0,0.0,0.0,0.0,0.0,0.0,0.0,0.0,0.0,0.0,0.0,0.0,0.0,0.0,0.0,0.0,0.0,0.0,0.0,0.0,0.0,0.0,0.0,0.0,0.0,0.0,0.0,0.0,0.0,0.0,0.0,0.0,0.0,0.10935454987275,0.2187090997455,0.4950645,1
2024-03-31,0.321191,0.1735203516622762,3,0.147007,0.49404,0.3783106666666667,1.134932,0.37008833333333335,0.057112346872925206,1,3,bullish,0.10030149999999999,0.12483076467865335,0.12150998133733334,0.2825984999999999,0.11898434769674072,2.3333333333333335,0.5000643888888888,0.17403075,0.23696163775510204,0.13687708364336226,4.0,0.4468240255102041,0.278113,0.24105385459183676,0.13225439341843073,2.9285714285714284,0.3810183222789116,0.224709,0.24454770515873017,0.156698037924111,2.933333333333333,0.39870275158730156,0.154172,50.0,0.36181566666666665,0.025790187037037025,0.5019222406538827,-0.06250412755864457,0.45407998116705395,0.18512699999999999,0.0,0.0,0.0,0.0,0.0,0.0,0.0,0.0,0.0,0.0,0.0,0.0,0.0,0.0,0.0,0.0,0.0,0.0,0.0,0.0,0.0,0.0,0.0,0.0,0.0,0.0,0.0,0.0,0.0,0.0,0.0,0.0,0.0,0.0,0.0,0.0,0.0,0.0,0.0,0.0,0.0,0.0,0.0,0.0,0.0,0.12150998133733334,0.364529944012,0.3783106666666667,1
2024-04-01,0.2311685,0.16025231692708847,2,0.117853,0.344484,0.4495205,0.899041,0.21049800000000002,0.16842576421082375,2,2,bullish,-0.0900225,0.12675545776354596,0.10391497970425,0.2577496666666666,0.1351702576203612,2.3333333333333335,0.44096522222222223,-0.07454650000000002,0.25632599489795915,0.1383691775433363,3.857142857142857,0.4728446207482993,0.13555050000000002,0.23253560459183675,0.13458755371081887,3.0,0.387565143707483,-0.11925550000000001,0.2479464218253968,0.155337552214568,2.7666666666666666,0.4074687349206349,0.10196150000000001,50.0,0.09449649999999998,0.032561325925925914,0.5082443038743483,-0.06068694077911013,-0.2802771559601608,-0.190324,0.0,0.0,0.0,0.0,0.0,0.0,0.0,0.0,0.0,0.0,0.0,0.0,0.0,0.0,0.0,0.0,0.0,0.0,0.0,0.0,0.0,0.0,0.0,0.0,0.0,0.0,0.0,0.0,0.0,0.0,0.0,0.0,0.0,0.0,0.0,0.0,0.0,0.0,0.0,0.0,0.0,0.0,0.0,0.0,0.0,0.10391497970425,0.2078299594085,0.4495205,2
2024-04-02,0.27466775,0.09785909753100797,4,0.163632,0.399313,0.36260424999999996,1.4504169999999998,0.23503749999999998,0.057097049278691546,3,4,bullish,0.04349924999999999,0.12301289150966369,0.09959569348793748,0.27567574999999994,0.14387725537345758,3.0,0.39681180555555545,0.05377824999999997,0.24483142857142856,0.1260378911216233,3.4285714285714284,0.436375656462585,-0.08046196428571434,0.23624263435374152,0.12570382763452154,3.0714285714285716,0.3853091615646259,0.05189841666666664,0.2568859968253968,0.14362370509105643,2.7,0.40493353769841267,0.26818725,50.0,0.025584833333333334,0.028789018518518505,0.5115200980300998,-0.05882565993486172,0.18817118249242437,0.13352175,0.0,0.0,0.0,0.0,0.0,0.0,0.0,0.0,0.0,0.0,0.0,0.0,0.0,0.0,0.0,0.0,0.0,0.0,0.0,0.0,0.0,0.0,0.0,0.0,0.0,0.0,0.0,0.0,0.0,0.0,0.0,0.0,0.0,0.0,0.0,0.0,0.0,0.0,0.0,0.0,0.0,0.0,0.0,0.0,0.0,0.09959569348793748,0.3983827739517499,0.36260424999999996,3
2024-04-03,0.11854833333333333,0.25983581295015257,6,-0.293816,0.436932,0.2815505,1.689303,0.1530001666666667,0.22471685180904136,3,6,neutral,-0.15611941666666668,0.1526411366684488,0.03337734252416666,0.2081281944444444,0.17264907580274969,4.0,0.3645584166666666,-0.2026426666666667,0.23133433333333334,0.14163888561412716,3.2857142857142856,0.4062026666666667,-0.09447966666666667,0.21439876530612248,0.14198474505366476,3.357142857142857,0.36995959013605445,-0.30581416666666666,0.25340745793650793,0.14093959940308806,2.8333333333333335,0.39682135436507937,-0.10435616666666668,50.0,0.03608185714285711,0.01737200264550263,0.5189065341042433,-0.06660779600900524,-0.5683936926219648,-0.19961866666666667,0.0,0.0,0.0,0.0,0.0,0.0,0.0,0.0,0.0,0.0,0.0,0.0,0.0,0.0,0.0,0.0,0.0,0.0,0.0,0.0,0.0,0.0,0.0,0.0,0.0,0.0,0.0,0.0,0.0,0.0,0.0,0.0,0.0,0.0,0.0,0.0,0.0,0.0,0.0,0.0,0.0,0.0,0.0,0.0,0.0,0.03337734252416666,0.20026405514499995,0.2815505,3
2024-04-04,0.13495083333333333,0.40261501646680625,6,-0.601535,0.529188,0.6165441666666667,3.699265,0.137581,0.2825697143297562,3,6,neutral,0.0164025,0.2188165191074663,0.08320314907847222,0.17605563888888884,0.253436642315989,5.333333333333333,0.42023297222222217,-0.09621766666666667,0.22959013095238096,0.18250218385218248,3.5714285714285716,0.45863036904761906,-0.012209416666666667,0.2048173486394558,0.16455798479711267,3.5714285714285716,0.3748465782312925,-0.13413983333333332,0.23841965238095236,0.15184274178074297,3.0,0.3902673265873016,-0.44963416666666667,50.0,0.400197,0.06327933597883596,0.5436124361585402,-0.10132054806330204,0.13836128723867902,0.17252191666666666,0.0,0.0,0.0,0.0,0.0,0.0,0.0,0.0,0.0,0.0,0.0,0.0,0.0,0.0,0.0,0.0,0.0,0.0,0.0,0.0,0.0,0.0,0.0,0.0,0.0,0.0,0.0,0.0,0.0,0.0,0.0,0.0,0.0,0.0,0.0,0.0,0.0,0.0,0.0,0.0,0.0,0.0,0.0,0.0,0.0,0.08320314907847222,0.49921889447083334,0.6165441666666667,3
2024-04-05,0.2860861428571429,0.28845408135982903,7,-0.096038,0.769163,0.3697398571428572,2.5881790000000002,0.25326857142857145,0.23886255305430162,4,7,bullish,0.15113530952380957,0.24180326504697686,0.10577744959055105,0.17986176984126978,0.31696830359226263,6.333333333333333,0.42261150793650787,0.011418392857142912,0.2267860085034014,0.20775354016698278,4.285714285714286,0.4219049200680272,-0.019628857142857115,0.20731735884353739,0.18059632589486838,3.9285714285714284,0.38037910374149664,0.03500014285714287,0.23066055714285713,0.15730719536390642,3.2,0.3822218884920635,-0.23277285714285706,50.0,0.06556766666666669,0.07812022486772485,0.5502327374980174,-0.09856698511706491,1.1199286865498639,0.13473280952380956,0.0,0.0,0.0,0.0,0.0,0.0,0.0,0.0,0.0,0.0,0.0,0.0,0.0,0.0,0.0,0.0,0.0,0.0,0.0,0.0,0.0,0.0,0.0,0.0,0.0,0.0,0.0,0.0,0.0,0.0,0.0,0.0,0.0,0.0,0.0,0.0,0.0,0.0,0.0,0.0,0.0,0.0,0.0,0.0,0.0,0.10577744959055105,0.7404421471338574,0.3697398571428572,4
2024-04-06,0.021436,0.0,1,0.021436,0.021436,0.075635,0.075635,0.081187,0.0,1,1,neutral,-0.2646501428571429,0.26219100207694895,0.0016213118599999999,0.147490992063492,0.3455345489133177,4.666666666666667,0.3539730079365078,-0.09711233333333333,0.19829265136054422,0.23042277948286008,4.142857142857143,0.3619864200680272,-0.1994535,0.19776193027210884,0.18059632589486838,3.9285714285714284,0.38220703231292513,-0.13377599999999998,0.2215525738095238,0.15582612983878116,3.1666666666666665,0.3692369384920635,-0.27323949999999997,50.0,0.138698,0.10054672486772485,0.555057407795179,-0.11089625541422657,-0.9250715194174781,-0.41578545238095244,0.0,0.0,0.0,0.0,0.0,0.0,0.0,0.0,0.0,0.0,0.0,0.0,0.0,0.0,0.0,0.0,0.0,0.0,0.0,0.0,0.0,0.0,0.0,0.0,0.0,0.0,0.0,0.0,0.0,0.0,0.0,0.0,0.0,0.0,0.0,0.0,0.0,0.0,0.0,0.0,0.0,0.0,0.0,0.0,0.0,0.0016213118599999999,0.0016213118599999999,0.075635,1
2024-04-07,0.455846,0.17166148484153337,2,0.334463,0.577229,0.5052220000000001,1.0104440000000001,0.3583405,0.030773994224019757,1,2,bullish,0.43440999999999996,0.2806415989045803,0.23030342781200003,0.25445604761904755,0.23005778310068126,3.3333333333333335,0.316865619047619,0.3208951666666666,0.21752907993197276,0.23011296834606965,4.0,0.38011661054421764,0.13465499999999997,0.22724535884353744,0.17990903042922718,4.0,0.4134703180272109,0.41276799999999997,0.22717517857142858,0.1568470293350439,3.0,0.37495616230158735,0.16867814285714283,50.0,-0.2053537142857143,0.08772981216931214,0.5609371041527298,-0.10623375177177741,20.265441313677922,0.6990601428571428,0.0,0.0,0.0,0.0,0.0,0.0,0.0,0.0,0.0,0.0,0.0,0.0,0.0,0.0,0.0,0.0,0.0,0.0,0.0,0.0,0.0,0.0,0.0,0.0,0.0,0.0,0.0,0.0,0.0,0.0,0.0,0.0,0.0,0.0,0.0,0.0,0.0,0.0,0.0,0.0,0.0,0.0,0.0,0.0,0.0,0.23030342781200003,0.46060685562400006,0.5052220000000001,1
2024-04-08,0.158311,0.0,1,0.158311,0.158311,0.484798,0.484798,0.228397,0.0,1,1,bullish,-0.297535,0.28757686088938955,0.07674885617800001,0.21186433333333324,0.17166148484153337,1.3333333333333333,0.35521833333333325,-0.1277751428571429,0.2071208656462585,0.24408509862986585,3.857142857142857,0.38515625340136056,-0.07285749999999999,0.23172343027210887,0.18241747799605693,3.857142857142857,0.42900043707483,0.06269300000000001,0.2139385785714286,0.1568470293350439,3.0,0.37175089563492064,-0.39709800000000006,50.0,0.010269000000000028,0.1030396455026455,0.5530053004278821,-0.10474778138026292,-0.6527094676710994,-0.731945,0.0,0.0,0.0,0.0,0.0,0.0,0.0,0.0,0.0,0.0,0.0,0.0,0.0,0.0,0.0,0.0,0.0,0.0,0.0,0.0,0.0,0.0,0.0,0.0,0.0,0.0,0.0,0.0,0.0,0.0,0.0,0.0,0.0,0.0,0.0,0.0,0.0,0.0,0.0,0.0,0.0,0.0,0.0,0.0,0.0,0.07674885617800001,0.07674885617800001,0.484798,1
2024-04-09,0.357579,0.21941858891625385,5,0.129494,0.604981,0.41151980000000005,2.057599,0.3091088,0.0737292664631895,3,5,bullish,0.19926799999999997,0.22651138503920543,0.1471508385642,0.3239119999999999,0.19554003687889365,2.6666666666666665,0.4671799333333333,0.33614299999999997,0.21896532993197276,0.268396996906915,4.0,0.3921441891156463,0.08291124999999999,0.23189837925170068,0.18535418519882818,3.7142857142857144,0.41425992278911566,0.002449285714285654,0.22223635634920635,0.16371336090805233,3.066666666666667,0.3788514778571429,0.24893333333333328,50.0,-0.024654916666666693,0.06009846957671957,0.5690353485523594,-0.12745617950474036,1.2587122815218144,0.496803,0.0,0.0,0.0,0.0,0.0,0.0,0.0,0.0,0.0,0.0,0.0,0.0,0.0,0.0,0.0,0.0,0.0,0.0,0.0,0.0,0.0,0.0,0.0,0.0,0.0,0.0,0.0,0.0,0.0,0.0,0.0,0.0,0.0,0.0,0.0,0.0,0.0,0.0,0.0,0.0,0.0,0.0,0.0,0.0,0.0,0.1471508385642,0.735754192821,0.41151980000000005,3
2024-04-10,0.21708166666666665,0.04518810978933876,3,0.181952,0.268059,0.254894,0.764682,0.291987,0.08176219732859434,2,3,bullish,-0.14049733333333334,0.145422727849042,0.05533281434333333,0.24432388888888878,0.13230334935279636,3.0,0.3837372666666666,-0.23876433333333333,0.23304152040816328,0.22546745627475223,3.5714285714285716,0.3883361176870748,0.09853333333333332,0.2321879268707483,0.17656745672272092,3.4285714285714284,0.39726939217687074,0.00405366666666665,0.22166187857142858,0.16262458256800497,3.1,0.3746191611904762,-0.01723433333333335,50.0,-0.07069566666666668,0.04174378439153438,0.5556163948328479,-0.11923812578522883,-0.392912708333916,-0.3397653333333333,0.0,0.0,0.0,0.0,0.0,0.0,0.0,0.0,0.0,0.0,0.0,0.0,0.0,0.0,0.0,0.0,0.0,0.0,0.0,0.0,0.0,0.0,0.0,0.0,0.0,0.0,0.0,0.0,0.0,0.0,0.0,0.0,0.0,0.0,0.0,0.0,0.0,0.0,0.0,0.0,0.0,0.0,0.0,0.0,0.0,0.05533281434333333,0.16599844303,0.254894,2
2024-04-11,-0.0059706666666666615,0.42553873398356273,3,-0.440691,0.40975,0.3570423333333334,1.0711270000000002,0.09290566666666666,0.2706447354602216,3,3,neutral,-0.2230523333333333,0.21545172938267218,-0.002131780758222221,0.18956333333333322,0.2300484775630518,3.6666666666666665,0.3411520444444444,-0.16428166666666666,0.2129098775510204,0.23005219977810354,3.142857142857143,0.3512644272108844,-0.14092149999999998,0.2212500042517007,0.2023146904879829,3.357142857142857,0.40494739812925173,-0.15313091666666664,0.21647032301587302,0.17314114862462726,3.1666666666666665,0.382021638968254,-0.15574666666666664,50.0,-0.028542000000000012,0.03572969179894178,0.5839566547241147,-0.17328405234316244,-1.0275042418751774,-0.08255499999999996,0.0,0.0,0.0,0.0,0.0,0.0,0.0,0.0,0.0,0.0,0.0,0.0,0.0,0.0,0.0,0.0,0.0,0.0,0.0,0.0,0.0,0.0,0.0,0.0,0.0,0.0,0.0,0.0,0.0,0.0,0.0,0.0,0.0,0.0,0.0,0.0,0.0,0.0,0.0,0.0,0.0,0.0,0.0,0.0,0.0,-0.002131780758222221,-0.006395342274666663,0.3570423333333334,3
2024-04-12,0.21579500000000001,0.10316820702134936,4,0.081258,0.328446,0.41947675,1.677907,0.25864225,0.09843179608024702,2,4,bullish,0.22176566666666667,0.19832840992762618,0.09052098526625,0.14230199999999993,0.1912983502647503,3.3333333333333335,0.34380436111111107,-0.14178399999999997,0.20286828571428567,0.1929950249104076,2.7142857142857144,0.35836969761904763,-0.07029114285714289,0.21482714710884357,0.20160415881007646,3.5,0.3901373088435375,-0.08992,0.21622025634920633,0.1735939802671965,3.1666666666666665,0.38711172230158736,-0.007502000000000009,50.0,-0.224709,0.006752929894179882,0.5768514553422948,-0.16012055296134242,-37.14253014738726,0.44481799999999994,0.0,0.0,0.0,0.0,0.0,0.0,0.0,0.0,0.0,0.0,0.0,0.0,0.0,0.0,0.0,0.0,0.0,0.0,0.0,0.0,0.0,0.0,0.0,0.0,0.0,0.0,0.0,0.0,0.0,0.0,0.0,0.0,0.0,0.0,0.0,0.0,0.0,0.0,0.0,0.0,0.0,0.0,0.0,0.0,0.0,0.09052098526625,0.362083941065,0.41947675,2
2024-04-13,0.419841,0.0,1,0.419841,0.419841,0.669433,0.669433,0.212161,0.0,1,1,bullish,0.204046,0.19832840992762618,0.281055420153,0.2098884444444444,0.2643534705024561,2.6666666666666665,0.48198402777777777,0.20275933333333337,0.2597832857142857,0.1929950249104076,2.7142857142857144,0.4431979833333334,0.398405,0.22903796853741495,0.21341016376810895,3.4285714285714284,0.40259220170068033,0.1989515,0.22613144523809525,0.17268667188999917,3.1,0.39438644452380955,0.2973356666666667,50.0,0.11925550000000001,-0.02446279232804234,0.5956896053422948,-0.14128240296134242,0.9455548089622094,-0.01771966666666666,0.0,0.0,0.0,0.0,0.0,0.0,0.0,0.0,0.0,0.0,0.0,0.0,0.0,0.0,0.0,0.0,0.0,0.0,0.0,0.0,0.0,0.0,0.0,0.0,0.0,0.0,0.0,0.0,0.0,0.0,0.0,0.0,0.0,0.0,0.0,0.0,0.0,0.0,0.0,0.0,0.0,0.0,0.0,0.0,0.0,0.281055420153,0.281055420153,0.669433,1
2024-04-14,0.136039,0.09583842469489989,2,0.068271,0.203807,0.18056699999999998,0.36113399999999996,0.2310485,0.00995252794520066,1,2,neutral,-0.283802,0.16743336887228769,0.024564154112999996,0.257225,0.09950331585812469,2.3333333333333335,0.42315891666666655,0.14200966666666665,0.2140965714285714,0.17783041288108092,2.7142857142857144,0.39681869761904764,-0.31980699999999995,0.2158128256802721,0.20634817040743839,3.357142857142857,0.3884676540816327,-0.185152,0.2228321007936508,0.17042636723123317,3.066666666666667,0.3907223556349207,-0.09898033333333334,50.0,-0.05189841666666664,-0.037514579365079376,0.5913613335855453,-0.13291203120459302,-0.6759749524224647,-0.487848,0.0,0.0,0.0,0.0,0.0,0.0,0.0,0.0,0.0,0.0,0.0,0.0,0.0,0.0,0.0,0.0,0.0,0.0,0.0,0.0,0.0,0.0,0.0,0.0,0.0,0.0,0.0,0.0,0.0,0.0,0.0,0.0,0.0,0.0,0.0,0.0,0.0,0.0,0.0,0.0,0.0,0.0,0.0,0.0,0.0,0.024564154112999996,0.04912830822599999,0.18056699999999998,1
2024-04-15,0.2920284,0.1431853509556756,5,0.128779,0.488556,0.523848,2.61924,0.2676342,0.12130231938301923,3,5,bullish,0.15598940000000003,0.1919326791638719,0.1529784932832,0.28263613333333326,0.1195118878252878,2.6666666666666665,0.45794933333333326,0.0762334,0.23319905714285713,0.17205623589351338,3.2857142857142856,0.402397269047619,0.13371740000000001,0.22015996139455782,0.20479662804640084,3.5714285714285716,0.39377676122448985,0.06085990000000002,0.22615479746031747,0.16505823838819636,3.1666666666666665,0.3889944056349206,0.09968090000000002,50.0,0.30581416666666666,-0.01894611640211641,0.5833835912209864,-0.1312444202686054,1.1466520630113428,0.43979140000000005,0.0,0.0,0.0,0.0,0.0,0.0,0.0,0.0,0.0,0.0,0.0,0.0,0.0,0.0,0.0,0.0,0.0,0.0,0.0,0.0,0.0,0.0,0.0,0.0,0.0,0.0,0.0,0.0,0.0,0.0,0.0,0.0,0.0,0.0,0.0,0.0,0.0,0.0,0.0,0.0,0.0,0.0,0.0,0.0,0.0,0.1529784932832,0.7648924664160001,0.523848,3
2024-04-16,0.17638199999999998,0.09119558455045947,5,0.092845,0.326158,0.27400060000000004,1.370003,0.236662,0.09188905972965443,3,5,bullish,-0.11564640000000004,0.10834689180559608,0.0483287738292,0.20148313333333326,0.11007312006701168,4.0,0.32613853333333326,-0.24345900000000004,0.2073137714285714,0.15068573516588096,3.2857142857142856,0.38275166904761904,-0.181197,0.2131395506802721,0.20419085413907825,3.642857142857143,0.38744792908163267,-0.09828575,0.22881813079365082,0.16495871406627896,3.2666666666666666,0.385688408968254,0.07989999999999998,50.0,0.13413983333333332,0.018775388888888883,0.5745591421677902,-0.12608457121540945,-0.39601079894969127,-0.2716358000000001,0.0,0.0,0.0,0.0,0.0,0.0,0.0,0.0,0.0,0.0,0.0,0.0,0.0,0.0,0.0,0.0,0.0,0.0,0.0,0.0,0.0,0.0,0.0,0.0,0.0,0.0,0.0,0.0,0.0,0.0,0.0,0.0,0.0,0.0,0.0,0.0,0.0,0.0,0.0,0.0,0.0,0.0,0.0,0.0,0.0,0.0483287738292,0.241643869146,0.27400060000000004,3
2024-04-17,0.29110933333333333,0.13506899862465357,6,0.100554,0.459803,0.36701283333333334,2.202077,0.24704983333333333,0.0984654160087016,3,6,bullish,0.11472733333333335,0.11632208970642213,0.10684086123644444,0.25317324444444433,0.12314997804359624,5.333333333333333,0.3882871444444444,0.15507033333333334,0.21788915238095236,0.1656658833051001,3.7142857142857144,0.3987686452380953,0.07402766666666669,0.22546533639455782,0.19284841647312378,3.642857142857143,0.39355238146258503,0.17256100000000002,0.22684097523809524,0.16376312544861396,3.433333333333333,0.38599333674603176,-0.05931466666666668,50.0,-0.03500014285714287,0.013745484126984116,0.5839327221961317,-0.12106324291041731,0.6504480804919626,0.23037373333333339,0.0,0.0,0.0,0.0,0.0,0.0,0.0,0.0,0.0,0.0,0.0,0.0,0.0,0.0,0.0,0.0,0.0,0.0,0.0,0.0,0.0,0.0,0.0,0.0,0.0,0.0,0.0,0.0,0.0,0.0,0.0,0.0,0.0,0.0,0.0,0.0,0.0,0.0,0.0,0.0,0.0,0.0,0.0,0.0,0.0,0.10684086123644444,0.6410451674186667,0.36701283333333334,3
2024-04-18,0.2372515,0.14880629719762087,4,0.04798,0.363821,0.41553925,1.662157,0.21100025,0.09080532583637373,2,4,bullish,-0.05385783333333333,0.12281893120466188,0.09858731037137501,0.2349142777777777,0.12502362679091134,5.0,0.3521842277777778,-0.05477690000000002,0.2526351761904762,0.11954381050744313,3.857142857142857,0.40712534761904756,0.24322216666666666,0.2327725268707483,0.16977489653956152,3.5,0.379194887414966,0.10230066666666668,0.2273237141269841,0.16153682491865573,3.466666666666667,0.3867050450793651,0.014482166666666657,50.0,0.13377599999999998,0.0313489193121693,0.5848756307304133,-0.12885250144469895,-0.18500895425315578,-0.16858516666666667,0.0,0.0,0.0,0.0,0.0,0.0,0.0,0.0,0.0,0.0,0.0,0.0,0.0,0.0,0.0,0.0,0.0,0.0,0.0,0.0,0.0,0.0,0.0,0.0,0.0,0.0,0.0,0.0,0.0,0.0,0.0,0.0,0.0,0.0,0.0,0.0,0.0,0.0,0.0,0.0,0.0,0.0,0.0,0.0,0.0,0.09858731037137501,0.39434924148550005,0.41553925,2
2024-04-19,0.168593,0.09108167850341801,5,0.035365,0.27973,0.24113479999999998,1.205674,0.169294,0.10726147768653944,3,5,bullish,-0.06865850000000001,0.12186758196636552,0.040653639336399996,0.2323179444444444,0.1249856581085642,5.0,0.34122896111111106,-0.00778899999999999,0.24589203333333337,0.11752938908778791,4.0,0.3816479261904762,-0.04720200000000002,0.22438015952380952,0.15183195082534232,3.357142857142857,0.3700088119047619,-0.11749314285714291,0.21879806412698413,0.16260149990197512,3.566666666666667,0.37819472174603175,-0.2557695,50.0,-0.41276799999999997,-0.006659117724867732,0.5845365203459072,-0.13374304106019297,-0.2893912156509021,-0.014800666666666684,0.0,0.0,0.0,0.0,0.0,0.0,0.0,0.0,0.0,0.0,0.0,0.0,0.0,0.0,0.0,0.0,0.0,0.0,0.0,0.0,0.0,0.0,0.0,0.0,0.0,0.0,0.0,0.0,0.0,0.0,0.0,0.0,0.0,0.0,0.0,0.0,0.0,0.0,0.0,0.0,0.0,0.0,0.0,0.0,0.0,0.040653639336399996,0.20326819668199997,0.24113479999999998,3
2024-04-21,0.039720500000000006,0.17465891048698318,2,-0.083782,0.163223,0.117683,0.235366,0.204709,0.08432531208362055,2,2,neutral,-0.1288725,0.128162293872627,0.004674427601500001,0.14852166666666658,0.13818229539600738,3.6666666666666665,0.25811901666666665,-0.25138883333333334,0.19158910476190474,0.12569074928767293,4.142857142857143,0.3028264976190476,-0.38012050000000003,0.22568619523809524,0.1537341974638124,3.4285714285714284,0.3730122404761905,0.018284500000000006,0.2111523919047619,0.16431841073963718,3.533333333333333,0.36384661063492063,-0.22937016666666665,50.0,-0.06269300000000001,-0.010453673280423285,0.5705969434429317,-0.14795051415721733,-0.7644000640595991,-0.06021399999999999,0.0,0.0,0.0,0.0,0.0,0.0,0.0,0.0,0.0,0.0,0.0,0.0,0.0,0.0,0.0,0.0,0.0,0.0,0.0,0.0,0.0,0.0,0.0,0.0,0.0,0.0,0.0,0.0,0.0,0.0,0.0,0.0,0.0,0.0,0.0,0.0,0.0,0.0,0.0,0.0,0.0,0.0,0.0,0.0,0.0,0.004674427601500001,0.009348855203000002,0.117683,2
2024-04-22,0.16507877777777777,0.2199119640411691,9,-0.070885,0.608664,0.33952544444444444,3.055729,0.14883822222222223,0.18027661898370084,4,9,bullish,0.12535827777777775,0.15390556977076894,0.05604844539334568,0.12446409259259252,0.1618841843438568,5.333333333333333,0.23278108148148144,-0.07217272222222224,0.19573764444444444,0.14341554062285428,5.142857142857143,0.3255348468253968,0.029039777777777775,0.20491710793650794,0.1577550707304487,3.9285714285714284,0.3611767722222222,-0.2907672222222222,0.20828548449735448,0.1692751297738135,3.7666666666666666,0.3654213087830688,-0.08600722222222226,50.0,-0.002449285714285654,0.01424185052910053,0.5743112393452416,-0.15827378228174965,3.156009561253704,0.25423077777777775,0.0,0.0,0.0,0.0,0.0,0.0,0.0,0.0,0.0,0.0,0.0,0.0,0.0,0.0,0.0,0.0,0.0,0.0,0.0,0.0,0.0,0.0,0.0,0.0,0.0,0.0,0.0,0.0,0.0,0.0,0.0,0.0,0.0,0.0,0.0,0.0,0.0,0.0,0.0,0.0,0.0,0.0,0.0,0.0,0.0,0.05604844539334568,0.5044360085401111,0.33952544444444444,4
2024-04-23,0.21623550000000002,0.21146496924399472,12,-0.098368,0.52285,0.3661035833333333,4.393243,0.17717583333333334,0.1214960981444809,3,12,bullish,0.051156722222222256,0.16918476389463719,0.07916459139387501,0.14034492592592587,0.20201194792404906,7.666666666666667,0.27443734259259256,0.04764250000000003,0.18491008730158728,0.15316977180689986,6.142857142857143,0.30299993015873017,-0.0757929,0.2090545722222222,0.16188660138533686,4.714285714285714,0.35269859960317457,0.05792450000000002,0.21031960116402118,0.170897815907282,4.133333333333334,0.37595662822751325,0.061023500000000036,50.0,-0.00405366666666665,0.000540832010582011,0.5847550235173578,-0.17456079145386577,0.309892785195486,-0.07420155555555549,0.0,0.0,0.0,0.0,0.0,0.0,0.0,0.0,0.0,0.0,0.0,0.0,0.0,0.0,0.0,0.0,0.0,0.0,0.0,0.0,0.0,0.0,0.0,0.0,0.0,0.0,0.0,0.0,0.0,0.0,0.0,0.0,0.0,0.0,0.0,0.0,0.0,0.0,0.0,0.0,0.0,0.0,0.0,0.0,0.0,0.07916459139387501,0.9499750967265002,0.3661035833333333,3
2024-04-24,0.2172043636363636,0.18658272570325085,11,-0.11237,0.497415,0.3945160909090909,4.339677,0.24510172727272728,0.05751783929024266,5,11,bullish,0.0009688636363635872,0.17674004959576317,0.08569061647021486,0.19950621380471376,0.20598655299613824,10.666666666666666,0.3667150395622895,0.1774838636363636,0.19074185353535353,0.16679650625729864,7.0,0.3202164288600288,0.04082236363636363,0.1990278124819625,0.15936076575356742,5.142857142857143,0.3514840489538239,-0.14037463636363637,0.2161238132852333,0.1714787384923179,4.466666666666667,0.38685596459114957,0.1741263636363636,50.0,0.15313091666666664,0.023321869047619043,0.581069814768168,-0.16100997967437292,0.004480594705141394,-0.05018785858585867,0.0,0.0,0.0,0.0,0.0,0.0,0.0,0.0,0.0,0.0,0.0,0.0,0.0,0.0,0.0,0.0,0.0,0.0,0.0,0.0,0.0,0.0,0.0,0.0,0.0,0.0,0.0,0.0,0.0,0.0,0.0,0.0,0.0,0.0,0.0,0.0,0.0,0.0,0.0,0.0,0.0,0.0,0.0,0.0,0.0,0.08569061647021486,0.9425967811723635,0.3945160909090909,5
2024-04-25,0.21343299999999998,0.19608707419239374,4,0.04746,0.437052,0.39719175,1.588767,0.20731475000000002,0.0631981273845726,3,4,bullish,-0.0037713636363636283,0.1977411287335583,0.08477382677775,0.21562428787878782,0.1980449230465465,9.0,0.3859371414141413,0.048354222222222215,0.17964523448773448,0.17551337419554722,6.714285714285714,0.32452770266955266,-0.07767633333333335,0.19876719343434343,0.17096837839995624,5.214285714285714,0.3616481739538239,-0.003648666666666661,0.22005097995189998,0.17319279088361877,4.5,0.39118314514670516,0.11781499999999999,50.0,0.08992,-0.0006663716931216979,0.560696518128041,-0.1327884663675792,-0.017363203819779294,-0.0047402272727272154,0.0,0.0,0.0,0.0,0.0,0.0,0.0,0.0,0.0,0.0,0.0,0.0,0.0,0.0,0.0,0.0,0.0,0.0,0.0,0.0,0.0,0.0,0.0,0.0,0.0,0.0,0.0,0.0,0.0,0.0,0.0,0.0,0.0,0.0,0.0,0.0,0.0,0.0,0.0,0.0,0.0,0.0,0.0,0.0,0.0,0.08477382677775,0.339095307111,0.39719175,3
2024-04-26,0.26208733333333334,0.23276163898789967,3,0.009549,0.46802,0.267968,0.803904,0.23130033333333333,0.18182207762077007,2,3,bullish,0.048654333333333355,0.2093616744337416,0.07023101853866666,0.23090823232323224,0.20514381296118148,6.0,0.35322528030303024,0.045851833333333314,0.18319321067821068,0.1875069944513013,6.571428571428571,0.3034460955266955,0.024835833333333335,0.2179141934343434,0.15613937109259754,5.214285714285714,0.3552857215728716,0.268058,0.21694956725348724,0.17499218112454104,4.366666666666666,0.3795191784800385,-0.09304238095238099,50.0,-0.1989515,-0.037676519841269844,0.5529445256080942,-0.12743635480001336,0.22796068711648787,0.05242569696969698,0.0,0.0,0.0,0.0,0.0,0.0,0.0,0.0,0.0,0.0,0.0,0.0,0.0,0.0,0.0,0.0,0.0,0.0,0.0,0.0,0.0,0.0,0.0,0.0,0.0,0.0,0.0,0.0,0.0,0.0,0.0,0.0,0.0,0.0,0.0,0.0,0.0,0.0,0.0,0.0,0.0,0.0,0.0,0.0,0.0,0.07023101853866666,0.210693055616,0.267968,2
2024-04-27,0.24745766666666666,0.1520152447103031,3,0.124401,0.41739,0.398086,1.194258,0.22622166666666665,0.012677538417742358,2,3,bullish,-0.01462966666666668,0.1957823305675684,0.09850943269266667,0.2409926666666666,0.19362131929686555,3.3333333333333335,0.35441524999999996,0.030253303030303047,0.1944595916305916,0.1962117896237135,6.285714285714286,0.32586769552669553,0.07886466666666667,0.22017581248196247,0.15989683553020934,5.142857142857143,0.3537578108585858,0.031662666666666645,0.2180972228090428,0.1750435290211217,4.233333333333333,0.37636333086099083,0.034429666666666664,50.0,0.185152,-0.013215170634920635,0.5622367227867915,-0.11412638531204405,-0.05581981578659534,-0.06328400000000003,0.0,0.0,0.0,0.0,0.0,0.0,0.0,0.0,0.0,0.0,0.0,0.0,0.0,0.0,0.0,0.0,0.0,0.0,0.0,0.0,0.0,0.0,0.0,0.0,0.0,0.0,0.0,0.0,0.0,0.0,0.0,0.0,0.0,0.0,0.0,0.0,0.0,0.0,0.0,0.0,0.0,0.0,0.0,0.0,0.0,0.09850943269266667,0.295528298078,0.398086,2
2024-04-28,0.16558099999999998,0.0823185430386131,2,0.107373,0.223789,0.196299,0.392598,0.2507085,0.11580358466170207,1,2,bullish,-0.08187666666666668,0.16995304532649208,0.032503384718999995,0.22504199999999994,0.15569847557893865,2.6666666666666665,0.28745099999999996,-0.047852000000000006,0.21243966305916304,0.18302030855966064,6.285714285714286,0.33709855266955263,0.1258605,0.20201438391053392,0.1543555289236668,5.214285714285714,0.3199625251443002,-0.25426000000000004,0.21871124780904283,0.17377488510401776,4.166666666666667,0.37458828919432424,0.018420749999999986,50.0,-0.06085990000000002,-0.03484138174603175,0.5377964792531338,-0.1187126417783862,-0.3308714083082225,-0.067247,0.0,0.0,0.0,0.0,0.0,0.0,0.0,0.0,0.0,0.0,0.0,0.0,0.0,0.0,0.0,0.0,0.0,0.0,0.0,0.0,0.0,0.0,0.0,0.0,0.0,0.0,0.0,0.0,0.0,0.0,0.0,0.0,0.0,0.0,0.0,0.0,0.0,0.0,0.0,0.0,0.0,0.0,0.0,0.0,0.0,0.032503384718999995,0.06500676943799999,0.196299,1
2024-04-29,0.07145299999999999,0.5879994815916082,3,-0.601535,0.485785,0.6771556666666667,2.031467,0.06383233333333332,0.3916377640439355,1,3,neutral,-0.09412799999999999,0.25023639650416357,0.04838480385033333,0.16149722222222215,0.27411108978017484,2.6666666666666665,0.4238468888888889,-0.19063433333333335,0.19906455194805192,0.23560423963829474,5.428571428571429,0.38533144155844157,-0.09362577777777778,0.1974010981962482,0.1895098901305745,5.285714285714286,0.3554331441919191,-0.064586,0.21090251447570948,0.19141580712014297,4.2,0.3762662114165464,-0.23426200000000003,50.0,0.09828575,0.02194236825396825,0.5780717057093157,-0.16767366823456814,-0.5684710202257506,-0.012251333333333309,0.0,0.0,0.0,0.0,0.0,0.0,0.0,0.0,0.0,0.0,0.0,0.0,0.0,0.0,0.0,0.0,0.0,0.0,0.0,0.0,0.0,0.0,0.0,0.0,0.0,0.0,0.0,0.0,0.0,0.0,0.0,0.0,0.0,0.0,0.0,0.0,0.0,0.0,0.0,0.0,0.0,0.0,0.0,0.0,0.0,0.04838480385033333,0.14515441155099998,0.6771556666666667,1
2024-04-30,0.21139950000000002,0.0905824999903403,2,0.147348,0.275451,0.5309195,1.061839,0.2299715,0.02420921486748384,2,2,bullish,0.13994650000000003,0.2291354816637529,0.11223611684025,0.14947783333333325,0.2536335082068539,2.3333333333333335,0.46812472222222223,-0.03605816666666664,0.19837369480519482,0.2183353154592013,4.0,0.4088765725108225,-0.004836000000000007,0.19164189105339105,0.18575254363305058,5.071428571428571,0.3559382513347763,-0.0806289,0.21058618114237612,0.19211374770231415,4.2,0.37746137808321306,-0.009489999999999998,50.0,-0.17256100000000002,0.009734812698412691,0.5572010371381668,-0.16142094966341936,1.9585811652414882,0.23407450000000002,0.0,0.0,0.0,0.0,0.0,0.0,0.0,0.0,0.0,0.0,0.0,0.0,0.0,0.0,0.0,0.0,0.0,0.0,0.0,0.0,0.0,0.0,0.0,0.0,0.0,0.0,0.0,0.0,0.0,0.0,0.0,0.0,0.0,0.0,0.0,0.0,0.0,0.0,0.0,0.0,0.0,0.0,0.0,0.0,0.0,0.11223611684025,0.2244722336805,0.5309195,2
2024-05-01,0.227906,0.2342671160634088,7,-0.084284,0.635195,0.3975372857142857,2.782761,0.26403414285714283,0.05483383665350125,4,7,bullish,0.01650649999999998,0.22943657707885473,0.090601132638,0.17025283333333327,0.30428303254845246,4.0,0.5352041507936508,0.06232500000000002,0.1999025,0.2251473712249381,3.4285714285714284,0.4093081717687075,0.010701636363636385,0.19532217676767674,0.19597193874111837,5.214285714285714,0.3647623003143682,0.051524000000000014,0.20747668114237613,0.19436362786531908,4.333333333333333,0.3781022653848004,-0.093285,50.0,-0.10230066666666668,-0.0013597851851851982,0.5776453070968408,-0.18078278628876004,0.07808202006154219,-0.12344000000000005,0.0,0.0,0.0,0.0,0.0,0.0,0.0,0.0,0.0,0.0,0.0,0.0,0.0,0.0,0.0,0.0,0.0,0.0,0.0,0.0,0.0,0.0,0.0,0.0,0.0,0.0,0.0,0.0,0.0,0.0,0.0,0.0,0.0,0.0,0.0,0.0,0.0,0.0,0.0,0.0,0.0,0.0,0.0,0.0,0.0,0.090601132638,0.634207928466,0.3975372857142857,4
2024-05-02,0.07755525000000002,0.38460357441949233,4,-0.293816,0.610839,0.49212,1.96848,0.1338625,0.30700987659302864,3,4,neutral,-0.15035074999999998,0.27595424302069255,0.03816648963000001,0.1722869166666666,0.23648439682441383,4.333333333333333,0.47352559523809523,0.006102250000000031,0.18049139285714286,0.25207829982880936,3.4285714285714284,0.42286935034013606,-0.13587774999999996,0.18006831367243864,0.21379583701217827,5.071428571428571,0.37369852650484436,-0.2135540833333333,0.2023562394757095,0.20267293369837105,4.4,0.3795222487181337,-0.15361324999999998,50.0,0.11749314285714291,0.012145415873015864,0.5775126387655352,-0.1722975262907877,-0.6597050977157248,-0.16685724999999996,0.0,0.0,0.0,0.0,0.0,0.0,0.0,0.0,0.0,0.0,0.0,0.0,0.0,0.0,0.0,0.0,0.0,0.0,0.0,0.0,0.0,0.0,0.0,0.0,0.0,0.0,0.0,0.0,0.0,0.0,0.0,0.0,0.0,0.0,0.0,0.0,0.0,0.0,0.0,0.0,0.0,0.0,0.0,0.0,0.0,0.03816648963000001,0.15266595852000003,0.49212,3
2024-05-03,0.101069,0.011253241266408533,3,0.091216,0.113332,0.10272066666666667,0.308162,0.195156,0.10366002801465954,1,3,neutral,0.023513749999999986,0.2617411826662516,0.010381875059333334,0.13551008333333328,0.21004131058310324,4.666666666666667,0.3307926507936508,-0.11033050000000001,0.1574887738095238,0.22043424301145348,3.4285714285714284,0.3992625884353741,-0.16101833333333332,0.17034099224386726,0.2039706187313774,5.0,0.3513543419810348,-0.13618249999999998,0.1965696144757095,0.1994653093922748,4.366666666666666,0.37085946260702257,-0.17359874999999997,50.0,-0.01828450000000001,-0.0069007415343915425,0.5621010792123835,-0.1683585667376361,0.303187082757131,0.17386449999999998,0.0,0.0,0.0,0.0,0.0,0.0,0.0,0.0,0.0,0.0,0.0,0.0,0.0,0.0,0.0,0.0,0.0,0.0,0.0,0.0,0.0,0.0,0.0,0.0,0.0,0.0,0.0,0.0,0.0,0.0,0.0,0.0,0.0,0.0,0.0,0.0,0.0,0.0,0.0,0.0,0.0,0.0,0.0,0.0,0.0,0.010381875059333334,0.031145625178,0.10272066666666667,1
2024-05-04,-0.577696,0.033713437113412174,2,-0.601535,-0.553857,0.7675799999999999,1.5351599999999999,-0.3446665,0.054968359849098626,1,2,bearish,-0.678765,0.1508839737706124,-0.44342789567999996,-0.13302391666666671,0.14319008426643767,3.0,0.45414022222222217,-0.8056019999999999,0.03960967857142857,0.2035339847833262,3.2857142857142856,0.45204744557823123,-0.8251536666666667,0.11703463510101011,0.19987288720351984,4.785714285714286,0.3889575705524634,-0.746289,0.173361470031265,0.19109040658350662,4.233333333333333,0.38706044594035593,-0.6962443333333334,50.0,0.2907672222222222,0.01541561649029981,0.4973340817749743,-0.20334526930022678,-6.71585748350137,-0.70227875,0.0,0.0,0.0,0.0,0.0,0.0,0.0,0.0,0.0,0.0,0.0,0.0,0.0,0.0,0.0,0.0,0.0,0.0,0.0,0.0,0.0,0.0,0.0,0.0,0.0,0.0,0.0,0.0,0.0,0.0,0.0,0.0,0.0,0.0,0.0,0.0,0.0,0.0,0.0,0.0,0.0,0.0,0.0,0.0,0.0,-0.44342789567999996,-0.8868557913599999,0.7675799999999999,1
2024-05-05,0.24719,0.10609147302210484,2,0.172172,0.322208,0.3967735,0.793547,0.283199,0.10702343975970868,1,2,bullish,0.824886,0.15398576837696534,0.098078441465,-0.07647900000000006,0.05035271713397518,2.3333333333333335,0.42235805555555556,0.16963474999999997,0.05126810714285716,0.20693011763811073,3.2857142857142856,0.4806866598639456,0.08160900000000001,0.1318538851010101,0.19497521309888569,4.785714285714286,0.40889260626674906,0.20746949999999997,0.1771027755868206,0.18010805312259176,4.1,0.37973475705146703,0.11223916666666667,50.0,-0.05792450000000002,0.031085283156966473,0.5039169366076948,-0.1988130241329473,-1.4278894089624994,1.503651,0.0,0.0,0.0,0.0,0.0,0.0,0.0,0.0,0.0,0.0,0.0,0.0,0.0,0.0,0.0,0.0,0.0,0.0,0.0,0.0,0.0,0.0,0.0,0.0,0.0,0.0,0.0,0.0,0.0,0.0,0.0,0.0,0.0,0.0,0.0,0.0,0.0,0.0,0.0,0.0,0.0,0.0,0.0,0.0,0.0,0.098078441465,0.19615688293,0.3967735,1
2024-05-06,0.1539418,0.15237237072940749,5,0.041341,0.411205,0.2307388,1.153694,0.2435594,0.062404750374470686,4,5,bullish,-0.0932482,0.13760681931016508,0.03552034620184,-0.0588547333333334,0.09739242695497484,3.0,0.46503076666666665,0.052872799999999984,0.06305222142857145,0.14469767322922492,3.5714285714285716,0.4169128217687074,0.0824888,0.13105838668831168,0.19015095643375982,4.5,0.4011221316635745,-0.011136977777777779,0.17269796415824915,0.17506798976590948,4.033333333333333,0.37510138848003843,-0.1321443428571429,50.0,0.14037463636363637,0.026110020530703847,0.49793130858506796,-0.20663605611032046,-0.3772328977709455,-0.9181342,0.0,0.0,0.0,0.0,0.0,0.0,0.0,0.0,0.0,0.0,0.0,0.0,0.0,0.0,0.0,0.0,0.0,0.0,0.0,0.0,0.0,0.0,0.0,0.0,0.0,0.0,0.0,0.0,0.0,0.0,0.0,0.0,0.0,0.0,0.0,0.0,0.0,0.0,0.0,0.0,0.0,0.0,0.0,0.0,0.0,0.03552034620184,0.1776017310092,0.2307388,4
2024-05-07,0.35029,0.17553360157531095,2,0.226169,0.474411,0.913405,1.82681,0.22851100000000002,0.0771835335936364,2,2,bullish,0.1963482,0.0957928247413288,0.31995663745,0.2504739333333333,0.14466581510894108,3.0,0.5136391,0.927986,0.08289372142857143,0.15683354488422072,3.5714285714285716,0.4715536074829932,0.13889049999999997,0.1406337081168831,0.18758443017171098,3.7857142857142856,0.44021508999690784,0.13405449999999997,0.18365976415824914,0.1750846187591024,4.066666666666666,0.4030270551467051,0.328854,50.0,0.003648666666666661,0.03327763904922237,0.5150605102875531,-0.2063744578128056,1.2754703400895666,0.2895964,0.0,0.0,0.0,0.0,0.0,0.0,0.0,0.0,0.0,0.0,0.0,0.0,0.0,0.0,0.0,0.0,0.0,0.0,0.0,0.0,0.0,0.0,0.0,0.0,0.0,0.0,0.0,0.0,0.0,0.0,0.0,0.0,0.0,0.0,0.0,0.0,0.0,0.0,0.0,0.0,0.0,0.0,0.0,0.0,0.0,0.31995663745,0.6399132749,0.913405,2
2024-05-08,0.09996899999999999,0.10504905152832177,3,0.0,0.209451,0.3971343333333333,1.191403,0.113162,0.11124702486358905,2,3,neutral,-0.250321,0.11455198679371144,0.03970112216899999,0.20140026666666658,0.14431834127768006,3.3333333333333335,0.5137593777777778,-0.147221,0.06461700714285715,0.13837382137920828,3.0,0.47149604285714286,-0.12793700000000002,0.13225975357142858,0.1817605963020732,3.2142857142857144,0.44040210731292523,-0.11723536363636362,0.17179719749158248,0.17270560328363055,4.1,0.3994241329244829,-0.355877,50.0,-0.268058,-0.007427222061888749,0.5025014989112533,-0.21292947976983914,-0.7146107510919524,-0.4466692,0.0,0.0,0.0,0.0,0.0,0.0,0.0,0.0,0.0,0.0,0.0,0.0,0.0,0.0,0.0,0.0,0.0,0.0,0.0,0.0,0.0,0.0,0.0,0.0,0.0,0.0,0.0,0.0,0.0,0.0,0.0,0.0,0.0,0.0,0.0,0.0,0.0,0.0,0.0,0.0,0.0,0.0,0.0,0.0,0.0,0.03970112216899999,0.11910336650699999,0.3971343333333333,2
2024-05-09,0.240714,0.23519834896741945,3,0.101182,0.512263,0.42624500000000004,1.2787350000000002,0.175526,0.08755479323829163,2,3,bullish,0.140745,0.1548489691645129,0.10260313893000002,0.23032433333333327,0.17192700069035072,2.6666666666666665,0.5789281111111112,0.08677220000000002,0.08792540000000001,0.11703021774319788,2.857142857142857,0.46208532857142853,0.16315875,0.13420839642857144,0.18455425878600362,3.142857142857143,0.4424773394557823,0.027281000000000027,0.17454396415824916,0.17486052554858877,4.166666666666667,0.3974723662578163,0.082403,50.0,-0.031662666666666645,0.008228148308481627,0.5113138290882331,-0.22139555994681898,1.4078864447978878,0.391066,0.0,0.0,0.0,0.0,0.0,0.0,0.0,0.0,0.0,0.0,0.0,0.0,0.0,0.0,0.0,0.0,0.0,0.0,0.0,0.0,0.0,0.0,0.0,0.0,0.0,0.0,0.0,0.0,0.0,0.0,0.0,0.0,0.0,0.0,0.0,0.0,0.0,0.0,0.0,0.0,0.0,0.0,0.0,0.0,0.0,0.10260313893000002,0.30780941679000007,0.42624500000000004,2
2024-05-10,0.534709,0.0,1,0.534709,0.534709,0.176502,0.176502,0.465494,0.0,1,1,bullish,0.293995,0.16703834320011493,0.094377207918,0.2917973333333333,0.1701237002478706,2.3333333333333335,0.3332937777777778,0.184419,0.14987397142857145,0.13465971382266276,2.5714285714285716,0.47262551904761907,0.43363999999999997,0.1536813726190476,0.18084599877047314,3.0,0.43594405374149664,0.27262166666666665,0.18044829749158248,0.17326916614260074,4.033333333333333,0.3896384395911496,0.17713,50.0,0.25426000000000004,0.04784600016033348,0.5393139100098484,-0.21278404086843428,1.2213456633182944,0.15325,0.0,0.0,0.0,0.0,0.0,0.0,0.0,0.0,0.0,0.0,0.0,0.0,0.0,0.0,0.0,0.0,0.0,0.0,0.0,0.0,0.0,0.0,0.0,0.0,0.0,0.0,0.0,0.0,0.0,0.0,0.0,0.0,0.0,0.0,0.0,0.0,0.0,0.0,0.0,0.0,0.0,0.0,0.0,0.0,0.0,0.094377207918,0.094377207918,0.176502,1
2024-05-11,0.26609700000000003,0.019677367506859278,2,0.252183,0.280011,0.3356885,0.671377,0.176341,0.015792522851020365,2,2,bullish,-0.26861199999999996,0.13386459239447787,0.08932570278450001,0.3471733333333333,0.12743785823713935,2.0,0.31281183333333334,0.16612800000000005,0.2704158285714286,0.1323203688882373,2.5714285714285716,0.41092673333333335,0.843793,0.15501275357142857,0.17066616206251592,2.9285714285714284,0.43148708945578235,0.01863933333333337,0.18208214193602693,0.17235806820394076,4.0,0.39233158959114955,0.04901533333333338,50.0,0.064586,0.04196742873176204,0.5343188883803617,-0.18515136923894757,-0.5023517464639644,-0.562607,0.0,0.0,0.0,0.0,0.0,0.0,0.0,0.0,0.0,0.0,0.0,0.0,0.0,0.0,0.0,0.0,0.0,0.0,0.0,0.0,0.0,0.0,0.0,0.0,0.0,0.0,0.0,0.0,0.0,0.0,0.0,0.0,0.0,0.0,0.0,0.0,0.0,0.0,0.0,0.0,0.0,0.0,0.0,0.0,0.0,0.08932570278450001,0.17865140556900003,0.3356885,2
2024-05-12,0.4230576666666666,0.07691470736688356,3,0.354105,0.506011,0.5042153333333333,1.512646,0.33779166666666666,0.04142607547588032,1,3,bullish,0.15696066666666658,0.10920986884237101,0.21331216241755555,0.4079545555555555,0.04829603743687142,2.0,0.3388019444444444,0.1823436666666666,0.2955397809523809,0.1274575746123671,2.7142857142857144,0.4262755666666666,0.17586766666666662,0.17340394404761908,0.1702504823954598,3.0,0.4534811132653061,0.25747666666666663,0.19638308638047136,0.15990721011048792,4.0,0.3972373562578163,0.4290283333333333,50.0,0.0806289,0.05295780650953982,0.5321654900169865,-0.15720008198668356,0.5898625939663602,0.42557266666666654,0.0,0.0,0.0,0.0,0.0,0.0,0.0,0.0,0.0,0.0,0.0,0.0,0.0,0.0,0.0,0.0,0.0,0.0,0.0,0.0,0.0,0.0,0.0,0.0,0.0,0.0,0.0,0.0,0.0,0.0,0.0,0.0,0.0,0.0,0.0,0.0,0.0,0.0,0.0,0.0,0.0,0.0,0.0,0.0,0.0,0.21331216241755555,0.6399364872526666,0.5042153333333333,1
2024-05-13,0.3292644,0.2192885049228527,5,0.116467,0.593517,0.399538,1.99769,0.3417404,0.08463416925982081,3,5,bullish,-0.0937932666666666,0.13776973219100375,0.1315536398472,0.3394730222222222,0.10529352659886519,3.3333333333333335,0.4131472777777778,-0.20544459999999998,0.3205858666666667,0.13861026364460796,2.7142857142857144,0.45038973809523813,0.17532260000000002,0.19181904404761907,0.14188809957478632,3.142857142857143,0.43365127993197283,0.2578114,0.20016539971380473,0.1640543636069702,4.033333333333333,0.3965727312578162,0.1134694,50.0,-0.051524000000000014,0.014925448484848475,0.5386404650884453,-0.15237216705814227,-0.221703266615347,-0.2507539333333332,0.0,0.0,0.0,0.0,0.0,0.0,0.0,0.0,0.0,0.0,0.0,0.0,0.0,0.0,0.0,0.0,0.0,0.0,0.0,0.0,0.0,0.0,0.0,0.0,0.0,0.0,0.0,0.0,0.0,0.0,0.0,0.0,0.0,0.0,0.0,0.0,0.0,0.0,0.0,0.0,0.0,0.0,0.0,0.0,0.0,0.1315536398472,0.657768199236,0.399538,3
2024-05-14,0.4067855,0.013735549224548645,2,0.397073,0.416498,0.641742,1.283484,0.26775099999999996,0.01911451050903477,2,2,bullish,0.07752110000000001,0.08240403225528606,0.261051340341,0.3863691888888889,0.10331292050476164,3.3333333333333335,0.5151651111111112,0.1406885,0.32865665238095243,0.11164392158614755,2.7142857142857144,0.4115807380952381,0.05649550000000003,0.2057751869047619,0.13597679566972543,3.142857142857143,0.4415671727891156,0.195386,0.1997302163804714,0.15887095621447292,4.066666666666666,0.3956496979244829,-0.013055499999999998,50.0,0.2135540833333333,0.04508973552188551,0.5299250822772901,-0.12469867061062337,0.2354372352431664,0.1713143666666666,0.0,0.0,0.0,0.0,0.0,0.0,0.0,0.0,0.0,0.0,0.0,0.0,0.0,0.0,0.0,0.0,0.0,0.0,0.0,0.0,0.0,0.0,0.0,0.0,0.0,0.0,0.0,0.0,0.0,0.0,0.0,0.0,0.0,0.0,0.0,0.0,0.0,0.0,0.0,0.0,0.0,0.0,0.0,0.0,0.0,0.261051340341,0.522102680682,0.641742,2
2024-05-15,0.237684,0.11916022055199461,2,0.153425,0.321943,0.5413975,1.082795,0.208038,0.026597114467550784,2,2,bullish,-0.16910150000000002,0.08975526991462776,0.12868152339,0.32457796666666666,0.11739475823313199,3.0,0.5275591666666667,-0.1853736666666666,0.3483302238095238,0.11399578309009305,2.5714285714285716,0.43218976190476194,0.13771500000000003,0.2064736154761905,0.12712241909192434,2.7857142857142856,0.45184290238095237,0.009778000000000009,0.20311838304713803,0.1596751560716141,4.066666666666666,0.4076773812578162,0.10164500000000001,50.0,0.13618249999999998,0.04462394259259258,0.5230400687361954,-0.11538855706952866,-0.41570188711249545,-0.24662260000000003,0.0,0.0,0.0,0.0,0.0,0.0,0.0,0.0,0.0,0.0,0.0,0.0,0.0,0.0,0.0,0.0,0.0,0.0,0.0,0.0,0.0,0.0,0.0,0.0,0.0,0.0,0.0,0.0,0.0,0.0,0.0,0.0,0.0,0.0,0.0,0.0,0.0,0.0,0.0,0.0,0.0,0.0,0.0,0.0,0.0,0.12868152339,0.25736304678,0.5413975,2
2024-05-16,0.217917,0.2799750758647991,5,-0.17245,0.504209,0.594006,2.97003,0.177762,0.1481934540440299,3,5,bullish,-0.019767000000000007,0.14181481158621573,0.129444005502,0.28746216666666663,0.13762361521378078,3.0,0.5923818333333334,-0.11134740000000001,0.3450735095238095,0.12145857090632299,2.857142857142857,0.4561556190476191,-0.02279700000000001,0.21649945476190477,0.11907407304925563,2.857142857142857,0.45912047380952387,0.14036174999999998,0.20064800304713806,0.16439204313744593,4.066666666666666,0.41001598125781624,-0.07411140000000002,50.0,0.746289,0.12713953518518517,0.525801387530255,-0.12256690919692165,-0.08316504266168534,0.1493345,0.0,0.0,0.0,0.0,0.0,0.0,0.0,0.0,0.0,0.0,0.0,0.0,0.0,0.0,0.0,0.0,0.0,0.0,0.0,0.0,0.0,0.0,0.0,0.0,0.0,0.0,0.0,0.0,0.0,0.0,0.0,0.0,0.0,0.0,0.0,0.0,0.0,0.0,0.0,0.0,0.0,0.0,0.0,0.0,0.0,0.129444005502,0.64722002751,0.594006,3
2024-05-17,0.35336033333333333,0.28442794271015875,3,0.081887,0.649178,0.3867843333333334,1.1603530000000002,0.29667133333333334,0.07552481614895419,2,3,bullish,0.13544333333333333,0.18331745865487076,0.1366742409547778,0.2696537777777777,0.22785441304231746,3.3333333333333335,0.5073959444444445,-0.05342516666666669,0.31916655714285713,0.1447399097354424,3.142857142857143,0.48619595238095237,-0.18134866666666666,0.2345202642857143,0.1400875116218518,2.857142857142857,0.4794107357142857,0.2522913333333333,0.20654728082491583,0.1710552279015735,4.0,0.413775439035594,0.17697833333333335,50.0,-0.2074695,0.13387159074074073,0.5450346996004152,-0.13120995460041524,0.6215363341700433,0.15521033333333334,0.0,0.0,0.0,0.0,0.0,0.0,0.0,0.0,0.0,0.0,0.0,0.0,0.0,0.0,0.0,0.0,0.0,0.0,0.0,0.0,0.0,0.0,0.0,0.0,0.0,0.0,0.0,0.0,0.0,0.0,0.0,0.0,0.0,0.0,0.0,0.0,0.0,0.0,0.0,0.0,0.0,0.0,0.0,0.0,0.0,0.1366742409547778,0.4100227228643334,0.3867843333333334,2
2024-05-19,0.047089,0.0,1,0.047089,0.047089,0.058472,0.058472,0.096293,0.0,1,1,neutral,-0.30627133333333334,0.1743246970878753,0.0027533880080000002,0.2061221111111111,0.2822015092874789,3.0,0.34642077777777786,-0.19059500000000001,0.2878797,0.16558366677353956,3.0,0.4465935952380953,-0.21900800000000004,0.2791477642857143,0.14895201783088843,2.7857142857142856,0.4287601642857143,0.624785,0.1984132697138047,0.17234045037574922,3.8333333333333335,0.4034907445911496,-0.24402033333333334,50.0,0.011136977777777779,0.13862710679012344,0.5487481685461479,-0.14677262354614795,-0.8667394284021692,-0.4417146666666667,0.0,0.0,0.0,0.0,0.0,0.0,0.0,0.0,0.0,0.0,0.0,0.0,0.0,0.0,0.0,0.0,0.0,0.0,0.0,0.0,0.0,0.0,0.0,0.0,0.0,0.0,0.0,0.0,0.0,0.0,0.0,0.0,0.0,0.0,0.0,0.0,0.0,0.0,0.0,0.0,0.0,0.0,0.0,0.0,0.0,0.0027533880080000002,0.0027533880080000002,0.058472,1
2024-05-20,0.3381415,0.11112678041093424,2,0.259563,0.41672,0.680247,1.360494,0.232809,0.02127401461877847,2,2,bullish,0.2910525,0.1986725048844717,0.2300197409505,0.2461969444444444,0.19777736156054648,2.0,0.3751677777777778,0.12022449999999998,0.27574881904761905,0.171285678947548,2.857142857142857,0.47174097619047617,-0.08491616666666663,0.2856443,0.14937162677995755,2.7857142857142856,0.4490082714285714,0.09095149999999999,0.20177626971380472,0.17099475334765324,3.7666666666666666,0.41231433625781627,0.10088999999999998,50.0,-0.13405449999999997,0.09548105123456789,0.5090967378594063,-0.08045234285940639,6.1809021215145785,0.5973238333333333,0.0,0.0,0.0,0.0,0.0,0.0,0.0,0.0,0.0,0.0,0.0,0.0,0.0,0.0,0.0,0.0,0.0,0.0,0.0,0.0,0.0,0.0,0.0,0.0,0.0,0.0,0.0,0.0,0.0,0.0,0.0,0.0,0.0,0.0,0.0,0.0,0.0,0.0,0.0,0.0,0.0,0.0,0.0,0.0,0.0,0.2300197409505,0.460039481901,0.680247,2
2024-05-22,0.2250515,0.2145103188217294,4,0.086737,0.539999,0.20231475000000002,0.8092590000000001,0.1578345,0.24927914212852492,4,4,bullish,-0.11309,0.2225100294519054,0.045531237959625,0.2034273333333333,0.1628185496163318,2.3333333333333335,0.31367791666666667,-0.12830883333333334,0.26086126190476194,0.1704893145973608,2.7142857142857144,0.4435662261904762,-0.10421290000000002,0.29072356428571433,0.15454978912098435,2.7142857142857144,0.44697798214285717,0.0711097,0.2036582197138047,0.17540291907330724,3.7333333333333334,0.41102033459114956,0.056458499999999995,50.0,0.11723536363636361,0.10133098052749717,0.5235490955073385,-0.0935395005073385,-0.33444578674903847,-0.40414249999999996,0.0,0.0,0.0,0.0,0.0,0.0,0.0,0.0,0.0,0.0,0.0,0.0,0.0,0.0,0.0,0.0,0.0,0.0,0.0,0.0,0.0,0.0,0.0,0.0,0.0,0.0,0.0,0.0,0.0,0.0,0.0,0.0,0.0,0.0,0.0,0.0,0.0,0.0,0.0,0.0,0.0,0.0,0.0,0.0,0.0,0.045531237959625,0.1821249518385,0.20231475000000002,4
2024-05-23,0.2346613333333333,0.21901723281589813,3,0.042311,0.473032,0.3832896666666667,1.149869,0.31184033333333333,0.18227313850464452,3,3,bullish,0.009609833333333317,0.20727056868968013,0.08994326423288888,0.2659514444444444,0.18155144401618725,3.0,0.42195047222222226,0.1875723333333333,0.23627209523809523,0.2047029285292524,2.857142857142857,0.4066444642857143,-0.17212416666666672,0.28246437380952377,0.15817342505769996,2.7857142857142856,0.40911260119047627,-0.11562866666666669,0.2101562474915825,0.1769871448707685,3.7666666666666666,0.4198738901467051,0.19494083333333329,50.0,-0.027281000000000027,0.08934099163860827,0.5221924307020596,-0.09150730236872623,0.042700596678241665,0.12269983333333331,0.0,0.0,0.0,0.0,0.0,0.0,0.0,0.0,0.0,0.0,0.0,0.0,0.0,0.0,0.0,0.0,0.0,0.0,0.0,0.0,0.0,0.0,0.0,0.0,0.0,0.0,0.0,0.0,0.0,0.0,0.0,0.0,0.0,0.0,0.0,0.0,0.0,0.0,0.0,0.0,0.0,0.0,0.0,0.0,0.0,0.08994326423288888,0.26982979269866664,0.3832896666666667,3
2024-05-24,0.18251666666666666,0.1772673394208119,3,0.045132,0.382616,0.515112,1.545336,0.24348066666666668,0.030222616239057382,2,3,bullish,-0.052144666666666645,0.18048041786734342,0.0940165252,0.21407649999999998,0.20359829701947976,3.3333333333333335,0.36690547222222225,-0.15562483333333332,0.2283910476190476,0.21438744834072196,3.0,0.4028893928571429,-0.055167333333333346,0.2883606357142857,0.1641916157154075,2.7857142857142856,0.4175395773809524,0.08254766666666667,0.21073751045454545,0.1754641225628986,3.566666666666667,0.42572677533189035,0.01743788888888889,50.0,-0.27262166666666665,0.06477458423120087,0.504403142091095,-0.06322187209109503,-0.22221243664628731,-0.06175449999999996,0.0,0.0,0.0,0.0,0.0,0.0,0.0,0.0,0.0,0.0,0.0,0.0,0.0,0.0,0.0,0.0,0.0,0.0,0.0,0.0,0.0,0.0,0.0,0.0,0.0,0.0,0.0,0.0,0.0,0.0,0.0,0.0,0.0,0.0,0.0,0.0,0.0,0.0,0.0,0.0,0.0,0.0,0.0,0.0,0.0,0.0940165252,0.2820495756,0.515112,2
2024-05-25,0.116889,0.0,1,0.116889,0.116889,0.115232,0.115232,0.264523,0.0,1,1,neutral,-0.06562766666666665,0.18048041786734342,0.013469353248,0.1780223333333333,0.19814228611835497,2.3333333333333335,0.3378778888888889,-0.10816249999999998,0.2139584761904762,0.2012699228359065,2.4285714285714284,0.3344931071428571,-0.10102799999999999,0.27951599285714285,0.15773645814704276,2.642857142857143,0.39532436309523816,-0.123825,0.20742596045454545,0.17413075787100615,3.2,0.41736438922077923,-0.09934650000000002,50.0,-0.01863933333333334,0.03897531571268236,0.5205650847121702,-0.07780181471217018,-0.35957081545064373,-0.013483000000000009,0.0,0.0,0.0,0.0,0.0,0.0,0.0,0.0,0.0,0.0,0.0,0.0,0.0,0.0,0.0,0.0,0.0,0.0,0.0,0.0,0.0,0.0,0.0,0.0,0.0,0.0,0.0,0.0,0.0,0.0,0.0,0.0,0.0,0.0,0.0,0.0,0.0,0.0,0.0,0.0,0.0,0.0,0.0,0.0,0.0,0.013469353248,0.013469353248,0.115232,1
2024-05-27,0.13208,0.0,1,0.13208,0.13208,0.03704,0.03704,0.352354,0.0,1,1,neutral,0.015190999999999996,0.20359829701947982,0.004892243199999999,0.14382855555555554,0.1772673394208119,1.6666666666666667,0.22246133333333332,-0.1025813333333333,0.18234700000000004,0.18048041786734342,2.142857142857143,0.284529630952381,-0.22128033333333333,0.25075677857142853,0.15773645814704276,2.642857142857143,0.38536279166666665,-0.402629,0.20458848166666666,0.17365183603130444,2.8666666666666667,0.40544851952380956,-0.08512436363636361,50.0,-0.2574766666666666,-0.0047645916947250365,0.5705386706800044,-0.05679780068000434,0.12996090307898944,0.08081866666666665,0.0,0.0,0.0,0.0,0.0,0.0,0.0,0.0,0.0,0.0,0.0,0.0,0.0,0.0,0.0,0.0,0.0,0.0,0.0,0.0,0.0,0.0,0.0,0.0,0.0,0.0,0.0,0.0,0.0,0.0,0.0,0.0,0.0,0.0,0.0,0.0,0.0,0.0,0.0,0.0,0.0,0.0,0.0,0.0,0.0,0.004892243199999999,0.004892243199999999,0.03704,1
2024-05-28,0.4050705,0.00894560788879099,2,0.398745,0.411396,0.6601235,1.320247,0.2540785,0.04282450798900087,2,2,bullish,0.2729905,0.13507672670850035,0.26739655620675,0.21801316666666662,0.00894560788879099,1.3333333333333333,0.2707985,0.22255383333333334,0.23348721428571428,0.14617345587163294,2.2857142857142856,0.3704798452380952,0.3579815,0.2606834571428571,0.1567608436363093,2.642857142857143,0.40853672023809523,0.13897349999999997,0.21097639833333334,0.16645408732731967,2.8,0.41421291119047615,0.19163750000000002,50.0,-0.2578114,-0.11633130280583615,0.5662894625383401,-0.0367605425383401,2.066857207752877,0.2577995,0.0,0.0,0.0,0.0,0.0,0.0,0.0,0.0,0.0,0.0,0.0,0.0,0.0,0.0,0.0,0.0,0.0,0.0,0.0,0.0,0.0,0.0,0.0,0.0,0.0,0.0,0.0,0.0,0.0,0.0,0.0,0.0,0.0,0.0,0.0,0.0,0.0,0.0,0.0,0.0,0.0,0.0,0.0,0.0,0.0,0.26739655620675,0.5347931124135,0.6601235,2
2024-05-29,0.21574739999999998,0.10112655367805233,5,0.054405,0.318335,0.401262,2.00631,0.2126008,0.044349386841308194,3,5,bullish,-0.18932310000000002,0.09577983366255176,0.08657123321879999,0.25096596666666665,0.055036080783421634,2.6666666666666665,0.3661418333333333,0.09885839999999997,0.21600234285714287,0.14417341052505656,2.7142857142857144,0.33062484523809527,-0.1223941,0.24587558095238093,0.15896192057368827,2.7857142857142856,0.4011829107142857,-0.20731026666666663,0.2094317338888889,0.16139119943078709,2.8666666666666667,0.41865604452380956,-0.04633993333333336,50.0,-0.195386,-0.11498869169472505,0.5629740154069207,-0.027264535406920698,-0.4673830851666563,-0.46231360000000005,0.0,0.0,0.0,0.0,0.0,0.0,0.0,0.0,0.0,0.0,0.0,0.0,0.0,0.0,0.0,0.0,0.0,0.0,0.0,0.0,0.0,0.0,0.0,0.0,0.0,0.0,0.0,0.0,0.0,0.0,0.0,0.0,0.0,0.0,0.0,0.0,0.0,0.0,0.0,0.0,0.0,0.0,0.0,0.0,0.0,0.08657123321879999,0.43285616609399996,0.401262,3
2024-05-30,0.2506242857142857,0.1697266400261651,7,0.0,0.499463,0.252843,1.769901,0.38609699999999997,0.12102897852856011,4,7,bullish,0.03487688571428571,0.09326626719766946,0.06336859627285714,0.29048072857142854,0.09326626719766946,4.666666666666667,0.43807616666666666,0.11854428571428569,0.21965559795918368,0.1352166747659437,3.142857142857143,0.3378431666666667,0.0255727857142857,0.24025842993197277,0.1544562964921712,2.9285714285714284,0.3907046964285715,-0.07864011428571432,0.20953728785714285,0.16207240694293562,3.0,0.41381461119047624,0.0031666190476190292,50.0,-0.009778000000000009,-0.1173125781144781,0.5572648594989917,-0.031521950927563214,0.16165611133337277,0.22419998571428573,0.0,0.0,0.0,0.0,0.0,0.0,0.0,0.0,0.0,0.0,0.0,0.0,0.0,0.0,0.0,0.0,0.0,0.0,0.0,0.0,0.0,0.0,0.0,0.0,0.0,0.0,0.0,0.0,0.0,0.0,0.0,0.0,0.0,0.0,0.0,0.0,0.0,0.0,0.0,0.0,0.0,0.0,0.0,0.0,0.0,0.06336859627285714,0.44358017391,0.252843,4
2024-05-31,0.21158933333333332,0.14141377370091407,3,0.049663,0.310794,0.27706766666666666,0.8312029999999999,0.2929296666666667,0.13038373914462392,2,3,bullish,-0.039034952380952365,0.10530314382348063,0.058624562878222215,0.22598700634920632,0.13742232246837716,5.0,0.3103908888888889,-0.19348116666666668,0.2163595979591837,0.11969598294294688,3.142857142857143,0.32266859523809527,-0.02307199999999998,0.22631584659863946,0.16606340780820442,3.0,0.36465652976190477,-0.1951961666666667,0.21107089896825396,0.16434530042994722,3.033333333333333,0.41650690007936503,0.046008333333333346,50.0,-0.14036174999999998,-0.1180133836700337,0.5673914664372325,-0.030486524532470582,-0.15575087733298365,-0.07391183809523807,0.0,0.0,0.0,0.0,0.0,0.0,0.0,0.0,0.0,0.0,0.0,0.0,0.0,0.0,0.0,0.0,0.0,0.0,0.0,0.0,0.0,0.0,0.0,0.0,0.0,0.0,0.0,0.0,0.0,0.0,0.0,0.0,0.0,0.0,0.0,0.0,0.0,0.0,0.0,0.0,0.0,0.0,0.0,0.0,0.0,0.058624562878222215,0.17587368863466665,0.27706766666666666,2
2024-06-01,0.153382,0.07953112810717576,2,0.097145,0.209619,0.1679245,0.335849,0.139583,0.04683733897223454,2,2,bullish,-0.05820733333333333,0.10014874068021966,0.025756595659,0.20519853968253965,0.13022384727808495,4.0,0.23261172222222223,-0.06236539999999999,0.21219750272108845,0.10014874068021966,3.0,0.27307038095238095,-0.02913466666666667,0.220294275170068,0.16246076304049362,3.0,0.3379798869047619,-0.08430200000000002,0.21380186563492062,0.1447888252959306,3.0,0.3995325278571428,0.081929,50.0,-0.2522913333333333,-0.15907190555555556,0.543566463829702,-0.01539472192494018,-0.2750957830262395,-0.01917238095238097,0.0,0.0,0.0,0.0,0.0,0.0,0.0,0.0,0.0,0.0,0.0,0.0,0.0,0.0,0.0,0.0,0.0,0.0,0.0,0.0,0.0,0.0,0.0,0.0,0.0,0.0,0.0,0.0,0.0,0.0,0.0,0.0,0.0,0.0,0.0,0.0,0.0,0.0,0.0,0.0,0.0,0.0,0.0,0.0,0.0,0.025756595659,0.051513191318,0.1679245,2
2024-06-02,0.037657,0.0,1,0.037657,0.037657,0.046363,0.046363,0.327295,0.0,1,1,neutral,-0.115725,0.12294952387807682,0.0017458914910000003,0.1342094444444444,0.11047245090404488,2.0,0.16378505555555556,-0.2129672857142857,0.2008786455782313,0.10014874068021966,3.0,0.26323195238095237,-0.079232,0.20741856088435373,0.15070933175806306,2.7142857142857144,0.29886252976190475,-0.18026,0.20801044896825396,0.1469570783081542,2.966666666666667,0.38338064452380954,-0.17374250000000002,50.0,-0.624785,-0.22546123888888892,0.518713863829702,-0.04024732192494013,-0.7544887926875383,-0.05751766666666666,0.0,0.0,0.0,0.0,0.0,0.0,0.0,0.0,0.0,0.0,0.0,0.0,0.0,0.0,0.0,0.0,0.0,0.0,0.0,0.0,0.0,0.0,0.0,0.0,0.0,0.0,0.0,0.0,0.0,0.0,0.0,0.0,0.0,0.0,0.0,0.0,0.0,0.0,0.0,0.0,0.0,0.0,0.0,0.0,0.0,0.0017458914910000003,0.0017458914910000003,0.046363,1
2024-06-03,-0.274815,0.0,1,-0.274815,-0.274815,0.345674,0.345674,-0.26543,0.0,1,1,bearish,-0.31247199999999997,0.130223847278085,-0.09499640030999999,-0.027925333333333347,0.07953112810717576,1.3333333333333333,0.18665383333333332,-0.4864043333333333,0.14275078843537417,0.10014874068021966,3.0,0.3073225238095238,-0.406895,0.1625488942176871,0.13585170831894133,2.5714285714285716,0.2959260773809524,-0.6281753333333333,0.19125308230158733,0.1433191600683519,2.7666666666666666,0.3816518683333333,-0.502721,50.0,-0.09095149999999996,-0.2052756648148148,0.5076766543539422,-0.08330131244918024,-8.297846349948216,-0.19674699999999998,0.0,0.0,0.0,0.0,0.0,0.0,0.0,0.0,0.0,0.0,0.0,0.0,0.0,0.0,0.0,0.0,0.0,0.0,0.0,0.0,0.0,0.0,0.0,0.0,0.0,0.0,0.0,0.0,0.0,0.0,0.0,0.0,0.0,0.0,0.0,0.0,0.0,0.0,0.0,0.0,0.0,0.0,0.0,0.0,0.0,-0.09499640030999999,-0.09499640030999999,0.345674,1
2024-06-04,-0.13482366666666665,0.6450005585783111,3,-0.86822,0.344227,0.6284086666666666,1.8852259999999998,0.022215666666666672,0.35147705565276,2,3,neutral,0.13999133333333333,0.288648486795467,-0.0847243606051111,-0.12399388888888889,0.6450005585783111,1.6666666666666667,0.3401485555555555,-0.28820566666666664,0.06562305034013606,0.22735973081812366,3.142857142857143,0.3027918333333333,-0.5398941666666667,0.14955513231292517,0.1867665933448783,2.7142857142857144,0.33663583928571433,-0.18191266666666664,0.18417378507936508,0.1541690344083027,2.7333333333333334,0.3861948238888889,-0.21237891666666667,50.0,-0.0711097,-0.21110570555555555,0.5555273678487992,-0.18694015927737062,-0.5094020826131519,0.45246333333333333,0.0,0.0,0.0,0.0,0.0,0.0,0.0,0.0,0.0,0.0,0.0,0.0,0.0,0.0,0.0,0.0,0.0,0.0,0.0,0.0,0.0,0.0,0.0,0.0,0.0,0.0,0.0,0.0,0.0,0.0,0.0,0.0,0.0,0.0,0.0,0.0,0.0,0.0,0.0,0.0,0.0,0.0,0.0,0.0,0.0,-0.0847243606051111,-0.25417308181533327,0.6284086666666666,2
2024-06-05,0.04428450000000001,0.4081196884979536,4,-0.451212,0.540444,0.36863225,1.474529,0.07937025,0.268356919291423,3,4,neutral,0.17910816666666665,0.3775504583944802,0.016324694875125004,-0.12178472222222221,0.5265601235381323,2.6666666666666665,0.44757163888888885,0.006627500000000008,0.04112835034013607,0.2887583577821039,3.0,0.2981304404761905,-0.17146289999999997,0.12856534659863944,0.21646588415358026,2.857142857142857,0.31437764285714287,-0.293857,0.18228096841269842,0.17070513637628373,2.7666666666666666,0.39505854333333335,-0.056784499999999995,50.0,0.11562866666666669,-0.1696495574074074,0.566455863992146,-0.2263666454207174,-1.3284623619493117,0.03911683333333332,0.0,0.0,0.0,0.0,0.0,0.0,0.0,0.0,0.0,0.0,0.0,0.0,0.0,0.0,0.0,0.0,0.0,0.0,0.0,0.0,0.0,0.0,0.0,0.0,0.0,0.0,0.0,0.0,0.0,0.0,0.0,0.0,0.0,0.0,0.0,0.0,0.0,0.0,0.0,0.0,0.0,0.0,0.0,0.0,0.0,0.016324694875125004,0.06529877950050002,0.36863225,3
2024-06-06,0.116844,0.21664964529088587,4,-0.11424,0.384695,0.37862025,1.514481,0.14267449999999998,0.14288307365231662,4,4,neutral,0.0725595,0.4232566307890502,0.044239504491000003,0.008768277777777769,0.4232566307890502,3.6666666666666665,0.45855372222222224,0.391659,0.022016880952380972,0.2981429588350481,2.5714285714285716,0.31609861904761904,-0.13378028571428568,0.1208362394557823,0.2166798168004959,2.857142857142857,0.3269708928571428,-0.10820749999999998,0.20543230174603175,0.1783274783836785,2.8333333333333335,0.3820932183333333,0.6945399999999999,50.0,-0.08254766666666667,-0.15017580925925925,0.5790140018009909,-0.2679189332295624,1.6384852487890793,-0.10654866666666665,0.0,0.0,0.0,0.0,0.0,0.0,0.0,0.0,0.0,0.0,0.0,0.0,0.0,0.0,0.0,0.0,0.0,0.0,0.0,0.0,0.0,0.0,0.0,0.0,0.0,0.0,0.0,0.0,0.0,0.0,0.0,0.0,0.0,0.0,0.0,0.0,0.0,0.0,0.0,0.0,0.0,0.0,0.0,0.0,0.0,0.044239504491000003,0.17695801796400001,0.37862025,4
2024-06-07,0.31593150000000003,0.19272099258513586,4,0.12739,0.578673,0.56966975,2.278679,0.25992025,0.14114594047858173,4,4,bullish,0.19908750000000003,0.3656227212380716,0.17997661862212502,0.15902,0.2724967754579917,4.0,0.4389740833333333,0.4507551666666667,0.03692290476190479,0.30840440261189245,2.7142857142857144,0.3578989166666666,0.10434216666666671,0.12664125136054422,0.21405019277741966,2.9285714285714284,0.3402837559523809,0.08127016666666673,0.20772368507936506,0.18193704169880479,2.9,0.38785642666666664,0.06874150000000004,50.0,0.12382499999999999,-0.11470792037037038,0.5927344797387432,-0.27381466116731457,1.7038743966314063,0.12652800000000003,0.0,0.0,0.0,0.0,0.0,0.0,0.0,0.0,0.0,0.0,0.0,0.0,0.0,0.0,0.0,0.0,0.0,0.0,0.0,0.0,0.0,0.0,0.0,0.0,0.0,0.0,0.0,0.0,0.0,0.0,0.0,0.0,0.0,0.0,0.0,0.0,0.0,0.0,0.0,0.0,0.0,0.0,0.0,0.0,0.0,0.17997661862212502,0.7199064744885001,0.56966975,4
2024-06-08,0.489541,0.0,1,0.489541,0.489541,0.342939,0.342939,0.39245,0.0,1,1,bullish,0.17360949999999997,0.3656227212380716,0.167882700999,0.30743883333333333,0.2046853189380108,3.0,0.43040966666666663,0.4452565,0.08494561904761908,0.3656227212380716,2.5714285714285716,0.38290098809523815,0.336159,0.14857156088435372,0.2181371764837094,2.7857142857142856,0.32798568452380955,0.30702433333333334,0.2189103250793651,0.1832224621757351,2.7666666666666666,0.3915964333333334,0.3355992,50.0,0.402629,-0.06888492037037036,0.5972674239332739,-0.2511852053618453,0.549516271723459,-0.025478000000000056,0.0,0.0,0.0,0.0,0.0,0.0,0.0,0.0,0.0,0.0,0.0,0.0,0.0,0.0,0.0,0.0,0.0,0.0,0.0,0.0,0.0,0.0,0.0,0.0,0.0,0.0,0.0,0.0,0.0,0.0,0.0,0.0,0.0,0.0,0.0,0.0,0.0,0.0,0.0,0.0,0.0,0.0,0.0,0.0,0.0,0.167882700999,0.167882700999,0.342939,1
2024-06-09,0.345948,0.0,1,0.345948,0.345948,0.659793,0.659793,0.30373,0.0,1,1,bullish,-0.14359300000000003,0.2724967754579918,0.22825406876399998,0.3838068333333333,0.19272099258513586,2.0,0.5241339166666666,0.22910399999999997,0.1289871904761905,0.3656227212380716,2.5714285714285716,0.47053384523809516,0.308291,0.1649329180272109,0.2181371764837094,2.7857142857142856,0.36688289880952374,0.22905899999999996,0.21876559174603175,0.18357195583939073,2.7333333333333334,0.38314269999999995,-0.0043420000000000125,50.0,-0.13897349999999997,-0.06873067037037038,0.5857714556687028,-0.24043047043060756,-0.2933217033915444,-0.3172025,0.0,0.0,0.0,0.0,0.0,0.0,0.0,0.0,0.0,0.0,0.0,0.0,0.0,0.0,0.0,0.0,0.0,0.0,0.0,0.0,0.0,0.0,0.0,0.0,0.0,0.0,0.0,0.0,0.0,0.0,0.0,0.0,0.0,0.0,0.0,0.0,0.0,0.0,0.0,0.0,0.0,0.0,0.0,0.0,0.0,0.22825406876399998,0.22825406876399998,0.659793,1
2024-06-10,0.08072166666666665,0.4120178049676171,3,-0.337148,0.486627,0.31225766666666666,0.936773,0.14707033333333333,0.10146848187655776,2,3,neutral,-0.26522633333333334,0.2737961476145463,0.02520595928277777,0.30540355555555554,0.4120178049676171,1.6666666666666667,0.43832988888888885,-0.2352098333333334,0.17977814285714286,0.3749017379839807,2.857142857142857,0.46576008333333335,0.3555366666666666,0.1612644656462585,0.23752523933210018,2.9285714285714284,0.3865413035714286,-0.05135833333333335,0.21812401396825398,0.19752508099572233,2.7333333333333334,0.38031347777777774,-0.01924733333333334,50.0,0.20731026666666663,-0.017663825925925938,0.6168055637795775,-0.26810131187481556,-0.7666653177163427,-0.12163333333333332,0.0,0.0,0.0,0.0,0.0,0.0,0.0,0.0,0.0,0.0,0.0,0.0,0.0,0.0,0.0,0.0,0.0,0.0,0.0,0.0,0.0,0.0,0.0,0.0,0.0,0.0,0.0,0.0,0.0,0.0,0.0,0.0,0.0,0.0,0.0,0.0,0.0,0.0,0.0,0.0,0.0,0.0,0.0,0.0,0.0,0.02520595928277777,0.0756178778483333,0.31225766666666666,2
2024-06-11,0.09838174999999999,0.07895122332754995,4,0.04135,0.214911,0.29681925,1.187277,0.18740425,0.13128273783803412,4,4,neutral,0.01766008333333334,0.22789667362676766,0.029201597248687493,0.17501713888888884,0.24548451414758346,2.6666666666666665,0.42295663888888885,-0.39115925,0.2130932023809524,0.2616918709338285,3.0,0.4183901666666667,0.23320541666666664,0.1393581263605442,0.24452580087597608,3.0714285714285716,0.360591,-0.30668875,0.21337960563492062,0.1904229389211828,2.7666666666666666,0.3759992861111111,-0.14233225000000002,50.0,0.07864011428571432,0.0604945201058201,0.6002210681248084,-0.2754927912200464,0.2187774864245453,0.2828864166666667,0.0,0.0,0.0,0.0,0.0,0.0,0.0,0.0,0.0,0.0,0.0,0.0,0.0,0.0,0.0,0.0,0.0,0.0,0.0,0.0,0.0,0.0,0.0,0.0,0.0,0.0,0.0,0.0,0.0,0.0,0.0,0.0,0.0,0.0,0.0,0.0,0.0,0.0,0.0,0.0,0.0,0.0,0.0,0.0,0.0,0.029201597248687493,0.11680638899474997,0.29681925,4
2024-06-12,0.187406,0.10727941241449825,2,0.111548,0.263264,0.24024099999999998,0.48048199999999996,0.17795,0.062122159154362935,2,2,bullish,0.08902425,0.19941614690322182,0.04502260484599999,0.12216980555555552,0.19941614690322174,3.0,0.2831059722222222,-0.158542,0.23353913095238094,0.20152381571713743,2.7142857142857144,0.40004855952380947,0.14312149999999998,0.1373337406462585,0.2451410867496207,2.857142857142857,0.3490895,-0.02834139999999999,0.20180283896825393,0.18680800298610958,2.8,0.37812391944444446,-0.34730300000000003,50.0,0.1951961666666667,0.09228870529100529,0.5830200922094895,-0.26205636530472765,0.9048858146963232,0.07136416666666666,0.0,0.0,0.0,0.0,0.0,0.0,0.0,0.0,0.0,0.0,0.0,0.0,0.0,0.0,0.0,0.0,0.0,0.0,0.0,0.0,0.0,0.0,0.0,0.0,0.0,0.0,0.0,0.0,0.0,0.0,0.0,0.0,0.0,0.0,0.0,0.0,0.0,0.0,0.0,0.0,0.0,0.0,0.0,0.0,0.0,0.04502260484599999,0.09004520969199999,0.24024099999999998,2
2024-06-13,0.3605176666666667,0.16732706681924872,3,0.201175,0.534824,0.49108799999999997,1.473264,0.28664533333333336,0.062005757977250255,1,3,bullish,0.1731116666666667,0.19139387688222853,0.17704589988799999,0.21543513888888888,0.11785256752043227,3.0,0.3427160833333333,0.27979600000000004,0.26834965476190475,0.19165930002281,2.5714285714285716,0.4161153809523809,0.24367366666666668,0.14518326785714283,0.24490112942892903,2.5714285714285716,0.36610699999999996,0.10989338095238099,0.20495019452380953,0.19322755513012654,2.8333333333333335,0.38330390277777776,0.09442066666666665,50.0,0.08430200000000002,0.10955667195767195,0.5819285994480634,-0.24837923920996818,0.923725316514235,0.08408741666666669,0.0,0.0,0.0,0.0,0.0,0.0,0.0,0.0,0.0,0.0,0.0,0.0,0.0,0.0,0.0,0.0,0.0,0.0,0.0,0.0,0.0,0.0,0.0,0.0,0.0,0.0,0.0,0.0,0.0,0.0,0.0,0.0,0.0,0.0,0.0,0.0,0.0,0.0,0.0,0.0,0.0,0.0,0.0,0.0,0.0,0.17704589988799999,0.5311376996639999,0.49108799999999997,1
2024-06-14,0.4104393333333333,0.3134736788406112,6,-0.01617,0.686137,0.5497541666666667,3.298525,0.2709105,0.17183397576934548,4,6,bullish,0.04992166666666664,0.21580983727390507,0.22564073366388887,0.3194543333333333,0.19602671935811936,3.6666666666666665,0.42702772222222224,0.31205758333333333,0.28185077380952384,0.21580983727390507,2.857142857142857,0.4132702976190476,0.09450783333333329,0.1593868392857143,0.26210711994289876,2.7857142857142856,0.3855846071428571,0.19885,0.20452958341269842,0.20351272780289728,2.933333333333333,0.3848218638888889,-0.012618333333333287,50.0,0.18026,0.11673793121693121,0.6127827812699395,-0.25644115436517756,0.13847217843230974,-0.12319000000000005,0.0,0.0,0.0,0.0,0.0,0.0,0.0,0.0,0.0,0.0,0.0,0.0,0.0,0.0,0.0,0.0,0.0,0.0,0.0,0.0,0.0,0.0,0.0,0.0,0.0,0.0,0.0,0.0,0.0,0.0,0.0,0.0,0.0,0.0,0.0,0.0,0.0,0.0,0.0,0.0,0.0,0.0,0.0,0.0,0.0,0.22564073366388887,1.3538444019833333,0.5497541666666667,4
2024-06-16,0.365463,0.0,1,0.365463,0.365463,0.411176,0.411176,0.270085,0.0,1,1,bullish,-0.04497633333333334,0.16675784535047705,0.150269614488,0.3788066666666667,0.24040037282992993,3.3333333333333335,0.4840060555555556,0.178057,0.2641253452380953,0.21580983727390507,2.857142857142857,0.4230184404761904,-0.12407800000000002,0.17453548214285716,0.2823933412579791,2.7142857142857144,0.40295971428571425,0.212081,0.2057362034126984,0.20279564702471745,2.8,0.3852097972222222,0.03619859999999997,50.0,0.6281753333333333,0.19570715343915343,0.6252114812699394,-0.24401245436517754,-0.1095809530925399,-0.09489799999999998,0.0,0.0,0.0,0.0,0.0,0.0,0.0,0.0,0.0,0.0,0.0,0.0,0.0,0.0,0.0,0.0,0.0,0.0,0.0,0.0,0.0,0.0,0.0,0.0,0.0,0.0,0.0,0.0,0.0,0.0,0.0,0.0,0.0,0.0,0.0,0.0,0.0,0.0,0.0,0.0,0.0,0.0,0.0,0.0,0.0,0.150269614488,0.150269614488,0.411176,1
2024-06-17,0.35465466666666673,0.24527522619566233,3,0.092482,0.578526,0.3692553333333333,1.107766,0.26418766666666665,0.16008918266183175,2,3,bullish,-0.010808333333333253,0.20833884606750513,0.13095812715822225,0.37685233333333334,0.27937445251813675,3.3333333333333335,0.4433951666666667,-0.005862999999999952,0.26536915476190476,0.22072073542753126,3.142857142857143,0.38151305952380954,0.008706666666666751,0.1971781726190476,0.2786815297517474,2.857142857142857,0.42602345238095235,0.31699766666666673,0.20399850896825397,0.21332017779613174,2.8333333333333335,0.37612690833333334,-0.05213083333333329,50.0,0.1819126666666666,0.2021613386243386,0.6400694469081906,-0.23661295333676202,-0.029574357276477392,0.03416800000000009,0.0,0.0,0.0,0.0,0.0,0.0,0.0,0.0,0.0,0.0,0.0,0.0,0.0,0.0,0.0,0.0,0.0,0.0,0.0,0.0,0.0,0.0,0.0,0.0,0.0,0.0,0.0,0.0,0.0,0.0,0.0,0.0,0.0,0.0,0.0,0.0,0.0,0.0,0.0,0.0,0.0,0.0,0.0,0.0,0.0,0.13095812715822225,0.39287438147466675,0.3692553333333333,2
2024-06-18,0.33415533333333336,0.22040142643443425,3,0.081887,0.489398,0.38706066666666666,1.161182,0.3453926666666667,0.07324420158847614,3,3,bullish,-0.02049933333333337,0.23661934957248915,0.12933838609022222,0.35142433333333334,0.23283832631504825,2.3333333333333335,0.389164,-0.07628399999999996,0.3015739642857143,0.18878467233866747,3.142857142857143,0.39219920238095235,0.2534336666666667,0.24067605357142854,0.2733833385410826,3.0,0.4289796428571428,0.6089703333333334,0.20721422007936507,0.2179220507907881,2.8666666666666667,0.37098234722222223,0.09647133333333335,50.0,0.293857,0.19007556084656085,0.6647177977142764,-0.2683528208095145,-0.0578008278475588,-0.009691000000000116,0.0,0.0,0.0,0.0,0.0,0.0,0.0,0.0,0.0,0.0,0.0,0.0,0.0,0.0,0.0,0.0,0.0,0.0,0.0,0.0,0.0,0.0,0.0,0.0,0.0,0.0,0.0,0.0,0.0,0.0,0.0,0.0,0.0,0.0,0.0,0.0,0.0,0.0,0.0,0.0,0.0,0.0,0.0,0.0,0.0,0.12933838609022222,0.3880151582706667,0.38706066666666666,3
2024-06-19,0.170505,0.07583437385513246,2,0.116882,0.224128,0.3500605,0.700121,0.181669,0.06339636557406111,2,2,bullish,-0.16365033333333337,0.2137461763314601,0.059687065552499995,0.28643833333333335,0.18050367549507632,2.6666666666666665,0.3687921666666667,-0.194958,0.3118772857142858,0.1882651974265979,2.857142857142857,0.3998050952380952,0.07212325,0.262485244047619,0.2216409581117027,2.9285714285714284,0.409097630952381,0.30532866666666664,0.2056338200793651,0.20864292797216688,2.7666666666666666,0.36285083055555556,-0.04741200000000001,50.0,0.10820749999999998,0.21754011640211637,0.6590833870712204,-0.26724265016645843,-0.48974329303936504,-0.143151,0.0,0.0,0.0,0.0,0.0,0.0,0.0,0.0,0.0,0.0,0.0,0.0,0.0,0.0,0.0,0.0,0.0,0.0,0.0,0.0,0.0,0.0,0.0,0.0,0.0,0.0,0.0,0.0,0.0,0.0,0.0,0.0,0.0,0.0,0.0,0.0,0.0,0.0,0.0,0.0,0.0,0.0,0.0,0.0,0.0,0.059687065552499995,0.11937413110499999,0.3500605,2
2024-06-20,0.234192,0.17792220828215907,2,0.108382,0.360002,0.4889365,0.977873,0.252738,0.06458147653932976,2,2,bullish,0.06368700000000002,0.17985830869184707,0.114505016808,0.24628411111111106,0.15805266952390856,2.3333333333333335,0.4086858888888889,-0.12046266666666672,0.318561,0.2000389967378747,2.857142857142857,0.4353330238095238,0.04678600000000002,0.2760500654761905,0.20071391445572137,2.7857142857142856,0.41769079166666667,0.1899075,0.20166154230158728,0.20380175822543964,2.7333333333333334,0.36625590277777775,-0.11916833333333332,50.0,-0.08127016666666673,0.18547562380952376,0.6593545152196386,-0.2691570068863053,0.37351983812791434,0.2273373333333334,0.0,0.0,0.0,0.0,0.0,0.0,0.0,0.0,0.0,0.0,0.0,0.0,0.0,0.0,0.0,0.0,0.0,0.0,0.0,0.0,0.0,0.0,0.0,0.0,0.0,0.0,0.0,0.0,0.0,0.0,0.0,0.0,0.0,0.0,0.0,0.0,0.0,0.0,0.0,0.0,0.0,0.0,0.0,0.0,0.0,0.114505016808,0.229010033616,0.4889365,2
2024-06-21,0.262583,0.0,1,0.262583,0.262583,0.549012,0.549012,0.205451,0.0,1,1,bullish,0.028391,0.17985830869184707,0.14416121799599999,0.22242666666666663,0.12687829106864573,1.6666666666666667,0.4626696666666666,-0.07157233333333335,0.3045703333333334,0.20658138272159993,2.5714285714285716,0.44360788095238096,-0.09793466666666667,0.28645999404761907,0.1991203413722049,2.5714285714285716,0.42986163095238095,0.145739,0.20884467563492062,0.20380175822543964,2.7333333333333334,0.38260723611111114,0.21549400000000002,50.0,-0.30702433333333334,0.14262401851851847,0.6748633566709108,-0.2795664816709108,0.12122958939673434,-0.03529600000000002,0.0,0.0,0.0,0.0,0.0,0.0,0.0,0.0,0.0,0.0,0.0,0.0,0.0,0.0,0.0,0.0,0.0,0.0,0.0,0.0,0.0,0.0,0.0,0.0,0.0,0.0,0.0,0.0,0.0,0.0,0.0,0.0,0.0,0.0,0.0,0.0,0.0,0.0,0.0,0.0,0.0,0.0,0.0,0.0,0.0,0.14416121799599999,0.14416121799599999,0.549012,1
2024-06-22,-0.077641,0.0,1,-0.077641,-0.077641,0.181137,0.181137,0.192841,0.0,1,1,neutral,-0.340224,0.15805266952390865,-0.014063657817,0.1397113333333333,0.17792220828215907,1.3333333333333333,0.40636183333333326,-0.24814599999999998,0.23484457142857146,0.17985830869184705,1.8571428571428572,0.39094828571428575,-0.48808033333333334,0.2583476726190476,0.1998313801263237,2.357142857142857,0.40210929166666665,-0.39357250000000005,0.19498525896825397,0.20821485240708273,2.7,0.3659702361111111,-0.4157825,50.0,-0.22905899999999998,0.09548455555555553,0.6877854884368,-0.3155909134368,-1.295681746343061,-0.368615,0.0,0.0,0.0,0.0,0.0,0.0,0.0,0.0,0.0,0.0,0.0,0.0,0.0,0.0,0.0,0.0,0.0,0.0,0.0,0.0,0.0,0.0,0.0,0.0,0.0,0.0,0.0,0.0,0.0,0.0,0.0,0.0,0.0,0.0,0.0,0.0,0.0,0.0,0.0,0.0,0.0,0.0,0.0,0.0,0.0,-0.014063657817,-0.014063657817,0.181137,1
2024-06-23,0.500039,0.0,1,0.500039,0.500039,0.812186,0.812186,0.357806,0.0,1,1,bullish,0.57768,0.12687829106864584,0.406124675254,0.22832699999999997,0.0,1.0,0.5141116666666666,0.265847,0.25406971428571434,0.17985830869184705,1.8571428571428572,0.4482354285714285,0.13457600000000003,0.25909752976190475,0.1998313801263237,2.357142857142857,0.4356269345238095,0.010498000000000007,0.204151508968254,0.2079000790863504,2.6,0.3862992777777778,0.27498750000000005,50.0,0.05135833333333334,0.09182414814814811,0.7109045884368,-0.29247181343679995,-7.440398758387965,0.917904,0.0,0.0,0.0,0.0,0.0,0.0,0.0,0.0,0.0,0.0,0.0,0.0,0.0,0.0,0.0,0.0,0.0,0.0,0.0,0.0,0.0,0.0,0.0,0.0,0.0,0.0,0.0,0.0,0.0,0.0,0.0,0.0,0.0,0.0,0.0,0.0,0.0,0.0,0.0,0.0,0.0,0.0,0.0,0.0,0.0,0.406124675254,0.406124675254,0.812186,1
2024-06-24,0.37769566666666665,0.11051036755134488,3,0.263852,0.48454,0.7053516666666666,2.116055,0.3196006666666667,0.15033879783120965,2,3,bullish,-0.12234333333333336,0.14421628791675206,0.26640826797611106,0.26669788888888885,0.11051036755134488,1.6666666666666667,0.5662248888888889,0.11511266666666664,0.25736128571428574,0.1461670940307677,1.8571428571428572,0.4962491904761904,0.023040999999999923,0.2613652202380953,0.19089927886882582,2.5,0.438881125,0.031747666666666674,0.2089193200793651,0.20247473582312275,2.6,0.39703467777777773,0.14303433333333335,50.0,0.30668875,0.10587178703703701,0.7234824456391254,-0.23979860397245878,-0.24466758259522425,-0.7000233333333333,0.0,0.0,0.0,0.0,0.0,0.0,0.0,0.0,0.0,0.0,0.0,0.0,0.0,0.0,0.0,0.0,0.0,0.0,0.0,0.0,0.0,0.0,0.0,0.0,0.0,0.0,0.0,0.0,0.0,0.0,0.0,0.0,0.0,0.0,0.0,0.0,0.0,0.0,0.0,0.0,0.0,0.0,0.0,0.0,0.0,0.26640826797611106,0.7992248039283332,0.7053516666666666,2
2024-06-25,0.158029,0.0,1,0.158029,0.158029,0.087344,0.087344,0.263358,0.0,1,1,bullish,-0.21966666666666665,0.11051036755134488,0.013802884976000001,0.3452545555555555,0.11051036755134488,1.6666666666666667,0.5349605555555556,0.23567,0.23220038095238096,0.12142231656287883,1.5714285714285714,0.45343252380952387,-0.17612633333333336,0.26688717261904765,0.1663305537467379,2.357142857142857,0.42281586309523805,0.07730733333333335,0.20810306452380953,0.20380144089692856,2.533333333333333,0.3827757444444444,-0.024487666666666658,50.0,0.02834139999999999,0.0392235722222222,0.6759434949454718,-0.16297438661213848,-0.5815970000538352,-0.09732333333333329,0.0,0.0,0.0,0.0,0.0,0.0,0.0,0.0,0.0,0.0,0.0,0.0,0.0,0.0,0.0,0.0,0.0,0.0,0.0,0.0,0.0,0.0,0.0,0.0,0.0,0.0,0.0,0.0,0.0,0.0,0.0,0.0,0.0,0.0,0.0,0.0,0.0,0.0,0.0,0.0,0.0,0.0,0.0,0.0,0.0,0.013802884976000001,0.013802884976000001,0.087344,1
2024-06-26,0.13444799999999998,0.10409773483222387,6,0.030952,0.257472,0.366057,2.196342,0.1866293333333333,0.04749399402310429,3,6,neutral,-0.02358100000000002,0.10730405119178443,0.049215631536,0.22339088888888883,0.10730405119178432,3.3333333333333335,0.38625088888888887,-0.365591,0.227049380952381,0.130843436888576,2.142857142857143,0.4557177380952381,-0.036057000000000006,0.26946333333333333,0.16912461058059058,2.5,0.42776141666666667,0.036066249999999994,0.2086883645238095,0.19881625559369334,2.7,0.39113657777777777,0.017558999999999977,50.0,-0.10989338095238099,0.006800678042328019,0.6336790616892057,-0.11169360335587242,-0.14921944706351375,0.19608566666666663,0.0,0.0,0.0,0.0,0.0,0.0,0.0,0.0,0.0,0.0,0.0,0.0,0.0,0.0,0.0,0.0,0.0,0.0,0.0,0.0,0.0,0.0,0.0,0.0,0.0,0.0,0.0,0.0,0.0,0.0,0.0,0.0,0.0,0.0,0.0,0.0,0.0,0.0,0.0,0.0,0.0,0.0,0.0,0.0,0.0,0.049215631536,0.29529378921599997,0.366057,3
2024-06-27,0.3388994444444444,0.20640374221238764,9,0.055342,0.603588,0.49914466666666674,4.4923020000000005,0.2716788888888889,0.1031316183118015,5,9,bullish,0.20445144444444444,0.14033728153198552,0.16915985023074076,0.21045881481481477,0.1552507385223057,5.333333333333333,0.3175152222222222,-0.03879622222222223,0.2420075873015873,0.14033728153198552,3.142857142857143,0.45717604761904757,0.10470744444444441,0.28028429365079366,0.18013842500257826,3.0,0.44625453571428564,0.15149344444444443,0.21558234600529103,0.19917756448029783,2.966666666666667,0.40654006666666664,0.20681944444444442,50.0,-0.19885,-0.0479445441798942,0.6432055411301205,-0.09901453835234264,1.5206730069948566,0.22803244444444445,0.0,0.0,0.0,0.0,0.0,0.0,0.0,0.0,0.0,0.0,0.0,0.0,0.0,0.0,0.0,0.0,0.0,0.0,0.0,0.0,0.0,0.0,0.0,0.0,0.0,0.0,0.0,0.0,0.0,0.0,0.0,0.0,0.0,0.0,0.0,0.0,0.0,0.0,0.0,0.0,0.0,0.0,0.0,0.0,0.0,0.16915985023074076,1.5224386520766668,0.49914466666666674,5
2024-06-28,0.3575396,0.2200167497653304,5,0.0,0.539319,0.5380494,2.690247,0.2306298,0.13106647676541855,3,5,bullish,0.018640155555555593,0.16025714859032172,0.19237396725624,0.2769623481481481,0.17683940893664726,6.666666666666667,0.4677503555555556,0.1995106,0.2555728158730159,0.16025714859032172,3.7142857142857144,0.4556099619047619,0.0949566,0.2800715746031746,0.18599283421880958,3.142857142857143,0.4496089214285714,-0.0029780666666666678,0.2139979826719577,0.20922857123632355,3.066666666666667,0.40247093,-0.04753089999999999,50.0,-0.212081,-0.0835321552910053,0.6494852933886119,-0.10113348061083421,0.05500202452710501,-0.18581128888888884,0.0,0.0,0.0,0.0,0.0,0.0,0.0,0.0,0.0,0.0,0.0,0.0,0.0,0.0,0.0,0.0,0.0,0.0,0.0,0.0,0.0,0.0,0.0,0.0,0.0,0.0,0.0,0.0,0.0,0.0,0.0,0.0,0.0,0.0,0.0,0.0,0.0,0.0,0.0,0.0,0.0,0.0,0.0,0.0,0.0,0.19237396725624,0.9618698362812,0.5380494,3
2024-06-29,0.304819,0.0,1,0.304819,0.304819,0.331024,0.331024,0.283712,0.0,1,1,bullish,-0.052720600000000006,0.17683940893664732,0.10090240465599999,0.33375268148148146,0.21321024598885896,5.0,0.45607268888888886,0.17037100000000002,0.3102099587301588,0.16025714859032172,3.7142857142857144,0.4770223904761905,0.38246,0.2725272650793651,0.17005772864108437,2.7857142857142856,0.43398533809523804,-0.10562033333333332,0.21696703600529102,0.2146336721142371,2.933333333333333,0.4001296633333333,0.08907160000000003,50.0,-0.31699766666666673,-0.10972409973544976,0.6402491933886121,-0.11036958061083418,-0.14745387643774288,-0.0713607555555556,0.0,0.0,0.0,0.0,0.0,0.0,0.0,0.0,0.0,0.0,0.0,0.0,0.0,0.0,0.0,0.0,0.0,0.0,0.0,0.0,0.0,0.0,0.0,0.0,0.0,0.0,0.0,0.0,0.0,0.0,0.0,0.0,0.0,0.0,0.0,0.0,0.0,0.0,0.0,0.0,0.0,0.0,0.0,0.0,0.0,0.10090240465599999,0.10090240465599999,0.331024,1
2024-07-01,0.40813449999999996,0.16270456324424343,2,0.293085,0.523184,0.418354,0.836708,0.3511775,0.023721311188465107,1,2,bullish,0.10331549999999995,0.17330569751354635,0.17074470061299998,0.35683103333333327,0.19136065650478684,2.6666666666666665,0.4291424666666666,0.06923505555555554,0.29708074444444443,0.16074663152110608,3.857142857142857,0.4207606761904762,-0.09190450000000006,0.2755752293650794,0.1692407102636576,2.857142857142857,0.4344980523809524,0.04267149999999997,0.22221737648148152,0.21428256827514097,2.7666666666666666,0.40564669666666664,0.15751021428571427,50.0,-0.6089703333333333,-0.14327365529100533,0.6397942140663808,-0.10369595128860298,0.33894048599332693,0.15603609999999996,0.0,0.0,0.0,0.0,0.0,0.0,0.0,0.0,0.0,0.0,0.0,0.0,0.0,0.0,0.0,0.0,0.0,0.0,0.0,0.0,0.0,0.0,0.0,0.0,0.0,0.0,0.0,0.0,0.0,0.0,0.0,0.0,0.0,0.0,0.0,0.0,0.0,0.0,0.0,0.0,0.0,0.0,0.0,0.0,0.0,0.17074470061299998,0.34148940122599997,0.418354,1
2024-07-03,0.16377885714285714,0.29959250424280676,7,-0.29909,0.588556,0.24977285714285716,1.74841,0.21196514285714288,0.2398894896519566,3,7,bullish,-0.2443556428571428,0.22217938986619207,0.04090751308816327,0.292244119047619,0.23114853374352506,3.3333333333333335,0.3330502857142857,-0.19376074285714287,0.2665212002267574,0.19856305885939843,4.428571428571429,0.3556779891156463,-0.2139168095238095,0.26194124297052157,0.17527596338000698,3.142857142857143,0.42596358979591836,-0.1908758095238096,0.22062369394179895,0.22219150480223565,2.9,0.4047368696825397,-0.04781047619047618,50.0,-0.30532866666666664,-0.1517480626984127,0.6278863163437889,-0.08348233451839204,-0.5987135193352751,-0.34767114285714273,0.0,0.0,0.0,0.0,0.0,0.0,0.0,0.0,0.0,0.0,0.0,0.0,0.0,0.0,0.0,0.0,0.0,0.0,0.0,0.0,0.0,0.0,0.0,0.0,0.0,0.0,0.0,0.0,0.0,0.0,0.0,0.0,0.0,0.0,0.0,0.0,0.0,0.0,0.0,0.0,0.0,0.0,0.0,0.0,0.0,0.04090751308816327,0.2863525916171429,0.24977285714285716,3
2024-07-05,-0.26737700000000003,0.5281274506007049,4,-0.86822,0.177195,0.53250375,2.130015,-0.05897575000000001,0.3314963741052331,3,4,bearish,-0.4311558571428572,0.3026103169632714,-0.14237925516375002,0.10151211904761899,0.3301415060292517,4.333333333333333,0.4002102023809524,-0.572196,0.20574891451247165,0.2534904574829495,4.857142857142857,0.41927223911564626,-0.42540600000000006,0.21897464773242634,0.20946774384292594,3.2142857142857144,0.43635238146258504,-0.6015323333333333,0.20659839394179896,0.24462132092691208,2.966666666666667,0.4168895113492063,-0.420759,50.0,-0.1899075,-0.1785553775132275,0.6737664113113825,-0.16593830448598568,-2.632548942301989,-0.1868002142857144,0.0,0.0,0.0,0.0,0.0,0.0,0.0,0.0,0.0,0.0,0.0,0.0,0.0,0.0,0.0,0.0,0.0,0.0,0.0,0.0,0.0,0.0,0.0,0.0,0.0,0.0,0.0,0.0,0.0,0.0,0.0,0.0,0.0,0.0,0.0,0.0,0.0,0.0,0.0,0.0,0.0,0.0,0.0,0.0,0.0,-0.14237925516375002,-0.5695170206550001,0.53250375,3
2024-07-07,0.194203,0.0,1,0.194203,0.194203,0.107736,0.107736,0.240655,0.0,1,1,bullish,0.46158,0.33014150602925174,0.020922654407999997,0.030201619047619005,0.4138599774217558,4.0,0.296670869047619,-0.21393149999999997,0.21428534308390024,0.2833690020130947,4.142857142857143,0.38236923911564624,0.059755,0.22066736201814058,0.2261719150914001,3.142857142857143,0.41904348860544216,0.023697999999999997,0.21181659394179897,0.24462132092691208,2.966666666666667,0.418935278015873,0.156546,50.0,-0.145739,-0.22882512751322753,0.6898980715475123,-0.18139026472211545,-1.7263264977915078,0.8927358571428572,0.0,0.0,0.0,0.0,0.0,0.0,0.0,0.0,0.0,0.0,0.0,0.0,0.0,0.0,0.0,0.0,0.0,0.0,0.0,0.0,0.0,0.0,0.0,0.0,0.0,0.0,0.0,0.0,0.0,0.0,0.0,0.0,0.0,0.0,0.0,0.0,0.0,0.0,0.0,0.0,0.0,0.0,0.0,0.0,0.0,0.020922654407999997,0.020922654407999997,0.107736,1
2024-07-08,0.270197,0.13430927623213518,2,0.175226,0.365168,0.657181,1.314362,0.17306500000000002,0.036482467268538724,2,2,bullish,0.07599400000000003,0.2811834485799726,0.177568334657,0.06567433333333329,0.33121836341641997,2.3333333333333335,0.43247358333333336,0.10641814285714288,0.20447070816326532,0.2689501088170442,3.142857142857143,0.40494585816326534,-0.0687024444444444,0.2232391477324263,0.22072029858514713,3.142857142857143,0.43106095289115653,0.03600500000000001,0.2299836606084656,0.23936836641763698,3.0,0.42931884468253967,0.545012,50.0,0.39357250000000005,-0.18824389417989418,0.6803023781238537,-0.18082663796512355,0.39131218364288944,-0.385586,0.0,0.0,0.0,0.0,0.0,0.0,0.0,0.0,0.0,0.0,0.0,0.0,0.0,0.0,0.0,0.0,0.0,0.0,0.0,0.0,0.0,0.0,0.0,0.0,0.0,0.0,0.0,0.0,0.0,0.0,0.0,0.0,0.0,0.0,0.0,0.0,0.0,0.0,0.0,0.0,0.0,0.0,0.0,0.0,0.0,0.177568334657,0.355136669314,0.657181,2
2024-07-09,0.773981,0.0,1,0.773981,0.773981,0.552443,0.552443,0.508496,0.0,1,1,bullish,0.503784,0.32067641035854894,0.42758038558300004,0.41279366666666667,0.13430927623213518,1.3333333333333333,0.43911999999999995,1.041358,0.2639623367346939,0.2811834485799726,2.5714285714285716,0.4070020867346939,0.4164414,0.2597675763038549,0.22072029858514713,3.142857142857143,0.43130602431972787,0.511398,0.2602771494973545,0.21908675680960327,2.933333333333333,0.42678665579365077,0.9088046666666667,50.0,-0.010498000000000007,-0.17719996296296298,0.6821142239874594,-0.14628431716206242,1.8645062676491597,0.42779,0.0,0.0,0.0,0.0,0.0,0.0,0.0,0.0,0.0,0.0,0.0,0.0,0.0,0.0,0.0,0.0,0.0,0.0,0.0,0.0,0.0,0.0,0.0,0.0,0.0,0.0,0.0,0.0,0.0,0.0,0.0,0.0,0.0,0.0,0.0,0.0,0.0,0.0,0.0,0.0,0.0,0.0,0.0,0.0,0.0,0.42758038558300004,0.42758038558300004,0.552443,1
2024-07-10,0.20663,0.2929749211804087,4,-0.171826,0.483586,0.52491725,2.099669,0.22051575,0.12352582903553679,3,4,bullish,-0.567351,0.31847054933774965,0.10846365136750001,0.41693600000000003,0.21364209870627193,2.3333333333333335,0.5781804166666666,0.012427000000000021,0.2499353367346939,0.2835417431000598,3.0,0.43470112244897957,-0.098189,0.28007264773242635,0.22874858998462066,3.357142857142857,0.4558617564625851,0.284271,0.26568866616402115,0.21332951844372605,2.933333333333333,0.4319961557936508,0.1623455,50.0,-0.031747666666666674,-0.15863303703703702,0.6873841564325406,-0.16743754960714374,-0.7330296221741877,-1.071135,0.0,0.0,0.0,0.0,0.0,0.0,0.0,0.0,0.0,0.0,0.0,0.0,0.0,0.0,0.0,0.0,0.0,0.0,0.0,0.0,0.0,0.0,0.0,0.0,0.0,0.0,0.0,0.0,0.0,0.0,0.0,0.0,0.0,0.0,0.0,0.0,0.0,0.0,0.0,0.0,0.0,0.0,0.0,0.0,0.0,0.10846365136750001,0.43385460547000004,0.52491725,3
2024-07-11,0.09192266666666667,0.2447673672803083,3,-0.093576,0.369344,0.281744,0.845232,0.18049233333333334,0.13871338866285882,2,3,neutral,-0.11470733333333334,0.22401718823095074,0.025898659797333332,0.35751122222222215,0.2688711442303585,2.6666666666666665,0.45303475,-0.17827433333333337,0.20476221768707487,0.29995430390727285,3.142857142857143,0.4151854081632654,-0.3162118333333333,0.2509214810657597,0.23035046771418938,3.5,0.41797304217687076,-0.40811633333333336,0.26485795505291004,0.21473540454319714,2.9,0.42876694746031746,-0.024921333333333337,50.0,-0.07730733333333335,-0.14365818518518517,0.6741694242917169,-0.18049601746632,-0.5551339753827292,0.4526436666666667,0.0,0.0,0.0,0.0,0.0,0.0,0.0,0.0,0.0,0.0,0.0,0.0,0.0,0.0,0.0,0.0,0.0,0.0,0.0,0.0,0.0,0.0,0.0,0.0,0.0,0.0,0.0,0.0,0.0,0.0,0.0,0.0,0.0,0.0,0.0,0.0,0.0,0.0,0.0,0.0,0.0,0.0,0.0,0.0,0.0,0.025898659797333332,0.077695979392,0.281744,2
2024-07-12,0.219299,0.21062721399667234,3,0.080649,0.461673,0.13365766666666667,0.400973,0.15620266666666668,0.07536139080678736,3,3,bullish,0.1273763333333333,0.22066969467238115,0.029310992642333333,0.1726172222222222,0.24945650081912976,3.3333333333333335,0.31343963888888887,-0.554682,0.2126936666666667,0.2821612458580459,2.5714285714285716,0.39859752380952385,0.05552014285714285,0.239607433446712,0.24036215235872213,3.5,0.377137756462585,-0.15839666666666666,0.2616368717195767,0.21563071561377395,2.8666666666666667,0.4142332113492063,-0.09663250000000004,50.0,-0.036066249999999994,-0.11244358333333333,0.6669228826346253,-0.18473510914256175,1.3856901453395607,0.24208366666666664,0.0,0.0,0.0,0.0,0.0,0.0,0.0,0.0,0.0,0.0,0.0,0.0,0.0,0.0,0.0,0.0,0.0,0.0,0.0,0.0,0.0,0.0,0.0,0.0,0.0,0.0,0.0,0.0,0.0,0.0,0.0,0.0,0.0,0.0,0.0,0.0,0.0,0.0,0.0,0.0,0.0,0.0,0.0,0.0,0.0,0.029310992642333333,0.087932977927,0.13365766666666667,3
2024-07-13,0.099903,0.14929005539217943,3,-0.069204,0.213433,0.16679366666666665,0.500381,0.22655933333333333,0.09204850778439233,2,3,neutral,-0.11939599999999999,0.22441488946239221,0.016663187681,0.13704155555555553,0.2015615455563867,3.0,0.19406511111111105,-0.106727,0.26516223809523815,0.20639376681634083,2.4285714285714284,0.3463532261904762,0.36728000000000005,0.23545557630385486,0.23208287081630916,3.642857142857143,0.38281273265306126,-0.058126,0.24864893838624338,0.2124716365556028,2.933333333333333,0.4083617002380952,-0.389638,50.0,-0.1514934444444444,-0.061612817901234566,0.6746936567172479,-0.19956608322518446,-0.5444438871130283,-0.24677233333333332,0.0,0.0,0.0,0.0,0.0,0.0,0.0,0.0,0.0,0.0,0.0,0.0,0.0,0.0,0.0,0.0,0.0,0.0,0.0,0.0,0.0,0.0,0.0,0.0,0.0,0.0,0.0,0.0,0.0,0.0,0.0,0.0,0.0,0.0,0.0,0.0,0.0,0.0,0.0,0.0,0.0,0.0,0.0,0.0,0.0,0.016663187681,0.04998956304299999,0.16679366666666665,2
2024-07-14,0.495576,0.0,1,0.495576,0.495576,0.535653,0.535653,0.363117,0.0,1,1,bullish,0.395673,0.22441488946239221,0.26545677112800004,0.27159266666666665,0.17995863469442588,2.3333333333333335,0.2787014444444444,0.40365333333333336,0.30821552380952383,0.20639376681634083,2.4285714285714284,0.4074842261904762,0.301373,0.261250433446712,0.24488138441471768,3.2857142857142856,0.3949267326530612,0.361128,0.2536365383862434,0.2124716365556028,2.933333333333333,0.40422370023809523,0.14962800000000004,50.0,0.0029780666666666678,-0.027356514197530872,0.694536644501156,-0.1932706710090925,3.960571754601964,0.515069,0.0,0.0,0.0,0.0,0.0,0.0,0.0,0.0,0.0,0.0,0.0,0.0,0.0,0.0,0.0,0.0,0.0,0.0,0.0,0.0,0.0,0.0,0.0,0.0,0.0,0.0,0.0,0.0,0.0,0.0,0.0,0.0,0.0,0.0,0.0,0.0,0.0,0.0,0.0,0.0,0.0,0.0,0.0,0.0,0.0,0.26545677112800004,0.26545677112800004,0.535653,1
2024-07-15,0.34767800000000004,0.2104345448383733,4,0.107206,0.570786,0.42206675,1.688267,0.2881015,0.07530449494552101,3,4,bullish,-0.14789799999999997,0.20377979537688337,0.14674332350650002,0.3143856666666666,0.17986230011527637,2.6666666666666665,0.3748378055555555,0.12837900000000005,0.31928423809523815,0.22161882053758847,2.7142857142857144,0.37389647619047617,0.07748100000000002,0.26187747312925175,0.2452844646773163,2.9285714285714284,0.38942116717687075,0.008778555555555623,0.2625350828306878,0.2028724336923055,2.966666666666667,0.407884003015873,0.2669563333333334,50.0,0.10562033333333332,0.005479911728395052,0.6970195046489731,-0.18724403115690968,-0.29843656674253793,-0.543571,0.0,0.0,0.0,0.0,0.0,0.0,0.0,0.0,0.0,0.0,0.0,0.0,0.0,0.0,0.0,0.0,0.0,0.0,0.0,0.0,0.0,0.0,0.0,0.0,0.0,0.0,0.0,0.0,0.0,0.0,0.0,0.0,0.0,0.0,0.0,0.0,0.0,0.0,0.0,0.0,0.0,0.0,0.0,0.0,0.0,0.14674332350650002,0.5869732940260001,0.42206675,3
2024-07-16,0.35966714285714285,0.10302430480138909,7,0.243311,0.533782,0.4334414285714286,3.03409,0.2780358571428571,0.14256182117643862,4,7,bullish,0.01198914285714281,0.16834402975715357,0.15589464021020408,0.4009737142857143,0.1567294248198812,4.0,0.4637203928571429,0.25976414285714283,0.26009654421768713,0.20185306791488855,3.5714285714285716,0.3568962517006803,-0.4143138571428572,0.2620294404761905,0.23358522018092215,3.0714285714285716,0.3819491692176871,0.002127542857142839,0.2712445959259259,0.20401877090534545,3.066666666666667,0.41243807563492063,0.26128539285714286,50.0,-0.04267149999999997,0.0169318561728395,0.7020218290561043,-0.14851554127832656,0.03448346705038219,0.15988714285714278,0.0,0.0,0.0,0.0,0.0,0.0,0.0,0.0,0.0,0.0,0.0,0.0,0.0,0.0,0.0,0.0,0.0,0.0,0.0,0.0,0.0,0.0,0.0,0.0,0.0,0.0,0.0,0.0,0.0,0.0,0.0,0.0,0.0,0.0,0.0,0.0,0.0,0.0,0.0,0.0,0.0,0.0,0.0,0.0,0.0,0.15589464021020408,1.0912624814714285,0.4334414285714286,4
2024-07-17,0.21842224999999998,0.20200845671138787,4,0.0,0.407132,0.3400035,1.360014,0.35939975,0.07118310805415845,3,4,bullish,-0.14124489285714287,0.16618934043583244,0.074264329477875,0.30858913095238094,0.17182243545038342,5.0,0.3985038928571429,-0.27715375000000003,0.26178115136054425,0.1866919905033851,3.5714285714285716,0.33048000170068026,0.011792249999999976,0.25585824404761903,0.2307146053200554,3.2857142857142856,0.38259056207482994,-0.08639675000000002,0.27227847092592594,0.20852967777662593,3.1333333333333333,0.4157634923015873,0.031016249999999995,50.0,0.1908758095238096,-0.005589998324514995,0.6865242067731416,-0.1611795939953639,-0.392710025539487,-0.15323403571428568,0.0,0.0,0.0,0.0,0.0,0.0,0.0,0.0,0.0,0.0,0.0,0.0,0.0,0.0,0.0,0.0,0.0,0.0,0.0,0.0,0.0,0.0,0.0,0.0,0.0,0.0,0.0,0.0,0.0,0.0,0.0,0.0,0.0,0.0,0.0,0.0,0.0,0.0,0.0,0.0,0.0,0.0,0.0,0.0,0.0,0.074264329477875,0.2970573179115,0.3400035,3
2024-07-18,0.15058300000000002,0.14364167153023527,2,0.049013,0.252153,0.479532,0.959064,0.1826205,0.020904197772217907,2,2,bullish,-0.06783924999999996,0.16477724447034642,0.07220936715600001,0.2428907976190476,0.14955814434767073,4.333333333333333,0.41765897619047615,-0.19709500000000002,0.2701611989795919,0.1698377078783729,3.4285714285714284,0.35873543027210886,0.058660333333333356,0.23746170833333333,0.22898161516423646,3.2857142857142856,0.3869604192176871,-0.25755149999999993,0.2652806487037037,0.20740180181048237,3.1,0.4153782923015873,-0.20993466666666666,50.0,0.6015323333333333,0.06241337204585537,0.6795860806369938,-0.17695273452588262,-0.31058763473043594,0.0734056428571429,0.0,0.0,0.0,0.0,0.0,0.0,0.0,0.0,0.0,0.0,0.0,0.0,0.0,0.0,0.0,0.0,0.0,0.0,0.0,0.0,0.0,0.0,0.0,0.0,0.0,0.0,0.0,0.0,0.0,0.0,0.0,0.0,0.0,0.0,0.0,0.0,0.0,0.0,0.0,0.0,0.0,0.0,0.0,0.0,0.0,0.07220936715600001,0.14441873431200003,0.479532,2
2024-07-19,0.27355425,0.14038555673186848,4,0.069,0.384695,0.50708875,2.028355,0.317483,0.0542597923266698,3,4,bullish,0.12297124999999998,0.1598989069226508,0.1387162826896875,0.21418649999999997,0.16201189499116386,3.3333333333333335,0.44220808333333333,-0.08611289285714285,0.27791194897959187,0.15813076500090562,3.5714285714285716,0.41208272789115646,0.054255250000000005,0.24530280782312924,0.2145082562996057,3.0714285714285716,0.4053401258503401,0.10977539285714286,0.2607178125925926,0.19915951028149467,3.033333333333333,0.41395611174603175,-0.13688508333333332,50.0,-0.023697999999999997,0.06330777945326277,0.6761436997546373,-0.1619578286435263,0.8166343478347486,0.19081049999999994,0.0,0.0,0.0,0.0,0.0,0.0,0.0,0.0,0.0,0.0,0.0,0.0,0.0,0.0,0.0,0.0,0.0,0.0,0.0,0.0,0.0,0.0,0.0,0.0,0.0,0.0,0.0,0.0,0.0,0.0,0.0,0.0,0.0,0.0,0.0,0.0,0.0,0.0,0.0,0.0,0.0,0.0,0.0,0.0,0.0,0.1387162826896875,0.55486513075875,0.50708875,3
2024-07-21,0.31512,0.0,1,0.31512,0.31512,0.142847,0.142847,0.414524,0.0,1,1,bullish,0.04156575000000001,0.14726499744372018,0.045013946640000004,0.2464190833333333,0.14201361413105187,2.3333333333333335,0.37648924999999994,0.09669775000000003,0.30865723469387757,0.15989890692265085,3.2857142857142856,0.4086617755102041,0.215217,0.28690973639455786,0.18314633686949577,2.857142857142857,0.3775075008503402,0.582497,0.2590397125925926,0.19915951028149467,3.033333333333333,0.4050118117460318,-0.05034299999999997,50.0,-0.03600500000000001,0.06789692760141092,0.6992343193902797,-0.16698124827916855,0.15194700868292133,-0.08140549999999996,0.0,0.0,0.0,0.0,0.0,0.0,0.0,0.0,0.0,0.0,0.0,0.0,0.0,0.0,0.0,0.0,0.0,0.0,0.0,0.0,0.0,0.0,0.0,0.0,0.0,0.0,0.0,0.0,0.0,0.0,0.0,0.0,0.0,0.0,0.0,0.0,0.0,0.0,0.0,0.0,0.0,0.0,0.0,0.0,0.0,0.045013946640000004,0.045013946640000004,0.142847,1
2024-07-22,0.009767499999999998,0.22534432456243492,2,-0.149575,0.16911,0.162568,0.325136,0.240663,0.05887512481515433,2,2,neutral,-0.3053525,0.17784500238398165,0.0015878829399999996,0.1994805833333333,0.1828649406471517,2.3333333333333335,0.27083458333333327,-0.14081550000000004,0.23925602040816327,0.17080647652928152,3.4285714285714284,0.355363918367347,-0.48580850000000003,0.27373577210884353,0.1869825175688539,2.9285714285714284,0.3814240722789116,-0.18443549999999997,0.2475434737037037,0.19821041972753145,3.0,0.398122233968254,-0.34488716666666674,50.0,-0.511398,0.015082288712522028,0.6853031331480638,-0.18596325648139714,-0.9690038715410003,-0.34691825000000004,0.0,0.0,0.0,0.0,0.0,0.0,0.0,0.0,0.0,0.0,0.0,0.0,0.0,0.0,0.0,0.0,0.0,0.0,0.0,0.0,0.0,0.0,0.0,0.0,0.0,0.0,0.0,0.0,0.0,0.0,0.0,0.0,0.0,0.0,0.0,0.0,0.0,0.0,0.0,0.0,0.0,0.0,0.0,0.0,0.0,0.0015878829399999996,0.003175765879999999,0.162568,2
2024-07-23,0.25035999999999997,0.22637604823096164,7,-0.077825,0.484216,0.44391357142857146,3.1073950000000004,0.1792912857142857,0.1037928732182743,2,7,bullish,0.2405925,0.1839369002638751,0.11113820174285714,0.19174916666666664,0.22586018639669828,3.3333333333333335,0.24977619047619048,-0.023194250000000027,0.22535344897959186,0.17346339376137956,3.857142857142857,0.35848489285714286,-0.09731800000000007,0.272318843537415,0.19535222411420178,3.2857142857142856,0.3661906845238096,-0.01983700000000005,0.24475029592592593,0.19849492552736608,3.1333333333333333,0.4000173307936508,-0.08379533333333339,50.0,-0.28427100000000005,0.0003292269841269624,0.6807920596101479,-0.19217014294348123,24.631942667007937,0.545945,0.0,0.0,0.0,0.0,0.0,0.0,0.0,0.0,0.0,0.0,0.0,0.0,0.0,0.0,0.0,0.0,0.0,0.0,0.0,0.0,0.0,0.0,0.0,0.0,0.0,0.0,0.0,0.0,0.0,0.0,0.0,0.0,0.0,0.0,0.0,0.0,0.0,0.0,0.0,0.0,0.0,0.0,0.0,0.0,0.0,0.11113820174285714,0.7779674122,0.44391357142857146,2
2024-07-24,0.13178907142857144,0.16388515054872763,14,-0.237732,0.311464,0.36484864285714286,5.107881,0.15201314285714287,0.12206242063535623,3,14,neutral,-0.11857092857142854,0.18899777001849818,0.04808306385411735,0.13063885714285708,0.20520184111404138,7.666666666666667,0.3237767380952381,-0.18333092857142858,0.19279943877551023,0.18360686805260265,4.857142857142857,0.34868592346938776,-0.22787807142857142,0.22644799149659864,0.19272996798374556,4.214285714285714,0.3527910875850341,-0.6421919285714286,0.24345976497354496,0.20268781965563254,3.533333333333333,0.4005102688888889,-0.038715928571428554,50.0,0.40811633333333336,0.045344589947089925,0.6653461381703665,-0.19402721436084275,-0.4736017277976855,-0.3591634285714285,0.0,0.0,0.0,0.0,0.0,0.0,0.0,0.0,0.0,0.0,0.0,0.0,0.0,0.0,0.0,0.0,0.0,0.0,0.0,0.0,0.0,0.0,0.0,0.0,0.0,0.0,0.0,0.0,0.0,0.0,0.0,0.0,0.0,0.0,0.0,0.0,0.0,0.0,0.0,0.0,0.0,0.0,0.0,0.0,0.0,0.04808306385411735,0.6731628939576428,0.36484864285714286,3
2024-07-25,0.33143500000000004,0.35094416657069544,2,0.08328,0.57959,0.35926949999999996,0.7185389999999999,0.342361,0.08425318719193947,2,2,bullish,0.1996459285714286,0.24163742247820494,0.1190744867325,0.23786135714285708,0.2470684551167949,7.666666666666667,0.3893439047619047,0.32166750000000005,0.2089441173469388,0.20842948636248726,4.571428571428571,0.35143820918367347,0.11301275000000005,0.23536263435374147,0.19756073843293612,4.071428571428571,0.3409591054421769,0.12480500000000003,0.2467011983068783,0.21092696052651524,3.533333333333333,0.3961880355555556,0.09724300000000002,50.0,0.15839666666666666,0.05120862698412697,0.6850411135861731,-0.22139213977664923,1.5148898645942355,0.31821685714285713,0.0,0.0,0.0,0.0,0.0,0.0,0.0,0.0,0.0,0.0,0.0,0.0,0.0,0.0,0.0,0.0,0.0,0.0,0.0,0.0,0.0,0.0,0.0,0.0,0.0,0.0,0.0,0.0,0.0,0.0,0.0,0.0,0.0,0.0,0.0,0.0,0.0,0.0,0.0,0.0,0.0,0.0,0.0,0.0,0.0,0.1190744867325,0.238148973465,0.35926949999999996,2
2024-07-26,0.15956800000000004,0.5440734132890525,2,-0.22515,0.544286,0.465509,0.931018,0.091148,0.3643678817047409,2,2,bullish,-0.171867,0.30212462064037443,0.07428034011200002,0.20759735714285713,0.35296757680282526,6.0,0.3965423809523809,-0.09079199999999993,0.21022768877551026,0.27516810998895674,4.571428571428571,0.34943492346938776,0.00898500000000002,0.240194443877551,0.22250290893366484,4.0,0.3540851768707483,0.06764533333333338,0.24326736497354498,0.22606998110663054,3.566666666666667,0.39340460222222223,-0.10301499999999997,50.0,0.058126,0.06240834920634919,0.7153906843598109,-0.25216279626457283,-0.5185541659752289,-0.3715129285714286,0.0,0.0,0.0,0.0,0.0,0.0,0.0,0.0,0.0,0.0,0.0,0.0,0.0,0.0,0.0,0.0,0.0,0.0,0.0,0.0,0.0,0.0,0.0,0.0,0.0,0.0,0.0,0.0,0.0,0.0,0.0,0.0,0.0,0.0,0.0,0.0,0.0,0.0,0.0,0.0,0.0,0.0,0.0,0.0,0.0,0.07428034011200002,0.14856068022400004,0.465509,2
2024-07-29,0.2689066666666667,0.16433394529149073,6,0.054609,0.469434,0.5750529999999999,3.4503179999999998,0.21987766666666667,0.06944020421532952,3,6,bullish,0.10933866666666664,0.2899225447861856,0.15463558538666666,0.25330322222222224,0.3531171750504129,3.3333333333333335,0.4666105,0.13711759523809525,0.20956374829931976,0.27915950808222717,4.857142857142857,0.3591441020408163,-0.004647583333333316,0.24373784863945577,0.21864513654156637,4.214285714285714,0.3856134149659864,0.04960766666666669,0.25481895386243386,0.2233858056364071,3.7333333333333334,0.4065351355555556,0.3465476666666667,50.0,-0.361128,0.0010745925925925654,0.6967306795294925,-0.17987442476758775,0.6852167518967875,0.28120566666666663,0.0,0.0,0.0,0.0,0.0,0.0,0.0,0.0,0.0,0.0,0.0,0.0,0.0,0.0,0.0,0.0,0.0,0.0,0.0,0.0,0.0,0.0,0.0,0.0,0.0,0.0,0.0,0.0,0.0,0.0,0.0,0.0,0.0,0.0,0.0,0.0,0.0,0.0,0.0,0.0,0.0,0.0,0.0,0.0,0.0,0.15463558538666666,0.92781351232,0.5750529999999999,3
2024-07-30,0.0596705,0.05541525133480854,2,0.020486,0.098855,0.23331049999999998,0.46662099999999995,0.20714300000000002,0.0767338136808018,2,2,neutral,-0.20923616666666667,0.255730385406955,0.01392175419025,0.16271505555555554,0.2546075366384506,3.3333333333333335,0.42462416666666664,-0.2717645,0.17307096258503404,0.24719604283259594,5.0,0.3720674591836734,-0.2554495,0.24086409863945582,0.2108222362034521,4.142857142857143,0.3903646173469388,-0.040232500000000004,0.24014000386243387,0.21638703254050715,3.7666666666666666,0.38723928555555553,-0.4403685,50.0,-0.008778555555555623,-0.06673772839506176,0.6707409927954382,-0.16733798803353345,-0.7780995884569615,-0.3185748333333333,0.0,0.0,0.0,0.0,0.0,0.0,0.0,0.0,0.0,0.0,0.0,0.0,0.0,0.0,0.0,0.0,0.0,0.0,0.0,0.0,0.0,0.0,0.0,0.0,0.0,0.0,0.0,0.0,0.0,0.0,0.0,0.0,0.0,0.0,0.0,0.0,0.0,0.0,0.0,0.0,0.0,0.0,0.0,0.0,0.0,0.01392175419025,0.0278435083805,0.23331049999999998,2
2024-07-31,0.10819033333333333,0.1013758073325847,3,0.0,0.200992,0.532197,1.596591,0.138289,0.08831136432532338,3,3,neutral,0.04851983333333333,0.2432285167637264,0.057578570829,0.14558916666666663,0.10704166798629466,3.6666666666666665,0.4468535,-0.05137766666666671,0.1871313673469388,0.22948625465690303,5.142857142857143,0.4248716020408163,0.09842283333333333,0.21319369387755102,0.2024032801364623,4.285714285714286,0.3901177602040816,-0.3873856666666667,0.23115649275132275,0.21600642586472543,3.7666666666666666,0.38146746333333337,-0.2695053333333333,50.0,-0.002127542857142839,-0.0643410109347443,0.6587661337092166,-0.17156379561397841,0.8131293240937034,0.257756,0.0,0.0,0.0,0.0,0.0,0.0,0.0,0.0,0.0,0.0,0.0,0.0,0.0,0.0,0.0,0.0,0.0,0.0,0.0,0.0,0.0,0.0,0.0,0.0,0.0,0.0,0.0,0.0,0.0,0.0,0.0,0.0,0.0,0.0,0.0,0.0,0.0,0.0,0.0,0.0,0.0,0.0,0.0,0.0,0.0,0.057578570829,0.172735712487,0.532197,3
2024-08-01,0.484564,0.0,1,0.484564,0.484564,0.625544,0.625544,0.344112,0.0,1,1,bullish,0.37637366666666666,0.21629960431198414,0.303116102816,0.2174749444444444,0.07839552933369663,2.0,0.46368383333333335,0.2156573333333333,0.2205890816326531,0.2300046223945599,4.285714285714286,0.450818806122449,0.23420400000000002,0.22297126530612246,0.2017340080779697,4.071428571428571,0.4046518494897959,0.13688599999999995,0.24204099275132274,0.21600642586472543,3.7666666666666666,0.3994074633333334,0.326535,50.0,0.08639675000000002,-0.050740816490299843,0.6442952837092165,-0.18603464561397842,3.478810491387092,0.32785383333333334,0.0,0.0,0.0,0.0,0.0,0.0,0.0,0.0,0.0,0.0,0.0,0.0,0.0,0.0,0.0,0.0,0.0,0.0,0.0,0.0,0.0,0.0,0.0,0.0,0.0,0.0,0.0,0.0,0.0,0.0,0.0,0.0,0.0,0.0,0.0,0.0,0.0,0.0,0.0,0.0,0.0,0.0,0.0,0.0,0.0,0.303116102816,0.303116102816,0.625544,1
2024-08-02,0.22961099999999998,0.2154661057258581,4,0.068682,0.528485,0.27622650000000004,1.1049060000000002,0.26061525,0.15054969878055774,2,4,bullish,-0.254953,0.13414777742118555,0.0634246428915,0.27412177777777774,0.1584209565292214,2.6666666666666665,0.4779891666666667,0.1699405,0.2345636428571429,0.23860144825741503,2.857142857142857,0.4381585,0.09782192857142855,0.21368154081632657,0.21110415815500883,3.857142857142857,0.3934222117346938,-0.13005614285714287,0.24521309275132275,0.22064677465196023,3.7,0.39641311333333334,0.095163,50.0,0.25755149999999993,0.03469801684303349,0.6363256495380929,-0.1757669114428549,-0.5261492805903865,-0.6313266666666666,0.0,0.0,0.0,0.0,0.0,0.0,0.0,0.0,0.0,0.0,0.0,0.0,0.0,0.0,0.0,0.0,0.0,0.0,0.0,0.0,0.0,0.0,0.0,0.0,0.0,0.0,0.0,0.0,0.0,0.0,0.0,0.0,0.0,0.0,0.0,0.0,0.0,0.0,0.0,0.0,0.0,0.0,0.0,0.0,0.0,0.0634246428915,0.253698571566,0.27622650000000004,2
2024-08-03,-0.07545850000000001,0.3337126814199604,2,-0.311429,0.160512,0.27914300000000003,0.5582860000000001,-0.011835499999999999,0.3651775189691994,1,2,neutral,-0.3050695,0.17649246145330297,-0.021063712065500007,0.21290549999999997,0.27458939357290923,2.3333333333333335,0.3936378333333333,-0.18364883333333334,0.17643600000000004,0.23572953406562588,2.857142857142857,0.42671185714285714,-0.4068935,0.1926900586734694,0.2220795102140565,3.7142857142857144,0.38907503316326525,-0.29388075,0.23140116126984128,0.22595131378560906,3.466666666666667,0.38907972444444444,-0.4143579444444444,50.0,-0.10977539285714283,0.05408641763668429,0.6384207458094247,-0.1946001243808531,-1.3286362587158282,-0.05011650000000001,0.0,0.0,0.0,0.0,0.0,0.0,0.0,0.0,0.0,0.0,0.0,0.0,0.0,0.0,0.0,0.0,0.0,0.0,0.0,0.0,0.0,0.0,0.0,0.0,0.0,0.0,0.0,0.0,0.0,0.0,0.0,0.0,0.0,0.0,0.0,0.0,0.0,0.0,0.0,0.0,0.0,0.0,0.0,0.0,0.0,-0.021063712065500007,-0.04212742413100001,0.27914300000000003,1
2024-08-04,0.210255,0.0,1,0.210255,0.210255,0.27707,0.27707,0.210167,0.0,1,1,bullish,0.2857135,0.2168515314928011,0.05825535285,0.12146916666666663,0.27458939357290923,2.3333333333333335,0.2774798333333333,-0.274309,0.18367700000000003,0.17406075822094055,2.7142857142857144,0.39979200000000004,0.050686999999999954,0.19695234438775508,0.22921022282167663,3.642857142857143,0.37461346173469384,0.059671999999999975,0.2264916746031746,0.2262093383082299,3.3333333333333335,0.3803804111111111,-0.14728460000000002,50.0,-0.582497,-0.05598173051146387,0.6376720462532868,-0.19475582482471526,-3.786366015757005,0.5907830000000001,0.0,0.0,0.0,0.0,0.0,0.0,0.0,0.0,0.0,0.0,0.0,0.0,0.0,0.0,0.0,0.0,0.0,0.0,0.0,0.0,0.0,0.0,0.0,0.0,0.0,0.0,0.0,0.0,0.0,0.0,0.0,0.0,0.0,0.0,0.0,0.0,0.0,0.0,0.0,0.0,0.0,0.0,0.0,0.0,0.0,0.05825535285,0.05825535285,0.27707,1
2024-08-05,0.2588705714285714,0.11687895074086571,7,0.067815,0.384695,0.4585204285714286,3.2096430000000002,0.2752704285714286,0.059858971566110135,3,7,bullish,0.0486155714285714,0.2220192459622281,0.11869744535595918,0.1312223571428571,0.22529581608041305,3.3333333333333335,0.3382444761904762,0.029259571428571413,0.18224327210884356,0.16456975931081555,2.857142857142857,0.38314448979591836,-0.010036095238095288,0.19590351020408164,0.2270732586406764,3.857142857142857,0.37114429591836734,-0.014683678571428604,0.2249600603174603,0.22165390549292308,3.533333333333333,0.3846302920634921,-0.04594842857142861,50.0,0.1844355,-0.05308852680776017,0.6415690367433011,-0.1827560581718725,0.23122195157580738,-0.2370979285714286,0.0,0.0,0.0,0.0,0.0,0.0,0.0,0.0,0.0,0.0,0.0,0.0,0.0,0.0,0.0,0.0,0.0,0.0,0.0,0.0,0.0,0.0,0.0,0.0,0.0,0.0,0.0,0.0,0.0,0.0,0.0,0.0,0.0,0.0,0.0,0.0,0.0,0.0,0.0,0.0,0.0,0.0,0.0,0.0,0.0,0.11869744535595918,0.8308821174917143,0.4585204285714286,3
2024-08-06,0.202036,0.2422705025393448,4,0.0,0.538621,0.37739675,1.509587,0.156679,0.15487847429086674,2,4,bullish,-0.0568345714285714,0.22708206010650728,0.076247729783,0.22372052380952376,0.17957472664010526,4.0,0.3709957261904762,0.2774945,0.2025812006802721,0.20194080955172278,3.142857142857143,0.4037282397959184,0.14236549999999998,0.18782608163265305,0.2283396956322321,4.071428571428571,0.38789784948979594,-0.11308400000000002,0.21809011031746028,0.22496915296355227,3.6,0.3832650503968254,-0.20609849999999996,50.0,0.01983700000000005,-0.057342860141093493,0.6311495930739541,-0.20169061450252565,-0.21954821328253382,-0.1054501428571428,0.0,0.0,0.0,0.0,0.0,0.0,0.0,0.0,0.0,0.0,0.0,0.0,0.0,0.0,0.0,0.0,0.0,0.0,0.0,0.0,0.0,0.0,0.0,0.0,0.0,0.0,0.0,0.0,0.0,0.0,0.0,0.0,0.0,0.0,0.0,0.0,0.0,0.0,0.0,0.0,0.0,0.0,0.0,0.0,0.0,0.076247729783,0.304990919132,0.37739675,2
2024-08-07,0.16585925,0.15812749566805262,4,0.058254,0.399546,0.23459,0.93836,0.25588525,0.04406745979650593,3,4,bullish,-0.03617674999999998,0.21274740759205593,0.0389089214575,0.20892194047619042,0.17242564964942106,5.0,0.3568357261904762,-0.044395749999999984,0.21081961734693877,0.21329114721881637,3.2857142857142856,0.3612129540816326,0.05766891666666668,0.19897549234693881,0.2227382932243669,4.214285714285714,0.3930422780612245,0.15609175000000003,0.21815945674603174,0.21907477760627084,3.5,0.38275895515873015,0.002080392857142871,50.0,0.6421919285714286,0.05413713192239858,0.6159048850833282,-0.20462778151189964,-0.17906090993684287,0.02065782142857142,0.0,0.0,0.0,0.0,0.0,0.0,0.0,0.0,0.0,0.0,0.0,0.0,0.0,0.0,0.0,0.0,0.0,0.0,0.0,0.0,0.0,0.0,0.0,0.0,0.0,0.0,0.0,0.0,0.0,0.0,0.0,0.0,0.0,0.0,0.0,0.0,0.0,0.0,0.0,0.0,0.0,0.0,0.0,0.0,0.0,0.0389089214575,0.15563568583,0.23459,3
2024-08-09,0.2242793333333333,0.08293712097928968,3,0.158685,0.317505,0.3804646666666667,1.141394,0.25104333333333334,0.11461424456555709,2,3,bullish,0.05842008333333329,0.15005351748188822,0.08533036179688888,0.19739152777777771,0.16111170639556238,3.6666666666666665,0.3308171388888889,-0.03459123809523809,0.173636093537415,0.19156547617889527,3.5714285714285716,0.3262016207482993,-0.2602846666666667,0.197112587585034,0.2107850492867276,3.9285714285714284,0.3885102134353741,-0.02608066666666667,0.2345480011904762,0.2005251805387119,3.466666666666667,0.3776909857142857,0.49165633333333336,50.0,-0.12480500000000003,0.04124530476190475,0.6067722965104202,-0.20903397389137257,0.3522268630379872,0.09459683333333327,0.0,0.0,0.0,0.0,0.0,0.0,0.0,0.0,0.0,0.0,0.0,0.0,0.0,0.0,0.0,0.0,0.0,0.0,0.0,0.0,0.0,0.0,0.0,0.0,0.0,0.0,0.0,0.0,0.0,0.0,0.0,0.0,0.0,0.0,0.0,0.0,0.0,0.0,0.0,0.0,0.0,0.0,0.0,0.0,0.0,0.08533036179688888,0.2559910853906666,0.3804646666666667,2
2024-08-10,0.331976,0.0,1,0.331976,0.331976,0.421485,0.421485,0.245538,0.0,1,1,bullish,0.10769666666666669,0.15005351748188822,0.13992290436,0.24070486111111108,0.12053230832367119,2.6666666666666665,0.3455132222222222,0.12994,0.18825966496598642,0.18678535026950271,3.142857142857143,0.3469528350340136,0.10236500000000001,0.21141165391156463,0.21504867644472758,3.0,0.39255566751700677,0.20018692857142856,0.23914043452380954,0.2005251805387119,3.466666666666667,0.3881492857142857,0.137773,50.0,-0.06764533333333339,0.03396555026455025,0.6126928728715527,-0.20359917525250507,0.48018988225992,0.0492765833333334,0.0,0.0,0.0,0.0,0.0,0.0,0.0,0.0,0.0,0.0,0.0,0.0,0.0,0.0,0.0,0.0,0.0,0.0,0.0,0.0,0.0,0.0,0.0,0.0,0.0,0.0,0.0,0.0,0.0,0.0,0.0,0.0,0.0,0.0,0.0,0.0,0.0,0.0,0.0,0.0,0.0,0.0,0.0,0.0,0.0,0.13992290436,0.13992290436,0.421485,1
2024-08-11,0.178849,0.0,1,0.178849,0.178849,0.168099,0.168099,0.316348,0.0,1,1,bullish,-0.15312699999999999,0.16111170639556238,0.030064338051000002,0.24503477777777774,0.08293712097928968,1.6666666666666667,0.32334955555555556,0.012989749999999994,0.22458930782312922,0.15005351748188828,3.0,0.331089406462585,0.2543075,0.20051265391156464,0.20145912743213076,2.9285714285714284,0.37890063180272104,-0.15258600000000003,0.2360955011904762,0.2034041328998674,3.433333333333333,0.3718465523809524,-0.09134800000000001,50.0,-0.04960766666666669,0.01885394841269839,0.6221636849383233,-0.21024338731927564,-0.4612592476564571,-0.2608236666666667,0.0,0.0,0.0,0.0,0.0,0.0,0.0,0.0,0.0,0.0,0.0,0.0,0.0,0.0,0.0,0.0,0.0,0.0,0.0,0.0,0.0,0.0,0.0,0.0,0.0,0.0,0.0,0.0,0.0,0.0,0.0,0.0,0.0,0.0,0.0,0.0,0.0,0.0,0.0,0.0,0.0,0.0,0.0,0.0,0.0,0.030064338051000002,0.030064338051000002,0.168099,1
2024-08-12,0.202412,0.10801904610761938,2,0.126031,0.278793,0.5508310000000001,1.1016620000000001,0.2498115,0.11049745537567822,2,2,bullish,0.023563,0.11636122091832059,0.11149480437200002,0.23774566666666663,0.10801904610761938,1.3333333333333333,0.3801383333333333,-0.021867333333333294,0.2234688792517007,0.14164662320703447,3.142857142857143,0.37019812074829933,-0.007842999999999989,0.20357293962585032,0.15785369071398747,2.9285714285714284,0.38499506037414966,0.042843999999999965,0.21704320119047618,0.19942975428352372,3.466666666666667,0.37179281904761907,-0.571569,50.0,0.04023250000000002,-0.005292607142857155,0.6142910376884234,-0.20948496506937578,0.1317480108918696,0.17668999999999999,0.0,0.0,0.0,0.0,0.0,0.0,0.0,0.0,0.0,0.0,0.0,0.0,0.0,0.0,0.0,0.0,0.0,0.0,0.0,0.0,0.0,0.0,0.0,0.0,0.0,0.0,0.0,0.0,0.0,0.0,0.0,0.0,0.0,0.0,0.0,0.0,0.0,0.0,0.0,0.0,0.0,0.0,0.0,0.0,0.0,0.11149480437200002,0.22298960874400003,0.5508310000000001,2
2024-08-13,0.1858835,0.09351416470513974,2,0.119759,0.252008,0.077207,0.154414,0.324509,0.023429276087835064,2,2,bullish,-0.0165285,0.09482344393068297,0.0143515073845,0.18904816666666666,0.10076660540637958,1.6666666666666667,0.26537900000000003,-0.1460925,0.2130421547619048,0.13697366599988928,2.4285714285714284,0.3157247738095238,-0.07298707142857139,0.19764271343537415,0.15077171265535236,2.642857142857143,0.3494346318027211,-0.08302316666666668,0.21635165119047617,0.19111888943038755,3.4,0.35686914404761905,-0.0207465,50.0,0.38738566666666674,0.04994751058201057,0.5937754831903846,-0.20189306057133702,-0.08165770804102523,-0.0400915,0.0,0.0,0.0,0.0,0.0,0.0,0.0,0.0,0.0,0.0,0.0,0.0,0.0,0.0,0.0,0.0,0.0,0.0,0.0,0.0,0.0,0.0,0.0,0.0,0.0,0.0,0.0,0.0,0.0,0.0,0.0,0.0,0.0,0.0,0.0,0.0,0.0,0.0,0.0,0.0,0.0,0.0,0.0,0.0,0.0,0.0143515073845,0.028703014769,0.077207,2
2024-08-15,0.33183500000000005,0.17178041324027604,3,0.166351,0.509286,0.347917,1.0437509999999999,0.3440106666666667,0.04156276917306322,2,3,bullish,0.14595150000000004,0.12443787468434508,0.11545103769500001,0.24004349999999997,0.12443787468434507,2.3333333333333335,0.3253183333333333,0.15298600000000004,0.23158486904761905,0.12287564814007554,2.2857142857142856,0.31151338095238096,0.12979900000000005,0.2170830348639456,0.16240822884589912,2.7142857142857144,0.35762081037414967,0.27216450000000003,0.224348728968254,0.1880777663453862,3.4,0.3590749107142857,0.2399123333333334,50.0,-0.13688599999999995,0.0994598439153439,0.6031833692751147,-0.17909419665606716,0.7851772750136512,0.16248000000000004,0.0,0.0,0.0,0.0,0.0,0.0,0.0,0.0,0.0,0.0,0.0,0.0,0.0,0.0,0.0,0.0,0.0,0.0,0.0,0.0,0.0,0.0,0.0,0.0,0.0,0.0,0.0,0.0,0.0,0.0,0.0,0.0,0.0,0.0,0.0,0.0,0.0,0.0,0.0,0.0,0.0,0.0,0.0,0.0,0.0,0.11545103769500001,0.34635311308500005,0.347917,2
2024-08-16,0.216174,0.0,1,0.216174,0.216174,0.495015,0.495015,0.076555,0.0,1,1,bullish,-0.11566100000000004,0.12443787468434508,0.10700937261,0.24463083333333333,0.13264728897270792,2.0,0.30671299999999996,0.013761999999999996,0.23877269047619049,0.11406268625808128,1.8571428571428572,0.34871695238095235,0.05031474999999999,0.2247961539115646,0.16918960901404514,2.5714285714285716,0.3549649532312925,0.10798366666666667,0.2242445623015873,0.18709735557793897,3.3333333333333335,0.37112015515873015,-0.003124999999999989,50.0,0.13005614285714287,0.09341769312169312,0.5973665150420259,-0.17669594242297826,-0.3485497310410295,-0.2616125000000001,0.0,0.0,0.0,0.0,0.0,0.0,0.0,0.0,0.0,0.0,0.0,0.0,0.0,0.0,0.0,0.0,0.0,0.0,0.0,0.0,0.0,0.0,0.0,0.0,0.0,0.0,0.0,0.0,0.0,0.0,0.0,0.0,0.0,0.0,0.0,0.0,0.0,0.0,0.0,0.0,0.0,0.0,0.0,0.0,0.0,0.10700937261,0.10700937261,0.495015,1
2024-08-17,0.17895,0.0,1,0.17895,0.17895,0.056011,0.056011,0.21457,0.0,1,1,bullish,-0.03722400000000001,0.12443787468434508,0.01002316845,0.24231966666666663,0.17178041324027604,1.6666666666666667,0.29964766666666665,-0.006933500000000009,0.23229707142857145,0.12443787468434515,1.5714285714285714,0.3023664285714286,-0.045329333333333305,0.20296658248299318,0.16918960901404514,2.5714285714285716,0.314284024659864,-0.305614,0.22687946230158731,0.1888158692227462,3.2666666666666666,0.3674273996031746,0.07904699999999999,50.0,0.29388075,0.12386699867724868,0.6039574848731007,-0.17857081939691025,-0.17219462099975025,0.07843700000000003,0.0,0.0,0.0,0.0,0.0,0.0,0.0,0.0,0.0,0.0,0.0,0.0,0.0,0.0,0.0,0.0,0.0,0.0,0.0,0.0,0.0,0.0,0.0,0.0,0.0,0.0,0.0,0.0,0.0,0.0,0.0,0.0,0.0,0.0,0.0,0.0,0.0,0.0,0.0,0.0,0.0,0.0,0.0,0.0,0.0,0.01002316845,0.01002316845,0.056011,1
2024-08-18,-0.150971,0.0,1,-0.150971,-0.150971,0.609763,0.609763,0.0,0.0,1,1,bearish,-0.329921,0.13264728897270794,-0.092056529873,0.0813843333333333,0.0,1.0,0.38692966666666667,-0.48280600000000007,0.16330464285714288,0.12443787468434515,1.5714285714285714,0.3292632857142857,-0.482947,0.17578215391156463,0.16340504692506855,2.357142857142857,0.33810806037414964,-0.380582,0.20532789563492063,0.1888158692227462,3.2666666666666666,0.36989773293650796,-0.646547,50.0,-0.059672,0.045882117724867715,0.5559430171033788,-0.17879695162718828,-1.843649063984353,-0.292697,0.0,0.0,0.0,0.0,0.0,0.0,0.0,0.0,0.0,0.0,0.0,0.0,0.0,0.0,0.0,0.0,0.0,0.0,0.0,0.0,0.0,0.0,0.0,0.0,0.0,0.0,0.0,0.0,0.0,0.0,0.0,0.0,0.0,0.0,0.0,0.0,0.0,0.0,0.0,0.0,0.0,0.0,0.0,0.0,0.0,-0.092056529873,-0.092056529873,0.609763,1
2024-08-19,0.25594999999999996,0.16115011798009954,3,0.075225,0.384695,0.432653,1.297959,0.3025196666666667,0.13108664468332892,2,3,bullish,0.406921,0.16646526561018785,0.11073753534999999,0.09464299999999996,0.16115011798009954,1.6666666666666667,0.36614233333333335,0.03977599999999995,0.17431907142857142,0.13361593550828374,1.8571428571428572,0.36705671428571435,0.07710099999999995,0.19945418962585035,0.14183472649508594,2.4285714285714284,0.3490730603741497,0.3314085,0.20227029563492063,0.18657566800191558,3.2333333333333334,0.37025060793650794,-0.09172800000000009,50.0,0.014683678571428604,0.06138085978835978,0.5018508409020014,-0.11506657542581089,-2.6953587112756754,0.736842,0.0,0.0,0.0,0.0,0.0,0.0,0.0,0.0,0.0,0.0,0.0,0.0,0.0,0.0,0.0,0.0,0.0,0.0,0.0,0.0,0.0,0.0,0.0,0.0,0.0,0.0,0.0,0.0,0.0,0.0,0.0,0.0,0.0,0.0,0.0,0.0,0.0,0.0,0.0,0.0,0.0,0.0,0.0,0.0,0.0,0.11073753534999999,0.33221260604999997,0.432653,2
2024-08-20,0.17517575,0.168608816296529,4,0.035258,0.416601,0.34239125,1.369565,0.2152285,0.10891295872851862,2,4,bullish,-0.08077424999999996,0.1648794671383143,0.05997864401218749,0.0933849166666666,0.1648794671383143,2.6666666666666665,0.46160241666666674,-0.0037742500000000068,0.17042817857142858,0.14876337805551113,2.142857142857143,0.3372796071428571,-0.027236250000000017,0.19694852891156464,0.14480962536191294,2.642857142857143,0.3537388639455782,-0.035079250000000006,0.19612058253968254,0.18955678216078556,3.1333333333333333,0.367215601984127,-0.18449139285714286,50.0,0.11308400000000002,0.08146189682539684,0.4978219675309816,-0.12041079372145788,-0.31558605196327394,-0.4876952499999999,0.0,0.0,0.0,0.0,0.0,0.0,0.0,0.0,0.0,0.0,0.0,0.0,0.0,0.0,0.0,0.0,0.0,0.0,0.0,0.0,0.0,0.0,0.0,0.0,0.0,0.0,0.0,0.0,0.0,0.0,0.0,0.0,0.0,0.0,0.0,0.0,0.0,0.0,0.0,0.0,0.0,0.0,0.0,0.0,0.0,0.05997864401218749,0.23991457604874997,0.34239125,2
2024-08-21,-0.10757349999999999,0.35965501500813246,2,-0.361888,0.146741,0.157056,0.314112,0.170241,0.042429235298317595,1,2,neutral,-0.28274924999999995,0.22980464976158702,-0.016895063616,0.10785074999999993,0.22980464976158702,3.0,0.3107000833333333,0.043397500000000006,0.12850575000000003,0.2152985906312593,2.142857142857143,0.34868660714285715,-0.29345699999999997,0.1707739523809524,0.17178474361383148,2.2857142857142856,0.33220569047619053,-0.3664440714285714,0.18525405753968252,0.1967225348106376,3.066666666666667,0.361117351984127,-0.32599575,50.0,-0.15609175000000003,0.06963033201058202,0.5362658850191854,-0.17557911120966155,-1.6140889934822598,-0.201975,0.0,0.0,0.0,0.0,0.0,0.0,0.0,0.0,0.0,0.0,0.0,0.0,0.0,0.0,0.0,0.0,0.0,0.0,0.0,0.0,0.0,0.0,0.0,0.0,0.0,0.0,0.0,0.0,0.0,0.0,0.0,0.0,0.0,0.0,0.0,0.0,0.0,0.0,0.0,0.0,0.0,0.0,0.0,0.0,0.0,-0.016895063616,-0.033790127232,0.157056,1
2024-08-22,0.261916,0.12267257211781288,4,0.16287,0.439722,0.50594475,2.023779,0.2284305,0.11584938756419906,3,4,bullish,0.36948949999999997,0.2030216303506435,0.132515025141,0.10983941666666663,0.2169788011408248,3.3333333333333335,0.3351306666666667,0.005966000000000027,0.11851732142857144,0.20302163035064352,2.2857142857142856,0.37126200000000004,-0.06991900000000006,0.17505109523809526,0.15849608467810572,2.2857142857142856,0.3413876904761905,0.05987999999999999,0.18896515753968254,0.19576939392825476,3.1333333333333333,0.361997776984127,0.11133299999999996,50.0,0.02608066666666667,0.06805790608465608,0.5472285937040923,-0.17116925322790177,-3.4347632084109936,0.65223875,0.0,0.0,0.0,0.0,0.0,0.0,0.0,0.0,0.0,0.0,0.0,0.0,0.0,0.0,0.0,0.0,0.0,0.0,0.0,0.0,0.0,0.0,0.0,0.0,0.0,0.0,0.0,0.0,0.0,0.0,0.0,0.0,0.0,0.0,0.0,0.0,0.0,0.0,0.0,0.0,0.0,0.0,0.0,0.0,0.0,0.132515025141,0.530060100564,0.50594475,3
2024-08-23,0.14672733333333335,0.12673945535756945,3,0.020789,0.274253,0.290783,0.872349,0.16091599999999998,0.15250479825894003,2,3,neutral,-0.11518866666666663,0.18776519535202868,0.042665814168666674,0.10035661111111109,0.20302234749450498,3.0,0.3179279166666667,-0.028448416666666643,0.10859636904761906,0.18776519535202868,2.5714285714285716,0.342086,-0.06944666666666666,0.17368452976190477,0.1550085246436076,2.2142857142857144,0.3454014761904762,-0.019131916666666665,0.18473759365079365,0.19514911659305936,3.1,0.35478758531746035,-0.12682691666666665,50.0,-0.20018692857142856,0.002772062169312167,0.5227853308885547,-0.1805096570790309,-0.4397924016351298,-0.48467816666666663,0.0,0.0,0.0,0.0,0.0,0.0,0.0,0.0,0.0,0.0,0.0,0.0,0.0,0.0,0.0,0.0,0.0,0.0,0.0,0.0,0.0,0.0,0.0,0.0,0.0,0.0,0.0,0.0,0.0,0.0,0.0,0.0,0.0,0.0,0.0,0.0,0.0,0.0,0.0,0.0,0.0,0.0,0.0,0.0,0.0,0.042665814168666674,0.12799744250600004,0.290783,2
2024-08-24,-0.043803,0.0,1,-0.043803,-0.043803,0.053629,0.053629,0.171487,0.0,1,1,neutral,-0.19053033333333336,0.19441896469501097,-0.002349111087,0.12161344444444443,0.12470601373769125,2.6666666666666665,0.28345225,0.06377049999999998,0.07677451190476192,0.18776519535202868,2.5714285714285716,0.34174571428571426,-0.222753,0.15453579166666667,0.1640174501016473,2.0714285714285716,0.3220560714285714,-0.2680823333333333,0.17277349365079367,0.19514911659305936,3.1,0.35181365198412695,-0.358923,50.0,0.152586,0.03493561772486772,0.5030158064679452,-0.1880815326584214,-1.2985333339391434,-0.07534166666666672,0.0,0.0,0.0,0.0,0.0,0.0,0.0,0.0,0.0,0.0,0.0,0.0,0.0,0.0,0.0,0.0,0.0,0.0,0.0,0.0,0.0,0.0,0.0,0.0,0.0,0.0,0.0,0.0,0.0,0.0,0.0,0.0,0.0,0.0,0.0,0.0,0.0,0.0,0.0,0.0,0.0,0.0,0.0,0.0,0.0,-0.002349111087,-0.002349111087,0.053629,1
2024-08-25,0.4194855,0.23603577909397552,2,0.252583,0.586388,0.6050439999999999,1.2100879999999998,0.284794,0.13924205313769258,1,2,bullish,0.4632885,0.2112757053943726,0.253807184862,0.17413661111111112,0.18138761722577254,2.0,0.31648533333333334,0.15756950000000003,0.15826829761904765,0.19581029264235317,2.7142857142857144,0.3410715714285715,0.5704565,0.16078647023809525,0.17201948665635045,2.142857142857143,0.3351674285714286,0.08750950000000002,0.1864307603174603,0.19563509179903846,3.1,0.36656285198412697,0.409718,50.0,-0.042843999999999965,0.015724490740740737,0.512735790725486,-0.1483071169159622,-10.576638586398191,0.6538188333333333,0.0,0.0,0.0,0.0,0.0,0.0,0.0,0.0,0.0,0.0,0.0,0.0,0.0,0.0,0.0,0.0,0.0,0.0,0.0,0.0,0.0,0.0,0.0,0.0,0.0,0.0,0.0,0.0,0.0,0.0,0.0,0.0,0.0,0.0,0.0,0.0,0.0,0.0,0.0,0.0,0.0,0.0,0.0,0.0,0.0,0.253807184862,0.507614369724,0.6050439999999999,1
2024-08-26,0.13635366666666665,0.13613608082478842,3,0.030952,0.290054,0.39950899999999995,1.198527,0.18626833333333334,0.013575898067285777,3,3,neutral,-0.28313183333333336,0.1553959718485366,0.05447451701633332,0.17067872222222222,0.18608592995938203,2.0,0.35272733333333334,-0.010373666666666698,0.14118310714285714,0.1916412864498013,2.7142857142857144,0.33633671428571427,-0.1195963333333333,0.1577510892857143,0.16843114607319426,2.2857142857142856,0.3516967142857143,-0.04249533333333336,0.18263054920634922,0.1915332750987579,2.966666666666667,0.36508269960317463,-0.11400633333333332,50.0,0.08302316666666668,-0.007704129629629636,0.5048800603323089,-0.14784151985611843,-0.6749502267261522,-0.7464203333333334,0.0,0.0,0.0,0.0,0.0,0.0,0.0,0.0,0.0,0.0,0.0,0.0,0.0,0.0,0.0,0.0,0.0,0.0,0.0,0.0,0.0,0.0,0.0,0.0,0.0,0.0,0.0,0.0,0.0,0.0,0.0,0.0,0.0,0.0,0.0,0.0,0.0,0.0,0.0,0.0,0.0,0.0,0.0,0.0,0.0,0.05447451701633332,0.16342355104899994,0.39950899999999995,3
2024-08-27,0.4133246666666666,0.2749531276533026,3,0.096482,0.589275,0.41237433333333334,1.237123,0.329749,0.0809164029600921,2,3,bullish,0.27697099999999997,0.19346611073240902,0.17044448386688887,0.32305461111111106,0.21570832919068886,2.6666666666666665,0.47230911111111107,0.4571276666666666,0.17520438095238097,0.20936533834259693,2.5714285714285716,0.3463342976190476,0.23814891666666663,0.17281627976190478,0.18512455422776256,2.357142857142857,0.3418069523809524,0.2109126666666666,0.19201506904761906,0.19658181951260217,2.6,0.3666668892857142,0.2815355952380952,50.0,-0.27216450000000003,-0.031314407407407416,0.535184790367419,-0.1627008403674189,2.0312691750130174,0.5601028333333333,0.0,0.0,0.0,0.0,0.0,0.0,0.0,0.0,0.0,0.0,0.0,0.0,0.0,0.0,0.0,0.0,0.0,0.0,0.0,0.0,0.0,0.0,0.0,0.0,0.0,0.0,0.0,0.0,0.0,0.0,0.0,0.0,0.0,0.0,0.0,0.0,0.0,0.0,0.0,0.0,0.0,0.0,0.0,0.0,0.0,0.17044448386688887,0.5113334516006667,0.41237433333333334,2
2024-08-28,0.22830733333333333,0.22809521011162567,6,-0.044608,0.541777,0.38998299999999997,2.339898,0.21580049999999998,0.11451043879708087,3,6,bullish,-0.18501733333333328,0.21880504942092308,0.08903597877533333,0.2593285555555555,0.21306147286323893,4.0,0.40062211111111107,-0.19117816666666668,0.22318735714285715,0.18743870419317912,3.142857142857143,0.37960958333333333,0.3358808333333333,0.1758465535714286,0.19858265876841116,2.642857142857143,0.36414809523809527,0.04242383333333333,0.18857748015873016,0.19099777603718993,2.7333333333333334,0.3676906726190476,-0.1031276666666667,50.0,-0.10798366666666667,-0.044944112433862454,0.5344733152586971,-0.15936223192536375,-0.4476319664767163,-0.4619883333333332,0.0,0.0,0.0,0.0,0.0,0.0,0.0,0.0,0.0,0.0,0.0,0.0,0.0,0.0,0.0,0.0,0.0,0.0,0.0,0.0,0.0,0.0,0.0,0.0,0.0,0.0,0.0,0.0,0.0,0.0,0.0,0.0,0.0,0.0,0.0,0.0,0.0,0.0,0.0,0.0,0.0,0.0,0.0,0.0,0.0,0.08903597877533333,0.534215872652,0.38998299999999997,3
2024-08-29,0.23397980000000002,0.0867280748587215,5,0.121789,0.337094,0.20582979999999998,1.0291489999999999,0.2869046,0.09988227160662698,2,5,bullish,0.005672466666666681,0.19238965450848275,0.04816001543804,0.2918706,0.19659213754121665,4.666666666666667,0.3360623777777778,0.09762613333333336,0.21919647142857143,0.18144795464999727,3.2857142857142856,0.336736019047619,-0.027936199999999967,0.16885689642857143,0.1900774249302557,2.7857142857142856,0.3539990095238096,-0.09785520000000003,0.1910578734920635,0.17020935156308398,2.8333333333333335,0.3590346992857143,0.07441179999999997,50.0,0.305614,-0.023551890211640232,0.5276794255002213,-0.14575628716688788,0.024845748858994154,0.19068979999999996,0.0,0.0,0.0,0.0,0.0,0.0,0.0,0.0,0.0,0.0,0.0,0.0,0.0,0.0,0.0,0.0,0.0,0.0,0.0,0.0,0.0,0.0,0.0,0.0,0.0,0.0,0.0,0.0,0.0,0.0,0.0,0.0,0.0,0.0,0.0,0.0,0.0,0.0,0.0,0.0,0.0,0.0,0.0,0.0,0.0,0.04816001543804,0.2408000771902,0.20582979999999998,2
2024-08-30,0.22097200000000003,0.1628123436751649,3,0.050613,0.375008,0.5985936666666667,1.795781,0.19953200000000001,0.003845162545328874,3,3,bullish,-0.013007799999999986,0.17774496742472062,0.13227243971066668,0.22775304444444444,0.15921187621517072,4.666666666666667,0.39813548888888883,-0.1923526666666666,0.22980285238095238,0.1874601027029298,3.2857142857142856,0.38070897142857146,0.07424466666666668,0.16919961071428571,0.1875987811797929,2.9285714285714284,0.3613974857142857,0.0047980000000000245,0.18946005126984125,0.170140187853251,2.7333333333333334,0.3598193881746032,-0.04793466666666665,50.0,0.380582,0.03607852645502644,0.5389248049329654,-0.15733239993296527,-0.05559368800212661,-0.018680266666666667,0.0,0.0,0.0,0.0,0.0,0.0,0.0,0.0,0.0,0.0,0.0,0.0,0.0,0.0,0.0,0.0,0.0,0.0,0.0,0.0,0.0,0.0,0.0,0.0,0.0,0.0,0.0,0.0,0.0,0.0,0.0,0.0,0.0,0.0,0.0,0.0,0.0,0.0,0.0,0.0,0.0,0.0,0.0,0.0,0.0,0.13227243971066668,0.396817319132,0.5985936666666667,3
2024-08-31,0.509295,0.0,1,0.509295,0.509295,0.505874,0.505874,0.399116,0.0,1,1,bullish,0.288323,0.18814718907470368,0.25763909883,0.3214156,0.12477020926694325,3.0,0.4367658222222222,0.28098766666666675,0.3088168523809524,0.1874601027029298,3.2857142857142856,0.44531540000000003,0.5530980000000001,0.19279568214285714,0.1875987811797929,2.9285714285714284,0.3935305571428572,0.33034500000000006,0.20444753460317458,0.1756032800684149,2.7,0.3689048381746032,0.44962450000000004,50.0,-0.33140849999999994,-0.003642492063492067,0.5477907549329653,-0.14846644993296526,1.3047942725775212,0.3013308,0.0,0.0,0.0,0.0,0.0,0.0,0.0,0.0,0.0,0.0,0.0,0.0,0.0,0.0,0.0,0.0,0.0,0.0,0.0,0.0,0.0,0.0,0.0,0.0,0.0,0.0,0.0,0.0,0.0,0.0,0.0,0.0,0.0,0.0,0.0,0.0,0.0,0.0,0.0,0.0,0.0,0.0,0.0,0.0,0.0,0.25763909883,0.25763909883,0.505874,1
2024-09-01,0.428363,0.0,1,0.428363,0.428363,0.759278,0.759278,0.326458,0.0,1,1,bullish,-0.08093200000000006,0.15921187621517072,0.325246601914,0.38621,0.1628123436751649,1.6666666666666667,0.6212485555555555,0.19438319999999998,0.3100850666666667,0.17774496742472065,3.142857142857143,0.46734882857142857,0.008877499999999983,0.2341766821428571,0.1875987811797929,2.9285714285714284,0.4042102,0.579334,0.2151199568253968,0.17931465370520644,2.6333333333333333,0.37647420484126987,0.32017266666666666,50.0,0.03507924999999998,0.022498194444444435,0.5602664549329652,-0.13599074993296528,-0.1589098655985236,-0.36925500000000006,0.0,0.0,0.0,0.0,0.0,0.0,0.0,0.0,0.0,0.0,0.0,0.0,0.0,0.0,0.0,0.0,0.0,0.0,0.0,0.0,0.0,0.0,0.0,0.0,0.0,0.0,0.0,0.0,0.0,0.0,0.0,0.0,0.0,0.0,0.0,0.0,0.0,0.0,0.0,0.0,0.0,0.0,0.0,0.0,0.0,0.325246601914,0.325246601914,0.759278,1
2024-09-02,-0.0730235,0.33384420328126113,2,-0.309087,0.16304,0.43232550000000003,0.8646510000000001,-0.017726499999999992,0.3766962884347283,2,2,neutral,-0.5013865,0.1944615406050492,-0.03156992114925,0.2882115,0.33384420328126113,1.3333333333333333,0.5658258333333334,-0.2939955,0.2801740428571429,0.21728659191601524,3.0,0.4720369,-0.20937716666666667,0.210678575,0.2032982434798985,2.857142857142857,0.40418680714285715,-0.3289735,0.19653370682539684,0.18667320368501855,2.6666666666666665,0.3700335881746032,-0.5575875,50.0,0.3664440714285714,0.04626020238095237,0.578755416672057,-0.182023261672057,-1.1704710724315592,-0.4204544999999999,0.0,0.0,0.0,0.0,0.0,0.0,0.0,0.0,0.0,0.0,0.0,0.0,0.0,0.0,0.0,0.0,0.0,0.0,0.0,0.0,0.0,0.0,0.0,0.0,0.0,0.0,0.0,0.0,0.0,0.0,0.0,0.0,0.0,0.0,0.0,0.0,0.0,0.0,0.0,0.0,0.0,0.0,0.0,0.0,0.0,-0.03156992114925,-0.0631398422985,0.43232550000000003,2
2024-09-03,0.172264,0.0,1,0.172264,0.172264,0.517534,0.517534,0.171603,0.0,1,1,bullish,0.2452875,0.24832827347821307,0.08915247697600001,0.17586783333333333,0.33384420328126113,1.3333333333333333,0.5697125000000001,-0.3370310000000001,0.24573680476190482,0.20286995798169338,2.7142857142857144,0.48705970952380956,-0.24106066666666662,0.21047059285714284,0.20676718619823548,2.642857142857143,0.4166970035714286,-0.0029117499999999907,0.19462214015873017,0.18523355858297658,2.566666666666667,0.37807717150793646,-0.05734699999999998,50.0,-0.05987999999999999,0.04436731349206347,0.5929483654998859,-0.19757816049988602,-3.359021410915664,0.746674,0.0,0.0,0.0,0.0,0.0,0.0,0.0,0.0,0.0,0.0,0.0,0.0,0.0,0.0,0.0,0.0,0.0,0.0,0.0,0.0,0.0,0.0,0.0,0.0,0.0,0.0,0.0,0.0,0.0,0.0,0.0,0.0,0.0,0.0,0.0,0.0,0.0,0.0,0.0,0.0,0.0,0.0,0.0,0.0,0.0,0.08915247697600001,0.08915247697600001,0.517534,1
2024-09-04,0.346725,0.17460691402881692,4,0.187947,0.595859,0.386236,1.544944,0.34669425,0.08475305664251882,3,4,bullish,0.174461,0.25422555865503904,0.13391767710000002,0.14865516666666667,0.2542255586550391,2.3333333333333335,0.4453651666666667,-0.08163799999999999,0.2626536142857143,0.18949788396099115,2.4285714285714284,0.4865244238095238,0.11841766666666667,0.2429204857142857,0.18826237610030389,2.7857142857142856,0.4330670035714285,0.4542985,0.2086949234920635,0.1772782702134194,2.6333333333333333,0.38164693817460316,0.42218350000000004,50.0,0.019131916666666665,0.03726828571428569,0.5941277117750462,-0.19726850677504618,1.0127536803975294,-0.07082649999999999,0.0,0.0,0.0,0.0,0.0,0.0,0.0,0.0,0.0,0.0,0.0,0.0,0.0,0.0,0.0,0.0,0.0,0.0,0.0,0.0,0.0,0.0,0.0,0.0,0.0,0.0,0.0,0.0,0.0,0.0,0.0,0.0,0.0,0.0,0.0,0.0,0.0,0.0,0.0,0.0,0.0,0.0,0.0,0.0,0.0,0.13391767710000002,0.5356707084000001,0.386236,3
2024-09-06,0.30124433333333334,0.1810948185270173,3,0.119569,0.481753,0.45624233333333336,1.368727,0.25210899999999997,0.11542637301760807,3,3,bullish,-0.04548066666666667,0.22984864527903182,0.13744041754344447,0.2734111111111111,0.17785086627791719,2.6666666666666665,0.45333744444444446,0.37426783333333336,0.27226283333333334,0.21308956987806513,2.142857142857143,0.5222976428571429,0.06726453333333332,0.2457296523809524,0.19410460074122435,2.7142857142857144,0.429516830952381,0.039328333333333354,0.21172790126984126,0.17746001060930502,2.7,0.3876193492857143,0.09098933333333334,50.0,0.2680823333333333,0.09729571164021161,0.595987766140212,-0.1906215278068787,-0.13117215853101638,-0.21994166666666667,0.0,0.0,0.0,0.0,0.0,0.0,0.0,0.0,0.0,0.0,0.0,0.0,0.0,0.0,0.0,0.0,0.0,0.0,0.0,0.0,0.0,0.0,0.0,0.0,0.0,0.0,0.0,0.0,0.0,0.0,0.0,0.0,0.0,0.0,0.0,0.0,0.0,0.0,0.0,0.0,0.0,0.0,0.0,0.0,0.0,0.13744041754344447,0.41232125263033337,0.45624233333333336,3
2024-09-07,-0.177377,0.0,1,-0.177377,-0.177377,0.866386,0.866386,-0.057597,0.0,1,1,bearish,-0.47862133333333334,0.22984864527903182,-0.153676949522,0.15686411111111112,0.17785086627791719,2.6666666666666665,0.5696214444444445,-0.349641,0.21535583333333339,0.2298486452790319,1.8571428571428572,0.5605536904761905,-0.39834900000000006,0.22257934285714284,0.20158961689496377,2.5714285714285716,0.47063133095238097,-0.3241043333333333,0.19718631555555557,0.18048906360272698,2.5,0.40121486833333336,-0.4362475714285714,50.0,-0.08750950000000013,0.09957061904761902,0.5781714161402121,-0.20843787780687867,-1.5888143954021818,-0.4331406666666667,0.0,0.0,0.0,0.0,0.0,0.0,0.0,0.0,0.0,0.0,0.0,0.0,0.0,0.0,0.0,0.0,0.0,0.0,0.0,0.0,0.0,0.0,0.0,0.0,0.0,0.0,0.0,0.0,0.0,0.0,0.0,0.0,0.0,0.0,0.0,0.0,0.0,0.0,0.0,0.0,0.0,0.0,0.0,0.0,0.0,-0.153676949522,-0.153676949522,0.866386,1
2024-09-08,0.24815,0.0,1,0.24815,0.24815,0.190043,0.190043,0.305537,0.0,1,1,bullish,0.425527,0.17785086627791719,0.047159170449999996,0.12400577777777777,0.1810948185270173,1.6666666666666667,0.5042237777777778,-0.098575,0.17804940476190478,0.2298486452790319,1.8571428571428572,0.5154349761904762,-0.26114500000000007,0.2434331285714286,0.20158961689496377,2.5714285714285716,0.4803751880952381,0.291953,0.1987234488888889,0.17723740892185236,2.4,0.3949697433333333,0.046114000000000016,50.0,0.04249533333333336,0.0703352116402116,0.5981274661402121,-0.18848182780687864,-2.398997615248877,0.9041483333333333,0.0,0.0,0.0,0.0,0.0,0.0,0.0,0.0,0.0,0.0,0.0,0.0,0.0,0.0,0.0,0.0,0.0,0.0,0.0,0.0,0.0,0.0,0.0,0.0,0.0,0.0,0.0,0.0,0.0,0.0,0.0,0.0,0.0,0.0,0.0,0.0,0.0,0.0,0.0,0.0,0.0,0.0,0.0,0.0,0.0,0.047159170449999996,0.047159170449999996,0.190043,1
2024-09-09,0.206858,0.06820186325900487,2,0.158632,0.255084,0.0974295,0.194859,0.28021399999999996,0.18101226491594427,2,2,bullish,-0.04129200000000002,0.14130119860494642,0.020154071511,0.09254366666666665,0.06820186325900487,1.3333333333333333,0.38461949999999995,-0.09438633333333335,0.14640583333333335,0.18943694977402514,2.0,0.4208851904761905,-0.221505,0.22824545000000002,0.18294140402441147,2.5714285714285716,0.4441170095238095,-0.21262750000000002,0.20009007388888891,0.17250448090032353,2.3333333333333335,0.39039772666666667,0.04099874999999997,50.0,-0.2109126666666666,0.004613582010581985,0.5823945440371985,-0.17765810570386514,-0.16639935522869242,-0.466819,0.0,0.0,0.0,0.0,0.0,0.0,0.0,0.0,0.0,0.0,0.0,0.0,0.0,0.0,0.0,0.0,0.0,0.0,0.0,0.0,0.0,0.0,0.0,0.0,0.0,0.0,0.0,0.0,0.0,0.0,0.0,0.0,0.0,0.0,0.0,0.0,0.0,0.0,0.0,0.0,0.0,0.0,0.0,0.0,0.0,0.020154071511,0.040308143022,0.0974295,2
2024-09-10,0.32568840000000004,0.11742867716746196,5,0.15393,0.433074,0.3629562,1.814781,0.301902,0.09905417144421531,2,5,bullish,0.11883040000000006,0.12224178631782807,0.11821062404808001,0.26023213333333334,0.09281527021323346,2.6666666666666665,0.2168095666666667,0.5030654000000001,0.2033646761904762,0.1353330682455753,2.4285714285714284,0.4109752904761906,0.39871190000000006,0.2417693595238095,0.18086280361804188,2.7142857142857144,0.4415060952380952,0.1893347333333334,0.2034703761111111,0.17431982596285892,2.4,0.3898141111111111,0.10140906666666674,50.0,-0.04242383333333333,0.036722989417989384,0.5826087280901889,-0.16282102475685556,0.5744539732570173,0.16012240000000008,0.0,0.0,0.0,0.0,0.0,0.0,0.0,0.0,0.0,0.0,0.0,0.0,0.0,0.0,0.0,0.0,0.0,0.0,0.0,0.0,0.0,0.0,0.0,0.0,0.0,0.0,0.0,0.0,0.0,0.0,0.0,0.0,0.0,0.0,0.0,0.0,0.0,0.0,0.0,0.0,0.0,0.0,0.0,0.0,0.0,0.11821062404808001,0.5910531202404,0.3629562,2
2024-09-11,0.259899,0.23220859914202144,5,-0.049511,0.576893,0.413153,2.065765,0.2668282,0.20177548079412425,3,5,bullish,-0.06578940000000005,0.13927971318949614,0.10737805154699999,0.2641484666666667,0.13927971318949614,4.0,0.2911795666666667,0.011748999999999982,0.21588396190476192,0.15470817442486454,3.0,0.39606371904761906,0.08763499999999999,0.23081038333333334,0.17611341156123286,2.857142857142857,0.4415617142857143,-0.15342566666666663,0.20106780944444444,0.17721426462181705,2.533333333333333,0.3895363777777778,-0.072077,50.0,0.09785520000000003,0.043698094973544946,0.582775722252173,-0.1262407689188397,-0.20200105376795752,-0.1846198000000001,0.0,0.0,0.0,0.0,0.0,0.0,0.0,0.0,0.0,0.0,0.0,0.0,0.0,0.0,0.0,0.0,0.0,0.0,0.0,0.0,0.0,0.0,0.0,0.0,0.0,0.0,0.0,0.0,0.0,0.0,0.0,0.0,0.0,0.0,0.0,0.0,0.0,0.0,0.0,0.0,0.0,0.0,0.0,0.0,0.0,0.10737805154699999,0.536890257735,0.413153,3
2024-09-12,0.26532700000000004,0.16974746436692362,3,0.06998,0.376924,0.3846686666666666,1.1540059999999999,0.3366556666666667,0.1614968238119045,2,3,bullish,0.005428000000000044,0.14689665098385302,0.10206298332066667,0.2836381333333334,0.1731282468921357,4.333333333333333,0.38692595555555553,0.05846900000000005,0.20425567619047622,0.1537362844924859,2.857142857142857,0.3958398142857143,-0.08139799999999997,0.23345464523809523,0.1696303287007104,2.642857142857143,0.441182119047619,0.0370196666666667,0.20395040944444445,0.17685870270491735,2.6,0.39675536666666666,0.08647800000000003,50.0,-0.0047980000000000245,0.0024489759259258993,0.5896712568591889,-0.13279520352585553,0.020885036110181332,0.0712174000000001,0.0,0.0,0.0,0.0,0.0,0.0,0.0,0.0,0.0,0.0,0.0,0.0,0.0,0.0,0.0,0.0,0.0,0.0,0.0,0.0,0.0,0.0,0.0,0.0,0.0,0.0,0.0,0.0,0.0,0.0,0.0,0.0,0.0,0.0,0.0,0.0,0.0,0.0,0.0,0.0,0.0,0.0,0.0,0.0,0.0,0.10206298332066667,0.306188949962,0.3846686666666666,2
2024-09-13,0.20103933333333335,0.16585048066355834,3,0.062208,0.384695,0.5060263333333334,1.518079,0.20773766666666668,0.03151253912862837,3,3,bullish,-0.06428766666666669,0.1506874169197941,0.10173119670244446,0.24208844444444444,0.1892688480575012,3.6666666666666665,0.43461600000000006,-0.1246490666666667,0.18994067619047625,0.1506874169197941,2.857142857142857,0.40295181428571425,-0.10020499999999999,0.23110175476190478,0.17842170712347005,2.5,0.46262472857142856,-0.03294046666666667,0.2039046538888889,0.17961258054091442,2.6333333333333333,0.39526187777777777,-0.001372666666666661,50.0,-0.33034500000000006,-0.027602690740740773,0.5979741461886159,-0.1356668928552825,-0.24229598445189027,-0.06971566666666673,0.0,0.0,0.0,0.0,0.0,0.0,0.0,0.0,0.0,0.0,0.0,0.0,0.0,0.0,0.0,0.0,0.0,0.0,0.0,0.0,0.0,0.0,0.0,0.0,0.0,0.0,0.0,0.0,0.0,0.0,0.0,0.0,0.0,0.0,0.0,0.0,0.0,0.0,0.0,0.0,0.0,0.0,0.0,0.0,0.0,0.10173119670244446,0.3051935901073334,0.5060263333333334,3
2024-09-14,0.217151,0.0,1,0.217151,0.217151,0.061315,0.061315,0.362805,0.0,1,1,bullish,0.016111666666666663,0.17130880533499138,0.013314613565000001,0.22783911111111113,0.16779897251524103,2.3333333333333335,0.3173366666666667,-0.04274799999999998,0.24630181904761908,0.1506874169197941,2.857142857142857,0.2879416714285714,0.394528,0.2308288261904762,0.1803728775545082,2.357142857142857,0.42424768095238097,-0.003821000000000019,0.2049469038888889,0.18391750133270318,2.6,0.39473214444444443,0.031267500000000004,50.0,-0.579334,-0.09409890370370373,0.6110218461886159,-0.1226191928552825,0.0801418627863868,0.08039933333333335,0.0,0.0,0.0,0.0,0.0,0.0,0.0,0.0,0.0,0.0,0.0,0.0,0.0,0.0,0.0,0.0,0.0,0.0,0.0,0.0,0.0,0.0,0.0,0.0,0.0,0.0,0.0,0.0,0.0,0.0,0.0,0.0,0.0,0.0,0.0,0.0,0.0,0.0,0.0,0.0,0.0,0.0,0.0,0.0,0.0,0.013314613565000001,0.013314613565000001,0.061315,1
2024-09-16,0.06934999999999998,0.5866522031229406,3,-0.601535,0.486007,0.6292536666666667,1.887761,0.04993333333333333,0.3754185269300562,2,3,neutral,-0.14780100000000002,0.28861468682386104,0.043638741783333324,0.16251344444444446,0.37625134189324955,2.3333333333333335,0.3988650000000001,-0.19597700000000007,0.22075896190476194,0.2233482146203185,3.142857142857143,0.3506860523809524,-0.17880000000000001,0.19940418333333332,0.22551502483988958,2.5,0.4330605142857143,-0.4399450000000001,0.19619740388888887,0.2046610908268364,2.6,0.4041100333333334,-0.2624850000000001,50.0,0.3289735,-0.08733321851851855,0.6436031317641823,-0.19021402843084897,-0.6806369761133959,-0.16391266666666668,0.0,0.0,0.0,0.0,0.0,0.0,0.0,0.0,0.0,0.0,0.0,0.0,0.0,0.0,0.0,0.0,0.0,0.0,0.0,0.0,0.0,0.0,0.0,0.0,0.0,0.0,0.0,0.0,0.0,0.0,0.0,0.0,0.0,0.0,0.0,0.0,0.0,0.0,0.0,0.0,0.0,0.0,0.0,0.0,0.0,0.043638741783333324,0.13091622534999997,0.6292536666666667,2
2024-09-17,0.16916033333333333,0.16210101712923744,3,0.005682,0.329848,0.34609,1.03827,0.234797,0.09460721995175635,2,3,bullish,0.09981033333333335,0.2710877913206651,0.05854469976333333,0.1518871111111111,0.3743766101260891,2.3333333333333335,0.34555288888888896,-0.03187900000000002,0.215373580952381,0.2389980735986906,3.2857142857142856,0.38620898095238093,-0.03769766666666666,0.18088970714285718,0.21917362406882437,2.642857142857143,0.4035470857142857,-0.2592026666666667,0.19463028166666665,0.20263442065076026,2.6666666666666665,0.3991458666666667,-0.047013666666666676,50.0,0.0029117499999999907,-0.07728641296296297,0.6489527417124369,-0.1922829717124369,1.4392261475606833,0.24761133333333335,0.0,0.0,0.0,0.0,0.0,0.0,0.0,0.0,0.0,0.0,0.0,0.0,0.0,0.0,0.0,0.0,0.0,0.0,0.0,0.0,0.0,0.0,0.0,0.0,0.0,0.0,0.0,0.0,0.0,0.0,0.0,0.0,0.0,0.0,0.0,0.0,0.0,0.0,0.0,0.0,0.0,0.0,0.0,0.0,0.0,0.05854469976333333,0.17563409929,0.34609,2
2024-09-18,0.2753155,0.2949900998686227,2,0.066726,0.483905,0.40038949999999995,0.8007789999999999,0.295435,0.0016433161594775314,1,2,bullish,0.10615516666666666,0.3023984501960898,0.11023343538724999,0.17127527777777776,0.34791444004026695,2.6666666666666665,0.4585777222222223,0.05816449999999998,0.20817745238095245,0.268591644048884,2.857142857142857,0.3915565952380952,-0.050372900000000054,0.20577106428571426,0.21528821372756052,2.642857142857143,0.40126594285714284,0.348339,0.197842465,0.206832406069754,2.7,0.41062515000000005,0.09636549999999999,50.0,-0.4542985,-0.1324857277777778,0.6449147079812921,-0.2020458546479588,0.6275417207737826,0.0063448333333333135,0.0,0.0,0.0,0.0,0.0,0.0,0.0,0.0,0.0,0.0,0.0,0.0,0.0,0.0,0.0,0.0,0.0,0.0,0.0,0.0,0.0,0.0,0.0,0.0,0.0,0.0,0.0,0.0,0.0,0.0,0.0,0.0,0.0,0.0,0.0,0.0,0.0,0.0,0.0,0.0,0.0,0.0,0.0,0.0,0.0,0.11023343538724999,0.22046687077449997,0.40038949999999995,1
2024-09-19,0.477996,0.0,1,0.477996,0.477996,0.582526,0.582526,0.339303,0.0,1,1,bullish,0.20268049999999999,0.34791444004026695,0.27844509789599997,0.3074906111111111,0.2285455584989301,2.0,0.4430018333333334,0.408646,0.23933416666666668,0.2758682530302566,2.2857142857142856,0.4157527380952381,0.21809699999999999,0.22760906428571429,0.21528821372756052,2.642857142857143,0.4059082285714286,0.305732,0.21880803166666665,0.206832406069754,2.7,0.40971725,0.6289669999999999,50.0,-0.039328333333333354,-0.11342080185185188,0.6548829767831927,-0.18704525678319267,0.7361754060341681,0.09652533333333332,0.0,0.0,0.0,0.0,0.0,0.0,0.0,0.0,0.0,0.0,0.0,0.0,0.0,0.0,0.0,0.0,0.0,0.0,0.0,0.0,0.0,0.0,0.0,0.0,0.0,0.0,0.0,0.0,0.0,0.0,0.0,0.0,0.0,0.0,0.0,0.0,0.0,0.0,0.0,0.0,0.0,0.0,0.0,0.0,0.0,0.27844509789599997,0.27844509789599997,0.582526,1
2024-09-20,0.16529,0.010308202656137504,2,0.158001,0.172579,0.503124,1.006248,0.2552765,0.1639434143248822,2,2,bullish,-0.312706,0.26351288069423456,0.08316136596,0.30620049999999993,0.15264915126238016,1.6666666666666667,0.4953465000000001,-0.0038703333333333367,0.2250431666666667,0.24398040068809937,2.142857142857143,0.4326749285714286,-0.10003700000000004,0.21464942142857144,0.19885834259029259,2.5,0.41425737142857144,-0.181435,0.21578603166666668,0.19997595537321028,2.6666666666666665,0.4120662833333333,-0.09065999999999996,50.0,0.3241043333333333,-0.07269545000000004,0.6396915833674106,-0.17872284336741054,-0.6542021272144537,-0.5153865,0.0,0.0,0.0,0.0,0.0,0.0,0.0,0.0,0.0,0.0,0.0,0.0,0.0,0.0,0.0,0.0,0.0,0.0,0.0,0.0,0.0,0.0,0.0,0.0,0.0,0.0,0.0,0.0,0.0,0.0,0.0,0.0,0.0,0.0,0.0,0.0,0.0,0.0,0.0,0.0,0.0,0.0,0.0,0.0,0.0,0.08316136596,0.16632273192,0.503124,2
2024-09-23,0.375564,0.01291318403802873,2,0.366433,0.384695,0.7128995,1.425799,0.2611885,0.03141604718133713,2,2,bullish,0.21027400000000002,0.12007812592300661,0.267739387818,0.3396166666666666,0.011610693347083173,1.6666666666666667,0.5995165000000001,0.10024850000000002,0.24997526190476194,0.21339294136299344,2.0,0.4622282380952381,0.17452466666666666,0.21995796904761902,0.18204017914139373,2.4285714285714284,0.43259002619047615,0.07431966666666667,0.22246564,0.19289888117964207,2.6,0.42441655833333336,0.20038825000000002,50.0,-0.291953,-0.11600747222222225,0.6243597741924666,-0.14793183419246655,1.272151975316111,0.52298,0.0,0.0,0.0,0.0,0.0,0.0,0.0,0.0,0.0,0.0,0.0,0.0,0.0,0.0,0.0,0.0,0.0,0.0,0.0,0.0,0.0,0.0,0.0,0.0,0.0,0.0,0.0,0.0,0.0,0.0,0.0,0.0,0.0,0.0,0.0,0.0,0.0,0.0,0.0,0.0,0.0,0.0,0.0,0.0,0.0,0.267739387818,0.535478775636,0.7128995,2
2024-09-24,0.08511883333333332,0.20330556892266052,6,-0.321698,0.234381,0.531829,3.1909739999999998,0.10155199999999999,0.15635095550843303,3,6,neutral,-0.2904451666666667,0.13037926387136237,0.045268664012833325,0.2086576111111111,0.07550898520560896,3.3333333333333335,0.5826175000000001,-0.39287716666666667,0.23111352380952385,0.21171171262293795,2.7142857142857144,0.5294445238095238,-0.13203216666666667,0.23870767142857144,0.18397339639423615,2.7857142857142856,0.4086930976190476,0.2624958333333333,0.22888871777777778,0.185792088175757,2.7333333333333334,0.4369089916666667,0.1926923333333333,50.0,0.21262750000000002,-0.09184908333333336,0.6046127754057657,-0.17060245207243235,-0.7733573150426204,-0.5007191666666667,0.0,0.0,0.0,0.0,0.0,0.0,0.0,0.0,0.0,0.0,0.0,0.0,0.0,0.0,0.0,0.0,0.0,0.0,0.0,0.0,0.0,0.0,0.0,0.0,0.0,0.0,0.0,0.0,0.0,0.0,0.0,0.0,0.0,0.0,0.0,0.0,0.0,0.0,0.0,0.0,0.0,0.0,0.0,0.0,0.0,0.045268664012833325,0.27161198407699993,0.531829,3
2024-09-25,0.048738833333333335,0.18419173396156155,6,-0.169482,0.236225,0.48235350000000005,2.894121,0.173632,0.16612077237239178,3,6,neutral,-0.03637999999999999,0.10267967239459709,0.023509346844250004,0.16980722222222222,0.13347016230741696,4.666666666666667,0.575694,-0.11655116666666665,0.22816907142857148,0.1446349677627081,3.142857142857143,0.5084587857142857,-0.020611166666666646,0.22446401666666665,0.1839915911915133,3.142857142857143,0.42957241904761906,-0.19941116666666667,0.2217828122222222,0.1885884137141092,2.8,0.4361226166666667,-0.21317716666666664,50.0,-0.1893347333333334,-0.07618127592592597,0.5843499573513673,-0.18830205068470063,-0.4274024745796562,0.25406516666666673,0.0,0.0,0.0,0.0,0.0,0.0,0.0,0.0,0.0,0.0,0.0,0.0,0.0,0.0,0.0,0.0,0.0,0.0,0.0,0.0,0.0,0.0,0.0,0.0,0.0,0.0,0.0,0.0,0.0,0.0,0.0,0.0,0.0,0.0,0.0,0.0,0.0,0.0,0.0,0.0,0.0,0.0,0.0,0.0,0.0,0.023509346844250004,0.14105608106550002,0.48235350000000005,3
2024-09-26,0.18670075,0.221019510959817,4,-0.13312,0.372453,0.37583125,1.503325,0.24509525000000001,0.15255002472713663,2,4,bullish,0.13796191666666666,0.12634764010764107,0.0701679762484375,0.10685280555555554,0.20283893794801303,5.333333333333333,0.46333791666666674,-0.18886325,0.23067484523809528,0.15445471673447136,3.2857142857142856,0.5127075357142857,0.01754041666666667,0.22302421309523807,0.19672639516658094,3.2857142857142856,0.44945825833333336,-0.020157249999999988,0.22311525944444446,0.19287387078693866,2.8333333333333335,0.43895755833333333,0.03997341666666665,50.0,0.15342566666666663,0.00523646481481478,0.5822928775418414,-0.16027254587517473,2.8306364192823654,0.17434191666666665,0.0,0.0,0.0,0.0,0.0,0.0,0.0,0.0,0.0,0.0,0.0,0.0,0.0,0.0,0.0,0.0,0.0,0.0,0.0,0.0,0.0,0.0,0.0,0.0,0.0,0.0,0.0,0.0,0.0,0.0,0.0,0.0,0.0,0.0,0.0,0.0,0.0,0.0,0.0,0.0,0.0,0.0,0.0,0.0,0.0,0.0701679762484375,0.28067190499375,0.37583125,2
2024-09-27,-0.07993000000000001,0.45269491679165125,3,-0.601535,0.210518,0.6784646666666667,2.035394,-0.018982000000000002,0.31914614760169047,2,3,neutral,-0.26663075,0.2148249829347438,-0.05422968080666668,0.05183652777777775,0.28596872057100997,4.333333333333333,0.5122164722222223,-0.16504883333333334,0.17992548809523812,0.18073885288830946,3.4285714285714284,0.5524325595238095,-0.3552455,0.19405147023809524,0.2246652484685967,3.142857142857143,0.4719945773809524,-0.40561840000000005,0.2219110261111111,0.20417043800453485,2.9,0.4597854138888889,-0.03612700000000001,50.0,-0.03701966666666667,-0.035429442592592626,0.603064872659016,-0.2062639409923494,-1.4281182587643597,-0.4045926666666667,0.0,0.0,0.0,0.0,0.0,0.0,0.0,0.0,0.0,0.0,0.0,0.0,0.0,0.0,0.0,0.0,0.0,0.0,0.0,0.0,0.0,0.0,0.0,0.0,0.0,0.0,0.0,0.0,0.0,0.0,0.0,0.0,0.0,0.0,0.0,0.0,0.0,0.0,0.0,0.0,0.0,0.0,0.0,0.0,0.0,-0.05422968080666668,-0.16268904242000004,0.6784646666666667,2
2024-09-28,0.248542,0.0,1,0.248542,0.248542,0.237668,0.237668,0.281263,0.0,1,1,bullish,0.32847200000000004,0.2653029326589226,0.059070480056,0.11843758333333332,0.3368572138757342,2.6666666666666665,0.430654638888889,0.19980316666666667,0.14714634523809528,0.18073885288830946,3.4285714285714284,0.503167130952381,-0.22945399999999996,0.19324025595238095,0.2239794893164672,2.857142857142857,0.45945993452380957,-0.011356999999999978,0.21621290944444443,0.20272201340956028,2.8666666666666667,0.4475395472222222,-0.1709435,50.0,0.03294046666666667,-0.03209291851851855,0.6018524279102193,-0.21486979624355262,-4.109495808832728,0.5951027500000001,0.0,0.0,0.0,0.0,0.0,0.0,0.0,0.0,0.0,0.0,0.0,0.0,0.0,0.0,0.0,0.0,0.0,0.0,0.0,0.0,0.0,0.0,0.0,0.0,0.0,0.0,0.0,0.0,0.0,0.0,0.0,0.0,0.0,0.0,0.0,0.0,0.0,0.0,0.0,0.0,0.0,0.0,0.0,0.0,0.0,0.059070480056,0.059070480056,0.237668,1
2024-09-30,0.1372,0.10512272916453416,3,0.016371,0.207667,0.269107,0.807321,0.29031233333333334,0.16774743543295478,2,3,neutral,-0.11134200000000002,0.24075722271939098,0.0369214804,0.10193733333333332,0.2789088229780928,2.3333333333333335,0.39507988888888895,-0.04950075000000001,0.14313348809523813,0.19654127397304225,3.5714285714285716,0.469736130952381,-0.028090000000000004,0.18408832738095238,0.21810451338897724,2.857142857142857,0.4512055297619048,-0.12812700000000005,0.21624112055555553,0.20131231560682145,2.8666666666666667,0.44319281388888887,0.0008463333333333378,50.0,0.003821000000000019,0.01880924814814812,0.5835205993285549,-0.21294240099522158,-0.447980622993297,-0.43981400000000004,0.0,0.0,0.0,0.0,0.0,0.0,0.0,0.0,0.0,0.0,0.0,0.0,0.0,0.0,0.0,0.0,0.0,0.0,0.0,0.0,0.0,0.0,0.0,0.0,0.0,0.0,0.0,0.0,0.0,0.0,0.0,0.0,0.0,0.0,0.0,0.0,0.0,0.0,0.0,0.0,0.0,0.0,0.0,0.0,0.0,0.0369214804,0.1107644412,0.269107,2
2024-10-01,0.29846120000000004,0.16747533751481145,5,0.144903,0.5794,0.598891,2.994455,0.2483006,0.13383651056718418,2,5,bullish,0.16126120000000005,0.23657812360770347,0.1787457265292,0.22806773333333333,0.13629903333967286,3.0,0.3685553333333334,0.37839120000000004,0.13211880238095242,0.22230163288583937,4.0,0.4534492023809524,-0.07710279999999997,0.19104703214285715,0.2182522276481821,3.0,0.4578387202380952,0.09742186666666669,0.21241233833333334,0.1964269615096173,2.933333333333333,0.4494100361111111,-0.11486346666666658,50.0,0.4399450000000001,0.07206184074074072,0.6033574577577883,-0.185195439424455,1.175373177842566,0.27260320000000005,0.0,0.0,0.0,0.0,0.0,0.0,0.0,0.0,0.0,0.0,0.0,0.0,0.0,0.0,0.0,0.0,0.0,0.0,0.0,0.0,0.0,0.0,0.0,0.0,0.0,0.0,0.0,0.0,0.0,0.0,0.0,0.0,0.0,0.0,0.0,0.0,0.0,0.0,0.0,0.0,0.0,0.0,0.0,0.0,0.0,0.1787457265292,0.8937286326460001,0.598891,2
2024-10-02,-0.014893500000000002,0.15497517266216118,4,-0.236773,0.11772,0.29049875000000003,1.1619950000000001,0.102081,0.12051157805234593,3,4,neutral,-0.31335470000000004,0.22006703903328953,-0.004326543133125001,0.1402559,0.14252441311383565,4.0,0.38616558333333345,-0.2634355,0.11783132619047622,0.2142465668424228,3.7142857142857144,0.4189734523809524,-0.10001233333333333,0.17447242500000001,0.21297913973268034,3.2142857142857144,0.4742089880952381,-0.23204450000000001,0.20430564388888892,0.19310332344373257,2.8666666666666667,0.4460938944444444,-0.24320083333333334,50.0,0.2592026666666667,0.06485054444444444,0.5852449237420942,-0.1933872554087609,-1.0499009586505716,-0.4746159000000001,0.0,0.0,0.0,0.0,0.0,0.0,0.0,0.0,0.0,0.0,0.0,0.0,0.0,0.0,0.0,0.0,0.0,0.0,0.0,0.0,0.0,0.0,0.0,0.0,0.0,0.0,0.0,0.0,0.0,0.0,0.0,0.0,0.0,0.0,0.0,0.0,0.0,0.0,0.0,0.0,0.0,0.0,0.0,0.0,0.0,-0.004326543133125001,-0.017306172532500004,0.29049875000000003,3
2024-10-03,0.11214133333333333,0.39117633765792464,6,-0.601535,0.540212,0.5284135,3.1704809999999997,0.19021983333333334,0.2930614700423218,3,6,neutral,0.12703483333333332,0.20468739424985785,0.05925699444133333,0.1319030111111111,0.23787561594496578,5.0,0.4726010833333334,-0.02505866666666666,0.12688882619047623,0.24874400079181666,3.7142857142857144,0.4255534523809524,0.0634025,0.1775289488095238,0.19668948427726232,3.4285714285714284,0.467006119047619,0.04279133333333335,0.20024436166666665,0.20694188084369633,2.9,0.45684668444444443,-0.12183846666666669,50.0,-0.348339,0.058585433333333325,0.6185060873968691,-0.23612008573020243,-8.529548684549187,0.44038953333333336,0.0,0.0,0.0,0.0,0.0,0.0,0.0,0.0,0.0,0.0,0.0,0.0,0.0,0.0,0.0,0.0,0.0,0.0,0.0,0.0,0.0,0.0,0.0,0.0,0.0,0.0,0.0,0.0,0.0,0.0,0.0,0.0,0.0,0.0,0.0,0.0,0.0,0.0,0.0,0.0,0.0,0.0,0.0,0.0,0.0,0.05925699444133333,0.355541966648,0.5284135,3
2024-10-04,0.3481838,0.10640778368239794,5,0.207072,0.49232,0.5306954,2.653477,0.265714,0.09001950550575136,3,5,bullish,0.23604246666666667,0.18503147213636587,0.18477954101452002,0.1484772111111111,0.2175197646674946,5.0,0.44986921666666674,0.04972259999999995,0.14995783333333337,0.22964204624558016,3.857142857142857,0.4476769023809523,0.16148305,0.1903163392857143,0.1920483814900257,3.5714285714285716,0.480192219047619,0.17902346666666666,0.20448475500000002,0.20437803720766148,2.966666666666667,0.4545834088888889,0.12721179999999996,50.0,-0.305732,0.0009899333333333162,0.618334281692744,-0.2336987400260773,2.1048658835279292,0.10900763333333335,0.0,0.0,0.0,0.0,0.0,0.0,0.0,0.0,0.0,0.0,0.0,0.0,0.0,0.0,0.0,0.0,0.0,0.0,0.0,0.0,0.0,0.0,0.0,0.0,0.0,0.0,0.0,0.0,0.0,0.0,0.0,0.0,0.0,0.0,0.0,0.0,0.0,0.0,0.0,0.0,0.0,0.0,0.0,0.0,0.0,0.18477954101452002,0.9238977050726,0.5306954,3
2024-10-05,0.0027540000000000017,0.08091619666667484,3,-0.063008,0.093115,0.4087366666666667,1.22621,0.105151,0.10572326514537848,3,3,neutral,-0.3454298,0.180190165636794,0.0011256607800000007,0.15435971111111108,0.1928334393356658,4.666666666666667,0.48928185555555564,0.017647500000000003,0.16176983333333336,0.16767892622475075,3.857142857142857,0.40914433095238095,0.08268400000000002,0.17084766071428573,0.17420888955653005,3.642857142857143,0.4807884452380953,-0.2725615,0.18760005500000002,0.19901013109718377,3.033333333333333,0.45134549777777777,-0.506541,50.0,0.18143500000000004,0.04218657037037036,0.5876779255191737,-0.22875688385250706,-0.9920903844463758,-0.5814722666666667,0.0,0.0,0.0,0.0,0.0,0.0,0.0,0.0,0.0,0.0,0.0,0.0,0.0,0.0,0.0,0.0,0.0,0.0,0.0,0.0,0.0,0.0,0.0,0.0,0.0,0.0,0.0,0.0,0.0,0.0,0.0,0.0,0.0,0.0,0.0,0.0,0.0,0.0,0.0,0.0,0.0,0.0,0.0,0.0,0.0,0.0011256607800000007,0.003376982340000002,0.4087366666666667,3
2024-10-06,0.20509966666666668,0.1898141767475057,3,0.016342,0.395953,0.395705,1.187115,0.221961,0.06995145893403512,2,3,bullish,0.20234566666666667,0.18465793348333287,0.08115896359833333,0.1853458222222222,0.12571271903219286,3.6666666666666665,0.44504568888888896,0.09295833333333335,0.15556378571428575,0.1708411048708586,4.142857142857143,0.43172104523809524,-0.04344233333333333,0.15135506547619046,0.1754092962635282,3.7857142857142856,0.4674440880952381,-0.2728963333333333,0.1801579438888889,0.19862696633261387,3.1,0.4392263977777777,-0.2232633333333333,50.0,-0.07431966666666667,0.01688153333333333,0.5870273485443402,-0.2341290402110069,73.47337206487529,0.5477754666666667,0.0,0.0,0.0,0.0,0.0,0.0,0.0,0.0,0.0,0.0,0.0,0.0,0.0,0.0,0.0,0.0,0.0,0.0,0.0,0.0,0.0,0.0,0.0,0.0,0.0,0.0,0.0,0.0,0.0,0.0,0.0,0.0,0.0,0.0,0.0,0.0,0.0,0.0,0.0,0.0,0.0,0.0,0.0,0.0,0.0,0.08115896359833333,0.24347689079499998,0.395705,2
2024-10-07,0.1421484,0.1581854944607754,5,-0.136269,0.256237,0.34615819999999997,1.730791,0.2369902,0.13316504779295502,4,5,neutral,-0.06295126666666667,0.18529999784305567,0.04920583427688,0.11666735555555556,0.14297195595831869,3.6666666666666665,0.38353328888888893,-0.20603539999999998,0.15627070000000004,0.17842149991317877,4.428571428571429,0.44272835952380957,0.0049484000000000194,0.14970209404761903,0.18678447255619265,4.0,0.45623224523809525,-0.023141599999999984,0.18733034055555556,0.19130785346509363,3.2,0.4363541544444445,0.21517190000000003,50.0,-0.2624958333333333,-0.008171374074074074,0.5831810387949932,-0.23617182379499319,-0.30693012665387076,-0.2652969333333334,0.0,0.0,0.0,0.0,0.0,0.0,0.0,0.0,0.0,0.0,0.0,0.0,0.0,0.0,0.0,0.0,0.0,0.0,0.0,0.0,0.0,0.0,0.0,0.0,0.0,0.0,0.0,0.0,0.0,0.0,0.0,0.0,0.0,0.0,0.0,0.0,0.0,0.0,0.0,0.0,0.0,0.0,0.0,0.0,0.0,0.04920583427688,0.2460291713844,0.34615819999999997,4
2024-10-08,0.1469046666666666,0.173566076836076,6,-0.019435,0.384695,0.3810535,2.286321,0.238424,0.1005475235239535,6,3,neutral,0.1236406666666666,0.0,0.0559785373996666,0.0,0.0,0.0,0.0,0.0,0.0,0.0,0.0,0.0,0.0,0.0,0.0,0.0,0.0,0.0,0.0,0.0,0.0,0.0,0.0,0.0,0.0027739893162393,0.0015411051756885,0.0,0.0,5.314677900045852,0.0,0.0,0.61722325,0.0,0.0,0.769861,0.0,1.0,0.5111188333333333,0.0,0.0,0.0,0.0,0.0,0.5,0.5,0.0,0.129042,0.0,0.0,0.060719,0.0,0.1563295,0.1469046666666666,0.0,0.0,0.0,0.0,0.0,0.060719,0.060719,0.0,0.2531428629709999,0.0,0.0,0.046745190059,0.0,0.312659,0.253746079406,0.0,0.0,0.0,0.0,0.0,0.0303595,0.0303595,0.0845221333333333,0.5071327999999999,0.5333333333333333,3
2024-10-09,0.0589695,0.112689608620316,4,-0.101237,0.16132,0.21115975,0.844639,0.27341325,0.1347690624744789,4,2,neutral,-0.0879351666666666,0.0,0.012451984877625,0.0763793888888888,0.0636323957335179,2.3333333333333335,0.38984375,0.01785275,0.0,0.0,0.0,0.0,0.0,0.0,0.0,0.0,0.0,0.0,0.0,0.0,0.0,0.0,0.0,0.0,0.0008077487326756,0.0012405492564209,0.0,0.0,-0.5985866117255181,-5.91326451177137,0.972193,0.9225593333333334,0.0,0.0,0.0,0.0,1.0,0.6167813333333333,0.0,0.0,0.0,0.0,0.0,0.0,0.0,-0.101237,0.1123716666666666,0.0,0.0,0.0,0.0,0.09976,0.1123716666666666,0.0,0.0,0.0,0.0,0.0,0.0,0.0,-0.0984219027409999,0.31879738983,0.0,0.0,0.0,0.0,0.09976,0.19231315675,0.0,0.0,0.0,0.0,0.0,0.0,0.0,0.02948475,0.117939,0.5,2
2024-10-11,0.231612,0.3757480582411571,2,-0.034082,0.497306,0.5471165,1.094233,0.246022,0.2661663061471154,2,2,bullish,0.1726425,0.0,0.126718746798,0.1458287222222222,0.0863262789879081,2.3333333333333335,0.3797765833333333,0.0423536666666667,0.0,0.0,0.0,0.0,0.0,0.0,0.0,0.0,0.0,0.0,0.0,0.0,0.0,0.0,0.0,0.0,0.0061268598054889,0.0028958035074602,0.0,0.0,2.9276575178694073,3.526244129594925,0.158519,0.7173295,0.0,0.0,0.310843,0.0,0.75,0.99793,0.310843,0.0,0.0,0.0,0.0,0.0,0.5,0.497306,0.231612,0.0,0.0,-0.034082,0.0,0.231612,-0.034082,-0.034082,0.0,0.0,0.0,0.0,0.0,0.497306,0.078832449814,0.21460119397,0.0,0.0,-0.010594151126,0.0,0.214571,-0.03401145026,-0.010594151126,0.0,0.0,0.0,0.0,0.0,0.248653,0.1123978,0.2247956,0.6,2
2024-10-13,0.0431864999999999,0.0379228437818157,2,0.016371,0.070002,0.2810769999999999,0.5621539999999999,0.2270519999999999,0.1211825459461881,2,2,neutral,-0.1884255,0.0,0.0121387318604999,0.111256,0.1045296648050208,2.0,0.3464510833333333,-0.0078915,0.0,0.0,0.0,0.0,0.0,0.0,0.0,0.0,0.0,0.0,0.0,0.0,0.0,0.0,0.0,0.0,0.0013903150877253,0.0024479547390954,0.0,0.0,-0.813539453914305,-3.741196971783713,0.0,0.310843,0.0,0.0,0.158519,0.0,0.25,0.872004,0.0,0.25,0.25,0.0,0.0,0.25,1.0,0.0,0.070002,0.0,0.0,0.070002,0.0,0.070002,0.0431864999999999,0.0,0.070002,0.070002,0.0,0.0,0.070002,0.016371,0.0,0.0217596316859999,0.0,0.0,0.0110966470379999,0.0,0.0175005,0.0821802778829999,0.0,0.0175005,0.0175005,0.0,0.0,0.0175005,0.016371,0.0285934499999999,0.0571868999999999,0.6,2
2024-10-14,0.199563,0.0379228437818157,1,0.199563,0.199563,0.065866,0.065866,0.442808,0.1211825459461881,1,1,bullish,0.1563765,0.0,0.0131444165579999,0.1581205,0.1008174234309229,1.6666666666666667,0.2980198333333333,-0.0160244999999999,0.0,0.0,0.0,0.0,0.0,0.0,0.0,0.0,0.0,0.0,0.0,0.0,0.0,0.0,0.0,0.0,0.0052036267604948,0.0031948950692952,0.0,0.0,3.6209579382445902,4.434497392158895,0.0,0.986564,0.0,0.0,0.310843,0.0,1.0,0.108179,0.0,0.0,0.0,0.0,0.0,0.0,0.0,0.0,0.199563,0.0,0.0,0.199563,0.0,0.199563,0.199563,0.0,0.0,0.0,0.0,0.0,0.0,0.0,0.0,0.1968816715319999,0.0,0.0,0.0620327616089999,0.0,0.199563,0.021588525777,0.0,0.0,0.0,0.0,0.0,0.0,0.0,0.1396941,0.1396941,0.7,1
2024-10-15,0.212647,0.1500766610258459,4,0.044812,0.409561,0.41570275,1.662811,0.271989,0.0779630949659303,4,2,bullish,0.013084,0.087796541244403,0.08839794267925,0.1517988333333333,0.0942882653254546,1.6666666666666667,0.2542152499999999,0.08473025,0.1308780952380952,0.087796541244403,2.0,0.3541847857142857,0.0234886666666666,0.0,0.0,0.0,0.0,0.0,0.0,0.0,0.0,0.0,0.0,0.0,0.008152237273726,0.0044494661313809,0.0,0.0,0.0655632557137346,-3.5553946825308556,0.0,0.9012545,0.0,0.0,0.158519,0.0,0.75,0.4428775,0.0,0.0,0.0,0.0,0.0,0.75,0.0,0.0,0.212647,0.0,0.0,0.188045,0.0,0.298803,0.212647,0.0,0.0,0.0,0.0,0.0,0.2271865,0.0,0.0,0.81893477499,0.0,0.0,0.0298087053549999,0.0,0.3928255,0.53306449165,0.0,0.0,0.0,0.0,0.0,0.2495925,0.0,0.12904215,0.5161686,0.6,2
2024-10-16,0.1254413999999999,0.2027608086670103,5,-0.067985,0.400468,0.5627008,2.813504,0.1254236,0.1357802423009327,5,2,neutral,-0.0872056,0.0743938840845506,0.07058597613312,0.1792171333333333,0.0470283944617859,1.6666666666666667,0.34808985,-0.0370608,0.1454748666666666,0.0743938840845506,2.0,0.3520966142857142,0.0075327214285714,0.0,0.0,0.0,0.0,0.0,0.0,0.0,0.0,0.0,0.0,0.0,0.0058508123588293,0.0047862359821584,0.0,0.0,-0.4100956044524494,-0.4756588601661841,0.0,0.520992,0.0,0.0,0.0,0.0,1.0,0.7095816,0.3050065,0.0,0.5,0.0,0.5,0.0,0.0,0.0,0.173798,0.0,0.0,0.0,0.0,0.2585065,0.1254413999999999,0.024817,0.0,-0.067985,0.0,-0.067985,0.0,0.0,0.0,0.2387551941679999,0.0,0.0,0.0,0.0,0.517013,0.183146618533,-0.011735318179,0.0,-0.0339925,0.0,-0.0339925,0.0,0.0,0.0760629799999999,0.3803148999999999,0.58,2
2024-10-17,0.2336929999999999,0.1414521687744659,3,0.117742,0.391294,0.2559616666666666,0.7678849999999999,0.3276916666666666,0.1673717632139105,3,2,bullish,0.1082515999999999,0.0815588376263623,0.0598164497683333,0.1905938,0.0573965151234812,2.0,0.4114550722222221,0.0105229999999999,0.1578732,0.0815588376263623,1.8571428571428572,0.3342263523809524,0.0171889214285714,0.0,0.0,0.0,0.0,0.0,0.0,0.0,0.0,0.0,0.0,0.0,0.0095388521903204,0.0058841139040944,0.0,0.0,0.8629654962396784,1.2730611006921275,0.0,0.947132,0.0,0.0,0.451494,0.2916665,0.2916665,0.6266403333333334,0.0,0.0,0.25,0.0,0.0,0.0,0.2916665,0.0,0.192043,0.0,0.0,0.192043,0.1548925,0.1548925,0.2336929999999999,0.0,0.0,0.192043,0.0,0.0,0.0,0.1548925,0.0,0.181890070676,0.0,0.0,0.086706262242,0.0872580440859999,0.0872580440859999,0.4815085876959999,0.0,0.0,0.04801075,0.0,0.0,0.0,0.0872580440859999,0.1296493666666666,0.3889480999999999,0.5666666666666667,2
2024-10-18,0.1877538571428571,0.1047863505367446,7,0.016371,0.369663,0.4054758571428571,2.838331,0.1535887142857142,0.0454122604910255,7,3,bullish,-0.0459391428571428,0.0691045480770077,0.0761296561568775,0.1822960857142856,0.0543317833074242,2.3333333333333335,0.4080461079365078,0.0311562285714285,0.1762709653061224,0.0691045480770077,2.0,0.3619857962585034,0.0062613204081632,0.0,0.0,0.0,0.0,0.0,0.0,0.0,0.0,0.0,0.0,0.0,0.0096499741107452,0.0067278851982692,0.0,0.0,-0.1965790282855833,-1.0595445245252617,0.0,0.9568281666666666,0.0,0.0,0.0,0.0,0.0,0.5318953333333334,0.0,0.0,0.0,0.310843,0.0,0.0,1.0,0.0,0.2163176666666666,0.0,0.0,0.0,0.0,0.0,0.2076703333333333,0.0,0.0,0.0,0.164368,0.0,0.0,0.126674,0.0,1.227462137019,0.0,0.0,0.0,0.0,0.0,0.291688184164,0.0,0.0,0.0,0.0510926422239999,0.0,0.0,0.253348,0.1006476999999999,0.7045338999999999,0.5285714285714286,3
2024-10-21,0.2925762,0.1548579648991294,5,0.09623,0.472119,0.4184936,2.092468,0.2993356,0.0720900712393877,5,2,bullish,0.1048223428571428,0.0801934756458488,0.12244126721232,0.2380076857142857,0.0525442030591853,2.3333333333333335,0.3599770412698412,0.0294416,0.1849801367346938,0.0801934756458488,2.0,0.3436110962585034,0.0266284576530612,0.0,0.0,0.0,0.0,0.0,0.0,0.0,0.0,0.0,0.0,0.0,0.0151794098342173,0.0085770304971431,0.0,0.0,0.5582966147927722,0.7548756430783555,0.0,0.7418212000000001,0.0,0.0,0.0,0.333333,0.333333,0.478719,0.0,0.0,0.333333,0.0,0.0,0.0,1.0,0.0,0.2925762,0.0,0.0,0.0,0.331803,0.331803,0.2925762,0.0,0.0,0.331803,0.0,0.0,0.0,0.09623,0.0,0.995813001945,0.0,0.0,0.0,0.110600889399,0.110600889399,0.745091003674,0.0,0.0,0.110600889399,0.0,0.0,0.0,0.09623,0.1751364999999999,0.8756824999999999,0.58,2
2024-10-22,0.19445125,0.1364819118476266,4,0.016371,0.347948,0.403904,1.615616,0.20394525,0.1119592379763724,4,2,bullish,-0.09812495,0.0505000164786516,0.07853963768,0.2249271023809524,0.0586814627823327,2.3333333333333335,0.4092911523809523,0.0033486964285714,0.2065893867346938,0.0505000164786516,2.0,0.3611578105442176,0.0073869859693877,0.0,0.0,0.0,0.0,0.0,0.0,0.0,0.0,0.0,0.0,0.0,0.0136367044050664,0.0096636362580346,0.0,0.0,-0.3353825430776667,-0.8936791578704388,0.0,0.9550186666666668,0.0,0.0,0.0,0.0,0.0,0.56773875,0.0,0.0,0.0,0.0,1.0,1.0,1.0,0.0,0.2538113333333333,0.0,0.0,0.0,0.0,0.0,0.19445125,0.0,0.0,0.0,0.0,0.347948,0.219111,0.016371,0.0,0.7271601062599999,0.0,0.0,0.0,0.0,0.0,0.4391491805599999,0.0,0.0,0.0,0.0,0.347948,0.219111,0.016371,0.097225625,0.3889025,0.5,2
2024-10-23,0.1398067999999999,0.0694176417468931,5,0.048888,0.241016,0.2155053999999999,1.077527,0.2237498,0.1039057260510699,5,2,neutral,-0.05464445,0.0565713988242232,0.0301291203567199,0.2089447499999999,0.077409098630442,2.0,0.3459676666666666,-0.0763847,0.1980527867346939,0.0565713988242232,2.142857142857143,0.3825348676870748,-0.0007720607142857,0.0,0.0,0.0,0.0,0.0,0.0,0.0,0.0,0.0,0.0,0.0,0.0092249308219625,0.0095707909458009,0.0,0.0,-0.281018764343248,0.0543637787344186,0.0,0.8010566000000001,0.0,0.0,0.0,0.0,1.0,0.6818318,0.3050065,0.0,0.0,0.0,0.0,0.0,1.0,0.0,0.1398067999999999,0.0,0.0,0.0,0.0,0.0880509999999999,0.1398067999999999,0.1253935,0.0,0.0,0.0,0.0,0.0,0.158343,0.0,0.552292338229,0.0,0.0,0.0,0.0,0.1761019999999999,0.475365634816,0.075958304128,0.0,0.0,0.0,0.0,0.0,0.158343,0.07499196,0.3749597999999999,0.54,2
2024-10-24,0.2913241428571428,0.2018275402081593,7,0.016371,0.672276,0.4881799999999999,3.4172599999999997,0.2514862857142857,0.1022524537500433,7,2,bullish,0.1515173428571428,0.0668383557910035,0.14221862006,0.2085273976190476,0.076733172392826,2.0,0.3691964666666665,0.0484364464285714,0.2092923785714285,0.0668383557910035,2.142857142857143,0.3928887605442177,0.0113061864795918,0.1700852369047619,0.085293335551419,2.0714285714285716,0.3735367731292517,0.01272705859236,0.0,0.0,0.0,0.0,0.0,59.62438115077191,0.0145842119580661,0.0106196023621591,0.0,0.0,1.0837623267047305,1.3647810910479783,0.310843,0.8596496,0.0,0.0,0.158519,0.0,1.0,0.3851262857142857,0.0,1.0,0.5,0.0,0.0,0.0,0.75,0.32404,0.2701244,0.0,0.0,0.175178,0.0,0.2970399999999999,0.2913241428571428,0.0,0.356517,0.175178,0.0,0.0,0.0,0.0957745,0.10072556572,1.16155213415,0.0,0.0,0.027769041382,0.0,0.5940799999999999,0.8006302950499999,0.0,0.356517,0.087589,0.0,0.0,0.0,0.10396,0.1456620714285714,1.0196345,0.5,2
2024-10-25,0.198219,0.0746897557299526,3,0.112028,0.24394,0.3908536666666666,1.172561,0.1706563333333333,0.0361328489097294,3,2,bullish,-0.0931051428571428,0.0564788659337701,0.077474622953,0.2097833142857143,0.0764177748975742,2.0,0.3648463555555555,0.0292061,0.2196891785714285,0.0564788659337701,2.142857142857143,0.3683391700680272,-0.0018589581632653,0.1825820226190476,0.0742257720318128,2.0714285714285716,0.3602178921768707,0.0086906198377812,0.0,0.0,0.0,0.0,0.0,55.8879062005519,0.0129148248411533,0.0110953870432102,0.0,0.0,-0.3195929521804136,-1.4033552788851442,0.0,0.7185366666666666,0.0,0.0,0.0,0.0,0.5,0.54554,0.0,0.0,0.5,0.0,0.0,0.0,0.5,0.0,0.198219,0.0,0.0,0.0,0.0,0.238689,0.1753585,0.0,0.0,0.24394,0.0,0.0,0.0,0.2413145,0.0,0.393446665611,0.0,0.0,0.0,0.0,0.1193445,0.19133015218,0.0,0.0,0.12197,0.0,0.0,0.0,0.2413145,0.1224906333333333,0.3674718999999999,0.6333333333333333,2
2024-10-26,0.269176,0.0746897557299526,1,0.269176,0.269176,0.377855,0.377855,0.315162,0.0361328489097294,1,1,bullish,0.070957,0.0594588778575701,0.10170949748,0.252906380952381,0.0486381258333237,1.6666666666666667,0.4189628888888888,-0.0110740714285713,0.2247581785714285,0.0594588778575701,2.0,0.3857525034013606,0.0054437471938775,0.1913156892857142,0.0768519126237248,1.9285714285714288,0.3599894278911564,0.0099885569073783,0.0,0.0,0.0,0.0,0.0,54.26617822706553,0.0157892975263435,0.0120613588284111,0.0,0.0,0.3579727473148386,0.6775656994952522,0.0,0.0,0.0,0.0,0.0,0.0,0.0,0.87644,0.0,1.0,0.0,0.0,0.0,0.0,0.0,0.0,0.0,0.0,0.0,0.0,0.0,0.0,0.269176,0.0,0.269176,0.0,0.0,0.0,0.0,0.0,0.0,0.0,0.0,0.0,0.0,0.0,0.0,0.23591661344,0.0,0.269176,0.0,0.0,0.0,0.0,0.0,0.1884232,0.1884232,0.7,1
2024-10-27,0.089321,0.0746897557299526,1,0.089321,0.089321,0.388209,0.388209,0.199113,0.0361328489097294,1,1,neutral,-0.179855,0.0783176349926123,0.034675216089,0.185572,0.0905920262109199,1.3333333333333333,0.3856392222222222,-0.0544489999999999,0.2106963418367347,0.0783176349926123,1.7142857142857142,0.3832858095238095,-0.0143537107142857,0.1934836535714285,0.0731712511941056,1.8571428571428572,0.3726358028911564,0.0027113617425431,0.0,0.0,0.0,0.0,0.0,50.99516307666078,0.0066552937392913,0.0109552381880688,0.0,0.0,-0.6681687817636045,-1.0261415290784432,0.0,0.95493,0.0,0.0,0.0,0.0,0.5,0.54554,0.158519,0.0,0.0,0.0,0.0,0.0,0.5,0.0,0.089321,0.0,0.0,0.0,0.0,0.089321,0.089321,0.089321,0.0,0.0,0.0,0.0,0.0,0.089321,0.0,0.0852953025299999,0.0,0.0,0.0,0.0,0.0446605,0.04872817834,0.0141590755989999,0.0,0.0,0.0,0.0,0.0,0.0446605,0.0625246999999999,0.0625246999999999,0.7,1
2024-10-28,0.167064875,0.1199135117531887,8,0.031078,0.384695,0.33077275,2.646182,0.27398575,0.1306858728114864,8,2,bullish,0.077743875,0.0704164559552124,0.0552605081321562,0.1751872916666666,0.090202192299468,1.3333333333333333,0.36561225,-0.0510555625,0.1927661525510204,0.0704164559552124,1.7142857142857142,0.3707542595238094,-0.0073313881377551,0.1888731446428571,0.0726154264076509,1.8571428571428572,0.3571826778911565,0.0032135179513343,0.0,0.0,0.0,0.0,0.0,47.74319028783872,0.0044801622698595,0.0096364661188285,0.0,0.0,0.8703874228904738,1.5385562046540784,0.0,0.99993425,0.0,0.0,0.0,0.0,1.0,0.4981516,0.0,0.333333,0.4166665,0.0,0.0,0.0,0.6111110000000001,0.0,0.2018145,0.0,0.0,0.0,0.0,0.143769,0.1570396,0.0,0.167632,0.182634,0.0,0.0,0.0,0.1321153333333333,0.0,0.807205682737,0.0,0.0,0.0,0.0,0.287538,0.217058799135,0.0,0.055877277456,0.154695277456,0.0,0.0,0.0,0.185773277456,0.0835324375,0.6682595,0.5,2
2024-10-29,0.1785693333333333,0.1641373063086207,9,0.0,0.458108,0.3872673333333333,3.485406,0.2307845555555555,0.0688790148995162,9,3,bullish,0.0115044583333333,0.0706087106609852,0.0691540695351111,0.1449850694444444,0.0485484769145521,2.0,0.3687496944444444,0.0446241666666667,0.1904973073129252,0.0706087106609852,1.8571428571428572,0.3683775928571428,-0.0086117477040816,0.1985433470238095,0.0595634068636832,1.9285714285714288,0.3647677017006803,-0.0018837330743066,0.0,0.0,0.0,0.0,0.0,55.40178120262878,0.0034920572588716,0.0083896153332911,0.0,0.0,0.0688622209386222,-0.8015252019518515,0.158519,0.83322025,0.158519,0.0,0.576289,0.0,0.6,0.5065825714285714,0.158519,0.2888886666666666,0.29999975,0.0,0.0,0.29999975,0.2666665,0.379794,0.15341625,0.042685,0.0,0.0,0.0,0.044533,0.1311384285714285,0.068148,0.042685,0.04905075,0.0,0.0,0.04905075,0.034074,0.060204565086,0.888306152521,0.020299150545,0.0,0.0,0.0,0.089066,0.323682934253,0.0108027528119999,0.042684957315,0.065400934599,0.0,0.0,0.065400934599,0.022715977284,0.0977245333333333,0.8795208,0.5222222222222223,3
2024-10-30,0.3414334285714285,0.2367609397006871,7,0.0,0.593547,0.4482541428571429,3.137779,0.3077362857142857,0.1297465471264576,7,3,bullish,0.1628640952380952,0.0859438880793244,0.1530489488670612,0.2290225456349206,0.0975204752465338,2.6666666666666665,0.388764742063492,0.0871842767857142,0.2193011113945578,0.0859438880793244,2.0,0.4016274132653061,0.0003184785289115,0.2086769490646258,0.0707651967542624,2.0714285714285716,0.3920811404761904,0.0022324556174777,0.0,0.0,0.0,0.0,0.0,55.63148176438386,0.0133045290783956,0.009384063286618,0.3521021373059338,0.0103955580512089,0.912049634715714,0.8431874137770916,0.158519,0.9123742857142856,0.0,0.0,0.158519,0.166667,0.4722223333333333,0.733661,0.0,0.3333335,0.166667,0.310843,0.25,0.3055556666666666,0.4722223333333333,0.582176,0.3414334285714285,0.0,0.0,0.23708,0.0,0.2730853333333333,0.3414334285714285,0.0,0.1372445,0.0,0.23708,0.23708,0.1705229999999999,0.2768756666666667,0.092285957344,2.184436440827,0.0,0.0,0.03758168452,0.0,0.6414460000000001,1.5239992928030002,0.0,0.1372445,0.0,0.07369465844,0.05927,0.1965144999999999,0.6528170000000001,0.2011810285714285,1.4082672,0.5857142857142856,3
2024-10-31,0.2249893333333333,0.2725857563526262,3,0.037752,0.537719,0.3598933333333333,1.07968,0.2089013333333333,0.0732951789706071,3,2,bullish,-0.1164440952380952,0.0801400180077449,0.0809721611377777,0.2483306984126984,0.0839034735410697,2.6666666666666665,0.3984716031746031,0.02321,0.2098247100340136,0.0801400180077449,2.0,0.3833007465986395,0.0112169353741496,0.209558544302721,0.0708952214758946,2.0714285714285716,0.3880947535714286,0.0028294045395081,0.0,0.0,0.0,0.0,0.0,50.45277045614471,0.0130225940962282,0.0101185438358999,0.3459660050578297,0.0367042236326464,-0.3410447996416229,-1.2530944343573367,0.0,0.9471745,0.0,0.0,0.0,0.0,1.0,0.800982,0.0,1.0,0.0,0.0,0.0,0.0,0.0,0.0,0.318608,0.0,0.0,0.0,0.0,0.037752,0.2249893333333333,0.0,0.099497,0.0,0.0,0.0,0.0,0.0,0.0,0.590522681245,0.0,0.0,0.0,0.0,0.037752,0.4660867086279999,0.0,0.099497,0.0,0.0,0.0,0.0,0.0,0.1483426,0.4450278,0.5666666666666667,2
2024-11-01,0.422805,0.2725857563526262,1,0.422805,0.422805,0.583927,0.583927,0.272368,0.0732951789706071,1,1,bullish,0.1978156666666666,0.1129564025555292,0.246887255235,0.3297425873015873,0.0994246766245276,2.0,0.4640248253968253,0.0406857857142857,0.2419084243197279,0.1129564025555292,1.8571428571428572,0.4108826513605442,0.0323782935799319,0.2307988014455782,0.0865678920485094,2.0,0.3896109107142857,0.0061490677472527,0.0,0.0,0.0,0.0,0.0,60.0897729057544,0.0259178872586773,0.0133019015545075,0.3894491207007723,0.0208111413230372,0.8792224223963208,1.2202672220379438,0.0,0.928769,0.0,0.0,0.0,0.0,0.0,0.5855,0.0,0.0,0.0,0.0,0.0,0.0,0.0,0.0,0.422805,0.0,0.0,0.0,0.0,0.0,0.422805,0.0,0.0,0.0,0.0,0.0,0.0,0.0,0.0,0.392688177045,0.0,0.0,0.0,0.0,0.0,0.2475523275,0.0,0.0,0.0,0.0,0.0,0.0,0.0,0.2114025,0.2114025,0.5,1
2024-11-02,0.168642,0.1946014430367874,2,0.031038,0.306246,0.3530324999999999,0.7060649999999999,0.263309,0.1689221531712167,2,2,bullish,-0.254163,0.1152789892759009,0.059536106865,0.2721454444444444,0.1334821402045703,1.6666666666666667,0.4322842777777777,-0.0281736666666666,0.2275464243197279,0.1152789892759009,2.0,0.4073365799319727,0.0284236874999999,0.2261523014455782,0.0881322569287264,2.0,0.3965445416666666,0.0044685722736786,0.0,0.0,0.0,0.0,0.0,47.99163391695614,0.0183442182378295,0.0143163531564764,0.3827465860520708,0.0384809259717386,-0.6011352751268315,-1.4803576975231525,0.0,0.360215,0.0,0.0,0.0,0.0,0.0,0.8252935,0.0,0.0,0.0,0.0,0.0,0.0,1.0,0.0,0.306246,0.0,0.0,0.0,0.0,0.0,0.168642,0.0,0.0,0.0,0.0,0.0,0.0,0.168642,0.0,0.11031440289,0.0,0.0,0.0,0.0,0.0,0.326400390186,0.0,0.0,0.0,0.0,0.0,0.0,0.337284,0.1149456,0.2298912,0.6,2
2024-11-03,0.481416,0.1946014430367874,1,0.481416,0.481416,0.653884,0.653884,0.322025,0.1689221531712167,1,1,bullish,0.312774,0.1310955913632406,0.314790219744,0.3576209999999999,0.1662636736061127,1.3333333333333333,0.5302811666666666,0.0293054999999999,0.2835599957482993,0.1310955913632406,2.0,0.4452901513605442,0.0358775099914965,0.247128168792517,0.1104188279544989,1.8571428571428572,0.4142879804421769,0.0104959380245944,0.0,0.0,0.0,0.0,0.0,57.78393227131917,0.0337476403587065,0.0182210500064525,0.4336240914516136,0.0125838205721958,1.8546625395808871,2.455797814707718,0.0,0.99992,0.0,0.0,0.158519,0.0,0.0,0.266143,0.0,0.0,0.0,0.0,0.0,0.0,0.0,0.0,0.481416,0.0,0.0,0.481416,0.0,0.0,0.481416,0.0,0.0,0.0,0.0,0.0,0.0,0.0,0.0,0.48137748672,0.0,0.0,0.076313582904,0.0,0.0,0.128125498488,0.0,0.0,0.0,0.0,0.0,0.0,0.0,0.3369912,0.3369912,0.7,1
2024-11-04,-0.0460834,0.2390134478126701,5,-0.382516,0.165282,0.5181638,2.590819,0.0545484,0.218689583245979,5,3,neutral,-0.5274994000000001,0.1787547981657418,-0.02387874966092,0.2013248666666666,0.2652640789482309,2.0,0.5083601,-0.1073627,0.2531102421768708,0.1787547981657418,2.142857142857143,0.4720603013605441,-0.0160835853741496,0.2229381973639455,0.1342258323337974,1.9285714285714288,0.4214072804421769,0.0036167513736263,0.0,0.0,0.0,0.0,0.0,42.66657059041237,0.0086649213222815,0.0163025764815605,0.4481511722298815,-0.010870250206072,-1.0957246954816624,-2.95038723506255,0.0,0.7702803333333333,0.0,0.0,0.0,0.0,1.0,0.49010675,0.0,1.0,0.333333,0.0,0.0,0.333333,0.333333,0.0,0.1217513333333333,0.0,0.0,0.0,0.0,0.105555,0.0380247499999999,0.0,0.094417,-0.382516,0.0,0.0,-0.382516,-0.382516,0.0,0.292509844031,0.0,0.0,0.0,0.0,0.105555,0.178645457217,0.0,0.094417,-0.127505205828,0.0,0.0,-0.127505205828,-0.127505205828,-0.0383423399999999,-0.1917116999999999,0.54,3
2024-11-05,0.0953683333333333,0.055886406937048,3,0.031038,0.131949,0.2251046666666666,0.675314,0.215778,0.0635138939524258,3,3,neutral,0.1414517333333333,0.1871082194515115,0.0214678568855555,0.1769003111111111,0.2730375465029618,2.3333333333333335,0.4657174888888888,-0.1930238333333333,0.2412243850340136,0.1871082194515115,2.142857142857143,0.4488942061224489,-0.0436332054421768,0.2158608461734694,0.1383909685510736,2.0,0.4086358994897959,-0.0009672320172684,0.0,0.0,0.0,0.0,0.0,47.893949262090615,-0.0010300037335097,0.0128255517761921,0.4494040904454266,-0.0225426350882837,-3.0694725938913647,-1.9737478984097023,0.0,0.9400365,0.0,0.0,0.310843,0.25,0.25,0.6214303333333334,0.0,0.0,0.25,0.0,0.0,0.0,0.625,0.0,0.1275335,0.0,0.0,0.123118,0.123118,0.123118,0.0953683333333333,0.0,0.0,0.123118,0.0,0.0,0.0,0.077078,0.0,0.240202805611,0.0,0.0,0.038270368474,0.0307795,0.0307795,0.171502009296,0.0,0.0,0.0307795,0.0,0.0,0.0,0.0618175,0.0558920333333333,0.1676761,0.5666666666666667,3
2024-11-06,0.1832423333333333,0.1159260668069668,3,0.097721,0.315185,0.3818886666666667,1.145666,0.202387,0.0639031567530118,3,2,bullish,0.0878739999999999,0.1824838180563494,0.0699781703535555,0.0775090888888888,0.1157012854350052,2.6666666666666665,0.3750523777777777,0.1146628666666667,0.2186256571428571,0.1824838180563494,2.0,0.4394134238095238,-0.0355299904761904,0.2189633842687074,0.1370350239728873,2.0,0.420520418537415,-0.0044064657744636,0.0,0.0,0.0,0.0,0.0,50.910381062158585,-0.0023429898601167,0.0097844906142148,0.4483205122913656,-0.0243995236008894,0.9214169623040488,3.9908895561954134,0.0,0.565356,0.158519,0.0,0.0,0.166667,1.0,0.691119,0.0,0.166667,0.166667,0.0,0.166667,0.166667,0.166667,0.0,0.206453,0.097721,0.0,0.0,0.097721,0.226003,0.1832423333333333,0.0,0.097721,0.097721,0.0,0.097721,0.097721,0.097721,0.0,0.1449664831679999,0.015490635199,0.0,0.0,0.016286865907,0.452006,0.282816095689,0.0,0.016286865907,0.016286865907,0.0,0.016286865907,0.016286865907,0.016286865907,0.1072573,0.3217719,0.6333333333333333,2
2024-11-07,0.4369969999999999,0.1462169544273166,2,0.333606,0.540388,0.391491,0.7829820000000001,0.419068,0.055462627489148,2,2,bullish,0.2537546666666667,0.2004272828663765,0.171080392527,0.2385358888888888,0.177399462898264,2.3333333333333335,0.3328281111111111,0.1708143333333333,0.2489124666666667,0.2004272828663765,2.0,0.4439273761904762,-0.0112239642857143,0.2293685883503401,0.1480406892445162,2.0,0.4136140613945578,0.0042085856174777,0.0,0.0,0.0,0.0,0.0,52.92773731825468,0.0148051851132737,0.0107905755653452,0.480381602782773,-0.0253050540922967,1.384803729851363,0.4633867675473138,0.0,0.79006,0.0,0.0,0.0,0.0,0.0,0.430249,0.0,0.5,0.0,0.0,0.75,0.0,0.0,0.0,0.4369969999999999,0.0,0.0,0.0,0.0,0.0,0.4369969999999999,0.0,0.333606,0.0,0.0,0.4369969999999999,0.0,0.0,0.0,0.6616961432340001,0.0,0.0,0.0,0.0,0.0,0.4426333232459999,0.0,0.166803,0.0,0.0,0.707191,0.0,0.0,0.2725373,0.5450746,0.6,2
2024-11-08,0.3075748,0.1996750113126327,5,0.031038,0.530889,0.495494,2.47747,0.3182604,0.1149966953755628,5,3,bullish,-0.1294222,0.1881189222749601,0.1524014679512,0.3092713777777777,0.1268858404074103,2.3333333333333335,0.4229578888888889,0.0621662333333333,0.2324510095238095,0.1881189222749601,2.2857142857142856,0.4312940904761905,0.0199030761904761,0.2371797169217687,0.1491515275478786,2.0714285714285716,0.4210883709183673,0.0054161393014128,0.0,0.0,0.0,0.0,0.0,52.166213606622144,0.0186829764673916,0.0123715021110922,0.4866005589050275,-0.0241358302145513,-0.2961626738856331,-1.6809664037369958,0.158519,0.954783,0.0,0.0,0.158519,0.0,1.0,0.5928784,0.0,0.5,0.0,0.0,0.5,0.0,1.0,0.470029,0.3253156666666666,0.0,0.0,0.470029,0.0,0.470029,0.3075748,0.0,0.272726,0.0,0.0,0.272726,0.0,0.2809635,0.0745085270509999,0.940745595836,0.0,0.0,0.0745085270509999,0.0,0.470029,1.016270799603,0.0,0.136363,0.0,0.0,0.136363,0.0,0.5619270000000001,0.17502296,0.8751148,0.54,3
2024-11-09,0.4221299999999999,0.2324040601689221,3,0.242043,0.684476,0.3796853333333334,1.139056,0.3036979999999999,0.1850161611535597,3,1,bullish,0.1145551999999999,0.1979307332261829,0.16027656976,0.3889005999999999,0.070821403766658,2.0,0.4222234444444444,-0.0074335,0.2686635809523809,0.1979307332261829,2.142857142857143,0.435101638095238,0.0311102523809523,0.2481050026360544,0.157067377785411,2.0714285714285716,0.4212191090136054,0.0117552556227106,0.2107352784523809,0.1261558109898994,2.033333333333333,0.3965097005555555,0.0063819438246199,52.97839945889991,0.029813527290709,0.0158642309358741,0.5111091230403972,-0.0252067800642066,0.3724466373708117,0.6686093112564448,0.0,0.310843,0.0,0.0,0.0,0.0,0.6111110000000001,0.9337996666666668,0.451494,0.0,0.333333,0.360215,0.0,0.0,0.4166665,0.0,0.5121735,0.0,0.0,0.0,0.0,0.4221299999999999,0.4221299999999999,0.684476,0.0,0.242043,0.339871,0.0,0.0,0.290957,0.0,0.3184110945209999,0.0,0.0,0.0,0.0,0.935092419319,1.201516504791,0.309036807144,0.0,0.080680919319,0.122426632265,0.0,0.0,0.250616419319,0.2954909999999999,0.8864729999999998,0.6999999999999998,1
2024-11-11,0.2350673333333333,0.1142994988017591,3,0.107413,0.327923,0.3976553333333333,1.192966,0.276233,0.0751350288281038,3,2,bullish,-0.1870626666666666,0.174286593702449,0.0934757787924444,0.3215907111111111,0.0943156648617664,2.0,0.4242782222222221,-0.0362537333333332,0.2334709142857143,0.174286593702449,2.2857142857142856,0.3984975428571428,0.0579038571428571,0.2585154550170068,0.1504231035860211,2.142857142857143,0.4218938471088435,0.0061481133359497,0.217795389563492,0.121128968648863,2.033333333333333,0.3905209449999999,0.0052460194552147,52.83010386109537,0.0244801464638489,0.0175891222911268,0.5072245773087518,-0.0270731209992279,-0.443139948988858,-0.8155865863596697,0.0,0.7176713333333332,0.0,0.0,0.498503,0.0,1.0,0.752945,0.0,0.0,0.5,0.0,0.0,0.5,0.0,0.0,0.2350673333333333,0.0,0.0,0.1886395,0.0,0.107413,0.2350673333333333,0.0,0.0,0.269866,0.0,0.0,0.269866,0.0,0.0,0.42844650705,0.0,0.0,0.2433061340889999,0.0,0.107413,0.591891174378,0.0,0.0,0.134933,0.0,0.0,0.134933,0.0,0.1175336666666666,0.352601,0.5,2
2024-11-12,0.20785075,0.0600270037365128,4,0.171461,0.297585,0.464822,1.859288,0.2292275,0.0626239762098617,4,3,bullish,-0.0272165833333333,0.126193558624061,0.0966136013165,0.2883493611111111,0.1166538902404224,2.0,0.4140542222222221,-0.1071396249999999,0.2697472214285714,0.126193558624061,2.2857142857142856,0.3908772857142857,0.0152225089285714,0.2614287318027211,0.1489029922745399,2.2142857142857144,0.4314687935374149,0.0016856960491889,0.2198269256746031,0.1204079518834531,2.033333333333333,0.3933132283333333,0.0046929589530695,50.80783248446799,0.0180263277348174,0.017676632712764,0.507479668785648,-0.0259882624761241,-0.1157820737887866,0.3273578752000713,0.0,0.7799200000000001,0.0,0.0,0.6449905,0.0,0.75,0.66191775,0.451494,0.0,0.5,0.0,0.0,0.5,0.5,0.0,0.20785075,0.0,0.0,0.1751765,0.0,0.2382385,0.20785075,0.183465,0.0,0.171461,0.0,0.0,0.171461,0.178892,0.0,0.574029732391,0.0,0.0,0.224536484155,0.0,0.387031,0.520007662325,0.0828333467099999,0.0,0.0857305,0.0,0.0,0.0857305,0.089446,0.1128699749999999,0.4514798999999999,0.55,3
2024-11-13,-0.0016983333333333,0.2145429193013214,3,-0.230728,0.194595,0.2727776666666666,0.818333,0.237997,0.1279385081631015,3,2,neutral,-0.2095490833333333,0.1513701791991966,-0.0004632674038888,0.14707325,0.1295566424685175,2.3333333333333335,0.3784183333333333,-0.1183828333333333,0.2558805547619047,0.1513701791991966,2.142857142857143,0.3976877142857143,-0.038772213095238,0.2485524698979591,0.1636803435432086,2.142857142857143,0.4232909602040816,-0.0085638486185243,0.217804664563492,0.1236680504289606,2.033333333333333,0.3953671588888889,0.0021544021772869,46.68923385787708,-0.0027436860093542,0.0135899787436619,0.5185665692088138,-0.0512256762326233,-1.008170927135617,-0.8923888533468303,0.0,0.8848119999999999,0.0,0.0,0.0,0.0,1.0,0.358544,0.0,0.0,0.0,0.0,0.0,0.0,1.0,0.0,-0.0180665,0.0,0.0,0.0,0.0,-0.230728,-0.0016983333333333,0.0,0.0,0.0,0.0,0.0,0.0,0.031038,0.0,-0.0808622161689999,0.0,0.0,0.0,0.0,-0.230728,0.056870636284,0.0,0.0,0.0,0.0,0.0,0.0,0.031038,-0.0008491666666666,-0.0025474999999999,0.5,2
2024-11-14,0.3392239999999999,0.2723240091447441,4,-0.03239,0.567288,0.40648875,1.625955,0.3704675,0.0936503928537764,4,3,bullish,0.3409223333333333,0.1503726766087623,0.13789073973,0.1817921388888889,0.171948532273879,2.6666666666666665,0.3813628055555555,0.065686625,0.27816365,0.1503726766087623,2.2857142857142856,0.4012020119047619,-0.0402194470238095,0.2483946535714285,0.1635849387496712,2.142857142857143,0.4203077178571429,-0.0029112238461538,0.2213917312301587,0.1256275029324106,2.066666666666667,0.3906795672222222,0.0030329757315006,49.96191303144866,0.0064347437504524,0.012158205749862,0.5237935411355916,-0.0516626624451153,-200.73935230618295,-199.73118137904737,0.310843,0.8440213333333334,0.0,0.0,0.158519,0.0,0.75,0.42423325,0.0,0.0,0.0,0.0,0.0,0.0,0.5,-0.03239,0.4630953333333333,0.0,0.0,0.305957,0.0,0.1367835,0.3392239999999999,0.0,0.0,0.0,0.0,0.0,0.0,-0.03239,-0.01006820477,1.124162325191,0.0,0.0,0.0484999976829999,0.0,0.2897619999999999,0.7400980649029999,0.0,0.0,0.0,0.0,0.0,0.0,-0.016195,0.1954140499999999,0.7816561999999999,0.55,3
2024-11-15,0.274116,0.1584994003679509,3,0.158307,0.454753,0.444748,1.334244,0.2573683333333333,0.0534740950585733,3,2,bullish,-0.0651079999999999,0.133335398006699,0.121912542768,0.2038805555555556,0.1809883216773739,2.3333333333333335,0.3746714722222221,0.1379071666666667,0.2548949357142857,0.133335398006699,2.2857142857142856,0.4088101547619048,-0.0179626452380952,0.2519037011904761,0.1635711581799964,2.142857142857143,0.4263687654761904,-0.0029479321978021,0.2290893812301587,0.1213332465612639,2.066666666666667,0.3961352672222222,0.0021441307095185,50.86212286307248,0.0086655808965597,0.0114593973088208,0.5274886724421592,-0.047768093751683,-0.1919321746102869,200.5474201315727,0.0,0.999999,0.0,0.0,0.0,0.333333,0.0,0.545349,0.0,0.0,0.333333,0.0,0.0,0.0,0.333333,0.0,0.158307,0.0,0.0,0.0,0.209288,0.0,0.274116,0.0,0.0,0.209288,0.0,0.0,0.0,0.209288,0.0,0.158306841693,0.0,0.0,0.0,0.069762596904,0.0,0.402377654626,0.0,0.0,0.069762596904,0.0,0.0,0.0,0.069762596904,0.137058,0.411174,0.5,2
2024-11-16,0.3571582,0.2500613565251536,5,0.031038,0.637564,0.5128944,2.564472,0.2852422,0.113950141345678,5,2,bullish,0.0830422,0.1378413103709085,0.18318444069408,0.3234994,0.0436972428086717,2.3333333333333335,0.4547103833333333,0.0089671000000001,0.2619782785714286,0.1378413103709085,2.142857142857143,0.4112959261904761,0.0005198279761904,0.247214644047619,0.1591770285023532,2.2142857142857144,0.4212950083333333,0.0056934479487179,0.234342554563492,0.1234047007938053,2.1,0.4110362138888889,0.0027667509378144,48.79961018068933,0.0165556098955276,0.0124789706966433,0.5364310351676541,-0.0479122364771778,0.30294546834187,0.4948776429521568,0.838487,0.529733,0.0,0.0,0.158519,0.0,1.0,0.4261908,0.0,0.0,0.0,0.0,0.0,0.0,1.0,0.165936,0.5296056666666668,0.0,0.0,0.491525,0.0,0.3287305,0.3571582,0.0,0.0,0.0,0.0,0.0,0.0,0.031038,0.139135178832,0.815072482997,0.0,0.0,0.077916051475,0.0,0.657461,0.8511855740009999,0.0,0.0,0.0,0.0,0.0,0.0,0.031038,0.2487692199999999,1.2438460999999998,0.6599999999999999,2
2024-11-18,0.169767,0.1961924332944571,2,0.031038,0.308496,0.454718,0.909436,0.212274,0.0967477640155058,2,2,bullish,-0.1873912,0.1209390702404278,0.077196110706,0.2670137333333333,0.093897268880481,2.0,0.4707867999999999,-0.0521745,0.2259264214285714,0.1209390702404278,2.2857142857142856,0.4220148785714285,0.0135188654761904,0.2472950011904761,0.1591345898701941,2.2142857142857144,0.4285582583333333,0.0008903511721611,0.2329132212301587,0.1239119404377326,2.1,0.4123367222222222,0.0022005099425287,50.02108618585798,0.0083841751076097,0.0116597989096818,0.5336069577780038,-0.0370435590875276,-0.5246728200556505,-0.8276182883975205,0.0,1.0,0.0,0.0,0.0,0.0,1.0,0.5550945,0.0,0.0,0.0,0.0,0.0,0.0,1.0,0.0,0.308496,0.0,0.0,0.0,0.0,0.308496,0.169767,0.0,0.0,0.0,0.0,0.0,0.0,0.031038,0.0,0.308496,0.0,0.0,0.0,0.0,0.308496,0.1619394537779999,0.0,0.0,0.0,0.0,0.0,0.0,0.031038,0.1157330999999999,0.2314661999999999,0.6,2
2024-11-20,0.3063909999999999,0.1400889792096437,4,0.163473,0.493221,0.6718189999999999,2.687276,0.191555,0.0410532218873663,4,4,bullish,0.1366239999999999,0.1247810220383058,0.2058392952289999,0.2777720666666667,0.0969182540505829,2.6666666666666665,0.5464771333333333,-0.0253836,0.2361155166666667,0.1247810220383058,2.5714285714285716,0.4611811166666666,0.0234459148809523,0.2347932154761904,0.145628927799944,2.4285714285714284,0.4298393297619047,0.0102970829670329,0.238944874563492,0.1229000528695347,2.1666666666666665,0.4159739955555555,0.0019333751541395,46.48752000790751,0.0122550987445964,0.0117788836095893,0.5390232389399163,-0.0285272277494401,0.8047736014655378,1.3294464215211883,0.451494,0.5082075,0.0,0.0,0.0,0.0,1.0,0.5675885,0.0,0.0,0.0,0.158519,0.0,0.0,1.0,0.320349,0.370871,0.0,0.0,0.0,0.0,0.248521,0.2059969999999999,0.0,0.0,0.0,0.163473,0.0,0.0,0.493221,0.144635651406,0.462527623415,0.0,0.0,0.0,0.0,0.248521,0.212507702569,0.0,0.0,0.0,0.025913576487,0.0,0.0,0.493221,0.16921295,0.6768518,0.55,4
2024-11-21,0.1214355714285714,0.2016176745400868,7,-0.045172,0.488931,0.3915465714285714,2.740826,0.1834537142857142,0.1816590476577061,7,2,neutral,-0.1849554285714285,0.1321032525379946,0.0475476816423265,0.1991978571428571,0.0959258002501551,2.6666666666666665,0.5060278571428571,-0.0241657142857142,0.2237704911564626,0.1321032525379946,2.4285714285714284,0.4507131982993196,0.0071209540816326,0.246758856292517,0.1263861635741,2.357142857142857,0.4207952420068027,-0.0022013755049712,0.2352029602777778,0.1247603306932347,2.1666666666666665,0.4204934923809524,0.0011390307932093,53.8977311119492,0.0010640067619549,0.0096355521180345,0.5405333712656881,-0.0357507362656882,-0.6036581641478651,-1.4084317656134029,0.998626,0.4364989999999999,0.0,0.0,0.3050065,0.2666665,0.2666665,0.7463791666666667,0.0,0.4166665,0.2,0.108179,0.0,0.35,0.6,0.067399,0.403013,0.0,0.0,0.014809,0.2444655,0.2444655,0.1416748333333333,0.0,0.403013,0.0,-0.045172,0.0,0.1585475,-0.003911,0.067306393774,0.399596514254,0.0,0.0,0.004695015742,0.162976837023,0.162976837023,0.877104673058,0.0,0.321524337023,0.0,-0.004886661788,0.0,0.1585475,-0.007822,0.0837470999999999,0.5862297,0.5571428571428572,2
2024-11-22,-0.190672,0.2016176745400868,1,-0.190672,-0.190672,0.645091,0.645091,-0.05091,0.1816590476577061,1,1,bearish,-0.3121075714285714,0.1917169900081905,-0.123000791152,0.0790515238095238,0.2512274111471124,2.3333333333333335,0.5694855238095238,-0.2485315,0.1967742530612244,0.1917169900081905,2.2857142857142856,0.5039008173469387,-0.0694934306122448,0.2263274039115646,0.1687596047646444,2.2142857142857144,0.4507942658163265,-0.0196902963317634,0.2225887650396825,0.1468911853983242,2.1,0.4284806638095238,-0.0019357847897134,43.83423507025409,-0.031549750366058,0.0013973965825189,0.5717682638587036,-0.1201961717158464,-2.570149485500248,-1.9664913213523827,0.0,0.0,0.0,0.0,0.0,0.0,0.0,0.360215,0.0,0.0,0.0,0.108179,0.0,0.0,0.0,0.0,0.0,0.0,0.0,0.0,0.0,0.0,-0.190672,0.0,0.0,0.0,-0.190672,0.0,0.0,0.0,0.0,0.0,0.0,0.0,0.0,0.0,0.0,-0.06868291448,0.0,0.0,0.0,-0.020626706288,0.0,0.0,0.0,-0.095336,-0.095336,0.5,1
2024-11-23,0.29456,0.2016176745400868,1,0.29456,0.29456,0.032825,0.032825,0.269361,0.1816590476577061,1,1,bullish,0.485232,0.1868678524189269,0.009668932,0.0751078571428571,0.2459109926156292,1.3333333333333333,0.3564875238095238,0.0865622142857143,0.190393681632653,0.1868678524189269,2.0,0.450520281632653,-0.0386664224489796,0.2342786658163265,0.169195313297541,2.142857142857143,0.4258611467687074,-0.0191611805285191,0.2226548917063492,0.1469242212034921,2.066666666666667,0.4156250438095238,-0.0009887822763387,52.04858293316752,-0.0195306149495169,-0.0027886508608045,0.5766093253283765,-0.1180801665188526,-2.544851892254762,0.0252975932454857,0.0,0.986714,0.0,0.0,0.0,0.0,0.25,0.316726,0.0,0.0,0.0,0.0,0.25,0.25,0.25,0.0,0.29456,0.0,0.0,0.0,0.0,0.29456,0.29456,0.0,0.0,0.0,0.0,0.29456,0.29456,0.29456,0.0,0.29064647584,0.0,0.0,0.0,0.0,0.07364,0.09329481056,0.0,0.0,0.0,0.0,0.07364,0.07364,0.07364,0.206192,0.206192,0.7,1
2024-11-24,0.1686106666666666,0.2298955327998639,3,-0.04462,0.412162,0.537987,1.613961,0.1137889999999999,0.1008715526399787,3,2,bullish,-0.1259493333333333,0.1832086434796505,0.0907103467279999,0.0908328888888889,0.2517926934862031,1.3333333333333333,0.4053009999999999,0.1796413333333333,0.1753214911564626,0.1832086434796505,2.0,0.4638401387755101,-0.0290399857142857,0.2151082134353741,0.1593796093075467,2.142857142857143,0.4363251467687075,-0.014354387069597,0.2217935389285714,0.147170807579883,2.066666666666667,0.4200944771428571,-0.0015319625697865,44.817071278837815,-0.0195786019411019,-0.0061469267673825,0.5524965977379348,-0.1193868722617443,-0.4275846460257106,2.1172672462290514,0.0,0.310843,0.0,0.0,0.0,0.0,0.0,0.8327715,0.310843,0.0,0.0,0.0,0.0,0.0,1.0,0.0,0.412162,0.0,0.0,0.0,0.0,0.0,0.183771,0.412162,0.0,0.0,0.0,0.0,0.0,0.412162,0.0,0.1281176725659999,0.0,0.0,0.0,0.0,0.0,0.3737509843439999,0.1281176725659999,0.0,0.0,0.0,0.0,0.0,0.412162,0.1117828,0.3353484,0.5666666666666667,2
2024-11-25,0.0879875,0.0527452161290481,2,0.050691,0.125284,0.518833,1.037666,0.2131745,0.1640310955657493,2,2,neutral,-0.0806231666666666,0.1661348198557309,0.0456508185874999,0.1837193888888889,0.1041117407137815,1.6666666666666667,0.363215,-0.1032862499999999,0.1368685340136054,0.1661348198557309,2.0,0.4646885102040815,-0.0124205263605442,0.199423406292517,0.1603816601641762,2.0714285714285716,0.4379922181972788,-0.0149380584458398,0.2200662289285714,0.1484646566795431,2.066666666666667,0.4302053971428571,-0.0029606531227819,45.67799179224955,-0.0256061943190111,-0.0100390451615602,0.5527940726966217,-0.1277497972204312,-0.4781617216783438,-0.0505770756526331,0.0,0.9973,0.0,0.0,0.158519,0.0,0.0,0.8605985,0.451494,0.0,0.0,0.0,0.0,0.0,0.0,0.0,0.125284,0.0,0.0,0.050691,0.0,0.0,0.0879875,0.125284,0.0,0.0,0.0,0.0,0.0,0.0,0.0,0.1249457332,0.0,0.0,0.008035486629,0.0,0.0,0.160138045449,0.056564974296,0.0,0.0,0.0,0.0,0.0,0.0,0.04399375,0.0879875,0.5,2
2024-11-26,0.1414853333333333,0.1803077034446023,6,-0.190672,0.297954,0.4709954999999999,2.825973,0.1802135,0.1222681321649267,6,3,neutral,0.0534978333333333,0.1655442595982587,0.0666389553159999,0.1326945,0.0410241735305062,2.3333333333333335,0.5092718333333333,-0.0135626666666666,0.1328282959183673,0.1655442595982587,2.142857142857143,0.4670138673469388,-0.0072260884353741,0.1793773586734694,0.1474194374478239,2.2142857142857144,0.4445143729591836,-0.0092514563422292,0.2150716019444444,0.1485051667625539,2.1,0.4296325804761904,-0.0029761927535886,44.340201425568985,-0.025898268111511,-0.0132110624525986,0.5123996044950809,-0.121348395685557,0.6080162901927357,1.0861780118710795,0.0,0.6831235,0.0,0.0,0.158519,0.0,0.8333333333333334,0.6164166666666667,0.576289,0.0,0.5,0.108179,0.0,0.0,0.0,0.0,0.23942425,0.0,0.0,0.297954,0.0,0.2630683333333333,0.1414853333333333,0.297954,0.0,0.297954,-0.190672,0.0,0.0,0.0,0.0,0.651570506938,0.0,0.0,0.047231370126,0.0,0.640228,0.688624104492,0.171707612706,0.0,0.148977,-0.020626706288,0.0,0.0,0.0,0.0898540999999999,0.5391246,0.5666666666666667,3
2024-11-27,0.213484,0.1803077034446023,1,0.213484,0.213484,0.402618,0.402618,0.105993,0.1222681321649267,1,1,bullish,0.0719986666666666,0.1525219329293899,0.085952501112,0.1476522777777777,0.0629751243023634,2.0,0.4641488333333333,0.06274825,0.1195558673469388,0.1525219329293899,1.7142857142857142,0.4285565816326531,0.0262102661564625,0.1778356920068027,0.1469042054134473,2.142857142857143,0.4448688491496598,-0.0064410476452119,0.2155804352777778,0.1484715803580915,2.066666666666667,0.4300247249206349,-0.0031026601877747,49.54354169516447,-0.0202533989334435,-0.0146195910988427,0.5042713822703077,-0.0872634334607838,0.5088772452268318,-0.0991390449659039,0.0,0.0,0.0,0.0,0.0,0.0,0.0,0.161647,0.0,0.0,0.0,0.0,0.0,0.0,0.0,0.0,0.0,0.0,0.0,0.0,0.0,0.0,0.213484,0.0,0.0,0.0,0.0,0.0,0.0,0.0,0.0,0.0,0.0,0.0,0.0,0.0,0.0,0.034509048148,0.0,0.0,0.0,0.0,0.0,0.0,0.0,0.106742,0.106742,0.5,1
2024-11-28,0.089567,0.2063687810256192,4,-0.194381,0.250426,0.43582575,1.743303,0.1360905,0.1237147228546384,4,2,neutral,-0.123917,0.1529315492168258,0.03903560495025,0.1481787777777778,0.0622290717522616,2.0,0.43647975,-0.0259591666666666,0.1150032142857142,0.1529315492168258,1.7142857142857142,0.4348821785714286,0.0232657023809524,0.1693868527210884,0.1484385628608237,2.0714285714285716,0.4427976884353741,-0.0079735028676085,0.2095934686111111,0.1498507399062914,2.1,0.4319570832539682,-0.0035460255085015,47.59675538128664,-0.0252208345708514,-0.016739913675703,0.5044594871286578,-0.0880316716524673,-0.5804509939854978,-1.0893282392123296,0.0,0.725547,0.0,0.0,0.0,0.0,0.0,0.61484825,0.0,0.0,0.0,0.0,0.0,0.5,0.5,0.0,0.1511115,0.0,0.0,0.0,0.0,0.0,0.089567,0.0,0.0,0.0,0.0,0.0,0.068387,0.068387,0.0,0.264618785778,0.0,0.0,0.0,0.0,0.0,0.257190124503,0.0,0.0,0.0,0.0,0.0,0.0341935,0.0341935,0.0447835,0.179134,0.5,2
2024-11-29,0.211423,0.1828332898152485,4,0.04936,0.420565,0.40732025,1.6292810000000002,0.22386425,0.0652325601335968,4,2,bullish,0.121856,0.0742637108458535,0.08611686921575,0.1714913333333333,0.0709560372648678,1.6666666666666667,0.4152546666666667,-0.0010304999999999,0.1724453571428571,0.0742637108458535,1.8571428571428572,0.4009149285714285,-0.010071494047619,0.1846098051020408,0.1402455679147519,2.0714285714285716,0.4524078729591836,-0.0124126410570382,0.2136635352777777,0.1481195929276565,2.1333333333333333,0.4325941249206349,-0.0043636873809523,54.49012119121968,-0.0193434875719645,-0.0172606429707695,0.505636406967596,-0.0863905248247388,1.360501077405741,1.940952071391239,0.451494,0.8707846666666667,0.0,0.0,0.0,0.0,0.0,0.60217725,0.0,0.0,0.0,0.0,0.0,0.5,0.5,0.420565,0.2595263333333333,0.0,0.0,0.0,0.0,0.0,0.211423,0.0,0.0,0.0,0.0,0.0,0.067113,0.067113,0.18988257411,0.6198710245650001,0.0,0.0,0.0,0.0,0.0,0.265660280658,0.0,0.0,0.0,0.0,0.0,0.0335565,0.0335565,0.1267397499999999,0.5069589999999999,0.55,2
2024-11-30,0.361543,0.3157274204404806,2,0.13829,0.584796,0.6604075,1.320815,0.2261735,0.2270555229729063,2,2,bullish,0.15012,0.0942475151737693,0.2387657087725,0.2208443333333333,0.1362325485533222,2.0,0.5011845,0.135988,0.1820143571428571,0.0942475151737693,2.0,0.4905695714285714,0.0276339166666666,0.1862040193877551,0.142250828328187,2.0,0.4705449265306122,-0.0022602356567242,0.2201461394444444,0.1502502712954097,2.1333333333333333,0.4435819499206349,-0.0037309963891095,50.511335477495095,-0.0028199307522102,-0.0143724361178925,0.4914004738305514,-0.0796999916876943,0.7100457376917364,-0.6504553397140047,0.0,0.451494,0.0,0.0,0.0,0.0,0.0,0.413559,0.0,0.0,0.0,0.0,0.0,0.0,0.0,0.0,0.584796,0.0,0.0,0.0,0.0,0.0,0.584796,0.0,0.0,0.0,0.0,0.0,0.0,0.0,0.0,0.264031885224,0.0,0.0,0.0,0.0,0.0,0.241847648964,0.0,0.0,0.0,0.0,0.0,0.0,0.0,0.2392511,0.4785022,0.6,2
2024-12-01,0.2972039999999999,0.3128777801122987,2,0.075966,0.518442,0.233349,0.466698,0.2765245,0.066693604494734,2,1,bullish,-0.064339,0.1032974982219639,0.069352256196,0.2900566666666667,0.0753147852704455,1.6666666666666667,0.43369225,0.0428904999999999,0.2003848333333333,0.1032974982219639,1.8571428571428572,0.4470498571428571,0.0380608511904761,0.1878531622448979,0.1434769560782348,1.9285714285714288,0.4554449979591837,0.0038093895238095,0.2241006283333333,0.1506788455396638,2.066666666666667,0.4384513388095238,-0.0035205854955241,50.529139963295734,0.0051305022109218,-0.0104717788620788,0.490140848246121,-0.0794774461032639,-0.1779567022456527,-0.8880024399373891,0.0,0.548656,0.0,0.0,0.0,0.0,0.0,0.8422970000000001,0.158519,0.25,0.25,0.158519,0.0,0.25,0.25,0.0,0.2972039999999999,0.0,0.0,0.0,0.0,0.0,0.2972039999999999,0.518442,0.075966,0.075966,0.518442,0.0,0.075966,0.075966,0.0,0.49875177486,0.0,0.0,0.0,0.0,0.0,0.4309002294,0.082182907398,0.0189915,0.0189915,0.082182907398,0.0,0.0189915,0.0189915,0.2080427999999999,0.4160855999999999,0.7,1
2024-12-02,0.089048,0.3128777801122987,1,0.089048,0.089048,0.67628,0.67628,0.157958,0.066693604494734,1,1,neutral,-0.2081559999999999,0.1031057774682549,0.06022138144,0.249265,0.1424324122066322,1.3333333333333333,0.5233455,-0.1362475,0.2005363333333333,0.1031057774682549,1.7142857142857142,0.4695422857142857,0.0100751428571428,0.1687024336734694,0.1368820487867445,1.8571428571428572,0.4671153979591836,0.0065678696493982,0.2156877807142857,0.150947383680311,2.0,0.4460522007142857,-0.003582701049314,44.188615999048366,-0.0049779188593008,-0.0093729911791013,0.4586777588778664,-0.0813225567350092,-0.7003808831644258,-0.5224241809187731,0.0,0.158519,0.0,0.0,0.0,0.0,1.0,0.459462,0.0,0.0,0.0,0.0,0.0,0.0,0.0,0.0,0.089048,0.0,0.0,0.0,0.0,0.089048,0.089048,0.0,0.0,0.0,0.0,0.0,0.0,0.0,0.0,0.014115799912,0.0,0.0,0.0,0.0,0.089048,0.040914172176,0.0,0.0,0.0,0.0,0.0,0.0,0.0,0.044524,0.044524,0.5,1
2024-12-03,0.0272465,0.0518101753616024,4,-0.040858,0.077916,0.33039025,1.321561,0.11201275,0.0547959666604212,4,2,neutral,-0.0618015,0.1214240469727886,0.009001977946625,0.1378328333333333,0.1414363210921555,1.3333333333333333,0.41333975,-0.1349787499999999,0.1842165,0.1214240469727886,1.5714285714285714,0.4494558214285714,-0.0169274821428571,0.1585223979591836,0.142000764551216,1.8571428571428572,0.4582348443877551,0.0025613671376242,0.2090963529365079,0.1547955778070154,2.0,0.4450687646031746,-0.0047343026087186,46.73294585149535,-0.0176780829673143,-0.0110340285024374,0.4566365560368196,-0.1000634372272957,-0.6940245710178781,0.0063563121465477,0.0,0.0,0.0,0.0,0.0,0.0,0.5,0.79512175,0.0,0.0,0.0,0.0,0.0,0.0,0.75,0.0,0.0,0.0,0.0,0.0,0.0,0.077916,0.0272465,0.0,0.0,0.0,0.0,0.0,0.0,0.0476175,0.0,0.0,0.0,0.0,0.0,0.0,0.038958,0.1131406584359999,0.0,0.0,0.0,0.0,0.0,0.0,0.056277,0.01362325,0.054493,0.5,2
2024-12-04,-0.004581,0.3077328711723854,2,-0.222181,0.213019,0.3778249999999999,0.7556499999999999,0.0771935,0.0407046018590036,2,1,neutral,-0.0318275,0.1393182881733748,-0.001730816325,0.0372378333333333,0.0476074307916667,1.3333333333333333,0.4614984166666667,-0.0468145,0.1530643571428571,0.1393182881733748,1.5714285714285714,0.4459139642857143,-0.0329747142857142,0.1363101122448979,0.141411842277978,1.6428571428571428,0.4372352729591836,0.0027760591313448,0.1948501529365079,0.1541144285179113,2.0,0.4381986979365079,-0.004639013437682,42.51168258619204,-0.0299195045787821,-0.0148111582194643,0.4572505427381478,-0.121920598928624,-1.1681316866386509,-0.4741071156207728,0.0,0.538269,0.0,0.0,0.0,0.0,0.0,0.161647,0.0,0.0,0.0,0.0,0.0,0.0,0.0,0.0,-0.222181,0.0,0.0,0.0,0.0,0.0,-0.004581,0.0,0.0,0.0,0.0,0.0,0.0,0.0,0.0,-0.119593144689,0.0,0.0,0.0,0.0,0.0,-0.001481009814,0.0,0.0,0.0,0.0,0.0,0.0,0.0,-0.0022905,-0.004581,0.5,1
2024-12-05,0.0506034,0.2275457650150844,5,-0.294471,0.250426,0.3694178,1.847089,0.0933567999999999,0.2426949990321184,5,3,neutral,0.0551844,0.1430075555045339,0.01869379670052,0.0244229666666666,0.027700338557558,2.0,0.3592110166666666,0.01167845,0.1474981285714285,0.1430075555045339,1.7142857142857142,0.4364271142857143,-0.053023725,0.1312506714285714,0.1432402597451006,1.7142857142857142,0.4356546464285714,-0.0001630735531135,0.1909155329365079,0.1562979335205154,2.033333333333333,0.4387448746031746,-0.0057503835324964,48.180627540488,-0.0348331487008634,-0.0188155855781298,0.4543174068776433,-0.1137572897347862,-12.046365422396851,-10.8782337357582,0.0,0.764914,0.0,0.0,0.0,0.0,1.0,0.4432545,0.0,0.0,0.333333,0.0,0.0,0.333333,0.333333,0.0,0.0990206666666666,0.0,0.0,0.0,0.0,0.156294,0.136872,0.0,0.0,-0.294471,0.0,0.0,-0.294471,-0.294471,0.0,0.338040129181,0.0,0.0,0.0,0.0,0.156294,0.196455758308,0.0,0.0,-0.098156901843,0.0,0.0,-0.098156901843,-0.098156901843,0.01352286,0.0676143,0.54,3
2024-12-06,-0.026191,0.232611260952689,2,-0.190672,0.13829,0.594513,1.189026,0.0073555,0.0823998603184495,2,1,neutral,-0.0767944,0.1531462898124394,-0.015570889983,0.0066104666666666,0.0396015361122941,1.6666666666666667,0.4472519333333333,-0.010805,0.1135532714285714,0.1531462898124394,1.5714285714285714,0.4631689357142857,-0.06250115,0.1429993142857142,0.1195994215160628,1.7142857142857142,0.4320419321428571,-0.0152742423443223,0.1739952996031745,0.1511562531425438,2.033333333333333,0.4367658412698413,-0.0051476193447746,54.805741470445106,-0.0443210211198497,-0.0239167025076368,0.4372974132749962,-0.1332787961321391,-1.517573917958082,10.52879150443877,0.0,0.0,0.0,0.0,0.0,0.0,0.0,0.360215,0.0,0.0,0.0,0.108179,0.0,0.0,0.0,0.0,0.0,0.0,0.0,0.0,0.0,0.0,-0.190672,0.0,0.0,0.0,-0.190672,0.0,0.0,0.0,0.0,0.0,0.0,0.0,0.0,0.0,0.0,-0.06868291448,0.0,0.0,0.0,-0.020626706288,0.0,0.0,0.0,-0.0130955,-0.026191,0.5,1
2024-12-07,0.2253436666666666,0.210533307828793,3,0.017319,0.438299,0.3340556666666667,1.002167,0.266565,0.1018400347751315,3,2,bullish,0.2515346666666666,0.1218406517930308,0.0752773287974444,0.0832520222222222,0.1289064448875028,2.0,0.4326621555555556,0.0873701333333333,0.0940962238095238,0.1218406517930308,1.5714285714285714,0.4165472452380953,-0.0150965035714286,0.1380552904761904,0.1141591415745666,1.7857142857142858,0.4535584083333334,-0.0079250404395604,0.1830428684920635,0.1455482428323288,2.0,0.4306289034920635,-0.0063341236924625,47.65781137260833,-0.0314517808350938,-0.0254237252211799,0.4312753280850965,-0.1321339442755727,-9.603858831914268,-8.086284913956186,0.0,0.4033544999999999,0.0,0.0,0.0,0.333333,0.2666665,0.7055250000000001,0.0,0.0,0.2666665,0.0,0.2,0.2,0.6,0.0,0.329356,0.0,0.0,0.0,0.438299,0.329356,0.2253436666666666,0.0,0.0,0.329356,0.0,0.220413,0.220413,0.118866,0.0,0.2455374887149999,0.0,0.0,0.0,0.1460995205669999,0.1901821205669999,0.501622451415,0.0,0.0,0.1901821205669999,0.0,0.0440826,0.0440826,0.0614016,0.1565859666666666,0.4697578999999999,0.6333333333333333,2
2024-12-09,-0.1938095,0.4979735866895954,2,-0.54593,0.158311,0.6091385,1.218277,-0.0611884999999999,0.4257907122525102,2,2,bearish,-0.4191531666666667,0.1266660747063102,-0.11805682811575,0.0017810555555555,0.2109719678077538,1.6666666666666667,0.5125690555555557,-0.08380925,0.0239514380952381,0.1266660747063102,1.7142857142857142,0.4702314595238095,-0.0169281488095238,0.1121681357142857,0.1439119939583468,1.7857142857142858,0.4586406583333333,-0.0163995715018315,0.1734036073809523,0.160375406752032,1.9666666666666663,0.4434300312698412,-0.009370081262249,39.766786444698106,-0.0540312462405203,-0.0311452508318167,0.4251940480782551,-0.1811494342687313,-1.860061890652944,7.743796941261325,0.0,1.0,0.0,0.0,0.0,0.0,0.0,0.54554,0.0,0.0,0.0,0.0,0.0,0.0,0.0,0.0,0.158311,0.0,0.0,0.0,0.0,0.0,0.158311,0.0,0.0,0.0,0.0,0.0,0.0,0.0,0.0,0.158311,0.0,0.0,0.0,0.0,0.0,0.08636498294,0.0,0.0,0.0,0.0,0.0,0.0,0.0,-0.15149775,-0.3029955,0.6,2
2024-12-10,0.444658,0.4979735866895954,1,0.444658,0.444658,0.535653,0.535653,0.300627,0.4257907122525102,1,1,bullish,0.6384675,0.2045143514657127,0.238182391674,0.1587307222222222,0.3244043008573275,1.6666666666666667,0.4929490555555555,0.1096571666666667,0.0747528666666666,0.2045143514657127,1.7142857142857142,0.4501418880952381,0.037447063095238,0.1376446,0.1687320838398149,1.7142857142857142,0.4598420869047619,-0.0076970249084249,0.1821174629365079,0.1678558564983434,1.9333333333333331,0.448555509047619,-0.0075521996403411,57.658318392496454,-0.02075849848867,-0.0290678941453361,0.471254947121023,-0.1997212333114991,-3.294304458759761,-1.4342425681068174,0.0,0.95493,0.0,0.0,0.0,0.0,0.5,0.161647,0.158519,0.0,0.0,0.0,0.0,0.0,0.5,0.0,0.444658,0.0,0.0,0.0,0.0,0.444658,0.444658,0.444658,0.0,0.0,0.0,0.0,0.0,0.444658,0.0,0.42461726394,0.0,0.0,0.0,0.0,0.222329,0.071877631726,0.070486741502,0.0,0.0,0.0,0.0,0.0,0.222329,0.3112606,0.3112606,0.7,1
2024-12-11,0.2096048999999999,0.2533342455897829,10,-0.27239,0.587089,0.3698525,3.698525,0.2208998999999999,0.1264527040178791,10,3,bullish,-0.2350531,0.2090192497525978,0.07752289627725,0.1534844666666666,0.3229122394973645,2.0,0.5048813333333334,0.2017072,0.1008040666666666,0.2090192497525978,1.8571428571428572,0.4557793523809524,0.0451088714285714,0.1425102833333333,0.1698299590367219,1.7142857142857142,0.4526175869047619,-0.0055143987545787,0.1745377262698412,0.160941248308679,1.9666666666666663,0.4478342257142857,-0.0056170714259229,51.356853795895674,-0.0130072447806529,-0.0258557565808581,0.4587575173502722,-0.1969024135407485,-0.5286154752641357,2.7656889834956253,1.0,0.761195,0.0,0.0,0.682689,0.2,0.6799999999999999,0.6647028,0.451494,0.2,0.2444443333333333,0.0,0.2,0.2444443333333333,0.2666665,0.2091,0.3033555,0.0,0.0,0.028592,0.354009,0.2910304,0.2096048999999999,0.185331,0.354009,0.1972336666666666,0.0,0.028592,0.1972336666666666,0.118846,0.2091,1.474334456376,0.0,0.0,0.019519443888,0.0708018,1.1490711999999998,1.477950385084,0.083675834514,0.0708018,0.1462201303,0.0,0.0057184,0.1462201303,0.0754183303,0.1171160699999999,1.1711607,0.54,3
2024-12-12,0.306095,0.2587239943008765,3,0.079737,0.588122,0.4178276666666667,1.253483,0.3143703333333333,0.0461454179343229,3,2,bullish,0.0964901,0.2157869800825168,0.1278949596283333,0.3201193,0.1181524468547729,2.0,0.4411110555555556,-0.0692814999999999,0.1451863523809524,0.2157869800825168,2.0,0.461494019047619,0.052049319047619,0.1491253547619047,0.1745453120611362,1.7857142857142858,0.4537039916666666,0.0014992431501831,0.1744883996031746,0.1608992892441115,1.9333333333333331,0.4452453479365079,-0.0038508177610042,51.82686722383225,0.0008342060155817,-0.0205177538359883,0.4771387021082998,-0.1968176554416331,0.4603427687043577,0.9889582439684934,0.0,0.9385155,0.158519,0.0,0.0,0.0,0.0,0.448278,0.0,0.0,0.0,0.0,0.0,0.0,1.0,0.0,0.3339295,0.588122,0.0,0.0,0.0,0.0,0.306095,0.0,0.0,0.0,0.0,0.0,0.0,0.588122,0.0,0.626654946477,0.093228511318,0.0,0.0,0.0,0.0,0.308825896764,0.0,0.0,0.0,0.0,0.0,0.0,0.588122,0.1530475,0.4591425,0.5,2
2024-12-13,0.3863223333333334,0.0784133994055437,3,0.307693,0.464518,0.455358,1.366074,0.3281686666666666,0.0292325212277923,3,2,bullish,0.0802273333333333,0.2282117883977033,0.175914965062,0.3006740777777778,0.0884833465081693,2.3333333333333335,0.4143460555555555,0.0883587166666667,0.1931462,0.2282117883977033,1.8571428571428572,0.4737711904761905,0.0643734666666666,0.1703221642857142,0.1844917759806405,1.7857142857142858,0.4550991523809524,0.0063128374358974,0.1732948107142857,0.159121875942242,1.9666666666666663,0.4477677701587301,-0.0007762741146247,55.95653908851235,0.0180088697939215,-0.0128124173016125,0.4848657188714476,-0.1468452388714476,0.2620994571402126,-0.1982433115641451,0.158519,0.5771809999999999,0.0,0.0,0.0,0.0,1.0,0.6665593333333334,0.0,0.5,0.5,0.0,0.0,0.0,0.0,0.464518,0.3863223333333334,0.0,0.0,0.0,0.0,0.307693,0.3863223333333334,0.0,0.386756,0.386756,0.0,0.0,0.0,0.0,0.073634928842,0.709282642007,0.0,0.0,0.0,0.0,0.307693,0.774722152581,0.0,0.193378,0.193378,0.0,0.0,0.0,0.0,0.2136740333333333,0.6410221,0.5666666666666667,2
2024-12-14,0.017347,0.0784133994055437,1,0.017347,0.017347,0.416516,0.416516,0.150014,0.0292325212277923,1,1,neutral,-0.3689753333333334,0.2217391409134832,0.007225303052,0.2365881111111111,0.1940595394572767,1.6666666666666667,0.4299005555555555,-0.144374,0.1993659142857143,0.2217391409134832,1.8571428571428572,0.4483430476190476,0.0142039523809523,0.1564595928571428,0.1884155656720289,1.7142857142857142,0.4557559916666666,0.003297091062271,0.1660374662698412,0.1611592887714499,1.9333333333333331,0.4483964590476191,-0.001356371625086,46.45604070524199,0.002073838942416,-0.0098351624027029,0.4721350256757435,-0.1618358456757435,-0.9550970821429772,-1.21719653928319,0.0,0.0,0.0,0.0,0.0,0.0,0.0,0.495866,0.0,0.0,0.0,0.0,0.0,0.0,1.0,0.0,0.0,0.0,0.0,0.0,0.0,0.0,0.017347,0.0,0.0,0.0,0.0,0.0,0.0,0.017347,0.0,0.0,0.0,0.0,0.0,0.0,0.0,0.008601787502,0.0,0.0,0.0,0.0,0.0,0.0,0.017347,0.0086735,0.0086735,0.5,1
2024-12-16,0.0472125,0.3416648042811843,2,-0.194381,0.288806,0.4657325,0.931465,0.146848,0.2491632164867037,2,2,neutral,0.0298655,0.2283828432713833,0.02198839565625,0.1502939444444445,0.2049513046888843,1.6666666666666667,0.4458688333333334,-0.1695549166666667,0.1739186047619048,0.2283828432713833,1.8571428571428572,0.4671540238095238,0.0016129083333333,0.1340074142857143,0.1806662560408441,1.7142857142857142,0.4418506345238095,0.0069367369963369,0.1606828579365079,0.1623860917862644,1.9,0.448426809047619,-0.0018346168366968,43.99644443697442,-0.0080694597754285,-0.0094820215308884,0.4696092532112756,-0.1714498898779423,1.7216521588747336,2.6767492410177107,0.0,0.495866,0.0,0.0,0.0,0.0,0.0,0.2872965,0.0,0.5,0.5,0.0,0.0,0.0,0.0,0.0,0.288806,0.0,0.0,0.0,0.0,0.0,0.0472125,0.0,0.288806,0.288806,0.0,0.0,0.0,0.0,0.0,0.143209075996,0.0,0.0,0.0,0.0,0.0,-0.008105299247,0.0,0.144403,0.144403,0.0,0.0,0.0,0.0,0.02360625,0.0472125,0.5,2
2024-12-17,0.2256052499999999,0.1473317291995063,4,0.017319,0.335922,0.390224,1.560896,0.26907275,0.1352903682094553,4,2,bullish,0.17839275,0.1608674764816439,0.088036583076,0.0967215833333333,0.1126109971212662,1.6666666666666667,0.4241575,0.104129125,0.2338349976190476,0.1608674764816439,1.8571428571428572,0.4358805238095238,-0.0453818232142857,0.1288932178571428,0.1766601946329574,1.7857142857142858,0.4530559916666666,0.0149339252380952,0.168259644047619,0.1598310612903429,1.9,0.4523416868253968,-0.0025356329789713,48.68959074893484,-0.0017965271504895,-0.007944921448742,0.4768764313343412,-0.1649552930010079,3.7785067513899913,2.0568545925152577,0.928139,0.943455,0.0,0.0,0.158519,0.0,0.6666665,0.646797,0.0,0.0,0.333333,0.0,0.0,0.0,0.6666665,0.323416,0.2950339999999999,0.0,0.0,0.323416,0.0,0.329669,0.2256052499999999,0.0,0.0,0.323416,0.0,0.0,0.0,0.1703675,0.300175002824,0.8330830302519999,0.0,0.0,0.0512675809039999,0.0,0.443727225528,0.6591841107159999,0.0,0.0,0.107805225528,0.0,0.0,0.0,0.125124225528,0.1128026249999999,0.4512104999999999,0.5,2
2024-12-18,0.2327442,0.0665144782863099,5,0.123345,0.281508,0.2913898,1.456949,0.2670548,0.100535497162445,5,3,bullish,0.00713895,0.1319151054094009,0.06781928588916,0.16852065,0.1051165619400314,2.3333333333333335,0.3824487666666667,0.09276585,0.2035615976190476,0.1319151054094009,2.142857142857143,0.4009857809523809,-0.0153811226190476,0.1391572321428571,0.1783335686155748,1.9285714285714288,0.4255638345238095,0.0165875175457875,0.1647103173809524,0.1570618801618501,1.9,0.4485050551587301,-0.0009405390619206,52.838829032857866,0.0037038447141156,-0.0056151667537597,0.4831632789597334,-0.1621162539597334,0.0316435455291932,-3.746863205860798,0.928139,0.8044250000000001,0.0,0.0,0.158519,0.0,0.3888886666666666,0.690843,0.0,0.0,0.3888886666666666,0.0,0.0,0.333333,0.4444443333333334,0.270231,0.275006,0.0,0.0,0.196788,0.0,0.225028,0.260094,0.0,0.0,0.275006,0.0,0.0,0.281508,0.2222849999999999,0.250811930109,0.660529942335,0.0,0.0,0.062389273944,0.0,0.245585316087,0.750736728807,0.0,0.0,0.3205523160869999,0.0,0.0,0.0938359061639999,0.288388909923,0.13856358,0.6928179,0.58,3
2024-12-19,0.213276,0.0525380338421604,2,0.176126,0.250426,0.2912225,0.582445,0.306362,0.0605905658663128,2,2,bullish,-0.0194682,0.1319504282163183,0.0621107699099999,0.22387515,0.0098487378540329,2.3333333333333335,0.3242787666666666,-0.0061646249999999,0.2040860404761904,0.1319504282163183,2.0,0.3897529238095238,-0.0134769648809524,0.1524450535714285,0.1762722664692368,1.9285714285714288,0.4227661380952381,0.0150158318315018,0.1626823173809523,0.1559896360856862,1.9,0.4433875384920634,0.0001273098718152,53.73767431124883,0.0064273110472288,-0.0032066699840916,0.483145704359911,-0.162119479359911,-0.083646337910891,-0.1152898834400842,0.310843,0.999965,0.158519,0.0,0.310843,1.0,0.0,0.5536825,0.0,0.0,0.0,0.576289,0.0,0.0,0.0,0.176126,0.176126,0.176126,0.0,0.176126,0.176126,0.0,0.213276,0.0,0.0,0.0,0.176126,0.0,0.0,0.0,0.054747534218,0.17611983559,0.027919317394,0.0,0.054747534218,0.176126,0.0,0.20307346769,0.0,0.0,0.0,0.101499476414,0.0,0.0,0.0,0.106638,0.213276,0.5,2
2024-12-20,0.2163834,0.1518284978826438,5,0.017319,0.384695,0.5686184,2.843092,0.2403054,0.072719924146,5,2,bullish,0.0031074,0.1245399209943833,0.12303958269456,0.2208012,0.010458987543733,2.3333333333333335,0.3837435666666667,-0.0081803999999999,0.1912700976190476,0.1245399209943833,2.0,0.4112944571428572,0.0024133178571427,0.168228225,0.1709426954543568,2.0,0.4363942380952381,0.0116659586446886,0.157989824047619,0.1520041495533522,1.9,0.4452450051587301,0.0018149814529371,54.49141509605778,0.0087340475037898,-0.0008185255271153,0.4885991790602924,-0.1548913140602923,0.0145698531480336,0.0982161910589246,0.310843,0.7194946666666667,0.158519,0.0,0.310843,1.0,1.0,0.6299162,0.0,0.0,0.0,0.576289,0.0,0.0,1.0,0.194438,0.2266343333333333,0.194438,0.0,0.194438,0.194438,0.34852,0.2163834,0.0,0.0,0.0,0.194438,0.0,0.0,0.017319,0.060439691234,0.38662323655,0.030822117322,0.0,0.060439691234,0.194438,0.34852,0.659733817619,0.0,0.0,0.0,0.112052480582,0.0,0.0,0.017319,0.1081917,0.5409585,0.5,2
2024-12-22,-0.194381,0.1518284978826438,1,-0.194381,-0.194381,0.725658,0.725658,-0.029337,0.072719924146,1,1,bearish,-0.4107644,0.1610221413652012,-0.141054127698,0.0784261333333333,0.2362630165342289,1.6666666666666667,0.5284996333333334,-0.2038285,0.1083124785714285,0.1610221413652012,1.8571428571428572,0.4499087428571429,-0.0110418374999999,0.1507293392857143,0.1947861081883348,1.8571428571428572,0.4618399666666666,-0.0025720464102564,0.1458515573809523,0.1650139966057373,1.8666666666666667,0.4542763384920635,-0.0003771567990889,45.64925861487441,-0.02215048207935,-0.005084918208728,0.5055067562324261,-0.212379291232426,-1.8983175234329437,-1.9128873765809773,0.0,0.0,0.0,0.0,0.0,0.0,0.0,0.360215,0.0,0.0,0.0,0.0,0.0,0.0,0.0,0.0,0.0,0.0,0.0,0.0,0.0,0.0,-0.194381,0.0,0.0,0.0,0.0,0.0,0.0,0.0,0.0,0.0,0.0,0.0,0.0,0.0,0.0,-0.070018951915,0.0,0.0,0.0,0.0,0.0,0.0,0.0,-0.0971905,-0.0971905,0.5,1
2024-12-23,0.2058975,0.1160934984419885,2,0.123807,0.287988,0.331478,0.662956,0.252882,0.0607828989107956,2,1,bullish,0.4002785,0.1590273259066783,0.068250491505,0.0759666333333333,0.234186615034684,1.3333333333333333,0.5419181333333334,-0.0052429499999999,0.1352482642857143,0.1590273259066783,1.8571428571428572,0.4377604571428571,-0.0135813678571428,0.1673070892857142,0.1883401949896883,1.8571428571428572,0.4430517523809524,-0.0068283519047619,0.142501774047619,0.1626456826372227,1.7666666666666666,0.4429316384920634,0.001117404948885,53.69695196454547,-0.0143207857154177,-0.006932092184993,0.4846087896172182,-0.2070458746172183,-2.0592470457503564,-0.1609295223174127,0.0,0.9837955,0.0,0.0,0.0,0.0,0.0,0.5618765,0.451494,0.0,0.0,0.0,0.0,0.0,0.0,0.0,0.2058975,0.0,0.0,0.0,0.0,0.0,0.2058975,0.123807,0.0,0.0,0.0,0.0,0.0,0.0,0.0,0.40399209219,0.0,0.0,0.0,0.0,0.0,0.165667853778,0.055898117658,0.0,0.0,0.0,0.0,0.0,0.0,0.10294875,0.2058975,0.5,1
2024-12-24,0.4017085,0.0616010214566284,2,0.35815,0.445267,0.4022854999999999,0.8045709999999999,0.2860025,0.0078312076016409,2,2,bullish,0.195811,0.1812164525354255,0.16160150477675,0.1377416666666667,0.3038331552276402,1.3333333333333333,0.4864738333333333,0.2980447500000001,0.18589055,0.1812164525354255,1.8571428571428572,0.4286966,0.0023914053571428,0.1799045773809524,0.1981627925908425,1.8571428571428572,0.4479253119047618,0.001782125018315,0.151844205,0.1693069886471768,1.7666666666666666,0.4432896027777778,0.0026444222506488,52.86010022704059,0.0075250645327208,-0.0040406602467171,0.5028265172115035,-0.2148131522115034,0.9510120326861666,3.010259078436523,0.0,0.8975425,0.158519,0.0,0.0,0.2,0.5,0.999996,0.0,0.2,0.2,0.0,0.0,0.2,0.35,0.0,0.4017085,0.445267,0.0,0.0,0.35815,0.445267,0.35815,0.0,0.35815,0.35815,0.0,0.0,0.35815,0.4017085,0.0,0.7217230487780001,0.070583279573,0.0,0.0,0.07163,0.2226335,0.3581485674,0.0,0.07163,0.07163,0.0,0.0,0.07163,0.2942635,0.23666925,0.4733385,0.6,2
2024-12-25,0.10213,0.1199408664384245,2,0.017319,0.186941,0.327273,0.654546,0.171623,0.0305597408693201,2,2,neutral,-0.2995785,0.18270968261796,0.03342439149,0.2365786666666667,0.1521276434662131,1.6666666666666667,0.3536788333333333,-0.05188375,0.1682512285714286,0.18270968261796,1.8571428571428572,0.4197036,-0.0009094107142857,0.2010431130952381,0.1688470738090189,1.8571428571428572,0.4277920619047619,-0.01276025007326,0.1616042716666666,0.1568633514910932,1.8,0.4326956694444445,-3.8495279940672704e-05,54.99287430792516,0.0007575552206568,-0.0030810169953326,0.5031062839834637,-0.2137847189834636,-0.7457609186761047,-1.6967729513622714,0.0,0.96136,0.0,0.0,0.158519,0.0,0.5,0.747933,0.0,0.0,0.0,0.0,0.0,0.0,0.75,0.0,0.186941,0.0,0.0,0.186941,0.0,0.186941,0.10213,0.0,0.0,0.0,0.0,0.0,0.0,0.10213,0.0,0.1797175997599999,0.0,0.0,0.0296337003789999,0.0,0.0934705,0.195528903254,0.0,0.0,0.0,0.0,0.0,0.0,0.1107895,0.0697590999999999,0.1395181999999999,0.6,2
2024-12-26,-0.040858,0.1199408664384245,1,-0.040858,-0.040858,0.645887,0.645887,0.046031,0.0305597408693201,1,1,neutral,-0.142988,0.1954355270661656,-0.026389651046,0.1543268333333333,0.2258531797165656,1.6666666666666667,0.4584818333333333,-0.22128325,0.1291652,0.1954355270661656,1.5714285714285714,0.4703460571428571,-0.0141006892857142,0.1663633988095238,0.1647729733192917,1.8571428571428572,0.435665919047619,-0.0116404504395604,0.1504236716666666,0.1589991098923805,1.8,0.4531310694444444,-0.0004277674267704,40.16433055663044,-0.0159145347823713,-0.0056477208906222,0.5056423638544001,-0.2231312488544001,-1.4000587486536766,-0.6542978299775719,0.0,0.0,0.0,0.0,0.0,0.0,0.0,0.684621,0.0,0.0,0.0,0.0,0.0,0.0,0.0,0.0,0.0,0.0,0.0,0.0,0.0,0.0,-0.040858,0.0,0.0,0.0,0.0,0.0,0.0,0.0,0.0,0.0,0.0,0.0,0.0,0.0,0.0,-0.027972244818,0.0,0.0,0.0,0.0,0.0,0.0,0.0,-0.020429,-0.020429,0.5,1
2024-12-27,-0.088531,0.1496945055771921,2,-0.194381,0.017319,0.5705965,1.141193,0.0603385,0.1268203083125885,2,1,neutral,-0.047673,0.206750568407122,-0.0505154787414999,-0.0090863333333332,0.0992218893809896,1.3333333333333333,0.5145854999999999,-0.0953305,0.0860499142857143,0.206750568407122,1.4285714285714286,0.5102566285714286,-0.0254094535714285,0.1450679773809524,0.1775266227185304,1.7142857142857142,0.4500047761904762,-0.0174976035531135,0.1418522827777777,0.1648097438689341,1.7666666666666666,0.4542180527777777,-0.0018439829180571,43.46410768614173,-0.0325837205736566,-0.0110349213945675,0.5103437439016749,-0.2362276289016749,1.16679720005874,2.5668559487124165,0.0,0.0,0.0,0.0,0.0,0.0,0.0,0.4280405,0.0,0.0,0.0,0.0,0.0,0.0,1.0,0.0,0.0,0.0,0.0,0.0,0.0,0.0,-0.088531,0.0,0.0,0.0,0.0,0.0,0.0,0.017319,0.0,0.0,0.0,0.0,0.0,0.0,0.0,-0.061431048661,0.0,0.0,0.0,0.0,0.0,0.0,0.017319,-0.0442655,-0.088531,0.5,1
2024-12-28,0.149535,0.1496945055771921,1,0.149535,0.149535,0.664752,0.664752,0.098825,0.1268203083125885,1,1,neutral,0.238066,0.2011963952996163,0.09940369032,0.0067153333333333,0.1259613894109355,1.0,0.6270785,0.0951965,0.0765001428571428,0.2011963952996163,1.2857142857142858,0.5239900000000001,1.1589285714310813e-05,0.1338851202380952,0.1714291931029912,1.6428571428571428,0.4676422285714285,-0.0120613911721611,0.1439038661111111,0.1644988877485905,1.7333333333333334,0.4590820194444444,-0.0021658982610307,46.768407164624605,-0.0263445730542938,-0.0140968519844799,0.5130819767677153,-0.2290727017677153,-2.689069365532977,-3.8558665655917177,0.0,0.972756,0.0,0.0,0.310843,0.0,1.0,0.929393,0.0,0.0,0.0,0.0,0.0,0.0,0.0,0.0,0.149535,0.0,0.0,0.149535,0.0,0.149535,0.149535,0.0,0.0,0.0,0.0,0.0,0.0,0.0,0.0,0.1454610684599999,0.0,0.0,0.0464819080049999,0.0,0.149535,0.138976782255,0.0,0.0,0.0,0.0,0.0,0.0,0.0,0.1046744999999999,0.1046744999999999,0.7,1
2024-12-30,0.1026919999999999,0.2947642754733574,4,-0.27239,0.390684,0.5373135,2.149254,0.19246575,0.2160421065014487,4,2,neutral,-0.046843,0.1620606242878247,0.0551777979419999,0.0545653333333333,0.1261189403790458,1.3333333333333333,0.5908873333333333,0.0956115,0.1189391428571428,0.1620606242878247,1.4285714285714286,0.4970836428571428,-0.0358794464285714,0.1136258107142857,0.1553026565488797,1.6428571428571428,0.4734961928571429,-0.0046305172527472,0.142610755,0.1646709406940012,1.7,0.4612926194444444,-0.0024484608045977,44.063704346829226,-0.0248812695872196,-0.0162537356504015,0.5116197723917069,-0.2147221973917068,-0.3132577657404621,2.375811599792515,0.0,0.928769,0.0,0.0,0.158519,0.0,1.0,0.28147675,0.0,0.0,0.0,0.0,0.0,0.0,1.0,0.0,0.275155,0.0,0.0,0.390684,0.0,0.390684,0.1026919999999999,0.0,0.0,0.0,0.0,0.0,0.0,0.017319,0.0,0.255555434195,0.0,0.0,0.0619308369959999,0.0,0.390684,0.0033878286969999,0.0,0.0,0.0,0.0,0.0,0.0,0.017319,0.0513459999999999,0.2053839999999999,0.5,2
2024-12-31,-0.11856375,0.1131984187533112,4,-0.212038,0.037698,0.40040975,1.601639,0.1109335,0.11911042466132,4,2,neutral,-0.2212557499999999,0.1786003189213293,-0.0474740814965625,0.0445544166666667,0.1431929428595237,1.6666666666666667,0.5341584166666667,-0.134049375,0.0725875357142857,0.1786003189213293,1.5714285714285714,0.5069310357142858,-0.0489035625,0.1039179,0.1656847957350238,1.7142857142857142,0.4723457464285714,-0.0144385314285714,0.1315424966666666,0.1707885320275394,1.7333333333333334,0.4612190111111111,-0.0036446766110493,46.96794411124833,-0.0410501419299917,-0.0212130171737235,0.5112705319176496,-0.2487636985843161,-2.154556830132824,-1.841299064392362,0.0,0.0,0.0,0.0,0.158519,0.0,1.0,0.50166575,0.0,0.0,0.0,0.108179,0.0,0.0,1.0,0.0,0.0,0.0,0.0,-0.212038,0.0,-0.08717,-0.11856375,0.0,0.0,0.0,-0.190672,0.0,0.0,-0.109243,0.0,0.0,0.0,0.0,-0.033612051722,0.0,-0.17434,-0.112725093649,0.0,0.0,0.0,-0.020626706288,0.0,0.0,-0.109243,-0.059281875,-0.2371275,0.5,2
2025-01-01,0.238524,0.1506561707996058,2,0.131994,0.345054,0.4599185,0.919837,0.3040565,0.1189827367499167,2,2,bullish,0.35708775,0.1334157510941226,0.109701600294,0.0742174166666667,0.1802387769655043,2.0,0.4658805833333333,0.067916,0.0492754642857143,0.1334157510941226,1.5714285714285714,0.5151643214285714,0.0158926249999999,0.1175830071428571,0.1685133817132643,1.7142857142857142,0.4719304607142857,-0.0124620516483516,0.13650773,0.1716890182824495,1.7333333333333334,0.4620221027777778,-0.0032439595476455,53.724255127560824,-0.0248402699507233,-0.0219384677604164,0.5030451615488449,-0.1973049782155116,-3.011778473605972,-0.8572216434731477,0.0,0.885705,0.0,0.0,0.0,0.0,0.0,0.7704285,0.0,0.0,1.0,0.0,0.0,0.0,0.0,0.0,0.238524,0.0,0.0,0.0,0.0,0.0,0.238524,0.0,0.0,0.345054,0.0,0.0,0.0,0.0,0.0,0.39817210614,0.0,0.0,0.0,0.0,0.0,0.406932241278,0.0,0.0,0.345054,0.0,0.0,0.0,0.0,0.1537674,0.3075348,0.6,2
2025-01-02,0.0411882,0.3515518773512666,5,-0.405279,0.389661,0.5279592,2.639796,0.078329,0.2534107152746308,5,3,neutral,-0.1973358,0.1313645184010899,0.02174568912144,0.05371615,0.1788732161292391,2.3333333333333335,0.4627624833333333,0.079875975,0.0405694928571428,0.1313645184010899,1.7142857142857142,0.5438337785714286,0.0225767803571428,0.1044103607142857,0.1666170133120082,1.7857142857142858,0.4817686892857142,-0.0110835875824175,0.1308332366666666,0.1719406443141206,1.7666666666666666,0.4660434011111111,-0.0033422672228401,46.4362426126265,-0.0275602973178673,-0.023062833710707,0.4576745022737846,-0.1922812989404512,-0.8273205212054133,2.1844579524005585,0.0,0.967321,0.0,0.0,0.158519,0.0,1.0,0.61435875,0.0,0.0,0.5,0.0,0.0,0.0,0.5,0.0,0.389661,0.0,0.0,0.389661,0.0,0.210453,0.152805,0.0,0.0,-0.405279,0.0,0.0,0.0,-0.405279,0.0,0.376927268181,0.0,0.0,0.0617686720589999,0.0,0.420906,0.388232673591,0.0,0.0,-0.2026395,0.0,0.0,0.0,-0.2026395,0.0199693799999999,0.0998468999999999,0.58,3
2025-01-03,0.1900335,0.0038105984438143,2,0.187339,0.192728,0.1809025,0.361805,0.3305445,0.0494967675762771,2,2,bullish,0.1488453,0.1364019992063605,0.03437753523375,0.1565819,0.1028329307533825,2.3333333333333335,0.3895934,-0.0242452499999999,0.0735539928571428,0.1364019992063605,1.8571428571428572,0.4774074214285714,0.0269582821428571,0.1013595964285714,0.1644635629559916,1.7142857142857142,0.4738767392857143,-0.0044064262637362,0.1251162533333333,0.1667789295771293,1.7666666666666666,0.4500599011111111,-0.0013692282239525,49.21749552398653,-0.0175306811145721,-0.0219564031609348,0.4558375684257413,-0.192401505092408,3.613785016096844,4.441105537302257,0.0,0.9928915,0.158519,0.0,0.158519,0.25,0.0,0.9768565,0.451494,0.25,0.0,0.0,0.25,0.0,0.25,0.0,0.1900335,0.192728,0.0,0.192728,0.192728,0.0,0.1900335,0.187339,0.192728,0.0,0.0,0.192728,0.0,0.192728,0.0,0.377354523814,0.030551049832,0.0,0.030551049832,0.048182,0.0,0.371386780191,0.084582434466,0.048182,0.0,0.0,0.048182,0.0,0.048182,0.1142895499999999,0.2285790999999999,0.6,2
2025-01-04,-0.119684,0.0038105984438143,1,-0.119684,-0.119684,0.699089,0.699089,0.024463,0.0494967675762771,1,1,neutral,-0.3097175,0.1429240853842948,-0.083669767876,0.0371792333333333,0.1548976639974384,2.0,0.4693168999999999,-0.0804361,0.0691035642857143,0.1429240853842948,1.8571428571428572,0.4957634928571428,-0.0169007875,0.0775767392857143,0.1709799079608166,1.6428571428571428,0.5030100607142857,-0.0070324058241758,0.1112199866666666,0.1692947759583672,1.7666666666666666,0.4655845677777778,-0.0017617726510938,44.486233949742655,-0.0341273695247136,-0.0243905964874512,0.4421662219374126,-0.2213080586040793,-1.6298047449528634,-5.243589761049707,0.0,0.0,0.0,0.0,0.0,0.0,0.0,0.108179,0.0,0.0,0.0,0.0,0.0,0.0,0.0,0.0,0.0,0.0,0.0,0.0,0.0,0.0,-0.119684,0.0,0.0,0.0,0.0,0.0,0.0,0.0,0.0,0.0,0.0,0.0,0.0,0.0,0.0,-0.012947295436,0.0,0.0,0.0,0.0,0.0,0.0,0.0,-0.059842,-0.059842,0.5,1
2025-01-05,0.174347,0.0038105984438143,1,0.174347,0.174347,0.204936,0.204936,0.299856,0.0494967675762771,1,1,bullish,0.294031,0.1455350943365111,0.035729976792,0.0815655,0.174463570719649,1.3333333333333333,0.3616425,-0.00784325,0.0726481357142857,0.1455350943365111,1.8571428571428572,0.4300754928571428,0.0058654999999999,0.0745741392857143,0.1687088187579601,1.5714285714285714,0.4770327464285713,0.0003085025274725,0.1140632866666666,0.1696255313827937,1.7666666666666666,0.4498731011111111,-0.0015074118502039,49.36506191101012,-0.023331806716117,-0.0241788385294429,0.4070956745109371,-0.2074350445109371,-2.4567277163196417,-0.8269229713667783,0.0,0.0,0.0,0.0,0.158519,0.0,0.5,0.0,0.0,0.0,0.5,0.0,0.0,0.0,0.0,0.0,0.0,0.0,0.0,0.174347,0.0,0.174347,0.0,0.0,0.0,0.174347,0.0,0.0,0.0,0.0,0.0,0.0,0.0,0.0,0.027637312093,0.0,0.0871735,0.0,0.0,0.0,0.0871735,0.0,0.0,0.0,0.0,0.0871735,0.0871735,0.5,1
2025-01-06,0.2165933333333333,0.1427856425286987,3,0.060813,0.34125,0.3364843333333334,1.0094530000000002,0.2460133333333333,0.0750861546247597,3,1,bullish,0.0422463333333333,0.1554815150495258,0.0728802633711111,0.0904187777777778,0.1831763387899252,1.0,0.4135031111111111,0.1681386666666667,0.0889197547619047,0.1554815150495258,1.7142857142857142,0.4013856119047619,0.0255801803571428,0.1039294488095238,0.1533680735043281,1.5714285714285714,0.4492346273809524,-0.0045004591575091,0.1203748477777777,0.1698063793857198,1.7333333333333334,0.4500762372222222,-0.001444664137931,56.98518390191767,-0.0112440449059248,-0.0215918797681732,0.4187133864916109,-0.1991281231582775,0.2423117881772174,2.6990395044968594,0.983605,0.992945,0.0,0.0,0.310843,0.0,0.4166665,0.5920823333333334,0.0,0.0,0.333333,0.0,0.0,0.0,0.4166665,0.34125,0.2944835,0.0,0.0,0.34125,0.0,0.2010315,0.2165933333333333,0.0,0.0,0.34125,0.0,0.0,0.0,0.2010315,0.33565520625,0.585408671888,0.0,0.0,0.1060751737499999,0.0,0.14415638625,0.310589642521,0.0,0.0,0.11374988625,0.0,0.0,0.0,0.14415638625,0.1082966666666666,0.32489,0.5,1
2025-01-07,-0.16149,0.1427856425286987,1,-0.16149,-0.16149,0.184363,0.184363,-0.072521,0.0750861546247597,1,1,bearish,-0.3780833333333333,0.1655492938178265,-0.0297727808699999,0.0764834444444444,0.2071707227520157,1.0,0.2419277777777778,-0.1679185,0.0827874333333333,0.1655492938178265,1.5714285714285714,0.3705217904761904,-0.0308899369047619,0.0776874845238095,0.1655275920072465,1.5714285714285714,0.4387264130952381,-0.0087222878754578,0.1151445477777777,0.1760882552329694,1.7333333333333334,0.4436275038888889,-0.0041249114942528,43.70817495152356,-0.03175520582318,-0.0236245450021596,0.4304807345813146,-0.2317657212479813,-1.7455908153528887,-1.9879026035301064,0.0,0.997902,0.0,0.0,0.0,0.0,0.0,0.977154,0.0,0.0,0.5,0.0,0.0,0.0,0.5,0.0,-0.16149,0.0,0.0,0.0,0.0,0.0,-0.16149,0.0,0.0,-0.16149,0.0,0.0,0.0,-0.16149,0.0,-0.16115119398,0.0,0.0,0.0,0.0,0.0,-0.15780059946,0.0,0.0,-0.080745,0.0,0.0,0.0,-0.080745,-0.080745,-0.080745,0.5,1
2025-01-08,0.1517455,0.1296968186984553,2,0.060036,0.243455,0.063298,0.126596,0.2884095,0.2121327414627455,2,2,bullish,0.3132355,0.1548466779305333,0.009605186659,0.0689496111111111,0.2021833849473962,1.3333333333333333,0.1947151111111111,-0.0324239166666666,0.0703905047619047,0.1548466779305333,1.5714285714285714,0.313861719047619,-0.0012534916666666,0.0598329845238095,0.1392905085691487,1.5714285714285714,0.4145130202380952,0.0040756669230769,0.1185159511111111,0.1757778981078081,1.7,0.4334235105555555,-0.0043338876826103,45.884687369343496,-0.0225144988767758,-0.0234025357750745,0.4224786650700521,-0.2311496267367187,-1.9396588024026256,-0.1940679870497368,0.0,0.9959715,0.0,0.0,0.3050065,0.0,0.5833335,0.658363,0.0,0.166667,0.166667,0.310843,0.166667,0.166667,0.166667,0.0,0.1517455,0.0,0.0,0.1517455,0.0,0.1517455,0.1517455,0.0,0.060036,0.060036,0.060036,0.060036,0.060036,0.060036,0.0,0.301624310688,0.0,0.0,0.0656981369289999,0.0,0.253461020012,0.13714452833,0.0,0.010006020012,0.010006020012,0.0186617703479999,0.010006020012,0.010006020012,0.010006020012,0.08187635,0.1637527,0.6,2
2025-01-10,0.19511,0.2593281297609909,4,-0.119684,0.46974,0.38053675,1.522147,0.24364875,0.1776695662334529,4,3,bullish,0.0433645,0.1608221480456834,0.0742465252925,0.0617885,0.19457668510577,2.0,0.20939925,0.1783,0.0923793333333333,0.1608221480456834,1.5714285714285714,0.292801369047619,0.0079375535714285,0.0664744130952381,0.143612006268026,1.6428571428571428,0.4183175738095238,0.0093351316117216,0.1258926511111111,0.1741315683684659,1.7666666666666666,0.4262909688888889,-0.0048377115016685,51.67183743156863,-0.011563859533089,-0.0210348005095421,0.4176942026493447,-0.2301285843160114,0.2857712419808165,2.225430044383442,0.158519,0.894009,0.0,0.0,0.0,0.0,0.6666665,0.5948205,0.0,0.5,0.333333,0.0,0.0,0.0,0.4166665,0.46974,0.3000413333333333,0.0,0.0,0.0,0.0,0.284988,0.19511,0.0,0.330148,0.100236,0.0,0.0,0.0,0.215192,0.0744627150599999,0.839211851044,0.0,0.0,0.0,0.0,0.503151966588,0.579753361888,0.0,0.165074,0.033411966588,0.0,0.0,0.0,0.198485966588,0.1190741999999999,0.4762967999999999,0.6,3
2025-01-11,0.2720654999999999,0.3602659552670776,2,0.017319,0.526812,0.480274,0.960548,0.249574,0.1407991022698653,2,2,bullish,0.0769554999999999,0.1717420744153974,0.1306659859469999,0.206307,0.0609364850212904,2.3333333333333335,0.30803625,0.06016,0.1040981904761905,0.1717420744153974,1.5714285714285714,0.3355687261904762,0.0411402380952381,0.0888260916666666,0.1498384748527678,1.7142857142857142,0.4064880738095238,0.0116707314652014,0.1274500455555555,0.1752570056551417,1.7666666666666666,0.4311649133333333,-0.0032087917908787,55.76341508324529,0.0032780370179261,-0.0161722329758961,0.4262184198718909,-0.2327738515385576,0.394421095792117,0.1086498538113005,0.0,0.9545,0.0,0.0,0.0,0.0,0.0,0.746898,0.0,0.0,0.5,0.0,0.0,0.0,0.75,0.0,0.526812,0.0,0.0,0.0,0.0,0.0,0.2720654999999999,0.0,0.0,0.526812,0.0,0.0,0.0,0.2720654999999999,0.0,0.5028420539999999,0.0,0.0,0.0,0.0,0.0,0.5343094024139999,0.0,0.0,0.263406,0.0,0.0,0.0,0.280725,0.1887139499999999,0.3774278999999999,0.6,2
2025-01-12,0.228407,0.3602659552670776,1,0.228407,0.228407,0.392948,0.392948,0.28677,0.1407991022698653,1,1,bullish,-0.0436584999999999,0.1443587149466892,0.089752073836,0.2318608333333333,0.0385938332973452,2.0,0.4179195833333333,0.0166485,0.1538254761904762,0.1443587149466892,1.5714285714285714,0.2918342976190476,0.0224901547619047,0.1114645202380952,0.1448401519003661,1.7142857142857142,0.3937988952380952,0.0098118203296703,0.1415239288888888,0.1652352459043138,1.7333333333333334,0.4239585633333333,-0.0047730396737115,55.845998955285935,0.0113903409447354,-0.0106597181662376,0.4277813426055281,-0.2331344142721948,-0.1604705484524865,-0.5548916442446036,0.0,0.905476,0.0,0.0,0.310843,0.0,0.5,0.989041,0.0,0.0,0.0,0.0,0.0,0.5,0.0,0.0,0.228407,0.0,0.0,0.228407,0.0,0.228407,0.228407,0.0,0.0,0.0,0.0,0.0,0.228407,0.0,0.0,0.206817056732,0.0,0.0,0.0709987171009999,0.0,0.1142035,0.2259038876869999,0.0,0.0,0.0,0.0,0.0,0.1142035,0.0,0.1598849,0.1598849,0.7,1
2025-01-13,0.0728683333333333,0.3186963512221835,3,-0.27239,0.355792,0.5657463333333334,1.697239,0.131306,0.1325398852459138,3,2,neutral,-0.1555386666666666,0.1470251827228557,0.0412249923994444,0.1911136111111111,0.1047042283917909,1.6666666666666667,0.4796561111111111,-0.0995985833333332,0.1393285238095238,0.1470251827228557,1.7142857142857142,0.3433786309523809,0.0167478214285714,0.1059883297619047,0.1447393327482252,1.7857142857142858,0.3867270619047619,0.0099641428937728,0.12913094,0.1553631617353133,1.7666666666666666,0.4249616744444445,-0.0031253991991101,48.54145969926953,0.0052228175345436,-0.0074832110143113,0.4117880794235965,-0.1904162177569297,-0.6809715405686633,-0.5205009921161767,0.0,0.986238,0.0,0.0,0.0,0.0,0.0,0.4372136666666666,0.0,0.0,0.0,0.0,0.0,0.0,0.0,0.0,0.2454974999999999,0.0,0.0,0.0,0.0,0.0,0.0728683333333333,0.0,0.0,0.0,0.0,0.0,0.0,0.0,0.0,0.4812021809919999,0.0,0.0,0.0,0.0,0.0,0.1112359360419999,0.0,0.0,0.0,0.0,0.0,0.0,0.0,0.0364341666666666,0.1093024999999999,0.5,2
2025-01-14,0.1976036249999999,0.2893649091599135,8,-0.194381,0.509058,0.433180125,3.465441,0.239902375,0.2332266268197017,8,3,bullish,0.1247352916666666,0.1455295200188432,0.0855979629779531,0.1662929861111111,0.0823610119403221,2.0,0.4639581527777778,-0.0154016875,0.1366157083333333,0.1455295200188432,2.0,0.3571923154761904,0.0340294122023809,0.112767731547619,0.1467814231247562,1.8571428571428572,0.3792889636904762,0.0124730525457875,0.1287308975,0.1551641286798544,1.7666666666666666,0.4270725952777778,-0.0021286471134593,51.75366672157675,0.0102710624307168,-0.0039323563147799,0.4108436372222023,-0.1903011630555356,1.7117901008668603,2.3927616414355235,0.0,0.9253972,0.0,0.0,0.0,1.0,0.333333,0.772789625,0.451494,1.0,0.333333,0.0,0.333333,0.0,0.5555553333333333,0.0,0.2513568,0.0,0.0,0.0,0.332541,0.501107,0.1976036249999999,0.186471,0.413238,0.1582914999999999,0.0,-0.184524,0.0,0.1113006666666666,0.0,1.123528512552,0.0,0.0,0.0,0.332541,0.1670354996309999,1.435615237043,0.084190537674,0.413238,0.1055275611389999,0.0,-0.0615079384919999,0.0,0.1228465611389999,0.1091327625,0.8730621,0.525,3
2025-01-15,0.2487286,0.0564978136860179,5,0.181382,0.329775,0.3818354,1.909177,0.2299503999999999,0.09153115634198,5,2,bullish,0.051124975,0.0667525709230362,0.09497338447244,0.1730668527777778,0.0904613079793325,2.3333333333333335,0.4602539527777778,0.0879301333333333,0.1952183654761904,0.0667525709230362,2.142857142857143,0.3854026583333333,0.0034549779761904,0.1390028994047619,0.1345697837867281,1.8571428571428572,0.3779622244047619,0.0087313362087912,0.1268186841666666,0.1532445673217248,1.7666666666666666,0.4258728530555555,-0.0001312676807563,57.24168277973002,0.0181834512176834,0.0004908052022019,0.3787600861258638,-0.1735156019591972,0.2587248842221394,-1.4530652166447209,0.0,0.64142425,0.0,0.0,0.769861,1.0,1.0,0.38812725,0.0,0.5,0.5,0.0,0.0,0.0,0.0,0.0,0.25753975,0.0,0.0,0.269239,0.269239,0.181382,0.228467,0.0,0.329775,0.329775,0.0,0.0,0.0,0.0,0.0,0.6372782312649999,0.0,0.0,0.207276605779,0.269239,0.181382,0.3859735082919999,0.0,0.1648875,0.1648875,0.0,0.0,0.0,0.0,0.1243643,0.6218215,0.5,2
2025-01-16,0.3120766666666666,0.1718911540665585,3,0.179513,0.506291,0.3699273333333333,1.109782,0.3109523333333333,0.0691370267970306,3,2,bullish,0.0633480666666666,0.0761895763882477,0.1154456890955555,0.2528029638888889,0.0573451798142515,2.3333333333333335,0.3949809527777778,0.0572365208333334,0.2181228178571428,0.0761895763882477,2.142857142857143,0.4292068488095238,0.0097651008928571,0.1442566613095238,0.1400771761076183,1.8571428571428572,0.3715342839285714,0.0169572163919413,0.1243438286111111,0.1494619838463815,1.7666666666666666,0.4230251641666667,0.0028536254486466,51.64017486952813,0.0292240928178441,0.0062374627362325,0.4047085257766644,-0.178469374943331,0.2546875054443545,-0.0040373787777849,0.0,0.6326665,0.0,0.0,0.0,0.0,0.0,0.286942,0.0,0.5,0.5,0.0,0.0,0.0,0.5,0.0,0.342902,0.0,0.0,0.0,0.0,0.0,0.3120766666666666,0.0,0.179513,0.342902,0.0,0.0,0.0,0.506291,0.0,0.4397869904350001,0.0,0.0,0.0,0.0,0.0,0.338095222447,0.0,0.0897565,0.342902,0.0,0.0,0.0,0.2531455,0.1560383333333333,0.468115,0.5,2
2025-01-17,0.1195283333333333,0.0790887186666551,3,0.065292,0.210277,0.0834083333333333,0.250225,0.3223853333333333,0.0078541129564918,3,2,neutral,-0.1925483333333333,0.0848570443413486,0.0099696590694444,0.2267778666666667,0.0981330280168934,2.0,0.2783903555555556,-0.0646001333333333,0.2073254369047619,0.0848570443413486,2.0,0.3867599321428571,-0.0040861392857143,0.1498523851190476,0.1371778775616513,1.7857142857142858,0.3397806505952381,0.0128528313736263,0.1277498730555555,0.1480976480456325,1.8,0.4119215752777777,0.0020846485743418,51.75067008343968,0.0221939734332808,0.0094287648804856,0.4035757841562346,-0.1612979999895679,-0.6169904831077834,-0.8716779885521379,0.9452005,0.6783600000000001,0.0,0.0,0.0,0.0,0.0,0.483882,0.0,0.0,1.0,0.0,0.0,1.0,1.0,0.1466465,0.1377845,0.0,0.0,0.0,0.0,0.0,0.1195283333333333,0.0,0.0,0.210277,0.0,0.0,0.065292,0.083016,0.284194529416,0.1666238932049999,0.0,0.0,0.0,0.0,0.0,0.170274744807,0.0,0.0,0.210277,0.0,0.0,0.065292,0.083016,0.0597641666666666,0.1792925,0.5,2
2025-01-18,0.2782335,0.0888430173086213,2,0.215412,0.341055,0.4261425,0.852285,0.3072725,0.1088725239925115,2,1,bullish,0.1587051666666666,0.08566947200267,0.11856711927375,0.2366128333333333,0.1028004138498206,1.6666666666666667,0.2931593888888888,-0.0169215833333333,0.2082065797619048,0.08566947200267,1.8571428571428572,0.3790268607142857,0.0127597336309523,0.1561523851190476,0.1411334719784928,1.7142857142857142,0.357297793452381,0.0178455153663003,0.1354505730555555,0.1497624000332387,1.7666666666666666,0.4106019086111111,0.002500080524657,51.96236122931918,0.0290834928913069,0.0133597104874227,0.4120484144815082,-0.1330941803148416,1.3277618974580645,1.944752380565848,0.0,0.5169905,0.0,0.0,0.0,0.0,0.5,0.962106,0.0,0.0,0.0,0.0,0.0,0.0,0.5,0.0,0.2782335,0.0,0.0,0.0,0.0,0.215412,0.215412,0.0,0.0,0.0,0.0,0.0,0.0,0.215412,0.0,0.242648717889,0.0,0.0,0.0,0.0,0.107706,0.207249177672,0.0,0.0,0.0,0.0,0.0,0.0,0.107706,0.19476345,0.3895269,0.7,1
2025-01-19,-0.12307,0.0888430173086213,1,-0.12307,-0.12307,0.238718,0.238718,0.1236,0.1088725239925115,1,1,neutral,-0.4013035,0.1504014928301619,-0.02937902426,0.0915639444444444,0.2021079663509314,1.3333333333333333,0.2494229444444444,-0.1212991666666666,0.1579955797619048,0.1504014928301619,1.8571428571428572,0.3569940035714286,-0.0198484113095238,0.1559105279761904,0.1416445035271516,1.7142857142857142,0.3244141505952381,0.0007742257326007,0.1238280647222222,0.1559273767038982,1.7333333333333334,0.4055517086111111,0.0014539622525027,49.92761488553773,0.0021600904346208,0.0111197864746866,0.4225004613341094,-0.1708067271674428,-1.4423263194403262,-2.7700882168983907,0.0,0.928139,0.0,0.0,0.0,0.2,0.2,0.413559,0.0,0.0,0.2,0.0,0.0,0.2,0.2,0.0,-0.12307,0.0,0.0,0.0,-0.12307,-0.12307,-0.12307,0.0,0.0,-0.12307,0.0,0.0,-0.12307,-0.12307,0.0,-0.11422606673,0.0,0.0,0.0,-0.024614,-0.024614,-0.05089670613,0.0,0.0,-0.024614,0.0,0.0,-0.024614,-0.024614,-0.0861489999999999,-0.0861489999999999,0.7,1
2025-01-20,0.035227,0.0253257364749773,2,0.017319,0.053135,0.2669445,0.533889,0.1350495,0.0211629988541321,2,2,neutral,0.158297,0.1545675258956677,0.0094036539015,0.0634635,0.2021363394524844,1.3333333333333333,0.3106016666666666,-0.12150325,0.1526182464285714,0.1545675258956677,1.8571428571428572,0.3143080273809523,-0.0451632229166666,0.1459733851190476,0.1450897083353028,1.7857142857142858,0.3288433291666667,-0.0020660792857142,0.1172441580555555,0.1553387895584696,1.7,0.4047368652777778,0.0016334882406377,46.84269485102657,-0.006338958019679,0.0076280375731002,0.4217584391063296,-0.176811204939663,-1.2862354757455108,0.1560908436948154,0.0,0.0,0.0,0.0,0.576289,0.0,0.5,0.721499,0.0,0.0,0.5,0.0,0.0,0.0,1.0,0.0,0.0,0.0,0.0,0.053135,0.0,0.053135,0.035227,0.0,0.0,0.053135,0.0,0.0,0.0,0.017319,0.0,0.0,0.0,0.0,0.030621116015,0.0,0.0265675,0.058913762074,0.0,0.0,0.0265675,0.0,0.0,0.0,0.017319,0.022927,0.045854,0.6,2
2025-01-21,0.1673596666666666,0.3018965710476575,3,-0.11984,0.48207,0.4463646666666667,1.339094,0.199288,0.1595165246487021,3,2,bullish,0.1321326666666666,0.1535196374801556,0.0747034418251111,0.0265055555555555,0.1454111258292361,1.6666666666666667,0.3173423888888889,0.1452148333333333,0.1482976809523809,0.1535196374801556,1.7142857142857142,0.3161915333333333,-0.0371573023809524,0.1424566946428571,0.1438376118108069,1.8571428571428572,0.3366919244047618,0.0008730874908424,0.1157136136111111,0.1545843391330039,1.7,0.4099082708333333,0.002619102667779,48.92645004217851,-0.0023914983248071,0.005624130392273,0.4140848500088515,-0.1405452741755182,3.750891834861517,5.037127310607028,0.0,0.99998,0.0,0.0,0.0,0.0,0.0,0.267286,0.0,0.0,0.5,0.0,0.0,0.0,0.5,0.0,0.48207,0.0,0.0,0.0,0.0,0.0,0.1673596666666666,0.0,0.0,0.139849,0.0,0.0,0.0,0.139849,0.0,0.4820603586,0.0,0.0,0.0,0.0,0.0,0.12106726867,0.0,0.0,0.0699245,0.0,0.0,0.0,0.0699245,0.0836798333333333,0.2510394999999999,0.5,2
2025-01-22,0.229003,0.3018965710476575,1,0.229003,0.229003,0.120431,0.120431,0.345812,0.1595165246487021,1,1,bullish,0.0616433333333333,0.1515371615371601,0.027579060293,0.1438632222222222,0.0990017510963726,1.6666666666666667,0.2779133888888889,0.096888,0.1454797380952381,0.1515371615371601,1.5714285714285714,0.2788480476190476,-0.0141630297619047,0.1703490517857143,0.1154173900367175,1.8571428571428572,0.3321253529761904,-0.0066743816300366,0.1161342669444444,0.1548846055383592,1.6666666666666667,0.3949686908333333,0.0040442763236929,59.87794136470316,0.0056430657692709,0.0056279174676744,0.4129051205125476,-0.1403176446792142,0.3683284901380064,-3.3825633447235104,0.0,0.999336,0.0,0.0,0.310843,0.0,1.0,0.316726,0.0,0.0,0.0,0.0,0.0,0.0,0.0,0.0,0.229003,0.0,0.0,0.229003,0.0,0.229003,0.229003,0.0,0.0,0.0,0.0,0.0,0.0,0.0,0.0,0.228850942008,0.0,0.0,0.071183979529,0.0,0.229003,0.072531204178,0.0,0.0,0.0,0.0,0.0,0.0,0.0,0.1145015,0.1145015,0.5,1
2025-01-23,0.1141618333333333,0.3583254307505492,6,-0.601535,0.384695,0.5767328333333334,3.460397,0.1558965,0.2715018615875404,6,3,neutral,-0.1148411666666666,0.132546588064293,0.0658408775968611,0.1701748333333333,0.0574723173611529,2.0,0.3811761666666666,-0.0265989166666666,0.1172061904761904,0.132546588064293,1.7142857142857142,0.3083916904761904,0.0062810416666666,0.1676645041666666,0.1163169665622107,1.9285714285714288,0.3687992696428571,-0.0088930346336996,0.1264190280555555,0.1433706145174003,1.7333333333333334,0.3900045186111111,0.0018900663459399,48.9432083815251,0.0027173483623036,0.0050458036463687,0.4131762007122785,-0.1332913615456118,-0.5014832411220231,-0.8698117312600295,0.0,0.8134600000000001,0.0,0.0,0.0,0.25,0.25,0.5279735999999999,0.0,0.0,0.25,0.0,0.0,0.25,0.0,0.0,0.22545275,0.0,0.0,0.0,0.158537,0.158537,0.2573012,0.0,0.0,0.158537,0.0,0.0,0.158537,0.0,0.0,0.748447433732,0.0,0.0,0.0,0.03963425,0.03963425,0.565018245176,0.0,0.0,0.03963425,0.0,0.0,0.03963425,0.0,0.0423143166666666,0.2538859,0.5666666666666667,3
2025-01-24,0.352425,0.2620452878263602,2,0.167131,0.537719,0.588557,1.177114,0.2260685,0.2059243439239275,2,2,bullish,0.2382631666666666,0.1596795698395761,0.207422200725,0.2318632777777778,0.1191573331324238,2.0,0.4285736111111111,0.061711,0.1504771428571429,0.1596795698395761,1.7142857142857142,0.3805557857142857,0.0318147916666666,0.1789012898809523,0.1263392100252474,1.8571428571428572,0.3836578589285714,-0.0027093667582417,0.1313032780555555,0.1485731046129825,1.7666666666666666,0.3985738186111111,0.0038962967834631,53.98650276401579,0.0193915529122378,0.0079149535004557,0.4367762046294765,-0.1406522154628098,2.08706499983211,2.5885482409541325,0.0,0.973478,0.158519,0.0,0.682689,0.0,1.0,0.3848195,0.0,0.0,0.0,0.0,0.0,0.0,0.0,0.0,0.352425,0.537719,0.0,0.167131,0.0,0.537719,0.352425,0.0,0.0,0.0,0.0,0.0,0.0,0.0,0.0,0.695738632804,0.0852386781609999,0.0,0.114098495259,0.0,0.537719,0.227259937793,0.0,0.0,0.0,0.0,0.0,0.0,0.0,0.1929255999999999,0.3858511999999999,0.6,2
2025-01-25,0.186522,0.0269096556648352,2,0.167494,0.20555,0.414577,0.829154,0.209859,0.0167174185208123,2,1,bullish,-0.1659029999999999,0.1509753643049395,0.077327731194,0.2177029444444445,0.1221536844300758,2.0,0.5266222777777778,0.0361800833333333,0.1373755,0.1509753643049395,1.7142857142857142,0.3789035714285714,0.0539276488095238,0.1727910398809524,0.1235240745367801,1.7857142857142858,0.3789652160714286,0.0005797154029303,0.1241303947222222,0.1400162146465867,1.7333333333333334,0.3989835352777777,0.0061174102020763,47.925758412551566,0.0190059152902974,0.0101331458589889,0.4233494799473903,-0.0966048907807236,-0.4707469674398807,-2.55781196727199,0.0,0.7068654999999999,0.0,0.0,0.158519,0.0,0.333333,0.316726,0.0,0.0,0.333333,0.0,0.0,0.333333,0.333333,0.0,0.186522,0.0,0.0,0.167494,0.0,0.186522,0.20555,0.0,0.0,0.186522,0.0,0.0,0.20555,0.167494,0.0,0.270108041986,0.0,0.0,0.026550981386,0.0,0.124347875652,0.0651030293,0.0,0.0,0.124347875652,0.0,0.0,0.06851659815,0.055831277502,0.1305654,0.2611308,0.7,1
2025-01-27,0.2433381666666666,0.1624825899564832,6,0.061011,0.460939,0.2117065,1.270239,0.2600085,0.137508600918997,6,2,bullish,0.0568161666666666,0.1008119654099588,0.0515162715814166,0.2607617222222222,0.0843127307611257,1.6666666666666667,0.4049468333333334,-0.0545434166666666,0.1897195238095238,0.1008119654099588,1.8571428571428572,0.3750447857142857,0.0280742916666666,0.1738575517857143,0.1241042981599126,1.8571428571428572,0.3660193946428571,0.0044288407875457,0.1288373336111111,0.1416154929995577,1.7333333333333334,0.395131318611111,0.0067347657415647,50.35975238697819,0.0230176029009946,0.0127100372679149,0.4292316400443158,-0.0955879342109824,0.3046083929330945,0.7753553603729753,0.0,0.85608125,0.0,0.0,0.5670915,0.0,0.875,0.6460578,0.158519,0.25,0.25,0.0,0.0,0.25,0.375,0.0,0.305811,0.0,0.0,0.1183925,0.0,0.146991,0.2097806,0.460939,0.460939,0.460939,0.0,0.0,0.460939,0.283782,0.0,1.102895710913,0.0,0.0,0.121012444935,0.0,0.5346515000000001,0.5997205210600001,0.073067589341,0.11523475,0.11523475,0.0,0.0,0.11523475,0.1685472499999999,0.1331160833333333,0.7986964999999999,0.6,2
2025-01-28,0.3506565,0.1607091079077349,2,0.237018,0.464295,0.629046,1.258092,0.224055,0.0944595664715861,2,1,bullish,0.1073183333333333,0.0901825955661783,0.220579068699,0.2601722222222222,0.0833521001079042,1.3333333333333333,0.4184431666666666,0.08206725,0.2347808809523809,0.0901825955661783,1.7142857142857142,0.4267735714285714,0.0232471785714285,0.1936995636904762,0.1288324996082394,1.7857142857142858,0.3705407994047619,0.0061509244139194,0.1418878169444444,0.1434658761227996,1.7333333333333334,0.3945699519444444,0.0069955444920281,56.8522665202858,0.0344559813090108,0.0170592260768429,0.4478659778856807,-0.1008159553856806,0.4410254864800633,0.1364170935469688,0.0,0.360215,0.0,0.0,0.0,0.0,0.0,0.5445504999999999,0.0,0.0,0.0,0.0,0.0,1.0,0.0,0.0,0.464295,0.0,0.0,0.0,0.0,0.0,0.3506565,0.0,0.0,0.0,0.0,0.0,0.237018,0.0,0.0,0.167246023425,0.0,0.0,0.0,0.0,0.0,0.282723139401,0.0,0.0,0.0,0.0,0.0,0.237018,0.0,0.17532825,0.3506565,0.5,1
2025-01-29,0.276922,0.0909893301244711,5,0.175189,0.389823,0.3727018,1.863509,0.2213542,0.05303904154677,5,2,bullish,-0.0737345,0.0859387509432147,0.1032093278596,0.2903055555555556,0.0548966832954643,1.6666666666666667,0.4044847666666666,0.0167919166666667,0.2504326428571429,0.0859387509432147,1.7142857142857142,0.4162503047619048,0.0181306964285714,0.1993651619047619,0.1307472354718227,1.7142857142857142,0.366220919047619,0.0086574136263736,0.1540695836111111,0.1386611855488497,1.7666666666666666,0.3879734619444444,0.0062776374805339,52.00706485106911,0.037145122234299,0.0210764053088578,0.4231780090616136,-0.0322867865616136,-0.2102755830848709,-0.6513010695649343,1.0,0.7557305,0.0,0.0,0.158519,0.166667,0.5833335,0.557354,0.0,0.166667,0.7222223333333333,0.0,0.0,0.166667,0.166667,0.175189,0.282131,0.0,0.0,0.256086,0.256086,0.303452,0.24869675,0.0,0.256086,0.2736993333333333,0.0,0.0,0.256086,0.256086,0.175189,0.8487258417369999,0.0,0.0,0.0405944966339999,0.042681085362,0.393499085362,0.554370091755,0.0,0.042681085362,0.607693085362,0.0,0.0,0.042681085362,0.042681085362,0.138461,0.692305,0.5,2
2025-01-30,0.223225125,0.2173995290134453,8,0.0,0.611872,0.3663758749999999,2.9310069999999997,0.1781875,0.1550701203879808,8,2,bullish,-0.053696875,0.0862062099436679,0.0817843004938593,0.2836012083333333,0.0639777125377864,1.6666666666666667,0.456041225,-0.0637156874999999,0.2496072321428571,0.0862062099436679,1.8571428571428572,0.4513852869047619,0.0121542276785714,0.1975434851190476,0.1301830085556414,1.7142857142857142,0.3651166672619048,0.0109664929487179,0.1565259211111111,0.1392296200149124,1.8,0.3780275911111111,0.0066925292732665,49.35550128717286,0.0345465847178246,0.0237704411909322,0.4261069851989322,-0.0280678001989322,-0.1939061360238623,0.0163694470610086,0.0,0.7153595714285714,0.0,0.158519,0.4532543333333333,0.25,0.5277776666666667,0.5489956,0.0,0.0,0.361111,0.0,0.0,0.5,0.5166666,0.0,0.2464892857142857,0.0,0.0,0.0559753333333333,0.0,0.2000133333333333,0.2012006,0.0,0.0,0.0559753333333333,0.0,0.0,0.060376,0.0873458,0.0,1.349197941704,0.0,0.0,0.026619461594,0.0,0.488089277358,0.289678478307,0.0,0.0,0.0559752773579999,0.0,0.0,0.030188,0.294590277358,0.1116125625,0.8929005,0.5,2
2025-01-31,0.2574873333333333,0.1871557984821736,9,0.045964,0.587583,0.3661362222222222,3.295226,0.2659228888888889,0.0628929221761965,9,3,bullish,0.0342622083333333,0.0624114090573938,0.0942754394967407,0.2525448194444444,0.0271874958178891,2.3333333333333335,0.3684046324074074,-0.0097173333333332,0.2700823035714285,0.0624114090573938,1.8571428571428572,0.4213000567460317,-0.0063508184523809,0.1936442470238095,0.1272736490857901,1.7857142857142858,0.3648458736111111,0.0164549934981685,0.1616857655555555,0.1400317847478518,1.8333333333333333,0.3723216818518519,0.0069726248016314,48.59988967060841,0.0348493080418972,0.02598621456131,0.4307083350895885,-0.0264314167562551,0.1534872399929594,0.3473933760168217,0.158519,0.8162398571428572,0.0,0.0,0.158519,0.3166666666666666,0.6305554999999999,0.864655625,0.0,0.2666665,0.333333,0.576289,0.625,0.35,0.3625,0.24572,0.3152057142857142,0.0,0.0,0.064982,0.2301486666666666,0.2752205,0.264950875,0.0,0.0554729999999999,0.064982,0.24572,0.2217495,0.057743,0.189992,0.0389512886799999,1.856269969661,0.0,0.0,0.010300881658,0.2700037999999999,1.386940445006,1.726270695193,0.0,0.030853445006,0.021660645006,0.14160573308,0.259209,0.0439538,0.3047648,0.1356481555555555,1.2208334,0.5444444444444445,3
2025-02-01,0.3703095,0.2358434460494927,2,0.203543,0.537076,0.3652655,0.730531,0.319996,0.0940607582469969,2,1,bullish,0.1128221666666666,0.0665714922870442,0.13526128467225,0.2836739861111111,0.0769594629013418,2.0,0.3659258657407407,0.0735421875,0.2726372321428571,0.0665714922870442,1.7142857142857142,0.3894012710317461,0.0161510520833333,0.2115571875,0.1335338555765727,1.7142857142857142,0.3849785283730159,0.0190591903846153,0.1779815405555555,0.1346356032957231,1.8,0.3711502068518519,0.0063858290989988,56.706313906248326,0.0436867947278096,0.0295263305948462,0.4459379955765116,-0.0318366772431782,0.4381658903609498,0.2846786503679903,0.0,0.259367,0.0,0.0,0.0,0.333333,0.333333,0.93822,0.0,0.0,0.333333,0.0,0.0,0.0,0.333333,0.0,0.3703095,0.0,0.0,0.0,0.3703095,0.3703095,0.3703095,0.0,0.0,0.203543,0.0,0.0,0.0,0.537076,0.0,0.158455992189,0.0,0.0,0.0,0.246872753127,0.246872753127,0.67425788944,0.0,0.0,0.067847598819,0.0,0.0,0.0,0.179025154308,0.25921665,0.5184333,0.7,1
2025-02-03,0.172706,0.1840177836596235,3,0.05414,0.384695,0.41667,1.25001,0.098833,0.1783049246683893,3,2,bullish,-0.1976035,0.0696822916600097,0.07196140902,0.2668342777777778,0.0991327888788471,2.0,0.3826905740740741,-0.0423906666666666,0.2706635178571429,0.0696822916600097,1.8571428571428572,0.389700271031746,-0.0068580416666666,0.2040195089285714,0.1324546451701634,1.7857142857142858,0.3843019212301587,0.0201472766483516,0.1757876072222222,0.1341504130338899,1.8,0.3697085901851852,0.0067693275565443,47.235528082400485,0.0343538023138453,0.0304918249386976,0.443403243995667,-0.0348720256623336,-0.5336171499785989,-0.9717830403395488,0.0,0.904684,0.158519,0.0,0.158519,0.0,0.0,0.5540895,0.0,0.0,0.333333,0.0,0.0,0.333333,0.333333,0.0,0.079283,0.079283,0.0,0.079283,0.0,0.0,0.2194175,0.0,0.0,0.079283,0.0,0.0,0.079283,0.079283,0.0,0.071726061572,0.012567861877,0.0,0.012567861877,0.0,0.0,0.095755920405,0.0,0.0,0.026427640239,0.0,0.0,0.026427640239,0.026427640239,0.086353,0.259059,0.5,2
2025-02-04,0.151168625,0.2342271901008795,8,-0.280205,0.481647,0.363509375,2.908075,0.211452125,0.1375182543367944,8,3,bullish,-0.021537375,0.083118872445742,0.0549512123933593,0.2313947083333334,0.1207847429865115,2.0,0.3818149583333334,-0.1095704374999999,0.2574964404761904,0.083118872445742,2.0,0.411386396031746,-0.0235646875,0.2236079821428571,0.0954780613035762,1.9285714285714288,0.3932155908730159,0.0078540807692307,0.1794536213888889,0.1318279404038765,1.8,0.3642269293518518,0.0056822236392287,58.96866193378204,0.0249324822779112,0.0293799564064928,0.4407338836180905,-0.0243726361180904,-0.1247054242469863,0.4089117257316125,0.0,0.9890685714285714,0.0,0.0,0.158519,0.333333,1.0,0.64123575,0.0,0.0,0.333333,0.0,0.0,0.333333,0.333333,0.0,0.2127934285714285,0.0,0.0,0.0303595,0.008931,0.481647,0.151168625,0.0,0.0,0.0303595,0.0,0.0,0.0303595,0.051788,0.0,1.472577657887,0.0,0.0,0.009625115161,0.002976997023,0.481647,0.935969876101,0.0,0.0,0.0202396464269999,0.0,0.0,0.0202396464269999,0.0172626494039999,0.0891434624999999,0.7131476999999999,0.575,3
2025-02-05,0.1979666,0.1738830962235834,5,0.054607,0.48756,0.2316694,1.158347,0.2768372,0.0898208784231149,5,3,bullish,0.0467979749999999,0.074147247827074,0.0458628034420399,0.173947075,0.0234236593296575,2.6666666666666665,0.337282925,0.0126302999999999,0.2356835976190476,0.074147247827074,2.2857142857142856,0.3546183103174603,-0.0166343047619047,0.2352322392857143,0.0793178326836095,2.0,0.3906959408730159,0.0009111078021977,0.1797180580555555,0.1318578478312289,1.8333333333333333,0.3659191593518519,0.0058746268909899,55.740890544106115,0.020999307044586,0.0277038265340542,0.4407486134503354,-0.0243510684503353,0.3095746554551251,0.4342800797021114,1.0,0.54621775,0.0,0.0,0.0,0.0,0.0,0.710413,0.0,1.0,1.0,0.0,0.0,0.5,0.5,0.151631,0.12556825,0.0,0.0,0.0,0.0,0.0,0.1979666,0.0,0.2611983333333333,0.151631,0.0,0.0,0.054607,0.054607,0.151631,0.275528952915,0.0,0.0,0.0,0.0,0.0,0.7459898525149999,0.0,0.783595,0.151631,0.0,0.0,0.0273035,0.0273035,0.1184857,0.5924285,0.54,3
2025-02-06,0.229651,0.1300240208225278,8,0.060512,0.498647,0.33307125,2.66457,0.261744375,0.059463778448823,8,3,bullish,0.0316844,0.071883530220857,0.0764901456337499,0.1929287416666667,0.0394829812558547,3.0,0.309416675,0.0392411875,0.2289305976190476,0.071883530220857,2.4285714285714284,0.3489568031746032,-0.0113894541666666,0.2396816202380952,0.0769287621550117,2.0714285714285716,0.3826035539682539,-0.0014859135164835,0.1913625580555555,0.1193361152840634,1.9,0.3537185676851851,0.0041319331238413,52.36503114264363,0.020205448107171,0.0262041508486366,0.4392506178853738,-0.0247608328853737,0.1600492204240513,-0.1495254350310737,0.98313,0.7182326666666667,0.0,0.0,0.310843,0.0,0.75,0.6343278571428571,0.451494,0.25,0.5833333333333334,0.0,0.0,0.25,0.625,0.160346,0.2528973333333333,0.0,0.0,0.060512,0.0,0.383771,0.2538137142857143,0.182768,0.261154,0.2272266666666666,0.0,0.0,0.261154,0.260233,0.47691065055,1.256831238089,0.0,0.0,0.018809731616,0.0,0.6330945,0.935155347902,0.082518655392,0.0652885,0.351367,0.0,0.0,0.0652885,0.3246004999999999,0.127291675,1.0183334,0.525,3
2025-02-07,0.2167815,0.0084435620741485,2,0.210811,0.222752,0.250174,0.500348,0.249756,0.0466506627820013,2,1,bullish,-0.0128694999999999,0.0720099161983384,0.054233094981,0.2147997,0.0159348972155441,2.3333333333333335,0.2716382166666667,0.00940745,0.2280100797619047,0.0720099161983384,2.2857142857142856,0.3323565353174603,-0.0135062107142857,0.2388086559523809,0.0771283453087437,2.0714285714285716,0.3918709111111111,-0.002492245091575,0.1927770413888888,0.1193789553484128,1.9,0.3552265010185185,0.0041785776214312,49.51813678241618,0.0183267855630765,0.0246286777914901,0.4292764984154631,-0.0243162300821297,-0.0560393814962703,-0.2160886019203216,0.99489,0.999659,0.0,0.0,0.0,0.0,0.5,0.592142,0.0,0.25,0.375,0.0,0.0,0.25,0.25,0.222752,0.2167815,0.0,0.0,0.0,0.0,0.222752,0.2167815,0.0,0.210811,0.2167815,0.0,0.0,0.210811,0.210811,0.22161373728,0.433411178664,0.0,0.0,0.0,0.0,0.111376,0.260623616005,0.0,0.05270275,0.16407875,0.0,0.0,0.05270275,0.05270275,0.10839075,0.2167815,0.5,1
2025-02-10,0.2102987999999999,0.2442990253658413,5,-0.019522,0.501362,0.3690141999999999,1.845071,0.238786,0.0649445644145836,5,2,bullish,-0.0064827,0.0709920663387872,0.0776032434429599,0.2189104333333333,0.0098501867527113,2.0,0.3174198166666667,-0.0096761,0.2212688607142857,0.0709920663387872,2.142857142857143,0.332767675,-0.0111928116071429,0.2456755821428571,0.069031752724028,2.0,0.3770338658730158,-0.0074160483150183,0.1925672236111111,0.1193411785423043,1.9333333333333331,0.3563108299074074,0.0044558715146458,54.14457841228754,0.0161289991863781,0.0229287420704379,0.4304332934368238,-0.0163959784368237,-0.0299043045647346,0.0261350769315356,0.158519,0.979215,0.0,0.0,0.158519,0.0,0.75,0.6478148,0.0,1.0,0.25,0.0,0.0,0.25,0.25,0.447436,0.341599,0.0,0.0,0.447436,0.0,0.1580443333333333,0.2102987999999999,0.0,0.075999,0.046219,0.0,0.0,0.046219,0.046219,0.070927107284,1.012763275868,0.0,0.0,0.070927107284,0.0,0.43946875,0.5725534805060001,0.0,0.075999,0.01155475,0.0,0.0,0.01155475,0.01155475,0.12705264,0.6352632,0.58,2
2025-02-11,0.19412975,0.1587040000785004,4,0.074727,0.421897,0.27081175,1.083247,0.29722575,0.0758483582963402,4,1,bullish,-0.0161690499999999,0.0268591193078609,0.0525726173245625,0.2070700166666667,0.01166594299128,1.3333333333333333,0.29666665,-0.0113258749999999,0.196100325,0.0268591193078609,2.142857142857143,0.3192742821428571,0.0071909464285714,0.2343687785714285,0.0628928874506172,1.9285714285714288,0.3543377765873016,-0.0053695747985347,0.2044212152777777,0.0988655653460493,1.9333333333333331,0.3591924549074074,0.0020241783741193,41.559367077504454,0.0129336567620543,0.0209297250087332,0.4237363529358489,-0.0181094129358488,-0.0768860782848022,-0.0469817737200675,0.310843,0.82769925,0.0,0.0,0.576289,0.0,1.0,0.89793175,0.0,1.0,0.0,0.0,0.0,0.0,0.0,0.182105,0.19412975,0.0,0.0,0.182105,0.0,0.1399475,0.19412975,0.0,0.074727,0.0,0.0,0.0,0.0,0.0,0.0566060645149999,0.485761230831,0.0,0.0,0.104945108345,0.0,0.279895,0.7398300730099999,0.0,0.074727,0.0,0.0,0.0,0.0,0.0,0.097064875,0.3882595,0.5,1
2025-02-12,0.096686,0.1732953215265778,3,-0.099955,0.227108,0.2642713333333333,0.792814,0.216317,0.1744412044242987,3,2,neutral,-0.09744375,0.0462579905042783,0.0255513381346666,0.1670381833333333,0.0614608153159459,1.6666666666666667,0.3013657611111111,-0.0568064,0.185240325,0.0462579905042783,2.142857142857143,0.297503044047619,-0.0068026348214285,0.2279519214285714,0.0720643234636668,2.0,0.3436016575396824,-0.0108807347985347,0.2025858986111111,0.1003766517599379,1.9333333333333331,0.3658915660185186,0.0009658316740823,44.83248843671789,0.0025107086272653,0.0172459217323984,0.3820624953953404,0.0455400446046597,-0.5019516586200725,-0.4250655803352703,0.6540714999999999,0.999663,0.0,0.0,0.6730750000000001,0.0,0.75,0.805218,0.0,0.25,0.25,0.0,0.0,0.0,0.25,0.1950065,0.1950065,0.0,0.0,0.1950065,0.0,0.096686,0.096686,0.0,-0.099955,-0.099955,0.0,0.0,0.0,-0.099955,0.277132687315,0.389859929208,0.0,0.0,0.268721951533,0.0,0.36502425,0.221736064908,0.0,-0.02498875,-0.02498875,0.0,0.0,0.0,-0.02498875,0.048343,0.145029,0.5,2
2025-02-13,0.1707656666666666,0.0810723393170157,3,0.080056,0.236159,0.3275916666666666,0.982775,0.2100213333333333,0.0787865772853049,3,3,bullish,0.0740796666666666,0.0444082981572824,0.0559414093527777,0.1538604722222222,0.0508739648830221,2.0,0.28755825,-0.0116820416666666,0.1880399023809524,0.0444082981572824,2.142857142857143,0.2923719428571428,-0.0132208767857143,0.2227681714285714,0.0734688844686488,2.0714285714285716,0.3518791694444444,-0.0120073889377289,0.2017744208333333,0.1005374484274871,1.9333333333333331,0.3641267299074074,0.0007089819336299,45.90680562480401,0.0002246234639683,0.0138416620786819,0.3682093201538625,0.0729470865128042,0.7661881416820087,1.2681398003020812,0.99489,0.5792425,0.0,0.0,0.0,0.0,1.0,0.7225320000000001,0.0,1.0,0.0,0.0,0.0,0.0,0.0,0.236159,0.138069,0.0,0.0,0.0,0.0,0.196082,0.1707656666666666,0.0,0.080056,0.0,0.0,0.0,0.0,0.0,0.23495222751,0.111136000654,0.0,0.0,0.0,0.0,0.196082,0.3948533374089999,0.0,0.080056,0.0,0.0,0.0,0.0,0.0,0.1011267666666666,0.3033803,0.5666666666666667,3
2025-02-14,-0.0411439999999999,0.3380833084344745,2,-0.280205,0.197917,0.543165,1.08633,0.055805,0.1945406318536053,2,2,neutral,-0.2119096666666666,0.096688164090954,-0.0223479807599999,0.0754358888888889,0.1075411647852598,2.3333333333333335,0.3783426666666667,-0.0689149999999999,0.1538812452380952,0.096688164090954,2.0,0.3368713142857142,-0.0363581952380952,0.1947824214285714,0.0930257117502611,2.142857142857143,0.3457448123015872,-0.0153316379487179,0.1913341041666666,0.108901108977558,1.9333333333333331,0.3662230965740741,-0.0003734676214312,30.233925160092554,-0.0184712508220292,0.0073790794984933,0.3976678512601632,0.0226381887398367,-1.2409383619267729,-2.0071265036087818,0.0,0.451494,0.0,0.0,0.0,0.0,0.25,0.6790725,0.0,0.0,0.25,0.0,0.0,0.25,0.25,0.0,0.197917,0.0,0.0,0.0,0.0,0.197917,-0.0411439999999999,0.0,0.0,0.197917,0.0,0.0,0.197917,0.197917,0.0,0.089358337998,0.0,0.0,0.0,0.0,0.04947925,0.096573267735,0.0,0.0,0.04947925,0.0,0.0,0.04947925,0.04947925,-0.0205719999999999,-0.0411439999999999,0.5,2
2025-02-16,0.091007,0.3380833084344745,1,0.091007,0.091007,0.061315,0.061315,0.079092,0.1945406318536053,1,1,neutral,0.132151,0.0926981649878472,0.005580094205,0.0735428888888889,0.1070288423247229,2.0,0.3106905555555556,-0.0398793333333333,0.1340749595238095,0.0926981649878472,1.7142857142857142,0.2980489928571428,-0.0322704708333333,0.1815027785714285,0.0936658227338654,2.0714285714285716,0.323502898015873,-0.0155887517948718,0.1867541041666666,0.1101700771041219,1.9333333333333331,0.3551686632407407,-0.000765064117538,41.14276998198683,-0.022367828117095,0.0014296979753415,0.3978685838453069,0.0086378561546931,-3.211914252381879,-1.9709758904551065,0.0,0.310843,0.0,0.0,0.0,0.0,1.0,0.999682,0.0,0.0,0.0,0.0,0.0,0.0,0.0,0.0,0.091007,0.0,0.0,0.0,0.0,0.091007,0.091007,0.0,0.0,0.0,0.0,0.0,0.0,0.0,0.0,0.028288888901,0.0,0.0,0.0,0.0,0.091007,0.090978059774,0.0,0.0,0.0,0.0,0.0,0.0,0.0,0.0637049,0.0637049,0.7,1
2025-02-17,0.129077,0.3380833084344745,1,0.129077,0.129077,0.198493,0.198493,0.299907,0.1945406318536053,1,1,neutral,0.0380699999999999,0.0852871991569517,0.025620880961,0.0596466666666667,0.08933868193752,1.3333333333333333,0.2676576666666667,0.0851105,0.1215457452380952,0.0852871991569517,1.7142857142857142,0.2906659928571428,-0.0209907464285714,0.1747779125,0.093819506363249,2.0,0.3115112640873016,-0.0157111692124542,0.1886277263888889,0.1086337244461975,1.9,0.3429268854629629,-0.0019225935761957,45.446867353739385,-0.0221292121796162,-0.0032820840556715,0.3972866709671021,0.0107112856995646,0.4183194699308843,3.630233722312763,0.0,0.99489,0.0,0.0,0.0,0.0,0.0,0.955357,0.451494,0.0,0.0,0.0,0.0,0.0,0.0,0.0,0.129077,0.0,0.0,0.0,0.0,0.0,0.129077,0.129077,0.0,0.0,0.0,0.0,0.0,0.0,0.0,0.12841741653,0.0,0.0,0.0,0.0,0.0,0.123314615489,0.058277491038,0.0,0.0,0.0,0.0,0.0,0.0,0.0645385,0.0645385,0.5,1
2025-02-18,0.1740445,0.0408035968083697,2,0.145192,0.202897,0.183718,0.367436,0.3002245,0.0040708137392909,2,2,bullish,0.0449674999999999,0.0799319343874991,0.031975107451,0.1313761666666667,0.0415664675800498,1.3333333333333333,0.147842,0.04151875,0.1163665595238095,0.0799319343874991,1.7142857142857142,0.2641951071428571,-0.0026868720238095,0.1688177101190476,0.0907615856095057,1.9285714285714288,0.2984813910714286,-0.0130054396520146,0.1878424222222222,0.1086517529543477,1.8666666666666667,0.3346114812962962,-0.0019547761586948,46.00594620256674,-0.0181033014926979,-0.0062463275430877,0.3755685500356272,0.0145913566310394,0.3483773251624997,-0.0699421447683845,0.0,0.160083,0.0,0.0,0.0,0.0,0.333333,0.6330715,0.0,0.0,0.333333,0.0,0.0,0.333333,0.333333,0.0,0.1740445,0.0,0.0,0.0,0.0,0.202897,0.1740445,0.0,0.0,0.1740445,0.0,0.0,0.145192,0.1740445,0.0,0.0556328807669999,0.0,0.0,0.0,0.0,0.0676322657009999,0.241538834456,0.0,0.0,0.1160295506369999,0.0,0.0,0.0483972849359999,0.1160295506369999,0.08702225,0.1740445,0.5,2
2025-02-19,0.394191,0.2622192360945322,2,0.208774,0.579608,0.403493,0.806986,0.2806865,0.1047755473023166,2,1,bullish,0.2201465,0.1315017138622242,0.159053309163,0.2324375,0.1418755267329427,1.3333333333333333,0.2619013333333333,0.132557,0.1449467380952381,0.1315017138622242,1.7142857142857142,0.2831495714285714,0.0381890595238095,0.170523531547619,0.0949668328006633,1.9285714285714288,0.3012119267857143,7.638368131868677e-05,0.1926911688888889,0.1145483180329149,1.8333333333333333,0.3353334012962963,-0.0002035903374119,51.03660209748266,0.0028170330733193,-0.0044336554198009,0.4065929944323195,0.0043338122343471,1.2648862790837976,0.9165089539212978,0.451494,0.999999,0.0,0.0,0.0,0.0,0.5,0.71099,0.158519,0.0,0.5,0.0,0.0,0.0,0.5,0.208774,0.579608,0.0,0.0,0.0,0.0,0.394191,0.394191,0.579608,0.0,0.579608,0.0,0.0,0.0,0.208774,0.0942602083559999,0.579607420392,0.0,0.0,0.0,0.0,0.394191,0.49917723288,0.091878880552,0.0,0.289804,0.0,0.0,0.0,0.104387,0.2759336999999999,0.5518673999999999,0.7,1
2025-02-20,0.2150429999999999,0.0337007091913508,2,0.191213,0.238873,0.423526,0.847052,0.270783,0.0567622897529688,2,1,bullish,-0.179148,0.1318707666110997,0.091076301618,0.2610928333333334,0.1170750217940755,1.3333333333333333,0.3369123333333333,0.02049925,0.1618548809523809,0.1318707666110997,1.5714285714285714,0.3059002380952381,0.0388049821428571,0.1735476029761904,0.0957128241183064,1.8571428571428572,0.3017016410714285,0.001420318003663,0.1894567133333333,0.1124110458974609,1.8,0.3371200235185185,0.0007639632851316,51.86760489755346,0.004885771611937,-0.002569770013449,0.4044532484381556,0.0036440415618444,-0.454470041172934,-1.7193563202567317,0.0,0.969119,0.0,0.0,0.0,0.0,0.0,0.524518,0.0,0.0,0.0,0.0,0.0,0.0,0.0,0.0,0.2150429999999999,0.0,0.0,0.0,0.0,0.0,0.2150429999999999,0.0,0.0,0.0,0.0,0.0,0.0,0.0,0.0,0.415332725774,0.0,0.0,0.0,0.0,0.0,0.224585940028,0.0,0.0,0.0,0.0,0.0,0.0,0.0,0.1075214999999999,0.2150429999999999,0.5,1
2025-02-21,0.2970669999999999,0.0904912832155672,2,0.23308,0.361054,0.274615,0.54923,0.2344195,0.2217465652597577,2,1,bullish,0.0820239999999999,0.1415765096942368,0.0815790542049999,0.3021003333333333,0.0896799994944984,1.0,0.3672113333333333,-0.0485619999999999,0.1798979285714285,0.1415765096942368,1.2857142857142858,0.2983321428571428,0.0545649642857142,0.1839689154761905,0.100891431112807,1.7142857142857142,0.2953520428571429,0.0042116751282051,0.1953746688888888,0.1132726925550419,1.7666666666666666,0.3434935790740741,0.0009759585094549,56.10993524994844,0.0129935736618042,0.0005428987216074,0.3948331520251676,0.0079051879748323,0.3814306906060647,0.8359007317789987,0.972193,0.995339,0.0,0.0,0.838487,0.0,1.0,0.7455229999999999,0.0,0.0,0.5,0.0,0.0,0.0,0.5,0.361054,0.2970669999999999,0.0,0.0,0.361054,0.0,0.361054,0.2970669999999999,0.0,0.0,0.23308,0.0,0.0,0.0,0.23308,0.351014171422,0.590768254612,0.0,0.0,0.302739085298,0.0,0.361054,0.426186589924,0.0,0.0,0.11654,0.0,0.0,0.0,0.11654,0.1485334999999999,0.2970669999999999,0.5,1
2025-02-24,0.2975425,0.1232522474947211,2,0.21039,0.384695,0.601175,1.20235,0.312944,0.1046093772087378,2,2,bullish,0.0004755,0.1071270464938153,0.1788751124374999,0.2698841666666667,0.047494438580567,1.3333333333333333,0.4331053333333334,0.04124975,0.2282817142857142,0.1071270464938153,1.2857142857142858,0.3066192857142857,0.0355923214285714,0.1910814797619047,0.1053648734619095,1.6428571428571428,0.3217453,0.0079180968131868,0.1960183022222222,0.1138133128668683,1.8,0.3493279957407407,0.0022065460215053,54.338360824449715,0.0192356856821786,0.0042814561137273,0.3977699134159633,0.0070304765840366,0.0016006490118392,-0.3798300415942255,0.0,1.0,0.0,0.0,0.0,0.0,0.0,0.5351425,0.0,0.0,0.5,0.0,0.0,0.0,0.5,0.0,0.21039,0.0,0.0,0.0,0.0,0.0,0.2975425,0.0,0.0,0.21039,0.0,0.0,0.0,0.21039,0.0,0.21039,0.0,0.0,0.0,0.0,0.0,0.244033401745,0.0,0.0,0.105195,0.0,0.0,0.0,0.105195,0.14877125,0.2975425,0.5,2
2025-02-25,0.430805,0.1232522474947211,1,0.430805,0.430805,0.244109,0.244109,0.372088,0.1046093772087378,1,1,bullish,0.1332625,0.1114554394746533,0.105163377745,0.3418048333333334,0.0770767719555199,1.3333333333333333,0.3732996666666666,0.066869,0.2768242857142857,0.1114554394746533,1.2857142857142858,0.3327327142857142,0.0376805714285714,0.2054496226190476,0.1232297367118819,1.5,0.3153908535714286,0.0160388628937728,0.2144808022222222,0.1048368464834191,1.8,0.3495076957407407,0.0015206899295513,58.05131713700349,0.0345368745056166,0.0103325397921124,0.4332499337545127,-0.0076915562545127,0.4478771940143005,0.4462765450024613,0.0,0.0,0.0,0.0,0.0,0.0,0.5,0.108179,0.0,0.0,0.0,0.0,0.0,0.0,0.5,0.0,0.0,0.0,0.0,0.0,0.0,0.430805,0.430805,0.0,0.0,0.0,0.0,0.0,0.0,0.430805,0.0,0.0,0.0,0.0,0.0,0.0,0.2154025,0.046604054095,0.0,0.0,0.0,0.0,0.0,0.0,0.2154025,0.2154025,0.2154025,0.5,1
2025-02-26,0.3432023333333333,0.177600481914699,3,0.181903,0.533528,0.6705643333333334,2.011693,0.227967,0.1024977434288189,3,3,bullish,-0.0876026666666666,0.0917975340121419,0.2301392438501111,0.3571832777777778,0.0677224008894498,2.0,0.5052827777777779,0.0228299166666666,0.307413619047619,0.0917975340121419,1.5714285714285714,0.4001714761904762,0.0236857499999999,0.2144796821428571,0.1286372940136914,1.6428571428571428,0.3454187345238095,0.020348233003663,0.2247466466666666,0.1017108557480114,1.8333333333333333,0.3629616901851852,0.0011149183018168,54.77444406468356,0.0391436064151981,0.0160947531167351,0.4444199521463617,-0.0102900746463616,-0.20334644831575,-0.6512236423300505,0.0,0.4621323333333333,0.0,0.0,0.0,0.0,0.75,0.6812306666666667,0.0,0.0,0.0,0.0,0.0,0.5,0.0,0.0,0.3432023333333333,0.0,0.0,0.0,0.0,0.3577155,0.3432023333333333,0.0,0.0,0.0,0.0,0.0,0.533528,0.0,0.0,0.472983879521,0.0,0.0,0.0,0.0,0.448667,0.68707120779,0.0,0.0,0.0,0.0,0.0,0.266764,0.0,0.2071696999999999,0.6215090999999999,0.5666666666666667,3
2025-02-28,0.1592869999999999,0.1015553221490631,6,0.081893,0.35648,0.2277323333333333,1.366394,0.255921,0.0433862649740675,6,3,bullish,-0.1839153333333333,0.0954670841065837,0.0362748001796666,0.3110981111111111,0.1385767545238748,2.3333333333333335,0.3808018888888889,-0.1357589999999999,0.3053054047619047,0.0954670841065837,1.7142857142857142,0.4064592380952381,-0.0112376904761905,0.2108359821428571,0.1294845030929938,1.7142857142857142,0.3353271726190477,0.0186334679487179,0.2244775577777777,0.1018784561057239,1.8666666666666667,0.3556739457407407,0.0002968257248794,48.301152768655825,0.0276363766371437,0.0184030778208186,0.4232633927243329,-0.0102357652243329,-0.535880195064719,-0.3325337467489689,0.990678,0.6852502500000001,0.158519,0.0,0.158519,0.333333,0.333333,0.9170714,0.3050065,0.0,0.4166665,0.0,0.0,0.8333333333333334,1.0,0.081893,0.19515125,0.169842,0.0,0.108849,0.35648,0.35648,0.1639834,0.1001855,0.0,0.263161,0.0,0.0,0.12918,0.093224,0.0811295934539999,0.555138535791,0.026923183998,0.0,0.034509269262,0.11882654784,0.11882654784,0.774092117475,0.066473702599,0.0,0.20374754784,0.0,0.0,0.3026189999999999,0.093224,0.0971875666666666,0.5831254,0.5666666666666667,3
2025-03-01,-0.081169,0.1015553221490631,1,-0.081169,-0.081169,0.061003,0.061003,0.423506,0.0433862649740675,1,1,neutral,-0.240456,0.16525968598332,-0.004951552507,0.1404401111111111,0.2128125021101213,2.3333333333333335,0.3197665555555556,-0.2121856666666666,0.2373968333333333,0.16525968598332,1.7142857142857142,0.3575320952380952,-0.0399477202380952,0.1911717857142857,0.1512856080763526,1.7142857142857142,0.3203408333333333,0.0097397135531135,0.2141384911111111,0.1161434642577663,1.8666666666666667,0.3536930124074074,-0.001643877604746,42.02334141803883,-0.0008747803488939,0.0145475061868737,0.4457818871768115,-0.0581417596768115,-1.5095770527412784,-0.9736968576765594,0.0,0.891286,0.0,0.0,0.0,0.0,0.0,0.266143,0.0,0.0,0.0,0.0,0.0,0.0,1.0,0.0,-0.081169,0.0,0.0,0.0,0.0,0.0,-0.081169,0.0,0.0,0.0,0.0,0.0,0.0,-0.081169,0.0,-0.072344793334,0.0,0.0,0.0,0.0,0.0,-0.021602561167,0.0,0.0,0.0,0.0,0.0,0.0,-0.081169,-0.0568183,-0.0568183,0.7,1
2025-03-02,0.2503855,0.0150493536239933,2,0.239744,0.261027,0.2888495,0.577699,0.339719,0.0009574225817265,2,2,bullish,0.3315545,0.1650026023566905,0.07232372648225,0.1095011666666667,0.1712923481013771,2.0,0.1925282777777777,0.04554925,0.2424457619047619,0.1650026023566905,1.8571428571428572,0.3382925952380953,-0.0417494821428571,0.2021503214285714,0.1494674295755174,1.7142857142857142,0.3220964166666667,0.0083166179487179,0.21867928,0.1147545769570312,1.8333333333333333,0.3440969012962963,-0.0020995201260659,53.92138011257654,0.0032447973905608,0.01228696442761,0.4511135685243113,-0.0535517535243112,-4.084742943734677,-2.575165890993399,0.0,0.8709865,0.0,0.0,0.0,0.333333,0.333333,0.6026885,0.0,0.0,0.333333,0.0,0.0,0.0,0.333333,0.0,0.2503855,0.0,0.0,0.0,0.2503855,0.239744,0.2503855,0.0,0.0,0.261027,0.0,0.0,0.0,0.2503855,0.0,0.433463042081,0.0,0.0,0.0,0.166923499743,0.079914586752,0.293544510462,0.0,0.0,0.087008912991,0.0,0.0,0.0,0.166923499743,0.19924425,0.3984885,0.8,2
2025-03-03,0.1605894,0.2379504407713925,5,0.002781,0.575642,0.3041071999999999,1.520536,0.2269136,0.1371953590005871,5,2,bullish,-0.0897961,0.16553512244054,0.0488363927836799,0.1099353,0.1714831624465505,1.6666666666666667,0.2179865666666666,0.1208791999999999,0.2229489619047619,0.16553512244054,2.0,0.3425057666666666,-0.0427167726190476,0.2014234452380952,0.1496564217184403,1.6428571428571428,0.3204189547619048,0.0060945041025641,0.21228476,0.1123647992192997,1.8333333333333333,0.3346152412962963,-0.0015519092695587,49.74243549809972,-0.0007274644606752,0.0096840786499519,0.4498230955355425,-0.0559990005355425,-0.3586313903960094,3.726111553338668,0.451494,0.954198,0.158519,0.0,0.158519,0.2666665,0.2,0.78703825,0.0,0.2666665,0.0,0.0,0.0,0.2,0.511111,0.002781,0.2465736666666666,0.023131,0.0,0.023131,0.0129559999999999,0.023131,0.0568262499999999,0.0,0.0129559999999999,0.0,0.0,0.0,0.023131,0.0287856666666666,0.001255604814,0.675988008725,0.0036667029889999,0.0,0.0036667029889999,0.0055531990729999,0.0046262,0.156212020825,0.0,0.0055531990729999,0.0,0.0,0.0,0.0046262,0.065998199073,0.0802947,0.4014735,0.5,2
2025-03-04,0.2067562,0.2501011018382366,5,-0.138403,0.457625,0.3916226,1.958113,0.199909,0.1139106998398306,5,2,bullish,0.0461668,0.1622404696004309,0.08097040061012,0.2059103666666667,0.0449040250904449,2.0,0.3281930999999999,-0.0218146499999999,0.2099794904761904,0.1622404696004309,2.0,0.3125697095238094,-0.0337954916666667,0.2191306023809523,0.1324216587813477,1.6428571428571428,0.3095944976190476,-0.0017498604395604,0.2129592333333333,0.1122655092962349,1.8666666666666667,0.3338500946296296,-0.0017652516054875,56.84906928987006,-0.0001486885375924,0.0077175252124424,0.4482613308880971,-0.0567267158880971,0.2874834827205283,0.6461148731165378,0.990678,0.52525925,0.0,0.0,0.0,0.0,0.75,0.75921125,0.0,0.0,0.5,0.0,0.0,0.0,1.0,0.364375,0.25059025,0.0,0.0,0.0,0.0,0.1978975,0.144039,0.0,0.0,0.364375,0.0,0.0,0.0,0.3881945,0.36097829625,0.76065822479,0.0,0.0,0.0,0.0,0.2136075,0.26593503064,0.0,0.0,0.1821875,0.0,0.0,0.0,0.776389,0.1033781,0.5168905,0.5,2
2025-03-05,0.1417995,0.1465089895279467,2,0.038202,0.245397,0.11449,0.22898,0.2668935,0.1127432265127267,2,1,neutral,-0.0649567,0.1303101426892418,0.016234624755,0.1697150333333333,0.0334260543068327,1.6666666666666667,0.2700732666666666,-0.0093949499999999,0.1686929904761904,0.1303101426892418,2.0,0.2940527095238096,-0.0095539892857143,0.222758638095238,0.1293003686090322,1.6428571428571428,0.3133927119047618,-0.0081831755311355,0.2095746111111111,0.1128471579674721,1.8333333333333333,0.3306095446296296,-0.0020148367741935,51.45742533279397,-0.00487505107491,0.0051990099549713,0.4454235055859329,-0.0613870905859328,-0.3141705061323433,-0.6016539888528717,0.0,0.928769,0.0,0.0,0.0,0.0,0.75,0.658363,0.0,0.0,0.0,0.0,0.0,0.5,0.0,0.0,0.245397,0.0,0.0,0.0,0.0,0.1417995,0.1417995,0.0,0.0,0.0,0.0,0.0,0.245397,0.0,0.0,0.2279171262929999,0.0,0.0,0.0,0.0,0.1609005,0.115925610222,0.0,0.0,0.0,0.0,0.0,0.1226985,0.0,0.07089975,0.1417995,0.5,1
2025-03-06,0.2568956,0.226643407922666,5,0.055315,0.614476,0.3846918,1.923459,0.2838432,0.1572537954858324,5,3,bullish,0.1150961,0.1141245427614036,0.0988256307760799,0.2018171,0.0577067941442771,2.0,0.2969348,0.0250697,0.1563634571428571,0.1141245427614036,2.0,0.2532137761904761,0.0248261964285714,0.231888538095238,0.1266623983446216,1.7857142857142858,0.3266926261904762,-0.0102962394139194,0.2064492477777778,0.1100692713729729,1.9,0.3224644046296296,-0.0007365615276232,53.51233331072724,0.0006586153326079,0.0042909310304984,0.4493130593917386,-0.0606169643917385,0.8116819875951609,1.1258524937275045,0.451494,0.76215275,0.0,0.0,0.0,0.0,1.0,0.49582075,0.0,0.0,0.0,0.0,0.0,0.0,1.0,0.076013,0.30211625,0.0,0.0,0.0,0.0,0.224939,0.1675005,0.0,0.0,0.0,0.0,0.0,0.0,0.614476,0.034319413422,0.877099911006,0.0,0.0,0.0,0.0,0.224939,0.248007535099,0.0,0.0,0.0,0.0,0.0,0.0,0.614476,0.13148832,0.6574416000000001,0.54,3
2025-03-07,0.337309,0.226643407922666,1,0.337309,0.337309,0.331765,0.331765,0.354795,0.1572537954858324,1,1,bullish,0.0804134,0.1331363995428835,0.111907320385,0.2453347,0.0982661282139982,1.6666666666666667,0.2769822666666666,0.09775475,0.1817951714285714,0.1331363995428835,1.7142857142857142,0.2680755857142857,0.0446308678571428,0.2435502880952381,0.128430559588119,1.7142857142857142,0.3372674119047619,-0.0091911725274725,0.2084621477777777,0.1119387769043363,1.8666666666666667,0.3210998446296296,0.0005937139191694,54.400626927849224,0.0114011147387097,0.0057129677721409,0.4643644933098382,-0.0613504733098382,0.3130197636705338,-0.498662223924627,0.0,0.108179,0.0,0.0,0.0,0.0,0.333333,0.87644,0.0,0.0,0.333333,0.0,0.0,0.0,0.333333,0.0,0.337309,0.0,0.0,0.0,0.0,0.337309,0.337309,0.0,0.0,0.337309,0.0,0.0,0.0,0.337309,0.0,0.036489750311,0.0,0.0,0.0,0.0,0.112436220897,0.29563109996,0.0,0.0,0.112436220897,0.0,0.0,0.0,0.112436220897,0.2361163,0.2361163,0.7,1
2025-03-09,0.12012,0.226643407922666,1,0.12012,0.12012,0.080323,0.080323,0.288318,0.1572537954858324,1,1,neutral,-0.217189,0.0766129845367795,0.00964839876,0.2381082,0.1098066037600651,1.6666666666666667,0.2655932666666666,-0.0683877999999999,0.2105507428571428,0.0766129845367795,1.7142857142857142,0.2708355857142857,0.0004565035714285,0.2239737880952381,0.1245312358944305,1.7142857142857142,0.3141838404761904,-0.0077515748717948,0.2050253102777777,0.1130472036726265,1.8333333333333333,0.3115647487962963,0.0001255782146829,42.60090107397366,0.002362630020383,0.0050429002217892,0.4637718420705451,-0.0584144220705452,-0.6438873555108224,-0.9569071191813564,0.0,0.158519,0.0,0.0,0.158519,0.166667,0.166667,1.0,0.0,0.166667,0.166667,0.0,0.0,0.166667,0.166667,0.0,0.12012,0.0,0.0,0.12012,0.12012,0.12012,0.12012,0.0,0.12012,0.12012,0.0,0.0,0.12012,0.12012,0.0,0.01904130228,0.0,0.0,0.01904130228,0.02002004004,0.02002004004,0.12012,0.0,0.02002004004,0.02002004004,0.0,0.0,0.02002004004,0.02002004004,0.0840839999999999,0.0840839999999999,0.7,1
2025-03-10,0.151627,0.226643407922666,1,0.151627,0.151627,0.749619,0.749619,0.188109,0.1572537954858324,1,1,bullish,0.031507,0.0771461554502969,0.113662480113,0.2030186666666667,0.1173609516931986,1.0,0.3872356666666667,-0.092841,0.1964423857142856,0.0771461554502969,1.5714285714285714,0.3366598,-0.000166075,0.2194440738095238,0.1260254600909241,1.7142857142857142,0.3374761976190476,-0.0101130475457875,0.2014966325,0.1130053410638062,1.7666666666666666,0.3243475080555555,0.0001428800426399,48.13965560981723,-0.002232424303549,0.0035878353167214,0.4634469167416272,-0.0600033634082938,0.2622960372960374,0.90618339280686,0.0,0.158519,0.0,0.0,0.0,0.0,0.0,0.365926,0.0,0.0,0.0,0.0,0.0,0.0,0.0,0.0,0.151627,0.0,0.0,0.0,0.0,0.0,0.151627,0.0,0.0,0.0,0.0,0.0,0.0,0.0,0.0,0.024035760413,0.0,0.0,0.0,0.0,0.0,0.055484261602,0.0,0.0,0.0,0.0,0.0,0.0,0.0,0.0758135,0.0758135,0.5,1
2025-03-11,0.0282173333333333,0.3050994016412793,6,-0.397055,0.46624,0.342948,2.057688,0.0906485,0.2176521599633231,6,3,neutral,-0.1234096666666666,0.1001833424332359,0.009677078032,0.0999881111111111,0.0641206376244841,1.6666666666666667,0.3909633333333334,-0.0459513333333333,0.1775320904761905,0.1001833424332359,1.7142857142857142,0.3422084857142857,-0.0233120428571428,0.2002405261904762,0.1335465622952004,1.8571428571428572,0.3423571261904762,-0.0130176711355311,0.1900935602777777,0.1126427118970955,1.8333333333333333,0.3236035913888889,0.0001891757526881,42.30010678191359,-0.0156514606003755,-0.0002600238666982,0.4549285232419601,-0.0445488365752933,-0.8139029768225097,-1.0761990141185471,0.9973,0.704428,0.0,0.0,0.0,0.0,0.7333333333333334,0.652574,0.451494,0.2,0.2,0.0,0.0,0.2,0.6,0.083597,0.198265,0.0,0.0,0.0,0.0,-0.0525053333333333,0.0282173333333333,0.181664,-0.226701,-0.226701,0.0,0.0,-0.226701,-0.071552,0.0833712881,0.6581575289880001,0.0,0.0,0.0,0.0,0.0238448,0.176665595706,0.0820202060159999,-0.0453402,-0.0453402,0.0,0.0,-0.0453402,0.0382568,0.0093385333333333,0.0560311999999999,0.5666666666666667,3
2025-03-12,0.31032225,0.1194115032157706,4,0.175948,0.421177,0.45684,1.82736,0.2463507499999999,0.0803512761623402,4,1,bullish,0.2821049166666667,0.112151025594071,0.14176761669,0.1633888611111111,0.1414197724311368,1.6666666666666667,0.5164690000000001,0.079347625,0.1923272404761904,0.112151025594071,1.5714285714285714,0.3515252571428571,-0.0049096529761904,0.2011533654761905,0.1343043449274364,1.7857142857142858,0.3320474833333333,-0.0066647216483516,0.1946807686111111,0.1146936507176816,1.8,0.3249425913888889,0.0008449305098257,50.31517107107673,-0.0034830809563822,-0.000904635284635,0.4640370849094622,-0.0317258732427956,9.997575367386478,10.811478344208988,0.0,0.90005975,0.158519,0.0,0.576289,1.0,1.0,0.5690363333333334,0.0,0.0,0.0,0.310843,0.0,0.0,1.0,0.0,0.31032225,0.175948,0.0,0.175948,0.175948,0.421177,0.332389,0.0,0.0,0.0,0.175948,0.0,0.0,0.244122,0.0,1.114622109604,0.0278911010119999,0.0,0.101396896972,0.175948,0.421177,0.47036876581,0.0,0.0,0.0,0.0546922041639999,0.0,0.0,0.244122,0.155161125,0.6206445,0.5,1
2025-03-13,0.15231025,0.0260917721306289,4,0.123597,0.186925,0.2127085,0.850834,0.28992075,0.0421696867064087,4,2,bullish,-0.158012,0.111429828407422,0.032397684812125,0.1636166111111111,0.1413919069574276,2.0,0.3374988333333333,0.0620464583333333,0.1938287761904762,0.111429828407422,1.7142857142857142,0.3655564714285714,-0.0164154363095238,0.1812608833333333,0.1172096631326662,1.8571428571428572,0.3298045904761904,-0.0004893062271062,0.1947188227777778,0.114678904456912,1.7666666666666666,0.3199158955555556,0.0002714885761957,43.21466135718054,-0.0065143971671341,-0.0020265876611349,0.4636936975288716,-0.0290591608622048,-0.5091868211190143,-10.506762188505492,0.0,0.939479,0.158519,0.0,0.367404,1.0,1.0,0.6699135,0.0,0.0,0.0,0.310843,0.0,0.0,0.0,0.0,0.153651,0.123597,0.0,0.137014,0.123597,0.168678,0.15231025,0.0,0.0,0.0,0.123597,0.0,0.0,0.0,0.0,0.427015222817,0.019592472843,0.0,0.095073763222,0.123597,0.337356,0.385096040595,0.0,0.0,0.0,0.0384192622709999,0.0,0.0,0.0,0.076155125,0.3046205,0.5,2
2025-03-14,0.1746478571428571,0.2167527380737696,7,-0.268598,0.382786,0.4155004285714286,2.908503,0.245187,0.109226014210596,7,3,bullish,0.0223376071428571,0.107953492212823,0.0725662594919387,0.2124267857142857,0.0855124763938209,2.0,0.3616829761904762,-0.0678371964285714,0.1820790986394558,0.107953492212823,1.7142857142857142,0.3699577040816327,-0.0094609885204082,0.1692212778911564,0.1075549005464356,1.8571428571428572,0.3115857401360544,0.0046604792883307,0.1939415313492063,0.1147351452095402,1.7666666666666666,0.3260435965079365,0.0001643969389268,45.758387608744314,-0.0070332438966102,-0.00302791890823,0.4637017023110384,-0.0290068299300859,0.1466585941711546,0.6558454152901689,0.983605,0.982506,0.0,0.0,0.890401,0.0,0.4166665,0.3734754285714285,0.0,0.333333,0.75,0.0,0.333333,0.0,0.0,0.366149,0.2329605,0.0,0.0,0.366149,0.0,0.0487755,0.1746478571428571,0.0,-0.268598,0.2766035,0.0,-0.268598,0.0,0.0,0.3601459871449999,0.915453387776,0.0,0.0,0.326019435749,0.0,0.093541922866,0.5737166194760001,0.0,-0.089532577134,0.3701325,0.0,-0.089532577134,0.0,0.0,0.0926684428571428,0.6486791,0.5285714285714286,3
2025-03-16,0.109472,0.2167527380737696,1,0.109472,0.109472,0.469587,0.469587,0.142999,0.109226014210596,1,1,neutral,-0.0651758571428571,0.0853263696617841,0.0514066280639999,0.1454767023809524,0.0331209317256154,2.0,0.3659319761904762,-0.021419125,0.1495309557823129,0.0853263696617841,1.7142857142857142,0.3896465612244898,0.0049353796768707,0.1656630636054422,0.1087264634465956,1.7142857142857142,0.3288610734693877,0.0026258533961276,0.1899355646825397,0.1155405519717814,1.7,0.3305941215079365,-0.0001342955818634,48.66674742111406,-0.0125587009983496,-0.004934075326254,0.4391265322293324,-0.0329035598483799,-0.3731844078083653,-0.51984300197952,0.0,0.108179,0.0,0.0,0.0,0.5,0.0,0.996023,0.0,0.0,0.5,0.0,0.0,0.0,0.0,0.0,0.109472,0.0,0.0,0.0,0.109472,0.0,0.109472,0.0,0.0,0.109472,0.0,0.0,0.0,0.0,0.0,0.011842571488,0.0,0.0,0.0,0.054736,0.0,0.109036629856,0.0,0.0,0.054736,0.0,0.0,0.0,0.0,0.0766304,0.0766304,0.7,1
2025-03-17,0.2737016666666667,0.247397081151604,3,0.015823,0.50908,0.3765496666666666,1.129649,0.2003783333333333,0.0920072695624282,3,2,bullish,0.1642296666666666,0.0956271221513742,0.1030622713494444,0.1859405079365079,0.0826951559936952,2.0,0.4205456984126984,0.0495269047619048,0.171471193877551,0.0956271221513742,1.8571428571428572,0.431964656462585,0.014037819302721,0.1910109683673469,0.0856782058110866,1.7857142857142858,0.3514001210884354,-0.002424650151753,0.1918329035714285,0.1164602957502952,1.7333333333333334,0.3348066437301587,0.00059127526405,59.901805364626654,-0.0036439546741534,-0.0046760511958339,0.4441325522078199,-0.0320437131602008,1.5001979197115856,1.873382327519951,0.983605,0.9474776666666666,0.0,0.0,0.890401,0.0,0.75,0.637877,0.158519,0.0,0.5,0.0,0.0,0.0,0.0,0.296202,0.2737016666666667,0.0,0.0,0.296202,0.0,0.1560125,0.2737016666666667,0.50908,0.0,0.296202,0.0,0.0,0.0,0.0,0.29134576821,0.7569936016469999,0.0,0.0,0.263738557002,0.0,0.163924,0.377874937895,0.0806988525199999,0.0,0.148101,0.0,0.0,0.0,0.0,0.1707895,0.5123685,0.5666666666666667,2
2025-03-18,0.3011996666666667,0.0377465788427684,3,0.257904,0.327197,0.3724176666666667,1.117253,0.2262823333333333,0.101011633123781,3,1,bullish,0.027498,0.1065418275068652,0.1121720770607778,0.2281244444444445,0.1036717749943611,1.3333333333333333,0.4061847777777778,0.0958638333333333,0.1928387176870748,0.1065418275068652,1.8571428571428572,0.3780787517006803,0.0251024136904761,0.1946405517006802,0.0893831830409695,1.7142857142857142,0.3573692758503401,0.0026810005128205,0.1948629324603174,0.1181278794778594,1.7,0.3349200926190476,0.0014242182938714,51.707588281184776,0.0055755914017506,-0.0026257226763169,0.4446787366300063,-0.0321766309157205,0.1004670535437004,-1.3997308661678851,0.0,0.816932,0.0,0.0,0.0,0.0,0.0,0.728055,0.0,0.5,0.5,0.0,0.0,0.0,0.5,0.0,0.3011996666666667,0.0,0.0,0.0,0.0,0.0,0.3011996666666667,0.0,0.318498,0.3228475,0.0,0.0,0.0,0.327197,0.0,0.731409595988,0.0,0.0,0.0,0.0,0.0,0.685081189227,0.0,0.159249,0.3228475,0.0,0.0,0.0,0.1635985,0.1505998333333333,0.4517995,0.5,1
2025-03-19,0.2378585,0.1387082803716731,4,0.126965,0.426653,0.3250355,1.300142,0.31384025,0.1989934634242625,4,2,bullish,-0.0633411666666667,0.078267765043574,0.0773124564767499,0.2709199444444445,0.0317620738076836,1.6666666666666667,0.3580009444444444,-0.0179215833333333,0.2227874557823129,0.078267765043574,1.7142857142857142,0.3755198231292516,0.0064086211734693,0.2001597731292517,0.0895043785725397,1.7142857142857142,0.3588641544217687,0.0027932335949764,0.1963205574603174,0.1183880269080793,1.7333333333333334,0.3367275509523809,0.0016965526214312,52.64359850689123,0.0076825688163933,-0.0005640643777748,0.4383541402296559,-0.0318204345153702,-0.2102962708015392,-0.3107633243452397,0.0,0.3906165,0.0,0.0,0.2346809999999999,0.0,0.6666666666666666,0.8805657499999999,0.158519,0.5,0.5,0.0,0.0,0.5,0.0,0.0,0.2378585,0.0,0.0,0.1339,0.0,0.2314843333333333,0.2378585,0.140835,0.256981,0.256981,0.0,0.0,0.2768089999999999,0.0,0.0,0.305588834108,0.0,0.0,0.0617912048599999,0.0,0.417644,0.813387022931,0.022325023365,0.1284905,0.1284905,0.0,0.0,0.2768089999999999,0.0,0.1536519,0.6146076,0.6499999999999999,2
2025-03-21,0.0939229999999999,0.5678742668839644,3,-0.54593,0.538036,0.7026246666666666,2.107874,0.0976313333333333,0.4245996317901527,3,2,neutral,-0.1439355,0.0806318392216665,0.0659926165673333,0.2109937222222222,0.106217660254301,1.6666666666666667,0.4666926111111111,-0.1036383333333333,0.1918732772108843,0.0806318392216665,1.8571428571428572,0.4106319183673469,0.0051066857993197,0.1921002588435374,0.0938397970019144,1.7142857142857142,0.381078587755102,-2.4638158032449235e-05,0.1962284574603174,0.1184692572957048,1.7333333333333334,0.3513393287301587,0.0003487883394247,46.3817110132039,-0.0022360736755145,-0.0008984662373228,0.4001720653982503,-0.0273265596839645,-0.6051307815360814,-0.3948345107345421,0.0,0.5319975,0.0,0.0,0.0,0.0,0.0,0.2391865,0.0,0.0,0.0,0.0,0.0,0.0,0.0,0.0,0.4138495,0.0,0.0,0.0,0.0,0.0,0.4138495,0.0,0.0,0.0,0.0,0.0,0.0,0.0,0.0,0.5330957742329999,0.0,0.0,0.0,0.0,0.0,0.17871570863,0.0,0.0,0.0,0.0,0.0,0.0,0.0,0.0105661666666666,0.0316984999999999,0.5666666666666667,2
2025-03-24,0.24258525,0.189729706383186,4,0.0,0.402255,0.30022325,1.200893,0.2589235,0.1233052259354809,4,2,bullish,0.14866225,0.0804686346249283,0.0728297321570625,0.1914555833333333,0.084498752358516,2.0,0.4426278055555555,0.002363375,0.2047697057823129,0.0804686346249283,1.8571428571428572,0.423134025510204,0.00488825042517,0.1992992409863945,0.0935495799008018,1.7857142857142858,0.3943452484693877,-0.000240476614338,0.1986224435714285,0.1186624662815008,1.7,0.3504270481746031,0.0004722589665766,53.06728972600549,0.0018773214459701,-0.0003433087006642,0.3840530627649698,-0.0212692653840174,1.5828098548811265,2.187940636417208,0.0,0.998278,0.0,0.0,0.0,0.25,0.625,0.63674725,0.451494,0.0,0.25,0.0,0.0,0.0,0.25,0.0,0.323447,0.0,0.0,0.0,0.0,0.2011275,0.24258525,0.183513,0.0,0.0,0.0,0.0,0.0,0.0,0.0,0.969380916792,0.0,0.0,0.0,0.0,0.402255,0.499658480619,0.082855018422,0.0,0.0,0.0,0.0,0.0,0.0,0.121292625,0.4851705,0.5,2
2025-03-25,0.2795163333333333,0.1623093839071953,3,0.139918,0.457614,0.454107,1.362321,0.1851326666666667,0.0548659176022176,3,3,bullish,0.0369310833333333,0.0836260353780086,0.126930323581,0.2053415277777778,0.0982422642154025,2.3333333333333335,0.4856516388888888,0.0927966666666667,0.2197509166666666,0.0836260353780086,1.8571428571428572,0.42864925,0.0085936964285714,0.2009150076530612,0.0948077821380195,1.7857142857142858,0.3993034770408163,0.0039502213762427,0.2093111213492063,0.110480312675131,1.7333333333333334,0.3474584481746031,-0.0006594066502463,50.72282393515261,0.0080247026986403,0.0013302935791967,0.3943902064147644,-0.0195834757004786,0.1522396078629402,-1.4305702470181862,0.682689,0.9772105,0.0,0.0,0.158519,0.0,0.25,0.4925793333333333,0.0,0.0,0.0,0.108179,0.25,0.25,0.25,0.241017,0.298766,0.0,0.0,0.139918,0.0,0.139918,0.2795163333333333,0.0,0.0,0.0,0.139918,0.139918,0.139918,0.139918,0.164539654713,0.576836118758,0.0,0.0,0.0221796614419999,0.0,0.0349795,0.323727078833,0.0,0.0,0.0,0.0151361893219999,0.0349795,0.0349795,0.0349795,0.1490860333333333,0.4472581,0.5666666666666667,3
2025-03-26,0.404083,0.1623093839071953,1,0.404083,0.404083,0.520773,0.520773,0.294068,0.0548659176022176,1,1,bullish,0.1245666666666667,0.0925359235752308,0.210435516159,0.3087281944444445,0.0846190311688018,2.0,0.4250344166666667,0.080748875,0.2618382023809523,0.0925359235752308,1.8571428571428572,0.4359615357142857,0.012589431547619,0.2056845790816326,0.1034802585425652,1.7857142857142858,0.4128040484693877,0.0142515263997906,0.219746988015873,0.1136607300891357,1.7333333333333334,0.3627737148412698,-0.0002187043768208,52.07514401732174,0.0226863968811616,0.0056015142395897,0.3989188746719283,0.0244130560423574,0.4456507610169473,0.2934111531540071,0.0,0.858979,0.0,0.0,0.0,0.0,0.5,0.839681,0.0,0.0,0.0,0.0,0.0,0.5,0.0,0.0,0.404083,0.0,0.0,0.0,0.0,0.404083,0.404083,0.0,0.0,0.0,0.0,0.0,0.404083,0.0,0.0,0.347098811257,0.0,0.0,0.0,0.0,0.2020415,0.339300817523,0.0,0.0,0.0,0.0,0.0,0.2020415,0.0,0.2828581,0.2828581,0.7,1
2025-03-27,0.3039779999999999,0.2621548552223793,4,0.043148,0.587718,0.508076,2.032304,0.2727199999999999,0.1152334834238729,4,3,bullish,-0.100105,0.0938806447583441,0.1544439263279999,0.3291924444444444,0.0660003012689524,2.3333333333333335,0.4943186666666667,0.0122308333333333,0.2661633928571428,0.0938806447583441,2.0,0.4547510119047619,0.0187991904761904,0.2188172933673469,0.1034526556984272,1.9285714285714288,0.4433578341836734,0.0142390995552066,0.2255770213492063,0.1133347533758996,1.8,0.3730931481746031,-0.0003005887552306,56.16221950460902,0.025929449096525,0.0096671012109768,0.4054262009555721,0.0232649797587135,-0.2477337576685979,-0.6933845186855453,0.0,0.7106235000000001,0.0,0.0,0.0,0.0,0.5,0.5898796666666667,0.0,0.0,0.0,0.0,0.5,0.0,1.0,0.0,0.3039779999999999,0.0,0.0,0.0,0.0,0.043148,0.209398,0.0,0.0,0.0,0.0,0.043148,0.0,0.587718,0.0,0.947465266692,0.0,0.0,0.0,0.0,0.021574,0.228084631587,0.0,0.0,0.0,0.0,0.021574,0.0,0.587718,0.1750836499999999,0.7003345999999999,0.55,3
2025-03-28,0.072303,0.0711943391569863,2,0.021961,0.122645,0.090409,0.180818,0.253212,0.1141058212800731,2,2,neutral,-0.2316749999999999,0.1167268550906608,0.006536841927,0.2601213333333333,0.1701823948248856,2.0,0.373086,-0.16589,0.233463869047619,0.1167268550906608,2.142857142857143,0.4144640595238095,0.0030336160714285,0.2131512933673469,0.10941604736681,2.0,0.3962714056122449,0.0078379122710622,0.222185638015873,0.1164104663793456,1.8,0.3699828481746032,-0.0016448501080565,47.65588852672061,0.0096938062534089,0.0096724422194632,0.41010366650295,0.0097588742113356,-0.7621439709452658,-0.5144102132766678,0.158519,0.108179,0.0,0.0,0.158519,0.0,1.0,1.0,0.0,0.0,0.0,0.0,0.5,0.0,0.5,0.021961,0.021961,0.0,0.0,0.122645,0.0,0.122645,0.122645,0.0,0.0,0.0,0.0,0.021961,0.0,0.021961,0.003481235759,0.002375719019,0.0,0.0,0.019441562755,0.0,0.122645,0.122645,0.0,0.0,0.0,0.0,0.0109805,0.0,0.0109805,0.048416,0.096832,0.6,2
2025-03-29,0.286832,0.0711943391569863,1,0.286832,0.286832,0.524949,0.524949,0.154035,0.1141058212800731,1,1,bullish,0.2145289999999999,0.1184885140115264,0.1505721715679999,0.2210376666666667,0.1290929786252269,2.0,0.374478,-0.0085729999999999,0.2404600833333333,0.1184885140115264,2.0,0.443023130952381,0.0093794345238095,0.2316237695578231,0.0969081056232795,1.8571428571428572,0.4092714770408163,0.0038463513605442,0.2186070046825396,0.1125257997799654,1.8,0.3740313815079365,-4.153292918056775e-05,57.25181223601073,0.0139763621221105,0.0105332261999927,0.417022144768385,0.0108479759459006,2.9670829702778576,3.729226941223123,0.0,0.938793,0.0,0.0,0.0,0.0,0.0,0.316726,0.0,0.0,0.5,0.0,0.0,0.0,0.5,0.0,0.286832,0.0,0.0,0.0,0.0,0.0,0.286832,0.0,0.0,0.286832,0.0,0.0,0.0,0.286832,0.0,0.269275873776,0.0,0.0,0.0,0.0,0.0,0.090847152032,0.0,0.0,0.143416,0.0,0.0,0.0,0.143416,0.2007823999999999,0.2007823999999999,0.7,1
2025-03-31,-0.518356,0.0711943391569863,1,-0.518356,-0.518356,0.690822,0.690822,-0.348637,0.1141058212800731,1,1,bearish,-0.805188,0.3122527868229447,-0.358091728632,-0.0530736666666666,0.4169789086324793,1.3333333333333333,0.4353933333333333,-0.2953295000000001,0.1529916547619047,0.3122527868229447,1.8571428571428572,0.4413370357142857,-0.0928561577380952,0.1724324659863945,0.2200194065260036,1.8571428571428572,0.4259844770408163,-0.0149871866562009,0.1941603713492063,0.1754179486519819,1.8,0.3829412481746032,-0.0048207123020287,32.033583514233456,-0.0470585777403306,-0.0009851345880719,0.5662274751235304,-0.2043729044092447,-2.8071763262118594,-5.774259296489717,0.0,0.0,0.0,0.0,0.0,0.0,0.0,0.0,0.0,0.0,0.0,0.0,0.0,0.5,0.5,0.0,0.0,0.0,0.0,0.0,0.0,0.0,0.0,0.0,0.0,0.0,0.0,0.0,-0.518356,-0.518356,0.0,0.0,0.0,0.0,0.0,0.0,0.0,0.0,0.0,0.0,0.0,0.0,0.0,-0.259178,-0.259178,-0.3628492,-0.3628492,0.7,1
2025-04-01,0.156308,0.1545721281538169,2,0.047009,0.265607,0.2978235,0.595647,0.206501,0.0897035662613253,2,2,bullish,0.674664,0.3098202189098272,0.046552195638,-0.0250719999999999,0.432152701178646,1.3333333333333333,0.5045315,-0.0652619999999999,0.1406663333333333,0.3098202189098272,1.8571428571428572,0.4409942142857143,-0.07970175,0.1727180195578231,0.2199938746490047,1.8571428571428572,0.4320641198979592,-0.0161112554421768,0.1894684046825396,0.1744503521733988,1.8333333333333333,0.3837148648412699,-0.004355220262196,50.07081080937693,-0.0405227871326525,-0.0088926650969881,0.5596456715374268,-0.2078498608231411,-1.301545655881286,1.5056306703305733,0.0,0.988338,0.0,0.0,0.0,0.0,1.0,0.6174335,0.0,0.0,0.0,0.0,0.0,0.0,0.0,0.0,0.156308,0.0,0.0,0.0,0.0,0.047009,0.156308,0.0,0.0,0.0,0.0,0.0,0.0,0.0,0.0,0.306472790058,0.0,0.0,0.0,0.0,0.047009,0.127285532951,0.0,0.0,0.0,0.0,0.0,0.0,0.0,0.0828549,0.1657098,0.6,2
2025-04-02,0.1396534999999999,0.1022115781137342,2,0.067379,0.211928,0.3952044999999999,0.7904089999999999,0.227332,0.0713272752318494,2,2,neutral,-0.0166545,0.3038252226698253,0.0551916916407499,-0.0741314999999999,0.3847998153491633,1.6666666666666667,0.4612833333333333,0.32900475,0.1206859285714285,0.3038252226698253,1.7142857142857142,0.4325795714285714,-0.0599745535714286,0.1702184226190476,0.2201689962580427,1.7857142857142858,0.4306144107142857,-0.0169923349816849,0.184205438015873,0.1734562834653828,1.8333333333333333,0.3768491815079365,-0.0039312681556226,49.37890622692312,-0.0362689091071196,-0.0143679138990144,0.5423696339673694,-0.2103393732530837,-0.1065492489188014,1.1949964069624848,0.0,0.0,0.0,0.0,0.0,0.0,0.5,0.6071885,0.0,0.0,0.0,0.0,0.0,0.5,0.5,0.0,0.0,0.0,0.0,0.0,0.0,0.211928,0.1396534999999999,0.0,0.0,0.0,0.0,0.0,0.067379,0.1396534999999999,0.0,0.0,0.0,0.0,0.0,0.0,0.105964,0.112811633405,0.0,0.0,0.0,0.0,0.0,0.0336895,0.1396534999999999,0.0698267499999999,0.1396534999999999,0.5,2
2025-04-03,0.201378,0.1077786298020159,2,0.125167,0.277589,0.523825,1.04765,0.2119434999999999,0.135422969412504,2,2,bullish,0.0617245,0.2811245285892634,0.10548683085,0.1657798333333333,0.031933762620201,2.0,0.4056176666666666,0.022535,0.0917280714285714,0.2811245285892634,1.8571428571428572,0.4330155714285714,-0.0108436785714285,0.1767831369047618,0.2195878104790825,1.8571428571428572,0.4344885535714285,-0.0181046906593406,0.1765578713492063,0.1671520452361052,1.8666666666666667,0.3861730481746032,-0.0021197907987711,51.633185102485896,-0.0275989210576164,-0.0170141153307348,0.5461006809269284,-0.2059446202126427,0.4419831941197323,0.5485324430385338,0.0,0.5572790000000001,0.0,0.0,0.158519,0.333333,0.333333,0.8616935,0.0,0.0,0.333333,0.0,0.0,0.0,0.0,0.0,0.201378,0.0,0.0,0.277589,0.277589,0.277589,0.201378,0.0,0.0,0.277589,0.0,0.0,0.0,0.0,0.0,0.227345003144,0.0,0.0,0.0440031306909999,0.0925295741369999,0.0925295741369999,0.325974017539,0.0,0.0,0.0925295741369999,0.0,0.0,0.0,0.0,0.1284478999999999,0.2568957999999999,0.6,2
2025-04-04,0.2387801999999999,0.2024750329687588,5,0.068938,0.574325,0.2233822,1.116911,0.2944436,0.0690793347159626,5,3,bullish,0.0374021999999999,0.2739078462243641,0.05333924639244,0.1932705666666666,0.0500582013226936,2.3333333333333335,0.3808039,0.04956335,0.0824141,0.2739078462243641,1.8571428571428572,0.3923450285714285,0.0352333249999999,0.1742887464285714,0.2185982988339614,1.9285714285714288,0.4235480202380952,-0.0131382296336996,0.1730771335714286,0.16463042790572,1.8666666666666667,0.371266977063492,-0.0005690842687642,49.350147617482925,-0.0175080464619957,-0.017112901556987,0.5515763660099002,-0.2027049852956146,0.1857313112653813,-0.2562518828543509,0.0,0.5800529999999999,0.0,0.0,0.0,0.0,0.5,0.8152732500000001,0.451494,0.0,0.0,0.0,0.5,0.5,0.5,0.0,0.26140325,0.0,0.0,0.0,0.0,0.277105,0.154894,0.125245,0.0,0.0,0.0,0.574325,0.068938,0.3067893333333333,0.0,0.627329920102,0.0,0.0,0.0,0.0,0.1385525,0.502795853802,0.05654736603,0.0,0.0,0.0,0.2871625,0.034469,0.460184,0.1304743,0.6523715,0.54,3
2025-04-07,0.063544,0.0808561147749507,5,-0.029431,0.183074,0.2786806,1.393403,0.1351972,0.1074273809263727,5,2,neutral,-0.1752361999999999,0.2739817316473393,0.0177084800464,0.1679007333333333,0.0922901781622148,2.3333333333333335,0.3419626,-0.0689169999999999,0.0811628142857142,0.2739817316473393,1.8571428571428572,0.4192409714285713,0.0317670857142856,0.1573133416666667,0.2172080759478457,2.0,0.4168525154761905,-0.0121184887545787,0.1698857002380952,0.1658306092689287,1.8333333333333333,0.3729652526190476,-0.0013708540161025,45.807972845037206,-0.0233814396161972,-0.018366609168829,0.550781488730735,-0.1983774413497826,-0.7338807824099318,-0.9196120936753132,0.0,0.8089910000000001,0.0,0.0,0.576289,0.5,1.0,0.4304426,0.0,0.0,0.0,0.0,0.0,0.0,0.5,0.0,0.0565603333333333,0.0,0.0,-0.029431,0.093291,-0.029431,0.063544,0.0,0.0,0.0,0.0,0.0,0.0,0.093291,0.0,0.1587505211429999,0.0,0.0,-0.016960761559,0.0466455,-0.029431,0.126154141937,0.0,0.0,0.0,0.0,0.0,0.0,0.0466455,0.031772,0.15886,0.5,2
2025-04-08,0.1310868,0.1014665908055454,5,0.02957,0.242396,0.2159694,1.079847,0.1965752,0.0878103144607739,5,2,neutral,0.0675428,0.2604877803124934,0.02831073754392,0.1444703333333333,0.0883813932396031,2.3333333333333335,0.2393440666666666,-0.0538466999999999,0.0589135,0.2604877803124934,2.0,0.3751010285714286,0.0664973964285715,0.1496867916666666,0.216033746756374,2.0,0.4090620797619047,-0.0102124836263736,0.1769608935714285,0.1591430802195853,1.8666666666666667,0.3781307992857143,-0.0033525812272895,48.119433001785566,-0.0223286461096348,-0.0191590165569902,0.5368523708420344,-0.202371868461082,1.062929623567921,1.7968104059778531,0.158519,0.7787062,0.158519,0.0,0.2092936666666666,0.0,0.8333333333333334,0.611891,0.158519,0.0,0.0,0.0,0.0,1.0,0.75,0.242396,0.1310868,0.233957,0.0,0.1278226666666666,0.0,0.1220636666666666,0.1310868,0.046847,0.0,0.0,0.0,0.0,0.046847,0.17253,0.0384243715239999,0.583417234984,0.037086629683,0.0,0.076425155028,0.0,0.314859,0.39103416244,0.007426139593,0.0,0.0,0.0,0.0,0.046847,0.293728,0.0801910399999999,0.4009551999999999,0.6199999999999999,2
2025-04-09,0.137108,0.1014665908055454,1,0.137108,0.137108,0.483888,0.483888,0.241722,0.0878103144607739,1,1,neutral,0.0060212,0.0557097471965305,0.066344915904,0.1105796,0.0408451277740695,1.6666666666666667,0.3261793333333333,0.036782,0.1525512142857143,0.0557097471965305,2.0,0.3455390285714285,-0.0075916928571428,0.1527714345238095,0.2154838833569564,1.9285714285714288,0.3934380321428571,-0.0124102444322344,0.1731849769047619,0.1586840749205315,1.8333333333333333,0.3846320826190476,-0.0031033200736267,50.79945502658668,-0.0207690291010415,-0.0194810190658004,0.5362840148548034,-0.2033237374738509,0.0459329238336736,-1.0169966997342477,0.0,0.999999,0.0,0.0,0.0,0.0,0.0,0.54554,0.0,0.0,0.0,0.0,0.0,0.0,0.0,0.0,0.137108,0.0,0.0,0.0,0.0,0.0,0.137108,0.0,0.0,0.0,0.0,0.0,0.0,0.0,0.0,0.137107862892,0.0,0.0,0.0,0.0,0.0,0.07479789832,0.0,0.0,0.0,0.0,0.0,0.0,0.0,0.068554,0.068554,0.5,1
2025-04-10,0.271063,0.2912332415401786,2,0.06513,0.476996,0.486518,0.973036,0.2078565,0.1059903567523952,2,2,bullish,0.133955,0.0716137105369357,0.131877028634,0.1797526,0.0791344145961793,1.6666666666666667,0.3954584666666667,0.0699881,0.1689447857142857,0.0716137105369357,2.0,0.3724953857142857,0.0056426821428571,0.1548055595238095,0.2165288038282711,1.9285714285714288,0.4067447999999999,-0.0060695904029304,0.1768674302380952,0.1596605319418913,1.8333333333333333,0.3907124426190476,-0.0025587150045023,50.53007597009473,-0.0086246057554805,-0.0173097364037365,0.5440550483932454,-0.2014532567265786,0.9770035300638912,0.9310706062302174,0.158519,0.8951085,0.0,0.0,0.310843,0.0,0.0,0.885553,0.158519,1.0,0.0,0.0,0.0,0.0,0.0,0.476996,0.271063,0.0,0.0,0.06513,0.0,0.0,0.271063,0.06513,0.06513,0.0,0.0,0.0,0.0,0.0,0.075612928924,0.5264096812,0.0,0.0,0.0202452045899999,0.0,0.0,0.4330696848399999,0.01032434247,0.06513,0.0,0.0,0.0,0.0,0.0,0.1420445,0.284089,0.6,2
2025-04-11,0.1221673333333333,0.0711632286671517,3,0.067655,0.202673,0.203483,0.610449,0.234661,0.102023593511501,3,1,neutral,-0.1488956666666666,0.0730953840231992,0.0248589754886666,0.1767794444444445,0.0819929723589727,1.3333333333333333,0.3912963333333333,-0.0074703333333333,0.1664467619047618,0.0730953840231992,1.8571428571428572,0.3451066,-0.0035536571428571,0.1435663452380952,0.2136217712743308,1.7857142857142858,0.3888430857142856,-0.0028907669597069,0.1740478013492063,0.1598612902153788,1.8,0.3844411226190476,-0.0027054894088669,47.18834850409779,-0.0108891220625401,-0.0160256135354972,0.5442895159131426,-0.2004181909131425,-0.5493028066046146,-1.5263063366685057,0.0,0.7100043333333333,0.158519,0.0,0.310843,0.0,0.75,0.5403696666666666,0.0,0.0,0.0,0.0,0.0,0.0,0.5,0.0,0.1221673333333333,0.096174,0.0,0.096174,0.0,0.0819145,0.1221673333333333,0.0,0.0,0.0,0.0,0.0,0.0,0.067655,0.0,0.2908137548439999,0.015245406306,0.0,0.0298950146819999,0.0,0.1300015,0.176321780504,0.0,0.0,0.0,0.0,0.0,0.0,0.0338275,0.0610836666666666,0.183251,0.5,1
2025-04-12,0.147954,0.0253257364749773,2,0.130046,0.165862,0.2303224999999999,0.4606449999999999,0.1821809999999999,0.0300025407257451,2,1,neutral,0.0257866666666666,0.0716143257002324,0.034077135165,0.1803947777777778,0.0795725011241204,1.3333333333333333,0.3067745,-0.0615545,0.1588147619047619,0.0716143257002324,1.7142857142857142,0.3031776714285715,-0.0005448476190476,0.1252714166666666,0.2001364644930049,1.7857142857142858,0.3680966214285713,0.0058230557509157,0.1742529513492063,0.1598224232362075,1.8,0.3883022059523809,-0.0030962385926161,45.25578048843616,-0.0104821755555999,-0.0149169259395177,0.5350014233949554,-0.203704865061622,0.2110766107688362,0.7603794173734508,0.0,0.9989695,0.0,0.0,0.451494,0.0,1.0,0.9888565,0.0,0.0,0.0,0.0,0.0,0.0,0.0,0.0,0.147954,0.0,0.0,0.165862,0.0,0.147954,0.147954,0.0,0.0,0.0,0.0,0.0,0.0,0.0,0.0,0.29562586369,0.0,0.0,0.074885697828,0.0,0.295908,0.292533813422,0.0,0.0,0.0,0.0,0.0,0.0,0.0,0.1035677999999999,0.2071355999999999,0.7,1
2025-04-13,0.2407679999999999,0.2214106895386941,2,0.084207,0.397329,0.318946,0.637892,0.214356,0.0649421009977348,2,1,bullish,0.0928139999999999,0.071987229584049,0.076791990528,0.1702964444444445,0.0623772246197221,1.0,0.2509171666666667,0.0593003333333333,0.1590987333333333,0.071987229584049,1.4285714285714286,0.3168296428571429,0.0196594904761904,0.1207564166666666,0.196474285289817,1.6428571428571428,0.3545873357142857,0.0150143839560439,0.1737153646825396,0.1595617680033166,1.7333333333333334,0.3861106792857143,-0.002097159945442,48.82600452174298,-0.0026399505386725,-0.0124615308593487,0.5282809714190024,-0.2030275797523357,0.627316598402206,0.4162399876333698,0.0,0.667448,0.0,0.0,0.451494,0.0,0.5,0.796627,0.0,0.0,0.0,0.0,0.0,0.0,0.5,0.0,0.2407679999999999,0.0,0.0,0.397329,0.0,0.084207,0.397329,0.0,0.0,0.0,0.0,0.0,0.0,0.084207,0.0,0.28095145329,0.0,0.0,0.179391659526,0.0,0.0421035,0.316523009283,0.0,0.0,0.0,0.0,0.0,0.0,0.0421035,0.1685376,0.3370752,0.7,1
2025-04-14,0.181328,0.2214106895386941,1,0.181328,0.181328,0.28442,0.28442,0.192267,0.0649421009977348,1,1,bullish,-0.0594399999999999,0.0584159415124009,0.05157330976,0.1900166666666667,0.047013076322799,1.0,0.2778961666666666,0.016687,0.175925019047619,0.0584159415124009,1.2857142857142858,0.3176495571428571,0.0083905214285714,0.1285439166666666,0.1965666911831924,1.5714285714285714,0.3684452642857143,0.0151476352380952,0.168515998015873,0.1565603165391189,1.7333333333333334,0.3845325126190476,-0.0009198142014937,52.16332000857404,-0.0012073079863259,-0.0102106862847441,0.5238763957917114,-0.2042760541250448,-0.2468766613503455,-0.8741932597525516,0.0,0.990893,0.0,0.0,0.310843,0.0,1.0,0.5855,0.0,0.0,0.0,0.158519,0.0,0.0,0.0,0.0,0.181328,0.0,0.0,0.181328,0.0,0.181328,0.181328,0.0,0.0,0.0,0.181328,0.0,0.0,0.0,0.0,0.1796766459039999,0.0,0.0,0.0563645395039999,0.0,0.181328,0.106167544,0.0,0.0,0.0,0.028743933232,0.0,0.0,0.0,0.1269295999999999,0.1269295999999999,0.7,1
2025-04-15,0.2021521428571428,0.1749193001390723,7,-0.019464,0.514179,0.3068148571428571,2.147704,0.2444587142857142,0.0866779420204746,7,1,bullish,0.0208241428571428,0.0554233110989265,0.0620232808318367,0.2080827142857143,0.0301605231735463,1.0,0.3033936190476191,-0.0193079285714285,0.1860772108843537,0.0554233110989265,1.1428571428571428,0.3306274795918367,0.0047951105442176,0.1224953554421768,0.1925838269853834,1.5714285714285714,0.3528642540816326,0.0224690158765044,0.1712504027777777,0.1564021956437971,1.7333333333333334,0.3920822411904761,-0.0010365723189787,48.179827224095455,0.0015900709020716,-0.007850534847381,0.5283812487882998,-0.1979579928359189,0.1148424008269151,0.3617190621772607,0.310843,0.9833524,0.0,0.0,0.310843,0.0,0.875,0.6203927142857142,0.451494,0.0,0.0,0.0,0.0,0.0,0.5,0.295614,0.2747332,0.0,0.0,0.295614,0.0,0.14379325,0.2021521428571428,0.118004,0.0,0.0,0.0,0.0,0.0,0.060863,0.091889542602,1.352108606352,0.0,0.0,0.091889542602,0.0,0.5447415,0.566053177135,0.053278097976,0.0,0.0,0.0,0.0,0.0,0.0304315,0.1010760714285714,0.7075325,0.5,1
2025-04-16,0.4171295,0.1921916898142754,4,0.200544,0.667577,0.44757325,1.790293,0.38860875,0.109518174115456,4,2,bullish,0.2149773571428571,0.0985020449059465,0.186696005985875,0.266869880952381,0.1305445367247719,1.3333333333333333,0.346269369047619,0.11790075,0.2260802823129251,0.0985020449059465,1.2857142857142858,0.3254396581632653,0.0225551113945577,0.1893157482993197,0.085826392819572,1.6428571428571428,0.3354893433673469,0.0097601665306122,0.1801004861111111,0.1626408663205895,1.7666666666666666,0.3820140495238096,0.0004144106250331,76.94466548512182,0.0209127672897782,-0.0020978744199491,0.5529793121754181,-0.2051016312230371,1.0634433753926498,0.9486009745657348,0.0,0.654588,0.0,0.0,0.158519,0.333333,0.0,0.566836,0.158519,0.0,0.0,0.0,0.0,0.6111110000000001,0.4166665,0.0,0.3090775,0.0,0.0,0.542594,0.200544,0.0,0.4171295,0.417611,0.0,0.0,0.0,0.0,0.4285773333333333,0.3090775,0.0,0.479252541055,0.0,0.0,0.172022916572,0.066847933152,0.0,0.973908396451,0.066199278109,0.0,0.0,0.0,0.0,0.943230433152,0.2756534331519999,0.27285135,1.0914054,0.6499999999999999,2
2025-04-17,0.131179,0.1855151208985402,2,0.0,0.262358,0.177267,0.354534,0.295678,0.1009592920042528,2,1,neutral,-0.2859505,0.1019831388643529,0.023253707793,0.2501535476190477,0.1488960149127558,1.3333333333333333,0.3105517023809523,-0.0354865714285714,0.2060968537414966,0.1019831388643529,1.1428571428571428,0.281260943877551,0.018813219387755,0.1875208197278912,0.086826737929143,1.5714285714285714,0.3268781647959184,0.0070109490528519,0.1835325416666666,0.1603961625726959,1.7,0.3764913495238095,-0.0009486818851634,49.06737905791615,0.0130025077991472,0.0009222020238701,0.5426580283849362,-0.2096140807658885,-0.6855197246898146,-1.7489631000824644,0.0,0.99915,0.0,0.0,0.0,1.0,1.0,0.807007,0.0,0.0,0.0,0.0,0.0,0.0,0.0,0.0,0.131179,0.0,0.0,0.0,0.262358,0.0,0.131179,0.0,0.0,0.0,0.0,0.0,0.0,0.0,0.0,0.2623551140619999,0.0,0.0,0.0,0.262358,0.0,0.243833688694,0.0,0.0,0.0,0.0,0.0,0.0,0.0,0.0655895,0.131179,0.5,1
2025-04-18,-0.0588114999999999,0.3502236247606662,2,-0.306457,0.188834,0.178113,0.356226,0.0366349999999999,0.3136810534157267,2,1,neutral,-0.1899904999999999,0.1419252073333824,-0.0104750926994999,0.1631656666666667,0.239577375817466,1.3333333333333333,0.2676510833333333,-0.2379704999999999,0.1802427346938775,0.1419252073333824,1.1428571428571428,0.2776366581632653,-0.0215597499999999,0.1733447482993197,0.1086916417708405,1.5,0.3113716290816327,-0.0016051607326007,0.1712280833333333,0.164441998329055,1.7,0.3672004495238095,-0.0016377800497907,43.47395353407126,-0.0084990630370212,-0.0009620509883081,0.5149028212715243,-0.2281483236524766,-1.4483301443066343,-0.7628104196168197,0.0,0.986564,0.0,0.0,0.0,0.0,0.333333,0.8983129999999999,0.0,0.5,0.0,0.0,0.0,0.333333,0.4166665,0.0,0.188834,0.0,0.0,0.0,0.0,-0.306457,-0.0588114999999999,0.0,0.188834,0.0,0.0,0.0,-0.306457,-0.0588114999999999,0.0,0.186296826376,0.0,0.0,0.0,0.0,-0.1021522311809999,-0.0552981093729999,0.0,0.094417,0.0,0.0,0.0,-0.1021522311809999,-0.0077352311809999,-0.04116805,-0.0823361,0.7,1
2025-04-20,0.487434,0.3502236247606662,1,0.487434,0.487434,0.491878,0.491878,0.307209,0.3136810534157267,1,1,bullish,0.5462454999999999,0.1815290095709424,0.2397580610519999,0.1866005,0.2773079399589019,1.0,0.2824193333333333,0.1781275,0.2287398775510203,0.1815290095709424,1.1428571428571428,0.3150017295918367,0.0067409234693877,0.1937773197278911,0.1374497625879634,1.4285714285714286,0.3090897005102041,0.0082929910204081,0.182398875,0.1742054527574397,1.6666666666666667,0.3765060995238095,0.0002717903061602,57.13327529856971,0.0183268665039318,0.0028957325101398,0.5489942663703651,-0.2438941687513175,-9.288072910910282,-7.839742766603647,0.0,0.360215,0.0,0.0,0.0,0.0,0.5,0.977154,0.0,0.0,0.0,0.0,0.0,0.5,0.0,0.0,0.487434,0.0,0.0,0.0,0.0,0.487434,0.487434,0.0,0.0,0.0,0.0,0.0,0.487434,0.0,0.0,0.17558103831,0.0,0.0,0.0,0.0,0.243717,0.4762980828359999,0.0,0.0,0.0,0.0,0.0,0.243717,0.0,0.3412037999999999,0.3412037999999999,0.7,1
2025-04-21,0.2163565,0.2429074427935463,2,0.044595,0.388118,0.2647609999999999,0.5295219999999999,0.216799,0.1272608358372677,2,2,bullish,-0.2710774999999999,0.1814939065027962,0.0572827632964999,0.214993,0.273125302593425,1.3333333333333333,0.3115839999999999,0.137584,0.2252525204081632,0.1814939065027962,1.2857142857142858,0.3072610153061225,0.0071324362244897,0.1921756268707483,0.137014970639144,1.3571428571428572,0.3120453290816326,0.0104217218942961,0.1837891630952381,0.1743078636256589,1.6333333333333333,0.3714814519047619,0.0004374164622066,49.499193086473234,0.0175111115448321,0.0058188083170783,0.5552915801363416,-0.235786132517294,-0.5561317019329797,8.731941208977302,0.0,0.404623,0.0,0.0,0.0,0.0,1.0,0.316726,0.0,0.0,0.0,0.0,0.0,0.0,1.0,0.0,0.2163565,0.0,0.0,0.0,0.0,0.044595,0.388118,0.0,0.0,0.0,0.0,0.0,0.0,0.388118,0.0,0.259628016591,0.0,0.0,0.0,0.0,0.044595,0.122927061668,0.0,0.0,0.0,0.0,0.0,0.0,0.388118,0.11263775,0.2252755,0.6,2
2025-04-22,0.1961528,0.1314121755135345,5,0.057668,0.382786,0.4164084,2.082042,0.2128409999999999,0.0527475513365312,5,3,bullish,-0.0202037,0.1809817036957119,0.0816796736035199,0.2999811,0.162652973112175,2.0,0.3910157999999999,-0.1456406,0.2273703489795918,0.1809817036957119,1.5714285714285714,0.3261165010204082,-0.0022603224489796,0.2016476840136054,0.1319277111712874,1.4285714285714286,0.3218830290816327,0.0062947523286237,0.186678523095238,0.1737510183628007,1.7,0.3697088319047619,4.649702314744273e-06,53.18201369419656,0.0150607426049508,0.0076671951746528,0.5466821115189798,-0.2362445838999322,-0.093381525399052,0.4627501765339276,0.0,0.788402,0.158519,0.0,0.310843,0.333333,0.333333,0.5680544000000001,0.0,0.333333,0.333333,0.0,0.0,0.0,0.333333,0.0,0.1801033333333333,0.057668,0.0,0.057668,0.08521,0.146463,0.1961528,0.0,0.207716,0.08521,0.0,0.0,0.0,0.207716,0.0,0.443431165122,0.009141473692,0.0,0.0179256941239999,0.0284033049299999,0.097641902358,0.358883609306,0.0,0.069238597428,0.0284033049299999,0.0,0.0,0.0,0.069238597428,0.1014848,0.507424,0.54,3
2025-04-23,0.1804676666666666,0.104212608052001,9,0.022593,0.337127,0.2940899999999999,2.64681,0.2026745555555555,0.0637986044344057,9,2,bullish,-0.0156851333333333,0.1816695683270957,0.0530737360899999,0.1976589888888889,0.0179917632052475,2.3333333333333335,0.3250864666666667,-0.0179444166666666,0.2242725666666666,0.1816695683270957,1.7142857142857142,0.3242986642857142,-0.0108882107142857,0.2051748887755102,0.1305490037753615,1.4285714285714286,0.3274630719387755,0.0033634259863945,0.1835707230952381,0.1729728770522769,1.7,0.3669601763492063,0.0005647392716775,51.21515999588293,0.011718072188539,0.00847737057743,0.4197700026943736,-0.0394501084086593,-0.0799638513104749,0.0134176740885771,0.990678,0.8983151111111111,0.0,0.0,0.498503,0.5277776666666667,0.5277776666666667,0.481062625,0.0,0.2916665,1.0,0.0,0.333333,0.0,0.3055553333333333,0.337127,0.1804676666666666,0.0,0.0,0.218063,0.1891773333333333,0.123282,0.185146,0.0,0.221536,0.337127,0.0,0.098999,0.0,0.1806903333333333,0.333984302106,1.461276085528,0.0,0.0,0.29836982933,0.251462768394,0.1176561336669999,0.729493573791,0.0,0.127002768394,0.337127,0.0,0.032999633667,0.0,0.160002402061,0.0979505666666666,0.8815550999999999,0.5444444444444445,2
2025-04-24,0.123487,0.1393820602803675,2,0.024929,0.222045,0.2129329999999999,0.4258659999999999,0.179636,0.0422369022538348,2,1,neutral,-0.0569806666666666,0.1626186427363456,0.026294457371,0.1667024888888889,0.0382385893025668,2.0,0.3078104666666667,-0.0363329,0.182323638095238,0.1626186427363456,1.5714285714285714,0.2907786285714286,0.0058643261904761,0.2042019602040816,0.1311446965385834,1.4285714285714286,0.3081091433673469,-0.0012144770591313,0.1776469675396825,0.1718449209361821,1.7,0.3616440207936507,0.0009883364420785,49.673016425277254,0.0044201734433281,0.0076659311506096,0.4196120250110557,-0.0425742307253415,-0.3157389227617874,-0.2357750714513125,0.0,0.9968875,0.0,0.158519,0.158519,0.0,1.0,0.5540895,0.158519,0.0,0.0,0.0,0.0,0.0,0.0,0.0,0.123487,0.0,0.024929,0.024929,0.0,0.024929,0.123487,0.024929,0.0,0.0,0.0,0.0,0.0,0.0,0.0,0.245592952571,0.0,0.0039517201509999,0.0039517201509999,0.0,0.024929,0.048949606055,0.0039517201509999,0.0,0.0,0.0,0.0,0.0,0.0,0.0617435,0.123487,0.5,1
2025-04-25,0.411863,0.1393820602803675,1,0.411863,0.411863,0.47672,0.47672,0.307258,0.0422369022538348,1,1,bullish,0.2883759999999999,0.1814233977990198,0.1963433293599999,0.2386058888888889,0.152725960485997,1.3333333333333333,0.3279143333333333,0.1156976666666666,0.2224213523809523,0.1814233977990198,1.5714285714285714,0.3335576285714285,0.0231514523809523,0.2142591030612245,0.1416449438899976,1.3571428571428572,0.3074092862244897,0.0069229056096284,0.1834471175396825,0.176812007873049,1.6666666666666667,0.3667001707936508,0.002914659567244,53.1467240546493,0.0216563894617321,0.0104640228128341,0.4523751548829387,-0.0481164105972244,2.335274158413436,2.6510130811752237,0.158519,0.999892,0.0,0.0,0.158519,0.0,1.0,0.365926,0.0,0.0,0.0,0.0,0.0,0.0,0.0,0.411863,0.411863,0.0,0.0,0.411863,0.0,0.411863,0.411863,0.0,0.0,0.0,0.0,0.0,0.0,0.0,0.065288110897,0.4118185187959999,0.0,0.0,0.065288110897,0.0,0.411863,0.1507113801379999,0.0,0.0,0.0,0.0,0.0,0.0,0.0,0.2059315,0.2059315,0.5,1
2025-04-27,0.154411,0.1393820602803675,1,0.154411,0.154411,0.252987,0.252987,0.351902,0.0422369022538348,1,1,bullish,-0.257452,0.1393588610299625,0.039063975657,0.2299203333333333,0.1583237945140695,1.0,0.3142133333333334,0.015462,0.2528817095238095,0.1393588610299625,1.5714285714285714,0.3442539142857143,-0.0243114928571429,0.2165622221088435,0.1402880037829746,1.3571428571428572,0.3109452862244897,0.0021769673992673,0.1854633842063492,0.1760993710730374,1.6333333333333333,0.3517122485714286,0.0021099220694952,50.68726268794021,0.0143763005179296,0.0112464783538532,0.4509363334865076,-0.0513742892007933,-0.6250913531926878,-2.960365511606124,0.0,0.158519,0.0,0.0,0.0,0.0,0.25,0.961735,0.0,0.0,0.25,0.0,0.0,0.25,0.25,0.0,0.154411,0.0,0.0,0.0,0.0,0.154411,0.154411,0.0,0.0,0.154411,0.0,0.0,0.154411,0.154411,0.0,0.024477077309,0.0,0.0,0.0,0.0,0.03860275,0.1485024630849999,0.0,0.0,0.03860275,0.0,0.0,0.03860275,0.03860275,0.0772055,0.0772055,0.5,1
2025-04-28,0.23246875,0.2048073991654517,4,0.022306,0.513124,0.4018905,1.607562,0.19498525,0.1020689908717791,4,2,bullish,0.07805775,0.0936665279357424,0.0934269821718749,0.2662475833333333,0.1320081068041686,1.3333333333333333,0.3771991666666667,-0.0896971249999999,0.2164581023809524,0.0936665279357424,1.7142857142857142,0.3313985571428571,0.0070088744047618,0.2225989899659864,0.1389203273691894,1.4285714285714286,0.3232001433673469,0.0003696301046572,0.1851261675396825,0.1759958710023599,1.6333333333333333,0.3551011569047619,0.0028071263959955,51.76213752302758,0.0147355149339941,0.0119442856698814,0.4504302257141629,-0.0514993264284486,0.5055193606673101,1.130610713859998,0.0,0.981082,0.0,0.0,0.0,0.0,0.25,0.536365,0.2561773333333333,0.0,0.25,0.0,0.0,0.25,0.625,0.0,0.302523,0.0,0.0,0.0,0.0,0.513124,0.1389169999999999,0.2393993333333333,0.0,0.513124,0.0,0.0,0.513124,0.267715,0.0,0.881987370032,0.0,0.0,0.0,0.0,0.128281,0.263340814025,0.167394483562,0.0,0.128281,0.0,0.0,0.128281,0.150587,0.116234375,0.4649375,0.5,2
2025-04-29,0.1962238888888888,0.1593223374235738,9,0.026177,0.444709,0.303854,2.734686,0.1726093333333333,0.0904399257380279,9,2,bullish,-0.0362448611111111,0.0939787393143235,0.0596234135344444,0.1943678796296296,0.0390619592640135,1.6666666666666667,0.3195771666666667,0.0209064444444444,0.213582015079365,0.0939787393143235,1.7142857142857142,0.3369832714285714,0.0048264083333333,0.2194172677437642,0.1389822765888723,1.5,0.3221221433673469,0.0002150341409384,0.1823497527248677,0.1751102365438031,1.6,0.3500927235714285,0.0035296912588943,49.048814769015785,0.0119577004410031,0.0119469686241057,0.4488149734986512,-0.036616085324048,-0.1559128317724905,-0.6614321924398006,0.999855,0.9322385,0.158519,0.158519,0.3050065,0.3333335,0.5555556666666667,0.4628473333333333,0.0,0.2222223333333333,0.2222223333333333,0.0,0.0,0.29166675,0.29166675,0.325791,0.180028,0.093824,0.097209,0.0934155,0.1612415,0.194998,0.1962238888888888,0.0,0.0500073333333333,0.0500073333333333,0.0,0.0,0.093824,0.1370462499999999,0.325743760305,1.281711575488,0.059491546624,0.015409473471,0.058096070064,0.128838532403,0.304905032403,0.679957736545,0.0,0.029404782403,0.029404782403,0.0,0.0,0.142041782403,0.228486282403,0.0981119444444444,0.8830075,0.5,2
2025-04-30,0.1740632,0.1505209309312163,10,0.0,0.428183,0.3224027,3.224027,0.2305238,0.1159223549285373,10,3,bullish,-0.0221606888888888,0.0950265512559769,0.0561184456506399,0.2009186129629629,0.0294844432421468,2.3333333333333335,0.3427157333333333,-0.0292027749999999,0.2104263579365079,0.0950265512559769,1.7142857142857142,0.3235538857142857,-0.0018976382936508,0.2188983534580499,0.1391488912061969,1.6428571428571428,0.3248351933673469,-0.002336486511425,0.174682426058201,0.1700287653546588,1.6666666666666667,0.3434803802380952,0.0050054244372053,49.842359233552706,0.0078772778810621,0.011133030475497,0.4489199162116301,-0.0324233880370269,-0.1129357338414451,0.0429770979310453,0.990678,0.8428333333333333,0.158519,0.158519,0.158519,0.5,0.6,0.6177985555555555,0.0,0.2,0.2,0.108179,0.5,0.475,0.3,0.069263,0.1849708888888888,0.0660095,0.011549,0.2198659999999999,0.12047,0.14622225,0.1794641111111111,0.0,0.0437215,0.0437215,0.125455,0.125455,0.05197825,0.070966,0.068617330314,1.320402964869,0.020927519861,0.001830735931,0.069705876908,0.060235,0.5149346,0.829648008762,0.0,0.0174886,0.0174886,0.013571596445,0.0627275,0.0777236,0.0802161,0.10112668,1.0112668,0.54,3
2025-05-01,0.1484315,0.1817646763183099,6,0.0,0.396925,0.2389465,1.433679,0.2176316666666666,0.0520949931708092,6,3,neutral,-0.0256317,0.0974504107412085,0.03546718741475,0.1729061962962963,0.0239171926049962,2.6666666666666665,0.2884010666666667,-0.0238961944444443,0.2058497626984127,0.0974504107412085,1.8571428571428572,0.3156762428571428,-0.0128197575396825,0.2150611646825397,0.1403814546786132,1.7857142857142858,0.3199874535714286,-0.004901898058608,0.1694975427248677,0.1683130217692131,1.6666666666666667,0.3345093969047619,0.0057277572373183,48.83672899184736,0.0025459043876727,0.0094156052579322,0.4488338271884157,-0.0312049490138125,-0.1472551349165131,-0.0343194010750679,0.983605,0.7656305,0.0,0.0,0.451494,0.333333,0.75,0.71805675,0.0,0.0,1.0,0.0,0.0,0.4444443333333334,0.6111110000000001,0.361597,0.1484315,0.0,0.0,0.361597,0.396925,0.0660335,0.10355,0.0,0.0,0.361597,0.0,0.0,0.1498426666666666,0.1323083333333333,0.355668617185,0.860107037146,0.0,0.0,0.163258875918,0.132308201025,0.1057655,0.287903931019,0.0,0.0,0.361597,0.0,0.0,0.158609701025,0.132308201025,0.0759691833333333,0.4558151,0.5666666666666667,3
2025-05-02,0.2211285,0.0907324066279518,2,0.156971,0.285286,0.2792055,0.558411,0.260063,0.0598961870071877,2,2,bullish,0.072697,0.0904316777975468,0.06174029340675,0.1812077333333333,0.03687135364566,2.6666666666666665,0.2801849,0.02353265,0.2197985484126983,0.0904316777975468,2.0,0.3251437428571428,-0.0229488589285714,0.2010610932539682,0.127897663131866,1.7857142857142858,0.3079611857142857,0.0019330478510378,0.1744583927248677,0.1675409987134802,1.6666666666666667,0.3408026135714285,0.0053905529962745,45.47708126466623,0.0041390740926377,0.0083602990248733,0.4446435797692576,-0.0320081515946543,0.4897680074647228,0.6370231423812359,0.990678,0.9988295,0.0,0.0,0.451494,0.0,0.0,0.858979,0.0,0.0,1.0,0.0,0.0,0.0,0.0,0.285286,0.2211285,0.0,0.0,0.285286,0.0,0.0,0.2211285,0.0,0.0,0.285286,0.0,0.0,0.0,0.0,0.2826265639079999,0.441803046579,0.0,0.0,0.1288049172839999,0.0,0.0,0.379889475603,0.0,0.0,0.285286,0.0,0.0,0.0,0.0,0.11056425,0.2211285,0.5,2
2025-05-03,0.448265,0.0304466037843303,2,0.426736,0.469794,0.4674895,0.934979,0.2692945,0.0489876506938228,2,1,bullish,0.2271365,0.1034296824195602,0.2095591807175,0.2726083333333333,0.1564054406361341,2.0,0.3285471666666667,0.14991675,0.2249988341269841,0.1034296824195602,2.0,0.3238251,0.0289674682539682,0.2237100932539682,0.1418818963864079,1.7857142857142858,0.3286913642857142,0.0066922113431013,0.1798394927248677,0.1737520175726664,1.6666666666666667,0.3388872969047619,0.0079320376317601,57.521231041023704,0.0234592485113584,0.0113800889221703,0.4805236412222067,-0.0352784463809368,1.0271697225821188,0.537401715117396,0.0,0.7918620000000001,0.0,0.0,0.158519,0.0,0.75,0.266143,0.158519,0.0,0.5,0.0,0.0,0.0,0.0,0.0,0.448265,0.0,0.0,0.426736,0.0,0.448265,0.448265,0.469794,0.0,0.469794,0.0,0.0,0.0,0.0,0.0,0.7078690483579999,0.0,0.0,0.067645763984,0.0,0.661633,0.23860518379,0.0744712750859999,0.0,0.234897,0.0,0.0,0.0,0.0,0.3137854999999999,0.6275709999999999,0.7,1
2025-05-04,0.2154424999999999,0.0057339288886417,2,0.211388,0.219497,0.3032205,0.606441,0.2095945,0.0293314963903992,2,1,bullish,-0.2328225,0.0989635925120555,0.06532658257125,0.2949453333333333,0.1328091592815919,1.3333333333333333,0.3499718333333333,-0.0028429999999999,0.2337176198412698,0.0989635925120555,2.0,0.3310013142857143,0.0178595990079364,0.2432996646825397,0.1165443220111575,1.7857142857142858,0.3376276142857142,-0.0028579042857142,0.2042994427248677,0.1131591948741227,1.6666666666666667,0.3259672469047618,0.003346593123753,56.37571215724218,0.0197560767909772,0.0130552864959317,0.4815397572740851,-0.0295457124328152,-0.5193858543495478,-1.5465555769316666,1.0,0.999162,0.0,0.0,0.0,0.5,1.0,0.6330705000000001,0.0,0.5,0.0,0.0,0.0,0.0,0.0,0.219497,0.211388,0.0,0.0,0.0,0.211388,0.219497,0.2154424999999999,0.0,0.211388,0.0,0.0,0.0,0.0,0.0,0.219497,0.211210856856,0.0,0.0,0.0,0.105694,0.219497,0.269805167295,0.0,0.105694,0.0,0.0,0.0,0.0,0.0,0.1508097499999999,0.3016194999999999,0.7,1
2025-05-05,0.1335781666666666,0.1251790289072681,6,0.031202,0.308285,0.1438526666666666,0.863116,0.2039811666666666,0.0371564250993911,6,2,neutral,-0.0818643333333333,0.1059811749201424,0.0192155754834444,0.2657618888888889,0.1632665962221104,1.3333333333333333,0.3048542222222222,-0.1573434166666666,0.2195903936507936,0.1059811749201424,2.0,0.2941387666666666,0.0069519619047618,0.218024248015873,0.0961036726777764,1.8571428571428572,0.3127686619047619,0.0020555804517704,0.2035417816137566,0.1135669629222212,1.6666666666666667,0.3208348857936507,0.0025593513595352,39.50848370217176,0.0100991082298514,0.0124640508427156,0.4793523725350221,-0.0380773110270856,-0.3799822845229391,0.1394035698266086,0.0,0.9849406666666668,0.0,0.0,0.158519,0.0,0.9,0.8291815,0.0,0.0,0.0,0.158519,0.5,0.0,0.5,0.0,0.2227599999999999,0.0,0.0,0.063489,0.0,0.1047579999999999,0.1103685,0.0,0.0,0.0,0.063489,0.277679,0.0,0.2929819999999999,0.0,0.654376704922,0.0,0.0,0.010064212791,0.0,0.3696475,0.2308308749099999,0.0,0.0,0.0,0.010064212791,0.1388395,0.0,0.2929819999999999,0.0667890833333333,0.4007345,0.5,2
2025-05-06,0.17666075,0.1704246524074914,8,0.010983,0.509565,0.271046125,2.168369,0.235124125,0.0692582062934216,8,3,bullish,0.0430825833333333,0.1069535285470869,0.0478832117270937,0.1752271388888888,0.0409509914243991,2.0,0.2393730972222222,-0.019390875,0.2167956595238095,0.1069535285470869,2.142857142857143,0.2894519273809524,-0.0009857148809523,0.2151888373015873,0.0967401398505082,1.9285714285714288,0.3132175994047618,0.0008187855189255,0.2047753566137566,0.1130488791246085,1.7,0.3166962732936508,0.0019453165104083,48.63906079426905,0.0058548023683083,0.0111422011478342,0.4792766763289042,-0.0384683398209678,0.322527134549184,0.7025094190721232,0.451494,0.9371773333333332,0.0,0.0,0.0,0.0,0.5,0.58424775,0.158519,0.0,0.4166665,0.0,0.0,0.7777776666666667,0.4166665,0.054051,0.1416116666666666,0.0,0.0,0.0,0.0,0.12147,0.17666075,0.2956713333333333,0.0,0.021196,0.0,0.0,0.1294773333333333,0.111257,0.024403702194,0.826501675151,0.0,0.0,0.0,0.0,0.12147,0.854059223744,0.140608572266,0.0,0.0193654963389999,0.0,0.0,0.381109996339,0.1094264963389999,0.089390175,0.7151214,0.55,3
2025-05-07,0.18844125,0.1982469687576164,4,0.060706,0.484103,0.23435325,0.937413,0.2351695,0.065652327242325,4,2,bullish,0.0117805,0.1061309885920262,0.0441618193715625,0.1662267222222222,0.0288815023840634,2.3333333333333335,0.2164173472222222,0.0274315416666666,0.2188496666666666,0.1061309885920262,2.0,0.2768734345238095,-0.0101283244047619,0.2146380123015873,0.0968787209920124,1.8571428571428572,0.3002136601190476,-0.0005729929304029,0.2043441316137566,0.1130869524205813,1.7,0.3070472149603175,0.0018165051318042,49.734079387475155,0.0034025244552046,0.0095942658093082,0.4788671181725208,-0.0394298709502985,0.0666843087669446,-0.2558428257822394,0.158519,0.958105,0.0,0.0,0.2346809999999999,0.0,0.75,0.781385,0.0,0.0,0.25,0.158519,0.0,0.25,0.625,0.484103,0.2310196666666666,0.0,0.0,0.297327,0.0,0.2310196666666666,0.18844125,0.0,0.0,0.098405,0.110551,0.0,0.098405,0.0795555,0.076739523457,0.680561608545,0.0,0.0,0.11110352795,0.0,0.61925525,0.651236239056,0.0,0.0,0.02460125,0.0175244339689999,0.0,0.02460125,0.08530725,0.099140875,0.3965635,0.55,2
2025-05-08,0.246721,0.1982469687576164,1,0.246721,0.246721,0.798255,0.798255,0.180049,0.065652327242325,1,1,bullish,0.0582797499999999,0.1016699689266823,0.196946271855,0.203941,0.0375138820313558,2.0,0.4345514583333334,0.0350301249999999,0.2328910238095238,0.1016699689266823,1.7142857142857142,0.3567746488095237,-0.0172018482142857,0.2193703932539682,0.0966991747318911,1.7857142857142858,0.3362254458333333,-0.000782831050061,0.2046088249470899,0.1131795887100904,1.6333333333333333,0.326209641626984,0.0023273944094849,52.21944276978775,0.0060915427104661,0.0088937211895398,0.4536880668657702,-0.031291669643548,0.3092727839578648,0.2425884751909202,0.0,0.158519,0.0,0.0,0.0,0.0,1.0,0.998356,0.0,0.0,0.0,0.0,0.0,0.0,0.0,0.0,0.246721,0.0,0.0,0.0,0.0,0.246721,0.246721,0.0,0.0,0.0,0.0,0.0,0.0,0.0,0.0,0.039109966199,0.0,0.0,0.0,0.0,0.246721,0.246315390676,0.0,0.0,0.0,0.0,0.0,0.0,0.0,0.1233605,0.1233605,0.5,1
2025-05-09,0.114895,0.0767822438653625,3,0.052174,0.200524,0.226521,0.679563,0.265182,0.0701533858983299,3,1,neutral,-0.131826,0.1112004030249605,0.026026130295,0.1833524166666666,0.0660601675559548,1.3333333333333333,0.41970975,-0.0367731249999999,0.2177148095238095,0.1112004030249605,1.5714285714285714,0.3492482916666667,-0.0315246398809524,0.218756678968254,0.0973793947483868,1.7857142857142858,0.3371960172619048,-0.0069288332722832,0.2063205249470899,0.1113460507884836,1.6,0.3244709882936508,0.0007757346771545,49.72591765641732,-0.0023871237056485,0.0066375522105021,0.4541113365429358,-0.0333433393207136,-0.534312036673003,-0.8435848206308678,0.0,0.969079,0.0,0.0,0.0,0.0,1.0,0.7786326666666668,0.0,0.0,0.0,0.0,0.0,0.0,0.0,0.0,0.1462555,0.0,0.0,0.0,0.0,0.0720804999999999,0.114895,0.0,0.0,0.0,0.0,0.0,0.0,0.0,0.0,0.280118877752,0.0,0.0,0.0,0.0,0.1441609999999999,0.2249280356719999,0.0,0.0,0.0,0.0,0.0,0.0,0.0,0.0574475,0.1723425,0.5,1
2025-05-10,0.026476,0.0767822438653625,1,0.026476,0.026476,0.190667,0.190667,0.160121,0.0701533858983299,1,1,neutral,-0.088419,0.0732540471233183,0.005048099492,0.129364,0.1108331131792301,1.0,0.4051476666666667,-0.1101224999999999,0.157459238095238,0.0732540471233183,1.5714285714285714,0.3097022202380953,-0.0190787708333333,0.1912290361111111,0.0929634822284863,1.7857142857142858,0.3167636601190476,-0.0060564245054945,0.2028334982804232,0.115349470036653,1.5666666666666669,0.3236275749603174,-0.0009034058560658,35.90860565690697,-0.0160561133243951,0.0020988191035227,0.4409023343490781,-0.0116055871268558,-0.7695635145132512,-0.2352514778402482,0.451494,0.0,0.0,0.0,0.0,0.0,0.0,0.0,0.0,0.0,0.0,0.0,0.0,0.0,0.0,0.026476,0.0,0.0,0.0,0.0,0.0,0.0,0.0,0.0,0.0,0.0,0.0,0.0,0.0,0.0,0.011953755144,0.0,0.0,0.0,0.0,0.0,0.0,0.0,0.0,0.0,0.0,0.0,0.0,0.0,0.0,0.0185332,0.0185332,0.7,1
2025-05-11,0.415741,0.0767822438653625,1,0.415741,0.415741,0.577173,0.577173,0.271624,0.0701533858983299,1,1,bullish,0.389265,0.1223471746064918,0.239954480193,0.185704,0.2040643180886849,1.0,0.3314536666666667,0.150423,0.1860733095238095,0.1223471746064918,1.5714285714285714,0.3488382916666667,0.0168775982142857,0.2098954646825397,0.1097271699514455,1.7857142857142858,0.3399198029761905,-0.0008555783760683,0.2121212649470899,0.1209561607344597,1.5666666666666669,0.3267370749603175,1.6911630736092073e-05,58.71525207465108,0.0044700024903572,0.0025730557808896,0.4207882608256683,0.0013391863965538,14.70256080979,15.472124324303252,0.0,0.495866,0.0,0.0,0.158519,0.0,0.0,0.962106,0.0,1.0,0.0,0.0,0.0,0.0,0.0,0.0,0.415741,0.0,0.0,0.415741,0.0,0.0,0.415741,0.0,0.415741,0.0,0.0,0.0,0.0,0.0,0.0,0.206151826706,0.0,0.0,0.065902847579,0.0,0.0,0.399986910546,0.0,0.415741,0.0,0.0,0.0,0.0,0.0,0.2910187,0.2910187,0.7,1
2025-05-12,0.1218725,0.0855507281354168,2,0.061379,0.182366,0.18037,0.36074,0.2743105,0.0473259497580344,2,1,neutral,-0.2938685,0.1232608454074386,0.021982142825,0.1880298333333333,0.2028901294336009,1.0,0.3160700000000001,0.04769825,0.1844010714285714,0.1232608454074386,1.4285714285714286,0.3540550535714286,0.0024996339285714,0.2019957325396825,0.111935930191774,1.7142857142857142,0.3240969101190476,-0.0026263459829059,0.2071482482804232,0.121514888596704,1.5333333333333334,0.3165321416269842,-0.0001588437411939,46.77576789833821,-0.0029417132411786,0.0014701019764759,0.4197856892614149,-0.0071066420391926,-0.7068547485092882,-15.409415558299289,0.0,0.9973,0.0,0.0,0.0,0.0,0.5,0.990454,0.451494,0.5,0.0,0.0,0.0,0.0,0.0,0.0,0.182366,0.0,0.0,0.0,0.0,0.061379,0.1218725,0.182366,0.061379,0.0,0.0,0.0,0.0,0.0,0.0,0.1818736118,0.0,0.0,0.0,0.0,0.0306895,0.240264962146,0.082337154804,0.0306895,0.0,0.0,0.0,0.0,0.0,0.06093625,0.1218725,0.5,1
2025-05-15,0.338321,0.0855507281354168,1,0.338321,0.338321,0.306963,0.306963,0.279317,0.0473259497580344,1,1,bullish,0.2164485,0.136049876958925,0.1038520291229999,0.2919781666666667,0.1523168325369302,1.0,0.3548353333333334,-0.03871,0.2074953928571428,0.136049876958925,1.1428571428571428,0.3591860357142857,0.0178852946428571,0.2121455261904762,0.1176678801005075,1.6428571428571428,0.324318981547619,0.001078381098901,0.2143533705026455,0.1227047616858054,1.5333333333333334,0.3199814749603175,0.0001013568008545,53.74870519159764,0.0085514500860842,0.0028863715983976,0.4347889482724275,-0.0078930810502052,1.7760241235717658,2.482878872081054,0.0,0.682689,0.0,0.0,0.0,0.0,1.0,0.0,0.0,0.0,0.0,0.0,0.0,0.0,0.0,0.0,0.338321,0.0,0.0,0.0,0.0,0.338321,0.0,0.0,0.0,0.0,0.0,0.0,0.0,0.0,0.0,0.2309680251689999,0.0,0.0,0.0,0.0,0.338321,0.0,0.0,0.0,0.0,0.0,0.0,0.0,0.0,0.1691605,0.1691605,0.5,1
2025-05-16,0.34592125,0.0416143298746557,4,0.305025,0.382786,0.585372,2.341488,0.2510354999999999,0.0461040444032118,4,2,bullish,0.00760025,0.145093775212104,0.202492613955,0.2687049166666667,0.1272173725878104,1.3333333333333333,0.3575683333333334,0.112024375,0.2299925357142857,0.145093775212104,1.1428571428571428,0.4093315714285714,0.0299946160714285,0.2244211011904762,0.122264063034474,1.5714285714285714,0.3431025029761905,0.0036450833333333,0.2209522788359788,0.1243232938541021,1.5666666666666669,0.3318164582936508,0.000492255136748,54.56893786905096,0.018064900248751,0.0059220773284683,0.4501265302046402,-0.0066853046490846,0.0224646120104872,-1.7535595115612783,0.928139,0.7618269999999999,0.0,0.0,0.565356,0.0,1.0,0.4380976666666666,0.0,0.0,1.0,0.0,0.0,0.0,0.0,0.380767,0.333633,0.0,0.0,0.342896,0.0,0.305025,0.334306,0.0,0.0,0.380767,0.0,0.0,0.0,0.0,0.353404702613,0.775298694227,0.0,0.0,0.418531270006,0.0,0.305025,0.42345330661,0.0,0.0,0.380767,0.0,0.0,0.0,0.0,0.172960625,0.6918425,0.5,2
2025-05-18,0.242644,0.0416143298746557,1,0.242644,0.242644,0.107978,0.107978,0.463744,0.0461040444032118,1,1,bullish,-0.10327725,0.1450235987128371,0.026200213832,0.3089620833333333,0.0575587272511366,1.3333333333333333,0.3334376666666667,-0.0478384999999999,0.2294101071428571,0.1450235987128371,1.1428571428571428,0.3107205714285714,0.0337399107142857,0.2311505654761905,0.1203374004538867,1.4285714285714286,0.3337476101190476,0.0016605858974358,0.2210148121693121,0.1243340759872568,1.5666666666666669,0.3247841916269841,0.0007688618708618,52.40538336093853,0.0170739523439207,0.0081524523315587,0.4514650273150659,0.0038918982404897,-0.2985571137939632,-0.3210217258044504,0.0,0.967321,0.0,0.0,0.0,0.0,0.333333,0.999993,0.0,0.0,0.333333,0.0,0.0,0.333333,0.0,0.0,0.242644,0.0,0.0,0.0,0.0,0.242644,0.242644,0.0,0.0,0.242644,0.0,0.0,0.242644,0.0,0.0,0.234714636724,0.0,0.0,0.0,0.0,0.080881252452,0.242642301492,0.0,0.0,0.080881252452,0.0,0.0,0.080881252452,0.0,0.1698508,0.1698508,0.7,1
2025-05-19,0.2192863333333333,0.0817706748005257,3,0.161891,0.312913,0.337391,1.012173,0.3103116666666667,0.0650351789828653,3,1,bullish,-0.0233576666666666,0.1363959024365728,0.0739852352896666,0.2692838611111111,0.0673896296161939,1.3333333333333333,0.3435803333333334,-0.0633174583333333,0.2443231547619047,0.1363959024365728,1.1428571428571428,0.3265591428571429,0.0162959196428571,0.2310189821428571,0.1203502085688929,1.3571428571428572,0.3379037172619047,0.00099121007326,0.2222800899470899,0.1241092160627804,1.5666666666666669,0.326549891626984,0.0004840082416088,49.95175119628921,0.0142397047078304,0.0093699028068131,0.4243576368803293,0.0117416220085594,-0.0962631124885291,0.202294001305434,0.0,0.7026203333333333,0.0,0.0,0.158519,0.0,1.0,0.4960383333333333,0.0,0.0,0.0,0.0,0.0,0.0,0.0,0.0,0.2192863333333333,0.0,0.0,0.183055,0.0,0.183055,0.2192863333333333,0.0,0.0,0.0,0.0,0.0,0.0,0.0,0.0,0.494507200511,0.0,0.0,0.029017695545,0.0,0.183055,0.375563647501,0.0,0.0,0.0,0.0,0.0,0.0,0.0,0.1096431666666666,0.3289295,0.5,1
2025-05-20,0.224386,0.0817706748005257,1,0.224386,0.224386,0.160099,0.160099,0.228899,0.0650351789828653,1,1,bullish,0.0050996666666666,0.0991360003176803,0.0359239742139999,0.2287721111111111,0.0122810270758191,1.0,0.2018226666666667,-0.0091289999999999,0.2725960119047619,0.0991360003176803,1.1428571428571428,0.3221922857142857,-0.0169612261904762,0.215027625,0.1028674577626001,1.3571428571428572,0.3159472529761905,0.0079636529304029,0.2230212185185185,0.1240512477937123,1.5666666666666669,0.3216593630555556,0.0003587813298726,43.36454866547935,0.0122636753666326,0.009948657318777,0.4256740737350918,0.017422685153797,0.0232557432519735,0.1195188557405027,0.0,0.839681,0.0,0.0,0.0,0.0,0.0,0.99793,0.0,1.0,0.0,0.0,0.0,0.0,0.0,0.0,0.224386,0.0,0.0,0.0,0.0,0.0,0.224386,0.0,0.224386,0.0,0.0,0.0,0.0,0.0,0.0,0.188412660866,0.0,0.0,0.0,0.0,0.0,0.22392152098,0.0,0.224386,0.0,0.0,0.0,0.0,0.0,0.112193,0.112193,0.5,1
2025-05-21,0.3294885,0.1619493732019361,2,0.214973,0.444004,0.397446,0.794892,0.2809645,0.1085995807749735,2,1,bullish,0.1051025,0.0823115647165109,0.130953886371,0.2577202777777778,0.0622053851425375,1.0,0.2983120000000001,0.0551010833333333,0.2602742261904762,0.0823115647165109,1.1428571428571428,0.296517,0.009583681547619,0.2231737678571428,0.1073220763873643,1.3571428571428572,0.3226776458333333,0.0112476408424908,0.2200998518518518,0.1202976016452621,1.5333333333333334,0.3199884547222222,0.0023843448201705,53.65702829815078,0.0189599897064691,0.0117509237963154,0.4361515235076048,0.0166472103812841,0.4684004349647483,0.4451446917127748,0.158519,0.919831,0.0,0.0,0.0,0.0,1.0,0.8422590000000001,0.0,0.5,0.0,0.0,0.5,0.0,0.0,0.444004,0.3294885,0.0,0.0,0.0,0.0,0.444004,0.3294885,0.0,0.214973,0.0,0.0,0.214973,0.0,0.0,0.070383070076,0.624504307537,0.0,0.0,0.0,0.0,0.444004,0.518925320265,0.0,0.1074865,0.0,0.0,0.1074865,0.0,0.0,0.16474425,0.3294885,0.5,1
2025-05-22,0.3106185,0.0667742146677892,2,0.263402,0.357835,0.2507205,0.501441,0.3549075,0.060352270881053,2,2,bullish,-0.0188699999999999,0.0561862631385045,0.07787842562925,0.2881643333333333,0.056033704830961,1.3333333333333333,0.2694218333333334,0.04311625,0.2872379404761904,0.0561862631385045,1.2857142857142858,0.3065670714285714,-0.0047939642857143,0.2358195059523809,0.106379136466792,1.3571428571428572,0.3303110625,0.0107923606227106,0.2260811685185185,0.1201848144608908,1.5666666666666669,0.3224369047222222,0.002355088844395,55.916027367033045,0.0224850228214065,0.0138977436013336,0.4446273465846901,0.0196108484153098,-0.0572705875925866,-0.525671022557335,0.9814355,0.990678,0.0,0.0,0.158519,0.0,0.0,0.423134,0.0,0.0,1.0,0.0,0.0,0.0,0.0,0.3106185,0.357835,0.0,0.0,0.357835,0.0,0.0,0.3106185,0.0,0.0,0.357835,0.0,0.0,0.0,0.0,0.608831248711,0.35449926213,0.0,0.0,0.056723646365,0.0,0.0,0.287559498629,0.0,0.0,0.357835,0.0,0.0,0.0,0.0,0.15530925,0.3106185,0.5,2
2025-05-23,0.0168969999999999,0.1676329639748698,3,-0.164024,0.166952,0.2439363333333333,0.731809,0.1821866666666666,0.0819939881779959,3,2,neutral,-0.2937215,0.111547498644809,0.0041217922243333,0.2190013333333333,0.1752816031107752,1.6666666666666667,0.2973676111111112,-0.15629575,0.2413202261904762,0.111547498644809,1.4285714285714286,0.2975632619047619,-0.0264614851190476,0.2244078095238095,0.120804641585499,1.2857142857142858,0.3283746488095239,0.0025871432234432,0.2286047851851851,0.114664491652782,1.6,0.3246310158333333,-0.0009592634606352,45.427263177543395,0.0015597924946129,0.0114301533799895,0.4565146612808899,-0.0079930862808899,-0.9456020810093412,-0.8883314934167544,0.972193,0.5570193333333333,0.0,0.0,0.158519,0.0,0.25,0.7709163333333334,0.158519,0.25,0.5,0.0,0.5,0.25,0.25,0.166952,0.0168969999999999,0.0,0.0,0.0014639999999999,0.0,0.047763,0.0168969999999999,0.047763,0.047763,0.166952,0.0,0.166952,0.047763,0.047763,0.1623095657359999,0.1227148890489999,0.0,0.0,0.0004641436319999,0.0,0.01194075,0.162100366472,0.007571342997,0.01194075,0.083476,0.0,0.083476,0.01194075,0.01194075,0.0084484999999999,0.0253454999999999,0.5,2
2025-05-25,0.043444,0.1676329639748698,1,0.043444,0.043444,0.615462,0.615462,0.097936,0.0819939881779959,1,1,neutral,0.026547,0.1223385590484842,0.026738131128,0.1236531666666666,0.1624598802892067,1.6666666666666667,0.3700396111111112,-0.1335872499999999,0.1981091904761905,0.1223385590484842,1.2857142857142858,0.3018618333333333,-0.0327195059523809,0.2140508630952381,0.1299915609020184,1.2142857142857142,0.3555967023809524,-0.003768962087912,0.2138051185185185,0.1085978779336623,1.6,0.3287504825,-0.000368820103819,45.884694230056866,-0.0127346852023353,0.0065971856635245,0.4629343317316555,-0.0249115067316555,1.5711072971533415,2.5167093781626826,0.158519,0.714479,0.0,0.0,0.158519,0.0,0.5,0.918141,0.0,0.0,0.5,0.0,0.0,0.0,0.0,0.043444,0.043444,0.0,0.0,0.043444,0.0,0.043444,0.043444,0.0,0.0,0.043444,0.0,0.0,0.0,0.0,0.006886699436,0.031039825676,0.0,0.0,0.006886699436,0.0,0.021722,0.039887717604,0.0,0.0,0.021722,0.0,0.0,0.0,0.0,0.0304108,0.0304108,0.7,1
2025-05-26,0.208096,0.1676329639748698,1,0.208096,0.208096,0.28008,0.28008,0.337668,0.0819939881779959,1,1,bullish,0.164652,0.1209312587789815,0.05828352768,0.089479,0.1035793431095219,1.3333333333333333,0.3798261111111112,0.0955995,0.1931737619047619,0.1209312587789815,1.2857142857142858,0.3264478333333333,-0.025287375,0.2112919345238095,0.129654284603235,1.2142857142857142,0.3185842023809524,-0.0028620635531135,0.2135297685185185,0.1086016580201851,1.5666666666666669,0.3292611158333333,-0.0003880573921641,48.96617060402135,-0.0106543081208868,0.0031468869066422,0.4623285201250038,-0.0256089451250038,3.789982506214897,2.2188752090615553,0.158519,0.95493,0.0,0.0,0.0,0.333333,0.333333,0.623304,0.0,0.0,0.0,0.0,0.0,0.0,0.333333,0.208096,0.208096,0.0,0.0,0.0,0.208096,0.208096,0.208096,0.0,0.0,0.0,0.0,0.0,0.0,0.208096,0.032987169824,0.19871711328,0.0,0.0,0.0,0.069365263968,0.069365263968,0.129707069184,0.0,0.0,0.0,0.0,0.0,0.0,0.069365263968,0.104048,0.104048,0.5,1
2025-05-27,0.24544175,0.1470240658290902,4,0.061251,0.406559,0.3095085,1.238034,0.26534325,0.0347451399898844,4,2,bullish,0.03734575,0.1222692131385525,0.075966307879875,0.1656605833333333,0.1074771891706368,1.3333333333333333,0.4016835000000001,0.100998875,0.19691025,0.1222692131385525,1.4285714285714286,0.3224646190476191,-0.0159568660714286,0.2206167023809524,0.1268522940215577,1.2857142857142858,0.324511880952381,-0.0050642754578754,0.2151727335185185,0.1087024916639699,1.5333333333333334,0.3256977858333333,-0.0003020148028673,53.68032873347352,-0.0059238189098862,0.0013327457433365,0.4275687125384004,-0.0111314625384004,0.179464045440566,-3.6105184607743306,0.972193,0.76301725,0.0,0.0,0.158519,0.5,0.5,0.5072873333333333,0.0,0.0,0.0,0.0,1.0,0.0,1.0,0.406559,0.24544175,0.0,0.0,0.406559,0.061251,0.061251,0.2254423333333333,0.0,0.0,0.0,0.0,0.3559995,0.0,0.208517,0.395253813887,0.847383084246,0.0,0.0,0.064447326121,0.0306255,0.0306255,0.241405797684,0.0,0.0,0.0,0.0,0.711999,0.0,0.208517,0.133146725,0.5325869,0.55,2
2025-05-28,0.252363,0.1470240658290902,1,0.252363,0.252363,0.537213,0.537213,0.226825,0.0347451399898844,1,1,bullish,0.0069212499999999,0.1237651253100358,0.135572684319,0.23530025,0.0238123778513922,1.3333333333333333,0.3756005000000001,0.0221335,0.2009069642857143,0.1237651253100358,1.4285714285714286,0.3763380476190476,-0.0060903928571429,0.2367514880952381,0.113971027098259,1.2857142857142858,0.3492651666666667,-0.0105574813186813,0.2175692446296296,0.1087035030072405,1.5,0.3338018858333333,-0.0003014228883945,56.6748446509669,-0.0015979648672619,0.0007466036212168,0.4302904071808177,-0.0101611071808176,0.0281991551967013,-0.1512648902438647,0.0,0.938793,0.0,0.0,0.0,0.0,0.0,0.161647,0.0,0.0,0.0,0.0,0.0,0.0,0.0,0.0,0.252363,0.0,0.0,0.0,0.0,0.0,0.252363,0.0,0.0,0.0,0.0,0.0,0.0,0.0,0.0,0.236916617859,0.0,0.0,0.0,0.0,0.0,0.040793721861,0.0,0.0,0.0,0.0,0.0,0.0,0.0,0.1261815,0.1261815,0.5,1
2025-05-29,0.0060969999999999,0.4960996606862375,3,-0.556004,0.382786,0.7287583333333334,2.186275,0.0139109999999999,0.3244983762871549,3,2,neutral,-0.246266,0.1280522378472218,0.0044432395583333,0.1679672499999999,0.1402264572100697,1.6666666666666667,0.5251599444444447,-0.119672375,0.1547081785714285,0.1280522378472218,1.5714285714285714,0.4236683809523809,-0.0085940982142857,0.2074912023809524,0.1170273085346538,1.3571428571428572,0.3600926904761904,-0.0112468564102564,0.2136562446296296,0.1141817652329185,1.5333333333333334,0.3509960636111112,-0.0023146030169323,36.77781092772722,-0.0178357000700905,-0.0029698571170446,0.440027604523505,-0.0326464211901717,-0.9758403569461452,-1.0040395121428465,0.0,0.614606,0.0,0.0,0.0,0.0,0.0,0.3325715,0.0,0.0,0.0,0.0,0.0,1.0,0.0,0.0,0.191509,0.0,0.0,0.0,0.0,0.0,0.2871475,0.0,0.0,0.0,0.0,0.0,-0.556004,0.0,0.0,0.117702580454,0.0,0.0,0.0,0.0,0.0,0.158300224006,0.0,0.0,0.0,0.0,0.0,-0.556004,0.0,-0.0340184333333333,-0.1020553,0.5666666666666667,2
2025-05-30,0.20990925,0.1277027051250285,4,0.106957,0.395809,0.41389275,1.655571,0.21385375,0.0490086741599552,4,2,bullish,0.20381225,0.1123049984702978,0.0868799167329374,0.1561230833333333,0.1316489630894252,1.6666666666666667,0.5599546944444446,-0.0212268749999999,0.1403211428571428,0.1123049984702978,1.5714285714285714,0.4469787023809524,0.0195932053571428,0.2137795416666667,0.1144087685116312,1.4285714285714286,0.3767728869047619,-0.0140003639194139,0.2069244529629629,0.1078721147953888,1.5666666666666669,0.3489018219444444,-0.0009718340353479,53.01697901544637,-0.0140957921152995,-0.0051950441166956,0.4413569901177274,-0.0306509567843941,33.42828440216505,34.40412475911119,0.0,0.763497,0.0,0.0,0.451494,0.0,0.6666665,0.737553,0.158519,0.0,0.333333,0.0,0.0,0.0,0.333333,0.0,0.20990925,0.0,0.0,0.15567,0.0,0.2757395,0.20990925,0.15567,0.0,0.395809,0.0,0.0,0.0,0.395809,0.0,0.494942008878,0.0,0.0,0.07028407098,0.0,0.287606201397,0.6963260761560001,0.0246766527299999,0.0,0.131936201397,0.0,0.0,0.0,0.131936201397,0.132528575,0.5301143,0.6,2
2025-05-31,0.172722,0.1277027051250285,1,0.172722,0.172722,0.753462,0.753462,0.152822,0.0490086741599552,1,1,bullish,-0.03718725,0.0983378502819757,0.130139463564,0.1295760833333333,0.108540480495854,1.6666666666666667,0.6320376944444446,0.0833125,0.1625818571428571,0.0983378502819757,1.4285714285714286,0.5197680833333334,0.0054327053571428,0.2019510416666667,0.1089735751924576,1.4285714285714286,0.4086656726190476,-0.0110676741758241,0.2075348196296296,0.1076162354731583,1.5666666666666669,0.3655843219444444,-0.0015546567667779,43.530077636932546,-0.0139715328161522,-0.0069503418565869,0.4409126215076204,-0.031778513174287,-0.1771587007242415,-33.60544310288929,0.0,0.891286,0.0,0.0,0.158519,0.0,1.0,0.990999,0.0,0.0,0.0,0.0,0.0,0.0,0.0,0.0,0.172722,0.0,0.0,0.172722,0.0,0.172722,0.172722,0.0,0.0,0.0,0.0,0.0,0.0,0.0,0.0,0.153944700492,0.0,0.0,0.0273797187179999,0.0,0.172722,0.171167329278,0.0,0.0,0.0,0.0,0.0,0.0,0.0,0.1209053999999999,0.1209053999999999,0.7,1
2025-06-01,-0.016793,0.1277027051250285,1,-0.016793,-0.016793,0.095138,0.095138,0.213458,0.0490086741599552,1,1,neutral,-0.189515,0.1121644258542927,-0.001597652434,0.1219460833333333,0.1215817536630019,1.3333333333333333,0.4208309166666668,-0.113351125,0.1539765714285714,0.1121644258542927,1.4285714285714286,0.4454360833333333,-0.0308057232142857,0.176042880952381,0.1150593147928173,1.3571428571428572,0.3736489583333333,-0.0125712333333333,0.1992260946296296,0.1149942415990551,1.5333333333333334,0.3553592386111111,-0.0028299748819676,37.59251443306969,-0.0288329624793525,-0.01132686598114,0.4464796427957761,-0.0636969344624427,-1.0972255995183011,-0.9200668987940596,0.972193,0.0,0.0,0.0,0.0,0.0,0.0,0.451494,0.310843,0.0,0.0,0.0,0.0,0.0,0.0,-0.016793,0.0,0.0,0.0,0.0,0.0,0.0,-0.016793,-0.016793,0.0,0.0,0.0,0.0,0.0,0.0,-0.016326037049,0.0,0.0,0.0,0.0,0.0,0.0,-0.0075819387419999,-0.0052199864989999,0.0,0.0,0.0,0.0,0.0,0.0,-0.0117551,-0.0117551,0.7,1
2025-06-02,0.2312725,0.2169113690900041,2,0.077893,0.384652,0.237908,0.475816,0.1949834999999999,0.0844518841974529,2,2,bullish,0.2480655,0.1143490000336138,0.05502157793,0.1290671666666666,0.1296666164731053,1.3333333333333333,0.3621693333333334,0.02927525,0.1572875,0.1143490000336138,1.5714285714285714,0.4394115119047619,-0.0147926696428571,0.1752306309523809,0.1145921739268233,1.4285714285714286,0.3829296726190476,-0.0087976029304029,0.2003943816666667,0.1151406343155664,1.5333333333333334,0.3531610386111111,-0.0026439287467556,49.64607035330198,-0.0203592536621837,-0.0131333435173488,0.4502524739012822,-0.0558320155679488,-14.771958554159472,-13.67473295464117,0.0,0.999162,0.0,0.0,0.0,0.0,0.25,0.9901435,0.451494,0.25,0.333333,0.0,0.0,0.2916665,0.2916665,0.0,0.077893,0.0,0.0,0.0,0.0,0.384652,0.2312725,0.077893,0.384652,0.077893,0.0,0.0,0.2312725,0.2312725,0.0,0.077827725666,0.0,0.0,0.0,0.0,0.096163,0.4551571470889999,0.035168222142,0.096163,0.025964307369,0.0,0.0,0.122127307369,0.122127307369,0.12342555,0.2468511,0.6,2
2025-06-03,0.2701934,0.1851917255287071,5,0.116199,0.535659,0.4465478,2.232739,0.2564014,0.068067884213482,5,3,bullish,0.0389209,0.1178581157699478,0.12065426834452,0.1615576333333333,0.1556772957820226,2.0,0.2598646000000001,0.1434932,0.16082345,0.1178581157699478,1.7142857142857142,0.4589885547619047,0.0098978553571428,0.17886685,0.1168824773259349,1.5714285714285714,0.3907265869047619,-0.0046319951648351,0.2035987216666666,0.1157187646742658,1.5333333333333334,0.3572992086111111,-0.0023752068557656,51.569242690373535,-0.0103834929627083,-0.0125833734064207,0.4510355658625975,-0.0322433675292641,0.1682902204109873,14.94024877457046,0.0,0.8233881999999999,0.0,0.0,0.158519,0.0,0.6666665,0.6976114,0.451494,0.0,0.333333,0.0,0.0,0.0,0.333333,0.0,0.2701934,0.0,0.0,0.125382,0.0,0.3305205,0.2701934,0.116199,0.0,0.125382,0.0,0.0,0.0,0.125382,0.0,1.181308683671,0.0,0.0,0.019875429258,0.0,0.577452958206,0.6728635882239999,0.052463151306,0.0,0.0417939582059999,0.0,0.0,0.0,0.0417939582059999,0.14011198,0.7005599,0.54,3
2025-06-04,0.261572,0.2743107620528221,2,0.067605,0.455539,0.395349,0.790698,0.2104825,0.0369343085017169,2,1,bullish,-0.0086214,0.119095115161978,0.103412228628,0.2543459666666666,0.0204418879388206,2.0,0.3599349333333335,0.01514975,0.1621390214285714,0.119095115161978,1.7142857142857142,0.4387222690476191,0.0337694214285714,0.1815229928571428,0.1184090215727261,1.5714285714285714,0.4075301583333333,-0.0007683595604395,0.2073700716666666,0.1157024913545773,1.4666666666666666,0.3625126252777778,-0.0023816493029291,51.14379868011305,-0.0031371425695835,-0.0106941272390532,0.4247318760101561,-0.0213565776768228,-0.0319082553459855,-0.2001984757569728,0.0,0.8847335000000001,0.0,0.0,0.0,0.0,0.75,0.214378,0.0,0.0,0.0,0.0,0.5,0.0,0.0,0.0,0.261572,0.0,0.0,0.0,0.0,0.261572,0.067605,0.0,0.0,0.0,0.0,0.455539,0.0,0.0,0.0,0.418280073709,0.0,0.0,0.0,0.0,0.2953745,0.01449302469,0.0,0.0,0.0,0.0,0.2277695,0.0,0.0,0.130786,0.261572,0.5,1
2025-06-05,0.2162561,0.1918098085572441,10,-0.061824,0.580685,0.3052728,3.052728,0.2237455,0.0914423858639963,10,3,bullish,-0.0453159,0.0977853728480089,0.06601710516408,0.2493405,0.0289743900196357,2.3333333333333335,0.3823898666666668,-0.02696865,0.19216175,0.0977853728480089,1.8571428571428572,0.3782243357142857,0.0172759624999999,0.1734349642857143,0.1111706324007161,1.7142857142857142,0.4009463583333333,0.0051019986813186,0.2072076583333333,0.1156859310241246,1.5,0.3633815352777778,-0.0022294343752317,46.38411132422003,-0.0010389948275547,-0.0087631007567535,0.4263124655726083,-0.0134988072392749,-0.1732444604162525,-0.141336205070267,0.6507605,0.73532,0.158519,0.0,0.2600683333333333,0.5833333333333334,0.5833333333333334,0.5913713333333334,0.0,0.0,0.25,0.451494,0.0,0.375,0.3333333333333333,0.2886635,0.1757639999999999,0.188225,0.0,0.2219136666666666,0.3014736666666667,0.3102031666666666,0.1970509999999999,0.0,0.0,0.088414,0.188225,0.0,0.25421625,0.2459059999999999,0.4439832148309999,1.082662313131,0.029837238775,0.0,0.1934733555269999,0.40115175,1.15206575,0.981367965009,0.0,0.0,0.0221035,0.08498245815,0.0,0.34115775,0.20158425,0.1181894899999999,1.1818949,0.5599999999999999,3
2025-06-06,0.144088,0.0809227859196654,3,0.061147,0.222829,0.1390716666666666,0.417215,0.3021203333333333,0.0541557929157475,3,2,neutral,-0.0721681,0.0989520649746197,0.0200385583066666,0.2073053666666666,0.0592512386740001,2.0,0.2798978222222223,-0.0587419999999999,0.1827587142857143,0.0989520649746197,1.8571428571428572,0.3389641809523809,0.0146605607142856,0.1615399285714285,0.1040439475212919,1.7142857142857142,0.3929714416666667,0.0087860481318681,0.197068425,0.1068200439975828,1.5333333333333334,0.3524342741666667,-0.0009741935520949,44.85718501564921,-0.0051403053640528,-0.0080385416782134,0.4090993556903499,-0.0157089973570165,-0.3337159044299791,-0.1604714440137266,0.310843,0.999336,0.158519,0.0,0.310843,1.0,0.0,0.8039683333333333,0.0,0.0,0.0,0.451494,0.0,0.5,0.5,0.222829,0.222829,0.222829,0.0,0.222829,0.222829,0.0,0.144088,0.0,0.0,0.0,0.222829,0.0,0.061147,0.061147,0.069264834847,0.222681041544,0.035322630251,0.0,0.069264834847,0.222829,0.0,0.344934894646,0.0,0.0,0.0,0.100605956526,0.0,0.0305735,0.0305735,0.072044,0.216132,0.5,2
2025-06-09,0.1772766666666666,0.0415003067016779,3,0.132668,0.214741,0.2037816666666666,0.611345,0.2868846666666667,0.1036756257002258,3,2,bullish,0.0331886666666666,0.0988900236113455,0.0361257345944444,0.1792069222222222,0.0361227501622569,2.3333333333333335,0.2160420444444446,-0.0194897166666666,0.1834093809523809,0.0988900236113455,2.0,0.260438419047619,0.0126393821428571,0.1729956190476191,0.0953599123667496,1.7142857142857142,0.3901032511904762,0.004467221025641,0.1957962305555555,0.1068209402328068,1.5666666666666669,0.3491196463888889,-0.000975164556915,55.902704569059104,-0.0056474751372925,-0.0075603283700292,0.3887809088278515,-0.0122550088278515,0.2303360909074085,0.5640519953373877,0.6554215,0.857083,0.0,0.0,0.0,0.0,1.0,0.796627,0.158519,0.0,0.0,0.0,0.0,0.0,0.0,0.199581,0.1585445,0.0,0.0,0.0,0.0,0.199581,0.214741,0.214741,0.0,0.0,0.0,0.0,0.0,0.0,0.2720669769029999,0.264391406575,0.0,0.0,0.0,0.0,0.399162,0.1710684786069999,0.0340405285789999,0.0,0.0,0.0,0.0,0.0,0.0,0.1029544,0.3088632,0.5666666666666667,2
2025-06-10,0.1953333333333333,0.0899486838428815,6,0.057309,0.285975,0.3327231666666667,1.996339,0.2286213333333333,0.0429805780587775,6,3,bullish,0.0180566666666666,0.045292350386926,0.0649919252222222,0.1722326666666666,0.0259923546280657,2.3333333333333335,0.2251921666666668,0.0256226666666666,0.2137131428571428,0.045292350386926,2.2857142857142856,0.2943791571428572,-0.0146833916666667,0.1838448571428571,0.0878298772829149,1.8571428571428572,0.3699076202380952,0.0008345089377289,0.1978547361111111,0.1061736846967553,1.6,0.3554153297222222,-0.0014072410863922,55.62537821504547,-0.0045400539452191,-0.0069562734850672,0.3848241013213924,-0.0130292679880591,0.1018558561946487,-0.1284802347127598,0.9594085,0.8774930000000001,0.0,0.0,0.310843,0.0,1.0,0.6187913333333334,0.0,0.0,0.0,0.0,0.0,0.5,0.5,0.20758,0.2463765,0.0,0.0,0.285975,0.0,0.20758,0.1953333333333333,0.0,0.0,0.0,0.0,0.0,0.234904,0.234904,0.3934052879549999,0.867387295578,0.0,0.0,0.0888933269249999,0.0,0.41516,0.681675410166,0.0,0.0,0.0,0.0,0.0,0.117452,0.117452,0.1054967999999999,0.6329807999999999,0.5333333333333333,3
2025-06-11,0.2269305,0.0137907035534812,2,0.217179,0.236682,0.24009,0.48018,0.367579,0.1065680629926245,2,2,bullish,0.0315971666666666,0.0450408263827247,0.054483743745,0.1998468333333333,0.0251327386661524,2.3333333333333335,0.2588649444444446,0.0248269166666666,0.2130928571428571,0.0450408263827247,2.2857142857142856,0.2946908714285715,-0.0107587666666667,0.1851901785714285,0.0883724860158165,1.9285714285714288,0.3670511916666666,0.0028650155311355,0.1995303944444444,0.1062243345737489,1.5666666666666669,0.3543834588888889,-0.0013658209343715,50.77382011793438,-0.0011001062450164,-0.005785040037057,0.3855055720414321,-0.012946322041432,0.1617602389078498,0.059904382713201,0.928139,0.990678,0.0,0.0,0.310843,0.0,1.0,0.7805305,0.0,0.0,0.0,0.0,0.0,0.0,0.0,0.236682,0.236682,0.0,0.0,0.236682,0.0,0.2269305,0.2269305,0.0,0.0,0.0,0.0,0.0,0.0,0.0,0.219673794798,0.234475650396,0.0,0.0,0.073570942926,0.0,0.453861,0.356122876239,0.0,0.0,0.0,0.0,0.0,0.0,0.0,0.11346525,0.2269305,0.5,2
2025-06-12,0.366576,0.4392137202797745,2,0.056005,0.677147,0.345991,0.691982,0.3288615,0.0976691241513918,2,2,bullish,0.1396455,0.0720434740074068,0.126831996816,0.2629466111111111,0.091125643572233,2.3333333333333335,0.3062680555555557,0.0856213333333333,0.2268618,0.0720434740074068,2.142857142857143,0.2803256142857143,0.0138430761904761,0.193842625,0.0999032256532133,1.9285714285714288,0.3696570845238095,0.0100337831135531,0.2054682194444444,0.1104767412957369,1.5666666666666669,0.3581047172222222,-0.0003645842083796,54.59091730646882,0.0127473574752765,-0.0020785605345903,0.4079024947693891,-0.0211242447693891,0.6153668193565871,0.4536065804487372,0.682689,0.473333,0.0,0.0,0.0,0.0,0.0,0.108179,0.0,0.0,0.0,0.0,0.0,0.0,1.0,0.056005,0.366576,0.0,0.0,0.0,0.0,0.0,0.056005,0.0,0.0,0.0,0.0,0.0,0.0,0.366576,0.038233997445,0.573837521484,0.0,0.0,0.0,0.0,0.0,0.006058564895,0.0,0.0,0.0,0.0,0.0,0.0,0.733152,0.1888885,0.377777,0.6,2
2025-06-13,0.4320259999999999,0.2298507160789367,2,0.269497,0.594555,0.7777505,1.555501,0.2494825,0.0588885598439968,2,2,bullish,0.0654499999999999,0.106362956864416,0.3360084375129999,0.3418441666666666,0.1047606257860425,2.0,0.4546105000000001,0.10254775,0.2512123714285714,0.106362956864416,2.2857142857142856,0.3349544,0.0407835547619047,0.2066756964285714,0.1179144299159018,2.0,0.3868383345238095,0.0187682655311355,0.2116450527777777,0.1178002749511298,1.6,0.3574212338888889,0.0013815808268446,56.5198743252246,0.0286723232008077,0.0040716162124892,0.4308835644933445,-0.0338515644933446,0.1785441490986861,-0.436822670257901,0.0,0.2346809999999999,0.0,0.0,0.0,0.0,0.0,0.929393,0.0,0.0,0.0,0.0,0.0,0.0,0.0,0.0,0.4320259999999999,0.0,0.0,0.0,0.0,0.0,0.269497,0.0,0.0,0.0,0.0,0.0,0.0,0.0,0.0,0.2275336548079999,0.0,0.0,0.0,0.0,0.0,0.250468625321,0.0,0.0,0.0,0.0,0.0,0.0,0.0,0.2160129999999999,0.4320259999999999,0.5,2
2025-06-14,0.056344,0.2298507160789367,1,0.056344,0.056344,0.220308,0.220308,0.166739,0.0588885598439968,1,1,neutral,-0.3756819999999999,0.1297286187607833,0.012413033952,0.2849819999999999,0.2006923688334958,1.6666666666666667,0.4480165000000002,-0.155116,0.2283677857142856,0.1297286187607833,2.0,0.3228165714285714,0.0149110476190476,0.2102647678571428,0.1119536413635069,1.9285714285714288,0.3505204535714285,0.0078605897069597,0.2096933527777778,0.1199243739961916,1.6,0.3572141338888889,-0.000287603192436,51.66686979918012,0.0108534654044144,0.0054279860508742,0.42016047357912,-0.04855592357912,-0.8695819233101711,-1.0481260724088572,0.0,0.576289,0.0,0.0,0.0,0.0,0.333333,0.998356,0.0,0.0,0.333333,0.0,0.0,0.333333,0.0,0.0,0.056344,0.0,0.0,0.0,0.0,0.056344,0.056344,0.0,0.0,0.056344,0.0,0.0,0.056344,0.0,0.0,0.032470427416,0.0,0.0,0.0,0.0,0.0187813145519999,0.056251370464,0.0,0.0,0.0187813145519999,0.0,0.0,0.0187813145519999,0.0,0.0394408,0.0394408,0.7,1
2025-06-15,0.718549,0.2298507160789367,1,0.718549,0.718549,0.776097,0.776097,0.371729,0.0588885598439968,1,1,bullish,0.662205,0.2187113750097423,0.5576637232530001,0.4023063333333332,0.3321013541772047,1.3333333333333333,0.5913851666666669,0.1432615,0.3104336428571428,0.2187113750097423,1.8571428571428572,0.4138201904761905,0.055390494047619,0.2465961785714286,0.1760266951298491,1.8571428571428572,0.3763921857142857,0.0223712759706959,0.2327624527777777,0.1469780395254649,1.6,0.3767284672222222,0.0017317685168705,62.93841118399825,0.0495946027519675,0.0142613093910929,0.5425784819309425,-0.1008087319309424,11.752892943348003,12.622474866658177,0.0,0.818451,0.0,0.0,0.0,0.0,0.0,0.929393,0.451494,0.0,0.0,0.0,0.0,0.0,0.0,0.0,0.718549,0.0,0.0,0.0,0.0,0.0,0.718549,0.718549,0.0,0.0,0.0,0.0,0.0,0.0,0.0,0.588097147599,0.0,0.0,0.0,0.0,0.0,0.667814410757,0.324420562206,0.0,0.0,0.0,0.0,0.0,0.0,0.5029842999999999,0.5029842999999999,0.7,1
2025-06-16,0.4617336666666666,0.030545851704173,3,0.429334,0.490006,0.5984153333333333,1.795246,0.2769326666666666,0.0148867012576102,3,2,bullish,-0.2568153333333333,0.2162596866473704,0.2763085060495555,0.4122088888888888,0.3338688263625455,1.3333333333333333,0.5316067777777779,0.2026948333333333,0.3510703571428571,0.2162596866473704,1.8571428571428572,0.4701964285714286,0.0525787857142856,0.267239869047619,0.1834856194977247,1.9285714285714288,0.3653174238095238,0.0260826488644688,0.2342955416666666,0.149175889724719,1.6333333333333333,0.377436545,0.0044709231701891,56.6127913465287,0.0588954728097734,0.023188142074829,0.5692574323329028,-0.0856587156662361,-0.35740823984632,-12.110301183194323,0.990678,0.8571106666666667,0.0,0.0,0.0,0.0,0.0,0.5397346666666666,0.0,0.0,0.0,0.0,0.0,1.0,1.0,0.465861,0.4617336666666666,0.0,0.0,0.0,0.0,0.0,0.4617336666666666,0.0,0.0,0.0,0.0,0.0,0.429334,0.490006,0.461518243758,1.183758466374,0.0,0.0,0.0,0.0,0.0,0.7214041181869999,0.0,0.0,0.0,0.0,0.0,0.429334,0.490006,0.2921561666666666,0.8764685,0.6333333333333333,2
2025-06-17,0.2605074285714285,0.1851395368416816,7,-0.012837,0.423088,0.5332072857142858,3.732451,0.279743,0.0984224028139258,7,2,bullish,-0.2012262380952381,0.2097420347727057,0.1389044588969796,0.480263365079365,0.2295823002359671,1.6666666666666667,0.6359065396825399,-0.2290207857142856,0.3603809421768707,0.2097420347727057,1.7142857142857142,0.4988370170068027,0.0206274685374149,0.2870470425170068,0.1644451652060821,2.0,0.3966080870748299,0.0165265724646781,0.238916705952381,0.1477133062103914,1.6666666666666667,0.3891977878571428,0.0038647007961226,56.31100780464752,0.0494590710294696,0.0284423278657571,0.5715810782780786,-0.0827412187542691,-0.4358058608719704,-0.0783976210256504,0.91521775,0.7487336666666667,0.0,0.0,0.682689,0.0,1.0,0.449605,0.0,0.0,0.0,0.0,0.0,0.5,0.8333333333333334,0.27730475,0.2401276666666666,0.0,0.0,0.369656,0.0,0.1784095,0.3060648333333333,0.0,0.0,0.0,0.0,0.0,0.331547,0.2202863333333333,1.020130894561,1.188537462549,0.0,0.0,0.252360084984,0.0,0.356819,0.862084579085,0.0,0.0,0.0,0.0,0.0,0.1657735,0.4950854999999999,0.1302537142857142,0.911776,0.5,2
2025-06-18,0.185759,0.1353866357156422,6,-0.019493,0.313254,0.314862,1.889172,0.1839353333333333,0.0751950465380976,6,2,bullish,-0.0747484285714285,0.2146283504949492,0.058488450258,0.3026666984126984,0.142735970188338,2.0,0.4821615396825398,-0.1379873333333333,0.3544992993197278,0.2146283504949492,1.7142857142857142,0.509518731292517,-0.0171463741496598,0.2837960782312925,0.166074419341833,2.0,0.4021048013605442,0.0117939072108843,0.2338313059523809,0.1467963747260663,1.7,0.3894610878571428,0.0042072947099952,48.87545534873201,0.0355394052728641,0.0298617433471785,0.5696447886583949,-0.0867732041345852,-0.286933961850279,0.1488718990216914,0.5792595,0.67367875,0.0,0.0,0.0,0.5,0.75,0.5296396,0.158519,0.0,0.5,0.0,0.0,0.5,0.75,0.194104,0.26477325,0.0,0.0,0.0,0.313254,0.1276875,0.1630851999999999,0.074954,0.0,0.194104,0.0,0.0,0.274868,0.187041,0.124610710826,0.669326830663,0.0,0.0,0.0,0.156627,0.117941,0.3992464737589999,0.011881633126,0.0,0.194104,0.0,0.0,0.137434,0.336605,0.1020417666666666,0.6122506,0.5333333333333333,2
2025-06-20,0.243046,0.1247841450120967,6,0.10524,0.414514,0.282888,1.697328,0.2066143333333333,0.1104442264560111,6,3,bullish,0.057287,0.2185131623380636,0.068754796848,0.2297708095238095,0.0391024923132635,2.3333333333333335,0.3769857619047621,-0.0087307142857142,0.336852156462585,0.2185131623380636,1.8571428571428572,0.5005040170068027,-0.027362556122449,0.2818569782312925,0.1664036243073087,2.0,0.3904148156462585,0.0101811793197278,0.2304021309523809,0.1452814238241894,1.7333333333333334,0.3793782878571428,0.0050397784458922,49.33527664982997,0.0287985797198846,0.0296491106217197,0.5691400806848741,-0.0872001961610645,0.3083942097018179,0.5953281715520969,0.679866,0.5340233999999999,0.0,0.0,0.2561773333333333,0.333333,0.625,0.6028504,0.158519,0.0,0.2916665,0.0,0.0,0.2916665,0.25,0.1462913333333333,0.2703018,0.0,0.0,0.2088403333333333,0.226867,0.1827065,0.2703018,0.10524,0.0,0.1660535,0.0,0.0,0.1660535,0.10524,0.2352871262599999,0.6035756342559999,0.0,0.0,0.130148171399,0.075622257711,0.286483,0.739391580644,0.01668253956,0.0,0.101932257711,0.0,0.0,0.101932257711,0.02631,0.1424070333333333,0.8544421999999999,0.6,3
2025-06-21,0.289301,0.1247841450120967,1,0.289301,0.289301,0.557344,0.557344,0.322313,0.1104442264560111,1,1,bullish,0.0462549999999999,0.2147793456370044,0.1612401765439999,0.2393686666666666,0.0518688589264629,2.0,0.3850313333333335,0.051771,0.3164628707482993,0.2147793456370044,1.7142857142857142,0.4690173741496599,-0.0188610595238095,0.2838376210884354,0.166308603840147,2.0,0.4019858870748299,0.0097251301098901,0.2319573642857143,0.1456662129237422,1.7333333333333334,0.3943571545238095,0.0055041978325123,50.66667756598375,0.0268789746055962,0.029095083418495,0.5645318248617373,-0.0542715403379277,0.1903137677641269,-0.118080441937691,0.999682,0.99237,0.0,0.0,0.0,0.0,0.5,0.980922,0.0,0.0,0.0,0.0,0.0,0.5,0.0,0.289301,0.289301,0.0,0.0,0.0,0.0,0.289301,0.289301,0.0,0.0,0.0,0.0,0.0,0.289301,0.0,0.2892090022819999,0.28709363337,0.0,0.0,0.0,0.0,0.1446505,0.283781715522,0.0,0.0,0.0,0.0,0.0,0.1446505,0.0,0.2025106999999999,0.2025106999999999,0.7,1
2025-06-22,0.14692,0.1215191287740329,2,0.060993,0.232847,0.3160024999999999,0.6320049999999999,0.2356275,0.0321811367185809,2,1,neutral,-0.1423809999999999,0.1986168674833859,0.0464270872999999,0.2264223333333332,0.0726315841100366,1.6666666666666667,0.3854115000000002,-0.0480629999999999,0.3294022993197279,0.1986168674833859,1.7142857142857142,0.4826880170068027,-0.0741862057823129,0.2788850425170068,0.1694781476122806,1.8571428571428572,0.4027522942176871,0.0035852358451072,0.2295451531746031,0.1464801925487836,1.7333333333333334,0.3936442045238095,0.004868183255469,48.40731598997219,0.0137106692936053,0.0260182005935171,0.5645862928002864,-0.0606249332764768,-0.4921552293286231,-0.68246899709275,0.99489,0.537347,0.0,0.0,0.158519,0.2,0.2,0.704791,0.0,0.0,0.2,0.0,0.0,0.6,0.2,0.232847,0.14692,0.0,0.0,0.060993,0.060993,0.060993,0.14692,0.0,0.0,0.060993,0.0,0.0,0.14692,0.060993,0.23165715183,0.1883348852079999,0.0,0.0,0.009668549367,0.0121986,0.0121986,0.157046403312,0.0,0.0,0.0121986,0.0,0.0,0.2450456,0.0121986,0.1028439999999999,0.2056879999999999,0.7,1
2025-06-23,0.2034225,0.0850302975444635,2,0.143297,0.263548,0.606201,1.212402,0.18405,0.0375049436741344,2,1,bullish,0.0565025,0.1026481156735838,0.1233149229225,0.2132144999999999,0.0716937914902678,1.0,0.4931825000000001,-0.0429392499999999,0.2558127993197279,0.1026481156735838,1.7142857142857142,0.4584171598639455,-0.0320916556122449,0.2831232210884354,0.1665648026307624,1.7857142857142858,0.4361186751700679,-0.0030146953427524,0.2288463698412698,0.1465556366835295,1.7333333333333334,0.4085142711904762,0.0046640696424598,51.37282248990706,0.0077446958223047,0.0223634996392746,0.5647812409740839,-0.0577498314502743,0.3845800435611217,0.8767352728897448,0.99489,0.6554215,0.0,0.0,0.0,0.0,1.0,0.5855,0.0,0.0,0.0,0.0,0.0,0.0,0.0,0.263548,0.2034225,0.0,0.0,0.0,0.0,0.263548,0.143297,0.0,0.0,0.0,0.0,0.0,0.0,0.0,0.26220126972,0.225219050964,0.0,0.0,0.0,0.0,0.263548,0.0839003935,0.0,0.0,0.0,0.0,0.0,0.0,0.0,0.10171125,0.2034225,0.5,1
2025-06-24,0.305993,0.0492359134372462,7,0.228145,0.382881,0.4271065714285714,2.989746,0.2254738571428571,0.0700692111758761,7,3,bullish,0.1025705,0.0575462721936447,0.1306916211111428,0.2187784999999999,0.080640621799748,1.6666666666666667,0.4497700238095239,0.0795365,0.2335641326530612,0.0575462721936447,1.8571428571428572,0.4339444795918367,0.0027020612244897,0.2923172448979592,0.1638024015630476,1.8571428571428572,0.4520704540816326,-0.0058507199372056,0.2280631865079365,0.146061211491158,1.8,0.4095029569047618,0.0058558734932994,52.88546997153155,0.0111645033028944,0.0201237003719986,0.5542367448332115,-0.0149267353094019,0.5042239673585764,0.1196439237974547,0.8584674,0.7011201666666667,0.0,0.0,0.310843,0.0,0.875,0.3904542,0.0,0.0,0.0,0.0,0.0,1.0,0.75,0.3135034,0.3189676666666667,0.0,0.0,0.341984,0.0,0.2970005,0.3069701999999999,0.0,0.0,0.0,0.0,0.0,0.306013,0.342264,1.298090142509,1.348948317959,0.0,0.0,0.212606665024,0.0,0.9965615,0.555157525219,0.0,0.0,0.0,0.0,0.0,0.306013,0.4930875,0.1725544428571428,1.2078811,0.5571428571428572,3
2025-06-25,0.13109725,0.0875882778130155,4,0.04472,0.253016,0.1462075,0.58483,0.22062575,0.0739445592741616,4,2,neutral,-0.17489575,0.0673925487304336,0.0191674011793749,0.2135042499999999,0.0878826609992693,2.0,0.3931716904761906,-0.0361626249999999,0.2150769642857143,0.0673925487304336,1.8571428571428572,0.3786587959183673,-0.0044274910714285,0.2877289532312925,0.1675840137451959,1.7857142857142858,0.438747906462585,-0.0136542773155416,0.2220791448412698,0.1462396707796787,1.8,0.4060191902380952,0.0057996337957518,48.6546072649424,-0.0002351884902118,0.0160519225995565,0.5555289000691545,-0.0262364155453448,-0.5715678136427957,-1.0757917810013722,0.95019275,0.58259875,0.158519,0.0,0.2346809999999999,0.2,0.55,0.60142275,0.2346809999999999,0.0,0.2,0.0,0.0,0.35,0.35,0.13109725,0.13109725,0.107927,0.0,0.1804715,0.107927,0.13109725,0.13109725,0.0763235,0.0,0.107927,0.0,0.0,0.0763235,0.1133265,0.506659474616,0.369874604675,0.0171084801129999,0.0,0.095756732601,0.0215854,0.3563244,0.216753782708,0.031009379073,0.0,0.0215854,0.0,0.0,0.0439454,0.0809484,0.073180975,0.2927239,0.6,2
2025-06-26,0.141633,0.0875882778130155,1,0.141633,0.141633,0.202932,0.202932,0.336401,0.0739445592741616,1,1,neutral,0.01053575,0.0724647602975343,0.028741867956,0.1929077499999999,0.0980762755853194,2.0,0.2587486904761906,-0.08218,0.20877325,0.0724647602975343,1.7142857142857142,0.3626687959183673,-0.0164847678571428,0.2816362746598639,0.1714699137106399,1.7142857142857142,0.4360937636054421,-0.0198327920198848,0.2262370115079365,0.1419140623860381,1.7666666666666666,0.4046523791269841,0.0038655771349118,48.19758473501818,-0.0083234320677959,0.011176851666086,0.5542216080541345,-0.0377851635303249,0.0803659115656507,0.6519337252084465,0.928139,0.684621,0.0,0.0,0.0,0.0,0.5,0.413559,0.0,0.0,0.0,0.0,0.0,0.0,0.5,0.141633,0.141633,0.0,0.0,0.0,0.0,0.141633,0.141633,0.0,0.0,0.0,0.0,0.0,0.0,0.141633,0.131455110987,0.096964926093,0.0,0.0,0.0,0.0,0.0708165,0.058573601847,0.0,0.0,0.0,0.0,0.0,0.0,0.0708165,0.0708165,0.0708165,0.5,1
2025-06-27,0.2152346666666666,0.2037303772505874,6,0.018339,0.607708,0.3088071666666667,1.852843,0.2848288333333333,0.100569383890758,6,3,bullish,0.0736016666666666,0.0710205154291935,0.0664660075817777,0.1626549722222221,0.0458390522144494,2.0,0.2193155555555557,0.0420687083333333,0.2048002023809524,0.0710205154291935,1.7142857142857142,0.3663715340136054,-0.0108963660714285,0.2708261794217687,0.1704707304855445,1.7857142857142858,0.433437775510204,-0.0189297700941915,0.231963367063492,0.1376868591232753,1.8333333333333333,0.3944305513492063,0.0025339528062927,46.71019438752601,-0.0086941632289852,0.0072026486870717,0.5525189551389753,-0.040716243948499,0.5196646732517611,0.4392987616861104,0.838487,0.5199045,0.0,0.0,0.158519,0.333333,0.52083325,0.9798825,0.3811685,0.0,0.25,0.0,0.361111,0.375,0.5,0.018339,0.2395515,0.0,0.0,0.018339,0.018339,0.23981225,0.14051875,0.1149579999999999,0.0,0.211577,0.0,0.279208,0.2006525,0.189728,0.015377013093,0.6181701715370002,0.0,0.0,0.002907079941,0.006112993887,0.484486243887,0.5472191120109999,0.101226295815,0.0,0.05289425,0.0,0.362861243887,0.14775825,0.094864,0.1256596333333333,0.7539578,0.6333333333333333,3
2025-06-28,0.236778,0.2365781299951455,2,0.069492,0.404064,0.1600375,0.320075,0.268086,0.0455249487863523,2,1,bullish,0.0215433333333333,0.0629173814586874,0.0378933591749999,0.1978818888888888,0.0498896976208887,1.6666666666666667,0.2239255555555557,0.0475725,0.1972969166666666,0.0629173814586874,1.7142857142857142,0.3096134625850339,0.004601369047619,0.256879893707483,0.1641374708435484,1.7142857142857142,0.3893154183673469,-0.0145882954212454,0.2329194337301587,0.137614976587903,1.8333333333333333,0.3904291346825397,0.0024004124227978,45.673173556381954,-0.0071669868652801,0.0043287215766013,0.5531092584607171,-0.0392543572702409,0.1000923023552586,-0.4195723708965024,0.158519,0.999939,0.0,0.0,0.310843,0.0,0.5,0.5921885,0.0,0.0,0.0,0.0,0.0,0.0,0.5,0.069492,0.404064,0.0,0.0,0.069492,0.0,0.404064,0.236778,0.0,0.0,0.0,0.0,0.0,0.0,0.404064,0.0110158023479999,0.404039352096,0.0,0.0,0.021601101756,0.0,0.202032,0.204733320156,0.0,0.0,0.0,0.0,0.0,0.0,0.202032,0.1657445999999999,0.3314891999999999,0.7,1
