date,sentiment_mean,sentiment_std,sentiment_count,sentiment_min,sentiment_max,relevance_mean,relevance_sum,overall_sentiment_mean,overall_sentiment_std,source_count,article_count,sentiment_polarity,sentiment_momentum,sentiment_volatility,weighted_sentiment,sentiment_ma_3d,sentiment_std_3d,article_count_ma_3d,relevance_ma_3d,sentiment_trend_3d,sentiment_ma_7d,sentiment_std_7d,article_count_ma_7d,relevance_ma_7d,sentiment_trend_7d,sentiment_ma_14d,sentiment_std_14d,article_count_ma_14d,relevance_ma_14d,sentiment_trend_14d,sentiment_ma_30d,sentiment_std_30d,article_count_ma_30d,relevance_ma_30d,sentiment_trend_30d,sentiment_rsi,sentiment_macd,sentiment_macd_signal,sentiment_bb_upper,sentiment_bb_lower,sentiment_rate_of_change,sentiment_acceleration,Blockchain_relevance_score,Earnings_relevance_score,Economy - Fiscal_relevance_score,Economy - Macro_relevance_score,Economy - Monetary_relevance_score,Energy & Transportation_relevance_score,Finance_relevance_score,Financial Markets_relevance_score,IPO_relevance_score,Life Sciences_relevance_score,Manufacturing_relevance_score,Mergers & Acquisitions_relevance_score,Real Estate & Construction_relevance_score,Retail & Wholesale_relevance_score,Technology_relevance_score,Blockchain_sentiment_score,Earnings_sentiment_score,Economy - Fiscal_sentiment_score,Economy - Macro_sentiment_score,Economy - Monetary_sentiment_score,Energy & Transportation_sentiment_score,Finance_sentiment_score,Financial Markets_sentiment_score,IPO_sentiment_score,Life Sciences_sentiment_score,Manufacturing_sentiment_score,Mergers & Acquisitions_sentiment_score,Real Estate & Construction_sentiment_score,Retail & Wholesale_sentiment_score,Technology_sentiment_score,Blockchain_weighted_sentiment,Earnings_weighted_sentiment,Economy - Fiscal_weighted_sentiment,Economy - Macro_weighted_sentiment,Economy - Monetary_weighted_sentiment,Energy & Transportation_weighted_sentiment,Finance_weighted_sentiment,Financial Markets_weighted_sentiment,IPO_weighted_sentiment,Life Sciences_weighted_sentiment,Manufacturing_weighted_sentiment,Mergers & Acquisitions_weighted_sentiment,Real Estate & Construction_weighted_sentiment,Retail & Wholesale_weighted_sentiment,Technology_weighted_sentiment,weighted_sentiment_mean,weighted_sentiment_sum,avg_source_weight,unique_sources
2024-01-01,0.16971875,0.19825341135757704,4,0.058098,0.466601,0.22523175,0.900927,0.26183,0.038297589767503644,3,4,bullish,0.0,0.19825341135757704,0.0382260510703125,0.16971875,0.19825341135757704,4.0,0.22523175,0.0,0.16971875,0.19825341135757704,4.0,0.22523175,0.0,0.16971875,0.19825341135757704,4.0,0.22523175,0.0,0.16971875,0.19825341135757704,4.0,0.22523175,0.0,50.0,0.0,0.0,0.5662255727151541,-0.22678807271515408,0.0,0.0,0.0,0.0,0.0,0.0,0.0,0.0,0.0,0.0,0.0,0.0,0.0,0.0,0.0,0.0,0.0,0.0,0.0,0.0,0.0,0.0,0.0,0.0,0.0,0.0,0.0,0.0,0.0,0.0,0.0,0.0,0.0,0.0,0.0,0.0,0.0,0.0,0.0,0.0,0.0,0.0,0.0,0.0,0.0,0.0,0.0,0.0382260510703125,0.15290420428125,0.22523175,3
2024-01-02,0.07103875,0.10474184587315934,4,-0.070391,0.182644,0.15454700000000002,0.6181880000000001,0.1961655,0.09099364060013572,3,4,neutral,-0.09868,0.1514976286153682,0.010978825696250001,0.12037875,0.1514976286153682,4.0,0.18988937500000003,0.0,0.12037875,0.1514976286153682,4.0,0.18988937500000003,0.0,0.12037875,0.1514976286153682,4.0,0.18988937500000003,0.0,0.12037875,0.1514976286153682,4.0,0.18988937500000003,0.0,50.0,0.0,0.0,0.42337400723073637,-0.18261650723073639,-0.5814325170318542,0.0,0.0,0.0,0.0,0.0,0.0,0.0,0.0,0.0,0.0,0.0,0.0,0.0,0.0,0.0,0.0,0.0,0.0,0.0,0.0,0.0,0.0,0.0,0.0,0.0,0.0,0.0,0.0,0.0,0.0,0.0,0.0,0.0,0.0,0.0,0.0,0.0,0.0,0.0,0.0,0.0,0.0,0.0,0.0,0.0,0.0,0.010978825696250001,0.043915302785000006,0.15454700000000002,3
2024-01-03,0.15460446666666666,0.21510463393456636,15,-0.282834,0.597362,0.38241406666666666,5.736211,0.14448386666666665,0.16353222626917416,10,15,bullish,0.08356571666666666,0.17269996372176757,0.05912292282283111,0.13178732222222223,0.17269996372176757,7.666666666666667,0.2540642722222222,0.0,0.13178732222222223,0.17269996372176757,7.666666666666667,0.2540642722222222,0.0,0.13178732222222223,0.17269996372176757,7.666666666666667,0.2540642722222222,0.0,0.13178732222222223,0.17269996372176757,7.666666666666667,0.2540642722222222,0.0,50.0,0.0,0.0,0.4771872496657574,-0.21361260522131292,1.1763399083833352,0.18224571666666667,0.0,0.0,0.0,0.0,0.0,0.0,0.0,0.0,0.0,0.0,0.0,0.0,0.0,0.0,0.0,0.0,0.0,0.0,0.0,0.0,0.0,0.0,0.0,0.0,0.0,0.0,0.0,0.0,0.0,0.0,0.0,0.0,0.0,0.0,0.0,0.0,0.0,0.0,0.0,0.0,0.0,0.0,0.0,0.0,0.0,0.05912292282283111,0.8868438423424666,0.38241406666666666,10
2024-01-04,0.31179973333333333,0.22652600552363794,15,-0.106076,0.604151,0.5086648666666667,7.629973,0.2541289333333333,0.09936312491309458,8,15,bullish,0.15719526666666667,0.1861564741722352,0.1586015697827022,0.17914765,0.1821241617771212,11.333333333333334,0.3485419777777778,0.14208098333333333,0.176790425,0.1861564741722352,9.5,0.31771442083333334,0.0,0.176790425,0.1861564741722352,9.5,0.31771442083333334,0.0,0.176790425,0.1861564741722352,9.5,0.31771442083333334,0.0,50.0,0.0,0.0,0.5491033733444703,-0.19552252334447037,1.0167576012249753,0.07362955,0.0,0.0,0.0,0.0,0.0,0.0,0.0,0.0,0.0,0.0,0.0,0.0,0.0,0.0,0.0,0.0,0.0,0.0,0.0,0.0,0.0,0.0,0.0,0.0,0.0,0.0,0.0,0.0,0.0,0.0,0.0,0.0,0.0,0.0,0.0,0.0,0.0,0.0,0.0,0.0,0.0,0.0,0.0,0.0,0.0,0.1586015697827022,2.379023546740533,0.5086648666666667,8
2024-01-05,0.07459464705882353,0.27651530738865554,17,-0.83962,0.55775,0.29199841176470587,4.963973,0.13503423529411765,0.16866603656468948,10,17,neutral,-0.2372050862745098,0.20422824081551924,0.021781518467325258,0.18033294901960784,0.2393819822822866,15.666666666666666,0.39435911503267973,0.0035558970588235317,0.15635126941176472,0.20422824081551924,11.0,0.3125712190196078,0.0,0.15635126941176472,0.20422824081551924,11.0,0.3125712190196078,0.0,0.15635126941176472,0.20422824081551924,11.0,0.3125712190196078,0.0,50.0,0.0,0.0,0.5648077510428032,-0.25210521221927373,-0.760761029968306,-0.3944003529411765,0.0,0.0,0.0,0.0,0.0,0.0,0.0,0.0,0.0,0.0,0.0,0.0,0.0,0.0,0.0,0.0,0.0,0.0,0.0,0.0,0.0,0.0,0.0,0.0,0.0,0.0,0.0,0.0,0.0,0.0,0.0,0.0,0.0,0.0,0.0,0.0,0.0,0.0,0.0,0.0,0.0,0.0,0.0,0.0,0.0,0.021781518467325258,0.37028581394452936,0.29199841176470587,10
2024-01-06,0.09716749999999999,0.024230428070919432,2,0.080034,0.114301,0.1177595,0.235519,0.157098,0.10311172504618471,1,2,neutral,0.02257285294117646,0.16942364415818773,0.01144239621625,0.16118729346405228,0.17575724699440431,11.333333333333334,0.30614092614379085,-0.05743696666666667,0.14648730784313727,0.17422860535808593,9.5,0.28010259918300656,0.0,0.14648730784313727,0.17422860535808593,9.5,0.28010259918300656,0.0,0.14648730784313727,0.17422860535808593,9.5,0.28010259918300656,0.0,50.0,0.0,0.0,0.4949445185593091,-0.2019699028730346,0.3026068736993428,0.25977793921568626,0.0,0.0,0.0,0.0,0.0,0.0,0.0,0.0,0.0,0.0,0.0,0.0,0.0,0.0,0.0,0.0,0.0,0.0,0.0,0.0,0.0,0.0,0.0,0.0,0.0,0.0,0.0,0.0,0.0,0.0,0.0,0.0,0.0,0.0,0.0,0.0,0.0,0.0,0.0,0.0,0.0,0.0,0.0,0.0,0.0,0.01144239621625,0.0228847924325,0.1177595,1
2024-01-07,0.11766700000000001,0.026654351445870906,3,0.098082,0.148021,0.06357933333333333,0.190738,0.22969266666666666,0.04937119020576,3,3,neutral,0.020499500000000018,0.15380614527273004,0.007481189415333334,0.09647638235294116,0.10913336230181529,7.333333333333333,0.1577790816993464,-0.1941327333333333,0.14237012100840335,0.15314656908491237,8.571428571428571,0.24917070406162464,0.0,0.14237012100840335,0.15314656908491237,8.571428571428571,0.24917070406162464,0.0,0.14237012100840335,0.15314656908491237,8.571428571428571,0.24917070406162464,0.0,50.0,0.0,0.0,0.4486632591782281,-0.16392301716142138,0.21097074639154068,-0.002073352941176443,0.0,0.0,0.0,0.0,0.0,0.0,0.0,0.0,0.0,0.0,0.0,0.0,0.0,0.0,0.0,0.0,0.0,0.0,0.0,0.0,0.0,0.0,0.0,0.0,0.0,0.0,0.0,0.0,0.0,0.0,0.0,0.0,0.0,0.0,0.0,0.0,0.0,0.0,0.0,0.0,0.0,0.0,0.0,0.0,0.0,0.007481189415333334,0.022443568246000002,0.06357933333333333,3
2024-01-08,0.215543875,0.159272335713248,8,-0.099994,0.370763,0.46025875,3.68207,0.22442087500000002,0.08243767862094806,3,8,bullish,0.09787687499999999,0.14263968562846635,0.09920595447765625,0.14345945833333332,0.07005237174334611,4.333333333333333,0.21386586111111114,0.14094922794117648,0.1489165674369748,0.1475778439928654,9.142857142857142,0.28274598977591037,0.045825124999999994,0.15151684025735293,0.15391228991345432,8.5,0.27555670980392155,0.0,0.15151684025735293,0.15391228991345432,8.5,0.27555670980392155,0.0,50.0,0.0,0.0,0.4593414200842616,-0.1563077395695557,0.8318124452905231,0.07737737499999997,0.0,0.0,0.0,0.0,0.0,0.0,0.0,0.0,0.0,0.0,0.0,0.0,0.0,0.0,0.0,0.0,0.0,0.0,0.0,0.0,0.0,0.0,0.0,0.0,0.0,0.0,0.0,0.0,0.0,0.0,0.0,0.0,0.0,0.0,0.0,0.0,0.0,0.0,0.0,0.0,0.0,0.0,0.0,0.0,0.0,0.09920595447765625,0.79364763582125,0.46025875,3
2024-01-09,0.06007583333333333,0.07797276710856596,6,-0.078127,0.15682,0.1836121666666667,1.1016730000000001,0.25317166666666663,0.08094649755651362,4,6,neutral,-0.15546804166666667,0.11292903794545198,0.011030653922638889,0.13109556944444445,0.08796648475589496,5.666666666666667,0.23581675,-0.03709166666666666,0.14735043648459384,0.14375368988363774,9.428571428571429,0.28689815644257705,-0.01096291666666667,0.1413567283769063,0.1454745651573556,8.222222222222221,0.2653406494553377,0.0,0.1413567283769063,0.1454745651573556,8.222222222222221,0.2653406494553377,0.0,50.0,0.0,0.0,0.43230585869161753,-0.1495924019378049,-0.7212825772324389,-0.25334491666666664,0.0,0.0,0.0,0.0,0.0,0.0,0.0,0.0,0.0,0.0,0.0,0.0,0.0,0.0,0.0,0.0,0.0,0.0,0.0,0.0,0.0,0.0,0.0,0.0,0.0,0.0,0.0,0.0,0.0,0.0,0.0,0.0,0.0,0.0,0.0,0.0,0.0,0.0,0.0,0.0,0.0,0.0,0.0,0.0,0.0,0.011030653922638889,0.06618392353583333,0.1836121666666667,4
2024-01-10,0.11256980000000001,0.11897892970961053,10,-0.136867,0.249228,0.1984575,1.984575,0.19754370000000002,0.11203196033577999,5,10,neutral,0.05249396666666668,0.08142176240964297,0.022340321083500002,0.12939650277777778,0.1187413441771415,8.0,0.2807761388888889,-0.005097199999999996,0.14134548410364145,0.13002144642292976,8.714285714285714,0.2606186469187675,-0.04203466666666665,0.1384780355392157,0.1428250016125811,8.4,0.2586523345098039,0.0,0.1384780355392157,0.1428250016125811,8.4,0.2586523345098039,0.0,50.0,0.0,0.0,0.4241280387643779,-0.1471719676859465,0.8737950645711674,0.20796200833333334,0.0,0.0,0.0,0.0,0.0,0.0,0.0,0.0,0.0,0.0,0.0,0.0,0.0,0.0,0.0,0.0,0.0,0.0,0.0,0.0,0.0,0.0,0.0,0.0,0.0,0.0,0.0,0.0,0.0,0.0,0.0,0.0,0.0,0.0,0.0,0.0,0.0,0.0,0.0,0.0,0.0,0.0,0.0,0.0,0.0,0.022340321083500002,0.22340321083500003,0.1984575,5
2024-01-11,0.198407,0.20466240582888365,7,-0.024056,0.487033,0.3913415714285714,2.739391,0.15076185714285714,0.1059561405353312,5,7,bullish,0.08583719999999999,0.11750815796123582,0.07764490716242857,0.12368421111111112,0.13387136754902004,7.666666666666667,0.257803746031746,-0.017136874999999996,0.12514652219887953,0.12689807503796488,7.571428571428571,0.24385817617046818,-0.11339273333333333,0.1439261232174688,0.14844658381406314,8.272727272727273,0.27071499241151004,0.0,0.1439261232174688,0.14844658381406314,8.272727272727273,0.27071499241151004,0.0,50.0,0.0,0.0,0.4408192908455951,-0.15296704441065748,0.7625242294114405,0.033343233333333305,0.0,0.0,0.0,0.0,0.0,0.0,0.0,0.0,0.0,0.0,0.0,0.0,0.0,0.0,0.0,0.0,0.0,0.0,0.0,0.0,0.0,0.0,0.0,0.0,0.0,0.0,0.0,0.0,0.0,0.0,0.0,0.0,0.0,0.0,0.0,0.0,0.0,0.0,0.0,0.0,0.0,0.0,0.0,0.0,0.0,0.07764490716242857,0.543514350137,0.3913415714285714,5
2024-01-12,0.13490459999999999,0.11704345495285073,5,-0.023947,0.262957,0.22036340000000001,1.101817,0.2304958,0.13286573621780748,4,5,neutral,-0.06350240000000001,0.13558597866263178,0.02972803633164,0.14862713333333333,0.14689493016378163,7.333333333333333,0.27005415714285713,0.07482876666666666,0.13376222976190474,0.10411638183284988,5.857142857142857,0.2336246030612245,0.060309952941176456,0.14317432961601306,0.14582965640896212,8.0,0.2665190263772175,0.0,0.14317432961601306,0.14582965640896212,8.0,0.2665190263772175,0.0,50.0,0.0,0.0,0.4348336424339373,-0.14848498320191117,-0.3200612881601961,-0.14933960000000002,0.0,0.0,0.0,0.0,0.0,0.0,0.0,0.0,0.0,0.0,0.0,0.0,0.0,0.0,0.0,0.0,0.0,0.0,0.0,0.0,0.0,0.0,0.0,0.0,0.0,0.0,0.0,0.0,0.0,0.0,0.0,0.0,0.0,0.0,0.0,0.0,0.0,0.0,0.0,0.0,0.0,0.0,0.0,0.0,0.0,0.02972803633164,0.1486401816582,0.22036340000000001,4
2024-01-13,0.087207,0.0,1,0.087207,0.087207,0.067536,0.067536,0.139222,0.0,1,1,neutral,-0.04769759999999998,0.1296643893999777,0.005889611952,0.14017286666666667,0.16085293039086718,4.333333333333333,0.2264136571428571,-0.025362800000000005,0.13233930119047618,0.11743070745983829,5.714285714285714,0.22644981734693875,-0.009960499999999983,0.1388691504147813,0.14582965640896212,7.461538461538462,0.2512126397328162,0.0,0.1388691504147813,0.14582965640896212,7.461538461538462,0.2512126397328162,0.0,50.0,0.0,0.0,0.43052846323270555,-0.15279016240314294,-0.3535654084441894,0.015804800000000035,0.0,0.0,0.0,0.0,0.0,0.0,0.0,0.0,0.0,0.0,0.0,0.0,0.0,0.0,0.0,0.0,0.0,0.0,0.0,0.0,0.0,0.0,0.0,0.0,0.0,0.0,0.0,0.0,0.0,0.0,0.0,0.0,0.0,0.0,0.0,0.0,0.0,0.0,0.0,0.0,0.0,0.0,0.0,0.0,0.0,0.005889611952,0.005889611952,0.067536,1
2024-01-14,0.116506,0.05971516767120395,2,0.074281,0.158731,0.037334,0.074668,0.225392,0.04880168161037078,2,2,neutral,0.02929899999999999,0.12509998954063722,0.004349635004,0.11287253333333334,0.08837931131202731,2.6666666666666665,0.10841113333333334,-0.081901,0.13217344404761905,0.1229408434973938,5.571428571428571,0.22270048401360548,-0.0011610000000000092,0.1372717825280112,0.13920546496759612,7.071428571428571,0.23593559403761505,0.0,0.1372717825280112,0.13920546496759612,7.071428571428571,0.23593559403761505,0.0,50.0,0.0,0.0,0.41568271246320343,-0.14113914740718103,0.3359707362941047,0.07699659999999997,0.0,0.0,0.0,0.0,0.0,0.0,0.0,0.0,0.0,0.0,0.0,0.0,0.0,0.0,0.0,0.0,0.0,0.0,0.0,0.0,0.0,0.0,0.0,0.0,0.0,0.0,0.0,0.0,0.0,0.0,0.0,0.0,0.0,0.0,0.0,0.0,0.0,0.0,0.0,0.0,0.0,0.0,0.0,0.0,0.0,0.004349635004,0.008699270008,0.037334,2
2024-01-15,0.20261400000000002,0.035971936172522034,2,0.177178,0.22805,0.14159549999999999,0.28319099999999997,0.297951,0.0723483374238828,2,2,bullish,0.08610800000000002,0.1043482411563651,0.028689230637,0.13544233333333336,0.047843551921862966,1.6666666666666667,0.08215516666666665,0.06770940000000003,0.13032631904761904,0.10239077690727282,4.714285714285714,0.177177162585034,-0.01292987499999998,0.13962144324229692,0.1267222745687457,6.928571428571429,0.22996157618047222,0.032895250000000015,0.14162793035947713,0.13183164148223367,6.733333333333333,0.2296462544351074,0.0,50.0,0.0,0.0,0.40529121332394447,-0.12203535260499021,0.7390863989837435,0.056809000000000026,0.0,0.0,0.0,0.0,0.0,0.0,0.0,0.0,0.0,0.0,0.0,0.0,0.0,0.0,0.0,0.0,0.0,0.0,0.0,0.0,0.0,0.0,0.0,0.0,0.0,0.0,0.0,0.0,0.0,0.0,0.0,0.0,0.0,0.0,0.0,0.0,0.0,0.0,0.0,0.0,0.0,0.0,0.0,0.0,0.0,0.028689230637,0.057378461274,0.14159549999999999,2
2024-01-16,0.10811944444444446,0.27149308291746177,9,-0.234266,0.632368,0.3002618888888889,2.702357,0.21890366666666666,0.17096024414684838,4,9,neutral,-0.09449455555555555,0.12105591042850962,0.03246414861450618,0.14241314814814818,0.12239339558706257,4.333333333333333,0.15973046296296295,0.020912444444444456,0.13718969206349207,0.1346441628754221,5.142857142857143,0.19384140861678006,0.048043611111111134,0.14227006427404296,0.13954929280292283,7.285714285714286,0.24036978252967853,0.037080694444444465,0.1395336499897876,0.14114240424458221,6.875,0.2340597315884687,0.0,50.0,0.0,0.0,0.42181845847895205,-0.14275115849937683,-0.46637722741545773,-0.18060255555555557,0.0,0.0,0.0,0.0,0.0,0.0,0.0,0.0,0.0,0.0,0.0,0.0,0.0,0.0,0.0,0.0,0.0,0.0,0.0,0.0,0.0,0.0,0.0,0.0,0.0,0.0,0.0,0.0,0.0,0.0,0.0,0.0,0.0,0.0,0.0,0.0,0.0,0.0,0.0,0.0,0.0,0.0,0.0,0.0,0.0,0.03246414861450618,0.29217733753055564,0.3002618888888889,4
2024-01-17,0.18447008333333334,0.1878288334765838,12,-0.259084,0.392107,0.34615233333333334,4.153828,0.16125275,0.17980231687359768,8,12,bullish,0.07635063888888888,0.13875225505944289,0.06385474977602779,0.16506784259259263,0.1650979508555225,7.666666666666667,0.2626699074074074,0.06796408333333334,0.14746116111111113,0.14611914683658433,5.428571428571429,0.21494067052154195,0.07190028333333333,0.14440332260737626,0.13745115430615493,7.071428571428571,0.23777965872015475,0.029865616666666678,0.14217696959823145,0.14406030607158232,7.176470588235294,0.240653414044049,0.0,50.0,0.0,0.0,0.4302975817413961,-0.1459436425449332,0.706169360018498,0.17084519444444443,0.0,0.0,0.0,0.0,0.0,0.0,0.0,0.0,0.0,0.0,0.0,0.0,0.0,0.0,0.0,0.0,0.0,0.0,0.0,0.0,0.0,0.0,0.0,0.0,0.0,0.0,0.0,0.0,0.0,0.0,0.0,0.0,0.0,0.0,0.0,0.0,0.0,0.0,0.0,0.0,0.0,0.0,0.0,0.0,0.0,0.06385474977602779,0.7662569973123334,0.34615233333333334,8
2024-01-18,0.23094453846153848,0.16968389565680425,13,-0.021858,0.496772,0.3330632307692308,4.329822,0.2075513846153846,0.11403308839947761,7,13,bullish,0.04647445512820514,0.14493858317891517,0.07691913410850888,0.17451135541310545,0.2096686040169499,11.333333333333334,0.32649248433048433,0.028330538461538463,0.15210938089133091,0.14028939514123775,6.285714285714286,0.2066151932844933,0.03253753846153848,0.1386279515451052,0.1330786843163985,6.928571428571429,0.22523668472748073,-0.08085519487179485,0.1471085012017485,0.1455675760471836,7.5,0.24578729275100353,0.0,50.0,0.0,0.0,0.4382436532961157,-0.14402665089261868,0.25193491697093684,-0.02987618376068374,0.0,0.0,0.0,0.0,0.0,0.0,0.0,0.0,0.0,0.0,0.0,0.0,0.0,0.0,0.0,0.0,0.0,0.0,0.0,0.0,0.0,0.0,0.0,0.0,0.0,0.0,0.0,0.0,0.0,0.0,0.0,0.0,0.0,0.0,0.0,0.0,0.0,0.0,0.0,0.0,0.0,0.0,0.0,0.0,0.0,0.07691913410850888,0.9999487434106155,0.3330632307692308,7
2024-01-19,0.09407083333333334,0.1476860908378533,6,-0.121332,0.251301,0.3319148333333333,1.991489,0.2228335,0.09472247403599635,5,6,neutral,-0.13687370512820513,0.16253276781224502,0.031223504967361114,0.16982848504273507,0.16839960665708043,10.333333333333334,0.33704346581196587,-0.014048611111111123,0.14627598565323566,0.14539650112207153,6.428571428571429,0.2225511123321123,-0.040833766666666646,0.14001910770757023,0.1231687445817214,6.142857142857143,0.22808785769666842,0.01947618627450981,0.1443170449981477,0.14568527131333192,7.421052631578948,0.2503203212027051,0.0,50.0,0.0,0.0,0.4356875876248115,-0.14705349762851613,-0.5926691578852821,-0.18334816025641026,0.0,0.0,0.0,0.0,0.0,0.0,0.0,0.0,0.0,0.0,0.0,0.0,0.0,0.0,0.0,0.0,0.0,0.0,0.0,0.0,0.0,0.0,0.0,0.0,0.0,0.0,0.0,0.0,0.0,0.0,0.0,0.0,0.0,0.0,0.0,0.0,0.0,0.0,0.0,0.0,0.0,0.0,0.0,0.0,0.0,0.031223504967361114,0.18734102980416667,0.3319148333333333,5
2024-01-20,-0.028099,0.0,1,-0.028099,-0.028099,0.042234,0.042234,0.050355,0.0,1,1,neutral,-0.12216983333333334,0.19417297572217576,-0.001186733166,0.09897212393162395,0.15868499324732874,6.666666666666667,0.2357373547008547,-0.21256908333333335,0.12980369993894994,0.14539650112207153,6.428571428571429,0.21893654090354092,-0.115306,0.1310715005647131,0.13141360429095492,6.071428571428571,0.22269317912523984,-0.1252665,0.13569624274824033,0.14568527131333192,7.1,0.23991600514256986,0.0,50.0,0.0,0.0,0.42706678537490417,-0.15567429987842352,-1.2987004473579307,0.014703871794871787,0.0,0.0,0.0,0.0,0.0,0.0,0.0,0.0,0.0,0.0,0.0,0.0,0.0,0.0,0.0,0.0,0.0,0.0,0.0,0.0,0.0,0.0,0.0,0.0,0.0,0.0,0.0,0.0,0.0,0.0,0.0,0.0,0.0,0.0,0.0,0.0,0.0,0.0,0.0,0.0,0.0,0.0,0.0,0.0,0.0,-0.001186733166,-0.001186733166,0.042234,1
2024-01-21,0.08258933333333333,0.07385603161782613,3,0.0,0.142295,0.059469666666666664,0.17840899999999998,0.14678666666666668,0.15876555215894073,3,3,neutral,0.11068833333333333,0.1447637128972669,0.004911560123555555,0.0495203888888889,0.1107710612278397,3.3333333333333335,0.14453950000000002,-0.14835520512820516,0.12495846184371184,0.14775331177984188,6.571428571428571,0.22209877899877897,-0.033916666666666664,0.12856595294566545,0.13534707763861784,6.071428571428571,0.22239963150619224,-0.035077666666666674,0.13316734229991142,0.14190478501356846,6.904761904761905,0.23132332235800304,0.0,50.0,0.0,0.0,0.4088883834593763,-0.1462088396295623,-3.9392267814987485,0.23285816666666667,0.0,0.0,0.0,0.0,0.0,0.0,0.0,0.0,0.0,0.0,0.0,0.0,0.0,0.0,0.0,0.0,0.0,0.0,0.0,0.0,0.0,0.0,0.0,0.0,0.0,0.0,0.0,0.0,0.0,0.0,0.0,0.0,0.0,0.0,0.0,0.0,0.0,0.0,0.0,0.0,0.0,0.0,0.0,0.0,0.0,0.004911560123555555,0.014734680370666666,0.059469666666666664,3
2024-01-22,0.15667778571428573,0.28335099640366634,14,-0.636957,0.480478,0.3630285,5.082399,0.172124,0.1510769908602386,9,14,bullish,0.0740884523809524,0.1686442536290375,0.05687850153117857,0.07038937301587304,0.1786035140107462,6.0,0.1549107222222222,0.06260695238095239,0.11839614551718124,0.18898315515169928,8.285714285714286,0.2537320647130647,-0.04593621428571429,0.12436123228240015,0.14568696602948603,6.5,0.21545461364904936,-0.05886608928571427,0.13423599881874662,0.14897709558307334,7.2272727272727275,0.23730992134173015,0.0,50.0,0.0,0.0,0.43301579641514687,-0.16177234901390433,0.8970704737611683,-0.03659988095238094,0.0,0.0,0.0,0.0,0.0,0.0,0.0,0.0,0.0,0.0,0.0,0.0,0.0,0.0,0.0,0.0,0.0,0.0,0.0,0.0,0.0,0.0,0.0,0.0,0.0,0.0,0.0,0.0,0.0,0.0,0.0,0.0,0.0,0.0,0.0,0.0,0.0,0.0,0.0,0.0,0.0,0.0,0.0,0.0,0.0,0.05687850153117857,0.7962990214365,0.3630285,9
2024-01-23,0.17450836666666666,0.17513466126610105,30,-0.161812,0.621095,0.3769437,11.308311,0.14952896666666668,0.12728957099612742,9,30,bullish,0.017830580952380937,0.1700069450313617,0.06577982941228999,0.13792516190476192,0.17744722976253113,15.666666666666666,0.26648062222222224,0.20260736666666668,0.127880277263213,0.17292341820980583,11.285714285714286,0.26468660915750913,0.0663889222222222,0.13253498466335253,0.15378379054261396,8.214285714285714,0.22926400888714463,0.11443253333333334,0.13598697133387358,0.1502226939489318,8.217391304347826,0.24338095519643754,0.0,50.0,0.0,0.0,0.429569883340873,-0.15633604593963038,0.1138041418640956,-0.05625787142857146,0.0,0.0,0.0,0.0,0.0,0.0,0.0,0.0,0.0,0.0,0.0,0.0,0.0,0.0,0.0,0.0,0.0,0.0,0.0,0.0,0.0,0.0,0.0,0.0,0.0,0.0,0.0,0.0,0.0,0.0,0.0,0.0,0.0,0.0,0.0,0.0,0.0,0.0,0.0,0.0,0.0,0.0,0.0,0.0,0.0,0.06577982941228999,1.9733948823686998,0.3769437,9
2024-01-24,0.24132196296296296,0.2070202419921747,27,-0.10551,0.559093,0.3617721111111111,9.767847,0.1883485185185185,0.12389544732753512,9,27,bullish,0.0668135962962963,0.18484048281994206,0.08730355599858848,0.1908360384479718,0.221835299887314,23.666666666666668,0.3672481037037037,0.15873262962962964,0.13600197435316005,0.1761219862957376,13.428571428571429,0.266918005982906,0.05685187962962962,0.1417315677321356,0.16112056656616097,9.428571428571429,0.24092933825222396,0.12875216296296293,0.14037592931841897,0.1528044006781701,9.0,0.24831392002621563,0.0,50.0,0.0,0.0,0.423878687763303,-0.15769262739909745,0.38286758149492517,0.04898301534391536,0.0,0.0,0.0,0.0,0.0,0.0,0.0,0.0,0.0,0.0,0.0,0.0,0.0,0.0,0.0,0.0,0.0,0.0,0.0,0.0,0.0,0.0,0.0,0.0,0.0,0.0,0.0,0.0,0.0,0.0,0.0,0.0,0.0,0.0,0.0,0.0,0.0,0.0,0.0,0.0,0.0,0.0,0.0,0.0,0.0,0.08730355599858848,2.357196011961889,0.3617721111111111,9
2024-01-25,0.13939000000000001,0.18677318151475297,8,-0.126805,0.417058,0.269548375,2.156387,0.171462125,0.0818668153535057,5,8,neutral,-0.10193196296296295,0.18522702255890425,0.037572347991250005,0.18507344320987654,0.1896426949243429,21.666666666666668,0.33608806203703706,-0.017287785714285714,0.1229227545729403,0.17897020060539573,12.714285714285714,0.25784445515873017,-0.09155453846153846,0.1375160677321356,0.15962979787331674,9.5,0.2322298242216117,-0.059016999999999986,0.14033649214568222,0.15428130419280417,8.96,0.24916329822516697,0.0,50.0,0.0,0.0,0.4171471080910393,-0.14448151243271612,-0.42238991309136253,-0.16874555925925924,0.0,0.0,0.0,0.0,0.0,0.0,0.0,0.0,0.0,0.0,0.0,0.0,0.0,0.0,0.0,0.0,0.0,0.0,0.0,0.0,0.0,0.0,0.0,0.0,0.0,0.0,0.0,0.0,0.0,0.0,0.0,0.0,0.0,0.0,0.0,0.0,0.0,0.0,0.0,0.0,0.0,0.0,0.0,0.0,0.0,0.037572347991250005,0.30057878393000004,0.269548375,5
2024-01-26,0.150872,0.2387392409471053,6,-0.125193,0.509982,0.12531966666666666,0.751918,0.23925266666666667,0.09948684495483143,4,6,bullish,0.011481999999999992,0.21820366442476008,0.018907228749333333,0.1771946543209877,0.21084422148467763,13.666666666666666,0.25221338425925927,-0.02363636666666666,0.13103720695389268,0.1941457256236044,12.714285714285714,0.2283308599206349,0.056801166666666666,0.13865659630356417,0.16977111337283798,9.571428571428571,0.22544098612637362,0.01596740000000002,0.1407417039862329,0.15780038489090004,8.846153846153847,0.24440008162676313,0.0,50.0,0.0,0.0,0.44366664563283775,-0.16563059997451457,0.08237319750340766,0.11341396296296294,0.0,0.0,0.0,0.0,0.0,0.0,0.0,0.0,0.0,0.0,0.0,0.0,0.0,0.0,0.0,0.0,0.0,0.0,0.0,0.0,0.0,0.0,0.0,0.0,0.0,0.0,0.0,0.0,0.0,0.0,0.0,0.0,0.0,0.0,0.0,0.0,0.0,0.0,0.0,0.0,0.0,0.0,0.0,0.0,0.0,0.018907228749333333,0.113443372496,0.12531966666666666,4
2024-01-27,0.18667333333333333,0.14157678748415412,3,0.089459,0.349105,0.16551566666666664,0.49654699999999996,0.2853236666666667,0.08213863466319203,1,3,bullish,0.035801333333333324,0.18984882264085762,0.03089736121555555,0.15897844444444445,0.18902973664867076,5.666666666666667,0.18679456944444447,-0.05464862962962963,0.16171896885865458,0.18663587731796866,13.0,0.24594252658730156,0.21477233333333334,0.14576133439880226,0.16760231907370843,9.714285714285714,0.23243953374542126,0.09946633333333332,0.14244287544353293,0.15715144099463021,8.62962962962963,0.24147843662824103,0.0,50.0,-0.032895250000000015,-0.032895250000000015,0.4598861218593137,-0.17494944286765718,0.23729607437651334,0.02431933333333333,0.0,0.0,0.0,0.0,0.0,0.0,0.0,0.0,0.0,0.0,0.0,0.0,0.0,0.0,0.0,0.0,0.0,0.0,0.0,0.0,0.0,0.0,0.0,0.0,0.0,0.0,0.0,0.0,0.0,0.0,0.0,0.0,0.0,0.0,0.0,0.0,0.0,0.0,0.0,0.0,0.0,0.0,0.0,0.0,0.0,0.03089736121555555,0.09269208364666665,0.16551566666666664,1
2024-01-29,0.1517615,0.12753618705853084,8,-0.008619,0.357658,0.220164125,1.761313,0.254797875,0.12113632871207251,6,8,bullish,-0.034911833333333336,0.18032912779934357,0.0334124378561875,0.16310227777777778,0.16928407182993008,5.666666666666667,0.1703331527777778,0.01237149999999998,0.17160070695389268,0.19430447095235506,13.714285714285714,0.26889887777777777,0.06917216666666666,0.14827958439880226,0.17281932056504126,10.142857142857142,0.24549882838827838,0.035255499999999995,0.14277568346340672,0.15601239276631867,8.607142857142858,0.24071721121294673,0.0,50.0,-0.037080694444444465,-0.03498797222222224,0.45317076436990067,-0.17461232287824416,-0.1870209992500268,-0.07071316666666666,0.0,0.0,0.0,0.0,0.0,0.0,0.0,0.0,0.0,0.0,0.0,0.0,0.0,0.0,0.0,0.0,0.0,0.0,0.0,0.0,0.0,0.0,0.0,0.0,0.0,0.0,0.0,0.0,0.0,0.0,0.0,0.0,0.0,0.0,0.0,0.0,0.0,0.0,0.0,0.0,0.0,0.0,0.0,0.0,0.0,0.0334124378561875,0.2672995028495,0.220164125,6
2024-01-30,0.29394963636363636,0.2250033296274847,11,0.06848,0.623448,0.3218018181818182,3.53982,0.26658345454545457,0.1492987673936819,5,11,bullish,0.14218813636363636,0.1839257453264056,0.09459352743570248,0.21079482323232324,0.16470543472338986,7.333333333333333,0.23582720328282827,0.14307763636363635,0.19121097133237133,0.1859690899843291,13.285714285714286,0.2630093518037518,0.13727185064935063,0.15480355842477628,0.18736019698465378,10.785714285714286,0.25837070825840824,0.09133563636363634,0.14798857839100085,0.15856761265006558,8.689655172413794,0.24351323214290782,0.0,50.0,-0.029865616666666678,-0.03328052037037039,0.4812011836901845,-0.17925536189549773,0.9369183644312713,0.1770999696969697,0.0,0.0,0.0,0.0,0.0,0.0,0.0,0.0,0.0,0.0,0.0,0.0,0.0,0.0,0.0,0.0,0.0,0.0,0.0,0.0,0.0,0.0,0.0,0.0,0.0,0.0,0.0,0.0,0.0,0.0,0.0,0.0,0.0,0.0,0.0,0.0,0.0,0.0,0.0,0.0,0.0,0.0,0.0,0.0,0.0,0.09459352743570248,1.0405288017927274,0.3218018181818182,5
2024-01-31,0.303448625,0.18270482878280356,8,0.089581,0.559235,0.408822875,3.270583,0.321463,0.07794092446388941,5,8,bullish,0.00949898863636367,0.18311207478001573,0.12405673928729688,0.24971992045454547,0.17841478182293968,9.0,0.3169296060606061,0.1167752916666667,0.20963100823713324,0.18705054248671513,10.142857142857142,0.26756351966089464,0.12894025833333336,0.1687556427501731,0.18053033128198775,10.714285714285714,0.2661250644092019,0.19532918055555556,0.15317057994463418,0.15942965608337767,8.666666666666666,0.2490235535714775,0.0,50.0,0.08085519487179485,-0.004746591559829077,0.49782578039276154,-0.17679207609807474,0.03231502087865401,-0.1326891477272727,0.0,0.0,0.0,0.0,0.0,0.0,0.0,0.0,0.0,0.0,0.0,0.0,0.0,0.0,0.0,0.0,0.0,0.0,0.0,0.0,0.0,0.0,0.0,0.0,0.0,0.0,0.0,0.0,0.0,0.0,0.0,0.0,0.0,0.0,0.0,0.0,0.0,0.0,0.0,0.0,0.0,0.0,0.0,0.0,0.0,0.12405673928729688,0.992453914298375,0.408822875,5
2024-02-01,0.24917055555555556,0.28575007175244554,9,-0.238385,0.625836,0.3356145555555556,3.020531,0.2716625555555556,0.089915541579461,5,9,bullish,-0.054278069444444466,0.19251424094108377,0.08362526526030865,0.28218960563973067,0.23115274338757788,9.333333333333334,0.35541308291245793,0.09740905555555557,0.21075223575036076,0.19829766102389673,7.571428571428571,0.263826726010101,0.007848592592592601,0.17337710505176038,0.18806273422628486,10.5,0.2653723659965035,0.06470047222222222,0.15581897346315268,0.16255453681176582,8.833333333333334,0.2527029804233294,0.07945180555555556,50.0,-0.01947618627450981,-0.007692510502765223,0.5093736988287128,-0.18326363897847048,-0.17887070486625034,-0.06377705808080814,0.0,0.0,0.0,0.0,0.0,0.0,0.0,0.0,0.0,0.0,0.0,0.0,0.0,0.0,0.0,0.0,0.0,0.0,0.0,0.0,0.0,0.0,0.0,0.0,0.0,0.0,0.0,0.0,0.0,0.0,0.0,0.0,0.0,0.0,0.0,0.0,0.0,0.0,0.0,0.0,0.0,0.0,0.0,0.0,0.0,0.08362526526030865,0.7526273873427779,0.3356145555555556,5
2024-02-02,0.06704,0.035710472322555475,5,0.043011,0.130146,0.1073488,0.536744,0.2073674,0.07743450841388483,4,5,neutral,-0.18213055555555557,0.17134097790876401,0.007196663552,0.20655306018518518,0.16805512428593483,7.333333333333333,0.28392874351851854,-0.22690963636363637,0.20041652146464647,0.17671727399643994,7.142857142857143,0.24065535815295816,-0.07235000000000001,0.1616696380187934,0.17775708627749645,9.928571428571429,0.24924990665584415,-0.16390453846153846,0.155685681796486,0.16008913061352995,8.866666666666667,0.2511297070899961,-0.003998749999999995,50.0,0.1252665,0.01446732458102898,0.49694347075868006,-0.17761987090843767,-0.7309473430737982,-0.1278524861111111,0.0,0.0,0.0,0.0,0.0,0.0,0.0,0.0,0.0,0.0,0.0,0.0,0.0,0.0,0.0,0.0,0.0,0.0,0.0,0.0,0.0,0.0,0.0,0.0,0.0,0.0,0.0,0.0,0.0,0.0,0.0,0.0,0.0,0.0,0.0,0.0,0.0,0.0,0.0,0.0,0.0,0.0,0.0,0.0,0.0,0.007196663552,0.03598331776,0.1073488,4
2024-02-03,0.03180316666666666,0.11306092440700573,6,-0.081086,0.218459,0.07189183333333334,0.43135100000000004,0.20324466666666666,0.12553896259515077,5,6,neutral,-0.03523683333333334,0.16844592537845898,0.0022863879574722217,0.11600457407407407,0.14484048949400222,6.666666666666667,0.1716183962962963,-0.27164545833333337,0.18340668813131314,0.1587632287764257,7.142857142857143,0.23302281053391052,-0.11906883333333335,0.15722194754260288,0.17509361193666204,9.928571428571429,0.23067683522727273,-0.06226766666666668,0.15159230512981933,0.15644471241611707,8.566666666666666,0.24077896597888496,-0.1228013,50.0,0.035077666666666674,0.01741165916469151,0.4883227621436161,-0.1745395456267071,-0.5256090891010343,0.14689372222222224,0.0,0.0,0.0,0.0,0.0,0.0,0.0,0.0,0.0,0.0,0.0,0.0,0.0,0.0,0.0,0.0,0.0,0.0,0.0,0.0,0.0,0.0,0.0,0.0,0.0,0.0,0.0,0.0,0.0,0.0,0.0,0.0,0.0,0.0,0.0,0.0,0.0,0.0,0.0,0.0,0.0,0.0,0.0,0.0,0.0,0.0022863879574722217,0.01371832774483333,0.07189183333333334,5
2024-02-05,0.22157628571428573,0.19666980495252934,14,-0.031764,0.547534,0.2983145,4.176403,0.27157735714285713,0.15821085244727492,8,14,bullish,0.18977311904761907,0.16277922044346793,0.06609941888471428,0.10680648412698412,0.1151470672273635,8.333333333333334,0.15918504444444445,-0.027594269841269836,0.18839282418573491,0.16663365984333645,8.714285714285714,0.25199407243867245,0.034902952380952396,0.17505589652219472,0.17663476858065255,10.857142857142858,0.248968299512987,0.2496752857142857,0.1485848568758511,0.15537841953857748,8.533333333333333,0.23376728708999606,-0.0902234476190476,50.0,0.05886608928571427,0.022593462929819355,0.507992554037891,-0.18370230894955342,5.9671139366924395,0.2250099523809524,0.0,0.0,0.0,0.0,0.0,0.0,0.0,0.0,0.0,0.0,0.0,0.0,0.0,0.0,0.0,0.0,0.0,0.0,0.0,0.0,0.0,0.0,0.0,0.0,0.0,0.0,0.0,0.0,0.0,0.0,0.0,0.0,0.0,0.0,0.0,0.0,0.0,0.0,0.0,0.0,0.0,0.0,0.0,0.0,0.0,0.06609941888471428,0.925391864386,0.2983145,8
2024-02-06,0.1040001,0.11991777179611221,10,-0.10902,0.292074,0.23913320000000002,2.3913320000000002,0.2042318,0.1496083836768515,8,10,neutral,-0.11757618571428573,0.15022180904612967,0.024869876713320003,0.11912651746031745,0.14321616705188242,10.0,0.20311317777777782,0.036960099999999996,0.18156976704287775,0.16554531480584808,9.0,0.2547039402958153,-0.047761399999999996,0.1765852369983852,0.17992489287910157,11.357142857142858,0.2618014090367965,0.021410766666666664,0.14956503864055698,0.14978565041027236,8.3,0.23200511336450585,0.02940545294117647,50.0,-0.11443253333333334,0.007368352233913499,0.5118982627877425,-0.197469407699405,-0.5306352407490745,-0.3073493047619048,0.0,0.0,0.0,0.0,0.0,0.0,0.0,0.0,0.0,0.0,0.0,0.0,0.0,0.0,0.0,0.0,0.0,0.0,0.0,0.0,0.0,0.0,0.0,0.0,0.0,0.0,0.0,0.0,0.0,0.0,0.0,0.0,0.0,0.0,0.0,0.0,0.0,0.0,0.0,0.0,0.0,0.0,0.0,0.0,0.0,0.024869876713320003,0.24869876713320002,0.23913320000000002,8
2024-02-07,0.032186000000000006,0.191201044143331,5,-0.184644,0.254078,0.12692599999999998,0.6346299999999999,0.14899800000000002,0.13525700227344978,3,5,neutral,-0.07181409999999999,0.13131200352430675,0.004085240236,0.11925412857142859,0.1692628736306575,9.666666666666666,0.2214579,0.0003828333333333461,0.14417496184807257,0.16071641687954039,8.142857142857142,0.2268645376984127,-0.26176363636363637,0.16769296659022195,0.17334275343193473,10.714285714285714,0.24493694475108224,-0.12449178571428572,0.14739898864055698,0.15574888669857276,8.4,0.23231066336450587,-0.06498149999999998,50.0,-0.12875216296296293,-0.003282415873082381,0.49964979701034873,-0.1928142863664556,-0.6905195283466072,0.045762085714285736,0.0,0.0,0.0,0.0,0.0,0.0,0.0,0.0,0.0,0.0,0.0,0.0,0.0,0.0,0.0,0.0,0.0,0.0,0.0,0.0,0.0,0.0,0.0,0.0,0.0,0.0,0.0,0.0,0.0,0.0,0.0,0.0,0.0,0.0,0.0,0.0,0.0,0.0,0.0,0.0,0.0,0.0,0.0,0.0,0.0,0.004085240236,0.020426201180000002,0.12692599999999998,3
2024-02-08,0.24484525000000001,0.29185481196578433,4,-0.170424,0.459921,0.47621399999999997,1.9048559999999999,0.20888525,0.16463006098801233,2,4,bullish,0.21265925000000002,0.1825408714529525,0.1165987358835,0.12701045,0.20099120930174252,6.333333333333333,0.2807577333333333,0.02326896428571429,0.13580305113378685,0.1763092716199662,7.571428571428571,0.23649184126984127,-0.05860337500000001,0.17271702968546004,0.18167990705334072,8.857142857142858,0.25202768046536794,0.07033688333333335,0.151638263640557,0.16522033171714115,8.433333333333334,0.24606515225339473,0.12717825,50.0,0.059016999999999986,0.007395105731855891,0.5136186583425453,-0.20074563103198542,6.607197228608711,0.28447335,0.0,0.0,0.0,0.0,0.0,0.0,0.0,0.0,0.0,0.0,0.0,0.0,0.0,0.0,0.0,0.0,0.0,0.0,0.0,0.0,0.0,0.0,0.0,0.0,0.0,0.0,0.0,0.0,0.0,0.0,0.0,0.0,0.0,0.0,0.0,0.0,0.0,0.0,0.0,0.0,0.0,0.0,0.0,0.0,0.0,0.1165987358835,0.466394943534,0.47621399999999997,2
2024-02-09,0.190669,0.17138107915330092,9,0.0,0.510385,0.20738877777777776,1.866499,0.3097937777777778,0.07127367345096254,7,9,bullish,-0.05417625000000001,0.19420490240221155,0.03954261087011111,0.15590008333333336,0.21814564508747206,6.0,0.2701762592592592,0.08666890000000001,0.12744568605442178,0.15997084410580273,7.571428571428571,0.21817387301587296,-0.05850155555555556,0.16909896090239124,0.1791342525648497,7.571428571428571,0.24100029951298702,-0.050652962962962955,0.15080910114055698,0.16565278684000015,8.466666666666667,0.23763615317932066,-0.02487487499999999,50.0,-0.01596740000000002,0.008939352028152187,0.5117835323138364,-0.20293805884943045,-0.22126731067888805,-0.2668355,0.0,0.0,0.0,0.0,0.0,0.0,0.0,0.0,0.0,0.0,0.0,0.0,0.0,0.0,0.0,0.0,0.0,0.0,0.0,0.0,0.0,0.0,0.0,0.0,0.0,0.0,0.0,0.0,0.0,0.0,0.0,0.0,0.0,0.0,0.0,0.0,0.0,0.0,0.0,0.0,0.0,0.0,0.0,0.0,0.0,0.03954261087011111,0.355883497831,0.20738877777777776,7
2024-02-10,0.24424466666666667,0.017370041920885895,3,0.224336,0.256309,0.21677300000000002,0.6503190000000001,0.26021666666666665,0.10783103403164293,3,3,bullish,0.05357566666666666,0.15834494979588284,0.052945649127333336,0.22658630555555556,0.16020197767999036,5.333333333333333,0.30012525925925926,0.21205866666666667,0.15276063843537416,0.15735078261984992,7.285714285714286,0.23380590158730158,0.17720466666666668,0.1765885799500103,0.1670340283081449,7.214285714285714,0.23723062987012986,0.10485466666666665,0.1569480622516681,0.163488403797583,8.366666666666667,0.23874151429043178,0.18416883333333334,50.0,-0.09946633333333332,-0.011096373327973166,0.5055747451471382,-0.18171188834939883,0.28098782007912493,0.10775191666666667,0.0,0.0,0.0,0.0,0.0,0.0,0.0,0.0,0.0,0.0,0.0,0.0,0.0,0.0,0.0,0.0,0.0,0.0,0.0,0.0,0.0,0.0,0.0,0.0,0.0,0.0,0.0,0.0,0.0,0.0,0.0,0.0,0.0,0.0,0.0,0.0,0.0,0.0,0.0,0.0,0.0,0.0,0.0,0.0,0.0,0.052945649127333336,0.158836947382,0.21677300000000002,3
2024-02-11,0.2230085,0.15306104096242126,2,0.114778,0.331239,0.2673,0.5346,0.29425199999999996,0.04529584618924784,2,2,bullish,-0.021236166666666667,0.16497360362914465,0.05961017204999999,0.21930738888888887,0.113937387345536,4.666666666666667,0.23048725925925928,-0.021836750000000016,0.18007568605442176,0.1630650849849093,6.714285714285714,0.26172135396825397,0.19120533333333334,0.18174118709286743,0.1609141568806675,6.928571428571429,0.24737208225108226,0.07213649999999999,0.16062935225166808,0.16470562205661196,8.1,0.24103626429043176,0.11043869999999999,50.0,-0.035255499999999995,-0.012849630408583187,0.5162540584059668,-0.1672804516082275,-0.08694628610109534,-0.07481183333333333,0.0,0.0,0.0,0.0,0.0,0.0,0.0,0.0,0.0,0.0,0.0,0.0,0.0,0.0,0.0,0.0,0.0,0.0,0.0,0.0,0.0,0.0,0.0,0.0,0.0,0.0,0.0,0.0,0.0,0.0,0.0,0.0,0.0,0.0,0.0,0.0,0.0,0.0,0.0,0.0,0.0,0.0,0.0,0.0,0.0,0.05961017204999999,0.11922034409999999,0.2673,2
2024-02-12,0.09782545454545453,0.12417669636669133,22,-0.094922,0.49322,0.1379508181818182,3.0349180000000002,0.22178368181818184,0.11054012951192427,10,22,neutral,-0.12518304545454545,0.15156873407381674,0.01349510149355372,0.18835954040404038,0.0982025930833328,9.0,0.20734127272727276,-0.09284354545454547,0.16239699588744586,0.15270892661550386,7.857142857142857,0.23881225656565655,-0.12375083116883119,0.17539491003659038,0.15967129322942017,8.285714285714286,0.2454031645021645,-0.0888478787878788,0.1572766340698499,0.16183113243296224,8.6,0.23258990584887335,-0.10058154545454547,50.0,-0.09133563636363633,-0.03691653444898722,0.5220479309414594,-0.17155071202250796,-0.5613375519522594,-0.10394687878787878,0.0,0.0,0.0,0.0,0.0,0.0,0.0,0.0,0.0,0.0,0.0,0.0,0.0,0.0,0.0,0.0,0.0,0.0,0.0,0.0,0.0,0.0,0.0,0.0,0.0,0.0,0.0,0.0,0.0,0.0,0.0,0.0,0.0,0.0,0.0,0.0,0.0,0.0,0.0,0.0,0.0,0.0,0.0,0.0,0.0,0.01349510149355372,0.29689223285818184,0.1379508181818182,10
2024-02-13,0.036785,0.07865688170056796,8,-0.132099,0.123188,0.14781425,1.182514,0.20645775,0.11848151272395681,5,8,neutral,-0.06104045454545454,0.10892914802077347,0.00543734718625,0.11920631818181819,0.11863153967656019,10.666666666666666,0.18435502272727278,-0.20745966666666665,0.15279483874458874,0.14681451374471183,7.571428571428571,0.22576669227994225,-0.0672151,0.1671823028937333,0.15617991427527994,8.285714285714286,0.24023531628787878,-0.1149765,0.15400598073651658,0.16046018338823784,8.7,0.23017160084887334,-0.09811959999999999,50.0,-0.19532918055555554,-0.06251729525145636,0.49558388018543525,-0.1570759398379124,-0.6239731246747453,0.06414259090909091,0.0,0.0,0.0,0.0,0.0,0.0,0.0,0.0,0.0,0.0,0.0,0.0,0.0,0.0,0.0,0.0,0.0,0.0,0.0,0.0,0.0,0.0,0.0,0.0,0.0,0.0,0.0,0.0,0.0,0.0,0.0,0.0,0.0,0.0,0.0,0.0,0.0,0.0,0.0,0.0,0.0,0.0,0.0,0.0,0.0,0.00543734718625,0.04349877749,0.14781425,5
2024-02-14,0.17677457142857142,0.21402469650332565,14,-0.083609,0.600669,0.3048620714285714,4.268069,0.18286414285714286,0.1407399661344157,8,14,bullish,0.13998957142857144,0.11745787149077842,0.05389186202161224,0.10379500865800866,0.13895275819019495,14.666666666666666,0.19687571320346323,-0.04623392857142858,0.17345034894867034,0.1500750355104253,8.857142857142858,0.25118613105545246,0.1445885714285714,0.15881265539837147,0.15539572619498285,8.5,0.23902533437693257,-0.11717506493506494,0.15699156645080228,0.16230723556462018,9.133333333333333,0.23808246989649237,0.08956757142857141,50.0,-0.06470047222222222,-0.07624691319678263,0.4995861939472529,-0.16085163312353964,3.805615643022195,0.20103002597402597,0.0,0.0,0.0,0.0,0.0,0.0,0.0,0.0,0.0,0.0,0.0,0.0,0.0,0.0,0.0,0.0,0.0,0.0,0.0,0.0,0.0,0.0,0.0,0.0,0.0,0.0,0.0,0.0,0.0,0.0,0.0,0.0,0.0,0.0,0.0,0.0,0.0,0.0,0.0,0.0,0.0,0.0,0.0,0.0,0.0,0.05389186202161224,0.7544860683025714,0.3048620714285714,8
2024-02-15,0.2269995,0.23570887567869458,8,-0.142022,0.529526,0.469689375,3.757515,0.2009615,0.10508493159344968,3,8,bullish,0.05022492857142857,0.16112563824234016,0.1066192532803125,0.1468530238095238,0.17613015129419604,10.0,0.3074552321428572,0.12917404545454547,0.17090095609152753,0.1420541874694125,9.428571428571429,0.2502540417697382,-0.01784575000000002,0.1533520036126572,0.15918172954468937,8.5,0.24337294151978975,-0.07644912500000003,0.16067468311746894,0.16837598411660262,9.333333333333334,0.2524943157298257,0.1104935,50.0,0.16390453846153846,-0.04532057188624133,0.5017389341677568,-0.16443661964033976,0.2841185141366487,-0.08976464285714286,0.0,0.0,0.0,0.0,0.0,0.0,0.0,0.0,0.0,0.0,0.0,0.0,0.0,0.0,0.0,0.0,0.0,0.0,0.0,0.0,0.0,0.0,0.0,0.0,0.0,0.0,0.0,0.0,0.0,0.0,0.0,0.0,0.0,0.0,0.0,0.0,0.0,0.0,0.0,0.0,0.0,0.0,0.0,0.0,0.0,0.1066192532803125,0.8529540262425,0.469689375,3
2024-02-16,0.09091625,0.03866396050910978,4,0.034302,0.120219,0.3300995,1.320398,0.14098075,0.16006907753295138,4,4,neutral,-0.13608325,0.13824622215167787,0.030011408666875,0.1648967738095238,0.16279917756370998,8.666666666666666,0.36821698214285714,0.054131250000000006,0.15665056323438467,0.12309459909167093,8.714285714285714,0.2677841449443414,-0.09975275,0.14204812464440322,0.1415327215987368,8.142857142857142,0.2429790089801072,-0.15825430555555556,0.15695142478413562,0.16846881254200222,9.4,0.2587777823964924,-0.11169775000000001,50.0,0.06226766666666668,-0.02409614637183803,0.48450432456719245,-0.15204938503977544,-0.5994870032753377,-0.18630817857142856,0.0,0.0,0.0,0.0,0.0,0.0,0.0,0.0,0.0,0.0,0.0,0.0,0.0,0.0,0.0,0.0,0.0,0.0,0.0,0.0,0.0,0.0,0.0,0.0,0.0,0.0,0.0,0.0,0.0,0.0,0.0,0.0,0.0,0.0,0.0,0.0,0.0,0.0,0.0,0.0,0.0,0.0,0.0,0.0,0.0,0.030011408666875,0.1200456346675,0.3300995,4
2024-02-17,0.123056,0.0,1,0.123056,0.123056,0.006936,0.006936,0.160969,0.0,1,1,neutral,0.032139749999999995,0.1417636035979245,0.000853516416,0.14699058333333334,0.13718641809390214,4.333333333333333,0.2689082916666667,-0.05371857142857142,0.139337896567718,0.1407153586201351,8.428571428571429,0.23780743065862708,-0.12118866666666667,0.1460492675015461,0.1496728946199815,7.857142857142857,0.23580666612296433,0.056015999999999996,0.1574493099693208,0.16478937431430724,9.133333333333333,0.24900025276686277,0.014936555555555536,50.0,-0.2496752857142857,-0.058395289228980886,0.4747344915624174,-0.14506115203500036,0.35350941113387324,0.16822299999999998,0.0,0.0,0.0,0.0,0.0,0.0,0.0,0.0,0.0,0.0,0.0,0.0,0.0,0.0,0.0,0.0,0.0,0.0,0.0,0.0,0.0,0.0,0.0,0.0,0.0,0.0,0.0,0.0,0.0,0.0,0.0,0.0,0.0,0.0,0.0,0.0,0.0,0.0,0.0,0.0,0.0,0.0,0.0,0.0,0.0,0.000853516416,0.000853516416,0.006936,1
2024-02-19,0.27354033333333333,0.10414220685837866,3,0.155291,0.351597,0.38498499999999997,1.154955,0.24058066666666666,0.017642028520930726,3,3,bullish,0.15048433333333333,0.14813493488737717,0.10530892522833332,0.16250419444444444,0.07140308368374419,2.6666666666666665,0.2406735,0.04654083333333334,0.1465567299010513,0.13256221960279466,8.571428571428571,0.2546195735157699,0.05053183333333333,0.16331620797773655,0.14898683942393331,7.642857142857143,0.25817046374201197,0.24173716666666667,0.16041831830265413,0.16180056622079989,8.833333333333334,0.250294674989085,0.08907024999999999,50.0,-0.021410766666666636,-0.05900010774749939,0.4751373593912831,-0.1367773198638661,1.2228931001603605,0.11834458333333334,0.0,0.0,0.0,0.0,0.0,0.0,0.0,0.0,0.0,0.0,0.0,0.0,0.0,0.0,0.0,0.0,0.0,0.0,0.0,0.0,0.0,0.0,0.0,0.0,0.0,0.0,0.0,0.0,0.0,0.0,0.0,0.0,0.0,0.0,0.0,0.0,0.0,0.0,0.0,0.0,0.0,0.0,0.0,0.0,0.0,0.10530892522833332,0.31592677568499994,0.38498499999999997,3
2024-02-20,0.28946116666666666,0.2645324931817766,6,0.054992,0.777502,0.39148466666666665,2.3489079999999998,0.2667445,0.06190860499397478,6,6,bullish,0.01592083333333333,0.1607618840569899,0.11331960834544444,0.22868583333333334,0.1843373500200776,3.3333333333333335,0.26113522222222224,0.19854491666666665,0.17393326020408165,0.15595485240530887,6.285714285714286,0.29083869472789114,0.1916357121212121,0.16816512804576375,0.15420704621079848,7.071428571428571,0.2648254756467739,0.06788488095238093,0.16236887257615842,0.16518801613240605,8.6,0.2522420561856662,0.05851662820512818,50.0,0.12449178571428574,-0.03411587229776395,0.4964430065270634,-0.14431300033297975,0.058202873189937776,-0.1345635,0.0,0.0,0.0,0.0,0.0,0.0,0.0,0.0,0.0,0.0,0.0,0.0,0.0,0.0,0.0,0.0,0.0,0.0,0.0,0.0,0.0,0.0,0.0,0.0,0.0,0.0,0.0,0.0,0.0,0.0,0.0,0.0,0.0,0.0,0.0,0.0,0.0,0.0,0.0,0.0,0.0,0.0,0.0,0.0,0.0,0.11331960834544444,0.6799176500726667,0.39148466666666665,6
2024-02-21,0.04073711111111111,0.1947720120085561,9,-0.160012,0.49101,0.2112728888888889,1.901456,0.22337711111111108,0.10454658871221534,7,9,neutral,-0.24872405555555555,0.15052766813945528,0.008606647149432099,0.20124620370370372,0.18781557068290375,6.0,0.3292475185185185,-0.08231888888888889,0.1744978475056689,0.17530737412330688,6.428571428571429,0.299904214569161,0.003952111111111115,0.16364634312512885,0.1599650646886788,7.0,0.26283545342455167,-0.06326298888888889,0.16059108183541768,0.16686965617421684,8.7,0.24822065803751805,-0.05333372222222223,50.0,-0.07033688333333335,-0.03801380377924543,0.4806001363045499,-0.1537913826357187,-0.8592657122880233,-0.2646448888888889,0.0,0.0,0.0,0.0,0.0,0.0,0.0,0.0,0.0,0.0,0.0,0.0,0.0,0.0,0.0,0.0,0.0,0.0,0.0,0.0,0.0,0.0,0.0,0.0,0.0,0.0,0.0,0.0,0.0,0.0,0.0,0.0,0.0,0.0,0.0,0.0,0.0,0.0,0.0,0.0,0.0,0.0,0.0,0.0,0.0,0.008606647149432099,0.07745982434488889,0.2112728888888889,7
2024-02-22,-0.0423111,0.16777181210200204,20,-0.350328,0.315794,0.3424352,6.848704,0.0006072000000000022,0.13698453961462798,15,20,neutral,-0.0830482111111111,0.18280463103767836,-0.01448880999072,0.09596239259259258,0.20902543909744487,11.666666666666666,0.3150642518518519,-0.3158514333333333,0.14319989444444442,0.16759856005641963,7.285714285714286,0.30527180436507934,-0.2190856714285714,0.1583251216965574,0.158162816070115,8.071428571428571,0.2782289677102659,-0.07449710000000001,0.160117345168751,0.1669007649993129,9.333333333333334,0.25822736470418467,-0.014212099999999998,50.0,0.05065296296296298,-0.02223729274295662,0.46174025356183396,-0.16950747239300284,-2.038637714996427,0.16567584444444444,0.0,0.0,0.0,0.0,0.0,0.0,0.0,0.0,0.0,0.0,0.0,0.0,0.0,0.0,0.0,0.0,0.0,0.0,0.0,0.0,0.0,0.0,0.0,0.0,0.0,0.0,0.0,0.0,0.0,0.0,0.0,0.0,0.0,0.0,0.0,0.0,0.0,0.0,0.0,0.0,0.0,0.0,0.0,0.0,0.0,-0.01448880999072,-0.2897761998144,0.3424352,15
2024-02-23,0.10448044444444445,0.22123046562810417,9,-0.144474,0.51676,0.2946972222222222,2.652275,0.19251344444444443,0.14885214210006442,5,9,neutral,0.14679154444444445,0.1904897979557635,0.030790096754320987,0.034302151851851835,0.1945914299128874,12.666666666666666,0.2828017703703704,-0.18498072222222223,0.1256971722222222,0.16518549171465455,7.428571428571429,0.2802729253968254,-0.12251905555555555,0.14829906415687485,0.1527301740441396,8.428571428571429,0.2652634835832818,-0.14036480555555558,0.16084704887245468,0.1719826420341501,9.533333333333333,0.2660682832227032,0.02189111111111111,50.0,-0.10485466666666667,-0.012184568977524523,0.4477142105195056,-0.1699504404617856,-3.469338883754959,0.22983975555555555,0.0,0.0,0.0,0.0,0.0,0.0,0.0,0.0,0.0,0.0,0.0,0.0,0.0,0.0,0.0,0.0,0.0,0.0,0.0,0.0,0.0,0.0,0.0,0.0,0.0,0.0,0.0,0.0,0.0,0.0,0.0,0.0,0.0,0.0,0.0,0.0,0.0,0.0,0.0,0.0,0.0,0.0,0.0,0.0,0.0,0.030790096754320987,0.2771108707888889,0.2946972222222222,5
2024-02-24,0.082687,0.0532309984877233,2,0.045047,0.120327,0.0435845,0.087169,0.321424,0.002030810675567754,2,2,neutral,-0.02179344444444445,0.18030755628163245,0.0036038715514999996,0.048285448148148134,0.1474110920726098,10.333333333333334,0.2269056407407408,0.041949888888888884,0.12452156507936507,0.1676133313777568,7.142857142857143,0.23934221111111112,-0.008229250000000007,0.14058606415687486,0.14364170630063364,7.928571428571429,0.2535631780277262,-0.10798200000000001,0.15838068934864516,0.16404746969222098,9.133333333333333,0.2554201498893699,-0.07399078571428573,50.0,-0.07213649999999998,-0.013010794286166496,0.4503408264316285,-0.1710123563739085,-0.2085887417528427,-0.1685849888888889,0.0,0.0,0.0,0.0,0.0,0.0,0.0,0.0,0.0,0.0,0.0,0.0,0.0,0.0,0.0,0.0,0.0,0.0,0.0,0.0,0.0,0.0,0.0,0.0,0.0,0.0,0.0,0.0,0.0,0.0,0.0,0.0,0.0,0.0,0.0,0.0,0.0,0.0,0.0,0.0,0.0,0.0,0.0,0.0,0.0,0.0036038715514999996,0.007207743102999999,0.0435845,2
2024-02-25,-0.0208415,0.17406211236366173,2,-0.143922,0.102239,0.09232199999999999,0.18464399999999997,0.158082,0.06979285351667462,2,2,neutral,-0.1035285,0.16221348011800946,-0.0019241289629999996,0.05544198148148146,0.1495078588264964,4.333333333333333,0.1435345740740741,0.0214696,0.10396477936507938,0.16853458580431463,7.285714285714286,0.2515402111111111,-0.1438975,0.12165133796639868,0.1556949424885395,7.857142857142857,0.2446738208848691,-0.2650861666666667,0.15186902712642297,0.1640104852473093,8.2,0.24593275988936988,-0.19534986666666665,50.0,0.08884787878787878,-0.02135042313879535,0.4541297707779432,-0.18006576738688979,-1.2520529224666515,-0.08173505555555555,0.0,0.0,0.0,0.0,0.0,0.0,0.0,0.0,0.0,0.0,0.0,0.0,0.0,0.0,0.0,0.0,0.0,0.0,0.0,0.0,0.0,0.0,0.0,0.0,0.0,0.0,0.0,0.0,0.0,0.0,0.0,0.0,0.0,0.0,0.0,0.0,0.0,0.0,0.0,0.0,0.0,0.0,0.0,0.0,0.0,-0.0019241289629999996,-0.0038482579259999992,0.09232199999999999,2
2024-02-26,0.14851970588235294,0.20905762477238324,17,-0.294316,0.61363,0.27253888235294116,4.633160999999999,0.19459047058823528,0.10828400362248666,11,17,neutral,0.16936120588235293,0.1650706026707749,0.040477394648564015,0.07012173529411762,0.14545024520792274,7.0,0.13614846078431375,0.0440392614379085,0.08610468972922503,0.18352250264917247,9.285714285714286,0.23547648001867413,-0.1250206274509804,0.11633070981513817,0.1600023720123827,8.928571428571429,0.245048026767222,-0.07448879411764706,0.1487756185570693,0.1640807398259372,7.866666666666666,0.24295831893076422,-0.09280225708061002,50.0,0.1149765,-0.015493886101758317,0.4517809228200154,-0.18502257741215528,-8.126152430600147,0.27288970588235295,0.0,0.0,0.0,0.0,0.0,0.0,0.0,0.0,0.0,0.0,0.0,0.0,0.0,0.0,0.0,0.0,0.0,0.0,0.0,0.0,0.0,0.0,0.0,0.0,0.0,0.0,0.0,0.0,0.0,0.0,0.0,0.0,0.0,0.0,0.0,0.0,0.0,0.0,0.0,0.0,0.0,0.0,0.0,0.0,0.0,0.040477394648564015,0.6881157090255883,0.27253888235294116,11
2024-02-27,0.27004475,0.23336262825222404,8,0.0,0.640698,0.4714825,3.77186,0.263070375,0.14505779369413666,4,8,bullish,0.12152504411764706,0.1781887659008193,0.127321373841875,0.13257431862745098,0.20549412179608964,9.0,0.27878112745098044,0.18735775,0.08333091591970121,0.1790696648020935,9.571428571428571,0.24690474192343603,-0.019416416666666658,0.12863208806189144,0.16840128984973138,7.928571428571429,0.2688717183256636,0.17221929545454545,0.1531307768904026,0.1656872724720569,7.866666666666666,0.24968945643076423,0.13065475,50.0,0.11717506493506494,0.025267263970391758,0.4720247191575009,-0.18866190874964073,0.8182418851132847,-0.04783616176470587,0.0,0.0,0.0,0.0,0.0,0.0,0.0,0.0,0.0,0.0,0.0,0.0,0.0,0.0,0.0,0.0,0.0,0.0,0.0,0.0,0.0,0.0,0.0,0.0,0.0,0.0,0.0,0.0,0.0,0.0,0.0,0.0,0.0,0.0,0.0,0.0,0.0,0.0,0.0,0.0,0.0,0.0,0.0,0.0,0.0,0.127321373841875,1.018570990735,0.4714825,4
2024-02-28,0.29515600000000003,0.16551212313453054,5,0.126593,0.474524,0.4108384,2.054192,0.27037680000000003,0.08360854387680723,4,5,bullish,0.02511125000000003,0.16704509740210458,0.1212614187904,0.23790681862745097,0.20264412538637924,10.0,0.3849532607843138,0.31599750000000004,0.11967647147525676,0.1748896806772327,9.0,0.2754141006535948,0.2544188888888889,0.14708715949046286,0.17508246226772853,7.714285714285714,0.2876591576113779,0.258371,0.1579402435570693,0.16316219944403706,7.833333333333333,0.25920674754187534,0.14428400000000002,50.0,0.07644912500000003,0.03614058526668805,0.482469122209206,-0.17280931180134593,0.09298921752783573,-0.09641379411764703,0.0,0.0,0.0,0.0,0.0,0.0,0.0,0.0,0.0,0.0,0.0,0.0,0.0,0.0,0.0,0.0,0.0,0.0,0.0,0.0,0.0,0.0,0.0,0.0,0.0,0.0,0.0,0.0,0.0,0.0,0.0,0.0,0.0,0.0,0.0,0.0,0.0,0.0,0.0,0.0,0.0,0.0,0.0,0.0,0.0,0.1212614187904,0.606307093952,0.4108384,4
2024-02-29,0.10371792857142857,0.09754434448019746,14,-0.012398,0.407666,0.42363,5.93082,0.14076485714285716,0.08860334243205426,5,14,neutral,-0.19143807142857144,0.17590776660059942,0.04393802608071429,0.22297289285714283,0.16547303195565066,9.0,0.4353169666666667,-0.04480177731092437,0.14053776127117515,0.1648571853026892,8.142857142857142,0.28701335779645193,0.14602902857142858,0.1418688278578098,0.1661224351890263,7.714285714285714,0.2961425810807657,-0.07305664285714285,0.15517506339833914,0.16164383934045234,8.2,0.2678105586529865,-0.08295540476190476,50.0,0.15825430555555553,0.03989197636016247,0.45495902271824207,-0.15941194445323906,-0.6485996267349179,-0.21654932142857147,0.0,0.0,0.0,0.0,0.0,0.0,0.0,0.0,0.0,0.0,0.0,0.0,0.0,0.0,0.0,0.0,0.0,0.0,0.0,0.0,0.0,0.0,0.0,0.0,0.0,0.0,0.0,0.0,0.0,0.0,0.0,0.0,0.0,0.0,0.0,0.0,0.0,0.0,0.0,0.0,0.0,0.0,0.0,0.0,0.0,0.04393802608071429,0.61513236513,0.42363,5
2024-03-01,0.09881857142857142,0.08534407346706847,7,-0.002,0.27398,0.4389475714285714,3.0726329999999997,0.166456,0.07837124507751551,4,7,neutral,-0.00489935714285715,0.15816415882128074,0.04337617194061224,0.1658975,0.11613351369393214,8.666666666666666,0.4244719904761905,-0.17122617857142858,0.13972892226890757,0.14544484356539839,7.857142857142857,0.3076205505402161,-0.005661873015873023,0.1327130472455649,0.15455591194197815,7.642857142857143,0.2939467379685207,-0.12818092857142857,0.15341029911262485,0.16018893887178123,8.166666666666666,0.27510334020060545,-0.05294292857142857,50.0,-0.056015999999999996,0.041483185619421735,0.4413099743753303,-0.15494793896747022,-0.04723732155413285,0.18653871428571428,0.0,0.0,0.0,0.0,0.0,0.0,0.0,0.0,0.0,0.0,0.0,0.0,0.0,0.0,0.0,0.0,0.0,0.0,0.0,0.0,0.0,0.0,0.0,0.0,0.0,0.0,0.0,0.0,0.0,0.0,0.0,0.0,0.0,0.0,0.0,0.0,0.0,0.0,0.0,0.0,0.0,0.0,0.0,0.0,0.0,0.04337617194061224,0.3036332035842857,0.4389475714285714,4
2024-03-02,0.21985749999999998,0.20131966456484077,2,0.077503,0.362212,0.22349000000000002,0.44698000000000004,0.329455,0.06920736910185216,1,2,bullish,0.12103892857142856,0.15661656677977226,0.049135952675000004,0.14079799999999998,0.1280693608373689,7.666666666666667,0.3620225238095238,-0.07529850000000005,0.15932470798319326,0.16660036729070088,7.857142857142857,0.3333213362545018,0.13717049999999997,0.1419231365312792,0.16706788917703438,7.5,0.28633177368280643,0.12894124999999998,0.15094056123383695,0.15937226076617284,7.866666666666666,0.27182627959454486,-0.07409213636363637,50.0,-0.24173716666666667,0.008995393438351774,0.4594537342150449,-0.1755304154738514,1.224860133289,0.12593828571428572,0.0,0.0,0.0,0.0,0.0,0.0,0.0,0.0,0.0,0.0,0.0,0.0,0.0,0.0,0.0,0.0,0.0,0.0,0.0,0.0,0.0,0.0,0.0,0.0,0.0,0.0,0.0,0.0,0.0,0.0,0.0,0.0,0.0,0.0,0.0,0.0,0.0,0.0,0.0,0.0,0.0,0.0,0.0,0.0,0.0,0.049135952675000004,0.09827190535000001,0.22349000000000002,1
2024-03-03,0.15525424999999998,0.13989666531973996,4,0.061468,0.357651,0.14502825,0.580113,0.23729525,0.09660673289295109,3,4,bullish,-0.06460325,0.13792337419327544,0.022516252182562497,0.15797677380952377,0.14218680111721638,4.333333333333333,0.2691552738095238,0.05153632142857141,0.18448124369747898,0.16171958914156923,8.142857142857142,0.34085080054021605,0.17609575,0.1442230115312792,0.16512708747294194,7.714285714285714,0.29619550582566356,0.032198249999999984,0.14600074873383698,0.15789611719848096,7.733333333333333,0.2630331254278782,-0.14819437500000004,50.0,-0.06788488095238093,0.013103147406605743,0.4546802979631837,-0.1775324042219903,-0.2938414654946955,-0.18564217857142856,0.0,0.0,0.0,0.0,0.0,0.0,0.0,0.0,0.0,0.0,0.0,0.0,0.0,0.0,0.0,0.0,0.0,0.0,0.0,0.0,0.0,0.0,0.0,0.0,0.0,0.0,0.0,0.0,0.0,0.0,0.0,0.0,0.0,0.0,0.0,0.0,0.0,0.0,0.0,0.0,0.0,0.0,0.0,0.0,0.0,0.022516252182562497,0.09006500873024999,0.14502825,3
2024-03-04,0.22036433333333336,0.3031891092547136,6,-0.11147,0.649678,0.34409266666666666,2.064556,0.21914566666666668,0.24398946054587414,5,6,bullish,0.06511008333333337,0.16545877141731205,0.0758257510948889,0.19849202777777775,0.21480181304643142,4.0,0.23753697222222225,0.12154576190476193,0.19474476190476192,0.1751669440676164,6.571428571428571,0.3510727697278911,0.07184462745098041,0.14042472581699347,0.17934472335839444,7.928571428571429,0.29327462487328265,-0.05317599999999997,0.14504054132642957,0.15849746331924883,7.633333333333334,0.2633157291315819,-0.028806222222222205,50.0,0.06326298888888889,0.028147535060926727,0.4796506537855274,-0.1902488721655461,0.4193771399709405,0.12971333333333337,0.0,0.0,0.0,0.0,0.0,0.0,0.0,0.0,0.0,0.0,0.0,0.0,0.0,0.0,0.0,0.0,0.0,0.0,0.0,0.0,0.0,0.0,0.0,0.0,0.0,0.0,0.0,0.0,0.0,0.0,0.0,0.0,0.0,0.0,0.0,0.0,0.0,0.0,0.0,0.0,0.0,0.0,0.0,0.0,0.0,0.0758257510948889,0.4549545065693334,0.34409266666666666,5
2024-03-05,0.2611876,0.1803736854632626,10,0.068236,0.585961,0.3228081,3.228081,0.24574729999999997,0.09667987812598625,4,10,bullish,0.04082326666666666,0.18202463961392507,0.08431347289956,0.2122687277777778,0.20781982001257204,6.666666666666667,0.2706430055555556,0.041330100000000036,0.19347945476190478,0.16759709509776477,6.857142857142857,0.3298335697278912,-0.00885714999999998,0.138405185340803,0.17333337994992912,8.214285714285714,0.2883691558256635,-0.02827356666666664,0.15151212799309624,0.16348584997927323,7.8,0.2704977057982486,0.19414760000000003,50.0,0.07449709999999998,0.026553004084495752,0.5015778157605478,-0.18973577414056653,0.18525351198696693,-0.02428681666666671,0.0,0.0,0.0,0.0,0.0,0.0,0.0,0.0,0.0,0.0,0.0,0.0,0.0,0.0,0.0,0.0,0.0,0.0,0.0,0.0,0.0,0.0,0.0,0.0,0.0,0.0,0.0,0.0,0.0,0.0,0.0,0.0,0.0,0.0,0.0,0.0,0.0,0.0,0.0,0.0,0.0,0.0,0.0,0.0,0.0,0.08431347289956,0.8431347289955999,0.3228081,4
2024-03-06,0.09572883333333333,0.05960367339826184,6,0.056663,0.209569,0.21463783333333333,1.287827,0.16293816666666666,0.04412871804807689,3,6,neutral,-0.1654587666666667,0.17687655960016377,0.020547029374194444,0.19242692222222224,0.18105548937207935,7.333333333333333,0.29384620000000006,-0.05952541666666665,0.16498985952380954,0.1524673165640121,7.0,0.30180491734693876,-0.1994271666666667,0.14233316549953315,0.1636784986206224,8.0,0.2886095090002668,0.05499172222222222,0.15364298354865177,0.16164249649621307,7.8,0.27525590579824855,0.06392566666666667,50.0,0.14036480555555558,0.029373926924001932,0.4812706843184108,-0.17753321650795328,-0.6334863012894436,-0.20628203333333336,0.0,0.0,0.0,0.0,0.0,0.0,0.0,0.0,0.0,0.0,0.0,0.0,0.0,0.0,0.0,0.0,0.0,0.0,0.0,0.0,0.0,0.0,0.0,0.0,0.0,0.0,0.0,0.0,0.0,0.0,0.0,0.0,0.0,0.0,0.0,0.0,0.0,0.0,0.0,0.0,0.0,0.0,0.0,0.0,0.0,0.020547029374194444,0.12328217624516666,0.21463783333333333,3
2024-03-07,0.18928899999999999,0.14660778255689566,9,0.0,0.507037,0.2845264444444444,2.5607379999999997,0.24382755555555555,0.13588913292286395,5,9,bullish,0.09356016666666665,0.16593418319857473,0.05385772614244443,0.18206847777777777,0.12886171380614003,8.333333333333334,0.2739907925925926,-0.03107533333333337,0.17721429829931973,0.15947637914639756,6.285714285714286,0.28193298083900226,0.08557107142857141,0.15887602978524745,0.16216678222454337,7.214285714285714,0.2844731693177271,0.23160009999999998,0.1525667406915089,0.1599162198618809,7.633333333333334,0.2747963039463967,-0.03228728571428574,50.0,0.10798200000000001,0.028352475264550273,0.4700060968845372,-0.17003967907407969,0.9773457317805676,0.25901893333333337,0.0,0.0,0.0,0.0,0.0,0.0,0.0,0.0,0.0,0.0,0.0,0.0,0.0,0.0,0.0,0.0,0.0,0.0,0.0,0.0,0.0,0.0,0.0,0.0,0.0,0.0,0.0,0.0,0.0,0.0,0.0,0.0,0.0,0.0,0.0,0.0,0.0,0.0,0.0,0.0,0.0,0.0,0.0,0.0,0.0,0.05385772614244443,0.4847195352819999,0.2845264444444444,5
2024-03-08,0.1110725,0.00859629713888486,2,0.104994,0.117151,0.483397,0.966794,0.204513,0.1435398481537444,2,2,neutral,-0.07821649999999998,0.13967410956240373,0.0536921132825,0.1320301111111111,0.07160258436468078,5.666666666666667,0.32752042592592595,-0.1501151,0.17896485952380953,0.14851241109951419,5.571428571428571,0.2882828992063492,0.012253928571428582,0.15934689089635853,0.14697862733245629,6.714285714285714,0.29795172487328264,0.006592055555555559,0.1528024873581756,0.15607754832197648,7.366666666666666,0.2829384306130634,0.0070724000000000065,50.0,0.2650861666666666,0.04931214656084656,0.46784889218767145,-0.16586684937721397,-0.4132120725451558,-0.17177666666666663,0.0,0.0,0.0,0.0,0.0,0.0,0.0,0.0,0.0,0.0,0.0,0.0,0.0,0.0,0.0,0.0,0.0,0.0,0.0,0.0,0.0,0.0,0.0,0.0,0.0,0.0,0.0,0.0,0.0,0.0,0.0,0.0,0.0,0.0,0.0,0.0,0.0,0.0,0.0,0.0,0.0,0.0,0.0,0.0,0.0,0.0536921132825,0.107384226565,0.483397,2
2024-03-09,0.12234600000000001,0.038663184581718066,2,0.095007,0.149685,0.07054,0.14108,0.2770455,0.07473199438326263,2,2,neutral,0.011273500000000006,0.0867689246278046,0.008630286840000001,0.1409025,0.06462242142583287,4.333333333333333,0.2794878148148149,0.026617166666666678,0.16503464523809527,0.12527577110192523,5.571428571428571,0.2664328992063492,-0.09751149999999997,0.16217967661064428,0.14593806919631305,6.714285714285714,0.29987711773042547,0.039659000000000014,0.15580782069150892,0.15081762213019675,7.266666666666667,0.28105889727973005,0.09016,50.0,0.07448879411764706,0.04000486751219006,0.45583681710672114,-0.15392577429626358,0.10149677012761948,0.08948999999999999,0.0,0.0,0.0,0.0,0.0,0.0,0.0,0.0,0.0,0.0,0.0,0.0,0.0,0.0,0.0,0.0,0.0,0.0,0.0,0.0,0.0,0.0,0.0,0.0,0.0,0.0,0.0,0.0,0.0,0.0,0.0,0.0,0.0,0.0,0.0,0.0,0.0,0.0,0.0,0.0,0.0,0.0,0.0,0.0,0.0,0.008630286840000001,0.017260573680000002,0.07054,2
2024-03-10,0.3076566666666667,0.257567744355409,3,0.140615,0.604283,0.18582333333333334,0.55747,0.44103033333333336,0.04869292516714656,3,3,bullish,0.18531066666666668,0.10220773640623389,0.05716978732222223,0.1803583888888889,0.10160907535867066,2.3333333333333335,0.24658677777777785,0.1183676666666667,0.18680641904761908,0.14208592524987795,5.428571428571429,0.2722607682539682,0.1524024166666667,0.18564383137254903,0.1519027571957236,6.785714285714286,0.3065557843970922,0.3284981666666667,0.15790153458039782,0.14963530945397688,7.233333333333333,0.2713792083908412,0.06281141666666668,50.0,-0.17221929545454545,0.02709339023946279,0.47288518752309083,-0.1675625113793,1.5146442602673291,0.1740371666666667,0.0,0.0,0.0,0.0,0.0,0.0,0.0,0.0,0.0,0.0,0.0,0.0,0.0,0.0,0.0,0.0,0.0,0.0,0.0,0.0,0.0,0.0,0.0,0.0,0.0,0.0,0.0,0.0,0.0,0.0,0.0,0.0,0.0,0.0,0.0,0.0,0.0,0.0,0.0,0.0,0.0,0.0,0.0,0.0,0.0,0.05716978732222223,0.1715093619666667,0.18582333333333334,3
2024-03-11,0.1663282,0.16101966820567812,10,-0.029764,0.512383,0.3693834,3.693834,0.1897123,0.11212416067026372,4,10,bullish,-0.14132846666666668,0.12249093536771713,0.06143887603188,0.19877695555555555,0.15241686571426838,5.0,0.2085822444444445,0.055255700000000005,0.17908697142857144,0.12177600510001574,6.0,0.2758737301587301,-0.05403613333333335,0.18691586666666665,0.14847147458381607,6.285714285714286,0.3134732499433106,0.017808494117647067,0.15709017458039784,0.14927801942130023,7.266666666666667,0.2767790291315819,-0.024340799999999996,50.0,-0.258371,0.025245186535759086,0.45637725669214757,-0.1633678772150234,-0.45937072710922344,-0.3266391333333334,0.0,0.0,0.0,0.0,0.0,0.0,0.0,0.0,0.0,0.0,0.0,0.0,0.0,0.0,0.0,0.0,0.0,0.0,0.0,0.0,0.0,0.0,0.0,0.0,0.0,0.0,0.0,0.0,0.0,0.0,0.0,0.0,0.0,0.0,0.0,0.0,0.0,0.0,0.0,0.0,0.0,0.0,0.0,0.0,0.0,0.06143887603188,0.6143887603188001,0.3693834,4
2024-03-12,0.061939,0.060507320968623296,6,-0.010977,0.120857,0.1759725,1.055835,0.21960366666666667,0.12235315566779087,5,6,neutral,-0.10438920000000002,0.10527084305006267,0.0108995606775,0.1786412888888889,0.15969824450990347,6.333333333333333,0.24372641111111115,-0.06040700000000001,0.15062288571428573,0.1046522387436387,5.428571428571429,0.2548972158730159,-0.19924860000000003,0.17205117023809527,0.13612466692070174,6.142857142857143,0.29236539280045354,-0.20810575,0.15101331902484227,0.15076551180225672,7.366666666666666,0.2754190124649153,-0.18230566666666667,50.0,0.07305664285714286,0.04090535584792839,0.44401088203259886,-0.14888131366658575,-0.6276097498800564,0.036939266666666665,0.0,0.0,0.0,0.0,0.0,0.0,0.0,0.0,0.0,0.0,0.0,0.0,0.0,0.0,0.0,0.0,0.0,0.0,0.0,0.0,0.0,0.0,0.0,0.0,0.0,0.0,0.0,0.0,0.0,0.0,0.0,0.0,0.0,0.0,0.0,0.0,0.0,0.0,0.0,0.0,0.0,0.0,0.0,0.0,0.0,0.0108995606775,0.06539736406499999,0.1759725,5
2024-03-13,0.0371328,0.058666398029025096,5,-0.011053,0.121116,0.06480359999999999,0.324018,0.16532059999999998,0.11999641639357403,5,5,neutral,-0.0248062,0.1152848632280907,0.0024063391180799997,0.08846666666666668,0.09339779573444218,7.0,0.20338650000000003,-0.27052386666666667,0.14225202380952381,0.10451834226231915,5.285714285714286,0.23349232539682538,-0.05859603333333333,0.15362094166666668,0.12849282941316562,6.142857142857143,0.26764862137188206,-0.2580232,0.1448174623581756,0.14751052411489823,7.466666666666667,0.26866913246491525,-0.1858757,50.0,0.12818092857142857,0.04811846025709946,0.43707253562530113,-0.13399857725928802,-0.4004940344532524,0.07958300000000001,0.0,0.0,0.0,0.0,0.0,0.0,0.0,0.0,0.0,0.0,0.0,0.0,0.0,0.0,0.0,0.0,0.0,0.0,0.0,0.0,0.0,0.0,0.0,0.0,0.0,0.0,0.0,0.0,0.0,0.0,0.0,0.0,0.0,0.0,0.0,0.0,0.0,0.0,0.0,0.0,0.0,0.0,0.0,0.0,0.0,0.0024063391180799997,0.012031695590399998,0.06480359999999999,5
2024-03-14,0.013192999999999996,0.20155138272245451,7,-0.420125,0.176698,0.3196478571428571,2.237535,0.17324085714285714,0.14271884078311523,5,7,neutral,-0.023939800000000004,0.147862502856238,0.004217114179285712,0.0374216,0.10690836724003432,6.0,0.18680798571428578,-0.15313520000000003,0.1170954523809524,0.11236742800025613,5.0,0.2385096700680272,-0.17609599999999997,0.14715487534013608,0.13592190357332684,5.642857142857143,0.26022132545351473,-0.09052492857142858,0.14199638053999378,0.15017861674785557,6.966666666666667,0.27472570043028316,-0.08463245454545454,50.0,-0.12894124999999995,0.02551419914598836,0.430540255112514,-0.1365950411909453,-0.6447076439158912,0.0008663999999999963,0.0,0.0,0.0,0.0,0.0,0.0,0.0,0.0,0.0,0.0,0.0,0.0,0.0,0.0,0.0,0.0,0.0,0.0,0.0,0.0,0.0,0.0,0.0,0.0,0.0,0.0,0.0,0.0,0.0,0.0,0.0,0.0,0.0,0.0,0.0,0.0,0.0,0.0,0.0,0.0,0.0,0.0,0.0,0.0,0.0,0.004217114179285712,0.029519799254999986,0.3196478571428571,5
2024-03-15,0.11663133333333335,0.049717504667202816,3,0.060445,0.15493,0.305629,0.916887,0.191277,0.06190700815739683,2,3,neutral,0.10343833333333335,0.10629245491859676,0.03564591777533334,0.05565237777777778,0.10331176180622748,5.0,0.2300268190476191,0.05469233333333335,0.11788957142857144,0.11824188621858729,5.142857142857143,0.2131142414965986,0.005558833333333346,0.14842721547619048,0.13337714865905073,5.357142857142857,0.2506985703514739,0.01781276190476193,0.14465792498443822,0.14918070719498092,6.8,0.2799861920969499,0.07984633333333335,50.0,-0.032198249999999984,0.006340526306482189,0.4318861223971286,-0.13454647514222656,7.8403951590489935,0.12737813333333337,0.0,0.0,0.0,0.0,0.0,0.0,0.0,0.0,0.0,0.0,0.0,0.0,0.0,0.0,0.0,0.0,0.0,0.0,0.0,0.0,0.0,0.0,0.0,0.0,0.0,0.0,0.0,0.0,0.0,0.0,0.0,0.0,0.0,0.0,0.0,0.0,0.0,0.0,0.0,0.0,0.0,0.0,0.0,0.0,0.0,0.03564591777533334,0.10693775332600002,0.305629,2
2024-03-16,-0.003807,0.0,1,-0.003807,-0.003807,0.023035,0.023035,0.105738,0.0,1,1,neutral,-0.12043833333333336,0.09261065159682641,-8.7694245e-05,0.04200577777777779,0.12563444369482868,3.6666666666666665,0.21610395238095245,-0.0409398,0.0998677142857143,0.1315050031580655,5.0,0.20632781292517005,-0.12615300000000002,0.13245117976190476,0.12815080128168227,5.285714285714286,0.23638035606575963,-0.2236645,0.13863853927015252,0.14686485043396863,6.366666666666666,0.27059195638266414,-0.18058157142857142,50.0,0.05317599999999997,0.00025097075092662957,0.42932164076777873,-0.13027854351287677,-1.0326413142265944,-0.22387666666666672,0.0,0.0,0.0,0.0,0.0,0.0,0.0,0.0,0.0,0.0,0.0,0.0,0.0,0.0,0.0,0.0,0.0,0.0,0.0,0.0,0.0,0.0,0.0,0.0,0.0,0.0,0.0,0.0,0.0,0.0,0.0,0.0,0.0,0.0,0.0,0.0,0.0,0.0,0.0,0.0,0.0,0.0,0.0,0.0,0.0,-8.7694245e-05,-8.7694245e-05,0.023035,1
2024-03-17,0.0951745,0.1300271042039569,4,-0.033718,0.27408,0.12522975,0.500919,0.20370575000000002,0.09431964483031446,1,4,neutral,0.0989815,0.10999059740565983,0.011918678841375,0.06933294444444445,0.08987230443557986,2.6666666666666665,0.15129791666666673,0.0819815,0.06951311904761905,0.11024822979949012,5.142857142857143,0.19767158673469387,-0.2124821666666667,0.12815976904761905,0.12739160427277588,5.285714285714286,0.23496617749433105,-0.06007974999999999,0.13424437260348582,0.14309050145272798,6.233333333333333,0.2591099688826642,-0.131825,50.0,0.02827356666666664,-0.02606154036018448,0.4183353783085636,-0.12462680164189696,-25.99986866298923,0.21941983333333337,0.0,0.0,0.0,0.0,0.0,0.0,0.0,0.0,0.0,0.0,0.0,0.0,0.0,0.0,0.0,0.0,0.0,0.0,0.0,0.0,0.0,0.0,0.0,0.0,0.0,0.0,0.0,0.0,0.0,0.0,0.0,0.0,0.0,0.0,0.0,0.0,0.0,0.0,0.0,0.0,0.0,0.0,0.0,0.0,0.0,0.011918678841375,0.0476747153655,0.12522975,1
2024-03-18,0.34718899999999997,0.3051784967763402,4,-0.041992,0.602248,0.498908,1.995632,0.2359695,0.20004333434950206,4,4,bullish,0.2520145,0.17161862209248863,0.173215369612,0.1461855,0.21760280049014855,3.0,0.21572425000000006,0.2305576666666666,0.09535037619047618,0.1342747012279338,4.285714285714286,0.21617510102040818,0.18086079999999996,0.13721867380952382,0.12754463408213176,5.142857142857143,0.24602441558956917,0.1268246666666666,0.14278679760348587,0.1526088777479862,6.233333333333333,0.26473691888266415,0.25627274999999994,50.0,-0.054991722222222206,-0.04044826439794773,0.42975215591636534,-0.12832915424969865,2.6479203988463293,0.15303299999999997,0.0,0.0,0.0,0.0,0.0,0.0,0.0,0.0,0.0,0.0,0.0,0.0,0.0,0.0,0.0,0.0,0.0,0.0,0.0,0.0,0.0,0.0,0.0,0.0,0.0,0.0,0.0,0.0,0.0,0.0,0.0,0.0,0.0,0.0,0.0,0.0,0.0,0.0,0.0,0.0,0.0,0.0,0.0,0.0,0.0,0.173215369612,0.692861478448,0.498908,4
2024-03-19,0.1924474,0.1840919188633765,5,0.039854,0.47887,0.21842999999999999,1.09215,0.3707894,0.08078494757255214,3,5,bullish,-0.15474159999999998,0.1672537561277191,0.042036285581999996,0.21160363333333332,0.2064325066145579,4.333333333333333,0.2808559166666667,0.1962544,0.11399443333333334,0.15487213421039267,4.142857142857143,0.2222404581632653,0.1305084,0.13230865952380952,0.12783065203598667,4.785714285714286,0.2385688370181406,-0.06874020000000003,0.14509984427015252,0.15369449985541345,6.366666666666666,0.27178671888266415,0.06939139999999999,50.0,-0.23160009999999998,-0.0470461315696649,0.42657249388782276,-0.13542035222115606,-0.44569845242792827,-0.40675609999999995,0.0,0.0,0.0,0.0,0.0,0.0,0.0,0.0,0.0,0.0,0.0,0.0,0.0,0.0,0.0,0.0,0.0,0.0,0.0,0.0,0.0,0.0,0.0,0.0,0.0,0.0,0.0,0.0,0.0,0.0,0.0,0.0,0.0,0.0,0.0,0.0,0.0,0.0,0.0,0.0,0.0,0.0,0.0,0.0,0.0,0.042036285581999996,0.21018142791,0.21842999999999999,3
2024-03-20,0.013449333333333322,0.1902746823051699,3,-0.184375,0.195148,0.3584963333333333,1.075489,0.16974,0.19647610039646043,3,3,neutral,-0.17899806666666668,0.20239305053721088,0.0048215366857777735,0.18436191111111114,0.22651503264829553,4.0,0.35861144444444454,-0.08172516666666667,0.11061108095238095,0.1768068482564168,3.857142857142857,0.26419656292517,-0.02368346666666668,0.12643155238095238,0.13788226810574883,4.571428571428571,0.24884444416099774,-0.0822795,0.13643014427015251,0.15666458521564763,6.366666666666666,0.27090376332710864,-0.260091,50.0,-0.006592055555555559,-0.019070693298059962,0.4318201523180204,-0.14969487017516325,-0.9301142372755707,-0.0242564666666667,0.0,0.0,0.0,0.0,0.0,0.0,0.0,0.0,0.0,0.0,0.0,0.0,0.0,0.0,0.0,0.0,0.0,0.0,0.0,0.0,0.0,0.0,0.0,0.0,0.0,0.0,0.0,0.0,0.0,0.0,0.0,0.0,0.0,0.0,0.0,0.0,0.0,0.0,0.0,0.0,0.0,0.0,0.0,0.0,0.0,0.0048215366857777735,0.014464610057333321,0.3584963333333333,3
2024-03-21,-0.013539499999999996,0.161967757978247,2,-0.128068,0.100989,0.060148499999999994,0.12029699999999999,0.17272150000000003,0.23755323024640185,2,2,neutral,-0.026988833333333316,0.1943079920254181,-0.0008143806157499997,0.0641190777777778,0.1787781197155978,3.3333333333333335,0.2123582777777778,-0.36072849999999995,0.10679215238095238,0.17020957746571555,3.142857142857143,0.22712522619047618,-0.026732499999999992,0.11194380238095239,0.139063804676622,4.071428571428571,0.2328174481292517,-0.20282849999999997,0.1263301220479303,0.1531278702086294,6.233333333333333,0.25985922443821974,-0.30300066666666664,50.0,-0.039659,-0.03159465361552028,0.4342678997477685,-0.16337842474776848,-2.006704173688907,0.15200923333333335,0.0,0.0,0.0,0.0,0.0,0.0,0.0,0.0,0.0,0.0,0.0,0.0,0.0,0.0,0.0,0.0,0.0,0.0,0.0,0.0,0.0,0.0,0.0,0.0,0.0,0.0,0.0,0.0,0.0,0.0,0.0,0.0,0.0,0.0,0.0,0.0,0.0,0.0,0.0,0.0,0.0,0.0,0.0,0.0,0.0,-0.0008143806157499997,-0.0016287612314999993,0.060148499999999994,2
2024-03-22,0.215854,0.1305290833799119,2,0.123556,0.308152,0.15955,0.3191,0.2216845,0.20272680705940202,2,2,bullish,0.22939349999999997,0.1944083878606091,0.0344395057,0.07192127777777779,0.1609238412211096,2.3333333333333335,0.19273161111111117,0.0234066,0.12096681904761904,0.18367817391783373,3.0,0.20625679761904764,0.09922266666666664,0.11942819523809524,0.14844324977208562,4.071428571428571,0.2096855195578231,0.10478149999999999,0.1321673516775599,0.15091259680764166,6.0,0.2581351281419234,0.17511688888888888,50.0,-0.3284981666666667,-0.08233677530864197,0.4266160846230392,-0.15612695962303919,-16.94253849846745,0.25638233333333327,0.0,0.0,0.0,0.0,0.0,0.0,0.0,0.0,0.0,0.0,0.0,0.0,0.0,0.0,0.0,0.0,0.0,0.0,0.0,0.0,0.0,0.0,0.0,0.0,0.0,0.0,0.0,0.0,0.0,0.0,0.0,0.0,0.0,0.0,0.0,0.0,0.0,0.0,0.0,0.0,0.0,0.0,0.0,0.0,0.0,0.0344395057,0.0688790114,0.15955,2
2024-03-23,0.065034,0.12069764095871965,3,-0.05577,0.185625,0.11668966666666668,0.350069,0.201972,0.2157243068455662,3,3,neutral,-0.15082,0.15751221669708498,0.007588795782,0.08911616666666668,0.1377314941056262,2.3333333333333335,0.11212938888888896,0.051584666666666674,0.1308012476190476,0.17468095492367455,3.2857142857142856,0.2196360357142857,0.068841,0.11533448095238095,0.15475359257031654,4.142857142857143,0.21298192431972787,-0.057312000000000016,0.1357455216775599,0.1492893495268388,5.433333333333334,0.25061027703081235,0.1073451,50.0,-0.017808494117647067,-0.06998869132171388,0.4200841221903001,-0.15861702219030013,-0.6987130189850548,-0.3802135,0.0,0.0,0.0,0.0,0.0,0.0,0.0,0.0,0.0,0.0,0.0,0.0,0.0,0.0,0.0,0.0,0.0,0.0,0.0,0.0,0.0,0.0,0.0,0.0,0.0,0.0,0.0,0.0,0.0,0.0,0.0,0.0,0.0,0.0,0.0,0.0,0.0,0.0,0.0,0.0,0.0,0.0,0.0,0.0,0.0,0.007588795782,0.022766387346,0.11668966666666668,3
2024-03-24,0.20621766666666666,0.22042947082532618,3,0.046956,0.457796,0.2666673333333333,0.800002,0.12595466666666666,0.14257843175716772,2,3,bullish,0.14118366666666665,0.16477972708947494,0.054991515256222215,0.16236855555555557,0.15721873172131925,2.6666666666666665,0.18096900000000007,0.21975716666666667,0.14666455714285714,0.18759557872672733,3.142857142857143,0.23984140476190477,0.11104316666666667,0.10808883809523809,0.1518968022987717,4.142857142857143,0.2187564957482993,-0.10143900000000003,0.13913676241830067,0.14926172901639817,5.233333333333333,0.24967594740118268,0.10173722222222222,50.0,0.20810575,-0.04328824687726943,0.41066524796966286,-0.15061281463632958,2.170920851657082,0.29200366666666666,0.0,0.0,0.0,0.0,0.0,0.0,0.0,0.0,0.0,0.0,0.0,0.0,0.0,0.0,0.0,0.0,0.0,0.0,0.0,0.0,0.0,0.0,0.0,0.0,0.0,0.0,0.0,0.0,0.0,0.0,0.0,0.0,0.0,0.0,0.0,0.0,0.0,0.0,0.0,0.0,0.0,0.0,0.0,0.0,0.0,0.054991515256222215,0.16497454576866666,0.2666673333333333,2
2024-03-25,0.1675776,0.15517148356350788,5,0.010148,0.365519,0.435973,2.179865,0.1995054,0.07815855078492692,4,5,bullish,-0.03864006666666667,0.15775908734114252,0.0730593090048,0.14627642222222223,0.16543286511585123,3.6666666666666665,0.2731100000000001,-0.0482764,0.1210057857142857,0.16616600541060841,3.2857142857142856,0.23085069047619045,-0.17961139999999998,0.10817808095238095,0.15144694194168168,3.7857142857142856,0.2235128957482993,0.0012493999999999839,0.14196644908496733,0.15277691815694247,5.333333333333333,0.26275556406784933,0.0848906,50.0,0.2580232,-0.02052744687726943,0.4033318846117939,-0.1526404512784606,-0.1873751521450635,-0.17982373333333332,0.0,0.0,0.0,0.0,0.0,0.0,0.0,0.0,0.0,0.0,0.0,0.0,0.0,0.0,0.0,0.0,0.0,0.0,0.0,0.0,0.0,0.0,0.0,0.0,0.0,0.0,0.0,0.0,0.0,0.0,0.0,0.0,0.0,0.0,0.0,0.0,0.0,0.0,0.0,0.0,0.0,0.0,0.0,0.0,0.0,0.0730593090048,0.365296545024,0.435973,4
2024-03-26,0.15271538461538461,0.10169068704699434,13,0.017004,0.345264,0.2940409230769231,3.8225320000000003,0.22872430769230773,0.07198170648665375,7,13,bullish,-0.01486221538461538,0.145703673154892,0.04490457266035503,0.17550355042735044,0.15909721381194278,7.0,0.33222708547008556,0.08768138461538462,0.11532978351648351,0.15439440086541098,4.428571428571429,0.2416522509157509,-0.03973201538461538,0.11466210842490843,0.15461489317847946,4.285714285714286,0.2319463545395081,0.09077638461538462,0.1477516785721468,0.15028135176671256,5.7,0.2694795281704135,0.1735568846153846,50.0,0.09052492857142859,-0.013610628887851434,0.410611424138921,-0.15422133567738255,-0.08868855613527926,0.023777851282051288,0.0,0.0,0.0,0.0,0.0,0.0,0.0,0.0,0.0,0.0,0.0,0.0,0.0,0.0,0.0,0.0,0.0,0.0,0.0,0.0,0.0,0.0,0.0,0.0,0.0,0.0,0.0,0.0,0.0,0.0,0.0,0.0,0.0,0.0,0.0,0.0,0.0,0.0,0.0,0.0,0.0,0.0,0.0,0.0,0.0,0.04490457266035503,0.5837594445846154,0.2940409230769231,7
2024-03-27,0.23255585714285715,0.23462496315924308,7,-0.050884,0.569758,0.30683871428571424,2.147871,0.283386,0.0819292999095358,6,7,bullish,0.07984047252747253,0.1665228491107582,0.07135714020532652,0.18428294725274727,0.1638290445899151,8.333333333333334,0.3456175457875459,0.026338190476190487,0.14663071548927262,0.16073015527313572,5.0,0.23427259105180534,0.21910652380952383,0.1286208982208268,0.16815016741926547,4.428571428571429,0.2492345769884877,0.19542305714285715,0.1505528836141636,0.15116298412488016,5.366666666666666,0.27062285590150587,0.0840361512605042,50.0,-0.01781276190476193,-0.009479633297022514,0.42203973337525835,-0.16132295919943418,0.5228056932741363,0.09470268791208791,0.0,0.0,0.0,0.0,0.0,0.0,0.0,0.0,0.0,0.0,0.0,0.0,0.0,0.0,0.0,0.0,0.0,0.0,0.0,0.0,0.0,0.0,0.0,0.0,0.0,0.0,0.0,0.0,0.0,0.0,0.0,0.0,0.0,0.0,0.0,0.0,0.0,0.0,0.0,0.0,0.0,0.0,0.0,0.0,0.0,0.07135714020532652,0.49949998143728563,0.30683871428571424,6
2024-03-28,0.193669625,0.18441766762506204,8,0.0,0.492864,0.3017545,2.414036,0.182174,0.13259199307219552,6,8,bullish,-0.038886232142857136,0.1792668544440267,0.0584406808570625,0.19298028891941396,0.17357777261043317,9.333333333333334,0.30087804578754584,0.02609202500000002,0.1762320190607012,0.16393728522268072,5.857142857142857,0.2687877339089482,0.207209125,0.1415120857208268,0.16683218933485064,4.5,0.24795648004971219,0.180476625,0.14800704611416365,0.14947522686187456,5.366666666666666,0.2649652559015059,-0.07637512499999999,50.0,0.2236645,0.04110532225853304,0.4446771023080138,-0.17570061563218964,-0.16721243928493978,-0.11872670467032967,0.0,0.0,0.0,0.0,0.0,0.0,0.0,0.0,0.0,0.0,0.0,0.0,0.0,0.0,0.0,0.0,0.0,0.0,0.0,0.0,0.0,0.0,0.0,0.0,0.0,0.0,0.0,0.0,0.0,0.0,0.0,0.0,0.0,0.0,0.0,0.0,0.0,0.0,0.0,0.0,0.0,0.0,0.0,0.0,0.0,0.0584406808570625,0.4675254468565,0.3017545,6
2024-03-29,0.07327433333333333,0.024538466544047396,3,0.04494,0.087544,0.06327333333333333,0.18982,0.28747799999999996,0.14742423904161753,2,3,neutral,-0.12039529166666668,0.14008865358777095,0.004636311317777778,0.16649993849206354,0.1478603657761175,6.0,0.2239555158730159,-0.07944105128205128,0.1558634952511774,0.14879576853184293,6.0,0.25503392438513867,-0.14257966666666666,0.1384151571493982,0.16489534024845406,4.5,0.23064536100209312,-0.04335700000000002,0.14061099055860807,0.14461406628978893,5.3,0.25337975367928367,-0.2218816666666667,50.0,0.06007974999999999,0.048513300653594764,0.4407367065496625,-0.176667386540505,-0.6216529394667165,-0.08150905952380955,0.0,0.0,0.0,0.0,0.0,0.0,0.0,0.0,0.0,0.0,0.0,0.0,0.0,0.0,0.0,0.0,0.0,0.0,0.0,0.0,0.0,0.0,0.0,0.0,0.0,0.0,0.0,0.0,0.0,0.0,0.0,0.0,0.0,0.0,0.0,0.0,0.0,0.0,0.0,0.0,0.0,0.0,0.0,0.0,0.0,0.004636311317777778,0.013908933953333334,0.06327333333333333,2
2024-03-30,0.027666999999999994,0.20838416974184965,3,-0.20774,0.188517,0.14859666666666668,0.44579,0.029198666666666668,0.29761913028959236,3,3,neutral,-0.04560733333333333,0.15073119082343928,0.004111223976666666,0.09820365277777778,0.13911343463698636,4.666666666666667,0.17120816666666672,-0.20488885714285715,0.15052535239403456,0.1613224155008615,6.0,0.2595920672422815,-0.037367,0.14066330000654106,0.16800168521226805,4.642857142857143,0.2396140514782836,0.031473999999999995,0.13807595960622712,0.14843612922984592,4.933333333333334,0.24421197590150587,-0.07605092857142857,50.0,-0.1268246666666666,0.038828226579520696,0.42156000483595457,-0.18548965149346366,-0.6224189461521316,0.07478795833333335,0.0,0.0,0.0,0.0,0.0,0.0,0.0,0.0,0.0,0.0,0.0,0.0,0.0,0.0,0.0,0.0,0.0,0.0,0.0,0.0,0.0,0.0,0.0,0.0,0.0,0.0,0.0,0.0,0.0,0.0,0.0,0.0,0.0,0.0,0.0,0.0,0.0,0.0,0.0,0.0,0.0,0.0,0.0,0.0,0.0,0.004111223976666666,0.012333671929999998,0.14859666666666668,3
2024-04-01,0.1610012,0.1246630683289963,5,0.009409,0.291787,0.2639472,1.319736,0.21740900000000002,0.12161102323802725,3,5,bullish,0.1333342,0.1553256670798397,0.04249581593664,0.0873141777777778,0.11919523487163113,3.6666666666666665,0.15860573333333342,-0.032668425,0.14406585715593928,0.14764150085852865,6.285714285714286,0.259203476766091,-0.04521646666666665,0.14536520714939824,0.167618539792628,4.714285714285714,0.2495224407639979,0.06582670000000002,0.14014871389194142,0.1497919566388779,4.866666666666666,0.2383786301872202,0.06218262857142859,50.0,0.06874020000000003,0.08296582287581701,0.4174666443226196,-0.18192899098012874,4.819250370477466,0.17894153333333335,0.0,0.0,0.0,0.0,0.0,0.0,0.0,0.0,0.0,0.0,0.0,0.0,0.0,0.0,0.0,0.0,0.0,0.0,0.0,0.0,0.0,0.0,0.0,0.0,0.0,0.0,0.0,0.0,0.0,0.0,0.0,0.0,0.0,0.0,0.0,0.0,0.0,0.0,0.0,0.0,0.0,0.0,0.0,0.0,0.0,0.04249581593664,0.2124790796832,0.2639472,3
2024-04-02,0.1454682,0.12751435779824952,5,0.055623,0.369538,0.1093698,0.546849,0.254114,0.0991821282994068,5,5,neutral,-0.015533000000000019,0.13390354600764098,0.01590982794036,0.11137880000000001,0.15352053195636514,4.333333333333333,0.17397122222222228,0.07219386666666666,0.14090737144165358,0.14369048289206318,6.285714285714286,0.21254587676609105,-0.0221094,0.13095657857796966,0.1549282441513358,4.785714285714286,0.22169828362114075,-0.20172079999999998,0.13766907055860805,0.14724694606071959,4.966666666666667,0.23457462352055353,-0.07438929999999999,50.0,0.08227950000000002,0.09408671111111112,0.42869647662047494,-0.18480590327798416,-0.0964775417822974,-0.14886720000000003,0.0,0.0,0.0,0.0,0.0,0.0,0.0,0.0,0.0,0.0,0.0,0.0,0.0,0.0,0.0,0.0,0.0,0.0,0.0,0.0,0.0,0.0,0.0,0.0,0.0,0.0,0.0,0.0,0.0,0.0,0.0,0.0,0.0,0.0,0.0,0.0,0.0,0.0,0.0,0.0,0.0,0.0,0.0,0.0,0.0,0.01590982794036,0.0795491397018,0.1093698,5
2024-04-03,0.10439016666666667,0.09372650776470158,6,0.016012,0.277355,0.14869033333333334,0.892142,0.22599466666666668,0.11688287234948784,5,6,neutral,-0.04107803333333332,0.11576531403556889,0.01552180867838889,0.1369531888888889,0.1153013112973158,5.333333333333333,0.1740024444444445,0.07672316666666668,0.13400376887755103,0.1425527429945928,5.285714285714286,0.19178150680272107,-0.04832521794871794,0.12466677619701727,0.14847357193000188,4.857142857142857,0.21671687885923596,-0.08805723333333332,0.13597360111416362,0.14565487166226998,5.033333333333333,0.23469669296499795,-0.05086408333333331,50.0,0.20282849999999997,0.09350035000000001,0.43574988282072163,-0.18513357281156412,-0.2823849702775818,-0.0255450333333333,0.0,0.0,0.0,0.0,0.0,0.0,0.0,0.0,0.0,0.0,0.0,0.0,0.0,0.0,0.0,0.0,0.0,0.0,0.0,0.0,0.0,0.0,0.0,0.0,0.0,0.0,0.0,0.0,0.0,0.0,0.0,0.0,0.0,0.0,0.0,0.0,0.0,0.0,0.0,0.0,0.0,0.0,0.0,0.0,0.0,0.01552180867838889,0.09313085207033334,0.14869033333333334,5
2024-04-04,0.176405625,0.19574441596847478,8,-0.168945,0.484388,0.21926075,1.754086,0.23090025,0.10812094642938397,5,8,bullish,0.07201545833333334,0.15000650392045436,0.03867882964171875,0.14208799722222223,0.13899509384380862,6.333333333333333,0.1591069611111112,0.015404425,0.12598230714285713,0.13699837911019733,5.428571428571429,0.1792703690476191,-0.05615023214285714,0.1363065113160649,0.1488642671916665,5.214285714285714,0.2067714800497122,0.1629562916666667,0.13450831083638584,0.14194988223860658,5.1,0.23053562907610908,-0.043958708333333346,50.0,-0.10478149999999999,0.05318871666666667,0.443299254412408,-0.17636168190325047,0.6898682187498504,0.11309349166666666,0.0,0.0,0.0,0.0,0.0,0.0,0.0,0.0,0.0,0.0,0.0,0.0,0.0,0.0,0.0,0.0,0.0,0.0,0.0,0.0,0.0,0.0,0.0,0.0,0.0,0.0,0.0,0.0,0.0,0.0,0.0,0.0,0.0,0.0,0.0,0.0,0.0,0.0,0.0,0.0,0.0,0.0,0.0,0.0,0.0,0.03867882964171875,0.30943063713375,0.21926075,5
2024-04-05,0.09422083333333332,0.1908478791848803,6,-0.145434,0.392135,0.127607,0.7656419999999999,0.248943,0.11841978148265603,4,6,neutral,-0.08218479166666669,0.1464992458090605,0.012023237879166666,0.1250055416666667,0.1601062676393522,6.666666666666667,0.16518602777777783,-0.05124736666666667,0.11177533690476191,0.13791698076159992,5.142857142857143,0.15439215476190474,-0.09944879166666669,0.14400367798273156,0.1509271329921403,5.5,0.2115899443354265,0.10776033333333332,0.12894275194749694,0.14231106133245547,4.966666666666667,0.22402892574277575,-0.1669667666666667,50.0,0.057312000000000016,0.04949839126984127,0.45703455830900563,-0.19233803579984812,-0.46588532347915035,-0.15420025000000004,0.0,0.0,0.0,0.0,0.0,0.0,0.0,0.0,0.0,0.0,0.0,0.0,0.0,0.0,0.0,0.0,0.0,0.0,0.0,0.0,0.0,0.0,0.0,0.0,0.0,0.0,0.0,0.0,0.0,0.0,0.0,0.0,0.0,0.0,0.0,0.0,0.0,0.0,0.0,0.0,0.0,0.0,0.0,0.0,0.0,0.012023237879166666,0.072139427275,0.127607,4
2024-04-06,0.036083,0.0,1,0.036083,0.036083,0.164133,0.164133,0.030737,0.0,1,1,neutral,-0.058137833333333326,0.15195829017907656,0.005922411038999999,0.10223648611111114,0.1932961475766775,5.0,0.1703335833333334,-0.06830716666666667,0.1064622892857143,0.1568133997978587,4.857142857142857,0.16880067857142858,-0.03719133333333333,0.13116289226844585,0.1524962137315425,5.428571428571429,0.2119173014782836,-0.179771,0.1269545575030525,0.1452648966158195,4.8,0.22234543129833131,-0.059645833333333335,50.0,0.10143900000000006,0.06274858703703705,0.45902905830900564,-0.1903435357998481,-0.6170379869986291,0.02404695833333336,0.0,0.0,0.0,0.0,0.0,0.0,0.0,0.0,0.0,0.0,0.0,0.0,0.0,0.0,0.0,0.0,0.0,0.0,0.0,0.0,0.0,0.0,0.0,0.0,0.0,0.0,0.0,0.0,0.0,0.0,0.0,0.0,0.0,0.0,0.0,0.0,0.0,0.0,0.0,0.0,0.0,0.0,0.0,0.0,0.0,0.005922411038999999,0.005922411038999999,0.164133,1
2024-04-07,0.09586299999999999,0.12050971297368523,3,-0.042017,0.181064,0.18214866666666665,0.546446,0.17616866666666667,0.09916221611749777,2,3,neutral,0.05977999999999999,0.15020712897293548,0.017461317632666663,0.07538894444444445,0.15567879607928276,3.3333333333333335,0.15796288888888896,-0.08054262500000002,0.116204575,0.1421676570031646,4.857142857142857,0.17359382142857144,0.06819599999999999,0.13336496369701725,0.1524817577326937,5.428571428571429,0.21659294433542647,0.030828999999999995,0.1238403575030525,0.14433282270213343,4.6,0.2189328387057387,-0.093426,50.0,-0.0012493999999999839,0.03775815370370372,0.45806165265318755,-0.18930728014403,1.6567358589917691,0.11791783333333332,0.0,0.0,0.0,0.0,0.0,0.0,0.0,0.0,0.0,0.0,0.0,0.0,0.0,0.0,0.0,0.0,0.0,0.0,0.0,0.0,0.0,0.0,0.0,0.0,0.0,0.0,0.0,0.0,0.0,0.0,0.0,0.0,0.0,0.0,0.0,0.0,0.0,0.0,0.0,0.0,0.0,0.0,0.0,0.0,0.0,0.017461317632666663,0.05238395289799999,0.18214866666666665,2
2024-04-08,0.257548,0.1868496494502108,7,0.0,0.534299,0.27144614285714286,1.900123,0.30684000000000006,0.11366710886326498,3,7,bullish,0.16168500000000002,0.17348791439431277,0.06991041120057143,0.12983133333333335,0.15367968121194803,3.6666666666666665,0.2059092698412699,0.1633271666666667,0.129996975,0.1525320871900337,5.142857142857143,0.17466509897959184,0.09654679999999999,0.13703141607796965,0.14989869454999252,5.714285714285714,0.21693428787284144,0.05133033333333334,0.12872287416971917,0.15069901385610934,4.766666666666667,0.21186781013431014,0.14647549999999998,50.0,-0.09077638461538462,0.02099636096866099,0.441123934513595,-0.18133366200443746,1.6866257054337965,0.10190500000000002,0.0,0.0,0.0,0.0,0.0,0.0,0.0,0.0,0.0,0.0,0.0,0.0,0.0,0.0,0.0,0.0,0.0,0.0,0.0,0.0,0.0,0.0,0.0,0.0,0.0,0.0,0.0,0.0,0.0,0.0,0.0,0.0,0.0,0.0,0.0,0.0,0.0,0.0,0.0,0.0,0.0,0.0,0.0,0.0,0.0,0.06991041120057143,0.489372878404,0.27144614285714286,3
2024-04-09,0.19051200000000001,0.21803128870620586,10,0.0,0.638224,0.2566792,2.566792,0.2092051,0.13504070432317805,6,10,bullish,-0.06703599999999998,0.17905963257874555,0.0489004677504,0.18130766666666667,0.1751302170433673,6.666666666666667,0.23675800317460324,0.154429,0.13643180357142856,0.16761824234135977,5.857142857142857,0.19570929897959183,0.04504380000000002,0.13866958750654107,0.1547340641763539,6.071428571428571,0.20412758787284144,0.02293440000000002,0.13099507416971917,0.15710501757484105,5.033333333333333,0.21807245013431012,0.068166,50.0,-0.19542305714285715,0.013374317582417592,0.44459972976020856,-0.18500299725105107,-0.2602854613508938,-0.228721,0.0,0.0,0.0,0.0,0.0,0.0,0.0,0.0,0.0,0.0,0.0,0.0,0.0,0.0,0.0,0.0,0.0,0.0,0.0,0.0,0.0,0.0,0.0,0.0,0.0,0.0,0.0,0.0,0.0,0.0,0.0,0.0,0.0,0.0,0.0,0.0,0.0,0.0,0.0,0.0,0.0,0.0,0.0,0.0,0.0,0.0489004677504,0.489004677504,0.2566792,6
2024-04-10,0.15828783333333332,0.2645876076967645,12,-0.178449,0.823291,0.26069108333333335,3.128293,0.13315449999999998,0.12090904792032729,10,12,bullish,-0.03222416666666669,0.19749456470671659,0.041264226750152774,0.20211594444444447,0.22315618195106035,9.666666666666666,0.2629388087301588,0.06242483333333333,0.14413147023809522,0.19609509233003689,6.714285714285714,0.21170940612244896,0.05389766666666665,0.13906761955782312,0.16726459653402853,6.0,0.20174545646258504,0.005572448717948708,0.12601611305860808,0.15735572697988948,5.333333333333333,0.2205680418009768,-0.14936883333333337,50.0,-0.18047662500000003,-0.014316440750915748,0.4596640679593238,-0.18558348545016623,-0.16914507572576365,0.03481183333333329,0.0,0.0,0.0,0.0,0.0,0.0,0.0,0.0,0.0,0.0,0.0,0.0,0.0,0.0,0.0,0.0,0.0,0.0,0.0,0.0,0.0,0.0,0.0,0.0,0.0,0.0,0.0,0.0,0.0,0.0,0.0,0.0,0.0,0.0,0.0,0.0,0.0,0.0,0.0,0.0,0.0,0.0,0.0,0.0,0.0,0.041264226750152774,0.4951707210018333,0.26069108333333335,10
2024-04-11,0.08345333333333334,0.08197138235425011,6,-0.011587,0.197469,0.13067233333333333,0.784034,0.24189333333333332,0.1402072413759955,4,6,neutral,-0.07483449999999998,0.1743899282362233,0.010905041791111111,0.14408438888888891,0.18819675958574014,9.333333333333334,0.21601420555555562,-0.17409466666666668,0.13085257142857143,0.17713292006099945,6.428571428571429,0.19905391802721087,-0.09295229166666667,0.12841743928571428,0.15552201339518293,5.928571428571429,0.18916214353741495,-0.14910252380952382,0.1232536175030525,0.15453257391376704,5.2,0.21261100624542126,-0.08287486666666667,50.0,0.04335700000000002,-0.018641162973137965,0.45609303850767496,-0.17231317266518414,-0.47277480791848603,-0.04261033333333329,0.0,0.0,0.0,0.0,0.0,0.0,0.0,0.0,0.0,0.0,0.0,0.0,0.0,0.0,0.0,0.0,0.0,0.0,0.0,0.0,0.0,0.0,0.0,0.0,0.0,0.0,0.0,0.0,0.0,0.0,0.0,0.0,0.0,0.0,0.0,0.0,0.0,0.0,0.0,0.0,0.0,0.0,0.0,0.0,0.0,0.010905041791111111,0.06543025074666667,0.13067233333333333,4
2024-04-12,0.1904975,0.18067746404481844,4,0.039187,0.40269,0.40821399999999997,1.6328559999999999,0.26239524999999997,0.058488452047533855,3,4,bullish,0.10704416666666665,0.18642347845044993,0.07776374646499999,0.14407955555555557,0.17574548469861098,7.333333333333333,0.26652580555555566,-1.4500000000028379e-05,0.14460638095238096,0.17543785087098915,6.142857142857143,0.23914063231292518,0.09627666666666666,0.12819085892857143,0.15523430542747188,5.642857142857143,0.19676639353741496,-0.0031721250000000256,0.12753890083638583,0.1588243647379169,5.133333333333334,0.22035238957875458,0.1285585,50.0,-0.031474,-0.04467477408424907,0.46010399041977046,-0.17885977457727956,1.2826829365713368,0.18187866666666663,0.0,0.0,0.0,0.0,0.0,0.0,0.0,0.0,0.0,0.0,0.0,0.0,0.0,0.0,0.0,0.0,0.0,0.0,0.0,0.0,0.0,0.0,0.0,0.0,0.0,0.0,0.0,0.0,0.0,0.0,0.0,0.0,0.0,0.0,0.0,0.0,0.0,0.0,0.0,0.0,0.0,0.0,0.0,0.0,0.0,0.07776374646499999,0.31105498585999997,0.40821399999999997,3
2024-04-13,-0.395327,0.0,1,-0.395327,-0.395327,0.421485,0.421485,-0.298024,0.0,1,1,bearish,-0.5858245,0.18631693570050972,-0.166624400595,-0.04045872222222221,0.13132442319953425,3.6666666666666665,0.32012377777777784,-0.5536148333333333,0.08297638095238094,0.17543785087098915,6.142857142857143,0.2759052037414966,-0.43140999999999996,0.09471933511904762,0.16612562533442393,5.5,0.2223529411564626,-0.4686013333333333,0.11312357416971917,0.16253391906046843,5.0,0.23224176957875456,-0.4324598,50.0,-0.06582670000000007,-0.04034646297313797,0.4414240848964974,-0.2062159690540066,-3.0752345831310124,-0.6928686666666666,0.0,0.0,0.0,0.0,0.0,0.0,0.0,0.0,0.0,0.0,0.0,0.0,0.0,0.0,0.0,0.0,0.0,0.0,0.0,0.0,0.0,0.0,0.0,0.0,0.0,0.0,0.0,0.0,0.0,0.0,0.0,0.0,0.0,0.0,0.0,0.0,0.0,0.0,0.0,0.0,0.0,0.0,0.0,0.0,0.0,-0.166624400595,-0.166624400595,0.421485,1
2024-04-14,0.241372,0.14274424288565896,3,0.077349,0.337464,0.43393,1.30179,0.186191,0.09999205053903037,3,3,bullish,0.636699,0.167495174245373,0.10473855196,0.012180833333333354,0.16171085346523867,2.6666666666666665,0.42120966666666676,0.15791866666666665,0.10376338095238095,0.17914360585631808,6.142857142857143,0.31187396564625847,0.145509,0.10998397797619049,0.16065563142974137,5.5,0.24273389353741498,0.213705,0.12072954083638583,0.16035587684429078,4.866666666666666,0.23605117434065934,0.22817900000000002,50.0,0.20172079999999998,-0.024301040750915753,0.4345501095698677,-0.19582656039404353,-1.6105629010920075,1.2225234999999999,0.0,0.0,0.0,0.0,0.0,0.0,0.0,0.0,0.0,0.0,0.0,0.0,0.0,0.0,0.0,0.0,0.0,0.0,0.0,0.0,0.0,0.0,0.0,0.0,0.0,0.0,0.0,0.0,0.0,0.0,0.0,0.0,0.0,0.0,0.0,0.0,0.0,0.0,0.0,0.0,0.0,0.0,0.0,0.0,0.0,0.10473855196,0.31421565588,0.43393,3
2024-04-15,0.14076972727272727,0.15004921484172512,11,-0.011032,0.382907,0.3783945454545455,4.16234,0.24631972727272727,0.11945282279468403,7,11,neutral,-0.10060227272727273,0.13886057603161317,0.05326649696512397,-0.004395090909090886,0.146396728863692,5.0,0.41126984848484854,-0.04972777272727272,0.08708077056277055,0.17301020008823717,6.714285714285714,0.32715230887445884,-0.11677827272727273,0.10853887278138528,0.16277114363913545,5.928571428571429,0.25090870392702536,-0.020231472727272742,0.12153415396769897,0.16407186611001384,5.133333333333334,0.23847669252247752,0.024138393939393918,50.0,0.08805723333333332,-0.025787903713878728,0.4326405749644171,-0.19659781306132018,-0.41679346704370324,-0.7373012727272727,0.0,0.0,0.0,0.0,0.0,0.0,0.0,0.0,0.0,0.0,0.0,0.0,0.0,0.0,0.0,0.0,0.0,0.0,0.0,0.0,0.0,0.0,0.0,0.0,0.0,0.0,0.0,0.0,0.0,0.0,0.0,0.0,0.0,0.0,0.0,0.0,0.0,0.0,0.0,0.0,0.0,0.0,0.0,0.0,0.0,0.05326649696512397,0.5859314666163636,0.3783945454545455,7
2024-04-16,0.16425845454545454,0.1903955936057154,11,-0.080921,0.4857,0.24062509090909093,2.6468760000000002,0.14661100000000002,0.16622556306116096,8,11,bullish,0.023488727272727272,0.1659666288444795,0.039524705557586776,0.18213339393939396,0.16106301711103313,8.333333333333334,0.3509832121212122,0.5595854545454545,0.08333026406926407,0.16840425090482206,6.857142857142857,0.32485886471861475,-0.026253545454545474,0.10988103382034632,0.16801124662309094,6.357142857142857,0.2602840818491033,0.01879025454545455,0.12713633578588077,0.16501199923486035,5.466666666666667,0.24572969555278054,0.16806545454545455,50.0,-0.1629562916666667,-0.04375533612128614,0.44307382918966737,-0.20587676029356344,0.16685922270219522,0.124091,0.0,0.0,0.0,0.0,0.0,0.0,0.0,0.0,0.0,0.0,0.0,0.0,0.0,0.0,0.0,0.0,0.0,0.0,0.0,0.0,0.0,0.0,0.0,0.0,0.0,0.0,0.0,0.0,0.0,0.0,0.0,0.0,0.0,0.0,0.0,0.0,0.0,0.0,0.0,0.0,0.0,0.0,0.0,0.0,0.0,0.039524705557586776,0.4347717611334545,0.24062509090909093,8
2024-04-17,0.158112,0.13948678837557818,7,0.002349,0.451853,0.14730357142857145,1.031125,0.24273714285714285,0.09944656524390133,5,7,bullish,-0.006146454545454538,0.15566895992716942,0.02329046228571429,0.1543800606060606,0.15997719894100623,9.666666666666666,0.25544106926406934,-0.08326,0.08330514502164503,0.14755411435129104,6.142857142857143,0.30866064873222016,-0.00017583333333331952,0.11371830762987013,0.17182460334066396,6.428571428571429,0.26018502742733457,0.05372183333333333,0.12923425245254744,0.16534984509813253,5.566666666666666,0.2464654896003996,0.06293750000000001,50.0,-0.10776033333333333,-0.04564244153439155,0.4287807280232284,-0.19902804484141023,-0.0374194105409269,-0.02963518181818181,0.0,0.0,0.0,0.0,0.0,0.0,0.0,0.0,0.0,0.0,0.0,0.0,0.0,0.0,0.0,0.0,0.0,0.0,0.0,0.0,0.0,0.0,0.0,0.0,0.0,0.0,0.0,0.0,0.0,0.0,0.0,0.0,0.0,0.0,0.0,0.0,0.0,0.0,0.0,0.0,0.0,0.0,0.0,0.0,0.0,0.02329046228571429,0.16303323600000003,0.14730357142857145,5
2024-04-18,0.14160060000000002,0.1424086962975069,10,-0.090044,0.430095,0.2801989,2.801989,0.2478815,0.0941240678516629,6,10,neutral,-0.01651139999999998,0.1530169072012369,0.039676332359340004,0.1546570181818182,0.15743035942626682,9.333333333333334,0.22270918744588752,0.0008308727272727523,0.09161189740259741,0.1576270000085005,6.714285714285714,0.3300215868274582,0.05814726666666668,0.11123223441558443,0.16737996003474997,6.571428571428571,0.26453775242733457,-0.03480502499999999,0.12238130578588079,0.1595366379381742,5.766666666666667,0.23917518626706624,-0.20558839999999995,50.0,0.179771,-0.003954212962962978,0.421509613292389,-0.19696383261057082,-0.1044285063752276,-0.010364945454545443,0.0,0.0,0.0,0.0,0.0,0.0,0.0,0.0,0.0,0.0,0.0,0.0,0.0,0.0,0.0,0.0,0.0,0.0,0.0,0.0,0.0,0.0,0.0,0.0,0.0,0.0,0.0,0.0,0.0,0.0,0.0,0.0,0.0,0.0,0.0,0.0,0.0,0.0,0.0,0.0,0.0,0.0,0.0,0.0,0.0,0.039676332359340004,0.39676332359340005,0.2801989,6
2024-04-19,0.028085,0.01803175748505952,4,0.001118,0.038773,0.08148775,0.325951,0.101361,0.03342166043152256,3,4,neutral,-0.11351560000000002,0.12807441012111703,0.0022885834587499996,0.10926586666666671,0.09997574738604818,7.0,0.16966340714285721,-0.13617345454545454,0.0684101116883117,0.13051938224854068,6.714285714285714,0.2833464082560297,-0.1624125,0.10650824632034632,0.1529786165597649,6.428571428571429,0.26124352028447745,-0.06613583333333332,0.11690255911921413,0.1536059178889486,5.733333333333333,0.2346104446003996,-0.1643624,50.0,-0.030828999999999995,0.012673300925925914,0.41852717895250147,-0.1985003316040166,-0.8016604449416175,-0.09700420000000004,0.0,0.0,0.0,0.0,0.0,0.0,0.0,0.0,0.0,0.0,0.0,0.0,0.0,0.0,0.0,0.0,0.0,0.0,0.0,0.0,0.0,0.0,0.0,0.0,0.0,0.0,0.0,0.0,0.0,0.0,0.0,0.0,0.0,0.0,0.0,0.0,0.0,0.0,0.0,0.0,0.0,0.0,0.0,0.0,0.0,0.0022885834587499996,0.009154333834999999,0.08148775,3
2024-04-20,0.146316,0.13702748032055465,3,0.063469,0.304482,0.150074,0.450222,0.306797,0.11461934832740935,3,3,neutral,0.118231,0.12547006321688295,0.021958227384000002,0.1053338666666667,0.09915597803437366,5.666666666666667,0.1705868833333334,-0.011796000000000001,0.14578768311688312,0.1314491105445427,7.0,0.24457340825602972,0.541643,0.11438203203463203,0.15175160607982566,6.571428571428571,0.26023930599876316,0.110233,0.12133144800810301,0.15170423210378375,5.733333333333333,0.22766303348928846,0.1328666666666667,50.0,-0.05133033333333334,0.0021524861111110968,0.4165311079056909,-0.1846393605572061,4.209756097560976,0.23174660000000002,0.0,0.0,0.0,0.0,0.0,0.0,0.0,0.0,0.0,0.0,0.0,0.0,0.0,0.0,0.0,0.0,0.0,0.0,0.0,0.0,0.0,0.0,0.0,0.0,0.0,0.0,0.0,0.0,0.0,0.0,0.0,0.0,0.0,0.0,0.0,0.0,0.0,0.0,0.0,0.0,0.0,0.0,0.0,0.0,0.0,0.021958227384000002,0.06587468215200001,0.150074,3
2024-04-21,0.09429871428571428,0.10170227372534384,7,0.0,0.237167,0.143148,1.002036,0.17240442857142857,0.06516202660255727,5,7,neutral,-0.052017285714285724,0.10773139924080861,0.013498672352571427,0.08956657142857144,0.08558717051031932,4.666666666666667,0.12490325000000008,-0.047301885714285744,0.124777213729128,0.1255859720930691,7.571428571428571,0.20303312254174402,-0.14707328571428574,0.11427029734075449,0.1503048799837994,6.857142857142857,0.25745354409400123,-0.0015642857142857125,0.12492605515096016,0.1495518933804658,5.9,0.23042968348928847,0.10783821428571427,50.0,-0.02293440000000002,0.0031013305555555393,0.4106447842195708,-0.18542328544251446,-0.3555133116971878,-0.17024828571428574,0.0,0.0,0.0,0.0,0.0,0.0,0.0,0.0,0.0,0.0,0.0,0.0,0.0,0.0,0.0,0.0,0.0,0.0,0.0,0.0,0.0,0.0,0.0,0.0,0.0,0.0,0.0,0.0,0.0,0.0,0.0,0.0,0.0,0.0,0.0,0.0,0.0,0.0,0.0,0.0,0.0,0.0,0.0,0.0,0.0,0.013498672352571427,0.09449070646799998,0.143148,5
2024-04-22,0.07610938095238096,0.1712896151660912,21,-0.198817,0.468308,0.28783166666666665,6.044465,0.13531795238095237,0.1490039470210357,10,21,neutral,-0.01818933333333332,0.11409196459891122,0.021906689968492064,0.10557469841269844,0.1366731230706632,10.333333333333334,0.1936845555555556,0.04802438095238096,0.11554002139764998,0.12862031499654997,9.0,0.19009556842918984,-0.06466034632034631,0.10131039598021027,0.14910795426963636,7.857142857142857,0.25862393865182437,-0.18143861904761904,0.1202679011827062,0.15100762665854361,6.533333333333333,0.23470573904484401,-0.13974461904761903,50.0,-0.005572448717948708,0.009796247364672358,0.41204076075250556,-0.19375514388021114,-0.19289057619833216,0.0338279523809524,0.0,0.0,0.0,0.0,0.0,0.0,0.0,0.0,0.0,0.0,0.0,0.0,0.0,0.0,0.0,0.0,0.0,0.0,0.0,0.0,0.0,0.0,0.0,0.0,0.0,0.0,0.0,0.0,0.0,0.0,0.0,0.0,0.0,0.0,0.0,0.0,0.0,0.0,0.0,0.0,0.0,0.0,0.0,0.0,0.0,0.021906689968492064,0.46004048933833336,0.28783166666666665,10
2024-04-23,0.19146891666666666,0.25065622371957186,12,-0.290458,0.546873,0.38738066666666665,4.648568,0.149428,0.15837044142711157,7,12,bullish,0.1153595357142857,0.1357414700833242,0.07417135658427777,0.12062567063492065,0.17454937087033562,13.333333333333334,0.2727867777777779,0.045152916666666654,0.11942723027210884,0.1372289764413866,9.142857142857142,0.21106065068027213,0.027210462121212114,0.10137874717068647,0.1516175646552799,8.0,0.2679597576994434,0.0009569166666666407,0.1244823984049284,0.15564900461428835,6.833333333333333,0.24372877237817736,0.12643491666666667,50.0,0.14910252380952382,0.003949772232397229,0.43383133335860224,-0.20683784148630788,1.5157071870872558,0.13354886904761903,0.0,0.0,0.0,0.0,0.0,0.0,0.0,0.0,0.0,0.0,0.0,0.0,0.0,0.0,0.0,0.0,0.0,0.0,0.0,0.0,0.0,0.0,0.0,0.0,0.0,0.0,0.0,0.0,0.0,0.0,0.0,0.0,0.0,0.0,0.0,0.0,0.0,0.0,0.0,0.0,0.0,0.0,0.0,0.0,0.0,0.07417135658427777,0.8900562790113333,0.38738066666666665,7
2024-04-24,0.2791491052631579,0.18021121013931737,19,-0.029177,0.680498,0.3848047894736842,7.311291,0.25785715789473684,0.07936653059575564,8,19,bullish,0.08768018859649124,0.1681773606141758,0.10741791268255678,0.18224246762740184,0.20071901634166012,17.333333333333332,0.35333904093567253,0.1848503909774436,0.13671824530970283,0.1430467509790636,10.857142857142858,0.24498939611528822,0.12103710526315789,0.11001169516567393,0.14512707253547627,8.5,0.2768250224237542,0.12086127192982457,0.12691344635814478,0.1542126381612166,7.366666666666666,0.24766668758285576,0.07293143859649123,50.0,0.0031721250000000256,-0.00548190647130647,0.43724259561296486,-0.19997475571435472,0.4579343223064034,-0.02767934711779446,0.0,0.0,0.0,0.0,0.0,0.0,0.0,0.0,0.0,0.0,0.0,0.0,0.0,0.0,0.0,0.0,0.0,0.0,0.0,0.0,0.0,0.0,0.0,0.0,0.0,0.0,0.0,0.0,0.0,0.0,0.0,0.0,0.0,0.0,0.0,0.0,0.0,0.0,0.0,0.0,0.0,0.0,0.0,0.0,0.0,0.10741791268255678,2.0409403409685787,0.3848047894736842,8
2024-04-25,0.11295825,0.15941256473220672,8,-0.151381,0.384362,0.15237375,1.21899,0.207415875,0.11958635690870603,7,8,neutral,-0.1661908552631579,0.1726543774965062,0.0172118721459375,0.1945254239766082,0.1967599995303653,13.0,0.30818640204678366,0.03684886904761904,0.13262648102398852,0.1454758750411636,10.571428571428571,0.2267286604010025,-0.028642350000000025,0.11211918921329297,0.15108408656454986,8.642857142857142,0.2783751236142304,0.02950491666666666,0.1250928013581448,0.15436410534581296,7.466666666666667,0.2382133792495224,-0.05461935,50.0,0.46860133333333337,0.06469116297313798,0.43468665372933446,-0.19554507216405767,-0.5953479775852671,-0.25387104385964915,0.0,0.0,0.0,0.0,0.0,0.0,0.0,0.0,0.0,0.0,0.0,0.0,0.0,0.0,0.0,0.0,0.0,0.0,0.0,0.0,0.0,0.0,0.0,0.0,0.0,0.0,0.0,0.0,0.0,0.0,0.0,0.0,0.0,0.0,0.0,0.0,0.0,0.0,0.0,0.0,0.0,0.0,0.0,0.0,0.0,0.0172118721459375,0.1376949771675,0.15237375,7
2024-04-26,-0.019205857142857146,0.3821391540448883,7,-0.83962,0.268694,0.3511588571428571,2.458112,0.08613714285714284,0.23500275118987335,7,7,neutral,-0.13216410714285715,0.2287417535604151,-0.006744306844734694,0.12430049937343361,0.24058764297213744,11.333333333333334,0.2961124655388471,-0.2106747738095238,0.12587064428929465,0.19749121740685344,11.0,0.2652531042785535,-0.04729085714285715,0.09714037798880318,0.16658113964147828,8.857142857142858,0.2742997562672916,-0.20970335714285712,0.11936209329953673,0.1643801220243092,7.266666666666667,0.24011731038505352,-0.17192124175824175,50.0,-0.213705,0.05291953334350836,0.4555623395639327,-0.22194964371294162,-1.170026156946103,0.034026748120300765,0.0,0.0,0.0,0.0,0.0,0.0,0.0,0.0,0.0,0.0,0.0,0.0,0.0,0.0,0.0,0.0,0.0,0.0,0.0,0.0,0.0,0.0,0.0,0.0,0.0,0.0,0.0,0.0,0.0,0.0,0.0,0.0,0.0,0.0,0.0,0.0,0.0,0.0,0.0,0.0,0.0,0.0,0.0,0.0,0.0,-0.006744306844734694,-0.04721014791314286,0.3511588571428571,7
2024-04-27,0.08629450000000002,0.5315272176704594,2,-0.289552,0.462141,0.5376685,1.075337,0.141264,0.17955845337382476,2,2,neutral,0.10550035714285717,0.30078927406128875,0.04639783437325001,0.06001563095238097,0.35769297881585144,5.666666666666667,0.34706703571428577,-0.19285460526315787,0.11729614428929466,0.2538483227425541,10.857142857142858,0.32062374713569636,-0.06002149999999998,0.1315419137030889,0.19264871664354838,8.928571428571429,0.28259857769586305,0.48162150000000004,0.11448671472810815,0.17498377397113835,7.1,0.2478116365755297,-0.14626135714285712,50.0,0.020231472727272742,0.03519291920209421,0.49834891505833,-0.2656930692073389,-5.49313453485172,0.2376644642857143,0.0,0.0,0.0,0.0,0.0,0.0,0.0,0.0,0.0,0.0,0.0,0.0,0.0,0.0,0.0,0.0,0.0,0.0,0.0,0.0,0.0,0.0,0.0,0.0,0.0,0.0,0.0,0.0,0.0,0.0,0.0,0.0,0.0,0.0,0.0,0.0,0.0,0.0,0.0,0.0,0.0,0.0,0.0,0.0,0.0,0.04639783437325001,0.09279566874650003,0.5376685,2
2024-04-28,0.273892,0.16915549840900823,2,0.154281,0.393503,0.244782,0.489564,0.30077,0.11629219544750197,1,2,bullish,0.1875975,0.284489128999176,0.06704383154400001,0.11366021428571432,0.36094062337478533,3.6666666666666665,0.3778697857142858,0.16093375000000004,0.14295232796276405,0.2634844976973633,10.142857142857142,0.3351428899928392,0.17959328571428573,0.13386477084594603,0.1945352348952162,8.857142857142858,0.2690880062672916,0.03252000000000002,0.11716079389477481,0.17443869649913643,6.9,0.24591255324219644,0.08022237500000001,50.0,-0.01879025454545455,0.0365305575859326,0.49730357284346655,-0.2630133269924754,2.1739218606052524,0.08209714285714283,0.0,0.0,0.0,0.0,0.0,0.0,0.0,0.0,0.0,0.0,0.0,0.0,0.0,0.0,0.0,0.0,0.0,0.0,0.0,0.0,0.0,0.0,0.0,0.0,0.0,0.0,0.0,0.0,0.0,0.0,0.0,0.0,0.0,0.0,0.0,0.0,0.0,0.0,0.0,0.0,0.0,0.0,0.0,0.0,0.0,0.06704383154400001,0.13408766308800002,0.244782,1
2024-04-29,0.11588899999999999,0.1166488441765039,8,-0.098529,0.240777,0.18274849999999998,1.4619879999999998,0.20568799999999998,0.20444201433448767,7,8,neutral,-0.15800300000000003,0.2717766558066133,0.021178540916499997,0.15869183333333337,0.2724438534186572,4.0,0.32173300000000005,0.13509485714285713,0.14863513068385248,0.25567867327027943,8.285714285714286,0.32013100904045827,0.039779619047619036,0.13208757604075122,0.19214949413341467,8.642857142857142,0.2551132887348241,-0.024880727272727277,0.1185812827836637,0.17772835284315275,7.066666666666666,0.24989505879775195,0.04261466666666666,50.0,-0.05372183333333333,0.036264835363710377,0.4829005865771821,-0.256072640726191,-0.5768806682926118,-0.34560050000000003,0.0,0.0,0.0,0.0,0.0,0.0,0.0,0.0,0.0,0.0,0.0,0.0,0.0,0.0,0.0,0.0,0.0,0.0,0.0,0.0,0.0,0.0,0.0,0.0,0.0,0.0,0.0,0.0,0.0,0.0,0.0,0.0,0.0,0.0,0.0,0.0,0.0,0.0,0.0,0.0,0.0,0.0,0.0,0.0,0.0,0.021178540916499997,0.16942832733199997,0.18274849999999998,7
2024-04-30,0.26022588888888887,0.28347008483984887,9,-0.097827,0.696469,0.5172034444444444,4.654831,0.197529,0.1698286018932029,5,9,bullish,0.14433688888888888,0.29658815982814174,0.1345897260669506,0.21666896296296298,0.18975814247512032,6.333333333333333,0.3149113148148149,0.17393138888888884,0.1584575552870271,0.2603663677160332,7.857142857142857,0.33867712015156937,0.06875697222222221,0.13894239277956796,0.1987976720787099,8.5,0.27486888541592075,0.09596743434343433,0.12633324574662666,0.18040999266808128,7.266666666666667,0.26218195139034456,0.23255888888888887,50.0,0.03480502499999999,0.042680327030377045,0.48998511852791615,-0.2529633671213696,1.2454753159392942,0.3023398888888889,0.0,0.0,0.0,0.0,0.0,0.0,0.0,0.0,0.0,0.0,0.0,0.0,0.0,0.0,0.0,0.0,0.0,0.0,0.0,0.0,0.0,0.0,0.0,0.0,0.0,0.0,0.0,0.0,0.0,0.0,0.0,0.0,0.0,0.0,0.0,0.0,0.0,0.0,0.0,0.0,0.0,0.0,0.0,0.0,0.0,0.1345897260669506,1.2113075346025555,0.5172034444444444,5
2024-05-01,0.08486933333333332,0.23718841824907894,9,-0.338052,0.522206,0.2480212222222222,2.232191,0.16715355555555556,0.19161019514701658,3,9,neutral,-0.17535655555555554,0.2675980126689799,0.021049395782518514,0.1536614074074074,0.21243578242181058,8.666666666666666,0.3159910555555556,-0.1890226666666667,0.13070330215419504,0.2685059688745706,6.428571428571429,0.31913661054421766,-0.19427977192982457,0.13371077373194892,0.20577635992681714,8.642857142857142,0.2820630033297529,-0.07324266666666668,0.12379551685773778,0.18442875516522708,7.4,0.2616510854644186,-0.07613186666666669,50.0,0.06613583333333332,0.050647913924963935,0.5063945538852667,-0.26923120247871996,-0.6738628362623413,-0.3196934444444444,0.0,0.0,0.0,0.0,0.0,0.0,0.0,0.0,0.0,0.0,0.0,0.0,0.0,0.0,0.0,0.0,0.0,0.0,0.0,0.0,0.0,0.0,0.0,0.0,0.0,0.0,0.0,0.0,0.0,0.0,0.0,0.0,0.0,0.0,0.0,0.0,0.0,0.0,0.0,0.0,0.0,0.0,0.0,0.0,0.0,0.021049395782518514,0.18944456204266663,0.2480212222222222,3
2024-05-02,0.1654994,0.2725934626780327,5,-0.293723,0.412147,0.3379534,1.689767,0.28824360000000004,0.2374079360895503,4,5,bullish,0.08063006666666667,0.21581126167049453,0.05593108492796,0.1701982074074074,0.2644173219223202,7.666666666666667,0.3677260222222223,0.0496104,0.13820918072562358,0.2846746685811172,6.0,0.34564798911564626,0.052541149999999995,0.13541783087480605,0.2150752718111404,8.285714285714286,0.28618832475832434,0.02389879999999997,0.12446322352440446,0.18961015176807647,7.4,0.2692705387977519,0.0200312,50.0,-0.110233,0.021832855723905736,0.5148200171624471,-0.28015647575590036,0.9500494878401309,0.25598662222222224,0.0,0.0,0.0,0.0,0.0,0.0,0.0,0.0,0.0,0.0,0.0,0.0,0.0,0.0,0.0,0.0,0.0,0.0,0.0,0.0,0.0,0.0,0.0,0.0,0.0,0.0,0.0,0.0,0.0,0.0,0.0,0.0,0.0,0.0,0.0,0.0,0.0,0.0,0.0,0.0,0.0,0.0,0.0,0.0,0.0,0.05593108492796,0.2796554246398,0.3379534,4
2024-05-03,0.020019000000000002,0.06583843323368704,7,-0.115076,0.092519,0.24382299999999996,1.7067609999999998,0.07068885714285715,0.2712582182757655,5,7,neutral,-0.14548039999999998,0.19514784863543028,0.004881092637,0.09012924444444444,0.19187343805359958,7.0,0.27659920740740745,-0.24020688888888886,0.14381273174603176,0.23948885132237413,6.0,0.33031429523809525,0.039224857142857145,0.1348416880176632,0.2184900343646138,8.5,0.29778369975832436,-0.008065999999999997,0.12165085130218224,0.18861414910625454,7.433333333333334,0.2724416276866408,-0.08437116666666666,50.0,0.0015642857142857125,0.02165420691438192,0.5222967481628571,-0.24609860675631037,-0.879038836394573,-0.22611046666666665,0.0,0.0,0.0,0.0,0.0,0.0,0.0,0.0,0.0,0.0,0.0,0.0,0.0,0.0,0.0,0.0,0.0,0.0,0.0,0.0,0.0,0.0,0.0,0.0,0.0,0.0,0.0,0.0,0.0,0.0,0.0,0.0,0.0,0.0,0.0,0.0,0.0,0.0,0.0,0.0,0.0,0.0,0.0,0.0,0.0,0.004881092637,0.034167648459,0.24382299999999996,5
2024-05-04,0.314706,0.0,1,0.314706,0.314706,0.875188,0.875188,0.194677,0.0,1,1,bullish,0.294687,0.21477259975016189,0.27542691472799996,0.16674146666666667,0.16921594795585987,4.333333333333333,0.48565480000000005,0.22983666666666666,0.17644294603174604,0.1908157902643599,5.857142857142857,0.37853136666666665,0.22841149999999996,0.14686954516052037,0.22475638467569528,8.357142857142858,0.34957755690118153,0.16838999999999998,0.1262608638021822,0.18835006514839456,7.2,0.2943058693533075,0.13830037499999998,50.0,0.18143861904761904,-0.010252761339586339,0.5311586687780289,-0.24762712737148226,14.720365652629999,0.4401674,0.0,0.0,0.0,0.0,0.0,0.0,0.0,0.0,0.0,0.0,0.0,0.0,0.0,0.0,0.0,0.0,0.0,0.0,0.0,0.0,0.0,0.0,0.0,0.0,0.0,0.0,0.0,0.0,0.0,0.0,0.0,0.0,0.0,0.0,0.0,0.0,0.0,0.0,0.0,0.0,0.0,0.0,0.0,0.0,0.0,0.27542691472799996,0.27542691472799996,0.875188,1
2024-05-05,0.155774,0.03590405392152813,2,0.130386,0.181162,0.6330925000000001,1.2661850000000001,0.1012225,0.10863917875471998,1,2,bullish,-0.158932,0.15288109202058173,0.098619351095,0.16349966666666668,0.05087124357760758,3.3333333333333335,0.5840345000000001,-0.009725399999999995,0.159568946031746,0.16860721618311325,5.857142857142857,0.43400429523809525,-0.11811800000000003,0.15126063699725506,0.21969498315232483,8.0,0.38457359261546725,0.06147528571428572,0.12831263602440443,0.18261140495345554,7.066666666666666,0.3111553860199742,0.06155316666666667,50.0,-0.0009569166666666407,0.01338591458633959,0.5198936023175298,-0.2348616336382558,-0.5050173813019135,-0.453619,0.0,0.0,0.0,0.0,0.0,0.0,0.0,0.0,0.0,0.0,0.0,0.0,0.0,0.0,0.0,0.0,0.0,0.0,0.0,0.0,0.0,0.0,0.0,0.0,0.0,0.0,0.0,0.0,0.0,0.0,0.0,0.0,0.0,0.0,0.0,0.0,0.0,0.0,0.0,0.0,0.0,0.0,0.0,0.0,0.0,0.098619351095,0.19723870219,0.6330925000000001,1
2024-05-06,0.10506957142857143,0.15524894905372374,7,-0.133728,0.339989,0.20717257142857143,1.450208,0.23916099999999998,0.13072292000640132,3,7,neutral,-0.05070442857142857,0.1323962247217429,0.0217675332917551,0.19184985714285716,0.09557650148762593,3.3333333333333335,0.5718176904761906,0.08505057142857142,0.1580233133786848,0.17504056699598325,5.714285714285714,0.43749344829931974,-0.010819428571428563,0.15332922203126867,0.2184610857590658,7.0,0.378812228669889,0.028960190476190473,0.13061218840535682,0.181634174385608,7.266666666666667,0.31259003840092653,0.06898657142857142,50.0,-0.12086127192982457,-0.0022910570422267785,0.5132345113667391,-0.23412143099915345,-0.32549994589230913,0.10822757142857142,0.0,0.0,0.0,0.0,0.0,0.0,0.0,0.0,0.0,0.0,0.0,0.0,0.0,0.0,0.0,0.0,0.0,0.0,0.0,0.0,0.0,0.0,0.0,0.0,0.0,0.0,0.0,0.0,0.0,0.0,0.0,0.0,0.0,0.0,0.0,0.0,0.0,0.0,0.0,0.0,0.0,0.0,0.0,0.0,0.0,0.0217675332917551,0.1523727330422857,0.20717257142857143,3
2024-05-07,0.2342607142857143,0.17418121960560703,14,0.0,0.557246,0.27604814285714285,3.864674,0.27567642857142854,0.06308042748100882,6,14,bullish,0.12919114285714287,0.10779316395363649,0.06466723512295919,0.1650347619047619,0.12177807419361963,7.666666666666667,0.3721044047619049,-0.08044528571428569,0.15431400272108844,0.1568257561236096,6.428571428571429,0.40304269092970524,-0.025965174603174573,0.15638577900405776,0.21257839313491467,7.142857142857143,0.37085990554063736,0.04279179761904764,0.13522544554821397,0.18355101390817663,7.633333333333334,0.31572002094060914,0.1383977142857143,50.0,-0.029504916666666645,-0.003481575055694789,0.5206939924736593,-0.23396604067750232,1.2295771373253368,0.17989557142857143,0.0,0.0,0.0,0.0,0.0,0.0,0.0,0.0,0.0,0.0,0.0,0.0,0.0,0.0,0.0,0.0,0.0,0.0,0.0,0.0,0.0,0.0,0.0,0.0,0.0,0.0,0.0,0.0,0.0,0.0,0.0,0.0,0.0,0.0,0.0,0.0,0.0,0.0,0.0,0.0,0.0,0.0,0.0,0.0,0.0,0.06466723512295919,0.9053412917214286,0.27604814285714285,6
2024-05-08,0.059408666666666665,0.014505447953556393,3,0.042688,0.068619,0.103673,0.311019,0.146038,0.07970842153122842,2,3,neutral,-0.17485204761904763,0.09495991763360383,0.006159074699333333,0.13291298412698413,0.11464520553762907,8.0,0.19563123809523816,-0.09636533333333333,0.1506767646258503,0.1197119277410225,5.571428571428571,0.38242151632653065,-0.02546066666666666,0.14069003339002267,0.19983179604370227,6.0,0.3507790634353741,-0.21974043859649123,0.12862080110376953,0.1773958638547247,7.5,0.31012758284537095,-0.19813933333333333,50.0,0.20970335714285715,0.025787890552770823,0.5031208959813138,-0.22461213751849002,-0.7463993617205088,-0.3040431904761905,0.0,0.0,0.0,0.0,0.0,0.0,0.0,0.0,0.0,0.0,0.0,0.0,0.0,0.0,0.0,0.0,0.0,0.0,0.0,0.0,0.0,0.0,0.0,0.0,0.0,0.0,0.0,0.0,0.0,0.0,0.0,0.0,0.0,0.0,0.0,0.0,0.0,0.0,0.0,0.0,0.0,0.0,0.0,0.0,0.0,0.006159074699333333,0.018477224097999997,0.103673,2
2024-05-09,0.18819499999999997,0.19436817061785946,7,-0.053416,0.498324,0.3292558571428571,2.304791,0.22689628571428572,0.12944362062524145,5,7,bullish,0.1287863333333333,0.11484156823045495,0.061964306034999986,0.1606214603174603,0.12768494605900763,8.0,0.23632566666666674,0.08312542857142854,0.1539189931972789,0.10667437906432697,5.857142857142857,0.3811790102040816,0.022695599999999982,0.14606408696145126,0.2025206888041371,5.928571428571429,0.36341349965986397,0.07523674999999998,0.12854356777043618,0.1765507524944266,7.4,0.3125468047501329,-0.0023170000000000412,50.0,-0.48162150000000004,-0.031592834447229184,0.5296881236795032,-0.23516836521667944,2.1678037996700814,0.30363838095238094,0.0,0.0,0.0,0.0,0.0,0.0,0.0,0.0,0.0,0.0,0.0,0.0,0.0,0.0,0.0,0.0,0.0,0.0,0.0,0.0,0.0,0.0,0.0,0.0,0.0,0.0,0.0,0.0,0.0,0.0,0.0,0.0,0.0,0.0,0.0,0.0,0.0,0.0,0.0,0.0,0.0,0.0,0.0,0.0,0.0,0.061964306034999986,0.4337501422449999,0.3292558571428571,5
2024-05-10,0.11209527272727272,0.11447027496174796,11,-0.063973,0.376741,0.26055045454545456,2.8660550000000002,0.1512110909090909,0.1190370243180285,6,11,neutral,-0.07609972727272725,0.13055481243849892,0.029206474261487606,0.11989964646464646,0.10778129784438795,7.0,0.23115977056277062,-0.12216544155844157,0.16707274644403217,0.11477968601900379,6.428571428571429,0.383568646567718,0.09207627272727273,0.15544273909503195,0.1819307750285109,6.214285714285714,0.3569414709029067,0.13130112987012987,0.12700381575023417,0.17118941918246172,7.366666666666666,0.31254211712387026,-0.0461925606060606,50.0,-0.03252000000000005,-0.042554593706488446,0.5256026446465187,-0.23450495891096776,-0.4043663608104746,-0.20488606060606057,0.0,0.0,0.0,0.0,0.0,0.0,0.0,0.0,0.0,0.0,0.0,0.0,0.0,0.0,0.0,0.0,0.0,0.0,0.0,0.0,0.0,0.0,0.0,0.0,0.0,0.0,0.0,0.0,0.0,0.0,0.0,0.0,0.0,0.0,0.0,0.0,0.0,0.0,0.0,0.0,0.0,0.0,0.0,0.0,0.0,0.029206474261487606,0.3212712168763637,0.26055045454545456,6
2024-05-12,0.218279,0.0,1,0.218279,0.218279,0.47452,0.47452,0.179574,0.0,1,1,bullish,0.10618372727272728,0.12438127828469273,0.10357775108,0.17285642424242423,0.15441922278980372,6.333333333333333,0.35477543722943733,0.15887033333333334,0.15329746072974645,0.11477968601900379,6.428571428571429,0.3263303608534323,-0.09642699999999998,0.16487020338074623,0.15279773814168188,6.142857142857143,0.35243086376004945,0.13198449999999998,0.13149800463912306,0.17449379091683995,7.2,0.32400370601275913,0.13482566666666668,50.0,0.024880727272727277,-0.02754195734285208,0.5416155063949029,-0.23811979208792328,0.9472632046765415,0.18228345454545453,0.0,0.0,0.0,0.0,0.0,0.0,0.0,0.0,0.0,0.0,0.0,0.0,0.0,0.0,0.0,0.0,0.0,0.0,0.0,0.0,0.0,0.0,0.0,0.0,0.0,0.0,0.0,0.0,0.0,0.0,0.0,0.0,0.0,0.0,0.0,0.0,0.0,0.0,0.0,0.0,0.0,0.0,0.0,0.0,0.0,0.10357775108,0.10357775108,0.47452,1
2024-05-13,0.265316,0.2530245325589332,4,-0.063878,0.466559,0.57819675,2.312787,0.15373099999999998,0.16818222951509074,3,4,bullish,0.047036999999999995,0.14409210652302426,0.15340484892300002,0.19856342424242424,0.1837474037603406,5.333333333333333,0.437755734848485,0.07712100000000002,0.16894631787260359,0.1509664324585713,6.714285714285714,0.31848811085343226,0.109542,0.16425763195217477,0.1597868243208423,6.285714285714286,0.3762462030457638,-0.008576000000000028,0.13399195463912308,0.17717331197291825,7.2,0.32966979767942584,0.07481850000000001,50.0,-0.09596743434343433,-0.03837881512704319,0.5601574948353774,-0.23774111862363584,0.21549026704355434,-0.05914672727272728,0.0,0.0,0.0,0.0,0.0,0.0,0.0,0.0,0.0,0.0,0.0,0.0,0.0,0.0,0.0,0.0,0.0,0.0,0.0,0.0,0.0,0.0,0.0,0.0,0.0,0.0,0.0,0.0,0.0,0.0,0.0,0.0,0.0,0.0,0.0,0.0,0.0,0.0,0.0,0.0,0.0,0.0,0.0,0.0,0.0,0.15340484892300002,0.6136193956920001,0.57819675,3
2024-05-14,0.3096856,0.22100248903417355,5,0.073799,0.552644,0.2886466,1.443233,0.2979966,0.1181129078733565,3,5,bullish,0.04436960000000001,0.19571636679317855,0.08938969550895999,0.26442686666666665,0.23701351079655342,3.3333333333333335,0.4471211166666668,0.1975903272727273,0.19817717909709337,0.16192535578864628,6.428571428571429,0.33012725779220775,0.20461602857142858,0.1781002462378891,0.16848296139231475,6.071428571428571,0.3838103530457638,0.1937966,0.15749237463912308,0.17873863972510592,7.333333333333333,0.32524185101275915,0.7050126,50.0,0.07324266666666668,-0.05040058761381568,0.5627734695925553,-0.22853542504748048,0.16723303532391576,-0.0026673999999999864,0.0,0.0,0.0,0.0,0.0,0.0,0.0,0.0,0.0,0.0,0.0,0.0,0.0,0.0,0.0,0.0,0.0,0.0,0.0,0.0,0.0,0.0,0.0,0.0,0.0,0.0,0.0,0.0,0.0,0.0,0.0,0.0,0.0,0.0,0.0,0.0,0.0,0.0,0.0,0.0,0.0,0.0,0.0,0.0,0.0,0.08938969550895999,0.44694847754479994,0.2886466,3
2024-05-15,0.09007257142857142,0.1783217863300847,7,-0.096073,0.399014,0.13360471428571427,0.935233,0.23985614285714285,0.16801975978976258,4,7,neutral,-0.2196130285714286,0.19170477072123487,0.012034120170693875,0.22169139047619046,0.21744960264106383,5.333333333333333,0.3334826880952382,-0.12820642857142858,0.1775788729746444,0.1626154502427259,5.428571428571429,0.30977819656771793,-0.14418814285714288,0.16594643784786642,0.15972060318316775,5.928571428571429,0.35641044374871156,-0.17015331746031745,0.15244906035340877,0.1800092662766926,7.466666666666667,0.31523100815561633,-0.15129942857142858,50.0,-0.02389879999999997,-0.05294968576196383,0.5531097069220223,-0.23777931576040612,-0.7091483380933068,-0.2639826285714286,0.0,0.0,0.0,0.0,0.0,0.0,0.0,0.0,0.0,0.0,0.0,0.0,0.0,0.0,0.0,0.0,0.0,0.0,0.0,0.0,0.0,0.0,0.0,0.0,0.0,0.0,0.0,0.0,0.0,0.0,0.0,0.0,0.0,0.0,0.0,0.0,0.0,0.0,0.0,0.0,0.0,0.0,0.0,0.0,0.0,0.012034120170693875,0.08423884119485713,0.13360471428571427,4
2024-05-16,0.006632333333333333,0.12348527566610253,3,-0.096409,0.143508,0.14741866666666667,0.44225600000000004,0.12292433333333334,0.24060857418083284,3,3,neutral,-0.08344023809523808,0.1939585208973235,0.0009777297368888888,0.13546350158730158,0.17426985034345363,5.0,0.18988999365079376,-0.25868366666666665,0.1700393967841682,0.18077875486148356,5.428571428571429,0.3160275775200989,-0.052776333333333335,0.1603580807050093,0.15024534130125303,5.5,0.3492245469233148,-0.07823699999999999,0.1479778138887623,0.17906055416327749,7.2,0.3075318121960204,-0.13413739393939395,50.0,0.008065999999999997,-0.038624433325316655,0.5438014900813442,-0.23910369058639463,-0.9263667814947101,0.13617279047619052,0.0,0.0,0.0,0.0,0.0,0.0,0.0,0.0,0.0,0.0,0.0,0.0,0.0,0.0,0.0,0.0,0.0,0.0,0.0,0.0,0.0,0.0,0.0,0.0,0.0,0.0,0.0,0.0,0.0,0.0,0.0,0.0,0.0,0.0,0.0,0.0,0.0,0.0,0.0,0.0,0.0,0.0,0.0,0.0,0.0,0.0009777297368888888,0.0029331892106666665,0.14741866666666667,3
2024-05-17,0.19075066666666665,0.1169878609252544,6,0.066018,0.338682,0.5255901666666667,3.153541,0.1896865,0.025570994964998917,3,6,bullish,0.18411833333333333,0.17856438890290965,0.10025667468511111,0.09581852380952378,0.13959830764048056,5.333333333333333,0.2688711825396827,-0.11893493333333335,0.17040449202226346,0.16788203657938272,5.285714285714286,0.3440753360235003,0.0025556666666666783,0.16216174260977118,0.13727820782185485,5.571428571428571,0.362627173113791,0.02525126666666666,0.14886088762613606,0.1764388494246896,7.033333333333333,0.3170306480546062,0.02649221212121211,50.0,-0.16838999999999998,-0.05405610925124259,0.5248380614807499,-0.19914460960484795,27.760717696135096,0.2675585714285714,0.0,0.0,0.0,0.0,0.0,0.0,0.0,0.0,0.0,0.0,0.0,0.0,0.0,0.0,0.0,0.0,0.0,0.0,0.0,0.0,0.0,0.0,0.0,0.0,0.0,0.0,0.0,0.0,0.0,0.0,0.0,0.0,0.0,0.0,0.0,0.0,0.0,0.0,0.0,0.0,0.0,0.0,0.0,0.0,0.0,0.10025667468511111,0.6015400481106666,0.5255901666666667,3
2024-05-18,0.25464,0.0,1,0.25464,0.25464,0.381463,0.381463,0.148398,0.0,1,1,bullish,0.06388933333333333,0.15994935298890378,0.09713573831999998,0.15067433333333333,0.1202365682956785,3.3333333333333335,0.3514906111111113,0.16456742857142856,0.19076802448979593,0.17856438890290968,3.857142857142857,0.3613485568027211,0.14254472727272727,0.178920385466914,0.14377273278441557,5.142857142857143,0.37245860168521955,0.23462099999999997,0.15207848762613602,0.1778074442783604,6.833333333333333,0.32483596234032047,0.09652799999999997,50.0,-0.061475285714285705,-0.08418706956870291,0.4920163306102722,-0.1494883287343703,0.334936356709981,-0.120229,0.0,0.0,0.0,0.0,0.0,0.0,0.0,0.0,0.0,0.0,0.0,0.0,0.0,0.0,0.0,0.0,0.0,0.0,0.0,0.0,0.0,0.0,0.0,0.0,0.0,0.0,0.0,0.0,0.0,0.0,0.0,0.0,0.0,0.0,0.0,0.0,0.0,0.0,0.0,0.0,0.0,0.0,0.0,0.0,0.0,0.09713573831999998,0.09713573831999998,0.381463,1
2024-05-19,0.247387,0.0,1,0.247387,0.247387,0.229149,0.229149,0.3131,0.0,1,1,bullish,-0.007252999999999982,0.13959830764048053,0.056688483663,0.23092588888888887,0.1169878609252544,2.6666666666666665,0.37873405555555567,0.24075466666666667,0.19492631020408163,0.17856438890290968,3.857142857142857,0.3262955568027211,0.029107999999999995,0.17411188546691406,0.14377273278441557,5.142857142857143,0.32631295882807665,-0.06731899999999999,0.15560470095946938,0.1791689345853163,6.533333333333333,0.3231342990069871,0.10578639999999997,50.0,-0.028960190476190473,-0.03389136851050184,0.4895936639136662,-0.14971616203776436,-0.0284833490417844,-0.07114233333333331,0.0,0.0,0.0,0.0,0.0,0.0,0.0,0.0,0.0,0.0,0.0,0.0,0.0,0.0,0.0,0.0,0.0,0.0,0.0,0.0,0.0,0.0,0.0,0.0,0.0,0.0,0.0,0.0,0.0,0.0,0.0,0.0,0.0,0.0,0.0,0.0,0.0,0.0,0.0,0.0,0.0,0.0,0.0,0.0,0.0,0.056688483663,0.056688483663,0.229149,1
2024-05-20,0.019682250000000002,0.03488349430485236,4,0.0,0.071776,0.115096,0.460384,0.20365875,0.04939797519045359,3,4,neutral,-0.22770474999999998,0.09178554363206975,0.0022653482460000002,0.17390308333333335,0.03488349430485236,2.0,0.24190266666666682,-0.17106841666666664,0.15983577448979588,0.1349361812520935,3.857142857142857,0.2601383068027211,-0.24563374999999998,0.16439104618119973,0.143679954637445,5.285714285714286,0.28931320882807665,-0.13609174999999998,0.15532460929280273,0.1798170783091545,6.533333333333333,0.3242545740069872,-0.008402749999999997,50.0,-0.04279179761904764,-0.03503267935706268,0.4745626576797098,-0.14430583080380793,-0.9204394329532272,-0.22045175,0.0,0.0,0.0,0.0,0.0,0.0,0.0,0.0,0.0,0.0,0.0,0.0,0.0,0.0,0.0,0.0,0.0,0.0,0.0,0.0,0.0,0.0,0.0,0.0,0.0,0.0,0.0,0.0,0.0,0.0,0.0,0.0,0.0,0.0,0.0,0.0,0.0,0.0,0.0,0.0,0.0,0.0,0.0,0.0,0.0,0.0022653482460000002,0.009061392984000001,0.115096,3
2024-05-21,0.1729782,0.16348030859464388,5,0.061118,0.456731,0.3029946,1.514973,0.2189048,0.12306099228715817,5,5,bullish,0.15329595,0.10511722127491689,0.05241146051772,0.14668248333333334,0.09918190144974814,3.3333333333333335,0.2157465333333335,-0.08166179999999998,0.14030614591836735,0.12343174516418758,3.857142857142857,0.26218802108843536,-0.1367074,0.16924166250773037,0.14442826005025597,5.142857142857143,0.2961576394403216,0.06790862857142857,0.15621334929280273,0.18083449478123487,6.6,0.32935192734032054,0.026662199999999997,50.0,0.21974043859649123,-0.013381600321088911,0.45520155120461475,-0.13366949321760174,7.788537895819836,0.38100069999999997,0.0,0.0,0.0,0.0,0.0,0.0,0.0,0.0,0.0,0.0,0.0,0.0,0.0,0.0,0.0,0.0,0.0,0.0,0.0,0.0,0.0,0.0,0.0,0.0,0.0,0.0,0.0,0.0,0.0,0.0,0.0,0.0,0.0,0.0,0.0,0.0,0.0,0.0,0.0,0.0,0.0,0.0,0.0,0.0,0.0,0.05241146051772,0.2620573025886,0.3029946,5
2024-05-22,0.1340312,0.10141515597631352,5,0.0,0.232622,0.1942048,0.971024,0.2479876,0.1625433236918699,3,5,neutral,-0.03894700000000001,0.09992631962526992,0.026029502389759998,0.10889721666666667,0.09992631962526993,4.666666666666667,0.20409846666666684,-0.1133558,0.14658595,0.10805041909343334,3.5714285714285716,0.27084517619047616,0.04395862857142857,0.1620824114873222,0.1378131633566838,4.5,0.2903116863790971,-0.1002295142857143,0.1575377654832789,0.18082345179088752,6.533333333333333,0.33105382067365385,0.03973248571428571,50.0,-0.07523674999999998,-0.011078190949596205,0.44068798675385246,-0.11423974210017276,-0.22515553983103076,-0.19224295,0.0,0.0,0.0,0.0,0.0,0.0,0.0,0.0,0.0,0.0,0.0,0.0,0.0,0.0,0.0,0.0,0.0,0.0,0.0,0.0,0.0,0.0,0.0,0.0,0.0,0.0,0.0,0.0,0.0,0.0,0.0,0.0,0.0,0.0,0.0,0.0,0.0,0.0,0.0,0.0,0.0,0.0,0.0,0.0,0.0,0.026029502389759998,0.13014751194879998,0.1942048,3
2024-05-23,0.11428433333333333,0.10759488901546392,9,0.05277,0.319244,0.11472822222222222,1.032554,0.24456144444444444,0.059189558857773036,3,9,neutral,-0.019746866666666654,0.10184346197281842,0.013111638391185185,0.14043124444444444,0.12416345119547378,6.333333333333333,0.20397587407407425,0.09460208333333334,0.16196480714285713,0.10487234176330562,4.428571428571429,0.2661751126984127,0.107652,0.16600210196351267,0.1462758398168572,4.928571428571429,0.2911013451092558,0.05487566666666667,0.15881026389597733,0.178373654631248,6.133333333333334,0.325283705858839,0.03817495238095238,50.0,-0.13130112987012987,-0.03380527945368471,0.417502411712698,-0.09617567372568503,-0.14733037282861494,0.019200133333333355,0.0,0.0,0.0,0.0,0.0,0.0,0.0,0.0,0.0,0.0,0.0,0.0,0.0,0.0,0.0,0.0,0.0,0.0,0.0,0.0,0.0,0.0,0.0,0.0,0.0,0.0,0.0,0.0,0.0,0.0,0.0,0.0,0.0,0.0,0.0,0.0,0.0,0.0,0.0,0.0,0.0,0.0,0.0,0.0,0.0,0.013111638391185185,0.11800474552066667,0.11472822222222222,3
2024-05-24,0.207654,0.14992926502854603,2,0.101638,0.31367,0.06325,0.1265,0.3135775,0.048202762166705784,2,2,bullish,0.09336966666666667,0.11146062258396394,0.0131341155,0.15198984444444444,0.11964643667344117,5.333333333333333,0.12406100740740757,0.03467580000000001,0.16437956904761905,0.11146062258396394,3.857142857142857,0.20012651746031748,0.016903333333333354,0.16739203053494123,0.14223593930873782,4.571428571428571,0.2721009267419089,0.019459000000000032,0.15934976667375508,0.1744995408354393,5.8,0.31447935030328344,0.01618508333333335,50.0,-0.13198449999999998,-0.04581480167590694,0.43739551568705537,-0.09730527770004241,0.8169944553496689,0.11311653333333332,0.0,0.0,0.0,0.0,0.0,0.0,0.0,0.0,0.0,0.0,0.0,0.0,0.0,0.0,0.0,0.0,0.0,0.0,0.0,0.0,0.0,0.0,0.0,0.0,0.0,0.0,0.0,0.0,0.0,0.0,0.0,0.0,0.0,0.0,0.0,0.0,0.0,0.0,0.0,0.0,0.0,0.0,0.0,0.0,0.0,0.0131341155,0.026268231,0.06325,2
2024-05-26,0.12974750000000002,0.011936669573210103,2,0.121307,0.138188,0.0495475,0.099095,0.28574,0.0012119810229537376,2,2,neutral,-0.07790649999999999,0.1068712576376355,0.006428664256250001,0.15056194444444446,0.08982027453907337,4.333333333333333,0.07584190740740758,-0.004283699999999974,0.14653778333333337,0.09487329708217164,4.0,0.15271001746031745,-0.12489249999999996,0.1686529039115646,0.1329147024552344,3.9285714285714284,0.2570292871315193,0.01765222727272729,0.15436971316498316,0.16802744312135826,5.233333333333333,0.3033041073208273,-0.14940160526315788,50.0,0.008576000000000028,-0.04575813500924026,0.41382541083134194,-0.09223102284432894,-0.37517456923536263,-0.17127616666666667,0.0,0.0,0.0,0.0,0.0,0.0,0.0,0.0,0.0,0.0,0.0,0.0,0.0,0.0,0.0,0.0,0.0,0.0,0.0,0.0,0.0,0.0,0.0,0.0,0.0,0.0,0.0,0.0,0.0,0.0,0.0,0.0,0.0,0.0,0.0,0.0,0.0,0.0,0.0,0.0,0.0,0.0,0.0,0.0,0.0,0.006428664256250001,0.012857328512500002,0.0495475,2
2024-05-27,0.016776333333333327,0.14819279660743748,3,-0.147069,0.141444,0.14217966666666668,0.426539,0.147477,0.07918203965546733,3,3,neutral,-0.11297116666666669,0.1038137552401942,0.0023852534812222213,0.11805927777777776,0.10335291040306456,2.3333333333333335,0.08499238888888906,-0.09750800000000001,0.11359340238095238,0.1024903684429239,4.285714285714286,0.140285826984127,-0.23061066666666666,0.154259856292517,0.13418787696791798,4.071428571428571,0.23329069189342405,-0.20150266666666666,0.15116364927609424,0.16759591357809794,5.066666666666666,0.30296430454304957,-0.09618191666666667,50.0,-0.19379659999999999,-0.04858109056479582,0.4200859678139979,-0.11239134649365157,-0.8707001419423624,-0.0350646666666667,0.0,0.0,0.0,0.0,0.0,0.0,0.0,0.0,0.0,0.0,0.0,0.0,0.0,0.0,0.0,0.0,0.0,0.0,0.0,0.0,0.0,0.0,0.0,0.0,0.0,0.0,0.0,0.0,0.0,0.0,0.0,0.0,0.0,0.0,0.0,0.0,0.0,0.0,0.0,0.0,0.0,0.0,0.0,0.0,0.0,0.0023852534812222213,0.007155760443666664,0.14217966666666668,3
2024-05-28,0.06539389999999999,0.2232424944391935,10,-0.353972,0.430721,0.2202171,2.202171,0.11299490000000001,0.17156320863651262,8,10,neutral,0.04861756666666667,0.1281792229327702,0.014400855015689999,0.07063924444444443,0.12779065353994704,5.0,0.13731475555555572,-0.1422601,0.12012363809523809,0.12939879703354404,5.142857142857143,0.155303126984127,0.04571164999999999,0.13997970629251702,0.13170604045793965,4.5,0.20772071689342406,-0.1999221,0.15398364118085617,0.16148450359326352,5.166666666666667,0.2985995793049543,0.08459975714285714,50.0,0.17015331746031742,-0.022844579100951026,0.426101424876154,-0.12237437069866483,2.8979852570088824,0.16158873333333335,0.0,0.0,0.0,0.0,0.0,0.0,0.0,0.0,0.0,0.0,0.0,0.0,0.0,0.0,0.0,0.0,0.0,0.0,0.0,0.0,0.0,0.0,0.0,0.0,0.0,0.0,0.0,0.0,0.0,0.0,0.0,0.0,0.0,0.0,0.0,0.0,0.0,0.0,0.0,0.0,0.0,0.0,0.0,0.0,0.0,0.014400855015689999,0.14400855015689998,0.2202171,8
2024-05-29,0.12508558333333333,0.12661080956900836,12,-0.022889,0.332525,0.25488008333333334,3.058561,0.16840575000000002,0.11956567138995965,8,12,neutral,0.05969168333333334,0.1319824070434791,0.03188182390379861,0.0690852722222222,0.1660153668718798,8.333333333333334,0.2057589500000002,-0.004661916666666682,0.11328183571428571,0.12413172574416755,6.142857142857143,0.1484296246031746,-0.047892616666666665,0.12679399081632653,0.1238400671691759,5.0,0.205308822845805,-0.18460001666666667,0.15527667729196729,0.14591079558936154,5.5,0.28917329874939873,0.03879108333333331,50.0,0.07823699999999999,-0.01093378015915209,0.41504614950069985,-0.12223660841844877,0.9128020095656224,0.011074116666666675,0.0,0.0,0.0,0.0,0.0,0.0,0.0,0.0,0.0,0.0,0.0,0.0,0.0,0.0,0.0,0.0,0.0,0.0,0.0,0.0,0.0,0.0,0.0,0.0,0.0,0.0,0.0,0.0,0.0,0.0,0.0,0.0,0.0,0.0,0.0,0.0,0.0,0.0,0.0,0.0,0.0,0.0,0.0,0.0,0.0,0.03188182390379861,0.3825818868455833,0.25488008333333334,8
2024-05-30,0.1491995,0.0924051296977313,12,0.026657,0.287869,0.16006375,1.920765,0.23480158333333334,0.12671267314709816,7,12,neutral,0.02411391666666668,0.12047757997731615,0.023881431468125002,0.11322632777777776,0.14741947790197776,11.333333333333334,0.2117203111111113,0.13242316666666668,0.11544873571428571,0.12284457913294153,7.142857142857143,0.14355233174603174,0.015168300000000023,0.13101734285714287,0.11668034578314644,5.357142857142857,0.207198753968254,0.059126928571428594,0.15112026062530062,0.1429588583312355,5.833333333333333,0.28634935708273207,-0.12469250000000001,50.0,-0.02525126666666666,-0.008984832275554203,0.42870035960785763,-0.12691173519227322,0.19277934374265104,-0.03557776666666666,0.0,0.0,0.0,0.0,0.0,0.0,0.0,0.0,0.0,0.0,0.0,0.0,0.0,0.0,0.0,0.0,0.0,0.0,0.0,0.0,0.0,0.0,0.0,0.0,0.0,0.0,0.0,0.0,0.0,0.0,0.0,0.0,0.0,0.0,0.0,0.0,0.0,0.0,0.0,0.0,0.0,0.0,0.0,0.0,0.0,0.023881431468125002,0.2865771776175,0.16006375,7
2024-05-31,0.18340033333333336,0.2556711427468236,6,-0.171405,0.427651,0.40317966666666666,2.419078,0.18326350000000002,0.10975222156612595,5,6,bullish,0.03420083333333335,0.16922447461203885,0.0739432852598889,0.15256180555555557,0.15822902733785446,10.0,0.2727078333333335,0.11800643333333337,0.12532245,0.14399832966599294,6.714285714285714,0.18475968095238096,0.06911600000000002,0.14364362857142857,0.12769583470653986,5.571428571428571,0.22546739682539682,0.17676800000000004,0.15337063840307838,0.14830586981470933,5.766666666666667,0.2936970626382876,0.06751133333333337,50.0,-0.23462099999999997,-0.05946943656405322,0.4356727406426377,-0.13436358289371997,0.22922887364457223,0.010086916666666668,0.0,0.0,0.0,0.0,0.0,0.0,0.0,0.0,0.0,0.0,0.0,0.0,0.0,0.0,0.0,0.0,0.0,0.0,0.0,0.0,0.0,0.0,0.0,0.0,0.0,0.0,0.0,0.0,0.0,0.0,0.0,0.0,0.0,0.0,0.0,0.0,0.0,0.0,0.0,0.0,0.0,0.0,0.0,0.0,0.0,0.0739432852598889,0.44365971155933337,0.40317966666666666,5
2024-06-01,0.48299149999999996,0.03496572322289356,2,0.458267,0.507716,0.4055545,0.811109,0.34225550000000005,0.1089305067485688,1,2,bullish,0.29959116666666663,0.14657905993513007,0.19587937628674998,0.27186377777777776,0.12768066522248284,6.666666666666667,0.32293263888888907,0.3579059166666666,0.16465637857142856,0.1275749665508997,6.714285714285714,0.2336603238095238,0.27533749999999996,0.1645179738095238,0.12086065656467648,5.285714285714286,0.21689342063492065,0.2922408333333333,0.16079615877344874,0.13874800975251875,5.533333333333333,0.2899754311568062,0.2227656111111111,50.0,0.06731899999999999,-0.04362990878627545,0.44486407533111477,-0.10646529485492434,1.6335366529686417,0.2653903333333333,0.0,0.0,0.0,0.0,0.0,0.0,0.0,0.0,0.0,0.0,0.0,0.0,0.0,0.0,0.0,0.0,0.0,0.0,0.0,0.0,0.0,0.0,0.0,0.0,0.0,0.0,0.0,0.0,0.0,0.0,0.0,0.0,0.0,0.0,0.0,0.0,0.0,0.0,0.0,0.0,0.0,0.0,0.0,0.0,0.0,0.19587937628674998,0.39175875257349996,0.4055545,1
2024-06-02,0.23241900000000001,0.20564747828504976,3,0.015014,0.423839,0.18705433333333332,0.561163,0.30196466666666666,0.12498641602323561,2,3,bullish,-0.2505725,0.1430600567043013,0.043474981099,0.29960361111111106,0.165428114751589,3.6666666666666665,0.33192950000000015,0.0832195,0.17932373571428575,0.15524793922401964,6.857142857142857,0.25330415714285714,0.1026715,0.16293075952380956,0.12738271977393595,5.428571428571429,0.20300708730158729,-0.022220999999999963,0.16571448099567102,0.13753489667697918,5.333333333333333,0.2879432015271765,0.1475496666666667,50.0,0.13609174999999998,-0.013919588800705466,0.4531060904131748,-0.11329330993698433,-0.518792773785874,-0.5501636666666666,0.0,0.0,0.0,0.0,0.0,0.0,0.0,0.0,0.0,0.0,0.0,0.0,0.0,0.0,0.0,0.0,0.0,0.0,0.0,0.0,0.0,0.0,0.0,0.0,0.0,0.0,0.0,0.0,0.0,0.0,0.0,0.0,0.0,0.0,0.0,0.0,0.0,0.0,0.0,0.0,0.0,0.0,0.0,0.0,0.0,0.043474981099,0.130424943297,0.18705433333333332,2
2024-06-03,0.19909749999999998,0.2066664326065879,4,-0.034,0.467984,0.4666945,1.866778,0.22904950000000002,0.1480627996009351,3,4,bullish,-0.03332150000000003,0.15907118131181724,0.09291770821374999,0.304836,0.14909321137151044,3.0,0.35310111111111125,0.015697166666666623,0.20536961666666667,0.16360131579532686,7.0,0.29966341904761906,0.18232116666666665,0.15948150952380952,0.13304584211912537,5.642857142857143,0.219974623015873,-0.04828950000000001,0.16683441766233767,0.13499924167423127,5.3,0.2922345715271765,0.03359809999999999,50.0,-0.06790862857142857,-0.006800047530864199,0.4446442654184697,-0.11145333494227924,-0.14336822721034004,0.21725099999999994,0.0,0.0,0.0,0.0,0.0,0.0,0.0,0.0,0.0,0.0,0.0,0.0,0.0,0.0,0.0,0.0,0.0,0.0,0.0,0.0,0.0,0.0,0.0,0.0,0.0,0.0,0.0,0.0,0.0,0.0,0.0,0.0,0.0,0.0,0.0,0.0,0.0,0.0,0.0,0.0,0.0,0.0,0.0,0.0,0.0,0.09291770821374999,0.37167083285499997,0.4666945,3
2024-06-04,-0.021035624999999995,0.17904128072593242,8,-0.188798,0.334542,0.359375125,2.875001,0.016409124999999997,0.15852366288839523,6,8,neutral,-0.22013312499999999,0.17639841151745744,-0.007559680363828124,0.13682695833333333,0.1971183972058567,5.0,0.33770798611111125,-0.5040271249999999,0.19302254166666666,0.15728685669343243,6.714285714285714,0.31954313690476194,-0.08642952499999998,0.1565730898809524,0.14334282686348823,5.928571428571429,0.23742313194444445,-0.040717875,0.16546593016233765,0.13935319734700996,5.333333333333333,0.29608630902717653,-0.041054625,50.0,0.10022951428571428,0.0033836762786596066,0.4234458476897762,-0.1233270397135858,-1.1056548927033236,-0.18681162499999995,0.0,0.0,0.0,0.0,0.0,0.0,0.0,0.0,0.0,0.0,0.0,0.0,0.0,0.0,0.0,0.0,0.0,0.0,0.0,0.0,0.0,0.0,0.0,0.0,0.0,0.0,0.0,0.0,0.0,0.0,0.0,0.0,0.0,0.0,0.0,0.0,0.0,0.0,0.0,0.0,0.0,0.0,0.0,0.0,0.0,-0.007559680363828124,-0.06047744291062499,0.359375125,6
2024-06-05,0.1797238888888889,0.2339319527049717,9,0.0,0.601629,0.35403144444444445,3.186283,0.191743,0.1848046801186323,6,9,bullish,0.2007595138888889,0.17205057350908706,0.06362790798450618,0.11926192129629627,0.2065465553458307,7.0,0.3933670231481483,-0.05269511111111111,0.2008280138888889,0.1726184485699986,6.285714285714286,0.333707617063492,0.05463830555555557,0.1570549248015873,0.14837508715708309,6.214285714285714,0.24106862083333333,0.006745688888888907,0.16096652645863394,0.14285611421211966,5.6,0.27871442384199135,-0.13498211111111108,50.0,-0.05487566666666667,0.018819335537918862,0.4341073209377796,-0.12502338121555742,-9.543786499754058,0.4208926388888889,0.0,0.0,0.0,0.0,0.0,0.0,0.0,0.0,0.0,0.0,0.0,0.0,0.0,0.0,0.0,0.0,0.0,0.0,0.0,0.0,0.0,0.0,0.0,0.0,0.0,0.0,0.0,0.0,0.0,0.0,0.0,0.0,0.0,0.0,0.0,0.0,0.0,0.0,0.0,0.0,0.0,0.0,0.0,0.0,0.0,0.06362790798450618,0.5726511718605556,0.35403144444444445,6
2024-06-06,0.08979466666666668,0.08095954026466966,6,0.0466,0.252,0.05583633333333333,0.335018,0.25653,0.19592904309366696,5,6,neutral,-0.08992922222222223,0.18124933691744227,0.005013804939555556,0.08282764351851851,0.1646442578985246,7.666666666666667,0.25641430092592615,-0.10930283333333331,0.19234160912698411,0.17098336436527553,5.428571428571429,0.3188179861111111,-0.05940483333333334,0.15389517242063494,0.14691397174910853,6.285714285714286,0.23118515892857144,-0.044236533333333314,0.15876721534752283,0.1445248359285323,5.733333333333333,0.2594725516197691,-0.06597933333333332,50.0,-0.019459000000000032,-0.0022486997354497417,0.4335403558931759,-0.11614018283762034,-0.5003743396506369,-0.2906887361111111,0.0,0.0,0.0,0.0,0.0,0.0,0.0,0.0,0.0,0.0,0.0,0.0,0.0,0.0,0.0,0.0,0.0,0.0,0.0,0.0,0.0,0.0,0.0,0.0,0.0,0.0,0.0,0.0,0.0,0.0,0.0,0.0,0.0,0.0,0.0,0.0,0.0,0.0,0.0,0.0,0.0,0.0,0.0,0.0,0.0,0.005013804939555556,0.030082829637333337,0.05583633333333333,5
2024-06-07,0.231767,0.0,1,0.231767,0.231767,0.031696,0.031696,0.262008,0.0,1,1,bullish,0.1419723333333333,0.17514980157554041,0.007346086832,0.16709518518518518,0.1574457464848207,5.333333333333333,0.14718792592592608,0.252802625,0.19925113293650792,0.1568687346350175,4.714285714285714,0.2657488908730159,0.04836666666666664,0.16228679146825398,0.14993851657477347,5.714285714285714,0.22525428591269842,0.11748266666666667,0.16299046296657047,0.14411237003910185,5.533333333333333,0.2536233325721501,0.12669742857142857,50.0,-0.01765222727272729,-0.01290305832130833,0.4379949694724832,-0.11649316308359425,1.581077569566121,0.23190155555555553,0.0,0.0,0.0,0.0,0.0,0.0,0.0,0.0,0.0,0.0,0.0,0.0,0.0,0.0,0.0,0.0,0.0,0.0,0.0,0.0,0.0,0.0,0.0,0.0,0.0,0.0,0.0,0.0,0.0,0.0,0.0,0.0,0.0,0.0,0.0,0.0,0.0,0.0,0.0,0.0,0.0,0.0,0.0,0.0,0.0,0.007346086832,0.007346086832,0.031696,1
2024-06-08,0.238971,0.0,1,0.238971,0.238971,0.257805,0.257805,0.171493,0.0,1,1,bullish,0.007203999999999988,0.16464425789852458,0.061607918654999996,0.1868442222222222,0.08095954026466966,2.6666666666666665,0.11511244444444461,0.059247111111111084,0.1643910615079365,0.18124933691744227,4.571428571428571,0.24464181944444446,-0.24402049999999997,0.16452372003968255,0.1499392875369591,5.642857142857143,0.23915107162698415,0.031316999999999984,0.16314747249038,0.14290961605644165,5.1,0.2530152278102453,0.004710285714285695,50.0,0.20150266666666666,0.012291823160173153,0.43721151947248316,-0.11727661308359427,0.031082941057182456,-0.13476833333333332,0.0,0.0,0.0,0.0,0.0,0.0,0.0,0.0,0.0,0.0,0.0,0.0,0.0,0.0,0.0,0.0,0.0,0.0,0.0,0.0,0.0,0.0,0.0,0.0,0.0,0.0,0.0,0.0,0.0,0.0,0.0,0.0,0.0,0.0,0.0,0.0,0.0,0.0,0.0,0.0,0.0,0.0,0.0,0.0,0.0,0.061607918654999996,0.061607918654999996,0.257805,1
2024-06-09,0.24876425000000002,0.18369876899310822,4,0.0,0.419536,0.31280699999999995,1.2512279999999998,0.22531675,0.00988226098876163,2,4,bullish,0.009793250000000031,0.16619675398758318,0.07781519874974999,0.2398340833333333,0.18369876899310822,2.0,0.2007693333333335,0.15896958333333333,0.16672609722222223,0.176859595059054,4.714285714285714,0.2626064861111111,0.016345250000000006,0.173024916468254,0.16425279582195063,5.785714285714286,0.25795532162698415,0.11901675,0.1694593252681578,0.14967734889802373,5.133333333333334,0.2599863611435786,0.18935558333333335,50.0,0.1999221,0.06057438982683981,0.4422889081784931,-0.12221627678960414,0.04098091400211756,0.002589250000000043,0.0,0.0,0.0,0.0,0.0,0.0,0.0,0.0,0.0,0.0,0.0,0.0,0.0,0.0,0.0,0.0,0.0,0.0,0.0,0.0,0.0,0.0,0.0,0.0,0.0,0.0,0.0,0.0,0.0,0.0,0.0,0.0,0.0,0.0,0.0,0.0,0.0,0.0,0.0,0.0,0.0,0.0,0.0,0.0,0.0,0.07781519874974999,0.31126079499899995,0.31280699999999995,2
2024-06-10,0.17402120000000001,0.14352637381575556,5,0.0,0.358795,0.2267112,1.133556,0.20074,0.10429568928531993,2,5,bullish,-0.07474305,0.13606156102451114,0.039452555077440006,0.2205854833333333,0.16361257140443192,3.3333333333333335,0.26577440000000013,-0.057745799999999986,0.16314376865079366,0.16423158330088752,4.857142857142857,0.22832315753968252,-0.025076299999999968,0.18425669265873015,0.16386392725597712,5.928571428571429,0.2639932882936508,0.15724486666666668,0.16898686526815776,0.14764367702593956,5.066666666666666,0.2565682059054834,-0.014173799999999959,50.0,0.18460001666666667,0.07360561390091389,0.46207728673526005,-0.12657076034637116,-0.30045736073410867,-0.08453630000000004,0.0,0.0,0.0,0.0,0.0,0.0,0.0,0.0,0.0,0.0,0.0,0.0,0.0,0.0,0.0,0.0,0.0,0.0,0.0,0.0,0.0,0.0,0.0,0.0,0.0,0.0,0.0,0.0,0.0,0.0,0.0,0.0,0.0,0.0,0.0,0.0,0.0,0.0,0.0,0.0,0.0,0.0,0.0,0.0,0.0,0.039452555077440006,0.19726277538720002,0.2267112,2
2024-06-11,0.11681728571428572,0.1256407436499194,7,0.0,0.347778,0.22091085714285713,1.546376,0.22889028571428569,0.06877951304643529,5,7,neutral,-0.057203914285714294,0.15095529548626105,0.0258062067162449,0.17986757857142857,0.15095529548626108,5.333333333333333,0.2534763523809525,-0.12215371428571427,0.18283704160997735,0.1535514758856849,4.714285714285714,0.20854254784580498,0.1378529107142857,0.187929791638322,0.1557304480235376,5.714285714285714,0.26404284237528347,0.05142338571428573,0.1691442657010582,0.14809049577346645,4.933333333333334,0.2552468859920635,0.004722012987012997,50.0,-0.059126928571428594,0.0519146496151996,0.45506484491600496,-0.12517440995568752,-0.3287180773705404,0.01753913571428571,0.0,0.0,0.0,0.0,0.0,0.0,0.0,0.0,0.0,0.0,0.0,0.0,0.0,0.0,0.0,0.0,0.0,0.0,0.0,0.0,0.0,0.0,0.0,0.0,0.0,0.0,0.0,0.0,0.0,0.0,0.0,0.0,0.0,0.0,0.0,0.0,0.0,0.0,0.0,0.0,0.0,0.0,0.0,0.0,0.0,0.0258062067162449,0.1806434470137143,0.22091085714285713,5
2024-06-12,0.1850725,0.2317378792114672,8,0.039958,0.72728,0.2150645,1.720516,0.24610425,0.19981979409368547,6,8,bullish,0.06825521428571428,0.1711509414175626,0.03980252467625,0.15863699523809524,0.16696833222571406,6.666666666666667,0.2208955190476192,-0.06369175000000002,0.18360112891156463,0.15311266118698402,4.571428571428571,0.18869012721088432,0.005348611111111096,0.19221457140022677,0.16449103716040922,5.428571428571429,0.26119887213718823,0.05998691666666667,0.16803738236772486,0.15130770282877415,5.166666666666667,0.24659836932539683,-0.0332065,50.0,-0.17676800000000004,0.039819163900913876,0.47209721249768866,-0.1371026475373712,0.5842903630945029,0.12545912857142857,0.0,0.0,0.0,0.0,0.0,0.0,0.0,0.0,0.0,0.0,0.0,0.0,0.0,0.0,0.0,0.0,0.0,0.0,0.0,0.0,0.0,0.0,0.0,0.0,0.0,0.0,0.0,0.0,0.0,0.0,0.0,0.0,0.0,0.0,0.0,0.0,0.0,0.0,0.0,0.0,0.0,0.0,0.0,0.0,0.0,0.03980252467625,0.31842019741,0.2150645,6
2024-06-13,0.2477382,0.22556624967999983,5,0.039749,0.496353,0.3694138,1.847069,0.2679998,0.10178639526577213,5,5,bullish,0.06266569999999999,0.18203400307005005,0.09151790986716,0.18320932857142858,0.1943149575137955,6.666666666666667,0.2684630523809525,0.07371699999999998,0.2061644908163265,0.18203400307005008,4.428571428571429,0.23348690816326528,0.15794353333333333,0.19925304997165535,0.17558779715893158,4.928571428571429,0.2761524471371882,0.09853869999999998,0.16745145570105818,0.15025161502573825,5.2,0.23963893765873015,-0.017577800000000005,50.0,-0.2922408333333333,-0.0037886525012025152,0.49187783479374825,-0.14353788316676408,0.33860081859811686,-0.005589514285714289,0.0,0.0,0.0,0.0,0.0,0.0,0.0,0.0,0.0,0.0,0.0,0.0,0.0,0.0,0.0,0.0,0.0,0.0,0.0,0.0,0.0,0.0,0.0,0.0,0.0,0.0,0.0,0.0,0.0,0.0,0.0,0.0,0.0,0.0,0.0,0.0,0.0,0.0,0.0,0.0,0.0,0.0,0.0,0.0,0.0,0.09151790986716,0.45758954933580004,0.3694138,5
2024-06-14,0.173644,0.2432383863065203,3,-0.011,0.449255,0.14090933333333333,0.422728,0.273495,0.0995368717461022,2,3,bullish,-0.0740942,0.19394192653273246,0.024468060277333333,0.20215156666666667,0.23351417173266245,5.333333333333333,0.24179587777777792,0.05682671428571427,0.19786120510204083,0.19223473360946175,4.714285714285714,0.24908881292517004,-0.05812300000000001,0.19855616901927436,0.17455173412223965,4.714285714285714,0.25741885189909297,-0.009756333333333367,0.1629167357010582,0.15110684184390544,5.133333333333334,0.2347143621031746,-0.1360416,50.0,0.022220999999999963,0.004777643795093777,0.5005450149357454,-0.15560606330876126,-0.2990826606474093,-0.1367599,0.0,0.0,0.0,0.0,0.0,0.0,0.0,0.0,0.0,0.0,0.0,0.0,0.0,0.0,0.0,0.0,0.0,0.0,0.0,0.0,0.0,0.0,0.0,0.0,0.0,0.0,0.0,0.0,0.0,0.0,0.0,0.0,0.0,0.0,0.0,0.0,0.0,0.0,0.0,0.0,0.0,0.0,0.0,0.0,0.0,0.024468060277333333,0.073404180832,0.14090933333333333,2
2024-06-15,0.2145185,0.277084741955417,2,0.01859,0.410447,0.37326,0.74652,0.23858100000000002,0.056560057213549564,2,2,bullish,0.04087450000000001,0.22065360016066476,0.08007117530999999,0.21196689999999996,0.24862979264731236,3.3333333333333335,0.29452771111111126,0.029446,0.19436799081632655,0.20435616337316967,4.857142857142857,0.2655823843537415,-0.024452499999999988,0.17937952616213154,0.19472831901661658,4.714285714285714,0.255112101899093,-0.26847299999999996,0.16706493332010583,0.15490541706026437,4.966666666666667,0.24270287162698415,0.12444592857142858,50.0,0.04828950000000001,0.012305254906204894,0.5342444618671017,-0.18082841024011756,0.23539252723963977,0.11496870000000001,0.0,0.0,0.0,0.0,0.0,0.0,0.0,0.0,0.0,0.0,0.0,0.0,0.0,0.0,0.0,0.0,0.0,0.0,0.0,0.0,0.0,0.0,0.0,0.0,0.0,0.0,0.0,0.0,0.0,0.0,0.0,0.0,0.0,0.0,0.0,0.0,0.0,0.0,0.0,0.0,0.0,0.0,0.0,0.0,0.0,0.08007117530999999,0.16014235061999998,0.37326,2
2024-06-17,0.127587,0.19466122538571123,4,-0.158528,0.276915,0.518913,2.075652,0.214366,0.09979182692652408,4,4,neutral,-0.0869315,0.2344576965078231,0.066206552931,0.17191649999999994,0.2383281178825495,3.0,0.3443607777777779,-0.12015119999999999,0.17705695510204084,0.20592222857211295,4.857142857142857,0.2950260986394558,-0.12117725000000001,0.17189152616213152,0.1938127979416717,4.785714285714286,0.27881629237528344,-0.10483200000000001,0.17109675554232806,0.15764295358794161,5.0,0.2550860160714286,0.12095466666666667,50.0,0.040717875,0.018790821825396813,0.5449481539535765,-0.1804510356599258,-0.40524010749655626,-0.127806,0.0,0.0,0.0,0.0,0.0,0.0,0.0,0.0,0.0,0.0,0.0,0.0,0.0,0.0,0.0,0.0,0.0,0.0,0.0,0.0,0.0,0.0,0.0,0.0,0.0,0.0,0.0,0.0,0.0,0.0,0.0,0.0,0.0,0.0,0.0,0.0,0.0,0.0,0.0,0.0,0.0,0.0,0.0,0.0,0.0,0.066206552931,0.264826211724,0.518913,4
2024-06-18,0.17815314285714284,0.2338674222690011,14,-0.39565,0.5451,0.3504517857142857,4.906325,0.22762464285714287,0.1763989157391268,9,14,bullish,0.05056614285714284,0.23488360511932987,0.06243408704489795,0.17341954761904757,0.23520446320337643,6.666666666666667,0.414208261904762,0.0045091428571428505,0.1776472326530612,0.2188280926368623,6.142857142857143,0.31270332517006805,0.0041319428571428285,0.17039550065192746,0.19607954708020614,5.5,0.2705132413548753,-0.02094435714285714,0.1706768380820106,0.16213832133193187,5.266666666666667,0.24924807003968252,-0.012597523809523808,50.0,-0.006745688888888907,-0.0043478843474426924,0.5517666636330789,-0.1759936210537139,0.39632676414636947,0.13749764285714283,0.0,0.0,0.0,0.0,0.0,0.0,0.0,0.0,0.0,0.0,0.0,0.0,0.0,0.0,0.0,0.0,0.0,0.0,0.0,0.0,0.0,0.0,0.0,0.0,0.0,0.0,0.0,0.0,0.0,0.0,0.0,0.0,0.0,0.0,0.0,0.0,0.0,0.0,0.0,0.0,0.0,0.0,0.0,0.0,0.0,0.06243408704489795,0.8740772186285714,0.3504517857142857,9
2024-06-19,0.054216749999999994,0.22162145006801579,4,-0.254682,0.265988,0.267251,1.069004,0.16492325000000002,0.10090820654890596,3,4,neutral,-0.12393639285714285,0.23409464519693307,0.014489480654249999,0.11998563095238092,0.2167166992409094,7.333333333333333,0.37887192857142865,-0.16030175000000002,0.16870429897959185,0.2325396221251618,5.714285714285714,0.3193233455782313,-0.06260053571428573,0.17577067029478458,0.19962789452537977,5.214285714285714,0.2639329467120181,0.07525237499999998,0.1639960630820106,0.16434140017400906,5.366666666666666,0.24544100337301586,-0.20042325,50.0,0.044236533333333314,-0.021646280643738986,0.5587799597996355,-0.19009380055360364,-0.6956733452438993,-0.1745025357142857,0.0,0.0,0.0,0.0,0.0,0.0,0.0,0.0,0.0,0.0,0.0,0.0,0.0,0.0,0.0,0.0,0.0,0.0,0.0,0.0,0.0,0.0,0.0,0.0,0.0,0.0,0.0,0.0,0.0,0.0,0.0,0.0,0.0,0.0,0.0,0.0,0.0,0.0,0.0,0.0,0.0,0.0,0.0,0.0,0.0,0.014489480654249999,0.057957922616999995,0.267251,3
2024-06-20,0.1281241111111111,0.13119973689230902,9,-0.067024,0.387327,0.18237311111111112,1.641358,0.2103241111111111,0.14921609939484115,7,9,neutral,0.07390736111111111,0.21168691531409084,0.023366392751679014,0.12016466798941795,0.19556286974310866,9.0,0.26669196560846575,0.0005371111111110993,0.1605688148526077,0.21817703036528205,5.857142857142857,0.3146531471655329,-0.056948388888888896,0.17208497188208619,0.1910668765409912,5.214285714285714,0.2516716371882086,-0.0515997777777778,0.16002063345238096,0.16315776934251977,5.633333333333334,0.24388180707671958,-0.11926288888888889,50.0,-0.11748266666666667,-0.05521102323633158,0.5620367022656996,-0.1954580819085567,1.3631831696129169,0.19784375396825396,0.0,0.0,0.0,0.0,0.0,0.0,0.0,0.0,0.0,0.0,0.0,0.0,0.0,0.0,0.0,0.0,0.0,0.0,0.0,0.0,0.0,0.0,0.0,0.0,0.0,0.0,0.0,0.0,0.0,0.0,0.0,0.0,0.0,0.0,0.0,0.0,0.0,0.0,0.0,0.0,0.0,0.0,0.0,0.0,0.0,0.023366392751679014,0.21029753476511112,0.18237311111111112,7
2024-06-21,0.023571249999999995,0.13410453886272206,4,-0.143079,0.18005,0.08924825,0.356993,0.1686335,0.18150167319981744,3,4,neutral,-0.10455286111111112,0.18309087469555183,0.0021036928128124995,0.06863737037037033,0.16230857527434897,5.666666666666667,0.17962412037037054,-0.15458189285714286,0.12854496485260772,0.2051110716770995,5.714285714285714,0.27462949716553287,-0.22416695,0.16735472783446712,0.1954956264241622,5.071428571428571,0.25405820266439905,-0.06622341666666667,0.16015026678571428,0.1667013780767294,5.633333333333334,0.24302021541005292,0.003888999999999993,50.0,-0.031316999999999984,-0.05212103117283951,0.540537847667466,-0.18994213564365656,-0.8160279919557165,-0.17846022222222224,0.0,0.0,0.0,0.0,0.0,0.0,0.0,0.0,0.0,0.0,0.0,0.0,0.0,0.0,0.0,0.0,0.0,0.0,0.0,0.0,0.0,0.0,0.0,0.0,0.0,0.0,0.0,0.0,0.0,0.0,0.0,0.0,0.0,0.0,0.0,0.0,0.0,0.0,0.0,0.0,0.0,0.0,0.0,0.0,0.0,0.0021036928128124995,0.008414771251249998,0.08924825,3
2024-06-22,-0.000826,0.0,1,-0.000826,-0.000826,0.014747,0.014747,0.144884,0.0,1,1,neutral,-0.024397249999999995,0.180198287023012,-1.2181022e-05,0.050289787037037015,0.13265213787751556,4.666666666666667,0.09545612037037053,-0.055042749999999994,0.103620679138322,0.19875651923886273,5.428571428571429,0.2566063066893424,-0.17447,0.15074094212018138,0.1954956264241622,5.071428571428571,0.25284755980725626,-0.232593,0.15435679345238096,0.16682067694643626,5.5,0.23341196207671955,-0.1738042,50.0,-0.11901675,-0.04570422561728396,0.5337180635621587,-0.23150410153834913,-1.0350426897173464,0.08015561111111112,0.0,0.0,0.0,0.0,0.0,0.0,0.0,0.0,0.0,0.0,0.0,0.0,0.0,0.0,0.0,0.0,0.0,0.0,0.0,0.0,0.0,0.0,0.0,0.0,0.0,0.0,0.0,0.0,0.0,0.0,0.0,0.0,0.0,0.0,0.0,0.0,0.0,0.0,0.0,0.0,0.0,0.0,0.0,0.0,0.0,-1.2181022e-05,-1.2181022e-05,0.014747,1
2024-06-23,0.033426,0.0,1,0.033426,0.033426,0.023743,0.023743,0.139442,0.0,1,1,neutral,0.034252,0.16230857527434894,0.000793633518,0.01872374999999998,0.13410453886272206,2.0,0.042579416666666814,-0.09469811111111111,0.07775032199546485,0.18309087469555185,5.285714285714286,0.20667530668934236,-0.1810925,0.1360591564058957,0.1954956264241622,5.071428571428571,0.23612884552154195,-0.20554499999999998,0.15100328678571426,0.16933627390682562,5.366666666666666,0.2277299020767196,-0.10060519999999999,50.0,-0.1572448666666667,-0.030704673765432115,0.5219756714359183,-0.23966100941210877,-41.46731234866828,0.05864924999999999,0.0,0.0,0.0,0.0,0.0,0.0,0.0,0.0,0.0,0.0,0.0,0.0,0.0,0.0,0.0,0.0,0.0,0.0,0.0,0.0,0.0,0.0,0.0,0.0,0.0,0.0,0.0,0.0,0.0,0.0,0.0,0.0,0.0,0.0,0.0,0.0,0.0,0.0,0.0,0.0,0.0,0.0,0.0,0.0,0.0,0.000793633518,0.000793633518,0.023743,1
2024-06-24,0.3690051111111111,0.19524332669098096,9,-0.00598,0.612338,0.3871587777777778,3.484429,0.31343544444444443,0.08056391065655749,3,9,bullish,0.3355791111111111,0.153515867482004,0.14286356781153087,0.13386837037037036,0.19524332669098096,3.6666666666666665,0.14188292592592608,0.34543386111111113,0.11223862358276644,0.18320729495660576,6.0,0.18785327494331067,0.2414181111111111,0.14464778934240363,0.19645767289898494,5.428571428571429,0.24143968679138322,0.1202408611111111,0.15949397937830687,0.17270736766357628,5.366666666666666,0.2368109205952381,0.2547207777777778,50.0,-0.05142338571428573,-0.038887383289241635,0.529043163752023,-0.22973774061710237,10.039463624457342,0.3013271111111111,0.0,0.0,0.0,0.0,0.0,0.0,0.0,0.0,0.0,0.0,0.0,0.0,0.0,0.0,0.0,0.0,0.0,0.0,0.0,0.0,0.0,0.0,0.0,0.0,0.0,0.0,0.0,0.0,0.0,0.0,0.0,0.0,0.0,0.0,0.0,0.0,0.0,0.0,0.0,0.0,0.0,0.0,0.0,0.0,0.0,0.14286356781153087,1.2857721103037778,0.3871587777777778,3
2024-06-25,0.20740466666666665,0.09914153556406113,9,0.069872,0.40716,0.2188827777777778,1.969945,0.2685798888888889,0.07957539417816986,5,9,bullish,-0.16160044444444446,0.14282980037258805,0.045397309564074076,0.2032785925925926,0.14719243112752106,6.333333333333333,0.20992818518518533,0.20823066666666665,0.1164174126984127,0.15626211761561778,5.285714285714286,0.16905770238095238,0.02925152380952381,0.14703232267573693,0.19275893637801045,5.714285714285714,0.24088051377551017,0.03338346666666664,0.1594856682671958,0.17075399345340378,5.6,0.24199867985449736,-0.0002493333333333514,50.0,-0.05998691666666667,-0.0509180962522046,0.5304777101901225,-0.20832825788853518,-0.4379355179061055,-0.4971795555555556,0.0,0.0,0.0,0.0,0.0,0.0,0.0,0.0,0.0,0.0,0.0,0.0,0.0,0.0,0.0,0.0,0.0,0.0,0.0,0.0,0.0,0.0,0.0,0.0,0.0,0.0,0.0,0.0,0.0,0.0,0.0,0.0,0.0,0.0,0.0,0.0,0.0,0.0,0.0,0.0,0.0,0.0,0.0,0.0,0.0,0.045397309564074076,0.40857578607666667,0.2188827777777778,5
2024-06-26,0.34361625,0.18224325143511588,8,-0.019002,0.483934,0.456178125,3.649425,0.31054550000000003,0.12402603984071825,4,8,bullish,0.13621158333333336,0.15887603789671934,0.15675021664453126,0.3066753425925926,0.15887603789671934,8.666666666666666,0.35407322685185205,0.31019025,0.1577601984126984,0.1483864778890378,5.857142857142857,0.19604729166666668,0.28939950000000003,0.1632322486961451,0.19747581202677678,5.785714285714286,0.257685318622449,0.22679896428571428,0.1666146266005291,0.1773042466019386,5.8,0.255553034021164,0.21386875,50.0,-0.09853869999999998,-0.06639104902998239,0.5322112405869459,-0.19367255217424756,0.6567430980337956,0.2978120277777778,0.0,0.0,0.0,0.0,0.0,0.0,0.0,0.0,0.0,0.0,0.0,0.0,0.0,0.0,0.0,0.0,0.0,0.0,0.0,0.0,0.0,0.0,0.0,0.0,0.0,0.0,0.0,0.0,0.0,0.0,0.0,0.0,0.0,0.0,0.0,0.0,0.0,0.0,0.0,0.0,0.0,0.0,0.0,0.0,0.0,0.15675021664453126,1.25400173315625,0.456178125,4
2024-06-27,0.07185466666666666,0.276677792823108,6,-0.342694,0.40073,0.27955916666666664,1.677355,0.07403783333333333,0.138107170902045,5,6,neutral,-0.27176158333333333,0.1883264766283165,0.02008763073444444,0.2076251944444444,0.18602085994076167,7.666666666666667,0.318206689814815,-0.29715044444444444,0.14972170634920637,0.1774820890751976,5.428571428571429,0.20993101388888888,-0.05626944444444444,0.15514526060090703,0.20122080482774685,5.642857142857143,0.26229208052721087,-0.11321783333333334,0.16845057104497355,0.18224597722561822,5.9,0.2601323506878307,0.05507833333333334,50.0,0.009756333333333367,-0.06455749100529101,0.5557790221567509,-0.2190343337440524,-0.79088687840966,-0.4079731666666667,0.0,0.0,0.0,0.0,0.0,0.0,0.0,0.0,0.0,0.0,0.0,0.0,0.0,0.0,0.0,0.0,0.0,0.0,0.0,0.0,0.0,0.0,0.0,0.0,0.0,0.0,0.0,0.0,0.0,0.0,0.0,0.0,0.0,0.0,0.0,0.0,0.0,0.0,0.0,0.0,0.0,0.0,0.0,0.0,0.0,0.02008763073444444,0.12052578440666664,0.27955916666666664,5
2024-06-28,0.11431900000000002,0.1169326612007954,5,-0.044232,0.249305,0.1269384,0.634692,0.2118398,0.14922257781314463,5,5,neutral,0.042464333333333354,0.1740477135428123,0.014511470949600003,0.17659663888888888,0.1919512351530064,6.333333333333333,0.28755856388888906,-0.09308566666666664,0.16268567063492062,0.1740477135428123,5.571428571428571,0.21531532103174603,0.09074775000000002,0.14561531774376418,0.19216800578781315,5.642857142857143,0.24497240909863946,-0.13341919999999996,0.1700814077116402,0.17815713748567985,5.733333333333333,0.2570230606878307,0.04892510000000003,50.0,0.26847299999999996,-0.039642328042328055,0.5408747777127031,-0.21587488930000473,0.5909753019984787,0.31422591666666666,0.0,0.0,0.0,0.0,0.0,0.0,0.0,0.0,0.0,0.0,0.0,0.0,0.0,0.0,0.0,0.0,0.0,0.0,0.0,0.0,0.0,0.0,0.0,0.0,0.0,0.0,0.0,0.0,0.0,0.0,0.0,0.0,0.0,0.0,0.0,0.0,0.0,0.0,0.0,0.0,0.0,0.0,0.0,0.0,0.0,0.014511470949600003,0.07255735474800001,0.1269384,5
2024-06-30,0.03351,0.0,1,0.03351,0.03351,0.013796,0.013796,0.117802,0.0,1,1,neutral,-0.08080900000000002,0.1687488102557701,0.00046230395999999997,0.07322788888888886,0.1968052270119517,4.0,0.14009785555555568,-0.31010625,0.16759081349206348,0.1740477135428123,5.571428571428571,0.2151794638888889,0.034336,0.13560574631519273,0.18752524392247613,5.5,0.23589288528911564,-0.14013399999999998,0.16702888826719578,0.18021899060234672,5.366666666666666,0.2489869245767196,-0.09157558333333334,50.0,0.104832,-0.014940698412698425,0.5306017277127031,-0.2261479393000047,-0.7068728732756585,-0.12327333333333337,0.0,0.0,0.0,0.0,0.0,0.0,0.0,0.0,0.0,0.0,0.0,0.0,0.0,0.0,0.0,0.0,0.0,0.0,0.0,0.0,0.0,0.0,0.0,0.0,0.0,0.0,0.0,0.0,0.0,0.0,0.0,0.0,0.0,0.0,0.0,0.0,0.0,0.0,0.0,0.0,0.0,0.0,0.0,0.0,0.0,0.00046230395999999997,0.00046230395999999997,0.013796,1
2024-07-01,0.207421,0.21784073117991504,3,0.067965,0.458446,0.23369933333333334,0.701098,0.28142533333333336,0.05769046301021799,1,3,bullish,0.17391099999999998,0.1984236091597336,0.04847414941933333,0.11841666666666663,0.16738669619035523,3.0,0.1248112444444446,0.13556633333333334,0.1924472420634921,0.18134654981566276,5.857142857142857,0.2451732257936508,0.173995,0.13509878202947845,0.18213942476106687,5.571428571428571,0.2259242662414966,-0.007097500000000007,0.1689696049338624,0.18523641466163404,5.066666666666666,0.25144144402116403,0.05822149999999998,50.0,0.02094435714285714,-0.009133880952380966,0.532551266646445,-0.23223180323374668,5.189823933154282,0.25472,0.0,0.0,0.0,0.0,0.0,0.0,0.0,0.0,0.0,0.0,0.0,0.0,0.0,0.0,0.0,0.0,0.0,0.0,0.0,0.0,0.0,0.0,0.0,0.0,0.0,0.0,0.0,0.0,0.0,0.0,0.0,0.0,0.0,0.0,0.0,0.0,0.0,0.0,0.0,0.0,0.0,0.0,0.0,0.0,0.0,0.04847414941933333,0.145422448258,0.23369933333333334,1
2024-07-02,0.17589750000000004,0.394424873013438,4,-0.348369,0.582937,0.3473445,1.389378,0.22649125,0.04539345451622586,3,4,bullish,-0.031523499999999954,0.25146901455431414,0.06109702918875001,0.13894283333333332,0.30613280209667654,2.6666666666666665,0.1982799444444446,0.06157850000000002,0.16486044047619047,0.21454347420273892,5.142857142857143,0.23948547182539684,-0.19310761111111108,0.13854953202947845,0.20029975636358752,5.571428571428571,0.21366937338435374,0.048310500000000034,0.168719510489418,0.19078656387229864,5.0,0.2495802717989418,-0.00750283333333332,50.0,-0.075252375,-0.004271172619047632,0.5621625521402901,-0.26165545872759166,-0.15197834356212703,-0.20543449999999994,0.0,0.0,0.0,0.0,0.0,0.0,0.0,0.0,0.0,0.0,0.0,0.0,0.0,0.0,0.0,0.0,0.0,0.0,0.0,0.0,0.0,0.0,0.0,0.0,0.0,0.0,0.0,0.0,0.0,0.0,0.0,0.0,0.0,0.0,0.0,0.0,0.0,0.0,0.0,0.0,0.0,0.0,0.0,0.0,0.0,0.06109702918875001,0.24438811675500005,0.3473445,3
2024-07-03,0.133801,0.1504936940047655,6,-0.001865,0.349904,0.19030966666666668,1.141858,0.23731683333333334,0.19085371108932273,5,6,neutral,-0.04209650000000004,0.2199229898497285,0.02546362370966667,0.17237316666666666,0.25425309939937285,4.333333333333333,0.2571178333333335,0.100291,0.15434563095238096,0.22310216727618967,4.714285714285714,0.23540359880952383,-0.07360366666666665,0.13538152182539684,0.19272032652138424,5.0,0.20223065059523812,-0.04435214285714284,0.15707982715608465,0.19540768270357353,5.133333333333334,0.24240544402116404,-0.34919049999999996,50.0,0.0515997777777778,0.018933787874779538,0.5659356143669106,-0.2637301495256408,-0.2393240381472166,-0.010573000000000082,0.0,0.0,0.0,0.0,0.0,0.0,0.0,0.0,0.0,0.0,0.0,0.0,0.0,0.0,0.0,0.0,0.0,0.0,0.0,0.0,0.0,0.0,0.0,0.0,0.0,0.0,0.0,0.0,0.0,0.0,0.0,0.0,0.0,0.0,0.0,0.0,0.0,0.0,0.0,0.0,0.0,0.0,0.0,0.0,0.0,0.02546362370966667,0.152781742258,0.19030966666666668,5
2024-07-04,0.1079558,0.17524248364822956,5,-0.059208,0.36076,0.1528752,0.7643759999999999,0.1965456,0.0975576440741575,3,5,neutral,-0.0258452,0.23450044546158705,0.01650376451616,0.13921809999999998,0.2400536835554777,5.0,0.23017645555555574,-0.09946519999999999,0.12067985238095238,0.22193537264504193,4.285714285714286,0.19207460952380953,-0.23566045000000002,0.1392200253968254,0.18850405684685825,5.071428571428571,0.19406095059523812,0.05373905000000001,0.15293105382275132,0.19419148291810073,5.2,0.24126613957671955,-0.12446320000000001,50.0,0.06622341666666667,0.032005654805996465,0.5554332622418239,-0.26093946740055396,-0.1931614860875479,0.016251300000000038,0.0,0.0,0.0,0.0,0.0,0.0,0.0,0.0,0.0,0.0,0.0,0.0,0.0,0.0,0.0,0.0,0.0,0.0,0.0,0.0,0.0,0.0,0.0,0.0,0.0,0.0,0.0,0.0,0.0,0.0,0.0,0.0,0.0,0.0,0.0,0.0,0.0,0.0,0.0,0.0,0.0,0.0,0.0,0.0,0.0,0.01650376451616,0.08251882258080001,0.1528752,3
2024-07-06,0.7215,0.0,1,0.7215,0.7215,0.949596,0.949596,0.382405,0.0,1,1,bullish,0.6135442,0.23450044546158705,0.685133514,0.32108559999999997,0.1628680888264976,4.0,0.4309269555555557,0.5456025,0.2134863285714286,0.21098688860942874,3.5714285714285716,0.28779415714285717,0.6496453333333334,0.18160401746031746,0.19423448884231317,4.5,0.248862585515873,0.5933758888888889,0.170344470489418,0.19367169334774711,5.1,0.25736285624338623,0.5224025000000001,50.0,0.232593,0.0645145344356261,0.5764372188331481,-0.23456724399187834,5.683290754179025,0.6393894,0.0,0.0,0.0,0.0,0.0,0.0,0.0,0.0,0.0,0.0,0.0,0.0,0.0,0.0,0.0,0.0,0.0,0.0,0.0,0.0,0.0,0.0,0.0,0.0,0.0,0.0,0.0,0.0,0.0,0.0,0.0,0.0,0.0,0.0,0.0,0.0,0.0,0.0,0.0,0.0,0.0,0.0,0.0,0.0,0.0,0.685133514,0.685133514,0.949596,1
2024-07-07,0.270634,0.0,1,0.270634,0.270634,0.435074,0.435074,0.281954,0.0,1,1,bullish,-0.45086600000000004,0.2400536835554777,0.117745816916,0.3666966,0.17524248364822956,2.3333333333333335,0.5125150666666668,0.13683299999999998,0.23581704285714286,0.23450044546158705,3.0,0.3318135285714286,0.15631499999999998,0.19925135674603175,0.20091559439560105,4.285714285714286,0.2735644248015873,0.24706275,0.18006679132275133,0.1943077982443477,4.866666666666666,0.25988615207671956,0.291669625,50.0,0.20554499999999998,0.09830161221340387,0.5758884160864464,-0.22431944124517647,-0.624900900900901,-1.0644102,0.0,0.0,0.0,0.0,0.0,0.0,0.0,0.0,0.0,0.0,0.0,0.0,0.0,0.0,0.0,0.0,0.0,0.0,0.0,0.0,0.0,0.0,0.0,0.0,0.0,0.0,0.0,0.0,0.0,0.0,0.0,0.0,0.0,0.0,0.0,0.0,0.0,0.0,0.0,0.0,0.0,0.0,0.0,0.0,0.0,0.117745816916,0.117745816916,0.435074,1
2024-07-08,0.11432771428571428,0.11967949054135424,7,0.063633,0.384553,0.09631900000000002,0.6742330000000001,0.3003557142857143,0.051605842966064366,5,7,neutral,-0.1563062857142857,0.14847188939811642,0.011011931112285716,0.36882057142857144,0.11967949054135424,3.0,0.4936630000000002,0.006371914285714278,0.24736243061224492,0.21153625447754046,3.857142857142857,0.3436025285714286,0.08081771428571428,0.2074766220521542,0.19279198401017636,4.714285714285714,0.27939099623015873,0.11515371428571428,0.17788691883597885,0.18934029988940784,4.8,0.25129573726190474,-0.06539617460317462,50.0,-0.12024086111111107,0.08385747949735449,0.5498915099455237,-0.20834161367568244,-0.5775559823018752,0.29455971428571437,0.0,0.0,0.0,0.0,0.0,0.0,0.0,0.0,0.0,0.0,0.0,0.0,0.0,0.0,0.0,0.0,0.0,0.0,0.0,0.0,0.0,0.0,0.0,0.0,0.0,0.0,0.0,0.0,0.0,0.0,0.0,0.0,0.0,0.0,0.0,0.0,0.0,0.0,0.0,0.0,0.0,0.0,0.0,0.0,0.0,0.011011931112285716,0.07708351778600002,0.09631900000000002,5
2024-07-09,0.1060198,0.0833700608504036,5,0.0,0.226552,0.0970664,0.485332,0.3404512,0.058415956302195385,3,5,neutral,-0.008307914285714285,0.12609734501332912,0.01029096031472,0.16366050476190472,0.10152477569587895,4.333333333333333,0.20948646666666682,-0.6154802,0.2328765448979592,0.1846421204116382,4.142857142857143,0.32408353809523804,-0.1014012,0.21266189348072564,0.18284453645019702,5.0,0.28462838194444445,0.0725938,0.17842775661375662,0.1894451051322658,4.766666666666667,0.25267007281746034,0.016225133333333322,50.0,-0.03338346666666664,0.05031787208994709,0.5339743280074827,-0.1945811517376414,-0.07266754467733105,0.14799837142857142,0.0,0.0,0.0,0.0,0.0,0.0,0.0,0.0,0.0,0.0,0.0,0.0,0.0,0.0,0.0,0.0,0.0,0.0,0.0,0.0,0.0,0.0,0.0,0.0,0.0,0.0,0.0,0.0,0.0,0.0,0.0,0.0,0.0,0.0,0.0,0.0,0.0,0.0,0.0,0.0,0.0,0.0,0.0,0.0,0.0,0.01029096031472,0.0514548015736,0.0970664,3
2024-07-10,0.28350474999999997,0.1493809825281365,8,0.068938,0.45454,0.382588125,3.060705,0.24894875,0.060819858278948896,4,8,bullish,0.17748494999999997,0.11747684463996477,0.10846555073109374,0.1679507547619047,0.11747684463996481,6.666666666666667,0.19199117500000015,0.012870749999999986,0.24824900918367346,0.13563334231457788,4.714285714285714,0.3291183416666667,0.10760724999999993,0.20655472482993195,0.17867523243539296,4.928571428571429,0.28430190674603173,-0.08550036111111115,0.18015234828042329,0.1877757666904271,5.0,0.26436647698412696,0.05173774999999997,50.0,-0.22679896428571428,0.013469987169312171,0.5279770497325103,-0.1780487127483833,1.674073616437684,0.18579286428571426,0.0,0.0,0.0,0.0,0.0,0.0,0.0,0.0,0.0,0.0,0.0,0.0,0.0,0.0,0.0,0.0,0.0,0.0,0.0,0.0,0.0,0.0,0.0,0.0,0.0,0.0,0.0,0.0,0.0,0.0,0.0,0.0,0.0,0.0,0.0,0.0,0.0,0.0,0.0,0.0,0.0,0.0,0.0,0.0,0.0,0.10846555073109374,0.8677244058487499,0.382588125,4
2024-07-11,0.2245876,0.22889853803880003,5,0.012375,0.489095,0.6301452000000001,3.150726,0.193856,0.10882559056122783,3,5,bullish,-0.058917149999999974,0.14533226798967358,0.14152279811952,0.20470404999999992,0.15388319380578006,6.0,0.3699332416666668,0.11025988571428572,0.26121852346938773,0.15131431112138477,4.571428571428571,0.3919519892857143,0.0907866,0.20778207721088435,0.19047132356946017,4.642857142857143,0.3136777940476191,0.017182933333333344,0.1796729016137566,0.189420677544362,5.133333333333334,0.27677781698412696,-0.01438339999999999,50.0,0.11321783333333332,0.023722595634920636,0.5374658706286148,-0.17050044864448782,-0.20781715297539094,-0.23640209999999995,0.0,0.0,0.0,0.0,0.0,0.0,0.0,0.0,0.0,0.0,0.0,0.0,0.0,0.0,0.0,0.0,0.0,0.0,0.0,0.0,0.0,0.0,0.0,0.0,0.0,0.0,0.0,0.0,0.0,0.0,0.0,0.0,0.0,0.0,0.0,0.0,0.0,0.0,0.0,0.0,0.0,0.0,0.0,0.0,0.0,0.14152279811952,0.7076139905976,0.6301452000000001,3
2024-07-12,0.0824926,0.055134589925925806,5,0.049551,0.180531,0.345951,1.729755,0.1043992,0.049707753798577545,4,5,neutral,-0.142095,0.12729273237692404,0.0285383974626,0.19686164999999992,0.14447137016428746,6.0,0.45289477500000014,-0.023527199999999998,0.2575809234693877,0.127292732376924,4.571428571428571,0.4195342464285714,-0.025463200000000005,0.18913038792517006,0.17891599070498831,4.428571428571429,0.3058044279761905,-0.26112365000000004,0.17413051328042328,0.18427811038167474,5.166666666666667,0.277882616984127,-0.16627165000000002,50.0,0.13341919999999996,0.046908326190476184,0.5250422754775415,-0.16264000460452563,-0.632692989283469,-0.08317785000000003,0.0,0.0,0.0,0.0,0.0,0.0,0.0,0.0,0.0,0.0,0.0,0.0,0.0,0.0,0.0,0.0,0.0,0.0,0.0,0.0,0.0,0.0,0.0,0.0,0.0,0.0,0.0,0.0,0.0,0.0,0.0,0.0,0.0,0.0,0.0,0.0,0.0,0.0,0.0,0.0,0.0,0.0,0.0,0.0,0.0,0.0285383974626,0.142691987313,0.345951,4
2024-07-14,-0.154175,0.0,1,-0.154175,-0.154175,0.056943,0.056943,0.145139,0.0,1,1,bearish,-0.2366676,0.12919604283581648,-0.008779187025000001,0.05096839999999994,0.14201656398236295,3.6666666666666665,0.3443464000000002,-0.43767975,0.1324844948979592,0.127292732376924,4.571428571428571,0.2920123892857143,-0.875675,0.17298541173469387,0.16913981049317636,4.071428571428571,0.2899032732142857,-0.22602966666666668,0.16319063994708996,0.1859760994052547,5.033333333333333,0.27222367698412697,-0.32819620000000005,50.0,0.14013399999999998,0.05674546199294531,0.5215572531429408,-0.1769296072699249,-2.868955518434381,-0.0945726,0.0,0.0,0.0,0.0,0.0,0.0,0.0,0.0,0.0,0.0,0.0,0.0,0.0,0.0,0.0,0.0,0.0,0.0,0.0,0.0,0.0,0.0,0.0,0.0,0.0,0.0,0.0,0.0,0.0,0.0,0.0,0.0,0.0,0.0,0.0,0.0,0.0,0.0,0.0,0.0,0.0,0.0,0.0,0.0,0.0,-0.008779187025000001,-0.008779187025000001,0.056943,1
2024-07-15,0.18832433333333332,0.11297952928502875,6,0.00222,0.321541,0.24635466666666664,1.4781279999999999,0.2601445,0.12202960171818965,4,6,bullish,0.3424993333333333,0.13659840994447278,0.046394578363555546,0.03888064444444438,0.0840570596054773,4.0,0.21641622222222234,-0.03626326666666668,0.12072597108843534,0.12490719852827481,5.285714285714286,0.26505248452380953,-0.08230966666666667,0.1782715069727891,0.1687444973015997,4.142857142857143,0.29843300654761906,0.0740053333333333,0.1655742082010582,0.18544854880671757,5.0,0.2730718039682539,0.0715070476190476,50.0,0.007097500000000007,0.05017591569664902,0.5227958117005157,-0.1592531324941665,-2.2214972163666826,0.5791669333333334,0.0,0.0,0.0,0.0,0.0,0.0,0.0,0.0,0.0,0.0,0.0,0.0,0.0,0.0,0.0,0.0,0.0,0.0,0.0,0.0,0.0,0.0,0.0,0.0,0.0,0.0,0.0,0.0,0.0,0.0,0.0,0.0,0.0,0.0,0.0,0.0,0.0,0.0,0.0,0.0,0.0,0.0,0.0,0.0,0.0,0.046394578363555546,0.2783674701813333,0.24635466666666664,4
2024-07-16,0.109795,0.2833566209625837,7,-0.371471,0.504294,0.531731,3.722117,0.14105585714285712,0.14822391523798104,3,7,neutral,-0.07852933333333331,0.17009231955308457,0.058381405144999995,0.04798144444444438,0.19816807512380624,4.666666666666667,0.278342888888889,0.027302400000000004,0.12007844047619047,0.15218672026514637,5.285714285714286,0.32725419880952383,-0.004532714285714279,0.1837204355442177,0.17916378127078006,4.571428571428571,0.3354283636904762,0.076285,0.1630649582010582,0.1875993297130141,4.966666666666667,0.28362735396825395,-0.0752775,50.0,-0.048310500000000034,0.018964415696649018,0.5407198098147549,-0.1695402306084057,-0.41698983845245696,-0.4210286666666666,0.0,0.0,0.0,0.0,0.0,0.0,0.0,0.0,0.0,0.0,0.0,0.0,0.0,0.0,0.0,0.0,0.0,0.0,0.0,0.0,0.0,0.0,0.0,0.0,0.0,0.0,0.0,0.0,0.0,0.0,0.0,0.0,0.0,0.0,0.0,0.0,0.0,0.0,0.0,0.0,0.0,0.0,0.0,0.0,0.0,0.058381405144999995,0.40866983601499995,0.531731,3
2024-07-17,0.220715,0.1383458586763221,10,-0.01101,0.436757,0.2465693,2.465693,0.3535885,0.11873352906052555,4,10,bullish,0.11091999999999999,0.14745414971246507,0.0544215430495,0.17294477777777773,0.17822733630797818,7.666666666666667,0.3415516555555557,0.37489,0.13646346904761902,0.16134935323613284,6.0,0.348611755952381,0.1146952,0.18467000697278912,0.17193697467954436,5.071428571428571,0.33634764702380954,0.013294,0.16216418486772485,0.18396514675452755,5.133333333333334,0.2795325373015873,-0.027023199999999997,50.0,0.04435214285714284,0.0010540982363315594,0.5261931207573669,-0.16984255266212886,1.0102463682317042,0.1894493333333333,0.0,0.0,0.0,0.0,0.0,0.0,0.0,0.0,0.0,0.0,0.0,0.0,0.0,0.0,0.0,0.0,0.0,0.0,0.0,0.0,0.0,0.0,0.0,0.0,0.0,0.0,0.0,0.0,0.0,0.0,0.0,0.0,0.0,0.0,0.0,0.0,0.0,0.0,0.0,0.0,0.0,0.0,0.0,0.0,0.0,0.0544215430495,0.544215430495,0.2465693,4
2024-07-18,0.3560623333333333,0.19306730452530452,6,0.188323,0.707931,0.6242276666666666,3.7453659999999998,0.27289199999999997,0.1289145455780689,3,6,bullish,0.13534733333333332,0.18193732836230975,0.22226395952455552,0.22885744444444436,0.20492326138807013,7.666666666666667,0.46750932222222225,0.167738,0.14682883809523808,0.16863040690232747,5.714285714285714,0.3831316904761905,0.07255758333333334,0.19753892363945577,0.15363174118062312,5.214285714285714,0.3561250160714286,0.18016483333333327,0.168244795978836,0.18187468501364357,5.233333333333333,0.2956431484126984,0.18241833333333332,50.0,-0.05373905000000001,0.008443188359788344,0.5453667252108556,-0.17415039044895092,0.6132221794319974,0.02442733333333333,0.0,0.0,0.0,0.0,0.0,0.0,0.0,0.0,0.0,0.0,0.0,0.0,0.0,0.0,0.0,0.0,0.0,0.0,0.0,0.0,0.0,0.0,0.0,0.0,0.0,0.0,0.0,0.0,0.0,0.0,0.0,0.0,0.0,0.0,0.0,0.0,0.0,0.0,0.0,0.0,0.0,0.0,0.0,0.0,0.0,0.22226395952455552,1.3335837571473332,0.6242276666666666,3
2024-07-19,0.0550006,0.12298508040327492,5,0.0,0.275003,0.197,0.985,0.0431128,0.10596438491870748,2,5,neutral,-0.3010617333333333,0.17014687877050277,0.0108351182,0.21059264444444437,0.15146608120163388,7.0,0.3559323222222223,-0.05479440000000001,0.1226021238095238,0.1509781639630733,5.714285714285714,0.32125380476190474,-0.169587,0.19191032363945576,0.15113095812594216,5.142857142857143,0.3566028970238095,-0.0788004,0.16292753264550264,0.17545386578230426,5.333333333333333,0.2897678150793651,-0.1595179,50.0,-0.5933758888888889,-0.053778191887125244,0.5235286713318756,-0.18117390156997085,-0.845530979126314,-0.4364090666666666,0.0,0.0,0.0,0.0,0.0,0.0,0.0,0.0,0.0,0.0,0.0,0.0,0.0,0.0,0.0,0.0,0.0,0.0,0.0,0.0,0.0,0.0,0.0,0.0,0.0,0.0,0.0,0.0,0.0,0.0,0.0,0.0,0.0,0.0,0.0,0.0,0.0,0.0,0.0,0.0,0.0,0.0,0.0,0.0,0.0,0.0108351182,0.054175591,0.197,2
2024-07-22,0.031230499999999998,0.16764622222171988,22,-0.370696,0.436079,0.30661286363636364,6.745483,0.08202131818181818,0.1093685839262665,5,22,neutral,-0.0237701,0.18108021735784102,0.009575673037795454,0.14743114444444438,0.1612328690500998,11.0,0.37594684343434354,-0.1894845,0.11527896666666666,0.16973010267903899,8.142857142857142,0.315634070995671,-0.051262100000000005,0.18642994506802718,0.1504403889053504,6.357142857142857,0.3675841587121212,-0.07672530000000001,0.1597156493121693,0.17432824065047134,5.933333333333334,0.2826911438672439,-0.09635650000000001,50.0,-0.24706275,-0.05602972363315698,0.5078685166733687,-0.1695761635781306,-0.4321789216844907,0.2772916333333333,0.0,0.0,0.0,0.0,0.0,0.0,0.0,0.0,0.0,0.0,0.0,0.0,0.0,0.0,0.0,0.0,0.0,0.0,0.0,0.0,0.0,0.0,0.0,0.0,0.0,0.0,0.0,0.0,0.0,0.0,0.0,0.0,0.0,0.0,0.0,0.0,0.0,0.0,0.0,0.0,0.0,0.0,0.0,0.0,0.0,0.009575673037795454,0.2106648068315,0.30661286363636364,5
2024-07-23,0.01173966666666667,0.20319775440458654,6,-0.307969,0.243154,0.31807883333333337,1.908473,0.062192000000000004,0.12406676846923997,3,6,neutral,-0.019490833333333325,0.16504844404624158,0.0037341394770555574,0.03265692222222217,0.16460968567652715,11.0,0.27389723232323243,-0.34432266666666667,0.13898106190476192,0.17451119578268862,8.857142857142858,0.35293919004329005,0.16591466666666668,0.13573277840136053,0.15483683603028672,6.714285714285714,0.32247578966450213,-0.7097603333333333,0.15416853343915343,0.17305033782278736,5.666666666666667,0.2816120454545455,-0.16641347619047617,50.0,-0.11515371428571428,-0.08140434003527339,0.5135226866571759,-0.1854882668952712,-0.6240961026347105,0.004279266666666674,0.0,0.0,0.0,0.0,0.0,0.0,0.0,0.0,0.0,0.0,0.0,0.0,0.0,0.0,0.0,0.0,0.0,0.0,0.0,0.0,0.0,0.0,0.0,0.0,0.0,0.0,0.0,0.0,0.0,0.0,0.0,0.0,0.0,0.0,0.0,0.0,0.0,0.0,0.0,0.0,0.0,0.0,0.0,0.0,0.0,0.0037341394770555574,0.022404836862333345,0.31807883333333337,3
2024-07-24,0.12212700000000001,0.12097267275504828,5,-0.061071,0.244479,0.410832,2.05416,0.18338700000000002,0.09464943856674479,2,5,neutral,0.11038733333333334,0.16157380686198683,0.050173679664,0.05503238888888884,0.16393888312711824,11.0,0.34517456565656585,0.06712640000000002,0.1295243,0.17565307342126285,8.714285714285714,0.37643595194805196,-0.0661973333333333,0.1251251355442177,0.1522319003937299,7.0,0.32074421823593074,-0.14850699999999997,0.15643220843915345,0.1688566387680804,5.7,0.28639807878787876,0.06791025000000002,50.0,-0.0725938,-0.10429467336860672,0.5116264701121096,-0.17473035035020487,9.402935915273003,0.12987816666666666,0.0,0.0,0.0,0.0,0.0,0.0,0.0,0.0,0.0,0.0,0.0,0.0,0.0,0.0,0.0,0.0,0.0,0.0,0.0,0.0,0.0,0.0,0.0,0.0,0.0,0.0,0.0,0.0,0.0,0.0,0.0,0.0,0.0,0.0,0.0,0.0,0.0,0.0,0.0,0.0,0.0,0.0,0.0,0.0,0.0,0.050173679664,0.25086839832,0.410832,2
2024-07-25,0.15827966666666668,0.30444669411299796,3,-0.113478,0.487287,0.33988666666666667,1.01966,0.17369466666666666,0.14189926443196715,1,3,bullish,0.036152666666666666,0.1838496847795255,0.05379714830444445,0.09738211111111106,0.20953904042421093,4.666666666666667,0.3562658333333335,0.12704916666666669,0.13645068095238094,0.17866594101417915,8.142857142857142,0.34902961861471865,0.048484666666666676,0.12826456071428569,0.16644476220693327,6.714285714285714,0.33814190871212124,0.0439519523809524,0.15743739362433865,0.17607526198560908,5.5,0.2916485306397306,0.030155555555555574,50.0,0.08550036111111115,-0.11036507768959436,0.5193583402610998,-0.18737635383252838,0.2960251759780119,-0.07423466666666667,0.0,0.0,0.0,0.0,0.0,0.0,0.0,0.0,0.0,0.0,0.0,0.0,0.0,0.0,0.0,0.0,0.0,0.0,0.0,0.0,0.0,0.0,0.0,0.0,0.0,0.0,0.0,0.0,0.0,0.0,0.0,0.0,0.0,0.0,0.0,0.0,0.0,0.0,0.0,0.0,0.0,0.0,0.0,0.0,0.0,0.05379714830444445,0.16139144491333335,0.33988666666666667,1
2024-07-26,0.15364049999999999,0.2439004468692093,4,-0.01113,0.509079,0.38152749999999996,1.5261099999999999,0.24320775,0.03571960555376651,3,4,bullish,-0.004639166666666694,0.20803275807271238,0.05861807586374999,0.14468238888888885,0.22310660457908518,4.0,0.377415388888889,0.1419008333333333,0.12686860952380954,0.19374516789887733,7.285714285714286,0.36830936147186144,-0.06707450000000001,0.13166603928571427,0.1787932534391491,6.642857142857143,0.3584605587121212,0.04762069999999999,0.16177303529100528,0.18065009148587938,5.5,0.3013911723063973,0.13006925,50.0,-0.017182933333333344,-0.11306290361552031,0.5005367342441317,-0.17078044781556032,-0.02930993452517605,-0.04079183333333336,0.0,0.0,0.0,0.0,0.0,0.0,0.0,0.0,0.0,0.0,0.0,0.0,0.0,0.0,0.0,0.0,0.0,0.0,0.0,0.0,0.0,0.0,0.0,0.0,0.0,0.0,0.0,0.0,0.0,0.0,0.0,0.0,0.0,0.0,0.0,0.0,0.0,0.0,0.0,0.0,0.0,0.0,0.0,0.0,0.0,0.05861807586374999,0.23447230345499995,0.38152749999999996,3
2024-07-27,0.11270450000000001,0.05370122449721235,2,0.074732,0.150677,0.6781335,1.356267,0.0866825,0.059769614893355305,1,2,neutral,-0.04093599999999997,0.1852437585278109,0.07642869705075,0.1415415555555555,0.2006827884931399,3.0,0.46651588888888895,-0.0094225,0.09210320476190477,0.17383572789486418,6.714285714285714,0.37601019480519476,-0.2433578333333333,0.11946602142857143,0.17143327205215492,6.214285714285714,0.3795709426406927,-0.17080024999999996,0.1655573852910053,0.1755721368063327,5.533333333333333,0.3235040556397306,0.1135305,50.0,0.26112365000000004,-0.07868133139329807,0.48809455989030187,-0.16044792346173048,-0.26644016388907854,-0.03629683333333328,0.0,0.0,0.0,0.0,0.0,0.0,0.0,0.0,0.0,0.0,0.0,0.0,0.0,0.0,0.0,0.0,0.0,0.0,0.0,0.0,0.0,0.0,0.0,0.0,0.0,0.0,0.0,0.0,0.0,0.0,0.0,0.0,0.0,0.0,0.0,0.0,0.0,0.0,0.0,0.0,0.0,0.0,0.0,0.0,0.0,0.07642869705075,0.1528573941015,0.6781335,1
2024-07-28,0.200026,0.0,1,0.200026,0.200026,0.31482,0.31482,0.26075,0.0,1,1,bullish,0.0873215,0.180755259558617,0.06297218532,0.15545699999999993,0.14880083568321084,2.3333333333333335,0.45816033333333345,0.04174633333333333,0.11282111904761906,0.18231083581012905,6.142857142857143,0.3928416233766234,0.14502540000000003,0.11771162142857143,0.16664449988660116,5.928571428571429,0.357047714069264,-0.02456159999999999,0.17111071862433863,0.1755721368063327,5.533333333333333,0.3332066223063973,0.16660000000000003,50.0,0.22602966666666663,-0.058494939858906525,0.4910597120390242,-0.15420605561045284,0.7747827282850284,0.12825749999999997,0.0,0.0,0.0,0.0,0.0,0.0,0.0,0.0,0.0,0.0,0.0,0.0,0.0,0.0,0.0,0.0,0.0,0.0,0.0,0.0,0.0,0.0,0.0,0.0,0.0,0.0,0.0,0.0,0.0,0.0,0.0,0.0,0.0,0.0,0.0,0.0,0.0,0.0,0.0,0.0,0.0,0.0,0.0,0.0,0.0,0.06297218532,0.06297218532,0.31482,1
2024-07-29,0.2274222,0.24097048029831372,5,-0.09581,0.47326,0.3282464,1.641232,0.27360419999999996,0.17402205147969035,4,5,bullish,0.02739619999999998,0.21075471144443333,0.07465051843008,0.18005089999999993,0.14733585239776303,2.6666666666666665,0.44039996666666675,0.0737817,0.14084850476190477,0.19453154548956134,3.7142857142857144,0.3959321285714285,0.1961917,0.1280637357142857,0.18213082408430017,5.928571428571429,0.3557830997835497,0.1449296,0.16639128825396826,0.17740122295062605,5.4,0.3312428763804714,-0.14158291111111113,50.0,-0.0740053333333333,-0.060746749118165785,0.4757268853785472,-0.18828100894997574,0.1369631947846779,-0.059925300000000015,0.0,0.0,0.0,0.0,0.0,0.0,0.0,0.0,0.0,0.0,0.0,0.0,0.0,0.0,0.0,0.0,0.0,0.0,0.0,0.0,0.0,0.0,0.0,0.0,0.0,0.0,0.0,0.0,0.0,0.0,0.0,0.0,0.0,0.0,0.0,0.0,0.0,0.0,0.0,0.0,0.0,0.0,0.0,0.0,0.0,0.07465051843008,0.37325259215039996,0.3282464,4
2024-07-30,0.139678375,0.1405098141584398,8,-0.016077,0.319244,0.30940275,2.475222,0.181034375,0.09003257405745275,4,8,neutral,-0.087743825,0.1697704914557938,0.04321687334053125,0.1890421916666666,0.19074014722837676,4.666666666666667,0.31748971666666675,0.02697387499999998,0.1591254630952381,0.1840835554485369,4.0,0.3946926880952381,0.12793870833333332,0.1490532625,0.17892920793615705,6.428571428571429,0.3738159390692641,0.29385337499999997,0.1641337451984127,0.17905595409440117,5.366666666666666,0.3342602087878788,-0.06772629166666666,50.0,-0.076285,-0.003292205908289239,0.46634664197035924,-0.19199632804178787,-0.3858190845045031,-0.11514002499999998,0.0,0.0,0.0,0.0,0.0,0.0,0.0,0.0,0.0,0.0,0.0,0.0,0.0,0.0,0.0,0.0,0.0,0.0,0.0,0.0,0.0,0.0,0.0,0.0,0.0,0.0,0.0,0.0,0.0,0.0,0.0,0.0,0.0,0.0,0.0,0.0,0.0,0.0,0.0,0.0,0.0,0.0,0.0,0.0,0.0,0.04321687334053125,0.34573498672425,0.30940275,4
2024-07-31,0.1327529090909091,0.1105405263208517,11,-0.003001,0.34073,0.12600263636363637,1.386029,0.2547526363636364,0.07659630137450858,3,11,neutral,-0.006925465909090905,0.1364305113187044,0.016727216530396695,0.16661782803030298,0.16400694025920173,8.0,0.25455059545454556,-0.06727309090909092,0.1606434501082251,0.1823448643761708,4.857142857142857,0.35400277900432897,0.010625909090909075,0.14508387505411255,0.17874159232352804,6.785714285714286,0.36521936547619044,-0.05557142424242423,0.15710496716810968,0.17618784508983062,5.466666666666667,0.3232543591666666,-0.21086334090909092,50.0,-0.013294,0.022682099647266318,0.4662524612416743,-0.19005962783258334,-0.049581518320863216,0.08081835909090909,0.0,0.0,0.0,0.0,0.0,0.0,0.0,0.0,0.0,0.0,0.0,0.0,0.0,0.0,0.0,0.0,0.0,0.0,0.0,0.0,0.0,0.0,0.0,0.0,0.0,0.0,0.0,0.0,0.0,0.0,0.0,0.0,0.0,0.0,0.0,0.0,0.0,0.0,0.0,0.0,0.0,0.0,0.0,0.0,0.0,0.016727216530396695,0.18399938183436365,0.12600263636363637,3
2024-08-01,0.0,0.0,1,0.0,0.0,0.031364,0.031364,0.23568,0.0,1,1,neutral,-0.1327529090909091,0.16400694025920173,0.0,0.09081042803030297,0.12552517023964577,6.666666666666667,0.15558979545454557,-0.2274222,0.13803206915584415,0.15792449842880538,4.571428571428571,0.3099281123376623,-0.15827966666666668,0.13724137505411255,0.17002367327027343,6.357142857142857,0.3294788654761905,-0.109795,0.15470981161255412,0.1720007639342774,5.3,0.31498118694444444,-0.07185466666666666,50.0,-0.18016483333333327,0.01545864197530865,0.47044652552616373,-0.20485567211707287,-1.0,-0.12582744318181818,0.0,0.0,0.0,0.0,0.0,0.0,0.0,0.0,0.0,0.0,0.0,0.0,0.0,0.0,0.0,0.0,0.0,0.0,0.0,0.0,0.0,0.0,0.0,0.0,0.0,0.0,0.0,0.0,0.0,0.0,0.0,0.0,0.0,0.0,0.0,0.0,0.0,0.0,0.0,0.0,0.0,0.0,0.0,0.0,0.0,0.0,0.0,0.031364,1
2024-08-02,0.08699266666666666,0.28942914481152954,3,-0.197987,0.380675,0.27027,0.81081,0.10318500000000001,0.2278238864583782,2,3,neutral,0.08699266666666666,0.19536249139728368,0.02351150802,0.07324852525252519,0.19998483556619062,5.0,0.1425455454545456,-0.05268570833333333,0.1285109501082251,0.1670302380172694,4.428571428571429,0.29403418376623375,-0.06664783333333332,0.1276897798160173,0.18261394711487403,5.857142857142857,0.3311717726190476,-0.13372233333333333,0.15379893383477633,0.17918811741805796,5.233333333333333,0.3197589069444445,-0.027326333333333355,50.0,0.0788004,0.032280219753086425,0.4770971757457786,-0.23115753067002107,inf,0.21974557575757575,0.0,0.0,0.0,0.0,0.0,0.0,0.0,0.0,0.0,0.0,0.0,0.0,0.0,0.0,0.0,0.0,0.0,0.0,0.0,0.0,0.0,0.0,0.0,0.0,0.0,0.0,0.0,0.0,0.0,0.0,0.0,0.0,0.0,0.0,0.0,0.0,0.0,0.0,0.0,0.0,0.0,0.0,0.0,0.0,0.0,0.02351150802,0.07053452405999999,0.27027,2
2024-08-03,0.2894765,0.16929197001777724,2,0.169769,0.409184,0.38725099999999996,0.7745019999999999,0.2151035,0.10123011390144732,1,2,bullish,0.20248383333333336,0.17744286382714958,0.1121000641015,0.12548972222222218,0.2293605574146534,2.0,0.22962833333333346,0.15672359090909094,0.15376409296536794,0.1901483871213824,4.428571428571429,0.2524795409090909,0.176772,0.12293364886363636,0.18063266923924678,5.571428571428571,0.31424486785714284,-0.06658583333333329,0.16233115050144298,0.17879227152204674,5.266666666666667,0.33220740694444445,0.25596650000000004,50.0,0.0767253,0.031305212962962965,0.47332908333154067,-0.2209005482557831,2.327596579021987,0.1154911666666667,0.0,0.0,0.0,0.0,0.0,0.0,0.0,0.0,0.0,0.0,0.0,0.0,0.0,0.0,0.0,0.0,0.0,0.0,0.0,0.0,0.0,0.0,0.0,0.0,0.0,0.0,0.0,0.0,0.0,0.0,0.0,0.0,0.0,0.0,0.0,0.0,0.0,0.0,0.0,0.0,0.0,0.0,0.0,0.0,0.0,0.1121000641015,0.224200128203,0.38725099999999996,1
2024-08-04,0.270034,0.07282351318084013,2,0.21854,0.321528,0.2643865,0.528773,0.311128,0.08598277037872179,1,2,bullish,-0.01944250000000003,0.16052128858274967,0.071393344141,0.21550105555555552,0.17718154267004896,2.3333333333333335,0.3073025000000001,0.270034,0.16376523582251082,0.17059424146462535,4.571428571428571,0.24527475519480518,0.07000799999999999,0.13829317743506495,0.1764525386373772,5.357142857142857,0.3190581892857143,0.21503339999999999,0.16441825050144301,0.17299158280208374,5.233333333333333,0.33323031249999996,0.062613,50.0,0.7097603333333333,0.11207668703703705,0.48478720312623647,-0.21360452805047891,-0.06716434667408244,-0.2219263333333334,0.0,0.0,0.0,0.0,0.0,0.0,0.0,0.0,0.0,0.0,0.0,0.0,0.0,0.0,0.0,0.0,0.0,0.0,0.0,0.0,0.0,0.0,0.0,0.0,0.0,0.0,0.0,0.0,0.0,0.0,0.0,0.0,0.0,0.0,0.0,0.0,0.0,0.0,0.0,0.0,0.0,0.0,0.0,0.0,0.0,0.071393344141,0.142786688282,0.2643865,1
2024-08-05,0.22444233333333333,0.2794973843109568,6,-0.052435,0.576148,0.3863996666666667,2.318398,0.22278299999999998,0.15764002891017243,4,6,bullish,-0.04559166666666667,0.2027605030802759,0.0867244427858889,0.261317611111111,0.1738709558365247,3.3333333333333335,0.346012388888889,0.13744966666666666,0.1633395405844156,0.1770153921333992,4.714285714285714,0.25358236471861473,-0.002979866666666664,0.1520940226731602,0.18577346881148027,4.214285714285714,0.32475724664502165,0.19321183333333333,0.16603641161255409,0.1683944832539845,5.3,0.3345321513888889,0.04854483333333329,50.0,0.14850699999999997,0.09956372592592592,0.5153735644058784,-0.20632915599678756,-0.16883676376555057,-0.02614916666666664,0.0,0.0,0.0,0.0,0.0,0.0,0.0,0.0,0.0,0.0,0.0,0.0,0.0,0.0,0.0,0.0,0.0,0.0,0.0,0.0,0.0,0.0,0.0,0.0,0.0,0.0,0.0,0.0,0.0,0.0,0.0,0.0,0.0,0.0,0.0,0.0,0.0,0.0,0.0,0.0,0.0,0.0,0.0,0.0,0.0,0.0867244427858889,0.5203466567153334,0.3863996666666667,4
2024-08-06,0.22066077777777776,0.2088500059269677,9,-0.066602,0.546619,0.6259406666666667,5.633466,0.2040258888888889,0.07015676255437611,4,9,bullish,-0.0037815555555555658,0.20397840364961425,0.1381205543494074,0.23837903703703697,0.1870569678062549,5.666666666666667,0.42557561111111125,-0.06881572222222226,0.17490845526695525,0.18840542409482053,4.857142857142857,0.2988020670995671,0.08098240277777777,0.16701695918109669,0.1862444897716787,4.428571428571429,0.34674737759740254,0.20892111111111109,0.16893173753848004,0.17072873573087258,5.4,0.3490531847222222,0.08685977777777776,50.0,-0.0439519523809524,0.06956576825396825,0.5276426618105383,-0.215364608957003,-0.016848673329105668,0.0418101111111111,0.0,0.0,0.0,0.0,0.0,0.0,0.0,0.0,0.0,0.0,0.0,0.0,0.0,0.0,0.0,0.0,0.0,0.0,0.0,0.0,0.0,0.0,0.0,0.0,0.0,0.0,0.0,0.0,0.0,0.0,0.0,0.0,0.0,0.0,0.0,0.0,0.0,0.0,0.0,0.0,0.0,0.0,0.0,0.0,0.0,0.1381205543494074,1.2430849891446667,0.6259406666666667,4
2024-08-07,0.13758616666666665,0.13721969827895217,6,0.0,0.403392,0.3324553333333333,1.994732,0.13066216666666666,0.10030319274164042,3,6,neutral,-0.08307461111111111,0.1735365143430988,0.04574125490122222,0.1942297592592592,0.2085223628389589,7.0,0.44826522222222237,-0.13244783333333335,0.17559892063492064,0.19285195275450392,4.142857142857143,0.32829530952380953,0.00483325757575756,0.1681211853715729,0.18759840856533735,4.5,0.3411490442640693,0.015459166666666635,0.1699194164273689,0.16920782431610146,5.433333333333334,0.35503918916666666,0.029630366666666644,50.0,-0.04762069999999999,0.07249739417989418,0.5127947842901348,-0.19773761476993285,-0.376481094409871,-0.07929305555555555,0.0,0.0,0.0,0.0,0.0,0.0,0.0,0.0,0.0,0.0,0.0,0.0,0.0,0.0,0.0,0.0,0.0,0.0,0.0,0.0,0.0,0.0,0.0,0.0,0.0,0.0,0.0,0.0,0.0,0.0,0.0,0.0,0.0,0.0,0.0,0.0,0.0,0.0,0.0,0.0,0.0,0.0,0.0,0.0,0.0,0.04574125490122222,0.2744475294073333,0.3324553333333333,3
2024-08-08,0.16448200000000002,0.18808023606353297,8,-0.010881,0.461061,0.45857825,3.668626,0.20983712499999999,0.10542826428489183,3,8,bullish,0.02689583333333337,0.17729416755224997,0.07542786771650001,0.17424298148148143,0.17804998008981762,7.666666666666667,0.4723247500000001,-0.05996033333333331,0.1990963492063492,0.19217027894150807,5.142857142857143,0.38932591666666666,0.16448200000000002,0.16856420918109666,0.17790120372788196,4.857142857142857,0.34962701450216443,0.0062023333333333375,0.15135214976070227,0.1699336863063873,5.666666666666667,0.33867193083333336,-0.557018,50.0,0.17080024999999996,0.09995131084656085,0.5155091762220472,-0.2060753067018452,0.19548355757664626,0.10997044444444448,0.0,0.0,0.0,0.0,0.0,0.0,0.0,0.0,0.0,0.0,0.0,0.0,0.0,0.0,0.0,0.0,0.0,0.0,0.0,0.0,0.0,0.0,0.0,0.0,0.0,0.0,0.0,0.0,0.0,0.0,0.0,0.0,0.0,0.0,0.0,0.0,0.0,0.0,0.0,0.0,0.0,0.0,0.0,0.0,0.0,0.07542786771650001,0.6034229417320001,0.45857825,3
2024-08-09,0.135033,0.11178368261065653,2,0.05599,0.214076,0.092872,0.185744,0.1368985,0.11575125875989427,2,2,neutral,-0.02944900000000003,0.18508620143821325,0.012540784775999998,0.1457003888888888,0.14569453898438056,5.333333333333333,0.2946351944444446,-0.08562777777777777,0.20595925396825396,0.1667923557699548,5.0,0.3639833452380952,0.048040333333333324,0.16723510203823952,0.16689147337300256,4.714285714285714,0.32900876450216454,-0.0186075,0.14683211642736893,0.1677799824658047,5.7,0.3272651975,-0.135601,50.0,0.02456159999999999,0.10415748862433861,0.4954261960093085,-0.20809525982243982,-0.17904086769372962,-0.0563448333333334,0.0,0.0,0.0,0.0,0.0,0.0,0.0,0.0,0.0,0.0,0.0,0.0,0.0,0.0,0.0,0.0,0.0,0.0,0.0,0.0,0.0,0.0,0.0,0.0,0.0,0.0,0.0,0.0,0.0,0.0,0.0,0.0,0.0,0.0,0.0,0.0,0.0,0.0,0.0,0.0,0.0,0.0,0.0,0.0,0.0,0.012540784775999998,0.025081569551999996,0.092872,2
2024-08-10,0.109319,0.12780389384521898,2,0.018948,0.19969,0.372554,0.745108,0.083931,0.03669601351645708,1,2,neutral,-0.025713999999999987,0.15474750334506568,0.040727230726,0.13627799999999993,0.1425559375064695,4.0,0.30800141666666675,-0.02826716666666665,0.1802224682539683,0.1608654877453036,5.0,0.3618837738095238,-0.18015750000000003,0.16699328060966812,0.17306669581866976,4.714285714285714,0.30718165735930736,-0.0033855000000000135,0.14666515928451176,0.16808088629187376,5.533333333333333,0.3364730308333333,-0.005008714285714283,50.0,-0.1449296,0.10807251455026454,0.49867753972508,-0.20591476353821134,-0.19042752512348826,0.003735000000000044,0.0,0.0,0.0,0.0,0.0,0.0,0.0,0.0,0.0,0.0,0.0,0.0,0.0,0.0,0.0,0.0,0.0,0.0,0.0,0.0,0.0,0.0,0.0,0.0,0.0,0.0,0.0,0.0,0.0,0.0,0.0,0.0,0.0,0.0,0.0,0.0,0.0,0.0,0.0,0.0,0.0,0.0,0.0,0.0,0.0,0.040727230726,0.081454461452,0.372554,1
2024-08-12,0.08965185714285714,0.18570127221914645,7,-0.289756,0.307781,0.2046157142857143,1.43231,0.23475857142857143,0.057674759085921186,4,7,neutral,-0.019667142857142855,0.1501177566035014,0.01834417878632653,0.11133461904761899,0.14176294955834065,3.6666666666666665,0.22334723809523824,-0.07483014285714287,0.15445359070294784,0.17699088189363307,5.714285714285714,0.3533450901360545,-0.18038214285714285,0.15910941326272934,0.17403858631101413,5.142857142857143,0.29930992266542983,-0.11037414285714287,0.1461195611892737,0.17187093115738275,5.6,0.34005800797619046,-0.016367942857142853,50.0,-0.29385337499999997,0.06666653955026454,0.5036047242486037,-0.20499981234744927,-0.17990598941760216,0.006046857142857132,0.0,0.0,0.0,0.0,0.0,0.0,0.0,0.0,0.0,0.0,0.0,0.0,0.0,0.0,0.0,0.0,0.0,0.0,0.0,0.0,0.0,0.0,0.0,0.0,0.0,0.0,0.0,0.0,0.0,0.0,0.0,0.0,0.0,0.0,0.0,0.0,0.0,0.0,0.0,0.0,0.0,0.0,0.0,0.0,0.0,0.01834417878632653,0.12840925150428573,0.2046157142857143,4
2024-08-13,0.33161433333333334,0.17806320632030265,6,0.034361,0.575306,0.3745591666666666,2.2473549999999998,0.3019833333333333,0.10979732181736795,3,6,bullish,0.2419624761904762,0.1582864582117715,0.12420918834805554,0.1768617301587301,0.1638561241282227,5.0,0.3172429603174604,0.19658133333333336,0.16976387641723356,0.16250028503782538,5.714285714285714,0.3516535901360544,0.10717200000000002,0.16655170850082457,0.1691995652357825,5.214285714285714,0.3026179774273346,0.10419213333333335,0.14772321396705143,0.1729332357422778,5.533333333333333,0.339790376031746,0.04810958333333337,50.0,0.05557142424242423,0.06431610891053391,0.5168057300170166,-0.18621335144919549,2.6989120348607765,0.26162961904761906,0.0,0.0,0.0,0.0,0.0,0.0,0.0,0.0,0.0,0.0,0.0,0.0,0.0,0.0,0.0,0.0,0.0,0.0,0.0,0.0,0.0,0.0,0.0,0.0,0.0,0.0,0.0,0.0,0.0,0.0,0.0,0.0,0.0,0.0,0.0,0.0,0.0,0.0,0.0,0.0,0.0,0.0,0.0,0.0,0.0,0.12420918834805554,0.7452551300883332,0.3745591666666666,3
2024-08-14,0.111156,0.08143474466098607,4,0.053237,0.230492,0.1333025,0.53321,0.21124,0.04345562258212396,3,4,neutral,-0.22045833333333334,0.13695735993126215,0.01481737269,0.17747406349206343,0.14839974106681172,5.666666666666667,0.2374924603174604,0.0018370000000000053,0.15412033673469389,0.14429810485697084,5.0,0.2812767091836735,-0.10950477777777776,0.16451439600082457,0.16465532912059377,4.928571428571429,0.2900393881416203,-0.02852237499999999,0.14394216063371815,0.16747161376532171,5.5,0.3232289526984127,-0.1134316,50.0,0.109795,-0.0023467059042809107,0.5118640768954541,-0.182368798327633,-0.6648033910878399,-0.46242080952380954,0.0,0.0,0.0,0.0,0.0,0.0,0.0,0.0,0.0,0.0,0.0,0.0,0.0,0.0,0.0,0.0,0.0,0.0,0.0,0.0,0.0,0.0,0.0,0.0,0.0,0.0,0.0,0.0,0.0,0.0,0.0,0.0,0.0,0.0,0.0,0.0,0.0,0.0,0.0,0.0,0.0,0.0,0.0,0.0,0.0,0.01481737269,0.05926949076,0.1333025,3
2024-08-15,0.14144839999999997,0.1394130011272263,5,0.0,0.325754,0.2347852,1.173926,0.247228,0.09030883133171416,2,5,neutral,0.03029239999999997,0.1424832236345761,0.03320999088367999,0.19473957777777773,0.13297031736950501,5.0,0.24754895555555564,0.05179654285714283,0.1546720843537415,0.1446114338352957,4.857142857142857,0.26732383299319723,0.003862233333333326,0.16513550249433107,0.16687628872108412,4.5,0.29780957125850344,0.008695490909090886,0.14590735396705146,0.1705930364024069,5.5,0.31952342603174605,0.058955799999999975,50.0,0.13372233333333333,-0.003989446645021649,0.4926854365637017,-0.16487328466254725,0.272521501313469,0.2507507333333333,0.0,0.0,0.0,0.0,0.0,0.0,0.0,0.0,0.0,0.0,0.0,0.0,0.0,0.0,0.0,0.0,0.0,0.0,0.0,0.0,0.0,0.0,0.0,0.0,0.0,0.0,0.0,0.0,0.0,0.0,0.0,0.0,0.0,0.0,0.0,0.0,0.0,0.0,0.0,0.0,0.0,0.0,0.0,0.0,0.0,0.03320999088367999,0.16604995441839995,0.2347852,2
2024-08-16,0.060356999999999994,0.0279052620127459,2,0.040625,0.080089,0.0851055,0.170211,0.1873285,0.019830809678376724,2,2,neutral,-0.08109139999999998,0.12250349726808145,0.0051367126635,0.10432046666666661,0.08291766926698609,3.6666666666666665,0.1510644000000001,-0.27125733333333335,0.13979708435374147,0.12172929468518327,4.0,0.21397058299319727,-0.10412500000000002,0.16944671678004533,0.15694978681334568,4.571428571428571,0.301648249829932,0.060356999999999994,0.15305842063371816,0.16549704445991903,5.533333333333333,0.320462176031746,0.214532,50.0,0.06658583333333329,0.008292529545454539,0.46402179657965015,-0.1455379946784958,-0.5732931584945464,-0.11138379999999995,0.0,0.0,0.0,0.0,0.0,0.0,0.0,0.0,0.0,0.0,0.0,0.0,0.0,0.0,0.0,0.0,0.0,0.0,0.0,0.0,0.0,0.0,0.0,0.0,0.0,0.0,0.0,0.0,0.0,0.0,0.0,0.0,0.0,0.0,0.0,0.0,0.0,0.0,0.0,0.0,0.0,0.0,0.0,0.0,0.0,0.0051367126635,0.010273425327,0.0851055,2
2024-08-17,0.16139,0.08703494526912738,2,0.099847,0.222933,0.23491800000000002,0.46983600000000003,0.2685135,0.12425068226975658,1,2,bullish,0.10103300000000001,0.10277023187807766,0.03791341602000001,0.12106513333333328,0.08478440280303319,3.0,0.18493623333333345,0.050234,0.14356237006802722,0.11819376077925055,4.0,0.234262868707483,0.02635700000000002,0.1747608120181406,0.14249305827460265,4.5,0.2991231069727891,0.07439733333333334,0.15216060952260702,0.16457045217363683,5.4,0.3200809538095238,-0.02693433333333331,50.0,-0.21503339999999999,-0.010308881565656573,0.47015981833208526,-0.14680746643093084,1.6739234885763046,0.1821244,0.0,0.0,0.0,0.0,0.0,0.0,0.0,0.0,0.0,0.0,0.0,0.0,0.0,0.0,0.0,0.0,0.0,0.0,0.0,0.0,0.0,0.0,0.0,0.0,0.0,0.0,0.0,0.0,0.0,0.0,0.0,0.0,0.0,0.0,0.0,0.0,0.0,0.0,0.0,0.0,0.0,0.0,0.0,0.0,0.0,0.03791341602000001,0.07582683204000001,0.23491800000000002,1
2024-08-19,0.1451708,0.12840413251215865,5,-0.003003,0.334031,0.4057156,2.028578,0.2073328,0.02984115112893603,4,5,neutral,-0.016219200000000017,0.09283841711644886,0.05889805822448,0.12230593333333328,0.08111477993134399,3.0,0.24191303333333344,0.0037224000000000146,0.14868405578231295,0.1182795091602419,4.428571428571429,0.23900024013605442,0.03585179999999999,0.16445326201814062,0.13957249845277275,4.714285714285714,0.30044200697278917,-0.14430570000000004,0.15333980285594034,0.1590364347289788,5.333333333333333,0.31588044047619046,0.035375799999999985,50.0,-0.19321183333333333,-0.050754668602693606,0.4646973016290752,-0.14683046972792077,-0.10049693289547068,-0.11725220000000003,0.0,0.0,0.0,0.0,0.0,0.0,0.0,0.0,0.0,0.0,0.0,0.0,0.0,0.0,0.0,0.0,0.0,0.0,0.0,0.0,0.0,0.0,0.0,0.0,0.0,0.0,0.0,0.0,0.0,0.0,0.0,0.0,0.0,0.0,0.0,0.0,0.0,0.0,0.0,0.0,0.0,0.0,0.0,0.0,0.0,0.05889805822448,0.2944902911224,0.4057156,4
2024-08-20,0.096198,0.028564460914453346,4,0.056008,0.119279,0.19233975,0.769359,0.18441825,0.0549992964765611,2,4,neutral,-0.04897279999999998,0.08226436036714233,0.018502699270500002,0.1342529333333333,0.08133451289857979,3.6666666666666665,0.27765778333333346,0.03584100000000001,0.14961921904761905,0.09583139325957146,4.0,0.23724653095238096,0.0065461428571428615,0.15203640487528344,0.13641113757660225,4.857142857142857,0.2952958105442177,-0.173836,0.1491892361892737,0.15511567052319777,5.133333333333334,0.31407278880952383,-0.12451699999999999,50.0,-0.20892111111111109,-0.07669719205948372,0.4357775632728793,-0.13103315137172492,-0.33734607786138804,-0.032753599999999966,0.0,0.0,0.0,0.0,0.0,0.0,0.0,0.0,0.0,0.0,0.0,0.0,0.0,0.0,0.0,0.0,0.0,0.0,0.0,0.0,0.0,0.0,0.0,0.0,0.0,0.0,0.0,0.0,0.0,0.0,0.0,0.0,0.0,0.0,0.0,0.0,0.0,0.0,0.0,0.0,0.0,0.0,0.0,0.0,0.0,0.018502699270500002,0.07401079708200001,0.19233975,2
2024-08-21,0.08346119999999999,0.11831797833465545,5,-0.011792,0.278595,0.1458408,0.729204,0.1507564,0.17799068713362506,3,5,neutral,-0.01273680000000002,0.07804535580862815,0.012172048176959997,0.10827666666666662,0.09176219058708916,4.666666666666667,0.24796538333333343,-0.07792880000000002,0.11416877142857142,0.0872963606901933,3.857142857142857,0.2045724785714286,-0.24815313333333336,0.14196632392290248,0.12489832286400933,4.785714285714286,0.2781130343537415,-0.14098113333333334,0.14010253174482923,0.15244605173067458,5.1,0.2981265599206349,-0.27260113333333336,50.0,-0.015459166666666635,-0.06231158835578002,0.4306307218045862,-0.13150802740343187,-0.13240192103785964,0.03623599999999996,0.0,0.0,0.0,0.0,0.0,0.0,0.0,0.0,0.0,0.0,0.0,0.0,0.0,0.0,0.0,0.0,0.0,0.0,0.0,0.0,0.0,0.0,0.0,0.0,0.0,0.0,0.0,0.0,0.0,0.0,0.0,0.0,0.0,0.0,0.0,0.0,0.0,0.0,0.0,0.0,0.0,0.0,0.0,0.0,0.0,0.012172048176959997,0.06086024088479998,0.1458408,3
2024-08-22,0.041207,0.0,1,0.041207,0.041207,0.046006,0.046006,0.273179,0.0,1,1,neutral,-0.042254199999999985,0.09058037925759871,0.001895769242,0.07362206666666661,0.07344121962455441,3.3333333333333335,0.12806218333333344,-0.1039638,0.10417605714285713,0.08827329669506116,3.4285714285714284,0.19210155,-0.06994900000000001,0.12914819693877552,0.11844050108993559,4.214285714285714,0.23668912959183672,-0.17945377777777777,0.13964274507816257,0.1535371988168746,4.966666666666667,0.29309342658730153,-0.013793599999999996,50.0,-0.0062023333333333375,-0.030350361503928162,0.4293861109035022,-0.13941800741143873,-0.5062735738283177,-0.029517399999999964,0.0,0.0,0.0,0.0,0.0,0.0,0.0,0.0,0.0,0.0,0.0,0.0,0.0,0.0,0.0,0.0,0.0,0.0,0.0,0.0,0.0,0.0,0.0,0.0,0.0,0.0,0.0,0.0,0.0,0.0,0.0,0.0,0.0,0.0,0.0,0.0,0.0,0.0,0.0,0.0,0.0,0.0,0.0,0.0,0.0,0.001895769242,0.001895769242,0.046006,1
2024-08-23,0.15028166666666667,0.08807598849478407,3,0.089011,0.251215,0.2536043333333333,0.760813,0.23393466666666665,0.08604650559629562,2,3,bullish,0.10907466666666668,0.09084064006401288,0.038112081887222225,0.0916499555555555,0.10319698341471978,3.0,0.14848371111111122,0.05408366666666667,0.1054379523809524,0.07971712792298746,3.142857142857143,0.19478999761904764,0.0088332666666667,0.13005501836734695,0.11466021572192268,4.0,0.23105691530612243,0.012695500000000026,0.14361111730038478,0.1505901531232844,4.333333333333333,0.29132647557720054,0.11905116666666668,50.0,0.0186075,-0.03445746419753085,0.4312028214911564,-0.12620655133242628,2.6469936337677256,0.15132886666666667,0.0,0.0,0.0,0.0,0.0,0.0,0.0,0.0,0.0,0.0,0.0,0.0,0.0,0.0,0.0,0.0,0.0,0.0,0.0,0.0,0.0,0.0,0.0,0.0,0.0,0.0,0.0,0.0,0.0,0.0,0.0,0.0,0.0,0.0,0.0,0.0,0.0,0.0,0.0,0.0,0.0,0.0,0.0,0.0,0.0,0.038112081887222225,0.11433624566166667,0.2536043333333333,2
2024-08-24,0.293601,0.0,1,0.293601,0.293601,0.604596,0.604596,0.206938,0.0,1,1,bullish,0.14331933333333333,0.07831947591463095,0.177509990196,0.1616965555555555,0.08807598849478407,1.6666666666666667,0.3014021111111112,0.21013980000000002,0.13875852380952383,0.09007950110503578,3.0,0.2690029261904762,0.233244,0.13927780408163265,0.10854188069345516,3.5,0.24148675459183672,0.12911899999999998,0.15300649507816258,0.1485667838432343,4.166666666666667,0.3008770477994228,0.28186133333333335,50.0,0.0033855000000000135,-0.04628074197530863,0.42485803797941935,-0.09920093448735587,0.9536714391864165,0.034244666666666645,0.0,0.0,0.0,0.0,0.0,0.0,0.0,0.0,0.0,0.0,0.0,0.0,0.0,0.0,0.0,0.0,0.0,0.0,0.0,0.0,0.0,0.0,0.0,0.0,0.0,0.0,0.0,0.0,0.0,0.0,0.0,0.0,0.0,0.0,0.0,0.0,0.0,0.0,0.0,0.0,0.0,0.0,0.0,0.0,0.0,0.177509990196,0.177509990196,0.604596,1
2024-08-25,0.2447905,0.2915464898442442,2,0.038636,0.450945,0.4100695,0.820139,0.1729465,0.1335109526761756,2,2,bullish,-0.04881050000000001,0.16598015222456122,0.10038111793974999,0.22955772222222218,0.18981123916951415,2.0,0.4227566111111112,0.2035835,0.15067288095238096,0.13098181002005913,3.0,0.2940245690476191,0.08340049999999999,0.14711762551020408,0.12352211462958745,3.5,0.264143718877551,0.10975750000000001,0.15709527841149593,0.15512731526974183,4.066666666666666,0.30085163113275615,0.12266349999999998,50.0,0.11037414285714287,-0.04887498536155202,0.4362075735156935,-0.11501907002362999,-0.1662477307638598,-0.19212983333333333,0.0,0.0,0.0,0.0,0.0,0.0,0.0,0.0,0.0,0.0,0.0,0.0,0.0,0.0,0.0,0.0,0.0,0.0,0.0,0.0,0.0,0.0,0.0,0.0,0.0,0.0,0.0,0.0,0.0,0.0,0.0,0.0,0.0,0.0,0.0,0.0,0.0,0.0,0.0,0.0,0.0,0.0,0.0,0.0,0.0,0.10038111793974999,0.20076223587949998,0.4100695,2
2024-08-27,0.29332,0.0,1,0.29332,0.29332,0.781119,0.781119,0.199141,0.0,1,1,bullish,0.04852950000000003,0.18981123916951415,0.22911782508000003,0.27723716666666665,0.2915464898442442,1.3333333333333333,0.5985948333333334,0.14303833333333335,0.17183705238095234,0.13162622939703425,2.4285714285714284,0.3476536261904762,0.14814920000000004,0.16026055408163264,0.12313286197362094,3.4285714285714284,0.2933269331632653,0.18400100000000003,0.16159662285594034,0.1491545401160116,4.0,0.3155593755772006,0.13504033333333335,50.0,-0.10419213333333335,-0.06785031499118165,0.445016949716163,-0.12149984622409948,0.1982491150596124,0.09734000000000004,0.0,0.0,0.0,0.0,0.0,0.0,0.0,0.0,0.0,0.0,0.0,0.0,0.0,0.0,0.0,0.0,0.0,0.0,0.0,0.0,0.0,0.0,0.0,0.0,0.0,0.0,0.0,0.0,0.0,0.0,0.0,0.0,0.0,0.0,0.0,0.0,0.0,0.0,0.0,0.0,0.0,0.0,0.0,0.0,0.0,0.22911782508000003,0.22911782508000003,0.781119,1
2024-08-28,0.30463439999999997,0.20358755996987854,10,-0.093311,0.58599,0.5219615,5.219615,0.2924367,0.09423028960542475,4,10,bullish,0.011314399999999947,0.19440334610296894,0.15900742837559997,0.28091496666666665,0.2475670249070614,4.333333333333333,0.5710500000000002,0.011033399999999971,0.20161368095238094,0.17538200416089056,3.2857142857142856,0.3947424476190476,0.20843639999999997,0.17561644999999998,0.1247588881327784,3.642857142857143,0.3159944892857142,0.21498254285714283,0.16662975285594034,0.14754202464003835,4.2,0.3202405089105339,0.1509939,50.0,0.02852237499999999,-0.040788562213403864,0.44009598547995765,-0.10855967532122754,0.03857357152597829,-0.037215100000000084,0.0,0.0,0.0,0.0,0.0,0.0,0.0,0.0,0.0,0.0,0.0,0.0,0.0,0.0,0.0,0.0,0.0,0.0,0.0,0.0,0.0,0.0,0.0,0.0,0.0,0.0,0.0,0.0,0.0,0.0,0.0,0.0,0.0,0.0,0.0,0.0,0.0,0.0,0.0,0.0,0.0,0.0,0.0,0.0,0.0,0.15900742837559997,1.5900742837559998,0.5219615,4
2024-08-29,0.13692300000000002,0.16034648623215914,3,0.023061,0.320296,0.14620333333333332,0.43860999999999994,0.2535233333333333,0.04371600636303977,2,3,neutral,-0.16771139999999995,0.2184935120154273,0.020018599010000002,0.2449591333333333,0.18196702310101884,4.666666666666667,0.4830946111111112,-0.10786749999999998,0.20925108095238093,0.1858891311352665,3.0,0.3947942380952381,0.05346180000000003,0.16170992619047617,0.12314827721567446,3.4285714285714284,0.29968335833333326,-0.19469133333333333,0.1674370361892737,0.1518078351094362,4.233333333333333,0.3025095033549784,0.024218500000000004,50.0,-0.008695490909090886,-0.020286746388488045,0.43020280015638546,-0.1070402677754331,-0.5505333606447597,-0.1790257999999999,0.0,0.0,0.0,0.0,0.0,0.0,0.0,0.0,0.0,0.0,0.0,0.0,0.0,0.0,0.0,0.0,0.0,0.0,0.0,0.0,0.0,0.0,0.0,0.0,0.0,0.0,0.0,0.0,0.0,0.0,0.0,0.0,0.0,0.0,0.0,0.0,0.0,0.0,0.0,0.0,0.0,0.0,0.0,0.0,0.0,0.020018599010000002,0.06005579703000001,0.14620333333333332,2
2024-08-30,0.11490471428571428,0.11365988877306173,7,-0.093311,0.25207,0.47462442857142856,3.322371,0.18883628571428573,0.07517105399179991,4,7,neutral,-0.02201828571428574,0.1922851062048359,0.054536584358020404,0.18548737142857138,0.15919797832503313,6.666666666666667,0.38092975396825407,-0.17841528571428575,0.21977932585034016,0.17144328266282555,3.857142857142857,0.4560254421768707,0.07369771428571428,0.16197769149659866,0.1260778357713177,3.642857142857143,0.3240634960884354,0.003748714285714272,0.1645996599987975,0.15034060640419106,4.433333333333334,0.30783631764069264,-0.08512128571428573,50.0,-0.060356999999999994,-0.0037796229316979235,0.42629698524252724,-0.10540259809967004,-0.16080779499635367,0.14569311428571421,0.0,0.0,0.0,0.0,0.0,0.0,0.0,0.0,0.0,0.0,0.0,0.0,0.0,0.0,0.0,0.0,0.0,0.0,0.0,0.0,0.0,0.0,0.0,0.0,0.0,0.0,0.0,0.0,0.0,0.0,0.0,0.0,0.0,0.0,0.0,0.0,0.0,0.0,0.0,0.0,0.0,0.0,0.0,0.0,0.0,0.054536584358020404,0.38175609050614284,0.47462442857142856,4
2024-08-31,0.137599,0.05457591558554011,2,0.099008,0.17619,0.2283945,0.456789,0.0947045,0.11663089959569034,1,2,neutral,0.022694285714285722,0.13304246264015987,0.0314268548055,0.12980890476190474,0.10952743019692034,4.0,0.2830740873015874,-0.16703539999999997,0.2179675163265306,0.16474326808097675,3.7142857142857144,0.45242403741496595,-0.012682666666666675,0.16170273435374147,0.11836537344934622,3.4285714285714284,0.3236070175170068,-0.003849399999999975,0.16160555333213084,0.14317158468446897,4.333333333333333,0.30450792097402596,-0.08982319999999999,50.0,-0.07439733333333334,-0.010328308116883114,0.4092464445980574,-0.09104035745520028,0.19750526212402075,0.04471257142857146,0.0,0.0,0.0,0.0,0.0,0.0,0.0,0.0,0.0,0.0,0.0,0.0,0.0,0.0,0.0,0.0,0.0,0.0,0.0,0.0,0.0,0.0,0.0,0.0,0.0,0.0,0.0,0.0,0.0,0.0,0.0,0.0,0.0,0.0,0.0,0.0,0.0,0.0,0.0,0.0,0.0,0.0,0.0,0.0,0.0,0.0314268548055,0.062853709611,0.2283945,1
2024-09-01,0.407517,0.0,1,0.407517,0.407517,0.1437,0.1437,0.363462,0.0,1,1,bullish,0.269918,0.13304246264015987,0.0585601929,0.22000690476190474,0.08411790217930093,3.3333333333333335,0.2822396428571429,0.270594,0.23424123061224492,0.16474326808097675,3.7142857142857144,0.38658175170068027,0.11391600000000002,0.18649987721088435,0.12741138459300627,3.357142857142857,0.32779233894557824,0.34716,0.1705335074987975,0.14327805550551015,4.1,0.298984495974026,0.267838625,50.0,0.14430570000000004,0.006394806697931706,0.42453164683588973,-0.07907715969303256,1.9616276281077627,0.24722371428571427,0.0,0.0,0.0,0.0,0.0,0.0,0.0,0.0,0.0,0.0,0.0,0.0,0.0,0.0,0.0,0.0,0.0,0.0,0.0,0.0,0.0,0.0,0.0,0.0,0.0,0.0,0.0,0.0,0.0,0.0,0.0,0.0,0.0,0.0,0.0,0.0,0.0,0.0,0.0,0.0,0.0,0.0,0.0,0.0,0.0,0.0585601929,0.0585601929,0.1437,1
2024-09-02,0.0943232857142857,0.12216709080696853,7,-0.036836,0.300774,0.13660457142857144,0.956232,0.17094928571428572,0.125072258104018,4,7,neutral,-0.3131937142857143,0.11268734534943237,0.012884992020734693,0.21314642857142854,0.08837150319625431,3.3333333333333335,0.16956635714285725,-0.02058142857142857,0.21274591428571427,0.1308673882735216,4.428571428571429,0.34751533333333334,-0.1504672142857143,0.1817093976190476,0.1309245991467904,3.7142857142857144,0.32076995119047613,-0.0670667142857143,0.16925252005291005,0.1437431180849548,3.966666666666667,0.2993378938095238,-0.03842962337662338,50.0,0.173836,0.023642417809042818,0.42307726074182267,-0.07912234502753696,-0.768541470136741,-0.5831117142857143,0.0,0.0,0.0,0.0,0.0,0.0,0.0,0.0,0.0,0.0,0.0,0.0,0.0,0.0,0.0,0.0,0.0,0.0,0.0,0.0,0.0,0.0,0.0,0.0,0.0,0.0,0.0,0.0,0.0,0.0,0.0,0.0,0.0,0.0,0.0,0.0,0.0,0.0,0.0,0.0,0.0,0.0,0.0,0.0,0.0,0.012884992020734693,0.09019494414514286,0.13660457142857144,4
2024-09-03,0.351083,0.0,1,0.351083,0.351083,0.502207,0.502207,0.222127,0.0,1,1,bullish,0.25675971428571426,0.0968009650551901,0.17631634018099998,0.28430776190476187,0.12216709080696853,3.0,0.2608371904761906,0.21348399999999998,0.2209977714285714,0.1308673882735216,4.428571428571429,0.3076707619047619,0.05776299999999995,0.1964174119047619,0.1312046509950828,3.4285714285714284,0.32766219404761904,0.2059122,0.1809552867195767,0.1437431180849548,3.966666666666667,0.31503266047619044,0.351083,50.0,0.14098113333333337,0.03893082151274652,0.4281286351144389,-0.05803060511443894,2.7221243655937104,0.5699534285714285,0.0,0.0,0.0,0.0,0.0,0.0,0.0,0.0,0.0,0.0,0.0,0.0,0.0,0.0,0.0,0.0,0.0,0.0,0.0,0.0,0.0,0.0,0.0,0.0,0.0,0.0,0.0,0.0,0.0,0.0,0.0,0.0,0.0,0.0,0.0,0.0,0.0,0.0,0.0,0.0,0.0,0.0,0.0,0.0,0.0,0.17631634018099998,0.17631634018099998,0.502207,1
2024-09-04,0.314323,0.131432389397553,9,0.14574,0.507443,0.4915816666666667,4.424235,0.24073211111111112,0.10910193290043543,3,9,bullish,-0.03675999999999996,0.10272513193002054,0.1545154242116667,0.25324309523809524,0.12679974010226075,5.666666666666667,0.37679774603174615,-0.093194,0.22238185714285713,0.11643635415905651,4.285714285714286,0.3033307857142857,0.009688600000000047,0.21199776904761905,0.14263442082653832,3.7857142857142856,0.34903661666666663,0.218125,0.1885329644973545,0.13742324786839577,4.166666666666667,0.322409716031746,0.22733033333333336,50.0,0.17945377777777777,0.046606336503928175,0.4210466261914056,-0.05267772952473898,-0.10470458552536,-0.2935197142857142,0.0,0.0,0.0,0.0,0.0,0.0,0.0,0.0,0.0,0.0,0.0,0.0,0.0,0.0,0.0,0.0,0.0,0.0,0.0,0.0,0.0,0.0,0.0,0.0,0.0,0.0,0.0,0.0,0.0,0.0,0.0,0.0,0.0,0.0,0.0,0.0,0.0,0.0,0.0,0.0,0.0,0.0,0.0,0.0,0.0,0.1545154242116667,1.3906388179050002,0.4915816666666667,3
2024-09-05,0.2923604285714286,0.11197705446036274,7,0.170139,0.480326,0.3437208571428571,2.406046,0.25545685714285715,0.06485441006446303,3,7,bullish,-0.021962571428571442,0.12185884488829475,0.10049037710322448,0.3192554761904762,0.12170472192895787,5.666666666666667,0.44583650793650803,0.19803714285714286,0.24458720408163265,0.10676246780469723,4.857142857142857,0.33154757482993197,0.15543742857142856,0.2269191425170068,0.1419298737293947,3.9285714285714284,0.3631709064625851,0.2088992285714286,0.18862909544973544,0.1351306512460992,4.333333333333333,0.32095871126984127,0.002883928571428551,50.0,-0.012695500000000026,0.056772629096520776,0.4341791555932273,-0.0476898160694178,-0.06987261965739522,0.014797428571428517,0.0,0.0,0.0,0.0,0.0,0.0,0.0,0.0,0.0,0.0,0.0,0.0,0.0,0.0,0.0,0.0,0.0,0.0,0.0,0.0,0.0,0.0,0.0,0.0,0.0,0.0,0.0,0.0,0.0,0.0,0.0,0.0,0.0,0.0,0.0,0.0,0.0,0.0,0.0,0.0,0.0,0.0,0.0,0.0,0.0,0.10049037710322448,0.7034326397225713,0.3437208571428571,3
2024-09-06,0.23548333333333335,0.2129028989289092,3,0.0,0.414367,0.29546999999999995,0.8864099999999999,0.24747766666666662,0.08174352616772373,3,3,bullish,-0.05687709523809523,0.14461985839844838,0.06957826049999999,0.28072225396825395,0.152104114262275,6.333333333333333,0.3769241746031747,-0.11559966666666663,0.2618127210884354,0.12661106983586673,4.285714285714286,0.30595408503401356,0.12057861904761907,0.24079602346938778,0.1490271762493461,4.071428571428571,0.3809897636054422,0.19427633333333336,0.18747740656084658,0.14073382667602194,4.366666666666666,0.3219948279365079,-0.034550666666666646,50.0,-0.12911899999999998,0.03925692076318744,0.4486795553001183,-0.0527867224429755,-0.19454443789132425,-0.034914523809523784,0.0,0.0,0.0,0.0,0.0,0.0,0.0,0.0,0.0,0.0,0.0,0.0,0.0,0.0,0.0,0.0,0.0,0.0,0.0,0.0,0.0,0.0,0.0,0.0,0.0,0.0,0.0,0.0,0.0,0.0,0.0,0.0,0.0,0.0,0.0,0.0,0.0,0.0,0.0,0.0,0.0,0.0,0.0,0.0,0.0,0.06957826049999999,0.20873478149999997,0.29546999999999995,3
2024-09-07,0.10498049999999999,0.14286314696414887,2,0.003961,0.206,0.4043945,0.808789,0.165133,0.3041676387816429,1,2,neutral,-0.13050283333333335,0.14979387243774345,0.042453536807249996,0.21094142063492058,0.1559143667844736,4.0,0.3478617857142858,-0.20934250000000004,0.2571529353741497,0.14426851611158847,4.285714285714286,0.33109694217687075,-0.03261850000000001,0.23756022585034015,0.1545058920962826,4.0,0.3917604897959183,-0.045301166666666684,0.18349534544973548,0.1352684571821496,4.233333333333333,0.32259465571428575,-0.11946183333333334,50.0,-0.1097575,0.02802780864197531,0.4662384482936388,-0.06588326543649595,-0.5541913794323732,-0.07362573809523812,0.0,0.0,0.0,0.0,0.0,0.0,0.0,0.0,0.0,0.0,0.0,0.0,0.0,0.0,0.0,0.0,0.0,0.0,0.0,0.0,0.0,0.0,0.0,0.0,0.0,0.0,0.0,0.0,0.0,0.0,0.0,0.0,0.0,0.0,0.0,0.0,0.0,0.0,0.0,0.0,0.0,0.0,0.0,0.0,0.0,0.042453536807249996,0.08490707361449999,0.4043945,1
2024-09-08,0.125014,0.0,1,0.125014,0.125014,0.060848,0.060848,0.095282,0.0,1,1,neutral,0.020033499999999996,0.14979387243774345,0.007606851871999999,0.15515927777777774,0.17788302294652902,2.0,0.25357083333333336,-0.1673464285714286,0.21679536394557822,0.14426851611158847,4.285714285714286,0.31926094217687073,-0.28250300000000006,0.22551829727891157,0.1545058920962826,4.0,0.35292134693877547,-0.16858700000000001,0.18030711952380954,0.13220255931778221,3.966666666666667,0.3037582334920635,-0.09564677777777778,50.0,-0.18400100000000003,0.014289586419753093,0.4709904316026968,-0.07427284874555395,0.19083067807830978,0.15053633333333333,0.0,0.0,0.0,0.0,0.0,0.0,0.0,0.0,0.0,0.0,0.0,0.0,0.0,0.0,0.0,0.0,0.0,0.0,0.0,0.0,0.0,0.0,0.0,0.0,0.0,0.0,0.0,0.0,0.0,0.0,0.0,0.0,0.0,0.0,0.0,0.0,0.0,0.0,0.0,0.0,0.0,0.0,0.0,0.0,0.0,0.007606851871999999,0.007606851871999999,0.060848,1
2024-09-09,0.256317,0.015930898530842515,4,0.239845,0.272031,0.26264775,1.050591,0.29105825,0.11501176137936212,1,4,bullish,0.13130300000000003,0.12091849972106583,0.06732108333675,0.1621038333333333,0.07939702274749569,2.3333333333333335,0.24263008333333339,0.020833666666666667,0.2399373231292517,0.12302127765636328,3.857142857142857,0.33726711054421765,0.1619937142857143,0.22634161870748298,0.12694433296494242,4.142857142857143,0.34239122193877547,0.011526500000000023,0.18426481396825398,0.12714885932827763,3.9,0.301431314047619,0.11873083333333337,50.0,-0.21498254285714283,-0.001330992416225742,0.4604801367482231,-0.05264793389108016,1.0503063656870433,0.11126950000000004,0.0,0.0,0.0,0.0,0.0,0.0,0.0,0.0,0.0,0.0,0.0,0.0,0.0,0.0,0.0,0.0,0.0,0.0,0.0,0.0,0.0,0.0,0.0,0.0,0.0,0.0,0.0,0.0,0.0,0.0,0.0,0.0,0.0,0.0,0.0,0.0,0.0,0.0,0.0,0.0,0.0,0.0,0.0,0.0,0.0,0.06732108333675,0.269284333347,0.26264775,1
2024-09-10,0.163823875,0.18129605595382023,8,-0.163016,0.381942,0.308048125,2.464385,0.22265362500000002,0.16396728463841934,4,8,bullish,-0.09249312500000001,0.1382482500944302,0.05046563752398438,0.18171829166666664,0.09861347724233137,4.333333333333333,0.21051462500000007,0.05884337500000002,0.2131860195578231,0.13273374070593943,4.857142857142857,0.30953012840136057,-0.18725912499999997,0.2170918954931973,0.13188539869120405,4.642857142857143,0.30860044515306123,-0.12949612500000002,0.18424287646825394,0.1268661851570396,3.9,0.2964136432142857,-0.0006581250000000094,50.0,0.19469133333333333,0.004267411287477957,0.4856802297895612,-0.07108543943241835,-0.3608544302562843,-0.22379612500000004,0.0,0.0,0.0,0.0,0.0,0.0,0.0,0.0,0.0,0.0,0.0,0.0,0.0,0.0,0.0,0.0,0.0,0.0,0.0,0.0,0.0,0.0,0.0,0.0,0.0,0.0,0.0,0.0,0.0,0.0,0.0,0.0,0.0,0.0,0.0,0.0,0.0,0.0,0.0,0.0,0.0,0.0,0.0,0.0,0.0,0.05046563752398438,0.403725100191875,0.308048125,4
2024-09-11,0.11334985714285714,0.06616529996765315,7,0.056373,0.247721,0.2593037142857143,1.815126,0.15411299999999997,0.09264367785949203,3,7,neutral,-0.05047401785714287,0.10156385035411619,0.02939203897089796,0.17783024404761902,0.08779741815077197,6.333333333333333,0.27666652976190487,-0.011664142857142845,0.1844755705782313,0.12185589246762278,4.571428571428571,0.2763475637755102,-0.20097314285714288,0.20342871386054423,0.11939246596372902,4.428571428571429,0.28983917474489795,-0.19128454285714283,0.18352010503968252,0.12496541921358113,4.066666666666666,0.30196136702380955,-0.021683142857142845,50.0,-0.003748714285714272,-0.015464223633156962,0.4797242800228465,-0.062140623951418034,-0.3080992795289629,0.04201910714285714,0.0,0.0,0.0,0.0,0.0,0.0,0.0,0.0,0.0,0.0,0.0,0.0,0.0,0.0,0.0,0.0,0.0,0.0,0.0,0.0,0.0,0.0,0.0,0.0,0.0,0.0,0.0,0.0,0.0,0.0,0.0,0.0,0.0,0.0,0.0,0.0,0.0,0.0,0.0,0.0,0.0,0.0,0.0,0.0,0.0,0.02939203897089796,0.20574427279628574,0.2593037142857143,3
2024-09-12,0.17363591666666667,0.1786431019885272,12,-0.012248,0.629599,0.43020316666666664,5.162438,0.18442058333333333,0.09263146276946405,5,12,bullish,0.060286059523809526,0.11050883911021077,0.07469872119706944,0.1502698829365079,0.14203481930333353,9.0,0.3325183353174604,-0.08268108333333335,0.16751492602040816,0.13296690038898354,5.285714285714286,0.28870217942176873,-0.11872451190476191,0.2060510650510204,0.12105579466885338,5.071428571428571,0.3101248771258503,0.03671291666666665,0.18566400226190477,0.12708371955288564,4.4,0.30388300591269846,0.06431691666666667,50.0,0.003849399999999975,-0.03070108289241623,0.49210264265550807,-0.06127609491741284,0.531858275285074,0.1107600773809524,0.0,0.0,0.0,0.0,0.0,0.0,0.0,0.0,0.0,0.0,0.0,0.0,0.0,0.0,0.0,0.0,0.0,0.0,0.0,0.0,0.0,0.0,0.0,0.0,0.0,0.0,0.0,0.0,0.0,0.0,0.0,0.0,0.0,0.0,0.0,0.0,0.0,0.0,0.0,0.0,0.0,0.0,0.0,0.0,0.0,0.07469872119706944,0.8963846543648333,0.43020316666666664,5
2024-09-13,0.2591546875,0.1811964632755355,16,0.039624,0.577423,0.2876056875,4.601691,0.3175064375,0.09798912425228203,5,16,bullish,0.08551877083333331,0.12464636394327573,0.07453436206728514,0.1820468204365079,0.1420016217439053,11.666666666666666,0.32570418948412705,0.09533081249999997,0.1708965480442177,0.12768249444675459,7.142857142857143,0.287578706207483,0.02367135416666663,0.21635463456632653,0.12719548325998736,5.714285714285714,0.2967663956207483,0.1442499732142857,0.19131409660714288,0.1268960191802352,4.7,0.3066493383531746,0.16950283035714284,50.0,-0.34716,-0.08921372486772487,0.5099623570012749,-0.06824850717984635,0.4925177490640136,0.025232711309523786,0.0,0.0,0.0,0.0,0.0,0.0,0.0,0.0,0.0,0.0,0.0,0.0,0.0,0.0,0.0,0.0,0.0,0.0,0.0,0.0,0.0,0.0,0.0,0.0,0.0,0.0,0.0,0.0,0.0,0.0,0.0,0.0,0.0,0.0,0.0,0.0,0.0,0.0,0.0,0.0,0.0,0.0,0.0,0.0,0.0,0.07453436206728514,1.1925497930765623,0.2876056875,5
2024-09-14,-0.07341700000000001,0.5604938469617664,2,-0.469746,0.322912,0.5964145000000001,1.1928290000000001,0.02642499999999999,0.3853038992821121,1,2,neutral,-0.3325716875,0.2335589536294605,-0.043786963346500014,0.11979120138888884,0.3067778040752764,10.0,0.43807445138888895,-0.18676685714285715,0.14541119090136054,0.19728761111302417,7.142857142857143,0.3150101347789116,-0.1783975,0.20128206313775512,0.17318802247600792,5.714285714285714,0.32305353847789114,-0.211016,0.17781305216269844,0.14283062920696285,4.566666666666666,0.31404451613095236,-0.40503133333333335,50.0,0.06706671428571429,-0.08035125661375662,0.5436040983658357,-0.1385920485444071,-1.2832941233216166,-0.4180904583333333,0.0,0.0,0.0,0.0,0.0,0.0,0.0,0.0,0.0,0.0,0.0,0.0,0.0,0.0,0.0,0.0,0.0,0.0,0.0,0.0,0.0,0.0,0.0,0.0,0.0,0.0,0.0,0.0,0.0,0.0,0.0,0.0,0.0,0.0,0.0,0.0,0.0,0.0,0.0,0.0,0.0,0.0,0.0,0.0,0.0,-0.043786963346500014,-0.08757392669300003,0.5964145000000001,1
2024-09-15,0.327056,0.0,1,0.327056,0.327056,0.165031,0.165031,0.286413,0.0,1,1,bullish,0.400473,0.24662467804837054,0.05397437873600001,0.17093122916666662,0.3708451551186509,6.333333333333333,0.34968372916666673,0.15342008333333335,0.1742743337585034,0.19728761111302417,7.142857142857143,0.3298934204931973,0.20204200000000003,0.1955348488520408,0.17318802247600792,5.714285714285714,0.32457718133503405,-0.080461,0.18500971882936507,0.14550001549157052,4.466666666666667,0.31510213279761906,0.2159,50.0,-0.2059122,-0.08888383439153441,0.5315843796169446,-0.118345779795516,-5.454772055518476,0.7330446875000001,0.0,0.0,0.0,0.0,0.0,0.0,0.0,0.0,0.0,0.0,0.0,0.0,0.0,0.0,0.0,0.0,0.0,0.0,0.0,0.0,0.0,0.0,0.0,0.0,0.0,0.0,0.0,0.0,0.0,0.0,0.0,0.0,0.0,0.0,0.0,0.0,0.0,0.0,0.0,0.0,0.0,0.0,0.0,0.0,0.0,0.05397437873600001,0.05397437873600001,0.165031,1
2024-09-16,0.12176114285714286,0.11410192926272626,7,-0.006974,0.344346,0.31937385714285715,2.235617,0.19409742857142856,0.10660445986426827,4,7,neutral,-0.20529485714285717,0.25860883537213886,0.03888732584440817,0.1251333809523809,0.3372978881122463,3.3333333333333335,0.36027311904761916,-0.13739354464285713,0.15505206845238093,0.21364944956833812,7.571428571428571,0.337997150085034,-0.13455585714285717,0.19749469579081633,0.17245482597198591,5.714285714285714,0.3376321303146259,0.027437857142857153,0.1843534769246032,0.1443995341061575,4.533333333333333,0.31792175470238093,-0.019687257142857115,50.0,-0.218125,-0.10092466772486773,0.516958860436003,-0.1208761463288602,-0.6277055218153991,-0.6057678571428572,0.0,0.0,0.0,0.0,0.0,0.0,0.0,0.0,0.0,0.0,0.0,0.0,0.0,0.0,0.0,0.0,0.0,0.0,0.0,0.0,0.0,0.0,0.0,0.0,0.0,0.0,0.0,0.0,0.0,0.0,0.0,0.0,0.0,0.0,0.0,0.0,0.0,0.0,0.0,0.0,0.0,0.0,0.0,0.0,0.0,0.03888732584440817,0.27221128091085717,0.31937385714285715,4
2024-09-17,0.347736,0.3128963526419997,4,0.060223,0.63891,0.37086425,1.483457,0.3525355,0.12633955885760145,3,4,bullish,0.22597485714285714,0.29217214803550695,0.128962850838,0.26551771428571425,0.213499140952363,4.0,0.2850897023809525,0.421153,0.18132522916666666,0.23558283234970137,7.0,0.34697088222789113,0.18391212499999998,0.19725562436224492,0.1841582865278204,5.928571428571429,0.32825050531462585,-0.003346999999999989,0.19393277692460315,0.15679045109003809,4.6,0.32744704636904765,0.287379,50.0,-0.20889922857142862,-0.10369113756613757,0.5327775395200183,-0.13238466541287536,1.8558864662430423,0.4312697142857143,0.0,0.0,0.0,0.0,0.0,0.0,0.0,0.0,0.0,0.0,0.0,0.0,0.0,0.0,0.0,0.0,0.0,0.0,0.0,0.0,0.0,0.0,0.0,0.0,0.0,0.0,0.0,0.0,0.0,0.0,0.0,0.0,0.0,0.0,0.0,0.0,0.0,0.0,0.0,0.0,0.0,0.0,0.0,0.0,0.0,0.128962850838,0.515851403352,0.37086425,3
2024-09-18,0.20835933333333334,0.12828983449153977,6,0.059313,0.406596,0.19709116666666668,1.182547,0.27678683333333337,0.07478130327138373,3,6,bullish,-0.13937666666666665,0.2789454908395081,0.04106578409255556,0.2259521587301587,0.18509603879875525,5.666666666666667,0.2957764246031747,-0.11869666666666667,0.19489801147959182,0.24593692143701582,6.857142857142857,0.3380833754251701,0.0950094761904762,0.18968679102891156,0.18389640695231926,5.714285714285714,0.30721546960034013,-0.10596366666666668,0.19549842136904763,0.15858414192579515,4.733333333333333,0.3261861519246032,0.046969333333333335,50.0,-0.19427633333333336,-0.10139044761904763,0.5323422747191074,-0.12480576727863124,-0.40081172690393474,-0.3653515238095238,0.0,0.0,0.0,0.0,0.0,0.0,0.0,0.0,0.0,0.0,0.0,0.0,0.0,0.0,0.0,0.0,0.0,0.0,0.0,0.0,0.0,0.0,0.0,0.0,0.0,0.0,0.0,0.0,0.0,0.0,0.0,0.0,0.0,0.0,0.0,0.0,0.0,0.0,0.0,0.0,0.0,0.0,0.0,0.0,0.0,0.04106578409255556,0.24639470455533335,0.19709116666666668,3
2024-09-19,0.184651,0.3278487039474154,4,-0.088023,0.660459,0.229014,0.916056,0.2504995,0.15997572620140427,4,4,bullish,-0.02370833333333333,0.2207842050859203,0.042287664114,0.24691544444444438,0.2563449636936516,4.666666666666667,0.2656564722222223,0.06288985714285715,0.19647159481292517,0.2708045217634972,5.714285714285714,0.30934206590136054,0.011015083333333342,0.18199326041666666,0.20188571107624034,5.5,0.29902212266156464,-0.10770942857142857,0.19681442803571428,0.16725564503167586,4.7,0.32029609859126984,0.03948020000000002,50.0,0.045301166666666684,-0.11798935502645502,0.5626031909016159,-0.1480920548897112,-0.11378579953221835,0.11566833333333332,0.0,0.0,0.0,0.0,0.0,0.0,0.0,0.0,0.0,0.0,0.0,0.0,0.0,0.0,0.0,0.0,0.0,0.0,0.0,0.0,0.0,0.0,0.0,0.0,0.0,0.0,0.0,0.0,0.0,0.0,0.0,0.0,0.0,0.0,0.0,0.0,0.0,0.0,0.0,0.0,0.0,0.0,0.0,0.0,0.0,0.042287664114,0.169150656456,0.229014,4
2024-09-20,0.135198,0.1376471499547545,4,0.041938,0.333864,0.18705300000000002,0.7482120000000001,0.2427975,0.012173136777347082,2,4,neutral,-0.049453,0.20415679405968717,0.025289191494000007,0.17606944444444442,0.1979285627979032,4.666666666666667,0.20438605555555564,-0.21253799999999998,0.17876349659863947,0.26354630287670033,4.0,0.29497739625850344,-0.12395668749999997,0.17483002232142855,0.19561439866172747,5.571428571428571,0.2912780512329932,-0.10028533333333334,0.19811442803571427,0.17199837064212375,4.7,0.3201198735912698,0.03900000000000001,50.0,0.16858700000000001,-0.09884094232804234,0.5728670451977678,-0.15859600918586303,-0.2678187499661523,-0.025744666666666666,0.0,0.0,0.0,0.0,0.0,0.0,0.0,0.0,0.0,0.0,0.0,0.0,0.0,0.0,0.0,0.0,0.0,0.0,0.0,0.0,0.0,0.0,0.0,0.0,0.0,0.0,0.0,0.0,0.0,0.0,0.0,0.0,0.0,0.0,0.0,0.0,0.0,0.0,0.0,0.0,0.0,0.0,0.0,0.0,0.0,0.025289191494000007,0.10115676597600003,0.18705300000000002,2
2024-09-21,0.229499,0.0,1,0.229499,0.229499,0.30569,0.30569,0.241527,0.0,1,1,bullish,0.094301,0.2266705102589274,0.07015554931000001,0.18311599999999997,0.23274792695108493,3.0,0.24058566666666673,0.021139666666666668,0.22203721088435377,0.20415679405968712,3.857142857142857,0.253445324829932,0.302916,0.18372420089285715,0.20040996699787098,5.5,0.2842277298044218,0.12451850000000002,0.20298235470238093,0.1744383884742814,4.566666666666666,0.32544818025793654,0.14603780000000002,50.0,-0.011526500000000023,-0.10054937566137566,0.5639661451977678,-0.16749690918586302,0.6975029216408526,0.143754,0.0,0.0,0.0,0.0,0.0,0.0,0.0,0.0,0.0,0.0,0.0,0.0,0.0,0.0,0.0,0.0,0.0,0.0,0.0,0.0,0.0,0.0,0.0,0.0,0.0,0.0,0.0,0.0,0.0,0.0,0.0,0.0,0.0,0.0,0.0,0.0,0.0,0.0,0.0,0.0,0.0,0.0,0.0,0.0,0.0,0.07015554931000001,0.07015554931000001,0.30569,1
2024-09-22,0.254785,0.0,1,0.254785,0.254785,0.395012,0.395012,0.245195,0.0,1,1,bullish,0.025285999999999975,0.19792856279790327,0.10064313241999999,0.20649399999999996,0.1376471499547545,2.0,0.29591833333333345,0.07013399999999997,0.2117127823129252,0.20415679405968712,3.857142857142857,0.28629975340136055,-0.07227100000000003,0.1929935580357143,0.20040996699787098,5.5,0.308096586947279,0.129771,0.21010162136904761,0.1744383884742814,4.566666666666666,0.33708171359126987,0.213578,50.0,0.12949612500000002,-0.047587583994709005,0.580082387283912,-0.16756697984343585,0.11017912932082474,-0.06901500000000002,0.0,0.0,0.0,0.0,0.0,0.0,0.0,0.0,0.0,0.0,0.0,0.0,0.0,0.0,0.0,0.0,0.0,0.0,0.0,0.0,0.0,0.0,0.0,0.0,0.0,0.0,0.0,0.0,0.0,0.0,0.0,0.0,0.0,0.0,0.0,0.0,0.0,0.0,0.0,0.0,0.0,0.0,0.0,0.0,0.0,0.10064313241999999,0.10064313241999999,0.395012,1
2024-09-23,0.08193450000000001,0.05496539796696342,4,0.02742,0.139708,0.2573525,1.02941,0.19380799999999998,0.09282299295971877,3,4,neutral,-0.17285049999999996,0.1734870839563778,0.02108604841125,0.18873949999999995,0.05496539796696342,2.0,0.31935150000000007,-0.053263500000000005,0.2060232619047619,0.19232948780053455,3.4285714285714284,0.27743955952380955,-0.03982664285714285,0.18053766517857145,0.20395855785570013,5.5,0.3077183548044218,-0.1743825,0.20782338248015872,0.17293336163210773,4.6,0.33720665248015874,-0.06834716666666667,50.0,0.1912845428571428,-0.033785603042328055,0.5501315943070528,-0.16453103686657664,-0.6784170967678631,-0.19813649999999994,0.0,0.0,0.0,0.0,0.0,0.0,0.0,0.0,0.0,0.0,0.0,0.0,0.0,0.0,0.0,0.0,0.0,0.0,0.0,0.0,0.0,0.0,0.0,0.0,0.0,0.0,0.0,0.0,0.0,0.0,0.0,0.0,0.0,0.0,0.0,0.0,0.0,0.0,0.0,0.0,0.0,0.0,0.0,0.0,0.0,0.02108604841125,0.084344193645,0.2573525,3
2024-09-24,0.23300641666666666,0.18226420013039926,12,0.017237,0.569083,0.4134598333333333,4.961518,0.24913575,0.08649074149202855,4,12,bullish,0.15107191666666664,0.12495891601737243,0.09633879420059721,0.18990863888888884,0.11861479904868134,5.666666666666667,0.35527477777777783,0.0035074166666666518,0.18963332142857145,0.16620305729821444,4.571428571428571,0.28352464285714285,-0.11472958333333333,0.18547927529761904,0.20404657096266188,5.785714285714286,0.315247762542517,0.06918254166666665,0.2058035630357143,0.17333905026246824,4.966666666666667,0.3308354469246032,-0.06059458333333334,50.0,-0.03671291666666665,-0.01498568267195768,0.5524197414819919,-0.17495084237484904,1.843813249201089,0.3239224166666666,0.0,0.0,0.0,0.0,0.0,0.0,0.0,0.0,0.0,0.0,0.0,0.0,0.0,0.0,0.0,0.0,0.0,0.0,0.0,0.0,0.0,0.0,0.0,0.0,0.0,0.0,0.0,0.0,0.0,0.0,0.0,0.0,0.0,0.0,0.0,0.0,0.0,0.0,0.0,0.0,0.0,0.0,0.0,0.0,0.0,0.09633879420059721,1.1560655304071665,0.4134598333333333,4
2024-09-25,0.14190844444444442,0.2909682883937316,9,-0.553461,0.402443,0.33883044444444443,3.049474,0.18419188888888888,0.23970741724571462,4,9,neutral,-0.09109797222222224,0.17606596216369816,0.04808290130153085,0.1522831203703703,0.1760659621636981,8.333333333333334,0.3365475925925927,-0.11287655555555556,0.18014033730158732,0.19873874807865283,5.0,0.3037731111111111,-0.06645088888888892,0.18751917439058954,0.22448320627412358,5.928571428571429,0.3209282432681406,0.02855858730158728,0.20237416118386245,0.17331391106896768,5.2,0.32846081173941793,-0.10288205555555557,50.0,-0.1442499732142857,-0.006777346362433869,0.5672710465173139,-0.20484734582286943,-0.39096765456268445,-0.24216988888888888,0.0,0.0,0.0,0.0,0.0,0.0,0.0,0.0,0.0,0.0,0.0,0.0,0.0,0.0,0.0,0.0,0.0,0.0,0.0,0.0,0.0,0.0,0.0,0.0,0.0,0.0,0.0,0.0,0.0,0.0,0.0,0.0,0.0,0.0,0.0,0.0,0.0,0.0,0.0,0.0,0.0,0.0,0.0,0.0,0.0,0.04808290130153085,0.4327461117137777,0.33883044444444443,4
2024-09-26,0.2600323,0.11038873610619075,10,0.122479,0.482151,0.3399239,3.399239,0.2963945,0.10956976797786067,4,10,bullish,0.11812385555555557,0.1596466556493213,0.08839119354197,0.21164905370370365,0.1945404082101072,10.333333333333334,0.36407139259259264,0.17809779999999997,0.19090909444444445,0.1552467545104079,5.857142857142857,0.3196173825396825,0.07538129999999998,0.1936903446286848,0.21827826392118388,5.785714285714286,0.31447972422052156,0.08639638333333333,0.20126457118386243,0.17069202877885195,5.5,0.3137543084060847,-0.03328770000000003,50.0,0.211016,0.03987990125661375,0.5556842244978074,-0.19080562713669627,0.8323948304697242,0.2092218277777778,0.0,0.0,0.0,0.0,0.0,0.0,0.0,0.0,0.0,0.0,0.0,0.0,0.0,0.0,0.0,0.0,0.0,0.0,0.0,0.0,0.0,0.0,0.0,0.0,0.0,0.0,0.0,0.0,0.0,0.0,0.0,0.0,0.0,0.0,0.0,0.0,0.0,0.0,0.0,0.0,0.0,0.0,0.0,0.0,0.0,0.08839119354197,0.8839119354197,0.3399239,4
2024-09-27,0.20984150000000001,0.23338412866452596,2,0.044814,0.374869,0.1879175,0.375835,0.22557000000000002,0.21049437505073623,2,2,bullish,-0.05019079999999998,0.1743941502523622,0.03943289007625,0.20392741481481477,0.21158038438814944,7.0,0.2888906148148149,-0.023164916666666646,0.2015724515873016,0.1743941502523622,5.571428571428571,0.3197408825396825,0.0746435,0.1901679740929705,0.22302259713836484,4.785714285714286,0.307359139399093,-0.049313187499999966,0.19810480785052909,0.1719335524744623,5.233333333333333,0.30261950840608465,-0.09479289999999996,50.0,0.080461,0.07040627162698414,0.5722423972103545,-0.19687769984924341,-0.1930175597416166,-0.16831465555555555,0.0,0.0,0.0,0.0,0.0,0.0,0.0,0.0,0.0,0.0,0.0,0.0,0.0,0.0,0.0,0.0,0.0,0.0,0.0,0.0,0.0,0.0,0.0,0.0,0.0,0.0,0.0,0.0,0.0,0.0,0.0,0.0,0.0,0.0,0.0,0.0,0.0,0.0,0.0,0.0,0.0,0.0,0.0,0.0,0.0,0.03943289007625,0.0788657801525,0.1879175,2
2024-09-28,0.11384866666666667,0.1027551925322187,3,-0.002996,0.190135,0.19310133333333335,0.579304,0.16256333333333334,0.17947779437672323,1,3,neutral,-0.09599283333333335,0.18395210916541327,0.021984329331555558,0.19457415555555554,0.14884268576764512,5.0,0.24031424444444452,-0.028059777777777753,0.18505097539682538,0.16245432396567164,5.857142857142857,0.3036567873015873,-0.11565033333333334,0.20354409314058958,0.1814099921902241,4.857142857142857,0.27855105606575964,0.18726566666666666,0.19733566340608463,0.1695339152369648,5.233333333333333,0.3041827750727513,-0.02307433333333335,50.0,-0.027437857142857153,0.062324157870370364,0.5611517973986666,-0.18690363337088872,-0.4574539990103642,-0.04580203333333337,0.0,0.0,0.0,0.0,0.0,0.0,0.0,0.0,0.0,0.0,0.0,0.0,0.0,0.0,0.0,0.0,0.0,0.0,0.0,0.0,0.0,0.0,0.0,0.0,0.0,0.0,0.0,0.0,0.0,0.0,0.0,0.0,0.0,0.0,0.0,0.0,0.0,0.0,0.0,0.0,0.0,0.0,0.0,0.0,0.0,0.021984329331555558,0.06595298799466667,0.19310133333333335,1
2024-09-29,0.199829,0.0,1,0.199829,0.199829,0.020045,0.020045,0.293503,0.0,1,1,bullish,0.08598033333333334,0.18437408642416678,0.004005572305,0.17450638888888884,0.1680696605983723,2.0,0.1336879444444445,-0.06020329999999999,0.17720011825396825,0.16245432396567164,5.857142857142857,0.250090073015873,-0.05495599999999998,0.1944564502834467,0.1814099921902241,4.857142857142857,0.26819491320861677,-0.127227,0.20016647292989417,0.17196322073539533,5.033333333333333,0.2890301274537037,0.08492428571428573,50.0,0.003346999999999989,0.04396415787037037,0.5797127672938598,-0.21111340326608205,0.7552159884759302,0.18197316666666669,0.0,0.0,0.0,0.0,0.0,0.0,0.0,0.0,0.0,0.0,0.0,0.0,0.0,0.0,0.0,0.0,0.0,0.0,0.0,0.0,0.0,0.0,0.0,0.0,0.0,0.0,0.0,0.0,0.0,0.0,0.0,0.0,0.0,0.0,0.0,0.0,0.0,0.0,0.0,0.0,0.0,0.0,0.0,0.0,0.0,0.004005572305,0.004005572305,0.020045,1
2024-09-30,0.2731065,0.17710273727048942,6,0.0,0.440955,0.34648450000000003,2.078907,0.23701483333333337,0.06170836599170866,3,6,bullish,0.07327749999999997,0.15590769864335624,0.09462716909925,0.19559472222222218,0.13992896490135404,3.3333333333333335,0.1865436111111112,0.06326499999999996,0.20451040396825398,0.18281054718292597,6.142857142857143,0.2628232158730159,0.19117199999999995,0.20526683293650794,0.18713733837274804,4.785714285714286,0.2701313876984127,0.15134535714285713,0.20468338959656085,0.17729047385213229,5.166666666666667,0.29296646078703703,0.13550749999999998,50.0,0.10596366666666668,0.05701862083333334,0.5846527337084435,-0.20512510718066576,0.36670102938011984,-0.012702833333333372,0.0,0.0,0.0,0.0,0.0,0.0,0.0,0.0,0.0,0.0,0.0,0.0,0.0,0.0,0.0,0.0,0.0,0.0,0.0,0.0,0.0,0.0,0.0,0.0,0.0,0.0,0.0,0.0,0.0,0.0,0.0,0.0,0.0,0.0,0.0,0.0,0.0,0.0,0.0,0.0,0.0,0.0,0.0,0.0,0.0,0.09462716909925,0.5677630145954999,0.34648450000000003,3
2024-10-01,0.18789176923076922,0.16071880050165976,13,-0.054434,0.440155,0.2544902307692308,3.308373,0.2552560769230769,0.13623553001662325,4,13,bullish,-0.08521473076923075,0.16849021474222348,0.04781661971117751,0.22027575641025635,0.16891076888607456,6.666666666666667,0.207006576923077,0.07404310256410256,0.19806545433455433,0.1792196472448027,6.285714285714286,0.24011327264957266,-0.04511464743589744,0.19384938788156286,0.17330301545089896,5.428571428571429,0.2618189577533578,-0.15984423076923077,0.1973625485709198,0.17659998746252925,5.566666666666666,0.29665946847934477,-0.2196252307692308,50.0,0.10770942857142857,0.05459787678571429,0.60019901687959,-0.21321719914302098,-0.3120201488036014,-0.15849223076923072,0.0,0.0,0.0,0.0,0.0,0.0,0.0,0.0,0.0,0.0,0.0,0.0,0.0,0.0,0.0,0.0,0.0,0.0,0.0,0.0,0.0,0.0,0.0,0.0,0.0,0.0,0.0,0.0,0.0,0.0,0.0,0.0,0.0,0.0,0.0,0.0,0.0,0.0,0.0,0.0,0.0,0.0,0.0,0.0,0.0,0.04781661971117751,0.6216160562453077,0.2544902307692308,4
2024-10-02,0.2095138,0.1780540088911227,5,0.0,0.443992,0.2202524,1.101262,0.2514324,0.1192849019251808,3,5,bullish,0.021622030769230777,0.15465768479887265,0.046145917283119994,0.22350402307692305,0.17195851555442396,8.0,0.273742376923077,0.009684799999999993,0.20772336227106228,0.16040060066103454,5.714285714285714,0.223173552014652,0.06760535555555558,0.19393184978632477,0.17782703130540647,5.357142857142857,0.26347333156288155,0.0011544666666666592,0.20120223238044363,0.17892860904936903,5.5,0.2994477294317257,0.1151905142857143,50.0,0.10028533333333334,0.04448685350529101,0.6019192744090811,-0.21134966833917873,0.11507705131391122,0.10683676153846153,0.0,0.0,0.0,0.0,0.0,0.0,0.0,0.0,0.0,0.0,0.0,0.0,0.0,0.0,0.0,0.0,0.0,0.0,0.0,0.0,0.0,0.0,0.0,0.0,0.0,0.0,0.0,0.0,0.0,0.0,0.0,0.0,0.0,0.0,0.0,0.0,0.0,0.0,0.0,0.0,0.0,0.0,0.0,0.0,0.0,0.046145917283119994,0.23072958641559999,0.2202524,3
2024-10-03,0.08954333333333332,0.15239121927678995,6,-0.190842,0.258674,0.20124499999999998,1.2074699999999998,0.18386416666666663,0.09238178921284576,2,6,neutral,-0.11997046666666668,0.1670666914850155,0.018020148116666662,0.1623163008547008,0.16372134288985743,8.0,0.2253292102564103,-0.18356316666666667,0.18336779560439562,0.1674010145228011,5.142857142857143,0.2033622805860806,-0.17048896666666669,0.18713844502442,0.16187635088080418,5.5,0.2614898315628816,-0.09510766666666669,0.19248424349155474,0.17786711345846584,5.666666666666667,0.28941566276505903,-0.26153966666666667,50.0,-0.12451850000000003,0.034730677579365085,0.5898380512009045,-0.21622958054766891,-0.5726136734986749,-0.14159249743589747,0.0,0.0,0.0,0.0,0.0,0.0,0.0,0.0,0.0,0.0,0.0,0.0,0.0,0.0,0.0,0.0,0.0,0.0,0.0,0.0,0.0,0.0,0.0,0.0,0.0,0.0,0.0,0.0,0.0,0.0,0.0,0.0,0.0,0.0,0.0,0.0,0.0,0.0,0.0,0.0,0.0,0.0,0.0,0.0,0.0,0.018020148116666662,0.10812088869999997,0.20124499999999998,2
2024-10-04,0.2669915,0.1186825230532521,8,0.088068,0.44392,0.34559412500000003,2.7647530000000002,0.273148875,0.06249740960674746,4,8,bullish,0.17744816666666668,0.15738985779866282,0.09227069382493751,0.18868287777777773,0.14970925040705488,6.333333333333333,0.25569717500000005,0.07909973076923077,0.19153208131868135,0.14828408025425546,6.0,0.22588751272893776,0.05714999999999998,0.19655226645299145,0.1601522938897585,5.785714285714286,0.2728141976343101,0.13179349999999998,0.1909065268248881,0.17735711880469376,5.633333333333334,0.2845494113761701,-0.047331500000000026,50.0,-0.129771,0.03633945238095238,0.5516320607123402,-0.14398274005910455,1.9817015969921457,0.29741863333333335,0.0,0.0,0.0,0.0,0.0,0.0,0.0,0.0,0.0,0.0,0.0,0.0,0.0,0.0,0.0,0.0,0.0,0.0,0.0,0.0,0.0,0.0,0.0,0.0,0.0,0.0,0.0,0.0,0.0,0.0,0.0,0.0,0.0,0.0,0.0,0.0,0.0,0.0,0.0,0.0,0.0,0.0,0.0,0.0,0.0,0.09227069382493751,0.7381655505995001,0.34559412500000003,4
2024-10-05,0.045901,0.0,1,0.045901,0.045901,0.04882,0.04882,0.112467,0.0,1,1,neutral,-0.2210905,0.15246163793070616,0.00224088682,0.13414527777777774,0.135536871165021,5.0,0.19855304166666674,-0.1636128,0.18182527179487182,0.1573898577986628,5.714285714285714,0.20527589368131868,-0.06794766666666667,0.1834381235958486,0.1601522938897585,5.785714285714286,0.254466340491453,-0.183598,0.1826912125391738,0.18008128815237426,5.433333333333334,0.27471938280474156,-0.24645942857142858,50.0,0.1743825,0.03226906349206349,0.5375743107123402,-0.15804049005910456,-0.8280806692347884,-0.3985386666666667,0.0,0.0,0.0,0.0,0.0,0.0,0.0,0.0,0.0,0.0,0.0,0.0,0.0,0.0,0.0,0.0,0.0,0.0,0.0,0.0,0.0,0.0,0.0,0.0,0.0,0.0,0.0,0.0,0.0,0.0,0.0,0.0,0.0,0.0,0.0,0.0,0.0,0.0,0.0,0.0,0.0,0.0,0.0,0.0,0.0,0.00224088682,0.00224088682,0.04882,1
2024-10-06,0.045268,0.0,1,0.045268,0.045268,0.099271,0.099271,0.004856,0.0,1,1,neutral,-0.0006329999999999947,0.14970925040705493,0.004493799628,0.11938683333333329,0.1186825230532521,3.3333333333333335,0.16456170833333342,-0.04427533333333332,0.15974512893772894,0.1573898577986628,5.714285714285714,0.2165938936813187,-0.154561,0.1684726235958486,0.1601522938897585,5.785714285714286,0.23334198334859585,-0.20951699999999998,0.17635070142806267,0.17865426159687273,5.366666666666666,0.2681794161380749,-0.19021533333333335,50.0,-0.06918254166666665,0.015642003306878306,0.5417232230268344,-0.16983871665931302,-0.013790549225506932,0.2204575,0.0,0.0,0.0,0.0,0.0,0.0,0.0,0.0,0.0,0.0,0.0,0.0,0.0,0.0,0.0,0.0,0.0,0.0,0.0,0.0,0.0,0.0,0.0,0.0,0.0,0.0,0.0,0.0,0.0,0.0,0.0,0.0,0.0,0.0,0.0,0.0,0.0,0.0,0.0,0.0,0.0,0.0,0.0,0.0,0.0,0.004493799628,0.004493799628,0.099271,1
2024-10-07,0.08121955555555556,0.27090737350989136,9,-0.24033,0.638267,0.23866866666666667,2.148018,0.19445455555555555,0.1822346455988207,4,9,neutral,0.035951555555555556,0.1806603719466445,0.019384563031703706,0.057462851851851814,0.27090737350989136,3.6666666666666665,0.12891988888888897,-0.18577194444444445,0.1323327083028083,0.1761507850465432,6.142857142857143,0.20119163177655677,-0.19188694444444443,0.16842155613553111,0.17978338257547924,6.142857142857143,0.2320074238247863,-0.0007149444444444486,0.17555866994658118,0.18422140188147026,5.6,0.2626552216936304,-0.023760944444444432,50.0,-0.02855858730158728,0.01551747773368607,0.5227988702536643,-0.17756600833058744,0.7941935927267729,0.03658455555555555,0.0,0.0,0.0,0.0,0.0,0.0,0.0,0.0,0.0,0.0,0.0,0.0,0.0,0.0,0.0,0.0,0.0,0.0,0.0,0.0,0.0,0.0,0.0,0.0,0.0,0.0,0.0,0.0,0.0,0.0,0.0,0.0,0.0,0.0,0.0,0.0,0.0,0.0,0.0,0.0,0.0,0.0,0.0,0.0,0.0,0.019384563031703706,0.17446106728533337,0.23866866666666667,4
2024-10-08,0.240163,0.10849410658879129,5,0.134943,0.408378,0.6119906,3.059953,0.21172580000000002,0.059249046331565525,3,5,bullish,0.15894344444444441,0.16602800105064494,0.1469774984678,0.12221685185185183,0.1897007400493413,5.0,0.3166434222222223,0.194262,0.139800026984127,0.16570584626396948,5.0,0.2522631130952381,0.052271230769230764,0.16893274065934064,0.17307701043533305,5.642857142857143,0.2461881928724054,0.007156583333333327,0.1793969699465812,0.18106609791094197,5.733333333333333,0.28102664169363045,0.115149,50.0,-0.08639638333333333,0.005545990696649035,0.5217496231999647,-0.17333639461022102,1.9569602832377533,0.12299188888888886,0.0,0.0,0.0,0.0,0.0,0.0,0.0,0.0,0.0,0.0,0.0,0.0,0.0,0.0,0.0,0.0,0.0,0.0,0.0,0.0,0.0,0.0,0.0,0.0,0.0,0.0,0.0,0.0,0.0,0.0,0.0,0.0,0.0,0.0,0.0,0.0,0.0,0.0,0.0,0.0,0.0,0.0,0.0,0.0,0.0,0.1469774984678,0.7348874923390001,0.6119906,3
2024-10-09,0.24407949999999998,0.3578844196280413,2,-0.008983,0.497142,0.234717,0.469434,0.34803799999999996,0.051777186945603786,2,2,bullish,0.0039164999999999894,0.24576196657557467,0.05728960800149999,0.1884873518518518,0.24576196657557461,5.333333333333333,0.361792088888889,0.19881149999999997,0.1447379841269841,0.2016719284113532,4.571428571428571,0.25432948452380955,0.03456569999999998,0.17623067319902322,0.17916029509299755,5.142857142857143,0.23875151826923077,0.10217105555555556,0.1789890532799145,0.1953141612899919,5.666666666666667,0.2800956166936305,-0.01223750000000004,50.0,0.049313187499999966,-0.0007485069885361548,0.5287258102907149,-0.1743697317009712,0.016307674371156322,-0.15502694444444443,0.0,0.0,0.0,0.0,0.0,0.0,0.0,0.0,0.0,0.0,0.0,0.0,0.0,0.0,0.0,0.0,0.0,0.0,0.0,0.0,0.0,0.0,0.0,0.0,0.0,0.0,0.0,0.0,0.0,0.0,0.0,0.0,0.0,0.0,0.0,0.0,0.0,0.0,0.0,0.0,0.0,0.0,0.0,0.0,0.0,0.05728960800149999,0.11457921600299999,0.234717,2
2024-10-10,0.19453025000000002,0.0835862879957991,4,0.088003,0.291677,0.2175205,0.870082,0.21116575,0.055934700507973285,3,4,bullish,-0.04954924999999996,0.20521804693063078,0.04231431724512501,0.22625758333333326,0.1833216047375439,3.6666666666666665,0.3547427000000001,0.11331069444444446,0.15973611507936508,0.18791094215515503,4.285714285714286,0.25665455595238096,0.1049869166666667,0.17155195534188034,0.17672370890114378,4.714285714285714,0.23000841826923077,-0.06550204999999998,0.18001259911324788,0.1912429209584077,5.533333333333333,0.2770780291936304,0.030706375000000008,50.0,-0.18726566666666666,-0.03352351757054674,0.5244843078628539,-0.16419500427311037,-0.20300455384413674,-0.05346574999999995,0.0,0.0,0.0,0.0,0.0,0.0,0.0,0.0,0.0,0.0,0.0,0.0,0.0,0.0,0.0,0.0,0.0,0.0,0.0,0.0,0.0,0.0,0.0,0.0,0.0,0.0,0.0,0.0,0.0,0.0,0.0,0.0,0.0,0.0,0.0,0.0,0.0,0.0,0.0,0.0,0.0,0.0,0.0,0.0,0.0,0.04231431724512501,0.16925726898050003,0.2175205,3
2024-10-11,0.1378664,0.19057830257482092,5,-0.08149,0.438671,0.1621466,0.810733,0.2315798,0.18824881198217427,2,5,neutral,-0.056663850000000016,0.2022900980594688,0.02235456801424,0.19215871666666665,0.2106830033995538,3.6666666666666665,0.20479470000000008,-0.10229659999999999,0.14128967222222222,0.2022900980594688,3.857142857142857,0.23044776666666666,-0.1291251,0.16641087677045177,0.17283227016571606,4.928571428571429,0.2281676396978022,-0.07197510000000001,0.18082981720848595,0.1964267960670397,5.466666666666667,0.2738394587174399,0.02451654285714286,50.0,0.127227,-0.03052999905202822,0.5222037371804578,-0.17107769359071415,-0.29128554556425035,-0.007114600000000054,0.0,0.0,0.0,0.0,0.0,0.0,0.0,0.0,0.0,0.0,0.0,0.0,0.0,0.0,0.0,0.0,0.0,0.0,0.0,0.0,0.0,0.0,0.0,0.0,0.0,0.0,0.0,0.0,0.0,0.0,0.0,0.0,0.0,0.0,0.0,0.0,0.0,0.0,0.0,0.0,0.0,0.0,0.0,0.0,0.0,0.02235456801424,0.1117728400712,0.1621466,2
2024-10-12,0.157666,0.0,1,0.157666,0.157666,0.329112,0.329112,0.286616,0.0,1,1,bullish,0.0197996,0.18513577919686316,0.051889772592000005,0.16335421666666664,0.13708229528531002,3.3333333333333335,0.2362597000000001,-0.08641349999999998,0.1572561007936508,0.2022900980594688,3.857142857142857,0.27048948095238096,0.111765,0.16954068629426128,0.17983997792906578,4.785714285714286,0.2378826873168498,0.04381733333333333,0.1802974866529304,0.1972000001574098,5.1,0.27046975316188443,-0.015969916666666667,50.0,-0.15134535714285713,-0.03351076095679011,0.5173477871804577,-0.17593364359071414,0.14361439770676543,0.07646345000000002,0.0,0.0,0.0,0.0,0.0,0.0,0.0,0.0,0.0,0.0,0.0,0.0,0.0,0.0,0.0,0.0,0.0,0.0,0.0,0.0,0.0,0.0,0.0,0.0,0.0,0.0,0.0,0.0,0.0,0.0,0.0,0.0,0.0,0.0,0.0,0.0,0.0,0.0,0.0,0.0,0.0,0.0,0.0,0.0,0.0,0.051889772592000005,0.051889772592000005,0.329112,1
2024-10-13,0.570814,0.0,1,0.570814,0.570814,0.469587,0.469587,0.433311,0.0,1,1,bullish,0.41314800000000007,0.2106830033995538,0.268046833818,0.2887821333333333,0.19057830257482092,2.3333333333333335,0.32028186666666675,0.37628375000000003,0.2323341007936508,0.2022900980594688,3.857142857142857,0.32339176666666664,0.5255460000000001,0.19603961486568985,0.17983997792906578,4.785714285714286,0.2699928301739927,0.370985,0.19068613040293042,0.19792743365204044,4.6,0.2765357969118844,0.31165931250000006,50.0,0.15984423076923077,-0.001331290871320032,0.557572423477235,-0.1672703298874914,2.620400086258293,0.39334840000000004,0.0,0.0,0.0,0.0,0.0,0.0,0.0,0.0,0.0,0.0,0.0,0.0,0.0,0.0,0.0,0.0,0.0,0.0,0.0,0.0,0.0,0.0,0.0,0.0,0.0,0.0,0.0,0.0,0.0,0.0,0.0,0.0,0.0,0.0,0.0,0.0,0.0,0.0,0.0,0.0,0.0,0.0,0.0,0.0,0.0,0.268046833818,0.268046833818,0.469587,1
2024-10-14,0.1005705,0.07853764307960864,2,0.045036,0.156105,0.1500405,0.300081,0.167289,0.014132236128794343,2,2,neutral,-0.47024350000000004,0.11756741121674291,0.015089648105249999,0.2763501666666667,0.07853764307960864,1.3333333333333333,0.31624650000000004,-0.03729590000000001,0.23509852142857143,0.16381615197341226,2.857142857142857,0.3107306,0.019350944444444435,0.18371561486568985,0.1699834685099777,4.5,0.25596111588827836,-0.17253599999999997,0.19648571373626375,0.17602033347557874,4.6,0.2616566635785511,0.17398750000000002,50.0,-0.0011544666666666592,-0.02083539827872744,0.5371204200371296,-0.16006191811405268,-0.82381213495114,-0.8833915000000001,0.0,0.0,0.0,0.0,0.0,0.0,0.0,0.0,0.0,0.0,0.0,0.0,0.0,0.0,0.0,0.0,0.0,0.0,0.0,0.0,0.0,0.0,0.0,0.0,0.0,0.0,0.0,0.0,0.0,0.0,0.0,0.0,0.0,0.0,0.0,0.0,0.0,0.0,0.0,0.0,0.0,0.0,0.0,0.0,0.0,0.015089648105249999,0.030179296210499997,0.1500405,2
2024-10-15,0.1538900909090909,0.11939136783742327,11,-0.049512,0.338462,0.26193872727272727,2.881326,0.208715,0.0952647999326089,4,11,bullish,0.0533195909090909,0.12950243783061763,0.04030977455261157,0.2750915303030303,0.09896450545851593,4.666666666666667,0.2938554090909092,-0.0037759090909091075,0.22277382012987015,0.16599560422313867,3.7142857142857144,0.2607231896103896,-0.0862729090909091,0.18128692355699855,0.16585072524355407,4.357142857142857,0.2564931513528138,-0.03400167832167833,0.19071351676656675,0.17355820453478935,4.933333333333334,0.2648869211543087,-0.17316590909090912,50.0,0.09510766666666669,-0.0025809306861348446,0.5148425796195208,-0.13658591304997925,0.5301712819275126,0.5235630909090909,0.0,0.0,0.0,0.0,0.0,0.0,0.0,0.0,0.0,0.0,0.0,0.0,0.0,0.0,0.0,0.0,0.0,0.0,0.0,0.0,0.0,0.0,0.0,0.0,0.0,0.0,0.0,0.0,0.0,0.0,0.0,0.0,0.0,0.0,0.0,0.0,0.0,0.0,0.0,0.0,0.0,0.0,0.0,0.0,0.0,0.04030977455261157,0.44340752007872725,0.26193872727272727,4
2024-10-16,0.025312,0.001476438959117511,2,0.024268,0.026356,0.130599,0.261198,0.140652,0.023760202061430372,2,2,neutral,-0.1285780909090909,0.06646848329204982,0.003305721888,0.09325753030303026,0.06646848329204978,5.0,0.18085940909090917,-0.545502,0.19152132012987017,0.0947140080893539,3.7142857142857144,0.2458491896103896,-0.21876749999999998,0.16812965212842715,0.14819296825035355,4.142857142857143,0.25008933706709957,-0.1842018,0.18749854533799534,0.16866144408680636,4.766666666666667,0.25859442591621346,-0.09644914285714286,50.0,-0.13179349999999998,-0.014051476541514032,0.488584924999911,-0.13380028843036948,-0.8355189742856619,-0.18189768181818178,0.0,0.0,0.0,0.0,0.0,0.0,0.0,0.0,0.0,0.0,0.0,0.0,0.0,0.0,0.0,0.0,0.0,0.0,0.0,0.0,0.0,0.0,0.0,0.0,0.0,0.0,0.0,0.0,0.0,0.0,0.0,0.0,0.0,0.0,0.0,0.0,0.0,0.0,0.0,0.0,0.0,0.0,0.0,0.0,0.0,0.003305721888,0.006611443776,0.130599,2
2024-10-17,0.2972728333333334,0.30034452685036006,6,-0.13502,0.654057,0.5492635,3.295581,0.2762518333333333,0.12975974653861908,4,6,bullish,0.2719608333333334,0.12493749418162739,0.16328111689158337,0.15882497474747473,0.1404041112156336,6.333333333333333,0.3139337424242425,0.19670233333333337,0.20619883203463205,0.1380656558602661,4.0,0.29324104675324675,0.10274258333333336,0.18296747355699858,0.16298829900771056,4.142857142857143,0.2749478013528139,0.20772950000000007,0.18581643978243978,0.16811571253064814,4.833333333333333,0.26454106758288004,-0.050463166666666615,50.0,0.18359799999999998,0.01594789938441189,0.5018845447580222,-0.13835677485514733,10.744343921196798,0.40053892424242427,0.0,0.0,0.0,0.0,0.0,0.0,0.0,0.0,0.0,0.0,0.0,0.0,0.0,0.0,0.0,0.0,0.0,0.0,0.0,0.0,0.0,0.0,0.0,0.0,0.0,0.0,0.0,0.0,0.0,0.0,0.0,0.0,0.0,0.0,0.0,0.0,0.0,0.0,0.0,0.0,0.0,0.0,0.0,0.0,0.0,0.16328111689158337,0.9796867013495002,0.5492635,4
2024-10-18,0.15939955555555554,0.137864363962475,9,-0.037125,0.392355,0.2223327777777778,2.000995,0.2005208888888889,0.11286268583265734,3,9,bullish,-0.13787327777777783,0.12752286813779692,0.035439745963209875,0.16066146296296294,0.14656177659065084,5.666666666666667,0.3007317592592594,0.005509464646464651,0.2092749971139971,0.1275228681377969,4.571428571428571,0.30183907215007216,0.021533155555555544,0.17528233466810966,0.16490648309863284,4.214285714285714,0.26614341940836944,-0.10759194444444445,0.18418444718984717,0.16853199642068878,4.933333333333334,0.2653824546199171,-0.048959777777777796,50.0,0.20951699999999998,0.033748322995523,0.5088433120598342,-0.1407604532680705,-0.46379373530974455,-0.40983411111111123,0.0,0.0,0.0,0.0,0.0,0.0,0.0,0.0,0.0,0.0,0.0,0.0,0.0,0.0,0.0,0.0,0.0,0.0,0.0,0.0,0.0,0.0,0.0,0.0,0.0,0.0,0.0,0.0,0.0,0.0,0.0,0.0,0.0,0.0,0.0,0.0,0.0,0.0,0.0,0.0,0.0,0.0,0.0,0.0,0.0,0.035439745963209875,0.31895771366888886,0.2223327777777778,3
2024-10-19,0.15299633333333332,0.10152246041804411,3,0.093413,0.270219,0.13934933333333333,0.418048,0.19608499999999998,0.04606350411117242,1,3,bullish,-0.006403222222222227,0.132119831605484,0.021319937052444442,0.20322290740740737,0.17991045041029305,6.0,0.30364853703703715,0.12768433333333332,0.20860790187590192,0.12318946685117144,4.857142857142857,0.27473011976911976,-0.004669666666666683,0.18293200133477633,0.1591442992185793,4.357142857142857,0.2726098003607504,0.10709533333333332,0.18312929163429162,0.15869172496289002,4.9,0.2623936323976949,-0.03165466666666669,50.0,0.0007149444444444486,0.05463505756342424,0.49889186861225937,-0.13549227648716228,-0.04017089131713736,0.1314700555555556,0.0,0.0,0.0,0.0,0.0,0.0,0.0,0.0,0.0,0.0,0.0,0.0,0.0,0.0,0.0,0.0,0.0,0.0,0.0,0.0,0.0,0.0,0.0,0.0,0.0,0.0,0.0,0.0,0.0,0.0,0.0,0.0,0.0,0.0,0.0,0.0,0.0,0.0,0.0,0.0,0.0,0.0,0.0,0.0,0.0,0.021319937052444442,0.06395981115733332,0.13934933333333333,1
2024-10-20,0.1473065,0.19010212258809736,2,0.012884,0.281729,0.275074,0.550148,0.190157,0.134456354442622,2,2,neutral,-0.005689833333333311,0.14626198255561884,0.040520188181,0.1532341296296296,0.14316298232287214,4.666666666666667,0.2122520370370371,-0.14996633333333337,0.14810683044733045,0.13274841767073228,5.0,0.24694254834054835,-0.42350750000000004,0.1902204656204906,0.16172411783270582,4.428571428571429,0.2851671575036075,0.1020385,0.1835329083009583,0.16097237594694844,4.833333333333333,0.26532766573102823,0.012108499999999994,50.0,-0.007156583333333327,0.039703548304164976,0.4942267917769604,-0.14340719965186324,-0.037189344406946434,0.0007133888888889162,0.0,0.0,0.0,0.0,0.0,0.0,0.0,0.0,0.0,0.0,0.0,0.0,0.0,0.0,0.0,0.0,0.0,0.0,0.0,0.0,0.0,0.0,0.0,0.0,0.0,0.0,0.0,0.0,0.0,0.0,0.0,0.0,0.0,0.0,0.0,0.0,0.0,0.0,0.0,0.0,0.0,0.0,0.0,0.0,0.0,0.040520188181,0.081040376362,0.275074,2
2024-10-21,0.19919040000000002,0.14442307481316444,10,-0.041726,0.404776,0.3403581,3.403581,0.2499772,0.13844042762285877,2,10,bullish,0.05188390000000001,0.1748513097264282,0.06779606608224001,0.1664977444444444,0.14534921927310193,5.0,0.2515938111111112,0.03979084444444447,0.1621953875901876,0.1421606222040974,6.142857142857143,0.2741307769119769,0.09861990000000002,0.1986469545093795,0.15118375960797859,4.5,0.29243068845598846,0.11797084444444446,0.18252262163429164,0.16028282173304076,5.133333333333334,0.2664832690643616,-0.03030859999999999,50.0,-0.10217105555555556,0.04516735959164293,0.49275475760435994,-0.14080530240233977,0.35221731559707137,0.05757373333333332,0.0,0.0,0.0,0.0,0.0,0.0,0.0,0.0,0.0,0.0,0.0,0.0,0.0,0.0,0.0,0.0,0.0,0.0,0.0,0.0,0.0,0.0,0.0,0.0,0.0,0.0,0.0,0.0,0.0,0.0,0.0,0.0,0.0,0.0,0.0,0.0,0.0,0.0,0.0,0.0,0.0,0.0,0.0,0.0,0.0,0.06779606608224001,0.6779606608224,0.3403581,2
2024-10-22,0.07687570588235294,0.15269369761378687,17,-0.144681,0.430066,0.3184934705882353,5.414389,0.14173229411764707,0.12208399202534945,6,17,neutral,-0.12231469411764707,0.1453211438791136,0.024484410370391004,0.1411242019607843,0.16240629833834955,9.666666666666666,0.3113085235294118,-0.07612062745098037,0.15119333258636788,0.14691809788643506,7.0,0.28221002595704947,-0.07701438502673795,0.18698357635811905,0.15486705886006155,5.357142857142857,0.27146660778371956,-0.16328729411764703,0.17659231183037008,0.1599792567682706,5.666666666666667,0.2639326514173027,-0.17790929411764705,50.0,0.06550204999999999,0.0346848950617284,0.4829528139888106,-0.14426716819855512,-0.6140591821576094,-0.1741985941176471,0.0,0.0,0.0,0.0,0.0,0.0,0.0,0.0,0.0,0.0,0.0,0.0,0.0,0.0,0.0,0.0,0.0,0.0,0.0,0.0,0.0,0.0,0.0,0.0,0.0,0.0,0.0,0.0,0.0,0.0,0.0,0.0,0.0,0.0,0.0,0.0,0.0,0.0,0.0,0.0,0.0,0.0,0.0,0.0,0.0,0.024484410370391004,0.4162349762966471,0.3184934705882353,6
2024-10-23,0.162374,0.16840933424051452,10,-0.266692,0.282556,0.4765965,4.765965,0.1426891,0.14561272188121324,4,10,bullish,0.08549829411764705,0.15143013793472146,0.07738688009099999,0.14614670196078428,0.15517536888915526,12.333333333333334,0.3784826901960785,0.015067499999999984,0.1707736183006536,0.17076565435520605,8.142857142857142,0.3316382402427638,0.137062,0.18114746921526187,0.139077468411101,5.928571428571429,0.2887437149265767,-0.08170549999999999,0.17927362849703676,0.16451701421921264,5.866666666666666,0.27124078475063607,0.08043949999999998,50.0,0.07197510000000001,0.042810402469135804,0.4885966116926096,-0.14262789923568742,1.1121627195006147,0.20781298823529412,0.0,0.0,0.0,0.0,0.0,0.0,0.0,0.0,0.0,0.0,0.0,0.0,0.0,0.0,0.0,0.0,0.0,0.0,0.0,0.0,0.0,0.0,0.0,0.0,0.0,0.0,0.0,0.0,0.0,0.0,0.0,0.0,0.0,0.0,0.0,0.0,0.0,0.0,0.0,0.0,0.0,0.0,0.0,0.0,0.0,0.07738688009099999,0.7738688009099999,0.4765965,4
2024-10-24,0.13190008333333333,0.16171348573857314,12,-0.275452,0.294783,0.354199,4.250388,0.2200824166666667,0.13049355202284088,3,12,neutral,-0.030473916666666656,0.1634683429988273,0.04671887761658333,0.12371659640522871,0.16093883919762483,13.0,0.3830963235294118,-0.06729031666666668,0.147148939729225,0.15096121991066505,9.0,0.30377188309990666,-0.16537275000000004,0.17667388588192853,0.14558806822299883,6.5,0.2985064649265767,-0.06263016666666668,0.17590341738592563,0.1636949856435396,5.866666666666666,0.269265423639525,-0.10110633333333333,50.0,-0.04381733333333333,0.027374291358024695,0.4872209111949414,-0.15476134040468584,-0.18767731697603474,-0.1159722107843137,0.0,0.0,0.0,0.0,0.0,0.0,0.0,0.0,0.0,0.0,0.0,0.0,0.0,0.0,0.0,0.0,0.0,0.0,0.0,0.0,0.0,0.0,0.0,0.0,0.0,0.0,0.0,0.0,0.0,0.0,0.0,0.0,0.0,0.0,0.0,0.0,0.0,0.0,0.0,0.0,0.0,0.0,0.0,0.0,0.0,0.04671887761658333,0.560626531399,0.354199,3
2024-10-25,0.117034,0.12031139039176632,2,0.031961,0.202107,0.32307450000000004,0.6461490000000001,0.1915165,0.014038190926896534,1,2,neutral,-0.014866083333333335,0.14951019655956108,0.03781070103300001,0.13710269444444442,0.15014473679028464,8.0,0.3846233333333334,0.040158294117647056,0.14109671750700278,0.14845365225770668,8.0,0.31816355770308125,-0.042365555555555545,0.17518585731049993,0.13973249220774428,6.285714285714286,0.3100013149265767,-0.0208324,0.17507426923777747,0.156868709723461,5.633333333333334,0.2687402254913768,-0.02487444444444442,50.0,-0.37098500000000006,0.0007974580246913517,0.48605001148810134,-0.14647714069784581,-0.11270715649029794,0.01560783333333332,0.0,0.0,0.0,0.0,0.0,0.0,0.0,0.0,0.0,0.0,0.0,0.0,0.0,0.0,0.0,0.0,0.0,0.0,0.0,0.0,0.0,0.0,0.0,0.0,0.0,0.0,0.0,0.0,0.0,0.0,0.0,0.0,0.0,0.0,0.0,0.0,0.0,0.0,0.0,0.0,0.0,0.0,0.0,0.0,0.0,0.03781070103300001,0.07562140206600002,0.32307450000000004,1
2024-10-26,0.11970650000000001,0.11658164608690913,4,-0.011883,0.269782,0.285584,1.142336,0.18386775,0.09534325034447902,2,4,neutral,0.002672500000000008,0.14394191081431001,0.034186261096,0.12288019444444441,0.13286884073908284,6.0,0.3209525000000001,-0.04266749999999998,0.13634102703081233,0.150604964496116,8.142857142857142,0.3390542243697479,-0.03328983333333331,0.1724744644533571,0.13795165789075695,6.5,0.3068921720694338,-0.03795949999999999,0.1703967425711108,0.15711642612268972,5.433333333333334,0.2669288954913768,-0.1403258,50.0,0.172536,-0.0004316530864197612,0.48515525404814824,-0.13813853325789277,0.022835244458875303,0.017538583333333344,0.0,0.0,0.0,0.0,0.0,0.0,0.0,0.0,0.0,0.0,0.0,0.0,0.0,0.0,0.0,0.0,0.0,0.0,0.0,0.0,0.0,0.0,0.0,0.0,0.0,0.0,0.0,0.0,0.0,0.0,0.0,0.0,0.0,0.0,0.0,0.0,0.0,0.0,0.0,0.0,0.0,0.0,0.0,0.0,0.0,0.034186261096,0.136745044384,0.285584,2
2024-10-27,0.188306,0.04941120765575356,2,0.153367,0.223245,0.322045,0.64409,0.233646,0.050760367394257475,1,2,bullish,0.0685995,0.12328541282270336,0.06064300577000001,0.14168216666666664,0.09543474804480966,2.6666666666666665,0.3102345000000001,0.05640591666666667,0.14219809845938375,0.130506262362924,8.142857142857142,0.34576436722689075,0.040999499999999994,0.1451524644533571,0.13162734001682813,6.571428571428571,0.2963534577837196,-0.38250800000000007,0.16967889257111082,0.14975750928233883,5.433333333333334,0.2713998121580435,-0.021535500000000013,50.0,0.03400167832167833,-0.019933355495122165,0.46589889117546623,-0.10817352594076632,0.5730641193251829,0.06592699999999999,0.0,0.0,0.0,0.0,0.0,0.0,0.0,0.0,0.0,0.0,0.0,0.0,0.0,0.0,0.0,0.0,0.0,0.0,0.0,0.0,0.0,0.0,0.0,0.0,0.0,0.0,0.0,0.0,0.0,0.0,0.0,0.0,0.0,0.0,0.0,0.0,0.0,0.0,0.0,0.0,0.0,0.0,0.0,0.0,0.0,0.06064300577000001,0.12128601154000002,0.322045,1
2024-10-28,0.17251666666666665,0.11128985794911112,3,0.068387,0.289798,0.10793133333333332,0.32379399999999997,0.311403,0.05874026241003693,2,3,bullish,-0.01578933333333335,0.11186151756442267,0.01861995385555555,0.16017638888888885,0.09242757056392459,3.0,0.23852011111111118,0.05548266666666665,0.1383875651260504,0.12577294566805922,7.142857142857143,0.312560543417367,-0.026673733333333366,0.15029147635811904,0.1339667839360783,6.642857142857143,0.2933456601646719,0.07194616666666666,0.1716344925711108,0.1500988958990145,5.433333333333334,0.2685608121580435,0.058667999999999984,50.0,0.1842018,0.00045407289993956094,0.46282721354883516,-0.11186648164746851,-0.08384933742596279,-0.08438883333333334,0.0,0.0,0.0,0.0,0.0,0.0,0.0,0.0,0.0,0.0,0.0,0.0,0.0,0.0,0.0,0.0,0.0,0.0,0.0,0.0,0.0,0.0,0.0,0.0,0.0,0.0,0.0,0.0,0.0,0.0,0.0,0.0,0.0,0.0,0.0,0.0,0.0,0.0,0.0,0.0,0.0,0.0,0.0,0.0,0.0,0.01861995385555555,0.055859861566666655,0.10793133333333332,2
2024-10-29,0.110208375,0.08931027585884024,8,0.0,0.271413,0.16638587500000002,1.3310870000000001,0.273382,0.07424110580688148,3,8,neutral,-0.062308291666666654,0.09738087558847608,0.018337116906703126,0.15701034722222215,0.08333711382123495,4.333333333333333,0.19878740277777784,-0.00949812500000001,0.143149375,0.11671817113163829,5.857142857142857,0.2908308869047619,0.033332669117647054,0.14717135379318394,0.13181813450903665,6.428571428571429,0.28652045643090573,-0.043681715909090896,0.16864713840444415,0.14776087205131552,5.666666666666667,0.27343884132471014,-0.08962062500000001,50.0,-0.20772950000000007,-0.021831806729690078,0.42629208576892386,-0.08871846636755729,-0.36117259202009466,-0.046518958333333305,0.0,0.0,0.0,0.0,0.0,0.0,0.0,0.0,0.0,0.0,0.0,0.0,0.0,0.0,0.0,0.0,0.0,0.0,0.0,0.0,0.0,0.0,0.0,0.0,0.0,0.0,0.0,0.0,0.0,0.0,0.0,0.0,0.0,0.0,0.0,0.0,0.0,0.0,0.0,0.0,0.0,0.0,0.0,0.0,0.0,0.018337116906703126,0.146696935253625,0.16638587500000002,3
2024-10-30,0.11401775,0.09258287348595672,4,0.033418,0.245222,0.18988625,0.759545,0.18468,0.0883638749489858,2,4,neutral,0.0038093750000000037,0.09183517220731416,0.0216504029809375,0.13224759722222215,0.09772766909796933,5.0,0.15473448611111118,-0.07428825,0.13624133928571427,0.10588581959527289,5.0,0.2498722797619048,-0.04835624999999999,0.15350747879318397,0.13832573697523948,6.571428571428571,0.29075526000233426,0.08870575,0.16334418007111082,0.1445101080596027,5.6,0.26821889965804346,-0.15908874999999997,50.0,0.10759194444444445,0.0014751932703099238,0.4232660813789414,-0.0937437119775748,0.034565204323174115,0.06611766666666666,0.0,0.0,0.0,0.0,0.0,0.0,0.0,0.0,0.0,0.0,0.0,0.0,0.0,0.0,0.0,0.0,0.0,0.0,0.0,0.0,0.0,0.0,0.0,0.0,0.0,0.0,0.0,0.0,0.0,0.0,0.0,0.0,0.0,0.0,0.0,0.0,0.0,0.0,0.0,0.0,0.0,0.0,0.0,0.0,0.0,0.0216504029809375,0.08660161192375,0.18988625,2
2024-10-31,0.2388604,0.24886594817049598,5,-0.061766,0.501126,0.2893474,1.446737,0.301022,0.09327249907126967,4,5,bullish,0.12484265,0.11829203262403154,0.06911363570295999,0.15436217499999996,0.14358636583843096,5.666666666666667,0.21520650833333343,0.06634373333333335,0.1515213845238095,0.11833617137126187,4.0,0.24060776547619048,0.10696031666666667,0.14933516212651726,0.13464869564096346,6.5,0.27218982428804855,-0.058412433333333375,0.16504313443008517,0.14790038296994257,5.333333333333333,0.26938080529906916,0.05096863076923078,50.0,-0.10709533333333332,-0.017702293766727113,0.4347921864451275,-0.09517041704376095,1.0949404807584782,0.121033275,0.0,0.0,0.0,0.0,0.0,0.0,0.0,0.0,0.0,0.0,0.0,0.0,0.0,0.0,0.0,0.0,0.0,0.0,0.0,0.0,0.0,0.0,0.0,0.0,0.0,0.0,0.0,0.0,0.0,0.0,0.0,0.0,0.0,0.0,0.0,0.0,0.0,0.0,0.0,0.0,0.0,0.0,0.0,0.0,0.0,0.06911363570295999,0.34556817851479993,0.2893474,4
2024-11-01,0.12081566666666667,0.06916917138677701,3,0.06472,0.198101,0.232816,0.698448,0.100291,0.12226674291482538,2,3,neutral,-0.11804473333333333,0.12224362537023623,0.028127820250666666,0.15789793888888884,0.13687266434774323,4.0,0.2373498833333334,0.010607291666666671,0.15206162261904763,0.11103014008483482,4.142857142857143,0.22771369404761904,0.0037816666666666693,0.1465791700630252,0.12974189617127077,6.071428571428571,0.27293862587535017,-0.038583888888888876,0.16208652998564071,0.1437125046043908,5.266666666666667,0.2697995919657358,-0.08869813333333333,50.0,-0.1020385,-0.03703713821117156,0.4262842508852561,-0.09034751481722283,-0.4941996803711848,-0.24288738333333332,0.0,0.0,0.0,0.0,0.0,0.0,0.0,0.0,0.0,0.0,0.0,0.0,0.0,0.0,0.0,0.0,0.0,0.0,0.0,0.0,0.0,0.0,0.0,0.0,0.0,0.0,0.0,0.0,0.0,0.0,0.0,0.0,0.0,0.0,0.0,0.0,0.0,0.0,0.0,0.0,0.0,0.0,0.0,0.0,0.0,0.028127820250666666,0.084383460752,0.232816,2
2024-11-03,0.296927,0.29698484809834996,2,0.086927,0.506927,0.2577175,0.515435,0.3124775,0.1848709466208793,1,2,bullish,0.17611133333333334,0.159382623400084,0.0765232841225,0.21886768888888883,0.20500665588520764,3.3333333333333335,0.2599603000000001,0.18290925,0.17737883690476192,0.13680202608646924,3.857142857142857,0.22373276547619048,0.1772205,0.1568599319677871,0.1437034952912926,6.0,0.28139349492296917,0.14393066666666668,0.16899931887452962,0.14927379802060467,5.133333333333334,0.2716820086324025,0.2073836666666667,50.0,-0.11797084444444447,-0.045276417223517246,0.42937259155252916,-0.12082455548449589,1.457686227227705,0.29415606666666666,0.0,0.0,0.0,0.0,0.0,0.0,0.0,0.0,0.0,0.0,0.0,0.0,0.0,0.0,0.0,0.0,0.0,0.0,0.0,0.0,0.0,0.0,0.0,0.0,0.0,0.0,0.0,0.0,0.0,0.0,0.0,0.0,0.0,0.0,0.0,0.0,0.0,0.0,0.0,0.0,0.0,0.0,0.0,0.0,0.0,0.0765232841225,0.153046568245,0.2577175,1
2024-11-04,0.1103525,0.0036691770875769947,2,0.107758,0.112947,0.0819705,0.163941,0.1212015,0.03474227748003865,2,2,neutral,-0.18657449999999998,0.14225440364583136,0.00904564960125,0.1760317222222222,0.12327439885756797,2.3333333333333335,0.1908346666666668,-0.1285079,0.16624262261904763,0.13026745029101544,3.857142857142857,0.18943640833333333,-0.0779535,0.15422036053921567,0.13038685632696972,6.0,0.267600387780112,-0.036954,0.1637780188745296,0.1448502077911556,4.933333333333334,0.2628945544657358,-0.15663899999999997,50.0,0.16328729411764706,0.014087171011776886,0.422374844953326,-0.11284860888529272,-0.6283514129735591,-0.3626858333333333,0.0,0.0,0.0,0.0,0.0,0.0,0.0,0.0,0.0,0.0,0.0,0.0,0.0,0.0,0.0,0.0,0.0,0.0,0.0,0.0,0.0,0.0,0.0,0.0,0.0,0.0,0.0,0.0,0.0,0.0,0.0,0.0,0.0,0.0,0.0,0.0,0.0,0.0,0.0,0.0,0.0,0.0,0.0,0.0,0.0,0.00904564960125,0.0180912992025,0.0819705,2
2024-11-05,0.39839800000000003,0.14045720764346697,3,0.238456,0.501653,0.32715500000000003,0.981465,0.4582793333333333,0.1711375450604961,2,3,bullish,0.2880455,0.1518292704773334,0.13033789769,0.2685591666666666,0.14703707760979798,2.3333333333333335,0.2222810000000001,0.2775823333333334,0.19851138452380954,0.13443421453306628,3.857142857142857,0.22075407500000002,0.22588133333333338,0.16844947482492995,0.13010358010056275,5.5,0.26665730920868347,0.1992076,0.1755279188745296,0.14468750408198194,5.0,0.2721723877990691,0.35249700000000006,50.0,0.08170549999999999,0.003994893233999107,0.4367068243884758,-0.10272979741135163,2.610230851136132,0.47462,0.0,0.0,0.0,0.0,0.0,0.0,0.0,0.0,0.0,0.0,0.0,0.0,0.0,0.0,0.0,0.0,0.0,0.0,0.0,0.0,0.0,0.0,0.0,0.0,0.0,0.0,0.0,0.0,0.0,0.0,0.0,0.0,0.0,0.0,0.0,0.0,0.0,0.0,0.0,0.0,0.0,0.0,0.0,0.0,0.0,0.13033789769,0.39101369307,0.32715500000000003,2
2024-11-06,0.288936,0.11353554697098173,4,0.190968,0.402034,0.175193,0.700772,0.30894975,0.07209597147032556,4,4,bullish,-0.109462,0.12476319023743054,0.050619564648,0.2658955,0.08588731056734189,3.0,0.19477283333333348,-0.00799099999999997,0.2240439023809524,0.13789496754908648,3.2857142857142856,0.22201223571428572,0.17872762500000003,0.18359663869047618,0.12730656934036239,4.571428571428571,0.2564215613095238,0.2120602941176471,0.18365018554119628,0.1435749341851605,5.1,0.2747031211324025,0.24366800000000002,50.0,0.06263016666666668,0.007175836383442257,0.46109393518966224,-0.10075450821253806,-0.2747553953584104,-0.3975075,0.0,0.0,0.0,0.0,0.0,0.0,0.0,0.0,0.0,0.0,0.0,0.0,0.0,0.0,0.0,0.0,0.0,0.0,0.0,0.0,0.0,0.0,0.0,0.0,0.0,0.0,0.0,0.0,0.0,0.0,0.0,0.0,0.0,0.0,0.0,0.0,0.0,0.0,0.0,0.0,0.0,0.0,0.0,0.0,0.0,0.050619564648,0.202478258592,0.175193,4
2024-11-07,0.235955,0.16992714057736627,6,0.056539,0.535622,0.3394098333333333,2.036459,0.29191016666666664,0.07145445466425915,4,6,bullish,-0.05298100000000003,0.1449147840755484,0.08008544722416666,0.30776299999999995,0.14130663173060498,4.333333333333333,0.28058594444444457,0.1256025,0.24146350952380954,0.148944148562145,3.5714285714285716,0.24337274761904762,0.12193725,0.18885242440476188,0.12741498407870894,4.285714285714286,0.2466225136904762,0.07358100000000001,0.18880803368934443,0.1399684972947132,5.0,0.2780611600212914,0.15473544444444443,50.0,0.0208324,-0.0109763191721133,0.4449863048956962,-0.09077866125190531,-0.18336586648946485,0.056480999999999976,0.0,0.0,0.0,0.0,0.0,0.0,0.0,0.0,0.0,0.0,0.0,0.0,0.0,0.0,0.0,0.0,0.0,0.0,0.0,0.0,0.0,0.0,0.0,0.0,0.0,0.0,0.0,0.0,0.0,0.0,0.0,0.0,0.0,0.0,0.0,0.0,0.0,0.0,0.0,0.0,0.0,0.0,0.0,0.0,0.0,0.08008544722416666,0.48051268334499997,0.3394098333333333,4
2024-11-08,0.0625506,0.08541622869689341,5,-0.004024,0.199467,0.3489096,1.744548,0.0918786,0.034514604536340844,3,5,neutral,-0.17340440000000001,0.10260106019525708,0.02182450482576,0.19581386666666664,0.12295963874841377,5.0,0.28783747777777785,-0.3358474,0.21627639523809525,0.12559418863734462,3.5714285714285716,0.2518816333333333,-0.17630980000000002,0.1838988898809524,0.12196518000430324,3.7857142857142856,0.24624469940476193,-0.06934948333333334,0.1828876203560111,0.13914428737000256,5.0,0.26929179335462466,-0.1776124,50.0,0.03795949999999999,0.016322458605664485,0.4348990435913602,-0.09037629550312495,-0.7349045368820326,-0.12042339999999999,0.0,0.0,0.0,0.0,0.0,0.0,0.0,0.0,0.0,0.0,0.0,0.0,0.0,0.0,0.0,0.0,0.0,0.0,0.0,0.0,0.0,0.0,0.0,0.0,0.0,0.0,0.0,0.0,0.0,0.0,0.0,0.0,0.0,0.0,0.0,0.0,0.0,0.0,0.0,0.0,0.0,0.0,0.0,0.0,0.0,0.02182450482576,0.1091225241288,0.3489096,3
2024-11-09,-0.051906,0.0,1,-0.051906,-0.051906,0.096671,0.096671,0.152305,0.0,1,1,neutral,-0.11445659999999999,0.1273340309721771,-0.0050178049260000005,0.08219986666666661,0.1276716846371298,4.0,0.2616634777777778,-0.34084200000000003,0.19160187142857144,0.1349983581791059,3.2857142857142856,0.2324323476190476,-0.17272166666666666,0.17183174702380952,0.12209239458988301,3.7142857142857144,0.2300730208333333,-0.16894,0.17302143702267778,0.1310428009900752,4.966666666666667,0.2646902600212913,-0.29598549999999996,50.0,0.38250800000000007,0.04686868700072622,0.42779038738317543,-0.1037578726282734,-1.8298241743484476,0.05894780000000002,0.0,0.0,0.0,0.0,0.0,0.0,0.0,0.0,0.0,0.0,0.0,0.0,0.0,0.0,0.0,0.0,0.0,0.0,0.0,0.0,0.0,0.0,0.0,0.0,0.0,0.0,0.0,0.0,0.0,0.0,0.0,0.0,0.0,0.0,0.0,0.0,0.0,0.0,0.0,0.0,0.0,0.0,0.0,0.0,0.0,-0.0050178049260000005,-0.0050178049260000005,0.096671,1
2024-11-10,0.22339066666666665,0.03958185611278649,3,0.182924,0.262024,0.274406,0.823218,0.26,0.10073450775677617,1,3,bullish,0.27529666666666663,0.10211519308950698,0.06129973927733333,0.07801175555555549,0.06249904240483992,3.0,0.23999553333333346,-0.012564333333333344,0.181096680952381,0.09209785951484532,3.4285714285714284,0.23481641904761905,-0.07353633333333334,0.1792377589285714,0.11616933382264281,3.642857142857143,0.22927459226190475,0.10368416666666665,0.17398345091156664,0.1294130072166303,4.933333333333334,0.26658644335462467,0.02886041666666664,50.0,-0.07194616666666666,0.05077414996368918,0.4157503571401602,-0.08410942571859154,-5.303754222376346,0.38975326666666665,0.0,0.0,0.0,0.0,0.0,0.0,0.0,0.0,0.0,0.0,0.0,0.0,0.0,0.0,0.0,0.0,0.0,0.0,0.0,0.0,0.0,0.0,0.0,0.0,0.0,0.0,0.0,0.0,0.0,0.0,0.0,0.0,0.0,0.0,0.0,0.0,0.0,0.0,0.0,0.0,0.0,0.0,0.0,0.0,0.0,0.06129973927733333,0.18389921783199997,0.274406,1
2024-11-11,0.316726,0.1849908515665932,4,0.171045,0.584942,0.49006925,1.960277,0.2779165,0.048550552530326585,3,4,bullish,0.09333533333333335,0.11997901923840987,0.1552176732755,0.16273688888888885,0.11228635383968982,2.6666666666666665,0.28704875000000013,0.2541754,0.21057860952380952,0.12231813859468137,3.7142857142857144,0.29311624047619045,0.2063735,0.18841061607142856,0.1265985372003997,3.7857142857142856,0.2412763244047619,0.12842,0.1799454375782333,0.12920606458669592,4.9,0.2775171983546247,0.1788596,50.0,0.043681715909090896,0.06696528506469929,0.4258974294299948,-0.08250293800842617,0.4178121437481723,-0.18196133333333328,0.0,0.0,0.0,0.0,0.0,0.0,0.0,0.0,0.0,0.0,0.0,0.0,0.0,0.0,0.0,0.0,0.0,0.0,0.0,0.0,0.0,0.0,0.0,0.0,0.0,0.0,0.0,0.0,0.0,0.0,0.0,0.0,0.0,0.0,0.0,0.0,0.0,0.0,0.0,0.0,0.0,0.0,0.0,0.0,0.0,0.1552176732755,0.620870693102,0.49006925,3
2024-11-12,0.13305333333333333,0.1041222828070552,15,0.0,0.363385,0.21172126666666666,3.1758189999999997,0.24135160000000003,0.1073355146004474,5,15,neutral,-0.18367266666666668,0.1035278047958321,0.028170220267555553,0.22438999999999995,0.1095649968288116,7.333333333333333,0.325398838888889,0.18495933333333334,0.17267222857142858,0.11626231778861272,5.428571428571429,0.27662570714285717,-0.2653446666666667,0.18559180654761903,0.1260471852663954,4.642857142857143,0.24868989107142855,-0.03946333333333332,0.17912501535601108,0.12831021523742303,5.366666666666666,0.2736041739101802,-0.02461266666666667,50.0,-0.08870575,0.0702169622251931,0.4235935302965721,-0.07458127612990542,-0.5799102904929392,-0.27700800000000003,0.0,0.0,0.0,0.0,0.0,0.0,0.0,0.0,0.0,0.0,0.0,0.0,0.0,0.0,0.0,0.0,0.0,0.0,0.0,0.0,0.0,0.0,0.0,0.0,0.0,0.0,0.0,0.0,0.0,0.0,0.0,0.0,0.0,0.0,0.0,0.0,0.0,0.0,0.0,0.0,0.0,0.0,0.0,0.0,0.0,0.028170220267555553,0.4225533040133333,0.21172126666666666,5
2024-11-13,0.178088,0.07338601881148751,3,0.131212,0.262661,0.318769,0.956307,0.17443766666666669,0.0271747927008346,2,3,bullish,0.04503466666666667,0.10052025232448061,0.056768933672000005,0.20928911111111104,0.12083305106171195,7.333333333333333,0.3401865055555557,-0.04530266666666666,0.1568368,0.10957072976203036,5.285714285714286,0.2971365642857143,-0.11084800000000003,0.1904403511904762,0.12482224241659903,4.285714285714286,0.2595744,0.067879625,0.16603414868934444,0.12641627742963216,5.433333333333334,0.2685769072435136,-0.392726,50.0,0.058412433333333375,0.05856419991582493,0.41437677604088496,-0.06379312187421834,0.33847078865617797,0.22870733333333335,0.0,0.0,0.0,0.0,0.0,0.0,0.0,0.0,0.0,0.0,0.0,0.0,0.0,0.0,0.0,0.0,0.0,0.0,0.0,0.0,0.0,0.0,0.0,0.0,0.0,0.0,0.0,0.0,0.0,0.0,0.0,0.0,0.0,0.0,0.0,0.0,0.0,0.0,0.0,0.0,0.0,0.0,0.0,0.0,0.0,0.056768933672000005,0.17030680101600001,0.318769,2
2024-11-14,0.1263623,0.19777901128001424,10,-0.052269,0.607777,0.1356346,1.356346,0.1740419,0.17615712581445894,4,10,neutral,-0.051725699999999986,0.11997200411558735,0.01713910001558,0.1458345444444444,0.12509577096618563,9.333333333333334,0.22204162222222235,-0.1903637,0.1411807,0.11421270821247169,5.857142857142857,0.26802581666666664,-0.10959269999999999,0.19132210476190475,0.13291425301614193,4.714285714285714,0.25569928214285714,0.01234455000000001,0.16689387535601108,0.13052804874688753,5.7,0.2680967105768469,0.025791800000000017,50.0,0.038583888888888876,0.05377290979236814,0.4178962579838438,-0.06786638215051041,-0.29045022685413946,-0.09676036666666665,0.0,0.0,0.0,0.0,0.0,0.0,0.0,0.0,0.0,0.0,0.0,0.0,0.0,0.0,0.0,0.0,0.0,0.0,0.0,0.0,0.0,0.0,0.0,0.0,0.0,0.0,0.0,0.0,0.0,0.0,0.0,0.0,0.0,0.0,0.0,0.0,0.0,0.0,0.0,0.0,0.0,0.0,0.0,0.0,0.0,0.01713910001558,0.1713910001558,0.1356346,4
2024-11-15,0.14287071428571427,0.18737764294841786,7,-0.160179,0.354486,0.21749014285714288,1.522431,0.2541967142857143,0.08571444536504973,3,7,neutral,0.016508414285714257,0.1495311614827136,0.03107297206010204,0.1491070047619047,0.15284755767997318,6.666666666666667,0.22396458095238106,0.009817380952380939,0.15265500204081633,0.1312062772543924,6.142857142857143,0.24925160850340136,0.08032011428571427,0.18446569863945578,0.12818438338367438,4.857142857142857,0.25056662091836734,-0.09598968571428573,0.16652656280189854,0.13287240306105977,5.566666666666666,0.2666150910963274,-0.011019376623376625,50.0,-0.14393066666666668,0.030821706088664427,0.4262476992304086,-0.07363415196850379,0.13064350906650368,0.06823411428571424,0.0,0.0,0.0,0.0,0.0,0.0,0.0,0.0,0.0,0.0,0.0,0.0,0.0,0.0,0.0,0.0,0.0,0.0,0.0,0.0,0.0,0.0,0.0,0.0,0.0,0.0,0.0,0.0,0.0,0.0,0.0,0.0,0.0,0.0,0.0,0.0,0.0,0.0,0.0,0.0,0.0,0.0,0.0,0.0,0.0,0.03107297206010204,0.21751080442071427,0.21749014285714288,3
2024-11-16,0.023902499999999993,0.24792132143013973,4,-0.30079,0.299616,0.18132325,0.725293,0.12598199999999998,0.22969630222390025,2,4,neutral,-0.11896821428571427,0.1621172554554229,0.004334078983124999,0.09771183809523803,0.21102599188619062,7.0,0.17814933095238106,-0.1541855,0.16348478775510203,0.1478798549937849,6.571428571428571,0.26134478707482994,0.0758085,0.17754332959183675,0.14193454877162534,4.928571428571429,0.24688856734693876,-0.09691316666666668,0.16647957946856523,0.14137050245661226,5.633333333333334,0.2683058994296607,-0.001409500000000008,50.0,0.036954,0.032612994977553315,0.43528272821390646,-0.09224958095200173,-0.832698393652603,-0.13547662857142853,0.0,0.0,0.0,0.0,0.0,0.0,0.0,0.0,0.0,0.0,0.0,0.0,0.0,0.0,0.0,0.0,0.0,0.0,0.0,0.0,0.0,0.0,0.0,0.0,0.0,0.0,0.0,0.0,0.0,0.0,0.0,0.0,0.0,0.0,0.0,0.0,0.0,0.0,0.0,0.0,0.0,0.0,0.0,0.0,0.0,0.004334078983124999,0.017336315932499995,0.18132325,2
2024-11-18,0.236129625,0.07020657991942167,8,0.171938,0.368491,0.348491875,2.787935,0.31746825,0.10517048155223295,3,8,bullish,0.21222712500000002,0.15533411487789622,0.08228925575929688,0.13430094642857138,0.16850184809932642,6.333333333333333,0.24910175595238107,0.109767325,0.1653046389455782,0.15225481553758993,7.285714285714286,0.2719284835034014,0.012738958333333356,0.17320065994897957,0.12449006660401549,5.357142857142857,0.25337245127551017,-0.06079737499999999,0.16444147252412078,0.1334347111831316,5.7,0.26161351192966076,-0.061143208333333365,50.0,-0.1992076,0.006261094977553314,0.43986289601797685,-0.09204738625607206,8.878867273297775,0.3311953392857143,0.0,0.0,0.0,0.0,0.0,0.0,0.0,0.0,0.0,0.0,0.0,0.0,0.0,0.0,0.0,0.0,0.0,0.0,0.0,0.0,0.0,0.0,0.0,0.0,0.0,0.0,0.0,0.0,0.0,0.0,0.0,0.0,0.0,0.0,0.0,0.0,0.0,0.0,0.0,0.0,0.0,0.0,0.0,0.0,0.0,0.08228925575929688,0.658314046074375,0.348491875,3
2024-11-19,0.148734,0.04859371881906825,4,0.118005,0.22089,0.20524425,0.820977,0.238594,0.09425645969021611,3,4,neutral,-0.087395625,0.15037565487941235,0.0305267982795,0.13625537499999993,0.12224054005620986,5.333333333333333,0.24501979166666676,0.0058632857142857375,0.14130578180272108,0.13276951085937208,7.285714285714286,0.23123919778911564,-0.167992,0.17594219566326533,0.12794580058336097,5.5,0.26217771913265303,0.0383815,0.16408595400560225,0.13035641307473828,5.533333333333333,0.26104389433706815,-0.01066555555555554,50.0,-0.2120602941176471,-0.05980204881329638,0.43207416909200735,-0.08663692599676928,-0.37011715493132213,-0.29962275000000005,0.0,0.0,0.0,0.0,0.0,0.0,0.0,0.0,0.0,0.0,0.0,0.0,0.0,0.0,0.0,0.0,0.0,0.0,0.0,0.0,0.0,0.0,0.0,0.0,0.0,0.0,0.0,0.0,0.0,0.0,0.0,0.0,0.0,0.0,0.0,0.0,0.0,0.0,0.0,0.0,0.0,0.0,0.0,0.0,0.0,0.0305267982795,0.122107193118,0.20524425,3
2024-11-20,0.11962233333333333,0.1495729711623505,3,-0.051871,0.223106,0.12592566666666666,0.377777,0.24182066666666668,0.10087678746536952,2,3,neutral,-0.029111666666666675,0.1407344468558796,0.015063522073222221,0.16816198611111108,0.08945775663361345,5.0,0.22655393055555564,0.09571983333333334,0.1393870675170068,0.13926246633869996,5.571428571428571,0.21898268350340136,-0.013430999999999998,0.15602964804421765,0.12864701316173663,5.5,0.24780419532312922,-0.2787756666666667,0.16297348733893557,0.13201332723833503,5.533333333333333,0.2605964387815126,-0.03337399999999999,50.0,-0.07358100000000001,-0.05998369696144453,0.4388883086195699,-0.09250966969099844,-0.19572973675599847,0.05828395833333333,0.0,0.0,0.0,0.0,0.0,0.0,0.0,0.0,0.0,0.0,0.0,0.0,0.0,0.0,0.0,0.0,0.0,0.0,0.0,0.0,0.0,0.0,0.0,0.0,0.0,0.0,0.0,0.0,0.0,0.0,0.0,0.0,0.0,0.0,0.0,0.0,0.0,0.0,0.0,0.0,0.0,0.0,0.0,0.0,0.0,0.015063522073222221,0.04519056621966666,0.12592566666666666,2
2024-11-21,0.30898611111111113,0.291024748472722,9,-0.132087,0.599482,0.46518400000000004,4.186656,0.2726395555555555,0.17349685593629002,4,9,bullish,0.1893637777777778,0.16146386796074044,0.14373539511111114,0.1924474814814814,0.1630638128180469,5.333333333333333,0.2654513055555557,0.07285648611111112,0.15808679767573697,0.17035371343316205,6.428571428571429,0.23989911207482995,0.13089811111111113,0.15746179883786846,0.1423000286618705,5.857142857142857,0.2685178381802721,0.020050111111111102,0.16836280770930595,0.13549341778608073,5.766666666666667,0.2669334387815126,0.16167961111111112,50.0,0.06934948333333332,-0.05713172280319537,0.46952534509478494,-0.1036498700551024,1.5830135769890612,0.21847544444444447,0.0,0.0,0.0,0.0,0.0,0.0,0.0,0.0,0.0,0.0,0.0,0.0,0.0,0.0,0.0,0.0,0.0,0.0,0.0,0.0,0.0,0.0,0.0,0.0,0.0,0.0,0.0,0.0,0.0,0.0,0.0,0.0,0.0,0.0,0.0,0.0,0.0,0.0,0.0,0.0,0.0,0.0,0.0,0.0,0.0,0.14373539511111114,1.2936185560000002,0.46518400000000004,4
2024-11-22,0.24529839999999997,0.09857528736757505,10,0.019058,0.347534,0.3843022,3.843022,0.23912650000000002,0.08100167051672454,3,10,bullish,-0.06368771111111116,0.13159466114822752,0.09426871477647998,0.22463561481481475,0.17972433566754917,7.333333333333333,0.325137288888889,0.09656439999999997,0.1750776691043084,0.15618175287424216,6.428571428571429,0.2754230549319728,0.11893609999999996,0.1581291845521542,0.13681142456880963,6.142857142857143,0.2717244357993197,0.009343399999999974,0.16989974104263927,0.13391245959830178,5.766666666666667,0.2683982421148459,0.046107999999999955,50.0,0.16894,-0.02850441724763981,0.4540271755365828,-0.08750790049690019,-0.20611836202634082,-0.25305148888888895,0.0,0.0,0.0,0.0,0.0,0.0,0.0,0.0,0.0,0.0,0.0,0.0,0.0,0.0,0.0,0.0,0.0,0.0,0.0,0.0,0.0,0.0,0.0,0.0,0.0,0.0,0.0,0.0,0.0,0.0,0.0,0.0,0.0,0.0,0.0,0.0,0.0,0.0,0.0,0.0,0.0,0.0,0.0,0.0,0.0,0.09426871477647998,0.9426871477647998,0.3843022,3
2024-11-24,0.08662550000000001,0.10115233215551682,2,0.0151,0.158151,0.12392800000000001,0.24785600000000002,0.09883600000000001,0.020161028545190834,2,2,neutral,-0.15867289999999995,0.13778381159544653,0.010735324964000002,0.21363667037037035,0.16358412266527128,7.0,0.32447140000000013,-0.03299683333333332,0.1670426384920635,0.14386385133239912,5.714285714285714,0.2620570345238095,-0.05624521428571426,0.1598488202664399,0.1380218940656268,5.928571428571429,0.25565432151360545,0.02407490000000001,0.1702247341798942,0.1321351711342235,5.266666666666667,0.26191272642857144,0.009749794117647065,50.0,-0.10368416666666666,-0.04651515058097314,0.45568431570522205,-0.09258405733220618,-0.646856644804858,-0.0949851888888888,0.0,0.0,0.0,0.0,0.0,0.0,0.0,0.0,0.0,0.0,0.0,0.0,0.0,0.0,0.0,0.0,0.0,0.0,0.0,0.0,0.0,0.0,0.0,0.0,0.0,0.0,0.0,0.0,0.0,0.0,0.0,0.0,0.0,0.0,0.0,0.0,0.0,0.0,0.0,0.0,0.0,0.0,0.0,0.0,0.0,0.010735324964000002,0.021470649928000005,0.12392800000000001,2
2024-11-25,0.10204125,0.10787378704262064,4,-0.00801,0.200877,0.21122174999999999,0.8448869999999999,0.27803675,0.09733377706419973,3,4,neutral,0.015415749999999992,0.149639825240157,0.0215533313971875,0.14465504999999992,0.10253380218857083,5.333333333333333,0.23981731666666675,-0.20694486111111113,0.17820531706349205,0.12385706070561071,5.714285714285714,0.2663282488095238,0.07813875,0.17084505240929704,0.13586845784969778,6.142857142857143,0.2638365179421769,0.15394725,0.1682136425132275,0.13004773847222717,5.066666666666666,0.2530669014285714,-0.06033274999999999,50.0,-0.12842,-0.06507113823529413,0.42603360072567165,-0.08242191735265572,0.17795856878170957,0.17408864999999996,0.0,0.0,0.0,0.0,0.0,0.0,0.0,0.0,0.0,0.0,0.0,0.0,0.0,0.0,0.0,0.0,0.0,0.0,0.0,0.0,0.0,0.0,0.0,0.0,0.0,0.0,0.0,0.0,0.0,0.0,0.0,0.0,0.0,0.0,0.0,0.0,0.0,0.0,0.0,0.0,0.0,0.0,0.0,0.0,0.0,0.0215533313971875,0.08621332558875,0.21122174999999999,3
2024-11-26,0.3384291666666666,0.1444056612954169,6,0.071305,0.473793,0.2994021666666667,1.796413,0.31221483333333333,0.06654412362761018,4,6,bullish,0.23638791666666661,0.1486063632667703,0.10132642576319444,0.17569863888888881,0.11781059349785146,4.0,0.2115173055555557,0.09313076666666664,0.1928195373015873,0.13445692947361002,5.428571428571429,0.25931543333333335,0.1022995416666666,0.17906208812358276,0.14335587250559995,6.357142857142857,0.26562195841836733,0.11503849999999996,0.17509794529100528,0.12945091693970454,4.866666666666666,0.2512403403174603,0.20652908333333328,50.0,0.03946333333333332,-0.04469402712418302,0.45225180081772487,-0.08583245077804236,2.316591737818447,0.22097216666666664,0.0,0.0,0.0,0.0,0.0,0.0,0.0,0.0,0.0,0.0,0.0,0.0,0.0,0.0,0.0,0.0,0.0,0.0,0.0,0.0,0.0,0.0,0.0,0.0,0.0,0.0,0.0,0.0,0.0,0.0,0.0,0.0,0.0,0.0,0.0,0.0,0.0,0.0,0.0,0.0,0.0,0.0,0.0,0.0,0.0,0.10132642576319444,0.6079585545791666,0.2994021666666667,4
2024-11-27,0.2503066666666667,0.15895842373505512,3,0.137174,0.432047,0.4971506666666667,1.491452,0.22598866666666664,0.0220921458517124,3,3,bullish,-0.08812249999999994,0.12219309831923693,0.12444012620444446,0.2302590277777777,0.1370792906910309,4.333333333333333,0.3359248611111112,0.16368116666666666,0.20732991825396827,0.15022331589017957,5.285714285714286,0.30101635,0.10157266666666667,0.17431785002834468,0.1414964133747758,6.285714285714286,0.26612777389455783,-0.06641933333333333,0.17954036751322752,0.1307835732618869,4.9,0.2570428792063492,0.13327266666666668,50.0,-0.067879625,-0.05634220767973857,0.4467947305817517,-0.0951845138754025,-0.26038683624096604,-0.3245104166666666,0.0,0.0,0.0,0.0,0.0,0.0,0.0,0.0,0.0,0.0,0.0,0.0,0.0,0.0,0.0,0.0,0.0,0.0,0.0,0.0,0.0,0.0,0.0,0.0,0.0,0.0,0.0,0.0,0.0,0.0,0.0,0.0,0.0,0.0,0.0,0.0,0.0,0.0,0.0,0.0,0.0,0.0,0.0,0.0,0.0,0.12444012620444446,0.3733203786133334,0.4971506666666667,3
2024-11-28,0.057625,0.0,1,0.057625,0.057625,0.102013,0.102013,0.240777,0.0,1,1,neutral,-0.19268166666666667,0.1280975510571524,0.0058784991250000005,0.21545361111111105,0.15168204251523604,3.3333333333333335,0.2995219444444446,-0.04441625,0.19847315634920634,0.15033170667815107,5.0,0.2976002547619048,-0.06199733333333333,0.16893011193310659,0.1443713464953697,5.285714285714286,0.2582914691326531,-0.07542833333333332,0.17747098417989418,0.13129078494670754,4.8,0.25092384587301586,-0.062081500000000005,50.0,-0.012344550000000003,-0.035579646568627464,0.4376690988198969,-0.10918998211354777,-0.7697824002556863,-0.10455916666666673,0.0,0.0,0.0,0.0,0.0,0.0,0.0,0.0,0.0,0.0,0.0,0.0,0.0,0.0,0.0,0.0,0.0,0.0,0.0,0.0,0.0,0.0,0.0,0.0,0.0,0.0,0.0,0.0,0.0,0.0,0.0,0.0,0.0,0.0,0.0,0.0,0.0,0.0,0.0,0.0,0.0,0.0,0.0,0.0,0.0,0.0058784991250000005,0.0058784991250000005,0.102013,1
2024-11-29,0.020007499999999998,0.0354225142035401,2,-0.00504,0.045055,0.1144175,0.228835,0.213184,0.08151809816230994,2,2,neutral,-0.037617500000000005,0.11166509656915821,0.0022892081312499996,0.1093130555555555,0.0971904689692976,2.0,0.23786038888888902,-0.3184216666666666,0.15719049761904763,0.10773133429995412,4.0,0.24749075476190477,-0.2889786111111111,0.1576386476473923,0.141451076910143,5.214285714285714,0.24369493341836734,-0.1580805,0.1718610341798942,0.13079118875198564,4.8,0.2440029292063492,-0.16829850000000002,50.0,0.09598968571428575,-0.0013518710317460363,0.41192676533391626,-0.10504239862756706,-0.6527982646420825,0.15506416666666667,0.0,0.0,0.0,0.0,0.0,0.0,0.0,0.0,0.0,0.0,0.0,0.0,0.0,0.0,0.0,0.0,0.0,0.0,0.0,0.0,0.0,0.0,0.0,0.0,0.0,0.0,0.0,0.0,0.0,0.0,0.0,0.0,0.0,0.0,0.0,0.0,0.0,0.0,0.0,0.0,0.0,0.0,0.0,0.0,0.0,0.0022892081312499996,0.004578416262499999,0.1144175,2
2024-11-30,0.358505,0.0,1,0.358505,0.358505,0.182047,0.182047,0.338842,0.0,1,1,bullish,0.3384975,0.11292886641133741,0.065264759735,0.14537916666666661,0.0354225142035401,1.3333333333333333,0.13282583333333345,0.10819833333333334,0.17336286904761902,0.10956254368642993,2.7142857142857144,0.21859715476190475,0.11320660000000005,0.17422026907596372,0.13675708237932038,4.571428571428571,0.2470101048469388,0.2321427,0.1780606452910053,0.1315134602632032,4.733333333333333,0.2464734514285714,0.18598833333333337,50.0,0.09691316666666666,0.01759192526455026,0.4318804926625607,-0.09540068595621146,16.91853055104336,0.37611500000000003,0.0,0.0,0.0,0.0,0.0,0.0,0.0,0.0,0.0,0.0,0.0,0.0,0.0,0.0,0.0,0.0,0.0,0.0,0.0,0.0,0.0,0.0,0.0,0.0,0.0,0.0,0.0,0.0,0.0,0.0,0.0,0.0,0.0,0.0,0.0,0.0,0.0,0.0,0.0,0.0,0.0,0.0,0.0,0.0,0.0,0.065264759735,0.065264759735,0.182047,1
2024-12-01,0.019316,0.027316949170798705,2,0.0,0.038632,0.051186999999999996,0.10237399999999999,0.30681400000000003,0.002914694152050979,1,2,neutral,-0.339189,0.07389929570313132,0.000988728092,0.13260949999999996,0.0313697316871694,1.6666666666666667,0.11588383333333345,-0.038309,0.16374722619047619,0.0947954670894863,2.7142857142857144,0.20820558333333333,-0.06730950000000001,0.16539493234126984,0.12341869123118544,4.214285714285714,0.23513130892857143,-0.12355471428571427,0.17503089945767197,0.1292174111266091,4.533333333333333,0.24263348892857145,-0.090892375,50.0,0.06079737499999999,0.016641691005291,0.42383010983101677,-0.08022810312466763,-0.9461206956667271,-0.6776865000000001,0.0,0.0,0.0,0.0,0.0,0.0,0.0,0.0,0.0,0.0,0.0,0.0,0.0,0.0,0.0,0.0,0.0,0.0,0.0,0.0,0.0,0.0,0.0,0.0,0.0,0.0,0.0,0.0,0.0,0.0,0.0,0.0,0.0,0.0,0.0,0.0,0.0,0.0,0.0,0.0,0.0,0.0,0.0,0.0,0.0,0.000988728092,0.001977456184,0.051186999999999996,1
2024-12-03,0.202086125,0.21686234237047866,8,-0.049109,0.512317,0.22210512500000001,1.7768410000000001,0.208515,0.14544121613510091,5,8,bullish,0.182770125,0.09320060191493917,0.04488436405389063,0.19330237499999994,0.12208964577063869,3.6666666666666665,0.15177970833333346,0.182078625,0.17803935119047617,0.1165931781550579,3.2857142857142856,0.20976035119047617,0.100044875,0.1781223341269841,0.1208304429762137,4.5,0.23804430000000001,0.178183625,0.17796651195767194,0.1338203544186284,4.666666666666667,0.24370745142857142,0.088068375,50.0,-0.0383815,-0.006394031216931222,0.44246271455409375,-0.10099116201441122,9.462110426589357,0.521959125,0.0,0.0,0.0,0.0,0.0,0.0,0.0,0.0,0.0,0.0,0.0,0.0,0.0,0.0,0.0,0.0,0.0,0.0,0.0,0.0,0.0,0.0,0.0,0.0,0.0,0.0,0.0,0.0,0.0,0.0,0.0,0.0,0.0,0.0,0.0,0.0,0.0,0.0,0.0,0.0,0.0,0.0,0.0,0.0,0.0,0.04488436405389063,0.35907491243112505,0.22210512500000001,5
2024-12-04,0.2189843333333333,0.11246387616178509,3,0.099425,0.322665,0.34076633333333334,1.022299,0.345793,0.15361774169346457,3,3,bullish,0.016898208333333303,0.09801642047665066,0.07462248832744443,0.14679548611111104,0.11888105590102083,4.333333333333333,0.2046861527777779,-0.1395206666666667,0.16097580357142857,0.11020482112833155,2.857142857142857,0.21566951785714286,-0.1194448333333333,0.17689767043650795,0.12435188432974398,4.142857142857143,0.2374924755952381,-0.0171452916666667,0.1773039764021164,0.1287684258257132,4.6,0.24542141587301589,-0.019876066666666692,50.0,0.2787756666666667,0.03610150582010582,0.4295170783980039,-0.0978196925249881,0.08361884485307103,-0.1658719166666667,0.0,0.0,0.0,0.0,0.0,0.0,0.0,0.0,0.0,0.0,0.0,0.0,0.0,0.0,0.0,0.0,0.0,0.0,0.0,0.0,0.0,0.0,0.0,0.0,0.0,0.0,0.0,0.0,0.0,0.0,0.0,0.0,0.0,0.0,0.0,0.0,0.0,0.0,0.0,0.0,0.0,0.0,0.0,0.0,0.0,0.07462248832744443,0.2238674649823333,0.34076633333333334,3
2024-12-05,0.24639427272727274,0.13189966864938737,11,0.0,0.465721,0.44528445454545457,4.898129,0.2696016363636364,0.1269651946088161,4,11,bullish,0.02740993939393943,0.12213570908811247,0.10971553933448762,0.22248824368686862,0.1537419623938837,7.333333333333333,0.3360519709595961,0.22707827272727274,0.16041689015151514,0.10479307011119801,4.0,0.208260058982684,-0.003912393939393938,0.18387340420274167,0.13129404681560392,4.642857142857143,0.254638204491342,0.09766027272727273,0.18148992993746996,0.13109177757618024,4.866666666666666,0.25250369769119774,0.12557860606060606,50.0,-0.020050111111111102,0.04814260458553792,0.43827050157240444,-0.09523902175999466,0.1251684948265983,0.010511731060606128,0.0,0.0,0.0,0.0,0.0,0.0,0.0,0.0,0.0,0.0,0.0,0.0,0.0,0.0,0.0,0.0,0.0,0.0,0.0,0.0,0.0,0.0,0.0,0.0,0.0,0.0,0.0,0.0,0.0,0.0,0.0,0.0,0.0,0.0,0.0,0.0,0.0,0.0,0.0,0.0,0.0,0.0,0.0,0.0,0.0,0.10971553933448762,1.2068709326793639,0.44528445454545457,4
2024-12-07,0.15607283333333333,0.15400625755133024,6,0.0,0.416063,0.2132305,1.279383,0.16699633333333333,0.10332312002386816,2,6,bullish,-0.09032143939393941,0.128509818780756,0.03327948828808333,0.20715047979797974,0.13278993412083423,6.666666666666667,0.3330937626262627,-0.04601329166666668,0.1744808663419913,0.11299526801788669,4.714285714285714,0.22414827326839828,0.09844783333333332,0.18647701134559885,0.1316634873480189,4.857142857142857,0.2608742640151515,0.0364505,0.17679479104858103,0.1257962742225869,5.0,0.25102079769119773,-0.14085416666666667,50.0,-0.009343399999999974,0.04271963421516756,0.44612754754349815,-0.10529758439775497,-0.3665728038001671,-0.11773137878787884,0.0,0.0,0.0,0.0,0.0,0.0,0.0,0.0,0.0,0.0,0.0,0.0,0.0,0.0,0.0,0.0,0.0,0.0,0.0,0.0,0.0,0.0,0.0,0.0,0.0,0.0,0.0,0.0,0.0,0.0,0.0,0.0,0.0,0.0,0.0,0.0,0.0,0.0,0.0,0.0,0.0,0.0,0.0,0.0,0.0,0.03327948828808333,0.19967692972849999,0.2132305,2
2024-12-09,0.076822,0.0701431327429849,3,-0.002343,0.131228,0.08880866666666666,0.266426,0.17947133333333332,0.10399760445958998,3,3,neutral,-0.07925083333333333,0.13707505549519325,0.006822459390666666,0.15976303535353528,0.11868301964790083,6.666666666666667,0.2491078737373739,-0.1421623333333333,0.1825972234848485,0.11878203777446084,4.857142857142857,0.22048986850649352,0.056814500000000004,0.16989386055194802,0.11325668603720747,4.428571428571429,0.23399031163419917,-0.23216411111111113,0.1756771077152477,0.12825827258019462,5.033333333333333,0.25124873658008656,-0.033530500000000005,50.0,-0.02407490000000001,0.04758682588183422,0.42946876826160596,-0.0935928351158628,-0.5077810893845501,0.011070606060606086,0.0,0.0,0.0,0.0,0.0,0.0,0.0,0.0,0.0,0.0,0.0,0.0,0.0,0.0,0.0,0.0,0.0,0.0,0.0,0.0,0.0,0.0,0.0,0.0,0.0,0.0,0.0,0.0,0.0,0.0,0.0,0.0,0.0,0.0,0.0,0.0,0.0,0.0,0.0,0.0,0.0,0.0,0.0,0.0,0.0,0.006822459390666666,0.020467378172,0.08880866666666666,3
2024-12-10,0.1004405999999999,0.1868331752441198,5,-0.105284,0.332699,0.1998806,0.999403,0.2155155999999999,0.1990528864442814,5,3,neutral,-0.0011404,0.0,0.02007612739236,0.0,0.0,0.0,0.0,0.0,0.0,0.0,0.0,0.0,0.0,0.0,0.0,0.0,0.0,0.0,0.0,0.0,0.0,0.0,0.0,0.0,-2.558589743589801e-05,-1.4214387464387782e-05,0.0,0.0,-0.01122650889438,0.0,0.0,0.796627,0.0,0.0,0.158519,0.0,0.5,0.6336096666666666,0.0,0.0,0.0,0.0,0.5,0.0,0.8,0.0,-0.105284,0.0,0.0,0.059318,0.0,-0.105284,0.159769,0.0,0.0,0.0,0.0,0.059318,0.0,0.1004405999999999,0.0,-0.083872077068,0.0,0.0,0.009403030042,0.0,-0.052642,0.274753203677,0.0,0.0,0.0,0.0,0.029659,0.0,0.525186,0.0502202999999999,0.2511015,0.5,3
2024-12-11,0.2249235999999999,0.0793492045410664,5,0.124863,0.304238,0.2913446,1.4567230000000002,0.3109936,0.0872643491570297,5,3,bullish,0.1244829999999999,0.0,0.06553027627256,0.1423150666666666,0.0715433607167942,2.3333333333333335,0.1919324,0.0616713,0.0,0.0,0.0,0.0,0.0,0.0,0.0,0.0,0.0,0.0,0.0,0.0,0.0,0.0,0.0,0.0,0.003827608869544,0.0015603033408177,0.0,0.0,1.2393693386937152,1.2505958475880954,0.0,0.988456,0.0,0.0,0.0,0.0,0.0,0.431133,0.0,0.0,0.0,0.0,0.0,0.0,1.0,0.0,0.20484,0.0,0.0,0.0,0.0,0.0,0.20484,0.0,0.0,0.0,0.0,0.0,0.0,0.2249235999999999,0.0,0.403872122332,0.0,0.0,0.0,0.0,0.0,0.165936834988,0.0,0.0,0.0,0.0,0.0,0.0,1.124618,0.1124617999999999,0.562309,0.5,3
2024-12-12,0.1774615,0.122584738693281,2,0.090781,0.264142,0.154294,0.308588,0.3534549999999999,0.0670945340396667,2,2,bullish,-0.0474620999999999,0.0,0.027381244681,0.1676085666666666,0.062823678208963,2.6666666666666665,0.2151730666666667,0.03851045,0.0,0.0,0.0,0.0,0.0,0.0,0.0,0.0,0.0,0.0,0.0,0.0,0.0,0.0,0.0,0.0,0.003772711367499,0.0023097640544631,0.0,0.0,-0.2110143177505605,-1.4503836564442758,0.0,0.209511,0.0,0.0,0.0,0.0,0.0,0.316726,0.0,0.0,0.5,0.0,0.0,0.0,0.75,0.0,0.1774615,0.0,0.0,0.0,0.0,0.0,0.090781,0.0,0.0,0.264142,0.0,0.0,0.0,0.1774615,0.0,0.091927289505,0.0,0.0,0.0,0.0,0.0,0.028752703006,0.0,0.0,0.132071,0.0,0.0,0.0,0.222852,0.08873075,0.1774615,0.5,2
2024-12-13,0.064144,0.122584738693281,1,0.064144,0.064144,0.421485,0.421485,0.055858,0.0670945340396667,1,1,neutral,-0.1133174999999999,0.0,0.02703573384,0.1555097,0.0826070885969842,2.0,0.2890412,-0.0803897999999999,0.0,0.0,0.0,0.0,0.0,0.0,0.0,0.0,0.0,0.0,0.0,0.0,0.0,0.0,0.0,0.0,-0.0008457083013922,0.0013710823684043,0.0,0.0,-0.6385469524375709,-0.4275326346870103,0.0,0.999355,0.0,0.0,0.0,0.0,0.0,0.796627,0.0,0.0,0.0,0.0,0.0,0.5,0.5,0.0,0.064144,0.0,0.0,0.0,0.0,0.0,0.064144,0.0,0.0,0.0,0.0,0.0,0.064144,0.064144,0.0,0.06410262712,0.0,0.0,0.0,0.0,0.0,0.051098842288,0.0,0.0,0.0,0.0,0.0,0.032072,0.032072,0.0449008,0.0449008,0.7,1
2024-12-14,-0.2757604999999999,0.3927278133777896,2,-0.553461,0.00194,0.392252,0.7845040000000001,-0.127488,0.4183936682145178,2,1,bearish,-0.3399044999999999,0.0,-0.108167607646,-0.0113849999999999,0.2358622854585912,1.3333333333333333,0.322677,-0.226611,0.0,0.0,0.0,0.0,0.0,0.0,0.0,0.0,0.0,0.0,0.0,0.0,0.0,0.0,0.0,0.0,-0.0181406237902049,-0.0039176748304554,0.0,0.0,-5.299084871539036,-4.660537919101465,0.0,0.891286,0.0,0.0,0.0,0.0,0.0,0.459462,0.0,0.0,0.0,0.0,0.0,0.5,0.75,0.0,0.00194,0.0,0.0,0.0,0.0,0.0,0.00194,0.0,0.0,0.0,0.0,0.0,0.00194,-0.2757604999999999,0.0,0.00172909484,0.0,0.0,0.0,0.0,0.0,0.00089135628,0.0,0.0,0.0,0.0,0.0,0.00097,-0.552491,-0.1930323499999999,-0.3860646999999999,0.7,1
2024-12-15,0.031982,0.3927278133777896,1,0.031982,0.031982,0.089295,0.089295,0.021379,0.4183936682145178,1,1,neutral,0.3077425,0.1622217928822332,0.00285583269,-0.0598781666666666,0.1876498999335819,1.0,0.3010106666666666,-0.016081,0.0606817428571428,0.1622217928822332,1.7142857142857142,0.2333033142857143,-0.0400706714285714,0.0,0.0,0.0,0.0,0.0,0.0,0.0,0.0,0.0,0.0,0.0,-0.0149783018121453,-0.0067168244488436,0.0,0.0,-1.115977451447905,4.183107420091131,0.0,0.0,0.0,0.0,0.0,0.0,0.0,0.0,0.310843,0.0,0.333333,0.0,0.333333,0.0,0.333333,0.0,0.0,0.0,0.0,0.0,0.0,0.0,0.0,0.031982,0.0,0.031982,0.0,0.031982,0.0,0.031982,0.0,0.0,0.0,0.0,0.0,0.0,0.0,0.0,0.0099413808259999,0.0,0.0106606560059999,0.0,0.0106606560059999,0.0,0.0106606560059999,0.0223873999999999,0.0223873999999999,0.7,1
2024-12-16,0.1501673333333333,0.1184116250092588,3,0.024992,0.260396,0.0696956666666666,0.209087,0.3434266666666667,0.1069262546680343,3,2,bullish,0.1181853333333333,0.1652740900601156,0.0104660124082222,-0.0312037222222222,0.2198816873265366,1.3333333333333333,0.1837475555555555,0.2129639166666666,0.0676226476190476,0.1652740900601156,1.8571428571428572,0.2311781238095238,-0.0246401785714285,0.0,0.0,0.0,0.0,0.0,0.0,0.0,0.0,0.0,0.0,0.0,-0.0069961648269952,-0.0067839551947104,0.0,0.0,3.69537031246743,4.811347763915335,0.0,0.4033544999999999,0.0,0.0,0.158519,0.0,0.333333,0.518786,0.0,0.333333,0.333333,0.0,0.333333,0.0,0.5555553333333333,0.0,0.142694,0.0,0.0,0.260396,0.0,0.260396,0.142694,0.0,0.260396,0.024992,0.0,0.024992,0.0,0.1501673333333333,0.0,0.1368901111919999,0.0,0.0,0.041277713524,0.0,0.086798579868,0.244713829196,0.0,0.086798579868,0.008330658336,0.0,0.008330658336,0.0,0.260243238204,0.0750836666666666,0.225251,0.5,2
2024-12-17,0.2123189,0.10270877918816,10,0.051611,0.398801,0.3001983,3.001983,0.2900098,0.1109812821943912,10,3,bullish,0.0621515666666666,0.1741479394126191,0.06373777283787,0.1314894111111111,0.0916078487865915,2.0,0.1530629888888889,0.09016845,0.0836052619047619,0.1741479394126191,1.8571428571428572,0.2455092238095238,-0.0044487297619047,0.0,0.0,0.0,0.0,0.0,0.0,0.0,0.0,0.0,0.0,0.0,0.0017213300302356,-0.0048191921128102,0.0,0.0,0.413882069335985,-3.281488243131445,0.0,0.80058425,0.0,0.0,0.158519,0.0,0.333333,0.452354,0.0,0.333333,0.4666666,0.133349,0.0,0.0,0.6666666,0.0,0.19057625,0.0,0.0,0.1754055,0.0,0.1872915,0.2071681428571428,0.0,0.126849,0.2377202,0.2100085,0.0,0.0,0.2123189,0.0,0.6348006590999999,0.0,0.0,0.0556102089089999,0.0,0.124860875139,0.59410935304,0.0,0.042282957717,0.553011417422,0.054109745263,0.0,0.0,1.403033375139,0.10615945,1.0615945,0.5,3
2024-12-18,0.2475161666666666,0.17053698076302,6,-0.009001,0.480508,0.3911638333333333,2.346983,0.2033563333333333,0.1161204278715276,6,3,bullish,0.0351972666666666,0.177382836027874,0.0968193725653055,0.2033341333333333,0.0492924270236422,2.6666666666666665,0.2536859333333333,0.0486744166666666,0.0868327714285714,0.177382836027874,1.8571428571428572,0.2597691142857143,0.0333014869047618,0.0,0.0,0.0,0.0,0.0,0.0,0.0,0.0,0.0,0.0,0.0,0.0096932317132039,-0.0015675667307361,0.0,0.0,0.1657754757897986,-0.2481065935461863,0.0,0.5777085,0.0,0.0,0.158519,0.0,0.0,0.6336096666666666,0.0,0.0,0.5,0.0,0.5,0.0,0.8333333333333334,0.0,0.1260965,0.0,0.0,0.261194,0.0,0.0,0.2442336666666666,0.0,0.0,0.480508,0.0,-0.009001,0.0,0.2475161666666666,0.0,0.2044596959729999,0.0,0.0,0.0414042116859999,0.0,0.0,0.304965666767,0.0,0.0,0.240254,0.0,-0.0045005,0.0,1.2493435,0.1237580833333333,0.7425485000000001,0.5,3
2024-12-19,0.2829155,0.2360537734193207,6,0.071585,0.567484,0.2577296666666667,1.546378,0.2675725,0.1735144704567893,6,4,bullish,0.0353993333333333,0.190365544702882,0.0729157175098333,0.2475835222222222,0.0352983481974459,3.3333333333333335,0.3163639333333333,0.0352983,0.1018976285714285,0.190365544702882,2.142857142857143,0.2745456380952381,0.0672573119047618,0.0,0.0,0.0,0.0,0.0,0.0,0.0,0.0,0.0,0.0,0.0,0.0172038344757859,0.0025395085946643,0.0,0.0,0.1430182674936384,-0.0227572082961602,0.0,0.699557,0.0,0.0,0.0,0.0,0.0,0.618906,0.0,0.2,0.2,0.576289,0.2,0.35,0.7833333333333333,0.0,0.222687,0.0,0.0,0.0,0.0,0.0,0.222687,0.0,0.09127,0.09127,0.09127,0.09127,0.222687,0.2829155,0.0,0.37676388986,0.0,0.0,0.0,0.0,0.0,0.2563615616,0.0,0.018254,0.018254,0.05259789703,0.018254,0.1953059999999999,1.447425,0.1445000833333333,0.8670005,0.5333333333333333,4
2024-12-21,0.139595,0.2360537734193207,1,0.139595,0.139595,0.414559,0.414559,0.194027,0.1735144704567893,1,1,neutral,-0.1433205,0.1900073394331969,0.057870363605,0.2233422222222222,0.0746557172798226,2.6666666666666665,0.3544841666666666,-0.0539605833333333,0.1126763428571428,0.1900073394331969,2.142857142857143,0.2735562095238095,0.0659029404761905,0.0,0.0,0.0,0.0,0.0,0.0,0.0,0.0,0.0,0.0,0.0,0.0146034445731434,0.005130336100902,0.0,0.0,-0.5065841214072753,-0.6496023889009137,0.0,0.650727,0.0,0.0,0.0,0.333333,0.0,0.316726,0.0,0.0,0.0,0.0,0.0,0.333333,0.333333,0.0,0.139595,0.0,0.0,0.0,0.139595,0.0,0.139595,0.0,0.0,0.0,0.0,0.0,0.139595,0.139595,0.0,0.090838235565,0.0,0.0,0.0,0.046531620135,0.0,0.04421336597,0.0,0.0,0.0,0.0,0.0,0.046531620135,0.046531620135,0.0977165,0.0977165,0.7,1
2024-12-23,0.4020495,0.0794780950985867,2,0.34585,0.458249,0.4701285,0.940257,0.3112,0.1604142443799802,2,1,bullish,0.2624545,0.118207469530548,0.18901492836075,0.2748533333333333,0.1314128610185598,2.0,0.3808057222222222,0.059567,0.2095063428571428,0.118207469530548,2.142857142857143,0.2846814238095238,0.0414162297619047,0.0,0.0,0.0,0.0,0.0,0.0,0.0,0.0,0.0,0.0,0.0,0.027306778680912,0.00982364182788,0.0,0.0,1.8801139009276835,2.3866980223349588,0.0,0.6663455,0.0,0.0,0.0,0.0,0.0,0.2637865,0.0,0.0,0.333333,0.0,0.333333,0.0,0.6666665,0.0,0.4020495,0.0,0.0,0.0,0.0,0.0,0.4020495,0.0,0.0,0.458249,0.0,0.458249,0.0,0.4020495,0.0,0.501398988135,0.0,0.0,0.0,0.0,0.0,0.200630083203,0.0,0.0,0.152749513917,0.0,0.152749513917,0.0,0.4985995139169999,0.20102475,0.4020495,0.5,1
2024-12-24,0.3589126666666666,0.0696873051375451,3,0.318116,0.439378,0.4357436666666667,1.307231,0.2687383333333333,0.0378496016535621,3,3,bullish,-0.0431368333333333,0.0994788905608392,0.1563939213864444,0.3001857222222222,0.1407381669818039,1.6666666666666667,0.4401437222222222,0.1096588333333333,0.2562107238095238,0.0994788905608392,2.4285714285714284,0.3341740904761905,0.0320634297619047,0.1584462333333333,0.1643360293123204,2.0714285714285716,0.2837387023809524,0.0200714605128205,0.0,0.0,0.0,0.0,0.0,57.87479042925231,0.0339606897521636,0.0148731302626717,0.0,0.0,-0.1072923441848163,-1.9874062451125,0.0,0.9556345,0.0,0.0,0.0,0.0,0.0,0.341326,0.0,0.0,0.4166665,0.0,0.333333,0.0,0.6111110000000001,0.0,0.378747,0.0,0.0,0.0,0.0,0.0,0.31868,0.0,0.0,0.378747,0.0,0.439378,0.0,0.3589126666666666,0.0,0.725929633916,0.0,0.0,0.0,0.0,0.0,0.21757528816,0.0,0.0,0.305517186874,0.0,0.146459186874,0.0,0.6247611868740001,0.2006640666666666,0.6019922,0.5666666666666667,3
2024-12-25,0.183492,0.09477776452312,2,0.116474,0.25051,0.440807,0.881614,0.2440225,0.0501204357572836,2,2,bullish,-0.1754206666666666,0.0942164728186415,0.080884558044,0.3148180555555555,0.1157587847566766,2.0,0.4488930555555555,-0.1092787499999999,0.2609713904761904,0.0942164728186415,2.4285714285714284,0.3871899952380953,0.0091230821428571,0.164297019047619,0.1636122735778428,2.142857142857143,0.3091840595238095,0.0189123758241758,0.0,0.0,0.0,0.0,0.0,52.26359021862406,0.0281356864680117,0.0176223718424445,0.0,0.0,-0.4887558533273647,-0.3814635091425483,0.0,0.9954465,0.0,0.0,0.0,0.0,0.0,0.7882495,0.0,0.0,0.0,0.0,0.0,0.0,1.0,0.0,0.183492,0.0,0.0,0.0,0.0,0.0,0.183492,0.0,0.0,0.0,0.0,0.0,0.0,0.183492,0.0,0.36470260543,0.0,0.0,0.0,0.0,0.0,0.3164506864899999,0.0,0.0,0.0,0.0,0.0,0.0,0.366984,0.1167969999999999,0.2335939999999999,0.6,2
2024-12-26,0.111218,0.1053127918757577,4,0.0,0.225503,0.1796559999999999,0.7186239999999999,0.25851425,0.0801905038283835,4,2,neutral,-0.0722739999999999,0.1094374073595587,0.019980981008,0.2178742222222222,0.1273764690886094,2.3333333333333335,0.3520688888888889,-0.1238473333333332,0.2465284047619047,0.1094374073595587,2.2857142857142856,0.3699696666666666,-0.0138722797619047,0.1650668333333333,0.1633137924040312,2.0714285714285716,0.3077394452380952,0.0152906757509157,0.0,0.0,0.0,0.0,0.0,50.28656444714074,0.0189786807490743,0.0179014901043988,0.0,0.0,-0.3938809321387307,0.0948749211886339,0.0,0.818451,0.0,0.0,0.0,0.0,0.5,0.2278363333333333,0.0,0.0,0.5,0.158519,0.0,0.0,0.75,0.0,0.047086,0.0,0.0,0.0,0.0,0.0,0.073123,0.0,0.0,0.047086,0.172283,0.0,0.0,0.111218,0.0,0.038537583786,0.0,0.0,0.0,0.0,0.0,0.069670231487,0.0,0.0,0.023543,0.0273101288769999,0.0,0.0,0.421329,0.055609,0.222436,0.5,2
2024-12-27,0.160985,0.103712488213008,4,0.092815,0.312387,0.2346155,0.938462,0.231234,0.0468577501451645,4,3,bullish,0.049767,0.1140952175044723,0.0377695762675,0.1518983333333333,0.0369838938233028,2.3333333333333335,0.2850261666666666,-0.0112534999999999,0.2341668095238095,0.1140952175044723,2.2857142857142856,0.347605619047619,-0.0228965357142857,0.1604997904761904,0.1624026218960336,2.0714285714285716,0.3036873666666667,0.0171473519413919,0.0,0.0,0.0,0.0,0.0,48.22956719640151,0.0148394719843807,0.0172749786977065,0.0,0.0,0.4474725314247694,0.8413534635635002,0.0,0.6582526666666667,0.0,0.158519,0.310843,0.0,0.0,0.481761,0.0,0.25,0.25,0.0,0.4166666666666667,0.0,0.5625,0.0,0.1837083333333333,0.0,0.144222,0.119369,0.0,0.0,0.160985,0.0,0.094516,0.094516,0.0,0.1105176666666666,0.0,0.160985,0.0,0.295676235229,0.0,0.0228619272179999,0.074210036134,0.0,0.0,0.256352463087,0.0,0.023629,0.023629,0.0,0.1421474999999999,0.0,0.4545345,0.08513325,0.340533,0.55,3
2024-12-28,0.148239,0.0900316638077959,2,0.084577,0.211901,0.106045,0.21209,0.35765,0.0642562074199839,2,1,neutral,-0.012746,0.1158464192001805,0.015720004755,0.1401473333333333,0.0258513998524904,2.0,0.1734388333333333,0.0185105,0.2149273095238095,0.1158464192001805,1.8571428571428572,0.3259363809523809,-0.0251389880952381,0.158412469047619,0.1623556356193837,2.0,0.3002410095238095,0.0173562208791208,0.0,0.0,0.0,0.0,0.0,49.17497991973541,0.0106837010997315,0.0159325399515639,0.0,0.0,-0.0791750784234556,-0.526647609848225,0.0,0.947132,0.0,0.0,0.0,0.25,0.25,0.9943985,0.0,0.0,0.5,0.0,0.25,0.0,0.375,0.0,0.211901,0.0,0.0,0.0,0.211901,0.211901,0.148239,0.0,0.0,0.084577,0.0,0.211901,0.0,0.148239,0.0,0.200698217932,0.0,0.0,0.0,0.05297525,0.05297525,0.294135140153,0.0,0.0,0.0422885,0.0,0.05297525,0.0,0.09526375,0.1037672999999999,0.2075345999999999,0.7,1
2024-12-29,0.100854,0.0634656620386173,2,0.055977,0.145731,0.332497,0.6649940000000001,0.2795094999999999,0.041028456764787,2,1,neutral,-0.047385,0.120861981090872,0.033533652438,0.1366926666666666,0.0316847384450833,1.6666666666666667,0.2243858333333333,-0.0300655,0.2093928809523809,0.120861981090872,1.8571428571428572,0.3142132380952381,-0.0481228869047619,0.1610346119047619,0.161006869338428,2.0,0.2938847238095238,0.0126039414652014,0.0,0.0,0.0,0.0,0.0,51.07648592298917,0.0043203122222415,0.0135761350318812,0.0,0.0,-0.3196527229676401,-0.2404776445441845,0.0,0.997845,0.0,0.0,0.0,0.0,0.333333,0.999961,0.0,0.0,0.333333,0.0,0.0,0.0,0.6666665,0.0,0.055977,0.0,0.0,0.0,0.0,0.055977,0.100854,0.0,0.0,0.055977,0.0,0.0,0.0,0.100854,0.0,0.055856369565,0.0,0.0,0.0,0.0,0.018658981341,0.201696632982,0.0,0.0,0.018658981341,0.0,0.0,0.0,0.164389981341,0.0705977999999999,0.1411955999999999,0.7,1
2024-12-30,0.0651246666666666,0.2502421230575167,3,-0.187329,0.313095,0.3235876666666666,0.970763,0.0874426666666666,0.1331331055235073,3,2,neutral,-0.0357293333333333,0.0958519252471331,0.0210735389291111,0.1047392222222222,0.0416931566944524,1.3333333333333333,0.2540432222222222,-0.0415571666666666,0.1612607619047619,0.0958519252471331,2.0,0.2932788333333333,-0.0360578214285714,0.1853835523809524,0.1063775246806606,2.0714285714285716,0.2889801285714286,-0.0045361815384615,0.0,0.0,0.0,0.0,0.0,62.16656342027247,-0.0029653799135741,0.0102292450282021,0.426400381892278,-0.1275843885589447,-0.3542678855903912,-0.0346151626227511,0.0,0.961735,0.0,0.0,0.0,0.333333,0.333333,0.6389566666666667,0.0,0.0,0.0,0.0,0.0,0.0,0.7777776666666667,0.0,0.313095,0.0,0.0,0.0,0.069608,0.069608,0.0651246666666666,0.0,0.0,0.0,0.0,0.0,0.0,0.0651246666666666,0.0,0.301114419825,0.0,0.0,0.0,0.023202643464,0.023202643464,0.031036004402,0.0,0.0,0.0,0.0,0.0,0.0,0.148968643464,0.0325623333333333,0.097687,0.5,2
2024-12-31,0.1441285,0.119230224123332,2,0.05982,0.228437,0.096813,0.193626,0.348435,0.0118864649917458,2,2,neutral,0.0790038333333333,0.0403370562331897,0.0139535124705,0.1033690555555555,0.0395619204371569,1.6666666666666667,0.2509658888888889,0.02163725,0.1305773095238095,0.0403370562331897,1.8571428571428572,0.2448601666666666,-0.0096574345238095,0.1933940166666666,0.0978153316535613,2.142857142857143,0.2895171285714286,-0.0107720913553113,0.0,0.0,0.0,0.0,0.0,54.78370835203675,-0.0033321260211873,0.0074917216214845,0.4276332372234144,-0.124562493890081,1.2131168937524943,1.567384779342886,0.0,0.451494,0.0,0.0,0.0,0.333333,0.0,0.999966,0.0,0.0,0.333333,0.0,0.0,0.0,0.6666665,0.0,0.05982,0.0,0.0,0.0,0.228437,0.0,0.228437,0.0,0.0,0.228437,0.0,0.0,0.0,0.1441285,0.0,0.02700837108,0.0,0.0,0.0,0.0761455905209999,0.0,0.228429233142,0.0,0.0,0.0761455905209999,0.0,0.0,0.0,0.135965590521,0.0949079499999999,0.1898158999999999,0.6,2
2025-01-01,0.268314,0.119230224123332,1,0.268314,0.268314,0.269776,0.269776,0.278326,0.0118864649917458,1,1,bullish,0.1241855,0.0644283523797484,0.072384677664,0.1591890555555555,0.1024284703846669,1.6666666666666667,0.2300588888888889,0.1015946666666667,0.1426947380952381,0.0644283523797484,1.7142857142857142,0.2204271666666666,0.0126593095238095,0.2018330642857143,0.0988897291038727,2.0714285714285716,0.3038085809523809,-0.0100565758974359,0.0,0.0,0.0,0.0,0.0,55.01398494955742,0.0047535402251095,0.0069400144618989,0.4396695783698126,-0.1198114950364793,0.861630420076529,-0.3514864736759655,0.0,0.95493,0.0,0.0,0.158519,0.0,0.0,0.94762,0.0,0.0,0.0,0.0,0.0,0.0,1.0,0.0,0.268314,0.0,0.0,0.268314,0.0,0.0,0.268314,0.0,0.0,0.0,0.0,0.0,0.0,0.268314,0.0,0.25622108802,0.0,0.0,0.042532866966,0.0,0.0,0.25425971268,0.0,0.0,0.0,0.0,0.0,0.0,0.268314,0.1878197999999999,0.1878197999999999,0.7,1
2025-01-02,0.2644031666666667,0.1160162025139879,6,0.037387,0.352508,0.6263420000000001,3.758052,0.2201211666666666,0.029506572741792,6,3,bullish,-0.0039108333333333,0.0767854043233597,0.1656068082163333,0.2256152222222222,0.0705966576987287,2.0,0.330977,0.0601373333333334,0.1645783333333333,0.0767854043233597,1.8571428571428572,0.2842394523809524,0.0212028214285714,0.205553369047619,0.1002844479104393,2.0714285714285716,0.3271045595238095,-0.0079231717948717,0.0,0.0,0.0,0.0,0.0,52.32533456388578,0.0107023087073862,0.0076969414191122,0.4441208402357518,-0.1203148002357518,-0.0145755843278148,-0.8762060044043438,0.0,0.28218675,0.0,0.0,0.0,0.0,0.0,0.632754,0.0,0.0,0.5,0.0,0.0,0.0,0.9166666666666666,0.0,0.2340972499999999,0.0,0.0,0.0,0.0,0.0,0.1758515,0.0,0.0,0.037387,0.0,0.0,0.0,0.2644031666666667,0.0,0.222785184152,0.0,0.0,0.0,0.0,0.0,0.121016262443,0.0,0.0,0.0186935,0.0,0.0,0.0,1.5677255,0.1334478166666666,0.8006869,0.5333333333333333,3
2025-01-03,0.4067546666666666,0.1202112018551793,6,0.237055,0.504106,0.4245558333333333,2.547335,0.3305071666666666,0.0749463019405671,6,4,bullish,0.1423514999999999,0.119292003777562,0.1726900664688888,0.3131572777777778,0.0810812990735452,2.6666666666666665,0.440224611111111,0.0692203333333333,0.1996882857142857,0.119292003777562,2.0,0.3113737857142857,0.0466369523809523,0.2169275476190476,0.1135614015717576,2.142857142857143,0.3294897023809523,-0.0007911743589743,0.0,0.0,0.0,0.0,0.0,56.48848782391981,0.0249824888222127,0.0111704540995925,0.4761284004399282,-0.1293930437732615,0.5383880298962631,0.5529636142240779,0.0,0.310843,0.0,0.0,0.0,0.333333,0.5,0.423241,0.0,0.2916665,0.25,0.0,0.25,0.0,0.5138888333333334,0.0,0.44951,0.0,0.0,0.0,0.270883,0.4943600000000001,0.3191493333333333,0.0,0.3601965,0.44951,0.0,0.44951,0.0,0.4067546666666666,0.0,0.13972703693,0.0,0.0,0.0,0.090294243039,0.7415400000000001,0.3691614148659999,0.0,0.2026717430389999,0.1123775,0.0,0.1123775,0.0,1.181266743039,0.2124067666666667,1.2744406,0.5333333333333333,4
2025-01-04,0.297715,0.1202112018551793,1,0.297715,0.297715,0.256719,0.256719,0.339903,0.0749463019405671,1,1,bullish,-0.1090396666666666,0.1218973836936671,0.076429097085,0.3229576111111111,0.0744572323541681,2.6666666666666665,0.4358722777777777,0.0166559166666666,0.221042,0.1218973836936671,2.0,0.3328986428571429,0.0497899166666666,0.2179846547619047,0.1142894614550329,1.9285714285714288,0.3294175119047619,0.0036924655677655,0.0,0.0,0.0,0.0,0.0,50.56889419760849,0.0282146531510339,0.0145922209796621,0.4880865884852852,-0.1179941318186185,-0.2680723187769204,-0.8064603486731835,0.0,0.161647,0.0,0.0,0.0,0.0,0.0,0.990999,0.0,0.0,0.5,0.0,0.0,0.0,0.5,0.0,0.297715,0.0,0.0,0.0,0.0,0.0,0.297715,0.0,0.0,0.297715,0.0,0.0,0.0,0.297715,0.0,0.048124736605,0.0,0.0,0.0,0.0,0.0,0.295035267285,0.0,0.0,0.1488575,0.0,0.0,0.0,0.1488575,0.2084005,0.2084005,0.7,1
2025-01-06,0.1365768333333333,0.1000780617886191,6,0.043214,0.324595,0.2442379999999999,1.465428,0.22136,0.0952207729143173,6,3,neutral,-0.1611381666666666,0.1166624325205807,0.0333572526196666,0.2803488333333333,0.1359235197259636,2.6666666666666665,0.3085042777777777,-0.1350889166666666,0.2261452619047619,0.1166624325205807,2.2857142857142856,0.3202902142857143,0.023570363095238,0.2177690714285714,0.1144514333497246,2.0714285714285716,0.3172517261904762,-0.0012177465201465,0.0,0.0,0.0,0.0,0.0,49.885549161151005,0.0190855151065268,0.0154936040682579,0.4197532245624127,-0.0084270345624126,-0.5412497410834747,-0.2731774223065543,0.0,0.6603709999999999,0.0,0.0,0.0,0.0,0.5,0.3790244,0.158519,0.0,0.0,0.0,0.5,0.0,0.75,0.0,0.1771796666666666,0.0,0.0,0.0,0.0,0.16373,0.1426558,0.071669,0.0,0.0,0.0,0.09087,0.0,0.1365768333333333,0.0,0.371220842278,0.0,0.0,0.0,0.0,0.081865,0.227687954898,0.022721796422,0.0,0.0,0.0,0.09087,0.0,0.646726,0.0779070833333333,0.4674425,0.6,3
2025-01-07,0.125376125,0.1801424709551839,8,-0.230056,0.361327,0.20573375,1.6458700000000002,0.27129525,0.085027067884712,8,4,neutral,-0.0112007083333333,0.1043782547355219,0.0257941003567187,0.1865559861111111,0.0964292940104549,2.6666666666666665,0.2355635833333333,-0.0861694374999999,0.2347526130952381,0.1043782547355219,2.5714285714285716,0.3034539404761904,-0.0102292723214285,0.1980066875,0.1035516045565999,2.2857142857142856,0.2983663869047618,0.0022176339743589,0.0,0.0,0.0,0.0,0.0,37.03849827934381,0.010955681720134,0.0145838198754312,0.4121972808805297,0.0084683216194702,-0.0820103092154477,0.4592394318680269,0.0,0.505471,0.0,0.0,0.0,0.333333,0.25,0.4454996,0.158519,0.2916665,0.2916665,0.158519,0.5,0.0,0.67708325,0.0,0.2396145,0.0,0.0,0.0,0.17931,-0.230056,0.0952594,0.303779,0.0368615,-0.0876075,0.172283,0.17545,0.0,0.125376125,0.0,0.260876919083,0.0,0.0,0.0,0.11953988046,-0.057514,0.408233995955,0.048154743301,0.0437455654069999,-0.039233684947,0.0273101288769999,0.087725,0.0,0.84874588046,0.0702825375,0.5622603,0.525,4
2025-01-08,0.2234103333333333,0.1883660238002951,3,0.032305,0.408912,0.2353539999999999,0.706062,0.306919,0.0627214871555195,3,3,bullish,0.0980342083333333,0.0969423313530861,0.0525805155913333,0.1617877638888889,0.0536597592753978,3.3333333333333335,0.2284419166666666,0.04341675,0.2460785892857143,0.0969423313530861,2.7142857142857144,0.3232455119047618,-0.0243908184523809,0.1883279494047618,0.093167042693639,2.2857142857142856,0.2840528392857143,0.0082480451465201,0.0,0.0,0.0,0.0,0.0,43.96257469699962,0.0114988151153883,0.0139656231570635,0.4139117418940372,0.0140781606059628,0.7819208667785302,0.863931175993978,0.0,0.818451,0.0,0.0,0.0,0.0,0.0,0.0,0.0,0.0,0.5,0.0,0.5,0.0,0.6666666666666666,0.0,0.229014,0.0,0.0,0.0,0.0,0.0,0.0,0.0,0.0,0.032305,0.0,0.229014,0.0,0.2234103333333333,0.0,0.187436737314,0.0,0.0,0.0,0.0,0.0,0.0,0.0,0.0,0.0161525,0.0,0.114507,0.0,0.5395715,0.1117051666666666,0.3351155,0.5,3
2025-01-09,0.2624894,0.1475245489411847,5,0.116885,0.473877,0.4995262,2.497631,0.2304154,0.0839942605497542,5,2,bullish,0.0390790666666666,0.0967444643560593,0.13112033252228,0.2037586194444445,0.0706374896169483,3.0,0.3135379833333333,0.0685566375,0.2452465035714285,0.0967444643560593,2.857142857142857,0.3560669690476191,-0.0194560300595238,0.1939706208333333,0.0952212201428667,2.2857142857142856,0.2882470678571428,0.0102075168315018,0.0,0.0,0.0,0.0,0.0,54.00658393007054,0.0146059375636072,0.0140938845132076,0.4175873726294739,0.0154195798705261,0.1749205870811705,-0.6070002796973597,0.0,0.9999445,0.0,0.0,0.0,0.0,0.0,0.7374665,0.0,0.0,0.0,0.0,0.0,0.5,0.9,0.0,0.295381,0.0,0.0,0.0,0.0,0.0,0.2270095,0.0,0.0,0.0,0.0,0.0,0.138718,0.2624894,0.0,0.5907097566449999,0.0,0.0,0.0,0.0,0.0,0.377095422562,0.0,0.0,0.0,0.0,0.0,0.069359,1.243088,0.1312447,0.6562235000000001,0.5,2
2025-01-10,0.10683625,0.0430864901515931,4,0.06869,0.148635,0.30390275,1.215611,0.1672575,0.0638046706257987,4,3,neutral,-0.15565315,0.1090875848147687,0.0324678301746875,0.1975786611111111,0.0809779738174392,2.6666666666666665,0.3462609833333332,-0.0582870416666666,0.222736944047619,0.1090875848147687,2.857142857142857,0.310004219047619,-0.0315490339285714,0.1936576386904762,0.0955208720114182,2.357142857142857,0.2971218357142857,0.004989855,0.1741388069444444,0.1289914820973095,2.2,0.2917503511111111,0.0042754125380051,49.795096717965464,0.0055569356357461,0.0123843784717391,0.4157603099542978,0.0031786508790355,-0.5929883263857513,-0.7679089134669218,0.0,0.0,0.0,0.0,0.158519,0.25,0.25,0.981053,0.0,0.0,0.25,0.0,0.0,0.0,0.8125,0.0,0.0,0.0,0.0,0.06869,0.06869,0.06869,0.069673,0.0,0.0,0.06869,0.0,0.0,0.0,0.10683625,0.0,0.0,0.0,0.0,0.01088867011,0.0171725,0.0171725,0.136668561536,0.0,0.0,0.0171725,0.0,0.0,0.0,0.3758275,0.053418125,0.2136725,0.5,3
2025-01-11,0.098345,0.1096608648287984,3,0.0,0.216595,0.1547603333333333,0.464281,0.1535013333333333,0.3240197261484759,3,2,neutral,-0.0084912499999999,0.0810589968566524,0.0152199049816666,0.1558902166666667,0.0924151759568787,2.3333333333333335,0.3193964277777778,-0.0820722,0.1786784202380952,0.0810589968566524,2.5714285714285716,0.2714620047619048,-0.0185884961309524,0.1891833529761904,0.0985868650112418,2.2857142857142856,0.2914178952380952,0.0011895167948717,0.1740309402777777,0.1290555865164666,2.2333333333333334,0.2940899622222222,0.0032860215665554,46.95315391454625,-0.0021960120847439,0.0094654095536448,0.4091940219427044,-0.0087121111093711,-0.0794791093846891,0.5135092170010621,0.0,0.796627,0.0,0.0,0.158519,0.0,0.333333,0.67979,0.0,0.0,0.0,0.0,0.5,0.333333,0.6111110000000001,0.0,0.07844,0.0,0.0,0.07844,0.0,0.07844,0.1475175,0.0,0.0,0.0,0.0,0.216595,0.07844,0.098345,0.0,0.06248742188,0.0,0.0,0.01243423036,0.0,0.0261466405199999,0.156410958525,0.0,0.0,0.0,0.0,0.1082975,0.0261466405199999,0.13444414052,0.0688414999999999,0.2065244999999999,0.6333333333333333,2
2025-01-12,0.062882,0.1096608648287984,1,0.062882,0.062882,0.055751,0.055751,0.190118,0.3240197261484759,1,1,neutral,-0.035463,0.0716291288579585,0.0035057343819999,0.0893544166666666,0.0233155948834863,2.0,0.1714713611111111,-0.021977125,0.1451308488095238,0.0716291288579585,2.5714285714285716,0.2427522904761904,-0.0139900297619047,0.1830864244047619,0.1038145482529705,2.2857142857142856,0.2878254666666667,-0.0037689071245421,0.1727789869444444,0.1299730098043403,2.1666666666666665,0.2892856422222222,0.0020614120411568,45.93795441944852,-0.0108387735882164,0.0054013530479796,0.412731998203208,-0.0199213873698747,-0.3605978951649805,-0.2811187857802913,0.0,0.989041,0.0,0.0,0.0,0.0,0.0,0.459462,0.158519,0.0,0.0,0.0,0.5,0.0,0.5,0.0,0.062882,0.0,0.0,0.0,0.0,0.0,0.062882,0.062882,0.0,0.0,0.0,0.062882,0.0,0.062882,0.0,0.0621928761619999,0.0,0.0,0.0,0.0,0.0,0.0288918894839999,0.0099679917579999,0.0,0.0,0.0,0.031441,0.0,0.031441,0.0440173999999999,0.0440173999999999,0.7,1
2025-01-13,0.2205303333333333,0.0801611601795616,3,0.172615,0.313073,0.27152,0.81456,0.2474403333333333,0.0484348734315816,3,1,bullish,0.1576483333333333,0.0767999776285738,0.0598783961066666,0.1272524444444444,0.0827041686308855,1.3333333333333333,0.1606771111111111,0.0610926666666667,0.1571242059523809,0.0767999776285738,2.2857142857142856,0.246649719047619,-0.0071335157738095,0.1916347339285714,0.1014221300115159,2.2857142857142856,0.2834699666666667,-0.0054100402014652,0.1726325447222222,0.1299146937751288,2.1,0.2886248222222222,0.0027291032647385,55.15433673042727,-0.0057948187234255,0.0031606985101637,0.3814166320431551,-0.0067579378764884,2.5070502422526855,2.867648137417666,0.0,0.829882,0.0,0.0,0.158519,0.0,0.0,0.9031603333333332,0.0,0.5,0.333333,0.0,0.333333,0.5,0.4444443333333334,0.0,0.2205303333333333,0.0,0.0,0.313073,0.0,0.0,0.2205303333333333,0.0,0.172615,0.175903,0.0,0.175903,0.313073,0.2205303333333333,0.0,0.57153015434,0.0,0.0,0.049628018887,0.0,0.0,0.6092693559969999,0.0,0.0863075,0.058634274699,0.0,0.058634274699,0.1565365,0.301478274699,0.1543712333333333,0.4631136999999999,0.6999999999999998,1
2025-01-14,0.2338703999999999,0.2400864858978947,5,0.0,0.541268,0.2586864,1.293432,0.2794428,0.0730269841613358,5,2,bullish,0.0133400666666666,0.0801975524454563,0.06049909184256,0.1724275777777778,0.0951034413292608,1.3333333333333333,0.1953191333333333,0.0854942,0.1726233880952381,0.0801975524454563,2.0,0.2542143833333333,-0.0034461494047619,0.2036880005952381,0.0950582602634598,2.2857142857142856,0.2788341619047619,-0.0083739684432234,0.1745128413888888,0.1303943214261221,2.1,0.2921045688888889,0.0031574893418613,57.41062411299905,-0.0007910270439469,0.0023699524434511,0.3592996601221012,0.0028548073778988,0.0604908470641225,-2.446559395188563,0.0,0.5360775,0.0,0.0,0.0,0.0,0.5,0.1614013333333333,0.0,0.0,0.4444443333333334,0.0,0.0,0.333333,0.5666666,0.0,0.490452,0.0,0.0,0.0,0.0,0.0,0.1765446666666666,0.0,0.0,0.3597846666666666,0.0,0.0,0.541268,0.2338703999999999,0.0,0.529927339228,0.0,0.0,0.0,0.0,0.0,0.080801734134,0.0,0.0,0.4494654862439999,0.0,0.0,0.1804224862439999,0.539463486244,0.1169351999999999,0.584676,0.5,2
2025-01-15,0.195432,0.1659641741240159,4,0.060087,0.409622,0.25922575,1.036903,0.2392175,0.1126463873499723,4,1,bullish,-0.0384383999999999,0.0779091102355012,0.050661006774,0.2166109111111111,0.0195166352519342,1.3333333333333333,0.26314405,-0.0125491666666666,0.1686264833333333,0.0779091102355012,1.7142857142857142,0.2576246333333333,0.0062529083333332,0.2073525363095238,0.0935627189490311,2.2142857142857144,0.2904350726190476,-0.0105733541941391,0.1788891080555555,0.1287552438161491,2.1,0.2866959272222222,0.0025312872321097,52.33628059538941,0.0002543940813886,0.0019466690669022,0.3600106739453468,0.0033377935546532,-0.1643576955441987,-0.2248485426083213,0.0,0.6473006666666667,0.0,0.0,0.0,0.2916665,0.2916665,0.6565895,0.0,0.25,0.0,0.0,0.0,0.0,0.64583325,0.0,0.2405469999999999,0.0,0.0,0.0,0.0642755,0.0642755,0.195432,0.0,0.068464,0.0,0.0,0.0,0.0,0.195432,0.0,0.501971686365,0.0,0.0,0.0,0.037144979971,0.037144979971,0.340923447095,0.0,0.017116,0.0,0.0,0.0,0.0,0.690321979971,0.097716,0.390864,0.5,1
2025-01-16,0.0601793333333333,0.1179530039690949,3,-0.009,0.196374,0.2169229999999999,0.6507689999999999,0.2143796666666666,0.0724880370429034,3,2,neutral,-0.1352526666666666,0.0747467525451369,0.0130542815246666,0.1631605777777778,0.0912317388803635,1.6666666666666667,0.24494505,-0.0868455333333333,0.1397250452380952,0.0747467525451369,1.7142857142857142,0.2172527476190476,0.0080425589285714,0.1924857744047619,0.0994798526135919,2.2857142857142856,0.2866598583333333,-0.0127685842673992,0.1900871025,0.0990268796001126,2.1333333333333333,0.2808516272222222,-0.0013700968205413,40.61645766302512,-0.0091018253912172,-0.000263747145794,0.3630760364257775,-0.0048314355924442,-0.6920702170917079,-0.5277125215475091,0.0,0.661572,0.0,0.0,0.158519,0.0,0.0,0.2798873333333333,0.0,0.0,0.333333,0.0,0.4166665,0.0,0.6111110000000001,0.0,0.0601793333333333,0.0,0.0,-0.006836,0.0,0.0,0.0601793333333333,0.0,0.0,0.196374,0.0,0.0936869999999999,0.0,0.0601793333333333,0.0,0.187452066438,0.0,0.0,-0.001083635884,0.0,0.0,0.0160090258019999,0.0,0.0,0.065457934542,0.0,0.060957934542,0.0,0.054121934542,0.0296339333333333,0.0889017999999999,0.5666666666666667,2
2025-01-17,0.0719695,0.0435859387226354,4,0.02771,0.13209,0.1208605,0.483442,0.1833585,0.073263618522429,4,2,neutral,0.0117901666666666,0.0783772215188112,0.00869826975475,0.1091936111111111,0.0749169326395601,1.6666666666666667,0.1990030833333333,-0.06173125,0.1347440809523809,0.0783772215188112,1.5714285714285714,0.1911038547619047,-0.0039153630952381,0.1787405124999999,0.102040016255807,2.2142857142857144,0.2505540369047619,-0.0138410033516483,0.1914200191666667,0.0970752655373609,2.1666666666666665,0.2819038105555556,-0.0032225258861698,41.385524193078474,-0.0154266180366209,-0.0032971088296764,0.3646807848693454,-0.015337734036012,0.1959172030265099,0.8879874201182179,0.0,0.86220725,0.0,0.0,0.0,0.2,0.2,0.6028716666666667,0.0,0.2,0.2444443333333333,0.0,0.333333,0.0,0.43333325,0.0,0.0719695,0.0,0.0,0.0,0.045805,0.045805,0.0746593333333333,0.0,0.045805,0.0745666666666666,0.0,0.13209,0.0,0.0719695,0.0,0.27232687889,0.0,0.0,0.0,0.0183219999999999,0.0183219999999999,0.165631966158,0.0,0.0183219999999999,0.06235195597,0.0,0.04402995597,0.0,0.12652995597,0.03875575,0.155023,0.6,2
2025-01-18,0.416591,0.0435859387226354,1,0.416591,0.416591,0.677342,0.677342,0.239669,0.073263618522429,1,1,bullish,0.3446214999999999,0.1294231307146824,0.282174581122,0.1829132777777777,0.2024566877253786,1.6666666666666667,0.3383751666666666,0.1782058333333334,0.1802077952380952,0.1294231307146824,1.4285714285714286,0.2657583785714285,0.0210826523809523,0.1794431077380952,0.1037503041218885,2.0,0.2686101916666666,0.0004716749999999,0.2003008080555555,0.1050318083803312,2.1333333333333333,0.3021586883333333,-0.0020543111624026,50.37281705908981,0.0059373388122709,-0.0014498356376553,0.4060787088022333,-0.0299004579689,4.788438157830747,4.592520954804237,0.0,0.961735,0.0,0.0,0.0,0.0,0.0,0.503496,0.0,0.0,0.5,0.0,0.0,0.0,0.5,0.0,0.416591,0.0,0.0,0.0,0.0,0.0,0.416591,0.0,0.0,0.416591,0.0,0.0,0.0,0.416591,0.0,0.400650145385,0.0,0.0,0.0,0.0,0.0,0.209751902136,0.0,0.0,0.2082955,0.0,0.0,0.0,0.2082955,0.2916137,0.2916137,0.7,1
2025-01-19,0.14321,0.4422740784287499,2,-0.169525,0.455945,0.42088,0.84176,0.241253,0.1045075538322469,2,1,neutral,-0.273381,0.1205430607583043,0.0602742248,0.2105901666666666,0.1819232247696355,1.3333333333333333,0.4063608333333333,0.03562025,0.1916832238095238,0.1205430607583043,1.4285714285714286,0.3179196642857143,0.0003577749999999,0.1684070363095238,0.0982747726651672,2.0,0.2803359773809523,0.0033355167216117,0.1979971780555555,0.1055158865098424,2.066666666666667,0.3061814116666667,-0.0023397555635891,44.79266261260952,0.0017776593827618,-0.0008042293638302,0.4054335599266346,-0.0250197090933012,-0.6562335720166782,-5.444671729847425,0.0,0.841344,0.0,0.0,0.769861,0.0,0.0,0.7727580000000001,0.158519,0.0,0.0,0.0,0.333333,0.333333,0.6666665,0.0,0.14321,0.0,0.0,-0.169525,0.0,0.0,0.14321,-0.169525,0.0,0.0,0.0,-0.169525,-0.169525,0.14321,0.0,0.14174380563,0.0,0.0,-0.130510686025,0.0,0.0,0.0792153039,-0.026872933475,0.0,0.0,0.0,-0.056508276825,-0.056508276825,0.399436723175,0.100247,0.200494,0.7,1
2025-01-20,0.15258075,0.1221258221490579,4,-0.024508,0.255377,0.234441,0.937764,0.2499115,0.1261433249456083,4,2,bullish,0.00937075,0.1205688133005002,0.03577118361075,0.2374605833333333,0.1552022305582971,1.3333333333333333,0.444221,-0.132005125,0.1819761404761904,0.1205688133005002,1.5714285714285714,0.3126226642857143,0.0002892398809523,0.1695501732142857,0.0979686437670265,1.9285714285714288,0.2796361916666667,0.0018339897619047,0.1948326641666667,0.1054030955726223,2.033333333333333,0.3009573172222222,-0.0022912545105672,50.60085395994005,-0.0007827263471882,-0.0007999281887775,0.4025370249255302,-0.0133775657588635,0.0654336289365269,0.7216672009532051,0.0,0.8220035,0.0,0.0,0.451494,0.2666665,0.0,0.6117135,0.0,0.2,0.0,0.0,0.2666665,0.2,0.63333325,0.0,0.15258075,0.0,0.0,0.2198835,0.2198835,0.0,0.15258075,0.0,0.18439,0.0,0.0,0.2198835,0.18439,0.15258075,0.0,0.45156225002,0.0,0.0,0.198552161898,0.122003581541,0.0,0.44494193233,0.0,0.036878,0.0,0.0,0.122003581541,0.036878,0.292559581541,0.098278725,0.3931149,0.6,2
2025-01-21,0.163547,0.1517566286899301,4,0.072756,0.390427,0.2489465,0.995786,0.22382275,0.112656137978585,4,3,bullish,0.0109662499999999,0.118435051505197,0.0407144532355,0.1531125833333333,0.0101789256442346,2.0,0.3014225,0.0101685,0.1719299404761904,0.118435051505197,1.7142857142857142,0.31123125,0.0057281547619047,0.1722766642857142,0.0971726204328722,1.8571428571428572,0.2827228166666666,0.0002061832234432,0.1908537141666667,0.1042096377919713,2.0,0.300664545,-0.0018856296718576,51.43334661984692,-0.0019375744578994,-0.0010274816402354,0.402695899375742,-0.0115945902090753,0.0718717793692846,0.0064381504327577,0.0,0.9997226666666666,0.0,0.0,0.158519,0.2,0.2,0.5670445,0.0,0.2,0.425,0.0,0.0,0.0,0.425,0.0,0.1938106666666666,0.0,0.0,0.103005,0.088,0.088,0.163547,0.0,0.088,0.163547,0.0,0.0,0.0,0.163547,0.0,0.581229996638,0.0,0.0,0.016328249595,0.0176,0.0176,0.5148853333160001,0.0,0.0176,0.300694,0.0,0.0,0.0,0.300694,0.08692375,0.347695,0.55,3
2025-01-22,0.2602254,0.164930509846723,5,0.062619,0.43753,0.2735068,1.367534,0.2524003999999999,0.0917572237853783,5,4,bullish,0.0966784,0.1230211155668083,0.07117341643272,0.1921177166666667,0.0592372944735058,3.0,0.2522981,0.0538223249999999,0.1811861404761904,0.1230211155668083,2.142857142857143,0.3132714,0.0185458196428571,0.1749063119047618,0.0991410236653395,1.9285714285714288,0.2854480166666667,0.0044047295970695,0.1948747274999999,0.1044905090928184,2.1,0.295962805,-0.0017915787819799,51.3838440184016,0.0046119120031314,0.0001004930459119,0.4017241166477759,-0.0114316674811092,0.5911352699835521,0.5192634906142675,0.0,0.9798235,0.0,0.0,0.0,0.0,0.0,0.9110965,0.0,0.0,0.5,0.158519,0.0,0.5,0.8,0.0,0.1087799999999999,0.0,0.0,0.0,0.0,0.0,0.1087799999999999,0.0,0.0,0.154941,0.062619,0.0,0.224651,0.2602254,0.0,0.214874987907,0.0,0.0,0.0,0.0,0.0,0.206058738873,0.0,0.0,0.0774705,0.0099263012609999,0.0,0.1123255,1.1113309999999998,0.13261746,0.6630872999999999,0.54,4
2025-01-23,0.1069073333333333,0.0317249952298394,3,0.070661,0.129627,0.322856,0.968568,0.2529079999999999,0.1373595414923914,3,3,neutral,-0.1533180666666666,0.1164530904421629,0.0345156740106666,0.1768932444444444,0.0775254736985158,3.3333333333333335,0.2817697666666667,-0.0283198333333333,0.187861569047619,0.1164530904421629,2.2857142857142856,0.3284046857142857,-0.0066993107142857,0.1637933071428571,0.0972705714738628,2.0,0.2728287166666666,0.0053492561904761,0.1850366552777777,0.0980047455480798,2.1666666666666665,0.2910537216666666,-0.000930318822766,44.614349681612296,-0.0021308190441382,-0.0003457997452115,0.3947387934962971,-0.0201959276629637,-0.5891741031685096,-1.1803093731520615,0.0,0.9864113333333332,0.0,0.0,0.158519,0.2,0.35,0.9018513333333332,0.0,0.2,0.35,0.0,0.0,0.0,0.3999999999999999,0.0,0.1069073333333333,0.0,0.0,0.129627,0.070661,0.100144,0.1069073333333333,0.0,0.070661,0.0955475,0.0,0.0,0.0,0.1069073333333333,0.0,0.317735616276,0.0,0.0,0.020548342413,0.0141322,0.0789457,0.295298470463,0.0,0.0141322,0.0743492,0.0,0.0,0.0,0.1391627,0.0620954666666666,0.1862864,0.5666666666666667,3
2025-01-24,0.2235514375,0.1365124137793427,16,0.0,0.410028,0.439879875,7.0380780000000005,0.173283875,0.0884985913740062,16,4,bullish,0.1166441041666666,0.1048238905209819,0.0983357783835703,0.1968947236111111,0.0800596195851359,3.6666666666666665,0.345414225,-0.0183369812499999,0.209516131547619,0.1048238905209819,2.5714285714285716,0.3739788821428571,-0.0194314061011905,0.17213010625,0.0970147608465769,2.0714285714285716,0.2825413684523809,0.0051789261630036,0.1805246143055555,0.0926957834940016,2.2,0.2911915952777777,0.000517308549314,54.15237153538558,0.0016279965950229,4.898101674449705e-05,0.3592875623315728,-0.0030650194149061,1.0910767346798784,1.680250837848388,0.0,0.8138889285714285,0.0,0.158519,0.158519,0.25,0.3,0.3809583333333333,0.158519,0.25,0.3928571428571428,0.0,0.5,0.25,0.625,0.0,0.2103132142857142,0.0,0.080504,0.0967463333333333,0.0,0.1243536,0.2294180666666666,0.410028,0.157433,0.2510884285714286,0.0,0.410028,0.111615,0.2235514375,0.0,2.405144399933,0.0,0.012761413576,0.046008396041,0.0,0.1649055,0.98535530023,0.064997228532,0.11807475,0.732831,0.0,0.205014,0.02790375,2.328094,0.1209507187499999,1.9352115,0.5375,4
2025-01-25,0.1323556666666666,0.0202875127685316,3,0.109905,0.149374,0.1267436666666666,0.380231,0.217144,0.0849568619888941,3,2,neutral,-0.0911957708333333,0.0539453969225467,0.0167752424974444,0.1542714791666667,0.0613326086789273,3.0,0.2964931805555555,0.0127241666666666,0.1689110839285714,0.0539453969225467,2.7142857142857144,0.2953219773809524,0.001883525297619,0.1745594395833333,0.0954380066934967,2.0714285714285716,0.2805401779761904,0.00161003757326,0.1788200698611111,0.0931085791882758,2.2,0.2807228175,0.0002270058741193,51.142748235025906,-0.0025113729685673,-0.0004631120851182,0.3429507358778885,-0.0032641262945551,-0.4079408831058548,-1.4990176177857333,0.0,0.652508,0.0,0.0,0.158519,0.2916665,0.0,0.5979626666666666,0.0,0.333333,0.25,0.0,0.5,0.25,0.361111,0.0,0.1323556666666666,0.0,0.0,0.149374,0.143581,0.0,0.1323556666666666,0.0,0.137788,0.149374,0.0,0.109905,0.149374,0.1323556666666666,0.0,0.275532299597,0.0,0.0,0.023678617106,0.083272787404,0.0,0.239066077721,0.0,0.045929287404,0.0373435,0.0,0.0549525,0.0373435,0.138225287404,0.1026072333333333,0.3078217,0.7666666666666666,2
2025-01-26,0.299152,0.0202875127685316,1,0.299152,0.299152,0.405963,0.405963,0.323256,0.0849568619888941,1,1,bullish,0.1667963333333333,0.0710502156137034,0.121444643376,0.2183530347222222,0.0835195890012704,2.3333333333333335,0.3241955138888889,0.03780028125,0.1911885125,0.0710502156137034,2.7142857142857144,0.2931909773809523,0.0121663257440476,0.1914358681547619,0.0950600750950047,2.0714285714285716,0.3055553208333333,0.0014881511813186,0.1850845365277777,0.0947118033860023,2.1666666666666665,0.2882663841666666,0.0005371197358175,57.294797466145454,0.0072242920124186,0.0010744223096434,0.3595626460621441,-0.0036185198121441,1.2602130119098285,1.6681538950156831,0.0,0.997874,0.0,0.0,0.0,0.0,0.0,0.684621,0.0,0.0,0.0,0.0,0.0,0.0,1.0,0.0,0.299152,0.0,0.0,0.0,0.0,0.0,0.299152,0.0,0.0,0.0,0.0,0.0,0.0,0.299152,0.0,0.298516002848,0.0,0.0,0.0,0.0,0.0,0.204805741392,0.0,0.0,0.0,0.0,0.0,0.0,0.299152,0.2094063999999999,0.2094063999999999,0.7,1
2025-01-27,0.1971751666666666,0.2026230769358877,6,0.0,0.502754,0.2110163333333333,1.266098,0.2168993333333333,0.1222007074573083,6,3,bullish,-0.1019768333333333,0.0689806554577166,0.0416071806943888,0.2095609444444444,0.0840851343682787,2.0,0.2479076666666666,0.03240975,0.1975591434523809,0.0689806554577166,2.857142857142857,0.2898445964285714,0.0072923583333333,0.1897676419642857,0.0947145193745388,2.2142857142857144,0.3012336303571428,0.0026112893315018,0.1862908754166666,0.0946247003164007,2.1666666666666665,0.2874797452777777,0.0004489201010381,49.2532417791089,0.006833335529152,0.0022262370614543,0.3616067964586871,0.0015172339579795,-0.3408863498600487,-1.6010993617698772,0.928139,0.8367114000000001,0.0,0.0,0.0,0.333333,0.3333333333333333,0.588242,0.0,0.166667,0.388889,0.158519,0.166667,0.166667,0.5,0.025123,0.2315856,0.0,0.0,0.0,0.502754,0.1929133333333333,0.037993,0.0,0.0,0.1930626666666667,0.0,0.0,0.0,0.1971751666666666,0.023317636097,0.961339916621,0.0,0.0,0.0,0.167584499082,0.205577499082,0.016289726708,0.0,0.0,0.289594,0.0,0.0,0.0,0.520294499082,0.0985875833333333,0.5915255,0.5,3
2025-01-28,0.1934943333333333,0.0532903854955719,6,0.135589,0.271571,0.2596443333333333,1.557866,0.2409818333333333,0.0203666731639378,6,4,bullish,-0.0036808333333333,0.0674309045703846,0.0502397071821111,0.2299405,0.0599671654548925,2.6666666666666665,0.2922078888888889,-0.0528288333333333,0.2018373339285714,0.0674309045703846,3.0,0.2913728583333333,0.0019979653273809,0.1868836372023809,0.0938793466834378,2.357142857142857,0.3013020541666667,0.0041717033058608,0.1877993865277777,0.0943575115879716,2.2666666666666666,0.2925997230555555,0.0002329672960697,48.70099160490614,0.0061621284641521,0.0030134328970476,0.3591415804638955,0.0009908499527711,-0.0186678342691904,0.3222185155908582,0.0,0.7904115,0.158519,0.158519,0.769861,0.0,0.361111,0.8785620000000001,0.0,0.0,0.2916665,0.538269,0.0,0.25,0.6805555,0.0,0.1706397499999999,0.135589,0.135589,0.135589,0.0,0.1751233333333333,0.1706397499999999,0.0,0.0,0.145083,0.135589,0.0,0.135589,0.1934943333333333,0.0,0.4853748637989999,0.0214934326909999,0.0214934326909999,0.104384683129,0.0,0.203024865141,0.600697408507,0.0,0.0,0.0854228651409999,0.0729833554409999,0.0,0.03389725,0.838620865141,0.1064193666666666,0.6385162,0.5666666666666667,4
2025-01-29,0.2079011666666666,0.2309390605994721,6,-0.045477,0.504383,0.289189,1.735134,0.2775395,0.0753508385587048,6,4,bullish,0.0144068333333333,0.0626073042085594,0.0601227304871666,0.1995235555555555,0.0074850123215475,3.6666666666666665,0.2532832222222221,0.005363,0.1943624434523809,0.0626073042085594,3.0,0.2936131726190476,0.0109888139880952,0.1877742919642857,0.0940257202348264,2.5714285714285716,0.3034422863095238,0.0050540183058608,0.1913676254166666,0.0929700491746177,2.3666666666666667,0.2911561230555555,-0.0002369671551724,50.40746793218115,0.0066907068124366,0.0037489008013112,0.3527491868093168,0.0019244202740165,0.0744560994895631,0.0931239337587536,0.0,0.9724783333333334,0.158519,0.0,0.158519,0.0,0.5,0.5243074999999999,0.0,0.0,0.0,0.158519,0.0,0.0,0.8333333333333334,0.0,0.2679086666666666,0.078621,0.0,0.351839,0.0,0.21523,0.21523,0.0,0.0,0.0,0.078621,0.0,0.0,0.2079011666666666,0.0,0.772907314137,0.012462922299,0.0,0.055773166441,0.0,0.21523,0.268966083117,0.0,0.0,0.0,0.012462922299,0.0,0.0,1.032177,0.1190134833333333,0.7140808999999999,0.5666666666666667,4
2025-01-30,0.1471087999999999,0.2324682374286861,5,-0.140369,0.48593,0.3132892,1.566446,0.163684,0.1031748182697697,5,3,neutral,-0.0607923666666666,0.0545766709501477,0.0460875982649599,0.1828347666666666,0.0317670856764428,3.6666666666666665,0.2873741777777777,-0.0231927666666666,0.2001055101190476,0.0545766709501477,3.0,0.2922464869047619,-0.0065676635416666,0.1939835395833333,0.0876023845120448,2.642857142857143,0.3103255863095238,-0.0003142801007326,0.1941004298611111,0.0902977801025022,2.4,0.2908128408333333,-0.0013931490591397,52.98599613721091,0.0022745712807759,0.0034540306886773,0.3522620027231929,0.0064388593601403,-0.2924099351695157,-0.3668660346590788,0.0,0.698906,0.0,0.0,0.0,0.0,0.0,0.1438243333333333,0.0,0.0,0.0,0.0,0.5,0.0,0.9,0.0,0.0659756666666666,0.0,0.0,0.0,0.0,0.0,0.2575046666666666,0.0,0.0,0.0,0.0,0.051687,0.0,0.1471087999999999,0.0,0.165931175538,0.0,0.0,0.0,0.0,0.0,0.112315097762,0.0,0.0,0.0,0.0,0.0258435,0.0,0.7097005,0.09210148,0.4605074,0.74,3
2025-01-31,0.1534984,0.1925281628094965,5,-0.06195,0.354656,0.3915816,1.957908,0.1886648,0.0688197227413769,5,3,bullish,0.0063896,0.0559659541195159,0.06010714906944,0.1695027888888889,0.0334070847128827,3.3333333333333335,0.3313532666666666,-0.0272013833333333,0.1900979333333333,0.0559659541195159,2.857142857142857,0.2853467333333333,-0.0082118642857143,0.1998070324404761,0.0813544707028294,2.7142857142857144,0.3296628077380952,-0.0054934392399267,0.1944127598611111,0.0901350305443483,2.433333333333333,0.3006384608333333,-0.001999731637931,52.81091752848738,-0.0007099474084309,0.0026212255603021,0.3512992467448494,0.0129169553384838,0.0434345192129907,0.3358444543825065,0.0,0.0,0.0,0.0,0.0,0.0,0.0,0.4665285,0.0,0.0,0.0,0.0,0.5,0.0,0.6,0.0,0.0,0.0,0.0,0.0,0.0,0.0,0.064213,0.0,0.0,0.0,0.0,0.2073605,0.0,0.1534984,0.0,0.0,0.0,0.0,0.0,0.0,0.0,0.09906910066,0.0,0.0,0.0,0.0,0.414721,0.0,0.352771,0.0767492,0.383746,0.54,3
2025-02-01,0.671664,0.1925281628094965,1,0.671664,0.671664,0.721785,0.721785,0.394891,0.0688197227413769,1,1,bullish,0.5181656,0.185209043341735,0.48479700024,0.3240904,0.3010245211104239,2.3333333333333335,0.4755519333333333,0.2622776,0.267141980952381,0.185209043341735,2.7142857142857144,0.370352638095238,0.0351356047619047,0.2180265324404762,0.1406161046317539,2.7142857142857144,0.3328373077380952,0.0151349126098901,0.2078577598611111,0.1249123417297284,2.433333333333333,0.3157054275,0.0015889723461253,57.85438024456047,0.0375944305141721,0.0096159304434051,0.4812247212400571,-0.0561303191567238,3.375706847758674,3.3322723285456832,0.0,0.650727,0.0,0.0,0.0,0.0,0.0,0.0,0.0,0.0,0.5,0.0,0.0,0.0,0.5,0.0,0.671664,0.0,0.0,0.0,0.0,0.0,0.0,0.0,0.0,0.671664,0.0,0.0,0.0,0.671664,0.0,0.4370698997280001,0.0,0.0,0.0,0.0,0.0,0.0,0.0,0.0,0.335832,0.0,0.0,0.0,0.335832,0.4701648,0.4701648,0.7,1
2025-02-02,0.050056,0.1925281628094965,1,0.050056,0.050056,0.150906,0.150906,0.192527,0.0688197227413769,1,1,neutral,-0.621608,0.2012676093641041,0.007553750736,0.2917394666666667,0.3330646645936091,1.6666666666666667,0.4214242000000001,-0.0517211999999999,0.2315568380952381,0.2012676093641041,2.7142857142857144,0.3339159238095238,0.0164492523809523,0.211372675297619,0.1465092037794484,2.7142857142857144,0.3135534505952381,0.0078692754487179,0.2007128543055555,0.1276663515869626,2.3666666666666667,0.2998575608333333,0.0009608647988505,47.63807087755769,0.0183601603080078,0.0113647891961253,0.48228036377482,-0.07423339502482,-0.9254746420829464,-4.30118148984162,0.0,0.108179,0.0,0.0,0.0,0.0,0.0,0.980922,0.158519,0.0,0.0,0.0,0.5,0.0,0.5,0.0,0.050056,0.0,0.0,0.0,0.0,0.0,0.050056,0.050056,0.0,0.0,0.0,0.050056,0.0,0.050056,0.0,0.005415008024,0.0,0.0,0.0,0.0,0.0,0.049101031632,0.007934827064,0.0,0.0,0.0,0.025028,0.0,0.025028,0.0350392,0.0350392,0.7,1
2025-02-03,0.4777525999999999,0.1191995712127355,5,0.267072,0.551343,0.5555572,2.777786,0.335196,0.0779284173039591,5,3,bullish,0.4276966,0.2203164069488382,0.26541889674872,0.3998242,0.3180467781017755,1.6666666666666667,0.4760827333333333,-0.0969556999999999,0.2716393285714286,0.2203164069488382,2.7142857142857144,0.3831360476190476,0.0379157023809523,0.2345992360119047,0.1614819490709499,2.7857142857142856,0.3364903220238095,0.0135419351007325,0.2030794520833333,0.1321952567358668,2.3333333333333335,0.3042242730555555,0.0041691960131627,56.80186020485419,0.0367060495325632,0.0164330708926208,0.5201707056924756,-0.0877355169424756,8.544362314208085,9.469836956291031,0.0,1.0,0.0,0.0,0.0,0.0,0.0,0.2370525,0.0,0.0,0.0,0.0,0.0,0.0,1.0,0.0,0.267072,0.0,0.0,0.0,0.0,0.0,0.3853485,0.0,0.0,0.0,0.0,0.0,0.0,0.4777525999999999,0.0,0.267072,0.0,0.0,0.0,0.0,0.0,0.1522102375469999,0.0,0.0,0.0,0.0,0.0,0.0,2.388763,0.2495591799999999,1.2477958999999998,0.54,3
2025-02-04,0.2062558,0.4434189594849322,5,-0.553461,0.516564,0.4191346,2.095673,0.1766582,0.3403927600444816,5,3,bullish,-0.2714968,0.2196136818553083,0.08644894223068,0.2446881333333333,0.2164229160624478,2.3333333333333335,0.3751992666666666,0.0780999,0.2734623952380952,0.2196136818553083,2.5714285714285716,0.4059203714285714,0.0197467535714285,0.2376498645833333,0.1604364479551195,2.7857142857142856,0.3486466148809523,0.0103897412362637,0.2000308120833333,0.1309866230708315,2.4,0.3096381263888889,0.0048423475315165,50.805569197862766,0.0292914288551444,0.019004754512389,0.5205945899671862,-0.0870770212171862,-0.5682790632641246,-9.11264137747221,0.0,0.980509,0.0,0.0,0.310843,0.333333,0.0,0.539894,0.0,0.0,0.333333,0.0,0.333333,0.333333,0.7333332,0.0,0.389583,0.0,0.0,0.389583,0.389583,0.0,0.2902675,0.0,0.0,0.389583,0.0,0.190952,0.190952,0.2062558,0.0,0.381989637747,0.0,0.0,0.121099148469,0.129860870139,0.0,0.388558943147,0.0,0.0,0.129860870139,0.0,0.063650603016,0.063650603016,0.6442554731550001,0.09657278,0.4828639,0.58,3
2025-02-05,0.210855,0.189490295280335,8,0.0,0.592281,0.14321025,1.145682,0.29015925,0.1445076405481236,8,4,bullish,0.0045991999999999,0.2194695044676421,0.03019659726375,0.2982878,0.1554380873191638,3.3333333333333335,0.3726340166666667,-0.1334487999999999,0.2738843714285714,0.2194695044676421,2.5714285714285716,0.3850662642857143,0.0036729285714285,0.2341234074404762,0.1604446483013065,2.7857142857142856,0.3393397184523809,0.0103684220970695,0.2025067509722222,0.1304467409757855,2.433333333333333,0.3062705347222222,0.0044745673553948,49.03526969971243,0.0235111786794657,0.0199060427179239,0.5191197274100511,-0.0705345919933845,0.0222985244536151,0.5905775877177397,0.0,0.963669,0.0,0.0,0.158519,0.0,0.35,0.6609783333333333,0.158519,0.2,0.3999999999999999,0.0,0.2,0.0,0.7125,0.0,0.1448686,0.0,0.0,0.592281,0.0,0.094724,0.1272616666666666,0.039227,0.039227,0.0640953333333333,0.0,0.039227,0.0,0.210855,0.0,0.696551418246,0.0,0.0,0.0938877918389999,0.0,0.0829559,0.440112072202,0.0062182248129999,0.0078454,0.0843749,0.0,0.0078454,0.0,1.5038184,0.1139901749999999,0.9119214,0.575,4
2025-02-06,0.128681,0.189490295280335,1,0.128681,0.128681,0.124164,0.124164,0.229974,0.1445076405481236,1,1,neutral,-0.082174,0.2213461248578623,0.0159775476839999,0.1819306,0.0461728067728182,2.6666666666666665,0.2288362833333333,-0.0387873999999999,0.2712518285714286,0.2213461248578623,2.2857142857142856,0.3580483785714285,-0.0299953714285714,0.2356786693452381,0.1592174650287136,2.642857142857143,0.3251474327380952,0.0031618453754578,0.2026169134722222,0.1303807367138524,2.3333333333333335,0.3035515430555555,0.0034663368362995,50.43764002344341,0.0122354028165229,0.0183719101457465,0.516833238561784,-0.0625769531451173,-0.3897180526902374,-0.4120165771438525,0.0,0.538269,0.0,0.0,0.0,0.0,0.0,0.990999,0.0,0.0,0.0,0.0,0.5,0.0,0.5,0.0,0.128681,0.0,0.0,0.0,0.0,0.0,0.128681,0.0,0.0,0.0,0.0,0.128681,0.0,0.128681,0.0,0.069264993189,0.0,0.0,0.0,0.0,0.0,0.127522742319,0.0,0.0,0.0,0.0,0.0643405,0.0,0.0643405,0.0900766999999999,0.0900766999999999,0.7,1
2025-02-07,0.29604,0.189490295280335,1,0.29604,0.29604,0.441912,0.441912,0.183382,0.1445076405481236,1,1,bullish,0.167359,0.2151784680295826,0.13082362848,0.2118586666666667,0.0836840141863029,2.0,0.23642875,0.0425925,0.2916149142857143,0.2151784680295826,2.0,0.3652384357142857,-0.0441614142857143,0.2408564238095238,0.1599696383982085,2.4285714285714284,0.3252925845238095,0.0044866559706959,0.2050379023611111,0.1314500862194879,2.2666666666666666,0.3104368097222222,0.0042124693223952,51.427874637743784,0.016470522620098,0.0179916317300309,0.4989831861590038,-0.0567820007423371,1.3005727341254736,1.6902907868157109,0.0,1.0,0.0,0.0,0.0,0.0,0.0,0.998356,0.0,0.0,0.0,0.0,0.0,0.0,1.0,0.0,0.29604,0.0,0.0,0.0,0.0,0.0,0.29604,0.0,0.0,0.0,0.0,0.0,0.0,0.29604,0.0,0.29604,0.0,0.0,0.0,0.0,0.0,0.29555331024,0.0,0.0,0.0,0.0,0.0,0.0,0.29604,0.207228,0.207228,0.7,1
2025-02-08,0.035973,0.189490295280335,1,0.035973,0.035973,0.231332,0.231332,0.182946,0.1445076405481236,1,1,neutral,-0.260067,0.1532955275634552,0.008321706036,0.1535646666666667,0.1318070892339761,1.0,0.2658026666666667,-0.0463539999999999,0.2008019142857142,0.1532955275634552,2.0,0.2951737214285714,-0.0172588928571428,0.2339719476190476,0.1669212081740721,2.357142857142857,0.3327631797619047,-0.0049441041758241,0.1974873556944444,0.1345063226083044,2.2333333333333334,0.3014970030555555,0.0035179452419354,48.21988869964109,-0.0009403351384407,0.014205231103034,0.5038977949948722,-0.0724203095782056,-0.8784860154033239,-2.1790587495287976,0.0,0.972756,0.0,0.0,0.0,0.333333,0.0,0.998356,0.0,0.333333,0.0,0.0,0.0,0.0,0.333333,0.0,0.035973,0.0,0.0,0.0,0.035973,0.0,0.035973,0.0,0.035973,0.0,0.0,0.0,0.0,0.035973,0.0,0.034992951588,0.0,0.0,0.0,0.011990988009,0.0,0.035913860388,0.0,0.011990988009,0.0,0.0,0.0,0.0,0.011990988009,0.0251810999999999,0.0251810999999999,0.7,1
2025-02-09,0.35224,0.189490295280335,1,0.35224,0.35224,0.320974,0.320974,0.31366,0.1445076405481236,1,1,bullish,0.316267,0.1461513208353914,0.11305988176,0.2280843333333333,0.1687296159431809,1.0,0.331406,0.0281,0.2439710571428571,0.1461513208353914,2.0,0.31946915,-0.0225685142857143,0.2377639476190476,0.16910455343171,2.357142857142857,0.3266925369047619,0.0005837759706959,0.2056674806944444,0.1362540601650203,2.1666666666666665,0.3020660447222222,0.0038911693594734,50.92919063728882,0.0104289742931034,0.0134499785836268,0.5184654435524223,-0.0670220331357556,8.791788285658688,9.670274301062012,0.0,0.891286,0.0,0.0,0.0,0.0,0.333333,0.999999,0.0,0.0,0.0,0.158519,0.333333,0.0,0.333333,0.0,0.35224,0.0,0.0,0.0,0.0,0.35224,0.35224,0.0,0.0,0.0,0.35224,0.35224,0.0,0.35224,0.0,0.31394658064,0.0,0.0,0.0,0.0,0.11741321592,0.35223964776,0.0,0.0,0.0,0.05583673256,0.11741321592,0.0,0.11741321592,0.317016,0.317016,0.9,1
2025-02-10,0.0972046,0.0788688499364609,5,-0.015915,0.184966,0.2373558,1.186779,0.2251204,0.0370783632163017,5,3,neutral,-0.2550354,0.1113251418003266,0.02307207559668,0.1618058666666667,0.1677384766934925,1.6666666666666667,0.2632205999999999,0.0306157999999999,0.1896070571428571,0.1113251418003266,2.0,0.2740118071428571,-0.0048961285714285,0.2306231928571428,0.1730158208975991,2.357142857142857,0.3285739273809523,-0.004770297069597,0.2056294673611111,0.1362851899141141,2.2,0.3048192269444444,0.0024512537995921,48.33921492640994,-0.0009553689556967,0.0105689055435768,0.5195845392942613,-0.0747753688775946,-0.7240387235975472,-9.515827009256236,0.0,0.579259,0.0,0.0,0.0,0.166667,0.166667,0.28036725,0.0,0.166667,0.166667,0.0,0.5,0.166667,0.7333334,0.0,0.126093,0.0,0.0,0.0,0.064786,0.064786,0.10530925,0.0,0.064786,0.064786,0.0,-0.015915,0.064786,0.0972046,0.0,0.1703459274539999,0.0,0.0,0.0,0.010797688262,0.010797688262,0.122206002848,0.0,0.010797688262,0.010797688262,0.0,-0.0079575,0.010797688262,0.439992188262,0.0479657,0.2398285,0.54,3
2025-02-11,0.481915,0.0788688499364609,1,0.481915,0.481915,0.74725,0.74725,0.287703,0.0370783632163017,1,1,bullish,0.3847104,0.1574119056317623,0.3601109837499999,0.3104532,0.1957297255342683,1.6666666666666667,0.4351932666666666,0.0648375,0.2289869428571428,0.1574119056317623,1.7142857142857142,0.3208854357142857,0.0288009714285713,0.251224669047619,0.1850104558961509,2.142857142857143,0.3634029035714285,0.0011854405128205,0.2195972340277777,0.1424828891899763,2.2,0.3278691936111111,0.0032492758147942,54.25302886659868,0.0205848509305094,0.0125720965856874,0.5523550069097496,-0.0853768764930829,3.9577386255382976,4.681777349135845,0.0,0.0,0.0,0.0,0.0,0.0,0.0,0.0,0.0,0.0,0.0,0.0,0.5,0.0,0.5,0.0,0.0,0.0,0.0,0.0,0.0,0.0,0.0,0.0,0.0,0.0,0.0,0.481915,0.0,0.481915,0.0,0.0,0.0,0.0,0.0,0.0,0.0,0.0,0.0,0.0,0.0,0.0,0.2409575,0.0,0.2409575,0.2409575,0.2409575,0.5,1
2025-02-12,0.244665,0.0845079286280287,3,0.168586,0.335625,0.4919493333333333,1.475848,0.2077143333333333,0.0791311424303562,3,2,bullish,-0.23725,0.157281478053275,0.12036278364,0.2745948666666667,0.1940937161683843,2.0,0.4921850444444444,0.0737302,0.2338169428571428,0.157281478053275,1.4285714285714286,0.3707053047619048,0.0278904857142856,0.2538506571428571,0.1846087039144217,2.0,0.3778857845238095,-0.0004302259340659,0.2204017229166666,0.1425564550953377,2.2333333333333334,0.3352168380555555,0.0034174385048201,50.50868554573883,0.0184364670536269,0.0137449715995572,0.5536320756485609,-0.0728781785652276,-0.4923067345901248,-4.4500453601284224,0.158519,0.8660143333333333,0.0,0.0,0.0,0.0,0.4166665,0.4410386666666666,0.0,0.0,0.333333,0.0,0.0,0.333333,0.3888886666666666,0.168586,0.244665,0.0,0.0,0.0,0.0,0.2827045,0.244665,0.0,0.0,0.199185,0.0,0.0,0.168586,0.244665,0.026724084134,0.647392909009,0.0,0.0,0.0,0.0,0.244407090072,0.259952660315,0.0,0.0,0.13278986721,0.0,0.0,0.056195277138,0.30060236721,0.1335715666666666,0.4007147,0.5666666666666667,2
2025-02-13,0.0962658,0.1907125830541865,5,-0.138618,0.384668,0.2035568,1.017784,0.2035111999999999,0.1572508353974629,5,3,neutral,-0.1483991999999999,0.1613182279412961,0.01959555819744,0.2742819333333334,0.1945230022907659,2.0,0.4809187111111111,-0.1928246,0.2291862,0.1613182279412961,1.7142857142857142,0.3820471333333333,-0.0018665571428571,0.2502190142857142,0.1873498118102064,2.0,0.370047755952381,-0.0084516127472527,0.2158149029166667,0.1443110981413069,2.2666666666666666,0.3333791847222222,0.002709449010938,49.313158496103625,0.0047848353083388,0.0119529432164391,0.5538108014380907,-0.0857854681047574,-0.6065403715284163,-0.1142336369382914,0.0,0.379453,0.0,0.0,0.0,0.0,0.0,0.9529283333333334,0.0,0.333333,0.333333,0.0,0.0,0.0,0.8666666,0.0,0.056712,0.0,0.0,0.0,0.0,0.0,0.1740923333333333,0.0,0.015754,0.015754,0.0,0.0,0.0,0.0962658,0.0,0.020817396088,0.0,0.0,0.0,0.0,0.0,0.486512914785,0.0,0.005251328082,0.005251328082,0.0,0.0,0.0,0.470826328082,0.04876306,0.2438153,0.54,3
2025-02-14,0.348211,0.1907125830541865,1,0.348211,0.348211,0.514619,0.514619,0.429729,0.1572508353974629,1,1,bullish,0.2519452,0.1660572521623791,0.179195996609,0.2297139333333333,0.1266362773719021,2.0,0.4033750444444444,0.051773,0.2366392,0.1660572521623791,1.7142857142857142,0.3924338476190475,0.0204366428571428,0.2641270571428571,0.1868440025302791,1.8571428571428572,0.3788361416666667,-0.0088404334065934,0.22090753625,0.1462497055369041,2.2666666666666666,0.3418922930555556,0.0034230456349647,52.466731431807055,0.0140081055602108,0.012363975891601,0.5647277794067378,-0.0751169127400711,2.617182841673782,3.2237232132021982,0.0,0.0,0.0,0.0,0.0,0.0,0.0,0.0,0.0,0.0,0.0,0.0,0.0,0.0,1.0,0.0,0.0,0.0,0.0,0.0,0.0,0.0,0.0,0.0,0.0,0.0,0.0,0.0,0.0,0.348211,0.0,0.0,0.0,0.0,0.0,0.0,0.0,0.0,0.0,0.0,0.0,0.0,0.0,0.0,0.348211,0.1741055,0.1741055,0.5,1
2025-02-15,0.289516,0.1907125830541865,1,0.289516,0.289516,0.173749,0.173749,0.246834,0.1572508353974629,1,1,bullish,-0.058695,0.1407099037078498,0.0503031154839999,0.2446642666666667,0.1318250903205202,1.6666666666666667,0.2973082666666666,0.0966251,0.2728596285714286,0.1407099037078498,1.7142857142857142,0.3842077047619048,-0.0025645857142857,0.2368307714285714,0.1462258196428409,1.8571428571428572,0.3396907130952381,0.0053202487912087,0.2285520918055555,0.1435270855028534,2.2333333333333334,0.3404531597222222,0.0027572105200222,44.52086581067753,0.0164188131725205,0.0131749436735786,0.5639302347883353,-0.0752829681216686,-0.1685615905298798,-2.7857444322036615,0.0,0.818451,0.0,0.0,0.310843,0.0,0.333333,0.459462,0.0,0.0,0.333333,0.0,0.0,0.0,0.333333,0.0,0.289516,0.0,0.0,0.289516,0.0,0.289516,0.289516,0.0,0.0,0.289516,0.0,0.0,0.0,0.289516,0.0,0.236954659716,0.0,0.0,0.089994021988,0.0,0.096505236828,0.133021600392,0.0,0.0,0.096505236828,0.0,0.0,0.0,0.096505236828,0.2026611999999999,0.2026611999999999,0.7,1
2025-02-17,-0.034998,0.1907125830541865,1,-0.034998,-0.034998,0.023673,0.023673,0.021611,0.1572508353974629,1,1,neutral,-0.3245139999999999,0.1759966110420635,-0.000828507654,0.2009096666666667,0.2063991185793518,1.0,0.237347,-0.1916045,0.2175399142857142,0.1759966110420635,1.7142857142857142,0.3417361333333333,-0.0242092785714285,0.2307554857142857,0.1560215006573667,1.8571428571428572,0.3306026416666667,-0.0086036975824175,0.2249865084722222,0.1487835554982497,2.2,0.3372135763888889,-2.2992596403408186e-05,48.6669524577827,-0.0076283873234599,0.0090142761369839,0.5755536455197037,-0.1101236955197036,-1.1208845107006176,-0.9523229201707376,0.0,0.890401,0.158519,0.0,0.451494,0.2,0.2,0.905476,0.0,0.0,0.2,0.0,0.2,0.0,0.2,0.0,-0.034998,-0.034998,0.0,-0.034998,-0.034998,-0.034998,-0.034998,0.0,0.0,-0.034998,0.0,-0.034998,0.0,-0.034998,0.0,-0.031162254198,-0.005547847962,0.0,-0.015801387012,-0.0069996,-0.0069996,-0.031689849048,0.0,0.0,-0.0069996,0.0,-0.0069996,0.0,-0.0069996,-0.0314982,-0.0314982,0.9,1
2025-02-18,0.0400257499999999,0.0904862933280505,4,-0.051872,0.145192,0.051014,0.204056,0.20289425,0.0690064539560129,4,3,neutral,0.07502375,0.1836720234189201,0.0020418736104999,0.09818125,0.1698937335047631,1.6666666666666667,0.082812,-0.124745125,0.2093715071428571,0.1836720234189201,1.7142857142857142,0.3151158761904762,-0.0604194125,0.1994892821428571,0.1462714582536098,1.8571428571428572,0.2945638416666666,-0.0059103565934065,0.2124343334722222,0.1479435275877839,2.2666666666666666,0.3163359763888889,0.0001051224740452,42.28684926441196,-0.0204253876882927,0.0031263418580813,0.5782882703795508,-0.1282051787128841,-2.1436582090405163,-1.0227736983398987,0.0,0.4380073333333333,0.0,0.0,0.0,0.0,0.25,0.796071,0.310843,0.333333,0.3055553333333333,0.0,0.0,0.2916665,0.4791665,0.0,0.0706583333333333,0.0,0.0,0.0,0.0,-0.016459,0.0400257499999999,-0.016459,-0.051872,0.0256203333333333,0.0,0.0,0.0643665,0.0400257499999999,0.0,0.1035913481549999,0.0,0.0,0.0,0.0,-0.00411475,0.0467387275779999,-0.005116164937,-0.017290649376,0.0269918855599999,0.0,0.0,0.0442825349359999,0.11023388556,0.016596325,0.0663853,0.6,3
2025-02-20,0.129585,0.1339670309466723,4,-0.024116,0.254765,0.27442025,1.097681,0.2597615,0.0927449905367759,4,3,neutral,0.08955925,0.1395018690358333,0.03556074809625,0.0448709166666667,0.0823984083721938,2.3333333333333335,0.1163690833333333,0.0822915,0.15903865,0.1395018690358333,2.0,0.247568769047619,-0.0300331821428571,0.1940127964285714,0.1474293441859737,1.8571428571428572,0.2842271023809523,-0.0076845497802197,0.2119801668055555,0.148184082744925,2.3333333333333335,0.3114539847222222,-0.0009067985511679,48.556430821768835,-0.0231064373427947,-0.002120215061248,0.5768997397923733,-0.1346482647923732,2.2375408330887,4.381199042129216,0.0,0.7339646666666667,0.0,0.0,0.0,0.2,0.5,0.811133,0.0,0.2,0.2,0.0,0.2,0.2,0.475,0.0,0.096803,0.0,0.0,0.0,-0.024116,0.227931,0.017822,0.0,0.1153245,0.254765,0.0,0.1153245,0.1153245,0.129585,0.0,0.216363412012,0.0,0.0,0.0,-0.0048232,0.1139655,0.013157679448,0.0,0.0461298,0.050953,0.0,0.0461298,0.0461298,0.2198553,0.0665747,0.2662988,0.6,3
2025-02-21,0.1963142,0.085345887936678,5,0.120135,0.326676,0.3120724,1.560362,0.2774086,0.0875641298123837,5,3,bullish,0.0667292,0.1357008058142138,0.06126424354808,0.1219749833333333,0.0784216434799783,3.0,0.2125022166666667,0.078144225,0.1521313928571428,0.1357008058142138,2.142857142857143,0.2218720642857143,-0.0138070374999999,0.1929741678571428,0.1473527645845709,1.7857142857142858,0.2962886845238094,-0.0070635579120879,0.2134379484722222,0.1477941866906734,2.3666666666666667,0.3140416980555555,-0.0014175204551353,49.73248246587113,-0.0196428548875504,-0.0056247436031803,0.5778823346035795,-0.1307103196035795,0.5149454026314775,-1.7225954304572224,0.0,0.958813,0.0,0.0,0.0,0.0,0.0,0.47687725,0.0,0.0,0.5,0.0,0.0,0.0,0.9,0.0,0.1392,0.0,0.0,0.0,0.0,0.0,0.186069,0.0,0.0,0.140647,0.0,0.0,0.0,0.1963142,0.0,0.398223447785,0.0,0.0,0.0,0.0,0.0,0.328644549862,0.0,0.0,0.0703235,0.0,0.0,0.0,0.9112475,0.0981571,0.4907855,0.5,3
2025-02-23,0.0234034999999999,0.0303044753213118,2,0.001975,0.044832,0.0499895,0.099979,0.170936,0.1431438683562799,2,1,neutral,-0.1729107,0.1432827866676314,0.0011699292632499,0.1164342333333334,0.0872022622502612,2.3333333333333335,0.2121607166666667,-0.0530907499999999,0.1417224928571428,0.1432827866676314,1.8571428571428572,0.1999338785714285,-0.0355801107142857,0.1854543464285714,0.1534465118442735,1.7857142857142858,0.290990505952381,-0.0140279891208791,0.2087664984722222,0.1515915381225869,2.3,0.3074097980555555,-0.0029876246616611,48.125711086813936,-0.0304445265242049,-0.0105887008408423,0.5814299949786441,-0.1472674699786442,-0.8807854959040151,-1.3957308985354926,0.0,0.8010285,0.0,0.0,0.310843,0.0,0.0,0.999988,0.0,0.0,0.5,0.0,0.0,0.0,0.75,0.0,0.0234034999999999,0.0,0.0,0.044832,0.0,0.0,0.0234034999999999,0.0,0.0,0.001975,0.0,0.0,0.0,0.0234034999999999,0.0,0.0424826172269999,0.0,0.0,0.0139357133759999,0.0,0.0,0.0468059240319999,0.0,0.0,0.0009875,0.0,0.0,0.0,0.0458195,0.01638245,0.0327649,0.7,1
2025-02-24,0.1660475,0.1694849081708063,4,0.050982,0.413147,0.216775,0.8671,0.22462875,0.1550559422044723,4,3,bullish,0.142644,0.1128372266460063,0.0359949468125,0.1285884,0.0923412999325328,2.3333333333333335,0.1929456333333333,-0.01513335,0.1156991357142857,0.1128372266460063,2.142857142857143,0.1573847357142857,-0.0034755017857143,0.1761691678571428,0.1501374373699767,1.9285714285714288,0.2749092916666666,-0.0109367895604395,0.2056272351388889,0.1514642422279042,2.2666666666666666,0.3055187380555555,-0.0029083421273637,47.66515500080269,-0.0272222734623394,-0.0139154157154857,0.4869325477962373,-0.1033316727962373,6.094985792723311,6.975771288627326,0.0,0.9145343333333334,0.0,0.0,0.451494,0.0,0.0,0.7503756666666667,0.158519,0.333333,0.4166665,0.0,0.5,0.0,0.45833325,0.0,0.083681,0.0,0.0,0.060277,0.0,0.0,0.083681,0.050982,0.060277,0.1000305,0.0,0.2320645,0.0,0.1660475,0.0,0.237712902081,0.0,0.0,0.027214703838,0.0,0.0,0.2083413130159999,0.008081615658,0.020092313241,0.089984313241,0.0,0.2320645,0.0,0.322048813241,0.0855728499999999,0.3422913999999999,0.55,3
2025-02-25,0.2470305,0.299725262338529,6,-0.228509,0.511987,0.386004,2.316024,0.3040715,0.0806989882830014,6,4,bullish,0.080983,0.102608644506777,0.095354761122,0.1454938333333333,0.1132214586212937,2.6666666666666665,0.2175895,0.1118135,0.1096297785714285,0.102608644506777,2.5714285714285716,0.1877068785714286,0.0354266964285714,0.1912447035714285,0.1455019982237944,2.142857142857143,0.2859572916666666,-0.0135340317582417,0.2102980073611111,0.1504722693515811,2.3,0.3076236713888888,-0.0033220511985539,54.051526988430496,-0.0179490534883547,-0.0147221433380262,0.4899319179097847,-0.0866335929097847,0.4877098420632653,-5.607275950660046,0.0,0.6553694999999999,0.0,0.0,0.0,0.0,0.0,0.3857036666666666,0.158519,0.0,0.5,0.0,0.5,0.0,0.75,0.0,0.007125,0.0,0.0,0.0,0.0,0.0,0.096424,0.018054,0.0,0.511987,0.0,0.007125,0.0,0.2470305,0.0,-0.1530252992269999,0.0,0.0,0.0,0.0,0.0,0.00181295471,0.002861902026,0.0,0.2559935,0.0,0.007125,0.0,1.2190645,0.1158982833333333,0.6953897,0.5333333333333333,4
2025-02-26,0.240665,0.1596612838438507,4,0.044054,0.39208,0.23527925,0.941117,0.26389675,0.0928156270907544,4,3,bullish,-0.0063655,0.0899708391685438,0.05662348070125,0.2179143333333333,0.0450306140040675,3.3333333333333335,0.27935275,0.03730875,0.1490102071428571,0.0899708391685438,2.857142857142857,0.2179363428571428,0.0288050732142857,0.1832750607142857,0.1389118360847574,2.2857142857142856,0.2798362380952381,-0.006814486043956,0.2108684594444444,0.1505566624729398,2.2666666666666666,0.3008036505555556,-0.0030347321505376,47.56892275573713,-0.0109855649118287,-0.0139748276024177,0.4482259193886645,-0.0686363543886645,-0.0257680731731507,-0.5134779152364161,0.0,0.999797,0.0,0.0,0.0,0.0,0.0,0.980922,0.0,0.0,0.4166666666666667,0.0,0.25,0.25,0.5625,0.0,0.112018,0.0,0.0,0.0,0.0,0.0,0.044054,0.0,0.0,0.306202,0.0,0.179982,0.179982,0.240665,0.0,0.223962927308,0.0,0.0,0.0,0.0,0.0,0.043213537788,0.0,0.0,0.4143075,0.0,0.0449955,0.0449955,0.4583615,0.1203325,0.48133,0.5,3
2025-02-27,0.422553,0.1940619687535402,5,0.162794,0.617121,0.6498366,3.249183,0.289686,0.1535657947949347,5,3,bullish,0.181888,0.1228906614505872,0.2745904048398,0.3034161666666667,0.1032246031238837,3.3333333333333335,0.4237066166666667,0.08776125,0.2036569571428571,0.1228906614505872,2.857142857142857,0.3034824285714285,0.0425440214285714,0.2065142321428571,0.1501638739299215,2.2857142857142856,0.3092991523809524,-0.0028154612087912,0.2205417038888888,0.1546063841047838,2.3,0.3182400816666666,-0.0022104929736744,57.32233257826776,0.0090628083126456,-0.0093673001709676,0.4792540294200336,-0.0780347444200335,0.7557725469012944,0.7815406200744451,0.0,0.259367,0.0,0.0,0.0,0.333333,0.0,0.5924845000000001,0.0,0.0,0.333333,0.0,0.5,0.5,0.6666666,0.0,0.2214885,0.0,0.0,0.0,0.162794,0.0,0.2214885,0.0,0.0,0.162794,0.0,0.484508,0.568159,0.422553,0.0,0.126732061431,0.0,0.0,0.0,0.054264612402,0.0,0.241453120837,0.0,0.0,0.054264612402,0.0,0.242254,0.2840795,1.477902112402,0.22430002,1.1215001,0.58,3
2025-02-28,0.2071179,0.1820824641983528,10,-0.066541,0.541599,0.3734096,3.734096,0.2490587999999999,0.1117237138229838,10,4,bullish,-0.2154351,0.1185181047717664,0.07733981219184,0.2901119666666666,0.1159173087265371,3.3333333333333335,0.4195084833333333,-0.0167735499999999,0.2147330857142857,0.1185181047717664,3.0,0.3176237642857143,0.0323331285714285,0.1868858678571428,0.1276715802760703,2.5,0.2825962666666667,0.0062809326373626,0.2174739005555555,0.15390426530691,2.4,0.3171549683333333,-0.0017549581868743,43.30527969048432,0.0075266674728144,-0.0059885064964638,0.4790432575188562,-0.0781976825188561,-0.5098416056684014,-1.2656141525696958,0.0,0.6254253333333334,0.0,0.0,0.0,0.0,0.5,0.53666,0.0,0.333333,0.333333,0.0,0.333333,0.0,0.7166666,0.0,0.2544166666666667,0.0,0.0,0.0,0.0,0.20374,0.2729242,0.0,0.086991,0.1244349999999999,0.0,0.161879,0.0,0.2071179,0.0,0.786350313114,0.0,0.0,0.0,0.0,0.30561,0.6989501905980001,0.0,0.028996971003,0.08295658371,0.0,0.053959612707,0.0,1.5996555837100002,0.10755411,1.0755411,0.52,4
2025-03-01,0.119151,0.1820824641983528,1,0.119151,0.119151,0.042953,0.042953,0.37238,0.1117237138229838,1,1,neutral,-0.0879668999999999,0.1239793884118069,0.005117892903,0.2496073,0.1560999847382119,2.6666666666666665,0.3553997333333333,-0.1517009999999999,0.2037097714285714,0.1239793884118069,2.7142857142857144,0.2791781357142857,0.0194609214285714,0.1779205821428571,0.1277090252439137,2.4285714285714284,0.2505251,0.0062504572527472,0.214873095,0.1549150592622052,2.3333333333333335,0.3115528572222222,-0.0025292907489803,46.70230893548849,-0.000762529285391,-0.0049433110181809,0.4791154187727483,-0.0792228437727482,-0.4247189644159196,0.0851226412524818,0.0,0.0,0.0,0.0,0.0,0.0,0.0,0.0,0.0,0.0,0.0,0.0,0.5,0.0,0.5,0.0,0.0,0.0,0.0,0.0,0.0,0.0,0.0,0.0,0.0,0.0,0.0,0.119151,0.0,0.119151,0.0,0.0,0.0,0.0,0.0,0.0,0.0,0.0,0.0,0.0,0.0,0.0,0.0595755,0.0,0.0595755,0.0595755,0.0595755,0.5,1
2025-03-02,0.0,0.1820824641983528,1,0.0,0.0,0.088799,0.088799,0.563268,0.1117237138229838,1,1,neutral,-0.119151,0.1298296356165189,0.0,0.1087563,0.1039494755454302,2.0,0.1683872,-0.10355895,0.2003664142857142,0.1298296356165189,2.7142857142857144,0.28472235,-0.0281231642857142,0.1710444535714285,0.1348363768422197,2.2857142857142856,0.2423281142857143,-0.0015249038461538,0.2084232838888889,0.1597872492435264,2.2333333333333334,0.3058580127777778,-0.0040630085168705,47.43128254264331,-0.0167311203083878,-0.0073008729413075,0.4740827076510253,-0.1037941326510253,-1.0,-0.5752810355840804,0.0,0.0,0.0,0.0,0.0,0.0,0.0,0.0,0.0,0.0,0.0,0.0,0.5,0.0,0.5,0.0,0.0,0.0,0.0,0.0,0.0,0.0,0.0,0.0,0.0,0.0,0.0,0.0,0.0,0.0,0.0,0.0,0.0,0.0,0.0,0.0,0.0,0.0,0.0,0.0,0.0,0.0,0.0,0.0,0.0,0.0,0.0,0.5,1
2025-03-03,0.1145261428571428,0.0877542677735743,7,0.037702,0.264023,0.2316044285714285,1.621231,0.2337178571428571,0.1094965911256732,7,4,neutral,0.1145261428571428,0.1335077793299471,0.0265247618729183,0.0778923809523809,0.0674964042280853,2.0,0.1211188095238095,-0.0023124285714285,0.1930062204081632,0.1335077793299471,2.857142857142857,0.2868408397959184,-0.0422230382653061,0.1543526780612245,0.1253477470130408,2.5,0.222112787755102,0.0027009426530612,0.205310783095238,0.1607045646901642,2.2333333333333334,0.303938527063492,-0.0046723973319561,43.270963046780885,-0.0199344759283668,-0.0098275935945234,0.4715355501467632,-0.0933916608610489,inf,inf,0.0,0.623559,0.0,0.0,0.0,0.333333,0.333333,0.57896075,0.0,0.0,0.5,0.0,0.0,0.5,0.547619,0.0,0.1144506666666666,0.0,0.0,0.0,0.069352,0.069352,0.07138525,0.0,0.0,0.064454,0.0,0.0,0.210492,0.1145261428571428,0.0,0.155868340794,0.0,0.0,0.0,0.0231173102159999,0.0231173102159999,0.172267748687,0.0,0.0,0.128908,0.0,0.0,0.105246,0.521294310216,0.0600255,0.4201785,0.5285714285714286,4
2025-03-04,0.0080623333333333,0.1475298165603595,3,-0.135271,0.159458,0.098966,0.296898,0.131746,0.2530008772968979,3,3,neutral,-0.1064638095238095,0.1472376832373478,0.0007978968806666,0.0408628253968254,0.0639215422149613,2.6666666666666665,0.1397898095238095,0.0040311666666666,0.1588679108843537,0.1472376832373478,2.7142857142857144,0.2458354112244898,-0.054320700510204,0.1342488447278911,0.1245700895120576,2.642857142857143,0.2167711448979592,0.0029771522082679,0.2006759008730158,0.1644036005516701,2.2333333333333334,0.2967944203968254,-0.006346360962445,42.11243355197676,-0.0306930365133145,-0.0140006822520137,0.45440780274968,-0.1106816801306323,-0.9296026816917244,-inf,0.0,0.999763,0.0,0.0,0.0,0.142857,0.142857,0.6257505,0.0,0.142857,0.3253966666666666,0.0,0.238095,0.142857,0.3253966666666666,0.0,-0.135271,0.0,0.0,0.0,0.159458,0.159458,0.0120934999999999,0.0,0.159458,0.0080623333333333,0.0,0.0120934999999999,0.159458,0.0080623333333333,0.0,-0.135238940773,0.0,0.0,0.0,0.022779691506,0.022779691506,0.0933960397229999,0.0,0.022779691506,-0.022310596737,0.0,-0.022310596737,0.022779691506,-0.022310596737,0.0040311666666666,0.0120934999999999,0.6333333333333333,3
2025-03-05,0.192403,0.1352110039062403,7,-0.01077,0.388352,0.4409135714285714,3.086395,0.2210147142857142,0.0515038972431999,7,4,bullish,0.1843406666666666,0.1438602938030071,0.0848330938835714,0.1049971587301587,0.0925390269056629,3.6666666666666665,0.2571613333333333,0.0389384285714286,0.1519733394557823,0.1438602938030071,2.857142857142857,0.2752117428571428,-0.0390423568027211,0.1504917732993197,0.1152835790356648,2.857142857142857,0.2465740428571428,-0.0009408668079539,0.2019727208730158,0.164171907840227,2.2666666666666666,0.2984388194444444,-0.0067250965914508,56.91614341735301,-0.0240935903986979,-0.0160192639098828,0.4570717338535875,-0.1038257712345399,22.864431306073524,23.794033987765246,0.0,0.7458432,0.0,0.0,0.451494,0.0,0.0,0.5260641666666667,0.0,0.5,0.0,0.0,0.5,0.0,0.7857142857142857,0.0,0.137588,0.0,0.0,0.186789,0.0,0.0,0.1597448333333333,0.0,0.1748915,0.0,0.0,0.388352,0.0,0.192403,0.0,0.5725345584549999,0.0,0.0,0.084334112766,0.0,0.0,0.475896973265,0.0,0.1748915,0.0,0.0,0.194176,0.0,0.9777535,0.1038027285714285,0.7266191,0.5571428571428572,4
2025-03-06,0.36382025,0.2965158202686381,4,0.0,0.631177,0.4533385,1.813354,0.33916375,0.1315813772673904,4,3,bullish,0.17141725,0.1260606168736232,0.164933726404625,0.1880951944444445,0.1779180758362682,3.3333333333333335,0.3310726904761905,0.1778789583333333,0.1435829465986395,0.1260606168736232,2.857142857142857,0.2471405857142857,0.0223097636904761,0.1736199518707483,0.1235971951355759,2.857142857142857,0.2753115071428572,0.0015124954945054,0.1917112625396825,0.1419137479155688,2.3333333333333335,0.2894906027777778,-0.0024416687833041,59.30240532045223,-0.0049973210068979,-0.013814875304359,0.428129207689594,-0.0866927200705464,0.8909281560058833,-21.97350315006764,0.0,0.999975,0.0,0.0,0.0,0.0,0.0,0.929393,0.0,0.0,0.5,0.0,0.0,0.0,0.875,0.0,0.0,0.0,0.0,0.0,0.0,0.0,0.0,0.0,0.0,0.0,0.0,0.0,0.0,0.36382025,0.0,0.0,0.0,0.0,0.0,0.0,0.0,0.0,0.0,0.0,0.0,0.0,0.0,0.0,1.455281,0.181910125,0.7276405,0.5,3
2025-03-07,0.1944215,0.0723062884932331,4,0.093953,0.261659,0.32808475,1.312339,0.1877805,0.0710015061506913,4,3,bullish,-0.16939875,0.125081649733294,0.063786729222125,0.2502149166666667,0.0983902810591362,3.3333333333333335,0.4074456071428571,0.00100925,0.141769175170068,0.125081649733294,2.7142857142857144,0.2406656071428571,0.0368331734693877,0.1782511304421768,0.1230337115774588,2.857142857142857,0.2791446857142857,0.0006551237310308,0.1965234458730158,0.139369548732703,2.4,0.2953965611111112,-0.0034011162254356,51.78100722224569,-0.003471373749211,-0.0117461749746154,0.4235507983049721,-0.0871386606859245,-0.4656111087824276,-1.356539264788311,0.0,0.896449,0.0,0.0,0.310843,0.0,0.0,0.5662843333333333,0.0,0.333333,0.333333,0.0,0.333333,0.0,0.6666665,0.0,0.144451,0.0,0.0,0.093953,0.0,0.0,0.1835203333333333,0.0,0.093953,0.144451,0.0,0.194949,0.0,0.1944215,0.0,0.256866305946,0.0,0.0,0.0292046323789999,0.0,0.0,0.293185326957,0.0,0.031317635349,0.096300570366,0.0,0.064982935017,0.0,0.5850845703659999,0.1019084,0.4076336,0.55,3
2025-03-08,0.175537,0.0808774594185549,2,0.118348,0.232726,0.1995585,0.399117,0.19296,0.2015607879772253,2,1,bullish,-0.0188845,0.1251978444040957,0.0350299004145,0.2445929166666667,0.1036847329426845,2.3333333333333335,0.3269939166666666,-0.094141625,0.1498243180272109,0.1251978444040957,2.7142857142857144,0.2630378214285714,0.0372199868197278,0.1767670447278911,0.1229243298429294,2.7142857142857144,0.2711079785714286,0.0011730629565672,0.1864495925396825,0.1288675316180732,2.3333333333333335,0.2835299377777777,-0.0015970012426505,49.41386003921662,-0.0037405608492644,-0.0101450521379579,0.4252635642745179,-0.0809243066554703,-0.0971317472604624,0.3684793615219651,0.0,0.680098,0.0,0.0,0.0,0.2,0.0,0.9924645,0.0,0.2,0.0,0.360215,0.2,0.35,0.35,0.0,0.175537,0.0,0.0,0.0,0.232726,0.0,0.175537,0.0,0.232726,0.0,0.118348,0.232726,0.175537,0.175537,0.0,0.2021771474779999,0.0,0.0,0.0,0.0465452,0.0,0.348596102832,0.0,0.0465452,0.0,0.04263072482,0.0465452,0.1057192,0.1057192,0.1228758999999999,0.2457517999999999,0.7,1
2025-03-09,0.1516465,0.0418854701835851,2,0.122029,0.181264,0.1896925,0.379385,0.248067,0.053305951806529,2,1,bullish,-0.0238904999999999,0.106706574504647,0.02876620370125,0.1738683333333334,0.0214362658264758,1.6666666666666667,0.2391119166666666,-0.0213874999999999,0.1714881037414966,0.106706574504647,2.7142857142857144,0.2774511785714285,0.0160117465986394,0.1859272590136054,0.1151490715519576,2.7142857142857144,0.2810867642857143,-0.0046006079277865,0.1846292825396825,0.1289637671644569,2.2666666666666666,0.2758818677777778,-0.0016849427893426,53.949936723495135,-0.0058120637246625,-0.0092784544502815,0.4015362462622824,-0.0768534386432348,-0.1360995117838404,-0.0389677645233779,0.0,0.999174,0.0,0.0,0.0,0.0,0.5,0.4795495,0.0,0.0,0.0,0.795202,0.0,0.0,0.75,0.0,0.122029,0.0,0.0,0.0,0.0,0.181264,0.1516465,0.0,0.0,0.0,0.181264,0.0,0.0,0.1516465,0.0,0.121928204046,0.0,0.0,0.0,0.0,0.090632,0.141535059236,0.0,0.0,0.0,0.144141495328,0.0,0.0,0.212661,0.1061525499999999,0.2123050999999999,0.7,1
2025-03-10,0.3652485,0.5165393823364294,2,0.0,0.730497,0.454637,0.909274,0.293823,0.2532913058752708,2,2,bullish,0.2136019999999999,0.1249239378684585,0.1660554822944999,0.2308106666666667,0.1170377600224958,1.3333333333333333,0.281296,0.09485575,0.2073055833333333,0.1249239378684585,2.4285714285714284,0.3093129744897959,0.0286343660714285,0.2001559018707483,0.1244364390099768,2.642857142857143,0.2980769071428572,-0.0001325205703819,0.1897757325396825,0.1330619351548943,2.2,0.2862627594444445,-0.0003387904984374,55.87851790086982,0.0096495779322997,-0.0054928479562315,0.4159610093580782,-0.0837049517390306,1.4085521261618297,1.54465163794567,0.0,0.0,0.0,0.0,0.0,0.0,0.0,0.5351425,0.0,0.0,0.0,0.0,0.0,0.0,1.0,0.0,0.0,0.0,0.0,0.0,0.0,0.0,0.3652485,0.0,0.0,0.0,0.0,0.0,0.0,0.3652485,0.0,0.0,0.0,0.0,0.0,0.0,0.0,0.0790244349629999,0.0,0.0,0.0,0.0,0.0,0.0,0.730497,0.18262425,0.3652485,0.6,2
2025-03-11,0.1647454285714285,0.147489033782015,7,0.0,0.37403,0.4647184285714286,3.253029,0.1747532857142857,0.1303938897350565,7,3,bullish,-0.2005030714285714,0.0933116203902404,0.0765602366800408,0.2272134761904762,0.1197211189849213,2.0,0.3696826428571428,0.0065494642857142,0.2296888826530612,0.0933116203902404,2.4285714285714284,0.3615633214285714,-0.0043889719387755,0.1942783967687074,0.123994602344571,2.5714285714285716,0.3036993663265306,0.0004010680429094,0.1909778801587301,0.1326532261761784,2.2666666666666666,0.2976145737301587,-0.0009216193135229,47.73173542471761,0.0056770528918318,-0.0032588677783412,0.4073743720333521,-0.0551439715571616,-0.5489497463468609,-1.9575018725086903,0.0,0.6349138571428571,0.0,0.158519,0.0,0.0,0.5,0.7323946,0.0,0.5,0.5,0.0,0.5,0.0,0.7142857142857143,0.0,0.1647454285714285,0.0,0.085753,0.0,0.0,0.22234,0.2041609999999999,0.0,0.079365,0.053048,0.0,0.085753,0.0,0.1647454285714285,0.0,0.686543983377,0.0,0.0135934798069999,0.0,0.0,0.11117,0.696344577859,0.0,0.0396825,0.026524,0.0,0.0428765,0.0,0.932965,0.093565,0.654955,0.5571428571428572,3
2025-03-12,0.166527,0.1191996385548211,6,-0.02809,0.29914,0.2357971666666666,1.414783,0.1888833333333333,0.1377405319645116,6,3,bullish,0.0017815714285714,0.095521275895207,0.0392665947734999,0.2321736428571429,0.1152496494653352,2.6666666666666665,0.3850508650793651,-0.0993607499999999,0.2259923112244898,0.095521275895207,2.2857142857142856,0.3322609778911564,-0.0164828711734694,0.188982825340136,0.1234430476985403,2.5714285714285716,0.3037363603741497,0.0011373996703296,0.1866607801587301,0.1312158198484068,2.3333333333333335,0.2907440792857143,-0.0003548005837173,47.95113913928178,0.0026419806906883,-0.0020786980810369,0.4047749030618077,-0.0398943775856172,0.0108140871890658,0.5597638335359267,0.0,0.910191,0.0,0.0,0.0,0.0,0.0,0.2939843333333333,0.0,0.0,0.333333,0.0,0.333333,0.0,0.8888888333333332,0.0,0.116222,0.0,0.0,0.0,0.0,0.0,0.2428273333333333,0.0,0.0,0.077616,0.0,0.077616,0.0,0.166527,0.0,0.324781351508,0.0,0.0,0.0,0.0,0.0,0.222931141446,0.0,0.0,0.025871974128,0.0,0.025871974128,0.0,0.947417974128,0.0832635,0.499581,0.5,3
2025-03-13,0.3476755,0.2178097170628528,4,0.159509,0.651143,0.43844975,1.753799,0.24699625,0.1433048684596933,4,3,bullish,0.1811485,0.0917595648777098,0.152438236056125,0.2263159761904762,0.105104205499326,3.0,0.379655115079365,0.0914650357142857,0.2236859183673469,0.0917595648777098,2.2857142857142856,0.3301340136054422,0.0162443188775509,0.1836344324829932,0.1137893744330539,2.5714285714285716,0.288637299659864,0.0133715917373103,0.1970508634920635,0.1312132336605895,2.4,0.2976480042857143,-0.0003552220096403,47.92985634976232,0.0146703573020271,0.0012711130035196,0.425921258418296,-0.0392316829421054,1.0878025785608338,1.076988491371768,0.0,0.4997325,0.0,0.0,0.310843,0.0,0.0,0.7486296666666666,0.0,0.0,0.5,0.0,0.5,0.5,0.5,0.0,0.4386135,0.0,0.0,0.226084,0.0,0.0,0.4103976666666666,0.0,0.0,0.5025545,0.0,0.226084,0.159509,0.3476755,0.0,0.604812180934,0.0,0.0,0.070276628812,0.0,0.0,1.051573440732,0.0,0.0,0.5025545,0.0,0.113042,0.0797545,0.695351,0.2176991,0.8707964,0.6,3
2025-03-14,0.247793,0.2178097170628528,1,0.247793,0.247793,0.303175,0.303175,0.344404,0.1433048684596933,1,1,bullish,-0.0998825,0.0911379180875466,0.075124642775,0.2539985000000001,0.0907335436084692,2.3333333333333335,0.3258073055555555,0.040633,0.2313104183673469,0.0911379180875466,2.0,0.3265754778911565,0.0146465892857142,0.1865397967687075,0.1149484684197524,2.357142857142857,0.2836205425170068,0.015978873914181,0.1935692968253968,0.1283070032055476,2.4,0.2970547042857143,0.0010424165199427,51.20130328502336,0.0159664075405235,0.0042101719164962,0.429769515503844,-0.0379320600276535,-0.2872865646270732,-1.375089143187907,0.0,0.360215,0.0,0.0,0.0,0.0,0.0,0.0,0.0,0.0,0.0,0.0,0.0,0.0,1.0,0.0,0.247793,0.0,0.0,0.0,0.0,0.0,0.0,0.0,0.0,0.0,0.0,0.0,0.0,0.247793,0.0,0.089258755495,0.0,0.0,0.0,0.0,0.0,0.0,0.0,0.0,0.0,0.0,0.0,0.0,0.247793,0.1238965,0.1238965,0.5,1
2025-03-15,0.194407,0.1835521924739663,2,0.064616,0.324198,0.3264065,0.652813,0.2676865,0.188027471292096,2,2,bullish,-0.053386,0.0894772230256011,0.0634557084455,0.2632918333333334,0.0778008267892014,2.0,0.3560104166666666,-0.07663425,0.2340061326530612,0.0894772230256011,2.142857142857143,0.3446966207482993,0.0027250204081632,0.191915225340136,0.1133025442041676,2.4285714285714284,0.3038672210884354,0.0139820424646781,0.1968093768253968,0.1270103889962291,2.3666666666666667,0.300023060952381,0.0003832369405159,52.26896638985785,0.0125447245867466,0.0058770824530762,0.4238162977784768,-0.0148784923022864,-0.2154459569075801,0.071840607719493,0.0,0.614606,0.0,0.0,0.158519,0.333333,0.0,0.5672015,0.0,0.0,0.0,0.0,0.333333,0.0,0.6666665,0.0,0.324198,0.0,0.0,0.324198,0.324198,0.0,0.194407,0.0,0.0,0.0,0.0,0.324198,0.0,0.194407,0.0,0.1992540359879999,0.0,0.0,0.0513915427619999,0.1080658919339999,0.0,0.3258105322399999,0.0,0.0,0.0,0.0,0.1080658919339999,0.0,0.172681891934,0.1296233,0.2592466,0.6,2
2025-03-16,0.193844,0.1405819529633871,3,0.097562,0.355169,0.2364003333333333,0.709201,0.2512963333333333,0.0427551180834918,3,1,bullish,-0.000563,0.0842739114222313,0.0458247862146666,0.2120146666666667,0.0309862242671371,1.3333333333333333,0.2886606111111111,-0.0269745,0.2400343469387755,0.0842739114222313,2.142857142857143,0.3513691683673469,-0.0133437270408163,0.205761225340136,0.0989853785749417,2.4285714285714284,0.3144101734693877,0.007710274751439,0.1872070101587301,0.1150374664908147,2.3666666666666667,0.2829947387301587,0.0023303511541924,56.2945018089763,0.0096760917056157,0.0066368843045066,0.4245323036098062,-0.0128148481336157,-0.002895986255639,0.2125499706519411,0.0,0.4649645,0.0,0.0,0.0,0.5,0.333333,0.9986736666666666,0.0,0.0,0.0,0.0,0.0,0.333333,0.6111110000000001,0.0,0.1131814999999999,0.0,0.0,0.0,0.097562,0.355169,0.193844,0.0,0.0,0.0,0.0,0.0,0.355169,0.193844,0.0,0.114823810088,0.0,0.0,0.0,0.048781,0.118389548277,0.5810195632990001,0.0,0.0,0.0,0.0,0.0,0.118389548277,0.295971548277,0.1356908,0.4070724,0.6999999999999998,1
2025-03-17,0.0969562,0.092293008604119,5,0.024321,0.256505,0.1116572,0.5582860000000001,0.2323093999999999,0.0370671439458181,5,3,neutral,-0.0968877999999999,0.0786578661252334,0.01082585781464,0.1617357333333333,0.0561014277573514,2.0,0.2248213444444444,-0.0487254,0.201706875510204,0.0786578661252334,2.2857142857142856,0.3023720540816326,-0.0107857923469388,0.2045062294217687,0.1003332946840894,2.357142857142857,0.3058425142857142,0.001593809769754,0.1822833834920635,0.115652790021545,2.4,0.2703183342857143,0.0021443498617511,49.42285767527629,-0.0004050213866029,0.0052285031649167,0.4213370330975429,-0.0246270076213524,-0.4998235694682321,-0.4969275832125931,0.0,0.3050065,0.0,0.0,0.0,0.25,0.375,0.74661575,0.0,0.25,0.0,0.0,0.0,0.0,0.75,0.0,0.16208,0.0,0.0,0.0,0.067655,0.16208,0.099089,0.0,0.067655,0.0,0.0,0.0,0.0,0.0969562,0.0,0.0712067426649999,0.0,0.0,0.0,0.01691375,0.14516625,0.298267799333,0.0,0.01691375,0.0,0.0,0.0,0.0,0.30578725,0.0484781,0.2423905,0.5,3
2025-03-18,0.3165832,0.18178002200083,10,0.061867,0.619581,0.4443947,4.443947,0.2614827,0.1278930198747288,10,3,bullish,0.219627,0.0872345984071386,0.1406878961890399,0.2024611333333334,0.1100667798312157,2.3333333333333335,0.2641507444444444,0.0613696,0.2233979857142857,0.0872345984071386,2.2857142857142856,0.2994686642857142,-0.0037578214285714,0.2265434341836734,0.0868420829391233,2.357142857142857,0.3305159928571428,-0.0016801634693877,0.1896272968253968,0.1169896682007737,2.4,0.2783462642857143,0.0024175755770962,59.43308241308313,0.0092097191740088,0.0060247463673538,0.430681354779815,-0.0263795093036245,2.265218727631652,2.7650422970998845,0.0,0.7760018000000001,0.0,0.0,0.158519,0.4444443333333334,0.3888886666666666,0.5895136,0.0,0.0,0.333333,0.158519,0.5,0.5,0.6166666000000001,0.0,0.2558818,0.0,0.0,0.160674,0.2555423333333333,0.3743066666666667,0.3165832,0.0,0.0,0.441472,0.160674,0.269127,0.160674,0.3165832,0.0,0.872642327046,0.0,0.0,0.025469881806,0.373002312711,0.477569998887,1.730312391908,0.0,0.0,0.147157186176,0.025469881806,0.1345635,0.080337,1.953201498887,0.16688762,1.6688762,0.54,3
2025-03-19,0.3359477142857142,0.1751298316989563,7,0.166597,0.628956,0.4104682857142857,2.873278,0.3361048571428571,0.1110012163092948,7,3,bullish,0.0193645142857142,0.0921881235194194,0.1378958823724898,0.2498290380952381,0.13274533729608,3.0,0.3221733952380952,0.1194957571428571,0.2476009448979592,0.0921881235194194,2.2857142857142856,0.324421681292517,0.0001766515306122,0.2367966280612244,0.0908811782461877,2.2857142857142856,0.3283413295918367,0.0003201642857142,0.1892185206349206,0.1164365673424154,2.466666666666667,0.2748745738095238,0.0044552589819376,54.881354358549515,0.0181813990643368,0.0084560769082619,0.4115709969537927,-0.0159296800490308,0.0611672201358575,-2.2040515074957945,0.0,0.374184,0.0,0.0,0.0,0.5,0.5,0.3380925999999999,0.0,0.0,0.5,0.0,0.0,0.5,0.7142857142857143,0.0,0.356342,0.0,0.0,0.0,0.282546,0.248288,0.3729158,0.0,0.0,0.538192,0.0,0.0,0.265522,0.3359477142857142,0.0,0.3842981015,0.0,0.0,0.0,0.141273,0.124144,0.517684235043,0.0,0.0,0.269096,0.0,0.0,0.132761,1.68436,0.1679738571428571,1.175817,0.5,3
2025-03-20,0.126614,0.0432466507373692,2,0.096034,0.157194,0.4157505,0.831501,0.251636,0.2372682662135836,2,2,neutral,-0.2093337142857142,0.0900311570371976,0.052639833807,0.2597149714285715,0.1156747489722905,2.6666666666666665,0.4235378285714286,-0.0949845999999999,0.2160207306122449,0.0900311570371976,2.142857142857143,0.321178931292517,0.0015101295918367,0.2198533244897959,0.087423903070764,2.2142857142857144,0.3256564724489796,0.0013596811302982,0.1837884539682539,0.1153916756002051,2.5,0.2829412904761905,0.004743065603051,42.13639277624428,0.0083138322975606,0.0084276279861075,0.4098284238307612,-0.0222374969259993,-0.6231139709665704,-0.6842811911024279,0.0,0.714479,0.0,0.0,0.0,0.0,0.0,0.459462,0.0,0.0,0.0,0.0,0.0,0.0,1.0,0.0,0.096034,0.0,0.0,0.0,0.0,0.0,0.096034,0.0,0.0,0.0,0.0,0.0,0.0,0.126614,0.0,0.0686142762859999,0.0,0.0,0.0,0.0,0.0,0.0441239737079999,0.0,0.0,0.0,0.0,0.0,0.0,0.253228,0.0729103999999999,0.1458207999999999,0.6,2
2025-03-21,0.2319244999999999,0.2327024777274621,2,0.067379,0.39647,0.1242855,0.248571,0.257045,0.2007645857416093,2,1,bullish,0.1053104999999999,0.0892945831199504,0.0288248524447499,0.2314954047619048,0.10466751681494,2.0,0.3168347619047619,-0.0520116071428571,0.2137538020408163,0.0892945831199504,2.142857142857143,0.2956232884353741,0.007753000510204,0.2225321102040816,0.0871588637296278,2.0714285714285716,0.3110993831632652,0.0008661600627943,0.1926858706349206,0.1079937052642303,2.5,0.2862950404761905,0.0035447486424069,51.29843181174706,0.0088845030310797,0.0085190029951383,0.41313820054988,-0.014269923645118,0.8317445148245848,1.454858485791155,0.0,0.5511105000000001,0.0,0.0,0.0,0.0,0.25,1.0,0.0,0.0,0.25,0.0,0.25,0.0,0.625,0.0,0.2319244999999999,0.0,0.0,0.0,0.0,0.067379,0.067379,0.0,0.0,0.067379,0.0,0.067379,0.0,0.2319244999999999,0.0,0.288414947916,0.0,0.0,0.0,0.0,0.01684475,0.067379,0.0,0.0,0.01684475,0.0,0.01684475,0.0,0.41331475,0.1159622499999999,0.2319244999999999,0.5,1
2025-03-24,0.2231356,0.1544172343872276,5,0.065962,0.421633,0.3060124,1.530062,0.19613,0.1649169803006955,5,3,bullish,-0.0087888999999999,0.0889165809380562,0.06828226048144,0.1938913666666667,0.0584293953417568,2.0,0.2820161333333333,0.0482607999999999,0.217857887755102,0.0889165809380562,2.2857142857142856,0.2927098455782312,0.0059943642857142,0.2259320102040816,0.0861066740837817,2.2142857142857144,0.3187032331632653,-0.0006658867189952,0.1987895323015873,0.1041750853691018,2.5,0.2947949871428571,0.0026883700911065,51.65956383666184,0.0085295872978704,0.0085211198556854,0.4026589344453441,0.0185229024594177,-0.0378955220341101,-0.869640036858695,0.0,0.9829446666666666,0.0,0.0,0.158519,0.0,0.25,0.5383872000000001,0.0,0.0,0.25,0.0,0.25,0.0,0.85,0.0,0.209361,0.0,0.0,0.139652,0.0,0.065962,0.2231356,0.0,0.0,0.065962,0.0,0.065962,0.0,0.2231356,0.0,0.61582903804,0.0,0.0,0.0442749907759999,0.0,0.0164905,0.394933864064,0.0,0.0,0.0164905,0.0,0.0164905,0.0,1.0662065,0.1115678,0.557839,0.5,3
2025-03-25,0.1616583333333333,0.1291522645680929,6,0.059242,0.371272,0.1839261666666667,1.103557,0.2218636666666666,0.1228660731034677,6,3,bullish,-0.0614772666666666,0.0911689687189776,0.0297331975597222,0.2055728111111111,0.0382840986530138,2.3333333333333335,0.2047413555555556,-0.0351330833333333,0.2132599353741496,0.0911689687189776,2.5714285714285716,0.2852135360544218,-0.0034575719387755,0.2266471411564625,0.0854815679292306,2.357142857142857,0.3182913522108843,-0.0049512503506017,0.1998586434126984,0.1036033837529602,2.5,0.2917785176984127,0.001971541332168,50.34015527518781,0.0032523774244202,0.007467371369164,0.4011707816169627,0.0247242743354182,-0.2755152771080306,-0.2376197550739204,0.0,0.90060425,0.0,0.0,0.0,0.2,0.2166666666666666,0.762316,0.0,0.2166666666666666,0.35,0.0,0.2875,0.5,0.3583333333333333,0.0,0.20229125,0.0,0.0,0.0,0.101543,0.0793,0.1391977999999999,0.0,0.0793,0.2241935,0.0,0.08117925,0.273961,0.1616583333333333,0.0,0.708362056177,0.0,0.0,0.0,0.0203086,0.0505421,0.384063131147,0.0,0.0505421,0.201059,0.0,0.0939506,0.1369805,0.4165671,0.0932049,0.5592294,0.5333333333333333,3
2025-03-26,0.125153,0.1586507200677009,2,0.01297,0.237336,0.150279,0.300558,0.283674,0.0875030499582729,2,2,neutral,-0.0365053333333333,0.0856284399891419,0.0188078676869999,0.1699823111111111,0.0495188239987955,2.6666666666666665,0.2134058555555555,-0.0489912999999999,0.2172880496598639,0.0856284399891419,2.4285714285714284,0.2907309360544218,-0.0295124200680272,0.209497462585034,0.079404244842782,2.357142857142857,0.2965514950680272,-0.0032818073888016,0.1974866034126984,0.1044981018624151,2.466666666666667,0.2863854043650793,0.0014651250018539,40.72675036543313,-0.0038301094492402,0.0052078752050229,0.3863398921987143,0.0512642304203333,-0.2258178256611165,0.049697451446914,0.0,0.544068,0.0,0.0,0.0,0.0,0.0,0.214378,0.158519,0.0,0.4166665,0.0,0.333333,0.0,0.4166665,0.0,0.125153,0.0,0.0,0.0,0.0,0.0,0.237336,0.01297,0.0,0.125153,0.0,0.01297,0.0,0.125153,0.0,0.085175669636,0.0,0.0,0.0,0.0,0.0,0.050879617008,0.00205599143,0.0,0.12299132901,0.0,0.00432332901,0.0,0.12299132901,0.0638735,0.127747,0.6,2
2025-03-27,0.10794875,0.0946029123490216,4,-0.027,0.192556,0.3073325,1.22933,0.20472475,0.147066407656258,4,4,neutral,-0.0172042499999999,0.0815174833899048,0.033176159209375,0.1315866944444445,0.0274267051177025,3.0,0.2138458888888889,-0.0268547916666666,0.1874831282312925,0.0815174833899048,2.5714285714285716,0.2711506217687075,-0.0270423235544217,0.2054405569727891,0.0832255605166105,2.4285714285714284,0.2853096430272109,-0.0076585409576138,0.2003047784126984,0.1007129040943855,2.566666666666667,0.2949635043650794,-0.0003131116955347,47.44449385707107,-0.0107072696241022,0.0020248462386791,0.3890332714690285,0.040125426150019,-0.1374657419318752,0.0883520837292413,0.0,0.45155875,0.0,0.0,0.0,0.5,0.4166665,0.5791725,0.0,0.0,0.4166665,0.0,0.0,0.0,0.45833325,0.0,0.10794875,0.0,0.0,0.0,0.122813,0.082778,0.10794875,0.0,0.0,0.058213,0.0,0.0,0.0,0.10794875,0.0,0.206911964479,0.0,0.0,0.0,0.0614065,0.087278009,0.212961305774,0.0,0.0,0.062713009,0.0,0.0,0.0,0.220397509,0.060115025,0.2404601,0.55,4
2025-03-28,-0.061515,0.0869953472893809,2,-0.12303,0.0,0.0694545,0.138909,0.172758,0.1095973084432277,2,2,neutral,-0.16946375,0.0976907093026921,-0.0042724935675,0.0571955833333334,0.1031656362410508,2.6666666666666665,0.1756886666666667,-0.093334,0.1307027404761904,0.0976907093026921,2.4285714285714284,0.2224343666666666,-0.0325114678571428,0.1891518426870748,0.1095729172399635,2.357142857142857,0.2734280239795918,-0.0165687071009942,0.1927193617460317,0.1113861660057327,2.533333333333333,0.290052821031746,-0.0022385286487631,41.08474752566885,-0.029486887807824,-0.0042775005714431,0.3930345256390782,-0.0064093530200305,-1.569853750043423,-1.432388008111548,0.0,0.4784245,0.0,0.0,0.0,0.0,0.0,0.9776665,0.0,0.0,0.0,0.0,0.0,0.0,1.0,0.0,-0.061515,0.0,0.0,0.0,0.0,0.0,-0.061515,0.0,0.0,0.0,0.0,0.0,0.0,-0.061515,0.0,-0.09783370206,0.0,0.0,0.0,0.0,0.0,-0.12302704728,0.0,0.0,0.0,0.0,0.0,0.0,-0.12303,-0.0430604999999999,-0.0861209999999999,0.6,2
2025-03-30,0.045436,0.0869953472893809,1,0.045436,0.045436,0.31482,0.31482,0.092169,0.1095973084432277,1,1,neutral,0.1069509999999999,0.1029345566108131,0.0143041615199999,0.03062325,0.0856974551135416,2.3333333333333335,0.2305356666666667,-0.0312563749999999,0.1191058833333333,0.1029345566108131,2.2857142857142856,0.2080157238095238,-0.0422312958333333,0.1675633069727891,0.1056410831264046,2.2142857142857144,0.2645973275510204,-0.0154488193982208,0.1859995450793651,0.1140458879474587,2.433333333333333,0.287680021031746,-0.002814184311669,37.456292933562835,-0.0353353039952146,-0.0104890612568452,0.3962406530521895,-0.0245140304331418,-1.7386165975778265,-0.1687628475344031,0.0,0.928769,0.0,0.0,0.310843,0.0,0.25,0.623304,0.0,0.0,0.25,0.158519,0.0,0.25,0.25,0.0,0.045436,0.0,0.0,0.045436,0.0,0.045436,0.045436,0.0,0.0,0.045436,0.045436,0.0,0.045436,0.045436,0.0,0.0421995482839999,0.0,0.0,0.0141234625479999,0.0,0.011359,0.0283204405439999,0.0,0.0,0.011359,0.0072024692839999,0.0,0.011359,0.011359,0.0318052,0.0318052,0.7,1
2025-03-31,0.2234226666666666,0.2642231436696389,6,-0.010024,0.73661,0.3940828333333333,2.364497,0.3024661666666666,0.0881260426330756,6,3,bullish,0.1779866666666666,0.1014205459173082,0.0880470375108888,0.0691145555555556,0.1439370486228589,2.0,0.2594524444444444,0.1424688333333333,0.1178913357142857,0.1014205459173082,2.5714285714285716,0.2465581999999999,-0.0149375523809524,0.165822568877551,0.1044110006833577,2.357142857142857,0.2710907442176871,-0.0112079027577184,0.1854248006349206,0.1138040876040579,2.433333333333333,0.2929734738095238,-0.0021957416801737,49.0501485316715,-0.0253207155274098,-0.0134553921112056,0.3992292284207565,-0.0227140391350422,3.9173049270769145,5.655921524654741,0.0,0.62391175,0.0,0.0,0.0,0.0,0.5,0.6033295000000001,0.0,0.0,0.5,0.0,0.0,0.0,0.8333333333333334,0.0,0.12654675,0.0,0.0,0.0,0.0,0.236193,0.2692365,0.0,0.0,0.097739,0.0,0.0,0.0,0.2234226666666666,0.0,0.215745220252,0.0,0.0,0.0,0.0,0.1180965,0.5095844929140001,0.0,0.0,0.0488695,0.0,0.0,0.0,1.17357,0.1113772,0.6682632,0.5333333333333333,3
2025-04-01,0.13608725,0.0946348641934708,4,0.045231,0.240142,0.2594895,1.0379580000000002,0.24277175,0.0729941874324022,4,2,neutral,-0.0873354166666666,0.0911857180388258,0.035313212458875,0.1349819722222222,0.0889984809252512,2.0,0.3227974444444445,0.045325625,0.1054558571428571,0.0911857180388258,2.4285714285714284,0.2399120714285714,0.0020469047619047,0.1616568724489795,0.1043462132813228,2.357142857142857,0.2663109585034013,-0.0111151394139194,0.1758759423015873,0.1048905390708771,2.4,0.2799619038095238,-0.0008786815662905,47.78554870394619,-0.0241509147392256,-0.0155944966369524,0.3991333522295415,-0.0241740879438272,-0.3908977453794602,-4.308202672456375,0.0,0.6879853333333333,0.0,0.0,0.310843,0.333333,0.25,0.7722076666666666,0.0,0.25,0.0,0.158519,0.361111,0.0,0.52083325,0.0,0.117607,0.0,0.0,0.1183795,0.191528,0.067448,0.1663726666666666,0.0,0.067448,0.0,0.191528,0.1014023333333333,0.0,0.13608725,0.0,0.290838366619,0.0,0.0,0.073594877837,0.063842602824,0.016862,0.335015487708,0.0,0.016862,0.0,0.030360827032,0.103320102824,0.0,0.343462102824,0.077620025,0.3104801,0.55,2
2025-04-02,0.1983773333333333,0.0936499701085554,3,0.09024,0.25268,0.2764026666666667,0.8292080000000001,0.269224,0.1732668883312677,3,2,bullish,0.0622900833333333,0.0958923713647476,0.0548320239395555,0.1859624166666667,0.0449718397218221,2.3333333333333335,0.3099916666666667,-0.0125226666666666,0.1107014285714285,0.0958923713647476,2.2857142857142856,0.253123,0.0200317023809523,0.1619806819727891,0.1044607515809104,2.4285714285714284,0.2691682680272109,-0.0090048692935635,0.175584590079365,0.1048128770229164,2.3333333333333335,0.2767283393650793,-0.0005180495243392,50.16442681136539,-0.0179914838025345,-0.0160738940700944,0.3737541083634844,-0.0154819607444368,0.4577216699825541,0.8486194153620144,0.0,0.666731,0.0,0.0,0.158519,0.0,0.0,0.419971,0.0,0.0,0.0,0.1864485,0.0,0.0,1.0,0.0,0.1983773333333333,0.0,0.0,0.09024,0.0,0.0,0.1983773333333333,0.0,0.0,0.0,0.17146,0.0,0.0,0.1983773333333333,0.0,0.35005199554,0.0,0.0,0.0143047545599999,0.0,0.0,0.205687124944,0.0,0.0,0.0,0.0684737876,0.0,0.0,0.595132,0.1052046666666666,0.315614,0.5666666666666667,2
2025-04-03,0.43899,0.1110779900430324,2,0.360446,0.517534,0.402224,0.804448,0.358396,0.0343908454097889,2,1,bullish,0.2406126666666666,0.1574092840895152,0.17657231376,0.2578181944444445,0.1599607169482977,1.6666666666666667,0.3127053888888889,0.151451375,0.1555352857142857,0.1574092840895152,2.142857142857143,0.2891151428571428,0.057269988095238,0.1864116676870748,0.1258834589877909,2.2857142857142856,0.2899230394557823,-0.0032339815907901,0.186245890079365,0.1146770873997671,2.3333333333333335,0.2887040393650794,0.000792143044123,61.23447401547614,0.006228749644579,-0.0116133653269692,0.4192472609349807,-0.033550656173076,1.2129040280139534,0.7551823580313992,0.0,0.9998175,0.0,0.0,0.0,0.0,0.0,0.452403,0.0,0.0,0.0,0.0,0.0,0.0,1.0,0.0,0.43899,0.0,0.0,0.0,0.0,0.0,0.43899,0.0,0.0,0.0,0.0,0.0,0.0,0.43899,0.0,0.877841054074,0.0,0.0,0.0,0.0,0.0,0.343127326228,0.0,0.0,0.0,0.0,0.0,0.0,0.87798,0.219495,0.43899,0.5,1
2025-04-04,0.302291,0.2327555348149642,3,0.050109,0.50887,0.43173,1.29519,0.265104,0.0273398486279642,3,2,bullish,-0.1366989999999999,0.1645920709962169,0.13050809343,0.3132194444444445,0.1206780303683838,1.6666666666666667,0.3701188888888889,0.0519568333333334,0.1832984642857142,0.1645920709962169,1.8571428571428572,0.3068862142857143,0.0661957380952381,0.1853907962585033,0.1247998981574608,2.2142857142857144,0.2890184180272109,0.0043682256724228,0.1963222567460317,0.1109686407814085,2.3666666666666667,0.3001350726984127,0.0002563667583028,49.50350965748141,0.0142313977291299,-0.0064444127155727,0.4308036189558898,-0.0315306141939851,-0.3113943370008427,-1.524298365014796,0.0,0.108179,0.0,0.0,0.158519,0.25,0.5,0.6970086666666667,0.0,0.25,0.25,0.0,0.0,0.0,0.5833333333333334,0.0,0.347894,0.0,0.0,0.050109,0.050109,0.347894,0.302291,0.0,0.050109,0.050109,0.0,0.0,0.0,0.302291,0.0,0.037634825026,0.0,0.0,0.0079432285709999,0.01252725,0.173947,0.455695855706,0.0,0.01252725,0.01252725,0.0,0.0,0.0,0.69534425,0.1511455,0.4534365,0.5,2
2025-04-06,0.338225,0.1611324638054045,3,0.152391,0.439077,0.4476386666666667,1.342916,0.2557609999999999,0.0770912584149461,3,3,bullish,0.0359339999999999,0.131519618278813,0.1514025880333333,0.3598353333333334,0.0708654290210206,2.0,0.4271975555555556,-0.0503824999999999,0.2404041785714285,0.131519618278813,2.0,0.3609125238095238,0.0478216577380952,0.1855534595238095,0.1250125308728868,2.2142857142857144,0.2916734452380952,0.013698332087912,0.2037788853174603,0.112783723892302,2.3333333333333335,0.3073362139682539,0.0006077571974151,50.07820926475687,0.0232049992126129,-0.0005145303297734,0.4290922871418776,-0.0307643323799728,0.1188722125369261,0.4302665495377689,0.0,0.769861,0.0,0.0,0.0,0.0,0.0,0.518786,0.0,0.0,0.4444443333333334,0.0,0.0,0.333333,0.4444443333333334,0.0,0.152391,0.0,0.0,0.0,0.0,0.0,0.287799,0.0,0.0,0.338225,0.0,0.0,0.152391,0.338225,0.0,0.117319887651,0.0,0.0,0.0,0.0,0.0,0.187413238716,0.0,0.0,0.4819389492029999,0.0,0.0,0.050796949203,0.4819389492029999,0.1792719,0.5378157,0.5666666666666667,3
2025-04-07,0.2524252857142857,0.1366984626610876,7,0.076707,0.450956,0.4906745714285714,3.434722,0.2409384285714285,0.1180731484615323,7,4,bullish,-0.0857997142857142,0.0998296250765039,0.1238586688855918,0.2976470952380953,0.0430879580794422,3.0,0.4566810793650793,-0.0249328571428571,0.2699740765306123,0.0998296250765039,2.4285714285714284,0.3860346054421769,0.0212570365646258,0.1945399799319727,0.1249717207828728,2.357142857142857,0.2970251646258503,0.0136658965881737,0.211924317063492,0.1068282451150654,2.3666666666666667,0.3203931663492064,-0.0004281643821176,54.72137496093349,0.0231280446198242,0.0042139846602494,0.429539388116739,-0.0307482047834056,-0.2536764410842317,-0.3725486536211578,0.0,0.8702287999999999,0.0,0.0,0.158519,0.35,0.2,0.4507083333333333,0.0,0.2,0.35,0.0,0.0,0.5,0.6714285714285715,0.0,0.2484944,0.0,0.0,0.076707,0.3110015,0.247077,0.2468416666666666,0.0,0.247077,0.3490165,0.0,0.0,0.076707,0.2524252857142857,0.0,1.018319276869,0.0,0.0,0.0121595169329999,0.2368784,0.0494154,0.753996988491,0.0,0.0494154,0.2748934,0.0,0.0,0.0383535,1.1180209,0.1391164428571428,0.9738151,0.5571428571428572,4
2025-04-08,0.2007646,0.1342588788900011,5,-0.013839,0.328249,0.2066501999999999,1.033251,0.2513312,0.1433617317110811,5,2,bullish,-0.0516606857142857,0.1019356831520803,0.04148804474292,0.263804961904762,0.0694331560905167,3.0,0.3816544793650794,-0.0687301999999999,0.2667372098639456,0.1019356831520803,2.2857142857142856,0.3592585149659864,0.0071915340986394,0.1923142727891156,0.1245313966228517,2.4285714285714284,0.3029083574829932,0.015076199581371,0.212203037063492,0.106786456521554,2.3,0.3125843873015873,-0.0006347923295725,48.78158726894856,0.0186838432901527,0.0071079563862807,0.429845818323409,-0.0304188749900757,-0.204657332834553,0.0490191082496787,0.0,0.7464559999999999,0.0,0.0,0.0,0.2,0.2,0.4674118,0.0,0.2,0.35,0.0,0.0,0.0,0.74,0.0,0.242791,0.0,0.0,0.0,0.168779,0.168779,0.2007646,0.0,0.168779,0.248514,0.0,0.0,0.0,0.2007646,0.0,0.490079158778,0.0,0.0,0.0,0.0337558,0.0337558,0.389793001681,0.0,0.0337558,0.1978803,0.0,0.0,0.0,0.7046753,0.1003823,0.5019115000000001,0.5,2
2025-04-09,0.1914132499999999,0.150858130810319,4,-0.007413,0.356106,0.21759625,0.870385,0.2165435,0.0933728410924004,4,2,bullish,-0.00935135,0.0917535712462565,0.0416508054003124,0.2148677119047619,0.0328601650870626,2.6666666666666665,0.3049736738095238,-0.0305060178571428,0.2746409241496598,0.0917535712462565,2.2857142857142856,0.3532737649659864,-0.0195431701530612,0.1900483906462584,0.1242156537291018,2.357142857142857,0.2965929181972789,0.0160665437833594,0.206456137063492,0.1029145446970234,2.2666666666666666,0.3047263123015873,0.0002767159632395,48.76013974154633,0.0142431481034649,0.0085349947297375,0.4297398994773393,-0.030556031144006,-0.0465786797074785,0.1580786531270744,0.0,0.2597456666666666,0.0,0.0,0.158519,0.5,0.0,0.83662675,0.0,0.0,0.0,0.0,0.4166665,0.333333,0.58333325,0.0,0.1933123333333333,0.0,0.0,0.20848,0.185716,0.0,0.1914132499999999,0.0,0.0,0.0,0.0,0.293675,0.231244,0.1914132499999999,0.0,0.1330385282389999,0.0,0.0,0.0660960822399999,0.092858,0.0,0.717027622452,0.0,0.0,0.0,0.0,0.255134256252,0.077081256252,0.340579256252,0.116554625,0.4662185,0.6,2
2025-04-10,0.268385,0.150858130810319,1,0.268385,0.268385,0.390904,0.390904,0.248382,0.0933728410924004,1,1,bullish,0.07697175,0.0856690871704289,0.1049127700399999,0.2201876166666667,0.0420012232779099,1.6666666666666667,0.2717168166666666,0.0338102,0.2846420193877551,0.0856690871704289,2.142857142857143,0.3696310982993197,-0.0311082464285715,0.1976717239795918,0.1256064942780794,2.2142857142857144,0.3113770491496598,0.0173687966666666,0.208921587063492,0.1035005747210358,2.2,0.3068202873015873,0.0005932595174532,54.12146650989871,0.0167409022777706,0.0101761762393625,0.4349614102225833,-0.01863466188925,0.4021234162211864,0.4487020959286649,0.0,0.684621,0.0,0.0,0.0,0.0,0.0,0.623304,0.0,0.0,0.333333,0.0,0.0,0.333333,0.333333,0.0,0.268385,0.0,0.0,0.0,0.0,0.0,0.268385,0.0,0.0,0.268385,0.0,0.0,0.268385,0.268385,0.0,0.183742007085,0.0,0.0,0.0,0.0,0.0,0.1672854440399999,0.0,0.0,0.0894615772049999,0.0,0.0,0.0894615772049999,0.0894615772049999,0.1341925,0.1341925,0.5,1
2025-04-11,0.1804442,0.0829392622869289,5,0.065103,0.241685,0.3555378,1.777689,0.2825352,0.1040057279369747,5,2,bullish,-0.0879407999999999,0.0598882608901515,0.06415473389076,0.21341415,0.0479210368916148,1.6666666666666667,0.3213460166666667,-0.005484525,0.2477069051020408,0.0598882608901515,2.2857142857142856,0.3629616411564625,-0.0202225869897959,0.2016210954081632,0.1240100321723663,2.2142857142857144,0.3260383920068027,0.0144858545316588,0.2090851603968254,0.1034498593011592,2.2333333333333334,0.3120195973015873,0.0001792959081519,52.05360100474338,0.0114928323121479,0.010439507453922,0.4225561248998328,-0.0198432765664994,-0.3276665983568381,-0.7297900145780245,0.0,0.75523,0.0,0.0,0.0,0.0,0.5,0.387281,0.0,0.0,0.0,0.0,0.0,0.0,0.9,0.0,0.1418476666666666,0.0,0.0,0.0,0.0,0.2414,0.19579525,0.0,0.0,0.0,0.0,0.0,0.0,0.1804442,0.0,0.2598466989369999,0.0,0.0,0.0,0.0,0.1207,0.282967075721,0.0,0.0,0.0,0.0,0.0,0.0,0.781521,0.0902221,0.4511105,0.5,2
2025-04-12,0.449684,0.0829392622869289,1,0.449684,0.449684,0.839046,0.839046,0.274093,0.1040057279369747,1,1,bullish,0.2692398,0.0968085896138423,0.3773055614639999,0.2995044,0.1372910421997006,1.3333333333333333,0.5284959333333333,0.0906495,0.2687630479591836,0.0968085896138423,2.142857142857143,0.4211496411564625,0.0092155438775509,0.2260307561224489,0.1370960920347892,2.0,0.3640179277210884,0.0184852667922553,0.2190197437301587,0.1117234967142117,2.2333333333333334,0.333664713968254,0.001335417793845,60.69100883378756,0.0287250889409928,0.0140966237513623,0.4477960855274399,-0.0337096086226779,1.4920945089950242,1.8197611073518625,0.0,0.495866,0.0,0.0,0.0,0.0,0.0,0.962106,0.0,0.0,0.0,0.0,0.0,0.0,1.0,0.0,0.449684,0.0,0.0,0.0,0.0,0.0,0.449684,0.0,0.0,0.0,0.0,0.0,0.0,0.449684,0.0,0.2229830063439999,0.0,0.0,0.0,0.0,0.0,0.432643674504,0.0,0.0,0.0,0.0,0.0,0.0,0.449684,0.3147787999999999,0.3147787999999999,0.7,1
2025-04-13,0.110134,0.1446556626544567,2,0.007847,0.212421,0.1229205,0.245841,0.1862865,0.1582992879974512,2,1,neutral,-0.3395499999999999,0.1073447835372533,0.013537726347,0.2467540666666667,0.1792241597497762,1.3333333333333333,0.4391681,-0.0351550999999999,0.2361786193877551,0.1073447835372533,1.8571428571428572,0.374761331632653,0.0021427104591836,0.2382913989795918,0.1153537598985893,1.9285714285714288,0.3678369277210884,0.0056944004814233,0.210515927063492,0.1099036978000945,2.2,0.3226074973015873,0.0016414033057894,54.853440419856945,0.0148154929925989,0.0142403975996105,0.4482406129366401,-0.0358021360318781,-0.7550857935794913,-2.2471803025745154,0.0,0.875462,0.0,0.0,0.0,0.333333,0.0,0.3657415,0.0,0.0,0.333333,0.0,0.0,0.333333,0.333333,0.0,0.212421,0.0,0.0,0.0,0.212421,0.0,0.110134,0.0,0.0,0.110134,0.0,0.0,0.007847,0.110134,0.0,0.185966513502,0.0,0.0,0.0,0.070806929193,0.0,0.133251739597,0.0,0.0,0.073422593244,0.0,0.0,0.002615664051,0.073422593244,0.0770937999999999,0.1541875999999999,0.7,1
2025-04-14,0.0726376666666666,0.0264399456378664,3,0.054839,0.103019,0.0772693333333333,0.231808,0.3009386666666667,0.0435812162787287,3,2,neutral,-0.0374963333333333,0.1231540017910471,0.0056126640782222,0.2108185555555556,0.2077113842946327,1.3333333333333333,0.3464119444444444,-0.1885231666666666,0.2104946738095237,0.1231540017910471,1.5714285714285714,0.3157034404761904,-0.0130585821428571,0.240234375170068,0.1120369001433793,2.0,0.3508690229591837,-0.0053964335949764,0.2074456683333333,0.1124827254801192,2.1666666666666665,0.3096925274603174,0.0004362075316489,50.80058198744388,0.0007580177440595,0.0115439216284879,0.4471018390467967,-0.0505920454753681,-0.3404610141585099,0.4146247794209814,0.0,0.108179,0.0,0.0,0.0,0.0,0.0,0.108179,0.0,0.0,0.5,0.0,0.0,0.0,0.5,0.0,0.060055,0.0,0.0,0.0,0.0,0.0,0.081537,0.0,0.0,0.0726376666666666,0.0,0.0,0.0,0.0726376666666666,0.0,0.006496689845,0.0,0.0,0.0,0.0,0.0,0.017641182246,0.0,0.0,0.1089565,0.0,0.0,0.0,0.1089565,0.0363188333333333,0.1089565,0.5,2
2025-04-15,0.1555165999999999,0.0562403753036908,5,0.08802,0.212991,0.2005434,1.002717,0.2008854,0.0643341117122168,5,2,bullish,0.0828789333333333,0.1249245639938772,0.0311878277204399,0.1127627555555556,0.0415019537425162,1.6666666666666667,0.1335777444444444,0.0226913,0.2040306738095238,0.1249245639938772,1.5714285714285714,0.3148310404761904,-0.0203391005952381,0.2353839418367347,0.1142684305808225,1.9285714285714288,0.3370447777210884,-0.0083711736054421,0.207078655,0.1126386949142883,2.1333333333333333,0.3085174019047619,-0.0001810164283065,47.8829112808529,-0.0036535706083619,0.0085044231811068,0.4441346217329358,-0.0543867281615072,1.1409911294874555,1.4814521436459651,0.0,0.982202,0.0,0.0,0.0,0.0,0.0,0.370467,0.158519,0.0,0.333333,0.0,0.333333,0.333333,0.7333332,0.0,0.1723907499999999,0.0,0.0,0.0,0.0,0.0,0.1723907499999999,0.205645,0.0,0.1354635,0.0,0.162627,0.1083,0.1555165999999999,0.0,0.678466156325,0.0,0.0,0.0,0.0,0.0,0.231198870007,0.032598639755,0.0,0.090308909691,0.0,0.0542089457909999,0.0360999639,0.596964909691,0.0777582999999999,0.3887914999999999,0.5,2
2025-04-16,0.1206123333333333,0.1894066456201225,6,-0.134114,0.403881,0.3303035,1.981821,0.1813563333333333,0.106958501159406,6,3,neutral,-0.0349042666666666,0.1289187019708066,0.0398386758431666,0.1162555333333333,0.0416108841205976,2.3333333333333335,0.2027054111111111,0.0239873333333333,0.1939162571428571,0.1289187019708066,1.7142857142857142,0.3309320761904762,-0.031079269047619,0.2342785906462585,0.1153723566569212,2.0,0.3421029205782313,-0.014923879733124,0.1995098827777778,0.1104734567492747,2.1333333333333333,0.3049125269047619,0.0002307697489273,49.50123691225986,-0.009852415627748,0.004833055419325,0.4439030849923852,-0.0582597914209566,-0.2244407778119291,-1.3654319072993846,0.0,0.75743,0.0,0.0,0.0,0.333333,0.5,0.5578306000000001,0.0,0.0,0.0,0.0,0.4166665,0.0,0.7222221666666666,0.0,0.1715576,0.0,0.0,0.0,0.054741,0.26378,0.1715576,0.0,0.0,0.0,0.0,-0.0396865,0.0,0.1206123333333333,0.0,0.6495819481559999,0.0,0.0,0.0,0.0182469817529999,0.13189,0.56234481819,0.0,0.0,0.0,0.0,-0.048810018247,0.0,0.622346981753,0.0755935666666666,0.4535614,0.5666666666666667,3
2025-04-17,0.2499945,0.2437309056158724,4,0.047546,0.583426,0.2892345,1.156938,0.2067505,0.1472361188080787,4,4,bullish,0.1293821666666667,0.12732573069489,0.07230703421025,0.1753744777777778,0.0669379395053221,3.0,0.2733604666666667,0.04723895,0.1912890428571428,0.12732573069489,2.142857142857143,0.3164078619047619,-0.014432494047619,0.2379655311224489,0.1149608391371569,2.142857142857143,0.3430194801020408,-0.0156584116849816,0.1995832661111111,0.1105073613325583,2.2333333333333334,0.3044478435714285,0.0008894639721383,51.59467628580638,-0.0042766252200278,0.0030111192914502,0.4492675924644318,-0.0511401488930033,1.0727109167940263,1.2971516946059554,0.0,0.576289,0.0,0.0,0.682689,0.0,0.5,0.999162,0.0,0.333333,0.333333,0.0,0.0,0.0,0.70833325,0.0,0.277975,0.0,0.0,0.091031,0.0,0.091031,0.047546,0.0,0.047546,0.047546,0.0,0.0,0.0,0.2499945,0.0,0.160193934775,0.0,0.0,0.062145862359,0.0,0.0455155,0.047506156452,0.0,0.015848650818,0.015848650818,0.0,0.0,0.0,0.922765150818,0.13647765,0.5459106,0.65,4
2025-04-18,0.0939697499999999,0.1729528494848138,4,-0.061219,0.341385,0.24965825,0.998633,0.2393035,0.1021042969337399,4,4,neutral,-0.15602475,0.1326374901923432,0.0234603233379375,0.1548588611111111,0.0834598655149061,3.6666666666666665,0.2897320833333334,-0.0133212916666666,0.1789355499999999,0.1326374901923432,2.4285714285714284,0.3012822119047619,-0.0264088244047619,0.2133212275510204,0.1051113303820225,2.357142857142857,0.3321219265306122,-0.0131453965672422,0.1962353577777777,0.1121783673134303,2.3,0.3018895685714285,0.0001723880618676,38.753008760305185,-0.0123047711306906,-5.205879298371818e-05,0.4497158261373789,-0.0529862825659503,-0.6241127304800707,-1.696823647274097,0.0,0.4592376666666666,0.0,0.0,0.158519,0.25,0.25,0.4408523333333333,0.0,0.0,0.2916665,0.0,0.25,0.2777776666666666,0.45833325,0.0,0.1061146666666666,0.0,0.0,-0.061219,-0.061219,0.057535,0.011498,0.0,0.0,0.0478564999999999,0.0,-0.061219,0.011498,0.0939697499999999,0.0,0.064858106992,0.0,0.0,-0.009704374661,-0.01530475,0.01438375,0.04854105108,0.0,0.0,0.0271097372739999,0.0,-0.01530475,0.011804987274,0.353189987274,0.043923925,0.1756957,0.55,4
2025-04-20,0.040626,0.1729528494848138,1,0.040626,0.040626,0.152741,0.152741,0.160827,0.1021042969337399,1,1,neutral,-0.0533437499999999,0.0676719628819804,0.006205255866,0.12819675,0.1087998522278984,3.0,0.2305445833333333,-0.1046842499999999,0.1204986928571428,0.0676719628819804,2.4285714285714284,0.2032386404761904,-0.0025493547619047,0.1946308704081632,0.1111639475239207,2.2857142857142856,0.3121941408163265,-0.0151464765044479,0.1911280911111111,0.1157228593565408,2.3,0.2991009241269841,-0.0008480354012394,40.980044306764185,-0.0227094070359483,-0.0045835284415834,0.4360386473308011,-0.0290950037593726,-0.5676693829663269,0.0564433475137438,0.0,0.795202,0.158519,0.0,0.158519,0.0,0.0,0.999941,0.0,0.0,0.0,0.0,0.0,0.5,0.5,0.0,0.040626,0.040626,0.0,0.040626,0.0,0.0,0.040626,0.0,0.0,0.0,0.0,0.0,0.040626,0.040626,0.0,0.032305876452,0.006439992894,0.0,0.006439992894,0.0,0.0,0.040623603066,0.0,0.0,0.0,0.0,0.0,0.020313,0.020313,0.0284382,0.0284382,0.7,1
2025-04-21,0.1649464285714285,0.1809035871856029,7,-0.141457,0.431627,0.2728022857142857,1.909616,0.2606572857142857,0.0942456598023029,7,4,bullish,0.1243204285714285,0.0694213480393864,0.0449977627346938,0.0998473928571429,0.062368279230816,3.0,0.2250671785714285,0.0354883392857143,0.1283290397959183,0.0694213480393864,2.857142857142857,0.2246503241496598,0.0007322322278911,0.1822538295918367,0.1033156917343328,2.357142857142857,0.2997058278911564,-0.0112607310099424,0.193394432063492,0.1144740100740358,2.3333333333333335,0.3044724269841269,-0.001666410671116,44.36992192324042,-0.020685793847133,-0.0078039815226972,0.4307875469315154,-0.011892860502944,3.0601198388083635,3.62778922177469,0.0,0.7966255000000001,0.0,0.0,0.158519,0.5,0.4166665,0.6831604,0.0,0.4166665,0.3888886666666666,0.0,0.0,0.0,0.5238094285714286,0.0,0.2160136666666666,0.0,0.0,0.179261,0.169609,0.3733495,0.2252946,0.0,0.1450165,0.2107133333333333,0.0,0.0,0.0,0.1649464285714285,0.0,1.119613463488,0.0,0.0,0.028416274459,0.0848045,0.301411522791,0.670713878955,0.0,0.126554463076,0.225669985867,0.0,0.0,0.0,0.416183985867,0.0875949571428571,0.6131647,0.5285714285714286,4
2025-04-22,0.197348,0.2006390711259542,15,-0.044567,0.518796,0.3381757333333333,5.072636,0.1710440666666666,0.1573985966167545,15,3,bullish,0.0324015714285714,0.0687461751694045,0.0667383046218666,0.1343068095238096,0.0827317110456289,2.6666666666666665,0.2545730063492064,0.078361,0.1461448017006802,0.0687461751694045,3.0,0.2619226670068027,0.0001712103741496,0.178319737755102,0.101470283519142,2.2857142857142856,0.2888130537414966,-0.0085161242909471,0.1894199253968253,0.1120946225211933,2.3333333333333335,0.3009317947619047,-0.0007913260712961,48.146128420391165,-0.0162800365242594,-0.0094991925230113,0.4294443804416282,-0.0131571606797234,0.1964369383999133,-2.86368290040845,0.0,0.834361,0.158519,0.158519,0.3332423333333333,0.0,0.3333333333333333,0.4350983846153846,0.0,0.2916665,0.39583325,0.0,0.333333,0.333333,0.5999999333333332,0.0,0.1568804615384615,0.284256,0.0323805,0.116339,0.0,0.0864916666666666,0.1851658461538461,0.0,0.1456565,0.203744125,0.0,0.518796,0.518796,0.197348,0.0,1.755138699276,0.045059976864,0.010265848959,0.089271599193,0.0,0.11354725,0.795663593322,0.0,0.1888117440449999,0.712475244045,0.0,0.172931827068,0.172931827068,1.599521071113,0.098674,1.48011,0.5,3
2025-04-23,0.2158311875,0.2049957524835474,16,-0.104464,0.554386,0.2896195625,4.633913,0.166994625,0.1359489745847683,16,5,bullish,0.0184831875,0.0737166744866075,0.0625089340976054,0.1927085386904762,0.0257576808687553,4.0,0.3001991938492064,0.0254423794642857,0.1547611713435374,0.0737166744866075,3.4285714285714284,0.2746478330782312,0.0089764371811224,0.1793959225765306,0.1018059852687035,2.5,0.2947394367772109,-0.0067044280703819,0.1854160411706349,0.1087764485046422,2.4,0.2969035039880952,0.0003896056431749,50.5187186087701,-0.0111683543605708,-0.0098330248905234,0.4308234160999511,-0.0065618025880464,0.0936578404645602,-0.1027790979353531,0.0,0.6875956000000001,0.0,0.158519,0.367404,0.2055556666666667,0.27083325,0.4744868,0.0,0.25,0.2833331666666667,0.0,0.35,0.2333333333333333,0.6531249375,0.0,0.1879536,0.0,0.117,0.1890575,0.2204563333333333,0.1931205,0.2088635,0.0,0.2928893333333333,0.27408,0.0,0.2181405,0.2139646666666667,0.2158311875,0.0,1.043441533221,0.0,0.018546723,0.108817501685,0.138737939,0.2207203895999999,1.029613324869,0.0,0.256115687538,0.483714708869,0.0,0.1170144,0.149519709731,2.087475208869,0.13014909375,2.0823855,0.5875,5
2025-04-24,0.2117416,0.2071739728120091,10,-0.034892,0.578098,0.1990202,1.990202,0.2904348,0.0677242809301886,10,4,bullish,-0.0040895875,0.074720759471689,0.04214085558032,0.2083069291666667,0.0097084899876376,4.0,0.2756051652777778,0.0071968,0.1677796380102041,0.074720759471689,3.5714285714285716,0.2558930759353742,0.0102030776785714,0.1808479475765306,0.1021350055609206,2.642857142857143,0.2934125760629252,-0.0053840902289377,0.1882536278373016,0.1082989086435808,2.466666666666667,0.2896791606547619,0.0001539166397849,50.70241762711703,-0.0073624185572042,-0.0093389036238593,0.4313963359261063,-0.0057982957475349,-0.0189480841363578,-0.1126059246009181,0.0,0.8631800000000001,0.0,0.158519,0.0,0.333333,0.3666666,0.7518404285714286,0.0,0.0,0.25,0.3947113333333333,0.25,0.375,0.6333333,0.0,0.0770338,0.0,0.156746,0.0,0.003133,0.0962302,0.1587478571428571,0.0,0.0,0.1477689999999999,0.0937563333333333,0.138792,0.181052,0.2117416,0.0,0.408909528268,0.0,0.024847219174,0.0,0.001044332289,0.166168832289,0.571279810416,0.0,0.0,0.0738844999999999,0.128820821601,0.034698,0.1418655,1.699754832289,0.11357418,1.1357418,0.6,4
2025-04-25,0.1136378,0.1734844104197838,5,-0.080727,0.345194,0.2953,1.4765,0.1679835999999999,0.1304267285041682,5,2,neutral,-0.0981037999999999,0.0671007230881584,0.03355724234,0.1804035291666667,0.0578569626306771,3.6666666666666665,0.2613132541666667,-0.05109669375,0.1483001094387755,0.0671007230881584,3.2857142857142856,0.2567595759353742,0.0161471467474489,0.1697945761479591,0.1002896811177957,2.7142857142857144,0.286583718920068,-0.0044185432666143,0.1843107378373015,0.1088062086258078,2.5,0.2953796439880953,-2.629736916679874e-05,44.729890956150456,-0.0121221897372588,-0.0098955608465394,0.3913893185396998,0.0016735016388715,-0.4633184976405202,-0.4443704135041624,0.0,0.6465968,0.0,0.0,0.0,0.5,0.5,0.38399225,0.0,0.0,0.0,0.0,0.0,0.0,0.8,0.0,0.1136378,0.0,0.0,0.0,0.226142,0.089435,0.145011,0.0,0.0,0.0,0.0,0.0,0.0,0.1136378,0.0,0.390495259077,0.0,0.0,0.0,0.113071,0.0447175,0.274237963562,0.0,0.0,0.0,0.0,0.0,0.0,0.4104005,0.07919814,0.3959907,0.6199999999999999,2
2025-04-26,0.1822395,0.0704257140858365,2,0.132441,0.232038,0.383193,0.766386,0.0239074999999999,0.0372779623973736,2,2,bullish,0.0686016999999999,0.063379883919156,0.0698329007235,0.1692063,0.0503337572637888,2.6666666666666665,0.2925044,-0.01475105,0.1609100737244898,0.063379883919156,3.0,0.275835968792517,0.0120220301020408,0.1699228118622449,0.100305492304235,2.7142857142857144,0.2885590903486394,-0.0037118875130821,0.1829475345039682,0.1085589162199331,2.466666666666667,0.2979523306547619,0.0002280974761639,50.0619573052289,-0.0102409745899885,-0.0099646435952293,0.3789595684246766,0.0020981017538947,0.6036873293921563,1.0670058270326763,0.0,0.937731,0.0,0.0,0.0,0.0,0.0,0.4688915,0.0,0.0,0.5,0.0,0.0,0.0,0.75,0.0,0.1822395,0.0,0.0,0.0,0.0,0.0,0.1822395,0.0,0.0,0.132441,0.0,0.0,0.0,0.1822395,0.0,0.335581451556,0.0,0.0,0.0,0.0,0.0,0.196249886088,0.0,0.0,0.0662205,0.0,0.0,0.0,0.2982585,0.11432355,0.2286471,0.6,2
2025-04-27,0.2223014999999999,0.1659332128071411,2,0.104969,0.339634,0.3123185,0.624637,0.189943,0.0405554023281732,2,1,bullish,0.0400619999999999,0.0380516445091936,0.06942887102775,0.1727262666666667,0.0549529446960155,1.6666666666666667,0.3302705000000001,0.05433185,0.1868637165816326,0.0380516445091936,3.0,0.2986327545068027,0.0014162438137755,0.1536812047193877,0.062989401165689,2.7142857142857144,0.2509356974914966,0.0070075427459445,0.1849689733928571,0.1087133257214114,2.4,0.3022320750992063,0.0003351719507124,40.678313331126,-0.005454697557712,-0.0090626543877255,0.3607575406415416,0.0087077795370298,0.2198315952359395,-0.3838557341562167,0.0,0.938793,0.158519,0.0,0.158519,0.25,0.0,0.7517480000000001,0.0,0.25,0.25,0.0,0.0,0.0,0.625,0.0,0.339634,0.104969,0.0,0.2223014999999999,0.104969,0.0,0.2223014999999999,0.0,0.104969,0.104969,0.0,0.0,0.0,0.2223014999999999,0.0,0.318846021762,0.016639580911,0.0,0.070478022957,0.02624225,0.0,0.275973360464,0.0,0.02624225,0.02624225,0.0,0.0,0.0,0.36587625,0.1556110499999999,0.3112220999999999,0.7,1
2025-04-28,0.1170355,0.1688947635372393,6,0.012887,0.456402,0.3623486666666666,2.174092,0.1731398333333333,0.1025702558199338,6,3,neutral,-0.1052659999999999,0.0461072224582051,0.0424076573776666,0.1738588333333334,0.0531310584247419,2.0,0.3526200555555556,-0.0326019999999999,0.1800192982142857,0.0461072224582051,2.857142857142857,0.3114250946428571,-0.0091963919642857,0.154174169005102,0.0626484618340539,2.857142857142857,0.2680377093962585,0.0045249004774986,0.1846983900595238,0.1088773175717475,2.433333333333333,0.3093010639880952,-0.0005156324772233,50.35020249863888,-0.010039540718421,-0.0092580316538647,0.353439483459143,0.0024868581479998,-0.4735280688614336,-0.6933596640973732,0.0,0.9510492,0.0,0.0,0.0,0.0,0.0,0.5685342,0.0,0.0,0.5,0.0,0.0,0.0,0.8333333333333334,0.0,0.1378652,0.0,0.0,0.0,0.0,0.0,0.0491622,0.0,0.0,0.2588505,0.0,0.0,0.0,0.1170355,0.0,0.667394150508,0.0,0.0,0.0,0.0,0.0,0.147718686071,0.0,0.0,0.2588505,0.0,0.0,0.0,0.4433625,0.06056105,0.3633663,0.5333333333333333,3
2025-04-29,0.1547456666666666,0.1661825126489948,3,0.011632,0.337007,0.1266253333333333,0.379876,0.2067689999999999,0.0234673189989823,3,2,bullish,0.0377101666666666,0.0462501324206029,0.0195947216235555,0.1646942222222223,0.053333507359178,2.0,0.2670975,-0.0337779166666666,0.1739332505952381,0.0462501324206029,2.7142857142857144,0.2812036089285714,-0.0094287522321428,0.1600390261479591,0.0581069046062472,2.857142857142857,0.2715631379676871,0.001853212421507,0.186258287281746,0.1080720542167189,2.3666666666666667,0.303277491765873,-0.0012381837164309,54.16549852840579,-0.0105091394660576,-0.0095082532163033,0.3510864963900677,0.0002379518837417,0.3222113518262977,0.7957394206877313,0.0,0.917436,0.0,0.0,0.0,0.2,0.0,0.913085,0.0,0.0,0.2,0.0,0.35,0.2,0.5666666666666667,0.0,0.011632,0.0,0.0,0.0,0.115598,0.0,0.063615,0.0,0.0,0.115598,0.0,0.2263025,0.115598,0.1547456666666666,0.0,0.010671615552,0.0,0.0,0.0,0.0231196,0.0,0.12520800944,0.0,0.0,0.0231196,0.0,0.1916231,0.0231196,0.2032551,0.0858548333333333,0.2575645,0.6333333333333333,2
2025-04-30,0.14758425,0.2564453646521678,4,-0.061285,0.513035,0.368557,1.474228,0.2541744999999999,0.1355206793334508,4,4,neutral,-0.0071614166666666,0.0430269361881648,0.05439320842725,0.1397884722222223,0.0200273508202492,3.0,0.2858436666666666,0.015274375,0.1641836880952381,0.0430269361881648,2.5714285714285716,0.2924803857142857,-0.0062664398809523,0.1594724297193877,0.0581930047259221,3.0,0.2835641093962585,0.0013482707025117,0.193228262281746,0.0977953811934282,2.433333333333333,0.3132475750992063,-0.0031964749259759,49.5640870349504,-0.0113285561198382,-0.0098723137970104,0.3491614031939666,-0.0022198549201571,-0.0462786249264921,-0.3684899767527898,0.0,0.996888,0.0,0.0,0.0,0.0,0.0,0.5420933333333333,0.0,0.0,0.333333,0.0,0.333333,0.5,0.70833325,0.0,0.0692935,0.0,0.0,0.0,0.0,0.0,0.0257673333333333,0.0,0.0,0.131956,0.0,0.131956,0.006631,0.14758425,0.0,0.137766332481,0.0,0.0,0.0,0.0,0.0,0.019673872215,0.0,0.0,0.0439852893479999,0.0,0.0439852893479999,0.0033155,0.499050789348,0.074123675,0.2964947,0.55,4
2025-05-01,0.15032775,0.1310690210644213,8,-0.091565,0.312935,0.1628929999999999,1.303144,0.263439,0.0748921627618194,8,3,bullish,0.0027434999999999,0.0376371420096781,0.02448733818075,0.1508858888888889,0.0036131857733709,3.0,0.2193584444444445,-0.0022089583333333,0.1554102809523809,0.0376371420096781,2.4285714285714284,0.2873193571428571,-0.0009570172619047,0.1615949594812925,0.0572000414249311,3.0,0.2716062165391156,-0.0001941079395604,0.1967246539484127,0.0941358738140573,2.5,0.308183341765873,-0.0044925094058212,51.69281183534699,-0.0116226004775758,-0.0102223711331235,0.3376757412093921,-0.0025399179355826,0.0185893819970626,0.0648680069235547,0.0,0.43458475,0.0,0.0,0.0,0.0,0.0,0.5046911428571429,0.0,0.0,0.5,0.0,0.0,0.5,0.8125,0.0,0.252132,0.0,0.0,0.0,0.0,0.0,0.1609148571428571,0.0,0.0,-0.0025465,0.0,0.0,0.076218,0.15032775,0.0,0.441252695013,0.0,0.0,0.0,0.0,0.0,0.5647344841140001,0.0,0.0,-0.0025465,0.0,0.0,0.038109,1.1670595,0.0933283499999999,0.7466267999999999,0.6,3
2025-05-02,0.119337,0.1310690210644213,1,0.119337,0.119337,0.186259,0.186259,0.21692,0.0748921627618194,1,1,neutral,-0.03099075,0.0366311071356179,0.022227590283,0.1390830000000001,0.0171554680805428,2.6666666666666665,0.2392363333333333,-0.014123625,0.1562244523809524,0.0366311071356179,2.2857142857142856,0.2717420714285714,-0.0107895089285714,0.1522622809098639,0.0520989100228058,2.7857142857142856,0.2642508236819728,0.0015127923560962,0.1932551317261905,0.0950318017533891,2.433333333333333,0.3012558806547619,-0.0048076603669421,41.61702408006612,-0.0141926454165923,-0.0110164259898173,0.3358373693491101,-0.0068122660753005,-0.2061545523032175,-0.2247439343002801,0.0,0.77141,0.0,0.0,0.310843,0.0,0.0,1.0,0.0,0.5,0.0,0.0,0.0,0.0,0.5,0.0,0.119337,0.0,0.0,0.119337,0.0,0.0,0.119337,0.0,0.119337,0.0,0.0,0.0,0.0,0.119337,0.0,0.09205775517,0.0,0.0,0.037095071091,0.0,0.0,0.119337,0.0,0.0596685,0.0,0.0,0.0,0.0,0.0596685,0.0835359,0.0835359,0.7,1
2025-05-03,-0.056155,0.1310690210644213,1,-0.056155,-0.056155,0.34729,0.34729,0.017019,0.0748921627618194,1,1,neutral,-0.1754919999999999,0.0859849104184427,-0.01950206995,0.0711699166666667,0.1113500446767798,1.6666666666666667,0.2321473333333333,-0.103241375,0.1221680952380952,0.0859849104184427,2.142857142857143,0.2666130714285714,-0.0298280148809524,0.1415390844812925,0.0753023547344973,2.5714285714285716,0.2712245201105442,-0.0063637188867085,0.1868470567261904,0.104980392478099,2.4,0.3041825639880952,-0.0068110192442661,40.6027531939399,-0.0300434344686385,-0.0148218276855819,0.2798961718180038,-0.0014549685441942,-1.4705581672071528,-1.2644036149039353,0.0,0.947132,0.0,0.0,0.0,0.5,0.0,0.459462,0.0,0.0,0.0,0.0,0.0,0.0,0.5,0.0,-0.056155,0.0,0.0,0.0,-0.056155,0.0,-0.056155,0.0,0.0,0.0,0.0,0.0,0.0,-0.056155,0.0,-0.0531861974599999,0.0,0.0,0.0,-0.0280775,0.0,-0.0258010886099999,0.0,0.0,0.0,0.0,0.0,0.0,-0.0280775,-0.0393084999999999,-0.0393084999999999,0.7,1
2025-05-05,0.11097475,0.0956681418215245,4,0.0,0.200744,0.25351475,1.014059,0.203112,0.1302647032775954,4,3,neutral,0.16712975,0.073811133300009,0.0281337360025625,0.05805225,0.0989947158725532,1.6666666666666667,0.2623545833333333,-0.0041811249999999,0.1062642738095238,0.073811133300009,2.4285714285714284,0.2582125357142857,-0.0167225297619047,0.1465639951955782,0.0702265629704892,2.7142857142857144,0.2784226451105442,-0.0105637905690737,0.183933637281746,0.1058584970616441,2.433333333333333,0.3034196334325397,-0.0072209988483235,53.85449007628328,-0.0287878274605832,-0.0176150276405823,0.2799021099866998,-0.0013768317128902,-2.9762220639301935,-1.505663896723041,0.0,0.6826030000000001,0.0,0.0,0.0,0.333333,0.333333,0.6863757500000001,0.0,0.0,0.0,0.310843,0.0,0.5,0.70833325,0.0,0.1904405,0.0,0.0,0.0,0.063018,0.063018,0.11097475,0.0,0.0,0.0,0.180137,0.0,0.0,0.11097475,0.0,0.259333644511,0.0,0.0,0.0,0.021005978994,0.021005978994,0.368902190364,0.0,0.0,0.0,0.0559943254909999,0.0,0.0,0.401886978994,0.0644942249999999,0.2579768999999999,0.55,3
2025-05-06,0.186028,0.1506352507593535,4,0.0,0.317379,0.106309,0.425236,0.27701825,0.0895927104861215,4,4,bullish,0.07505325,0.0798485421368662,0.019776450652,0.0802825833333334,0.1239744255613667,2.6666666666666665,0.2357045833333333,0.1210915,0.1161203452380952,0.0798485421368662,2.5714285714285716,0.2216354404761905,-0.0066376696428571,0.1480698217261905,0.0708740814810902,2.7142857142857144,0.2665302675595238,-0.0088302332875457,0.1755015706150793,0.0942835536812793,2.533333333333333,0.2935558000992063,-0.0054484774327294,51.22100358331965,-0.0214890150760726,-0.0183898251276804,0.283388063472211,0.0064762481349318,0.6763092505277102,3.652531314457904,0.0,0.5606466666666666,0.0,0.0,0.0,0.0,0.5,0.68294,0.0,0.0,0.0,0.0,0.0,0.0,0.875,0.0,0.1422443333333333,0.0,0.0,0.0,0.0,0.0,0.2133665,0.0,0.0,0.0,0.0,0.0,0.0,0.186028,0.0,0.293233683777,0.0,0.0,0.0,0.0,0.0,0.237041991998,0.0,0.0,0.0,0.0,0.0,0.0,0.7441120000000001,0.099393,0.397572,0.65,4
2025-05-07,0.2447838749999999,0.1474104300481555,8,0.021619,0.426831,0.36506325,2.920506,0.2255625,0.0456311256396646,8,4,bullish,0.0587558749999999,0.0932371536798616,0.0893615969550937,0.1805955416666667,0.067069771029682,3.6666666666666665,0.241629,0.0669045625,0.1289829464285714,0.0932371536798616,2.857142857142857,0.255698,0.0126656116071428,0.1514580985119047,0.0744545829078879,2.7857142857142856,0.2684508044642857,-0.0044424192948717,0.1735846664484127,0.0921779592546032,2.6,0.2913335750992063,-0.0041270849659674,52.66600624568894,-0.0108387119319306,-0.0168796024885304,0.2948657807921427,0.003925258315,0.3158442546283353,-0.3604649958993748,0.0,0.7831982,0.158519,0.0,0.0,0.333333,0.0,0.6017771666666667,0.0,0.333333,0.4166665,0.0,0.0,0.0,0.77083325,0.0,0.213217,0.376811,0.0,0.0,0.196042,0.0,0.2769748333333333,0.0,0.3114365,0.401821,0.0,0.0,0.0,0.2447838749999999,0.0,0.774964979143,0.059731702909,0.0,0.0,0.0653472679859999,0.0,1.021532745791,0.0,0.207624125709,0.330682357723,0.0,0.0,0.0,1.354616625709,0.1341822624999999,1.0734581,0.55,4
2025-05-08,0.0525966666666666,0.0533199103743932,3,0.021678,0.114165,0.0907266666666666,0.27218,0.1452413333333333,0.1058031009485701,3,1,neutral,-0.1921872083333333,0.0969182709698738,0.0047719202444444,0.1611361805555556,0.0984818905595397,3.0,0.1873663055555555,-0.0667156666666666,0.1154132916666666,0.0969182709698738,2.4285714285714284,0.2160079523809523,0.0071386964285714,0.1397984898809523,0.0763553138549192,2.5,0.254244169047619,-0.0051448418864468,0.1640637220039682,0.0892919879333776,2.533333333333333,0.2794365084325397,-0.003772202130277,42.32449425287758,-0.0177017926904103,-0.0170440405289064,0.297358936161629,-0.0053694637211528,-0.7851301820160063,-1.1009744366443417,0.0,0.8996463333333334,0.0,0.0,0.0,0.25,0.0,0.266143,0.0,0.25,0.25,0.0,0.0,0.0,0.75,0.0,0.0525966666666666,0.0,0.0,0.0,0.114165,0.0,0.114165,0.0,0.114165,0.114165,0.0,0.0,0.0,0.0525966666666666,0.0,0.127578780753,0.0,0.0,0.0,0.02854125,0.0,0.030384215595,0.0,0.02854125,0.02854125,0.0,0.0,0.0,0.07216625,0.0262983333333333,0.078895,0.5,1
2025-05-09,0.1047385999999999,0.080156619609986,5,0.021133,0.200946,0.3848478,1.924239,0.191603,0.0727106259669107,5,3,neutral,0.0521419333333333,0.0957052132355901,0.04030841978508,0.1340397138888889,0.0993876109889319,2.6666666666666665,0.2802125722222222,-0.0700226374999999,0.1089005559523809,0.0957052132355901,2.4285714285714284,0.2477157809523809,0.0109827592261904,0.1321554184523809,0.0739164260984991,2.4285714285714284,0.2675175690476191,-0.0037748021428571,0.1591408324801587,0.088318267155134,2.5,0.2759089493849206,-0.0035455547583293,45.18611379429005,-0.0187177287888148,-0.0173787781808881,0.282851028636348,-0.0053871461958718,0.9913543317066982,1.7764845137227043,0.0,0.78549225,0.0,0.0,0.0,0.0,0.0,0.3468395,0.0,0.0,0.0,0.0,0.0,0.0,1.0,0.0,0.08068675,0.0,0.0,0.0,0.0,0.0,0.1400075,0.0,0.0,0.0,0.0,0.0,0.0,0.1047385999999999,0.0,0.2001796919679999,0.0,0.0,0.0,0.0,0.0,0.094626499028,0.0,0.0,0.0,0.0,0.0,0.0,0.523693,0.0523692999999999,0.2618465,0.5,3
2025-05-10,0.302255,0.3094426553692945,2,0.083446,0.521064,0.4034399999999999,0.8068799999999999,0.286112,0.0864890588340513,2,2,bullish,0.1975164,0.1207297894213083,0.1219417571999999,0.1531967555555556,0.1316945916906965,2.0,0.2930048222222222,0.1248291666666667,0.1350316988095238,0.1207297894213083,2.5714285714285716,0.2787416380952381,0.0331902273809523,0.1456280755952381,0.086414513202335,2.4285714285714284,0.2752418547619047,0.0004747149633699,0.162523845813492,0.0918411590983321,2.5,0.2824686093849206,-0.0023351770828698,57.78887258256743,-0.0035443713212626,-0.0146118968089629,0.3088999475494091,-0.0106075401089328,1.8858033237030096,0.8944489919963112,0.0,0.7954595,0.0,0.0,0.0,0.0,0.166667,0.9580355,0.451494,0.166667,0.166667,0.108179,0.166667,0.166667,0.5833335,0.0,0.302255,0.0,0.0,0.0,0.0,0.083446,0.302255,0.083446,0.083446,0.083446,0.083446,0.083446,0.083446,0.302255,0.0,0.4454246978959999,0.0,0.0,0.0,0.0,0.013907694482,0.561683488804,0.037675368324,0.013907694482,0.013907694482,0.009027104834,0.013907694482,0.013907694482,0.534971694482,0.2032339,0.4064678,0.6,2
2025-05-12,0.165462375,0.2053743149234291,8,-0.12316,0.490293,0.320966375,2.567731,0.226937125,0.0710020752160255,8,4,bullish,-0.136792625,0.0864209094953515,0.0531078587026406,0.1908186583333334,0.1011700938795661,3.0,0.3697513916666666,0.0303618875,0.1666913238095237,0.0864209094953515,3.0,0.2749811202380952,0.0091382714285714,0.1444297095238095,0.0859829961251333,2.5714285714285716,0.2707970958333333,0.0022483792673992,0.1616588166468253,0.0916817482018325,2.566666666666667,0.285914280218254,-0.0021169815598018,49.34413263144541,-0.0025280743767376,-0.0121951323225178,0.3068276790118971,0.003948365928579,-0.4525735719839209,-2.33837689568693,0.0,0.668266,0.0,0.0,0.310843,0.0,0.0,0.1614013333333333,0.158519,0.0,0.5,0.158519,0.5,0.0,0.8125,0.0,0.0307043333333333,0.0,0.0,0.042741,0.0,0.0,0.0662353333333333,-0.12316,0.0,0.024686,0.027623,0.042741,0.0,0.165462375,0.0,0.059378315796,0.0,0.0,0.013285740663,0.0,0.0,0.0098932940979999,-0.01952320004,0.0,0.024686,0.004378770337,0.0213705,0.0,1.2776425,0.0941347875,0.7530783,0.55,4
2025-05-13,0.3034403333333333,0.2325497540877364,6,0.037054,0.668123,0.3640465,2.184279,0.2261166666666666,0.1558662235632424,6,2,bullish,0.1379779583333333,0.0958432221078993,0.1104663913088333,0.2570525694444445,0.0793216492677512,2.6666666666666665,0.362817625,0.0005926666666667,0.1941864071428571,0.0958432221078993,2.857142857142857,0.2907713702380952,0.0158304404761904,0.1502253404761904,0.0939967655306576,2.642857142857143,0.2744919529761905,0.0093587418315018,0.1628273277579365,0.093298058404839,2.6,0.2850190302182539,-0.0004662194534933,52.94639129660632,0.0093035984647727,-0.0078953861650596,0.3276229211797157,-0.002997485763049,0.8338932541814015,1.2864668261653225,0.0,0.6437113333333334,0.0,0.0,0.158519,0.333333,0.4166665,0.302318,0.158519,0.0,0.5,0.0,0.5,0.0,0.5555555,0.0,0.270775,0.0,0.0,0.440595,0.440595,0.363208,0.3035004,0.440595,0.0,0.170097,0.0,0.085909,0.0,0.3034403333333333,0.0,0.4694329948520001,0.0,0.0,0.069842678805,0.146864853135,0.289775353135,0.441827882467,0.069842678805,0.0,0.170097,0.0,0.0429545,0.0,1.170949853135,0.1765113333333333,1.059068,0.5666666666666667,2
2025-05-14,0.203544,0.0525224774929743,2,0.166405,0.240683,0.1233285,0.246657,0.274964,0.1533587329173008,2,2,bullish,-0.0998963333333333,0.0958233741879164,0.025102776204,0.2241489027777778,0.07125939068165,2.6666666666666665,0.2694471249999999,0.0190408125,0.1966886928571428,0.0958233741879164,2.5714285714285716,0.2932027273809524,0.0156675529761904,0.156404519047619,0.0944892576580758,2.5714285714285716,0.2574190839285714,0.0097879615384615,0.1635973210912698,0.0935434639675023,2.6,0.277278720218254,-8.20355748450618e-05,53.15367841352145,0.0104985772693509,-0.0042165934781775,0.3282321278599248,-0.0029870924432582,-0.3292124426438586,-1.16310569682526,0.0,0.0,0.0,0.0,0.0,0.333333,0.5,0.9590705,0.0,0.0,0.333333,0.0,0.0,0.0,0.4166665,0.0,0.0,0.0,0.0,0.0,0.166405,0.240683,0.203544,0.0,0.0,0.166405,0.0,0.0,0.0,0.203544,0.0,0.0,0.0,0.0,0.0,0.055468277865,0.1203415,0.387385930303,0.0,0.0,0.055468277865,0.0,0.0,0.0,0.175809777865,0.1184125,0.236825,0.6,2
2025-05-15,0.0,0.0525224774929743,1,0.0,0.0,0.032558,0.032558,0.383058,0.1533587329173008,1,1,neutral,-0.203544,0.1175486648684862,0.0,0.1689947777777779,0.1546423148445519,1.6666666666666667,0.173311,-0.1517201666666666,0.1617195678571428,0.1175486648684862,2.142857142857143,0.2457019773809523,0.0014645047619047,0.1453512571428571,0.103335166019298,2.5,0.2506999886904762,0.0052645735531135,0.1486078544246031,0.0813546900436436,2.6,0.2503957868849206,0.0008355094161502,44.967237615263514,-0.0049217415805146,-0.0043576230986449,0.3304583828671852,-0.0267964662005186,-1.0,-0.6707875573561414,0.0,0.0,0.0,0.0,0.0,0.0,0.0,0.796627,0.0,0.0,0.0,0.0,0.5,0.0,0.5,0.0,0.0,0.0,0.0,0.0,0.0,0.0,0.0,0.0,0.0,0.0,0.0,0.0,0.0,0.0,0.0,0.0,0.0,0.0,0.0,0.0,0.0,0.0,0.0,0.0,0.0,0.0,0.0,0.0,0.0,0.0,0.0,0.5,1
2025-05-16,0.0283175,0.0400469925525001,2,0.0,0.056635,0.1498825,0.299765,0.1193989999999999,0.0214055364800791,2,2,neutral,0.0283175,0.1215937393434141,0.0042442976937499,0.0772871666666667,0.1102545290411391,1.6666666666666667,0.101923,-0.08761325,0.1582511154761905,0.1215937393434141,2.2857142857142856,0.2541528107142857,-0.0284175598214285,0.1368322035714285,0.1079500985827745,2.357142857142857,0.235080381547619,0.001994367069597,0.1458806377579365,0.0840167025146715,2.6333333333333333,0.251294520218254,-0.0002058943136553,46.173764544135864,-0.014688179499219,-0.0064237343787597,0.3270768516161995,-0.0417573449495327,inf,inf,0.0,0.6547529999999999,0.0,0.0,0.0,0.0,0.0,0.2838205,0.0,0.0,0.0,0.158519,0.5,0.0,0.75,0.0,0.0283175,0.0,0.0,0.0,0.0,0.0,0.0283175,0.0,0.0,0.0,0.056635,0.0,0.0,0.0283175,0.0,0.017604593305,0.0,0.0,0.0,0.0,0.0,0.0260216303699999,0.0,0.0,0.0,0.008977723565,0.0,0.0,0.056635,0.01982225,0.0396445,0.6,2
2025-05-17,0.145024,0.0400469925525001,1,0.145024,0.145024,0.057767,0.057767,0.239564,0.0214055364800791,1,1,neutral,0.1167064999999999,0.1195754623499968,0.0083776014079999,0.0577805,0.0768702895841433,1.3333333333333333,0.0800691666666666,0.072512,0.1640061726190476,0.1195754623499968,2.0,0.2074269821428571,-0.0374793958333333,0.1364533642857142,0.1079083926581529,2.2142857142857144,0.227571381547619,0.0026733265201465,0.1482935155357143,0.0828723414574535,2.6,0.2506444424404762,-0.0007165449474283,49.84144264892545,-0.0128627443228387,-0.0077115363675755,0.3281397827313408,-0.0396816560646741,4.121356051911362,-inf,0.0,0.0,0.0,0.0,0.0,0.2,0.0,1.0,0.0,0.2,0.2,0.0,0.0,0.2,0.2,0.0,0.0,0.0,0.0,0.0,0.145024,0.0,0.145024,0.0,0.145024,0.145024,0.0,0.0,0.145024,0.145024,0.0,0.0,0.0,0.0,0.0,0.0290047999999999,0.0,0.145024,0.0,0.0290047999999999,0.0290047999999999,0.0,0.0,0.0290047999999999,0.0290047999999999,0.1015167999999999,0.1015167999999999,0.7,1
2025-05-18,0.365475,0.0400469925525001,1,0.365475,0.365475,0.33628,0.33628,0.266967,0.0214055364800791,1,1,bullish,0.220451,0.1333514969276404,0.122901933,0.1796055,0.1712182965055137,1.3333333333333333,0.1813098333333333,0.16857875,0.1730376011904762,0.1333514969276404,1.8571428571428572,0.1978326964285714,0.0038563824404761,0.15403465,0.1237880921558483,2.2142857142857144,0.2382871672619047,0.008652526080586,0.1552921288690476,0.0918794433066448,2.566666666666667,0.2551689957738095,0.0007344402956989,56.60963961497968,0.006299674111384,-0.0049092942717836,0.3618873025936467,-0.05510562592698,1.5201001213592231,-2.6012559305521386,0.0,0.310843,0.0,0.0,0.0,0.0,0.5,0.503496,0.0,0.0,0.0,0.0,0.0,0.0,0.5,0.0,0.365475,0.0,0.0,0.0,0.0,0.365475,0.365475,0.0,0.0,0.0,0.0,0.0,0.0,0.365475,0.0,0.1136053454249999,0.0,0.0,0.0,0.0,0.1827375,0.1840152006,0.0,0.0,0.0,0.0,0.0,0.0,0.1827375,0.2558324999999999,0.2558324999999999,0.7,1
2025-05-19,0.105599,0.0801316709173095,3,0.055517,0.198019,0.1009963333333333,0.3029889999999999,0.231012,0.0994796409874905,3,2,neutral,-0.259876,0.135815048894744,0.0106651118036666,0.205366,0.1400526742586517,1.3333333333333333,0.1650144444444444,-0.0197125,0.1644856904761905,0.135815048894744,1.5714285714285714,0.1664084047619047,-0.0044513571428571,0.1655885071428571,0.1093698149505459,2.2857142857142856,0.2206947625,0.0003393212454212,0.1547916844246031,0.0921154329177231,2.533333333333333,0.2475254235515873,0.0001746684605911,54.155324189477064,0.0005105242387921,-0.0038253305696684,0.3544579740050798,-0.0593465473384131,-0.7110636842465285,-2.231163805605752,0.0,0.579247,0.0,0.0,0.0,0.2666665,0.2666665,0.999992,0.0,0.0,0.2,0.0,0.0,0.2,0.511111,0.0,0.13064,0.0,0.0,0.0,0.059389,0.059389,0.105599,0.0,0.0,0.063261,0.0,0.0,0.063261,0.105599,0.0,0.208042119984,0.0,0.0,0.0,0.031157848161,0.031157848161,0.316792247544,0.0,0.0,0.0126522,0.0,0.0,0.0126522,0.229176848161,0.0702181666666666,0.2106545,0.6333333333333333,2
2025-05-20,0.131747,0.10162531764649,9,-0.06178,0.257917,0.1137481111111111,1.023733,0.2499361111111111,0.1547024393589549,9,5,neutral,0.026148,0.1212618141647884,0.0149859723945555,0.2009403333333334,0.1430897336545614,2.6666666666666665,0.1836748148148148,-0.116864,0.1399580714285714,0.1212618141647884,2.0,0.130651492063492,0.0118915892857142,0.1670722392857142,0.1087108366870405,2.4285714285714284,0.2107114311507936,-0.0024280324908424,0.1508501010912698,0.0904154654680853,2.566666666666667,0.241675877255291,0.0006825642191058,50.57529238669475,-0.0019450903409128,-0.0034492825239173,0.3548409900474257,-0.058258413380759,0.2476159812119434,0.958679665458472,0.0,0.5735488888888889,0.0,0.0,0.0,0.25,0.25,0.7343878571428571,0.0,0.375,0.45833325,0.0,0.333333,0.25,0.537037,0.0,0.131747,0.0,0.0,0.0,0.110518,0.110518,0.0956984285714285,0.0,0.0029375,0.2113035,0.0,0.124931,0.153381,0.131747,0.0,0.461603759784,0.0,0.0,0.0,0.055259,0.055259,0.364696797456,0.0,-0.0139762499999999,0.401785125023,0.0,0.041643625023,0.03834525,0.607407125023,0.0706853222222222,0.6361679,0.5666666666666667,5
2025-05-21,0.1575256666666666,0.014606460568301,3,0.140807,0.167812,0.1065016666666666,0.319505,0.3776523333333333,0.0243097424160218,3,2,bullish,0.0257786666666666,0.1184549765541675,0.0167767460427777,0.1316238888888889,0.0259635522422697,3.0,0.107082037037037,0.0259633333333333,0.1333840238095238,0.1184549765541675,2.0,0.1282476587301587,0.0228575357142857,0.1650363583333333,0.1085953629122401,2.2857142857142856,0.2107251930555555,-0.0020758765201465,0.1529686316468254,0.0897790927129677,2.5,0.2369039911441799,0.0003333541007203,49.18847173740146,-0.0017904376702362,-0.0031175135531811,0.3550020191627762,-0.0581414424961095,0.1956679595487309,-0.0519480216632124,0.0,0.6801075,0.451494,0.0,0.0,0.333333,0.0,0.9711045,0.0,0.0,0.5,0.0,0.4166665,0.0,0.4444443333333334,0.0,0.1523824999999999,0.140807,0.0,0.0,0.163958,0.0,0.1523824999999999,0.0,0.0,0.167812,0.0,0.1523824999999999,0.0,0.1575256666666666,0.0,0.1998671309699999,0.063573515658,0.0,0.0,0.054652612014,0.0,0.29651365029,0.0,0.0,0.083906,0.0,0.125056112014,0.0,0.208962112014,0.0990804999999999,0.2972414999999999,0.6333333333333333,2
2025-05-22,0.1259390833333333,0.1516901381114314,12,-0.059191,0.434127,0.23295675,2.795481,0.2114726666666666,0.1177709307900362,12,5,neutral,-0.0315865833333333,0.1034309839326403,0.0293383595513125,0.1384039166666667,0.016812613309615,4.0,0.1510688425925926,-0.0029039583333333,0.1513753214285714,0.1034309839326403,2.5714285714285716,0.1568760515873015,0.0030050029761904,0.1565474446428571,0.1065069352445541,2.357142857142857,0.201289014484127,-0.0005639025091575,0.1558124010912698,0.087418020319266,2.6333333333333333,0.2395778494775132,-0.0006158068519254,46.56303521920239,-0.0041685751888533,-0.0033277258803155,0.3541650825161028,-0.0594690225161028,-0.2005170585957418,-0.3961850181444728,0.0,0.73392525,0.0,0.0,0.158519,0.0,0.375,0.614517,0.0,0.25,0.3666666,0.209511,0.2916665,0.5,0.6111110833333333,0.0,0.1265895,0.0,0.0,0.016235,0.0,0.0842165,0.1182047777777777,0.0,0.033531,0.0087286,-0.021478,0.003994,0.016235,0.1259390833333333,0.0,0.7842802719029999,0.0,0.0,0.002573555965,0.0,0.1432555,0.64115289123,0.0,0.00838275,0.006509186397,-0.001356687084,-0.0029355636029999,0.0081175,1.347939686397,0.0643938083333333,0.7727257,0.5666666666666667,5
2025-05-23,0.14337,0.087645359420793,3,0.048506,0.221336,0.5806763333333333,1.742029,0.125879,0.0919350103442643,3,3,neutral,0.0174309166666666,0.0887108197760543,0.08325156591,0.14227825,0.0158215675650458,3.3333333333333335,0.3067115833333333,-0.0070778333333333,0.1678113928571428,0.0887108197760543,2.7142857142857144,0.2184180277777777,-0.0154323988095238,0.1630312541666666,0.1023747933668338,2.5,0.2362854192460317,-0.0043673496520146,0.1550931868055555,0.0874290377926071,2.6,0.2498403177314815,-0.0006330871143863,52.92032594363541,-0.0045937924449523,-0.0035809391932429,0.3538194983240618,-0.0598192133240618,0.1384075237432911,0.338924582339033,0.0,0.6324495,0.0,0.0,0.0,0.0,0.0,0.2370525,0.0,0.0,0.0,0.0,0.0,0.0,1.0,0.0,0.104387,0.0,0.0,0.0,0.0,0.0,0.104387,0.0,0.0,0.0,0.0,0.0,0.0,0.14337,0.0,0.101613539724,0.0,0.0,0.0,0.0,0.0,0.035087238528,0.0,0.0,0.0,0.0,0.0,0.0,0.43011,0.071685,0.215055,0.5,3
2025-05-24,0.427839,0.087645359420793,1,0.427839,0.427839,0.292922,0.292922,0.30966,0.0919350103442643,1,1,bullish,0.284469,0.1309493645416101,0.125323455558,0.2323826944444445,0.169494350200914,3.0,0.3688516944444444,0.1509499583333333,0.2082135357142857,0.1309493645416101,2.7142857142857144,0.2520115992063492,0.0091723601190475,0.1861098541666666,0.1226364803147346,2.357142857142857,0.2297192906746032,0.001276850091575,0.1627762201388889,0.1004310025927667,2.533333333333333,0.2483318599537037,0.001417975798109,59.042875463283536,0.0178179447668871,0.000698837598783,0.4037043813283265,-0.0788538963283265,1.9841598660807704,1.845752342337479,0.0,0.614606,0.0,0.0,0.0,0.333333,0.0,0.929393,0.0,0.333333,0.0,0.0,0.0,0.0,0.333333,0.0,0.427839,0.0,0.0,0.0,0.427839,0.0,0.427839,0.0,0.427839,0.0,0.0,0.0,0.0,0.427839,0.0,0.262952416434,0.0,0.0,0.0,0.142612857387,0.0,0.397630571727,0.0,0.142612857387,0.0,0.0,0.0,0.0,0.142612857387,0.2994873,0.2994873,0.7,1
2025-05-25,0.077809,0.0203519473761112,2,0.063418,0.0922,0.1360195,0.272039,0.1728934999999999,0.0253914974056277,2,1,neutral,-0.35003,0.1178550775766135,0.0105835412755,0.2163393333333334,0.1860742941148329,1.6666666666666667,0.3365392777777778,-0.0327804999999999,0.1671183928571428,0.1178550775766135,2.7142857142857144,0.2234029563492063,0.017666369047619,0.1700779970238095,0.1209441307305279,2.2857142857142856,0.2106178263888888,0.0020115008241758,0.1581754805555555,0.1010760718924277,2.4,0.2432118578703703,0.001235696510938,44.21234111428537,0.0072514929853363,0.0020093686760937,0.3915547337854899,-0.0533078487854898,-0.8181348591409385,-2.8022947252217087,0.0,0.953591,0.0,0.0,0.0,0.0,0.0,0.77277,0.0,0.0,0.0,0.0,0.0,0.0,1.0,0.0,0.077809,0.0,0.0,0.0,0.0,0.0,0.077809,0.0,0.0,0.0,0.0,0.0,0.0,0.077809,0.0,0.147375602338,0.0,0.0,0.0,0.0,0.0,0.12679705572,0.0,0.0,0.0,0.0,0.0,0.0,0.155618,0.0544662999999999,0.1089325999999999,0.7,1
2025-05-26,0.1044327499999999,0.1505505573229471,4,-0.028892,0.32069,0.2126009999999999,0.8504039999999999,0.26509725,0.0470369383667418,4,2,neutral,0.0266237499999999,0.11795731973957,0.0222025070827499,0.2033602500000001,0.1948595338113778,1.3333333333333333,0.2138475,-0.1617031249999999,0.1669517857142857,0.11795731973957,2.7142857142857144,0.2393464801587301,0.0021615654761904,0.1657187380952381,0.1222164619431067,2.142857142857143,0.2028774424603174,-1.6241025641023487e-05,0.1545985188888888,0.1010138108104752,2.3333333333333335,0.2436645512037037,0.0012583907304412,48.33146279798294,0.0010141161997837,0.0018103181808317,0.3916066003416228,-0.0540139153416228,0.3421680011309744,1.160302860271913,0.0,0.0,0.0,0.0,0.158519,0.0,0.25,0.81812575,0.0,0.0,0.25,0.0,0.3333333333333333,0.25,0.5,0.0,0.0,0.0,0.0,-0.028892,0.0,0.0629665,0.1044327499999999,0.0,0.0,0.060244,0.0,0.0323469999999999,0.065689,0.1044327499999999,0.0,0.0,0.0,0.0,-0.004579930948,0.0,0.03148325,0.233737505902,0.0,0.0,0.015061,0.0,0.0170372499999999,0.01642225,0.33772725,0.0522163749999999,0.2088654999999999,0.5,2
2025-05-27,-0.0458715,0.1601603930455342,2,-0.159122,0.067379,0.079732,0.159464,0.056158,0.1434620664078139,2,2,neutral,-0.15030425,0.1431962785712085,-0.003657426438,0.04545675,0.0802050057793312,1.6666666666666667,0.1427841666666666,-0.06184025,0.1415777142857142,0.1431962785712085,2.2857142857142856,0.2344870357142857,-0.0256701845238095,0.1407678928571428,0.1274805541664234,2.142857142857143,0.1825692638888889,-0.001521404029304,0.1492815422222222,0.1072496684368125,2.3333333333333335,0.2364789512037037,-0.0003174519466073,40.51382392012293,-0.0158742936735413,-0.0017266041900428,0.3995180093794716,-0.0851152743794716,-1.4392443941196609,-1.781412395250635,0.0,0.576289,0.0,0.0,0.0,0.0,0.0,1.0,0.0,0.0,0.5,0.0,0.0,0.0,0.75,0.0,0.067379,0.0,0.0,0.0,0.0,0.0,0.067379,0.0,0.0,0.067379,0.0,0.0,0.0,-0.0458715,0.0,0.038829776531,0.0,0.0,0.0,0.0,0.0,0.067379,0.0,0.0,0.0336895,0.0,0.0,0.0,-0.1254325,-0.02293575,-0.0458715,0.5,2
2025-05-28,0.044027,0.1601603930455342,1,0.044027,0.044027,0.027892,0.027892,0.139181,0.1434620664078139,1,1,neutral,0.0898985,0.147452010081041,0.001228001084,0.0341960833333334,0.0756328439495428,1.6666666666666667,0.1067416666666666,-0.0302028749999999,0.125363619047619,0.147452010081041,2.142857142857143,0.2232570833333333,-0.0338437678571428,0.1293738214285714,0.1285622281555732,2.0714285714285716,0.175752371031746,-0.0022158875457875,0.1446744588888888,0.1087432574503848,2.3,0.224635584537037,-0.0007692172487949,45.64438406595147,-0.0217536937741116,-0.0057320221068566,0.3908328474015567,-0.0965057999015567,-1.959789847726802,-0.520545453607141,0.0,0.451494,0.158519,0.0,0.310843,0.0,0.333333,0.684621,0.0,0.0,0.333333,0.538269,0.0,0.0,0.333333,0.0,0.044027,0.044027,0.0,0.044027,0.0,0.044027,0.044027,0.0,0.0,0.044027,0.044027,0.0,0.0,0.044027,0.0,0.019877926338,0.0069791160129999,0.0,0.0136854847609999,0.0,0.0146756519909999,0.030141808767,0.0,0.0,0.0146756519909999,0.0236983692629999,0.0,0.0,0.0146756519909999,0.0396243,0.0396243,0.9,1
2025-05-29,0.4501615,0.03397435951567,2,0.426138,0.474185,0.4638489999999999,0.927698,0.367456,0.0083792153570606,2,2,bullish,0.4061345,0.1918891763707557,0.2088069616135,0.149439,0.2642838466124065,1.6666666666666667,0.190491,0.2480165,0.1716811071428571,0.1918891763707557,1.7142857142857142,0.2562416904761904,0.0010382142857142,0.1615282142857142,0.1484690291299547,2.142857142857143,0.206558871031746,0.0026844036630036,0.1522697922222222,0.1215550800805845,2.3333333333333335,0.2296866012037037,0.0017370257916203,61.06724908135861,0.0062858922844732,-0.0033284392285906,0.4411880978127802,-0.1071045669794468,9.224668953142393,11.184458800869193,0.0,0.0,0.0,0.0,0.0,0.0,0.0,0.108179,0.0,0.0,0.0,0.0,0.0,0.0,1.0,0.0,0.0,0.0,0.0,0.0,0.0,0.0,0.426138,0.0,0.0,0.0,0.0,0.0,0.0,0.4501615,0.0,0.0,0.0,0.0,0.0,0.0,0.0,0.046099182702,0.0,0.0,0.0,0.0,0.0,0.0,0.900323,0.22508075,0.4501615,0.5,2
2025-05-30,0.364922,0.03397435951567,1,0.364922,0.364922,0.380978,0.380978,0.229522,0.0083792153570606,1,1,bullish,-0.0852394999999999,0.2043106604468964,0.139027253716,0.2863701666666667,0.2141590551729796,1.3333333333333333,0.2909063333333333,0.1604475,0.2033313928571428,0.2043106604468964,1.4285714285714286,0.2277133571428571,0.0176981517857142,0.1855713928571428,0.152439289177823,2.0714285714285716,0.2230656924603174,0.0041040926739926,0.1605326755555555,0.127363819932138,2.2666666666666666,0.2303075789814815,0.0028659804004449,58.050130966338415,0.0213828897497902,0.0016138265670855,0.4661801435048943,-0.1060782726715609,-0.1893531543679323,-9.414022107510323,0.0,0.0,0.0,0.0,0.0,0.0,0.0,0.962106,0.0,0.0,0.0,0.0,0.0,0.0,1.0,0.0,0.0,0.0,0.0,0.0,0.0,0.0,0.364922,0.0,0.0,0.0,0.0,0.0,0.0,0.364922,0.0,0.0,0.0,0.0,0.0,0.0,0.0,0.351093645732,0.0,0.0,0.0,0.0,0.0,0.0,0.364922,0.182461,0.182461,0.5,1
2025-05-31,0.149663,0.03397435951567,1,0.149663,0.149663,0.043898,0.043898,0.05739,0.0083792153570606,1,1,neutral,-0.215259,0.1788291322641315,0.006569906374,0.3215821666666667,0.1548663713999372,1.3333333333333333,0.2962416666666667,-0.1502492499999999,0.1635919642857142,0.1788291322641315,1.4285714285714286,0.1921385,0.0440204821428571,0.18590275,0.1523493868988207,2.0714285714285716,0.2220750496031746,0.0017414113553113,0.1603632533333333,0.1273751634240226,2.2333333333333334,0.2275500012037037,0.0027559430552465,50.10595051014139,0.0157957494264357,0.0044502111389555,0.4529124516924184,-0.1080697808590851,-0.5898767407829619,-0.4005235864150296,0.0,0.158519,0.0,0.0,0.576289,0.0,0.25,1.0,0.0,0.0,0.25,0.108179,0.0,0.25,0.25,0.0,0.149663,0.0,0.0,0.149663,0.0,0.149663,0.149663,0.0,0.0,0.149663,0.149663,0.0,0.149663,0.149663,0.0,0.0237244290969999,0.0,0.0,0.086249140607,0.0,0.03741575,0.149663,0.0,0.0,0.03741575,0.016190393677,0.0,0.03741575,0.03741575,0.1047640999999999,0.1047640999999999,0.7,1
2025-06-01,0.178477,0.1501498823442762,2,0.072305,0.284649,0.402865,0.8057300000000001,0.160685,0.0244064976594348,2,1,bullish,0.028814,0.1747828546680528,0.071902136605,0.2310206666666667,0.1168534849729923,1.0,0.2759136666666666,-0.0932224999999999,0.1779731071428571,0.1747828546680528,1.4285714285714286,0.2302592857142857,0.0333605982142857,0.17254575,0.1433246933624717,2.0714285714285716,0.226831121031746,0.0074492113553113,0.1613930116666666,0.1273931639327307,2.1333333333333333,0.2286936012037037,0.0027846748794957,45.31941613722384,0.0135368963341923,0.0062675481780029,0.4535555927392247,-0.1074114594058913,0.1925258747987144,0.7824026155816763,0.0,0.7833060000000001,0.0,0.0,0.0,0.0,0.25,0.682848,0.0,0.0,0.25,0.0,0.0,0.25,0.625,0.0,0.178477,0.0,0.0,0.0,0.0,0.072305,0.178477,0.0,0.0,0.072305,0.0,0.0,0.072305,0.178477,0.0,0.2821302541479999,0.0,0.0,0.0,0.0,0.01807625,0.1764488398239999,0.0,0.0,0.01807625,0.0,0.0,0.01807625,0.30272525,0.1249338999999999,0.2498677999999999,0.7,1
2025-06-02,0.0576253333333333,0.0177833976599898,3,0.037107,0.06859,0.0844563333333333,0.253369,0.1670913333333333,0.0695326446378486,3,3,neutral,-0.1208516666666666,0.1789118449776468,0.0048668243604444,0.1285884444444445,0.0631219771785228,1.6666666666666667,0.1770731111111111,-0.0460188333333333,0.1712863333333333,0.1789118449776468,1.5714285714285714,0.2119529047619047,0.0099604285714285,0.1691190595238095,0.1456037891469672,2.142857142857143,0.2256496924603174,0.0019587351648351,0.1583029311111111,0.1287874969036738,2.1333333333333333,0.2260790456481481,0.0020388938375973,48.70939190649434,0.0019723161165348,0.0054085017657093,0.4387431097486313,-0.1171804764152979,-0.6771273983015551,-0.8696532731002695,0.0,0.451494,0.0,0.0,0.310843,0.25,0.25,0.720549,0.0,0.25,0.375,0.0,0.25,0.25,0.3333333333333333,0.0,0.067179,0.0,0.0,0.06859,0.06859,0.067179,0.0576253333333333,0.0,0.06859,0.0528485,0.0,0.067179,0.067179,0.0576253333333333,0.0,0.030330915426,0.0,0.0,0.0213207213699999,0.0171475,0.01679475,0.141767235229,0.0,0.0171475,0.035701,0.0,0.01679475,0.01679475,0.05249575,0.0333853333333333,0.100156,0.5666666666666667,3
2025-06-03,0.1660579999999999,0.0894626948314212,5,0.1216,0.325904,0.2512702,1.256351,0.2214708,0.0903170894222128,5,3,bullish,0.1084326666666666,0.1519375961145217,0.0417254268715999,0.1340534444444445,0.0664793202150811,2.3333333333333335,0.2461971777777778,-0.0062095,0.2015619761904762,0.1519375961145217,1.7142857142857142,0.2364583619047618,-0.0216222976190476,0.1715698452380952,0.1452145984198565,2.0,0.2354726988095238,0.0006392304029303,0.1598602977777777,0.1285823762499975,2.2,0.2282460856481481,0.0018201959807193,50.88391547427858,0.0015391442139701,0.0046346302553614,0.4361593390449435,-0.1183453057116101,1.881683981582174,2.5588113798837293,0.0,0.4801035999999999,0.0,0.0,0.158519,0.25,0.0,0.465125,0.0,0.0,0.2916665,0.108179,0.361111,0.0,0.6166666000000001,0.0,0.1660579999999999,0.0,0.0,0.1216,0.125579,0.0,0.174265,0.0,0.0,0.1235894999999999,0.13323,0.126803,0.0,0.1660579999999999,0.0,0.48899850445,0.0,0.0,0.0192759104,0.03139475,0.0,0.295168475583,0.0,0.0,0.0719280428,0.0144126881699999,0.1385430428,0.0,0.5884240428,0.08805216,0.4402608,0.54,3
2025-06-04,0.23739675,0.0754684146840031,4,0.174831,0.333805,0.28613975,1.144559,0.257981,0.0602144271139954,4,3,bullish,0.07133875,0.1351760374798763,0.0679286466958125,0.1536933611111112,0.0905212891187734,3.0,0.2072887611111111,0.0898857083333333,0.2291862261904762,0.1351760374798763,2.0,0.2733508976190476,-0.0402878541666667,0.1772749226190476,0.1461861054254505,2.0714285714285716,0.2483039904761904,0.0020570042124542,0.1696453561111111,0.122607625983835,2.2666666666666666,0.2262077439814814,0.000830670482017,52.010434888983525,0.0068730487272106,0.0050823139497313,0.4395825465413914,-0.0980288382080581,0.4296014043286082,-1.4520825772535657,0.0,0.657819,0.0,0.0,0.2346809999999999,0.333333,0.0,0.8432893333333333,0.0,0.333333,0.0,0.158519,0.5,0.0,0.70833325,0.0,0.2294873333333333,0.0,0.0,0.1773285,0.179826,0.0,0.2294873333333333,0.0,0.179826,0.0,0.179826,0.261125,0.0,0.23739675,0.0,0.461483608868,0.0,0.0,0.083611688607,0.059941940058,0.0,0.572700166411,0.0,0.059941940058,0.0,0.028505837694,0.1305625,0.0,0.699140440058,0.127689675,0.5107587,0.55,3
2025-06-05,0.1663678,0.0741364729077395,5,0.062017,0.23869,0.1863146,0.931573,0.2122678,0.0773377973871767,5,2,bullish,-0.07102895,0.0942035895137112,0.03099675010988,0.18994085,0.041098306870448,2.6666666666666665,0.2412415166666666,0.0001549,0.188644269047619,0.0942035895137112,2.0,0.2337031261904761,-0.0154505035714286,0.1801626880952381,0.1454916742871494,1.8571428571428572,0.2449724083333333,5.298183150183296e-05,0.1714917911111111,0.1221096865906458,2.2333333333333334,0.2239677389814814,0.0004049000889877,50.997818394858,0.0053075960461328,0.0051273703690116,0.4380395464533463,-0.082680808120013,-0.299199336132445,-0.7288007404610533,0.0,0.783129,0.769861,0.158519,0.52446,0.0,0.0,0.806546,0.310843,0.5,0.5,0.0,0.0,0.0,0.8,0.0,0.1924555,0.062017,0.062017,0.1503535,0.0,0.0,0.15731425,0.062017,0.211946,0.062017,0.0,0.0,0.0,0.1663678,0.0,0.5826122809359999,0.047744469637,0.009830872823,0.093056898927,0.0,0.0,0.5084725584959999,0.019277550331,0.105973,0.0310085,0.0,0.0,0.0,0.6948575,0.08566458,0.4283229,0.54,2
2025-06-06,0.25131275,0.2193725491355971,4,0.034799,0.492516,0.3458155,1.383262,0.262109,0.0883534763134233,4,2,bullish,0.08494495,0.0635813544257609,0.086907844297625,0.2183591000000001,0.0455602372773398,2.3333333333333335,0.2727566166666667,0.006958,0.1724143761904762,0.0635813544257609,2.142857142857143,0.2286799119047619,0.0164465095238095,0.1878728845238095,0.1462500820080379,1.7857142857142858,0.2281966345238095,0.0008728949816849,0.1736679494444444,0.1229564690807047,2.1666666666666665,0.2319512889814814,0.0010201237337782,52.57820587477275,0.0107968352148206,0.0062612633381734,0.4448820475245506,-0.0788944341912172,0.5105852815268339,0.8097846176592789,0.0,0.7249135,0.0,0.0,0.0,0.0,0.0,0.8440153333333335,0.0,0.333333,0.5,0.0,0.333333,0.0,0.58333325,0.0,0.238968,0.0,0.0,0.0,0.0,0.0,0.2088736666666666,0.0,0.099306,0.2067145,0.0,0.099306,0.0,0.25131275,0.0,0.270089630118,0.0,0.0,0.0,0.0,0.0,0.5378184747770001,0.0,0.033101966898,0.2067145,0.0,0.033101966898,0.0,0.732332466898,0.125656375,0.5026255000000001,0.5,2
2025-06-07,0.120064,0.2193725491355971,1,0.120064,0.120064,0.152983,0.152983,0.195308,0.0883534763134233,1,1,neutral,-0.13124875,0.0662738149587546,0.018367750912,0.1792481833333334,0.0665656578143028,1.6666666666666667,0.2283710333333333,-0.0231519,0.1681859476190476,0.0662738149587546,2.142857142857143,0.2442634833333333,0.007587344047619,0.1658889559523809,0.129587015304897,1.7857142857142858,0.2182009916666666,0.0068464691208791,0.1695106202777777,0.1225769163633739,2.066666666666667,0.2248819473148148,0.0011647464608824,42.068264783136875,0.0045045179709926,0.0059099142647372,0.4192686406507264,-0.077822127317393,-0.5222526513278773,-1.0328379328547113,0.0,0.858979,0.0,0.0,0.310843,0.333333,0.333333,0.214378,0.0,0.0,0.0,0.0,0.0,0.0,0.333333,0.0,0.120064,0.0,0.0,0.120064,0.120064,0.120064,0.120064,0.0,0.0,0.0,0.0,0.0,0.0,0.120064,0.0,0.103132454656,0.0,0.0,0.037321053952,0.040021293312,0.040021293312,0.025739080192,0.0,0.0,0.0,0.0,0.0,0.0,0.040021293312,0.0840448,0.0840448,0.7,1
2025-06-08,0.412309,0.2193725491355971,1,0.412309,0.412309,0.601325,0.601325,0.30855,0.0883534763134233,1,1,bullish,0.292245,0.1140412297472011,0.2479317094249999,0.2612285833333334,0.1463746146682232,1.3333333333333333,0.3667078333333333,0.080498125,0.201590519047619,0.1140412297472011,2.142857142857143,0.2726149119047619,0.0352135357142857,0.1897818130952381,0.1423103130801955,1.7857142857142858,0.2514370988095238,0.0109833069963369,0.1815010313888888,0.1282100908151182,2.066666666666667,0.2419018917592592,0.0019248844920281,58.88510294863762,0.0228362492017768,0.0092951812521451,0.4547198771549152,-0.0826023638215819,2.4340768256929635,2.956329477020841,0.0,0.614606,0.0,0.0,0.0,0.0,0.0,0.998356,0.0,0.0,0.0,0.0,0.0,0.0,1.0,0.0,0.412309,0.0,0.0,0.0,0.0,0.0,0.412309,0.0,0.0,0.0,0.0,0.0,0.0,0.412309,0.0,0.253407585254,0.0,0.0,0.0,0.0,0.0,0.411631164004,0.0,0.0,0.0,0.0,0.0,0.0,0.412309,0.2886163,0.2886163,0.7,1
2025-06-09,0.100853,0.0850790879123653,2,0.040693,0.161013,0.0732235,0.146447,0.3572605,0.0948392828130833,2,1,neutral,-0.3114559999999999,0.105820239266326,0.0073848096455,0.2110753333333334,0.174537981769967,1.0,0.2758438333333333,-0.0096054999999999,0.2077659,0.105820239266326,1.8571428571428572,0.2710102214285714,0.0038537749999999,0.1895261166666666,0.1424785769631526,1.7142857142857142,0.241481563095238,0.0056287783882783,0.1813715113888889,0.1282922478708701,2.0,0.2315144150925925,0.0008751785335558,49.91741058026973,0.0120930291890128,0.0098547508395187,0.4548401057997852,-0.0858119924664518,-0.7553946190842304,-3.189471444777194,0.0,0.804771,0.0,0.0,0.310843,0.0,0.0,0.452403,0.0,0.333333,0.333333,0.161647,0.5,0.0,0.4166665,0.0,0.100853,0.0,0.0,0.040693,0.0,0.0,0.100853,0.0,0.161013,0.161013,0.161013,0.040693,0.0,0.100853,0.0,0.158126768126,0.0,0.0,0.012649134199,0.0,0.0,0.1326694311979999,0.0,0.053670946329,0.053670946329,0.026027268411,0.0203465,0.0,0.074017446329,0.0504265,0.100853,0.5,1
2025-06-10,0.2203235,0.1294018427702377,4,0.060445,0.37053,0.31198125,1.247925,0.2337044999999999,0.0491050637816508,4,3,bullish,0.1194705,0.1042313171439079,0.068736800934375,0.2444951666666667,0.1571286482029401,1.6666666666666667,0.32884325,-0.0959927499999999,0.2155181142857143,0.1042313171439079,1.8571428571428572,0.2796832285714285,-0.0007590392857143,0.2085400452380952,0.1253846119213098,1.7857142857142858,0.2580707952380952,-0.0012516573626373,0.1786404613888889,0.1264895805473041,2.033333333333333,0.2284657900925925,0.0019601609176863,56.23009837811251,0.0130685575467354,0.010497512180962,0.4581188835576941,-0.0828109868910274,1.1846003589382563,1.939994978022487,0.0,0.5518855,0.0,0.0,0.0,0.0,0.0,0.63020575,0.0,0.0,0.5,0.0,0.0,0.0,0.875,0.0,0.2203235,0.0,0.0,0.0,0.0,0.0,0.2203235,0.0,0.0,0.060445,0.0,0.0,0.0,0.2203235,0.0,0.63176121751,0.0,0.0,0.0,0.0,0.0,0.446894237933,0.0,0.0,0.0302225,0.0,0.0,0.0,0.8510715,0.1230262,0.4921048,0.55,3
2025-06-11,0.1863958,0.1228784349660264,5,0.067868,0.345174,0.2414909999999999,1.207455,0.2831204,0.0888013596900408,5,3,bullish,-0.0339277,0.1042295975706225,0.0450129081378,0.1691907666666667,0.0615654933510919,2.3333333333333335,0.2088985833333333,0.0427713999999999,0.2082322642857143,0.1042295975706225,1.8571428571428572,0.2733048357142856,-0.0007537678571428,0.2187092452380952,0.1164721691845608,1.9285714285714288,0.2733278666666666,-0.007307857069597,0.1793382422222222,0.126472115230757,2.0,0.2258166109259259,0.0019193120059325,53.42168217725897,0.0109774521933673,0.0105935001834431,0.4595843962719803,-0.078230827938647,-0.1539903823241734,-1.33859074126243,0.0,0.5138915000000001,0.0,0.0,0.682689,0.4166665,0.333333,0.5289756,0.0,0.0,0.333333,0.0,0.333333,0.0,0.6333332,0.0,0.1198625,0.0,0.0,0.275017,0.3100954999999999,0.067868,0.1863958,0.0,0.0,0.067868,0.0,0.275017,0.0,0.1863958,0.0,0.129681293465,0.0,0.0,0.187751080713,0.264259241661,0.022622644044,0.5286207434019999,0.0,0.0,0.022622644044,0.0,0.091672241661,0.0,0.530801885705,0.1180055399999999,0.5900276999999999,0.58,3
2025-06-12,0.197801625,0.1791887874608688,8,-0.096081,0.528825,0.25674075,2.053926,0.25291125,0.1284747448998106,8,4,bullish,0.011405825,0.1027925612368524,0.0507837375537187,0.2015069750000001,0.0172646871037206,3.3333333333333335,0.270071,-0.0112609374999999,0.2127228107142857,0.1027925612368524,2.142857142857143,0.2833657142857143,-0.0078519741071428,0.2006835398809524,0.0955441815352682,2.0714285714285716,0.2585344202380952,-0.0002749235347985,0.1758169519444444,0.1243504870040449,2.066666666666667,0.2222397525925926,0.0028943070949202,42.51452288135189,0.0101238876065606,0.0104995776680666,0.461390268168485,-0.0745935373351517,0.0611914270600517,0.2151818093842251,0.0,0.0,0.0,0.0,0.0,0.0,0.0,0.9984716666666666,0.0,0.0,0.0,0.838487,0.0,0.0,1.0,0.0,0.0,0.0,0.0,0.0,0.0,0.0,0.1868506666666666,0.0,0.0,0.0,0.228016,0.0,0.0,0.197801625,0.0,0.0,0.0,0.0,0.0,0.0,0.0,0.559997690232,0.0,0.0,0.0,0.382376903584,0.0,0.0,1.582413,0.1015138125,0.8121105,0.525,4
2025-06-13,0.251882,0.0643485254920421,3,0.180995,0.306613,0.3266846666666667,0.980054,0.235453,0.0609397137833777,3,2,bullish,0.0540803749999999,0.1028283977256999,0.0822859872093333,0.2120264750000001,0.0349838586458366,3.0,0.2749721388888889,0.0327431,0.2128041321428571,0.1028283977256999,2.142857142857143,0.2806327380952381,0.0018565017857142,0.1926092541666666,0.0847654099479256,2.142857142857143,0.2546563249999999,0.0066023443406593,0.1774282186111111,0.1250334413004883,2.066666666666667,0.2290182914814815,0.0035762703615127,46.58387072831731,0.0136538663357889,0.011130435401611,0.4308580895113986,-0.0616570586780652,0.2734071320192641,0.2122157049592123,0.0,0.7656095,0.0,0.0,0.0,0.0,0.0,0.9998505,0.0,0.25,0.375,0.0,0.0,0.375,0.4166666666666667,0.0,0.2873255,0.0,0.0,0.0,0.0,0.0,0.243804,0.0,0.180995,0.2245165,0.0,0.0,0.243804,0.251882,0.0,0.447261303072,0.0,0.0,0.0,0.0,0.0,0.487516322713,0.0,0.04524875,0.17926775,0.0,0.0,0.19855525,0.33257425,0.1584482,0.4753446,0.6333333333333333,2
2025-06-15,0.1904354999999999,0.0616957737653074,2,0.14681,0.234061,0.2091895,0.418379,0.198519,0.0653847498427576,2,2,bullish,-0.0614465,0.0954238353793577,0.03983710702725,0.2133730416666667,0.0335524939954947,2.6666666666666665,0.2642049722222222,-0.0036830625,0.2228572035714285,0.0954238353793577,2.2857142857142856,0.2886622380952381,-0.0137887276785714,0.1955215755952381,0.0838720973323719,2.2142857142857144,0.2664628607142857,0.0051244265018314,0.1837760686111111,0.1204656257282377,2.1,0.2349060081481481,0.002436545418984,51.358456963921235,0.0113622108312741,0.0111767904875436,0.431303416881043,-0.0508397360477096,-0.2439495478041305,-0.5173566798233947,0.0,0.2798365,0.0,0.0,0.0,0.2,0.2,0.5808235,0.0,0.0,0.2,0.0,0.5,0.2,0.35,0.0,0.1904354999999999,0.0,0.0,0.0,0.234061,0.234061,0.1904354999999999,0.0,0.0,0.234061,0.0,0.14681,0.234061,0.1904354999999999,0.0,0.1215588961239999,0.0,0.0,0.0,0.0468122,0.0468122,0.25779239607,0.0,0.0,0.0468122,0.0,0.073405,0.0468122,0.1202172,0.15671095,0.3134219,0.8,2
2025-06-16,0.194128,0.1375803522019041,2,0.096844,0.291412,0.274682,0.549364,0.277154,0.1169795032388153,2,2,bullish,0.0036925,0.0461288284180019,0.0533234672959999,0.2121485,0.0344597142435917,2.0,0.2701853888888889,-0.0288769999999999,0.1916884892857143,0.0461288284180019,2.4285714285714284,0.2419989523809523,0.0101976857142857,0.1966395041666666,0.0837316230298408,2.2857142857142856,0.2573069321428571,0.0045227009706959,0.1893030852777777,0.1168362250468335,2.1,0.2390659914814814,0.0014312040137189,50.53033738100419,0.009731828404236,0.0108877980708821,0.4323807103854292,-0.0429475045520958,0.019389767139005,0.2633393149431356,0.0,0.9884565,0.0,0.0,0.0,0.0,0.0,0.2901519999999999,0.0,0.0,0.0,0.0,0.5,0.0,0.75,0.0,0.194128,0.0,0.0,0.0,0.0,0.0,0.194128,0.0,0.0,0.0,0.0,0.096844,0.0,0.194128,0.0,0.381528171156,0.0,0.0,0.0,0.0,0.0,0.127396450544,0.0,0.0,0.0,0.0,0.048422,0.0,0.339834,0.1067484,0.2134968,0.6,2
2025-06-17,0.14127775,0.1686319711529123,4,-0.029626,0.37339,0.1550965,0.620386,0.260023,0.070519469202956,4,3,neutral,-0.0528502499999999,0.0337241701191519,0.021911684552875,0.1752804166666667,0.0295049935501744,2.3333333333333335,0.2129893333333333,-0.0245788749999999,0.1974634535714285,0.0337241701191519,2.7142857142857144,0.2536950952380952,-0.0081799633928571,0.2026146767857142,0.0756423505411614,2.2857142857142856,0.2623526583333334,-0.0016419481868131,0.1891782102777778,0.1168871735146648,2.1666666666666665,0.2423103081481481,0.0008159901390433,52.971521591669365,0.0041275896170411,0.0095357563801139,0.4150975944350988,-0.0069494636017654,-0.2722443439380202,-0.2916341110770253,0.0,0.8051206666666667,0.0,0.0,0.158519,0.333333,0.0,0.5833016666666667,0.0,0.0,0.333333,0.0,0.333333,0.0,0.6666665,0.0,0.147052,0.0,0.0,0.097392,0.37339,0.0,0.147052,0.0,0.0,0.097392,0.0,0.235391,0.0,0.14127775,0.0,0.234517938064,0.0,0.0,0.015438482448,0.12446320887,0.0,0.361286447676,0.0,0.0,0.032463967536,0.0,0.156927176406,0.0,0.251256176406,0.089308375,0.3572335,0.55,3
2025-06-18,0.1662116666666666,0.1470597208087018,3,0.0,0.279431,0.297002,0.891006,0.1719056666666666,0.0466112886040853,3,3,bullish,0.0249339166666666,0.033812501927452,0.0493651974233333,0.1672058055555556,0.0264391464567869,2.6666666666666665,0.2422601666666666,-0.0139581666666666,0.1897331916666666,0.033812501927452,2.7142857142857144,0.2515552023809523,-0.0082626482142857,0.2026256529761904,0.0756366488200878,2.2857142857142856,0.2656192154761904,-0.0038871993589743,0.1825360991666666,0.1120866511314261,2.2333333333333334,0.2410010414814814,0.0018836588190582,50.0058028152037,0.0016787945502148,0.0079643640141341,0.4083825392813995,0.0119840582186004,0.1764886308471551,0.4487329747851754,0.0,0.995077,0.0,0.0,0.158519,0.0,0.0,0.8402970000000001,0.0,0.0,0.0,0.838487,0.0,0.0,1.0,0.0,0.279431,0.0,0.0,0.2493175,0.0,0.0,0.2493175,0.0,0.0,0.0,0.219204,0.0,0.0,0.1662116666666666,0.0,0.2780553611869999,0.0,0.0,0.0790431215649999,0.0,0.0,0.409625596143,0.0,0.0,0.0,0.183799704348,0.0,0.0,0.498635,0.0831058333333333,0.2493175,0.5,3
2025-06-19,0.130901,0.1470597208087018,1,0.130901,0.130901,0.482982,0.482982,0.243945,0.0466112886040853,1,1,neutral,-0.0353106666666666,0.0405582853264382,0.063222826782,0.146130138888889,0.0181485551369214,2.3333333333333335,0.3116935,-0.005188375,0.1818053630952381,0.0405582853264382,2.4285714285714284,0.2860539166666666,-0.0150428675595238,0.1950188136904762,0.0772095226206372,2.142857142857143,0.2796793761904761,-0.0047901752564102,0.1833794991666666,0.1115818286443433,2.2,0.253733897037037,0.0010199284631071,45.86598264474137,-0.0030757112211903,0.0057563489670692,0.3597775416132912,0.0286630058867088,-0.2124439720436793,-0.3889326028908345,0.0,0.999999,0.0,0.0,0.0,0.0,0.0,0.5855,0.0,0.0,0.0,0.0,0.0,0.0,1.0,0.0,0.130901,0.0,0.0,0.0,0.0,0.0,0.130901,0.0,0.0,0.0,0.0,0.0,0.0,0.130901,0.0,0.1309008690989999,0.0,0.0,0.0,0.0,0.0,0.0766425355,0.0,0.0,0.0,0.0,0.0,0.0,0.130901,0.0654505,0.0654505,0.5,1
2025-06-20,0.1612702,0.0918620618356675,5,0.074357,0.314688,0.1555112,0.777556,0.2405144,0.0592924161280344,5,4,bullish,0.0303692,0.0405072221804181,0.02507932232624,0.152794288888889,0.0191204497066285,2.6666666666666665,0.3118317333333333,-0.0024707333333333,0.176586588095238,0.0405072221804181,2.4285714285714284,0.2715925523809523,-0.0149578833333333,0.1946546994047619,0.0773668917533857,2.2857142857142856,0.2774791333333333,-0.0066989602747252,0.1843636058333333,0.1112404172062438,2.1666666666666665,0.2551259999999999,0.0005212016221727,49.79566806899911,-0.0043430883885874,0.0037364614959379,0.3291812915534345,0.0388940759465654,0.2320012834126554,0.4444452554563348,0.0,0.5843695,0.0,0.0,0.0,0.2916665,0.3333333333333333,0.78975225,0.0,0.0,0.2777776666666666,0.769861,0.333333,0.25,0.3333332,0.0,0.2407605,0.0,0.0,0.0,0.1945225,0.1082766666666666,0.1829985,0.0,0.0,0.1207313333333333,0.129469,0.2407605,0.121004,0.1612702,0.0,0.321828446667,0.0,0.0,0.0,0.123485145104,0.11357475,0.591787582449,0.0,0.0,0.104451194389,0.099673133809,0.160506839493,0.030251,0.274081589493,0.09322262,0.4661131,0.54,4
2025-06-22,-0.117454,0.0918620618356675,1,-0.117454,-0.117454,0.046363,0.046363,-0.016961,0.0592924161280344,1,1,neutral,-0.2787242,0.108894801781013,-0.005445519802,0.0582390666666667,0.1529104716270712,2.0,0.2282854,-0.1241775,0.1238243023809523,0.108894801781013,2.2857142857142856,0.2315466,-0.0357057446428571,0.1683142172619047,0.1117350846243595,2.2142857142857144,0.256089669047619,-0.0137485038644688,0.1751976169444444,0.1241122425578294,2.1333333333333333,0.2531213777777777,-0.0016110979736744,37.20591759310602,-0.0275209445086819,-0.002515019704986,0.3686795528290919,-0.0273158853290919,-1.7283056634145677,-1.960306946827223,0.0,0.891286,0.0,0.0,0.0,0.0,0.0,0.459462,0.310843,0.0,0.0,0.0,0.0,0.0,1.0,0.0,-0.117454,0.0,0.0,0.0,0.0,0.0,-0.117454,-0.117454,0.0,0.0,0.0,0.0,0.0,-0.117454,0.0,-0.104685105844,0.0,0.0,0.0,0.0,0.0,-0.053965649748,-0.036509753722,0.0,0.0,0.0,0.0,0.0,-0.117454,-0.0822178,-0.0822178,0.7,1
2025-06-23,0.2492039999999999,0.1262207449391739,5,0.097597,0.387787,0.3400126,1.700063,0.2618858,0.097340590100944,5,3,bullish,0.366658,0.1168603818769836,0.0847324999704,0.0976734,0.1914234493699244,2.6666666666666665,0.1806289333333333,0.0439669,0.1322198023809523,0.1168603818769836,2.4285714285714284,0.2502356142857142,-0.0127563202380952,0.1775385029761904,0.1127711528841344,2.357142857142857,0.2694489261904761,-0.0130280337179487,0.1793064475,0.1244651565662388,2.066666666666667,0.2566899061111111,-0.0014733514627363,53.851314028543065,-0.0161175554771614,-0.0052355268594211,0.3753044758640085,-0.0268681083640085,-3.1217157355219913,-1.3934100721074238,0.0,0.9868976666666668,0.0,0.0,0.158519,0.25,0.5,0.4383828,0.158519,0.0,0.2916665,0.576289,0.2916665,0.0,0.6166666000000001,0.0,0.2858653333333333,0.0,0.0,0.15259,0.207583,0.180841,0.2492039999999999,0.207583,0.0,0.15259,0.180841,0.15259,0.0,0.2492039999999999,0.0,0.849235516906,0.0,0.0,0.04837682842,0.05189575,0.0904205,0.516536557654,0.032905849577,0.0,0.0844280508009999,0.104216679049,0.0844280508009999,0.0,0.934847550801,0.13290532,0.6645266,0.54,3
2025-06-24,0.5068256666666667,0.3479105246041478,3,0.105316,0.719166,0.5752700000000001,1.72581,0.408236,0.1543262099450381,3,2,bullish,0.2576216666666667,0.1846015865275891,0.2915616012633334,0.2128585555555556,0.3137228379513663,2.0,0.3205485333333333,0.3121398333333334,0.1768908976190476,0.1846015865275891,2.4285714285714284,0.2931767571428571,0.036224050595238,0.1842896934523809,0.1294960878159554,2.4285714285714284,0.2675878547619048,0.0041198576739926,0.1914216363888888,0.1378191915697083,2.033333333333333,0.256509695,0.0003918381887282,52.8781881935756,0.013551401015784,-0.0014781412843801,0.4390412852001119,-0.0456848843667785,1.0337782165080287,4.15549395203002,0.0,0.0,0.0,0.0,0.0,0.0,0.0,0.452403,0.0,0.0,0.0,0.0,0.5,0.0,0.8333333333333334,0.0,0.0,0.0,0.0,0.0,0.0,0.0,0.4006555,0.0,0.0,0.0,0.0,0.105316,0.0,0.5068256666666667,0.0,0.0,0.0,0.0,0.0,0.0,0.0,0.159189612237,0.0,0.0,0.0,0.0,0.052658,0.0,1.467819,0.2534128333333333,0.7602385,0.5,2
2025-06-25,0.303149125,0.1524684607455751,8,0.050538,0.423702,0.4508908749999999,3.607127,0.288081625,0.0740051720546563,8,3,bullish,-0.2036765416666667,0.1894712495641643,0.1366871742267343,0.3530595972222223,0.135869504349253,2.6666666666666665,0.4553911583333334,0.0269725625,0.2000153797619047,0.1894712495641643,2.4285714285714284,0.3354330964285714,0.044664125297619,0.1987394166666666,0.1307501544388773,2.5714285714285716,0.2945640958333334,0.0047651812087912,0.1872653072222222,0.1322095211649347,2.1,0.2617753241666666,0.002743125272525,56.5930245539573,0.0203941871647419,0.0028963244054443,0.4499697328706553,-0.042904219537322,-0.4018670621127449,-1.4356452786207736,0.0,0.7635835,0.0,0.0,0.0,0.0,0.0,0.3187651666666666,0.0,0.0,0.5,0.0,0.0,0.0,0.5625,0.0,0.319283,0.0,0.0,0.0,0.0,0.0,0.2744341666666667,0.0,0.0,0.3392364285714286,0.0,0.0,0.0,0.303149125,0.0,0.467271877046,0.0,0.0,0.0,0.0,0.0,0.402089236848,0.0,0.0,1.1873275,0.0,0.0,0.0,1.2378655,0.1515745625,1.2125965,0.5,3
2025-06-26,0.2314063333333333,0.2541906663163172,3,0.039896,0.51979,0.309795,0.929385,0.3008146666666667,0.0917856671617814,3,3,bullish,-0.0717427916666667,0.1891347118393304,0.0716885250349999,0.3471270416666668,0.1428793027670546,2.6666666666666665,0.4453186250000001,-0.1377096666666666,0.2093289035714285,0.1891347118393304,2.4285714285714284,0.3372606678571428,0.0431983398809523,0.1995310476190476,0.13092432305976,2.5714285714285716,0.2944079351190476,0.0064100848717948,0.1923852183333333,0.1307910559811182,2.1666666666666665,0.2675678408333333,0.0022730350018539,50.37279783708746,0.0197998637328344,0.0062770322709223,0.4495114235846329,-0.0430449519179662,-0.2366584157769438,0.1652086463358011,0.0,0.404623,0.0,0.0,0.310843,0.25,0.25,0.623304,0.0,0.0,0.0,0.0,0.333333,0.2916665,0.5277776666666667,0.0,0.3271615,0.0,0.0,0.134533,0.134533,0.134533,0.134533,0.0,0.0,0.0,0.0,0.039896,0.0872145,0.2314063333333333,0.0,0.169940846501,0.0,0.0,0.041818641319,0.03363325,0.03363325,0.083854957032,0.0,0.0,0.0,0.0,0.0132986533679999,0.046931903368,0.566721903368,0.1246720333333333,0.3740160999999999,0.5666666666666667,3
2025-06-27,0.033676,0.2541906663163172,1,0.033676,0.033676,0.050572,0.050572,0.204503,0.0917856671617814,1,1,neutral,-0.1977303333333332,0.1991583356721364,0.001703062672,0.1894104861111112,0.1395588752543191,2.3333333333333335,0.2704192916666666,-0.1347365625,0.1954396178571428,0.1991583356721364,2.4285714285714284,0.2754878107142857,0.0131743997023809,0.1886224904761904,0.1382597133096568,2.4285714285714284,0.2807708636904761,0.001238339084249,0.19002666,0.1330502633555847,2.1333333333333333,0.2621668741666667,0.0006425358138672,45.372808077550935,0.0033352351926999,0.0056886728552778,0.4539584114471128,-0.0607611197804461,-0.8544724359316008,-0.617814020154657,0.0,0.0,0.0,0.0,0.0,0.2,0.2,1.0,0.0,0.2,0.2,0.0,0.0,0.0,0.2,0.0,0.0,0.0,0.0,0.0,0.033676,0.033676,0.033676,0.0,0.033676,0.033676,0.0,0.0,0.0,0.033676,0.0,0.0,0.0,0.0,0.0,0.0067352,0.0067352,0.033676,0.0,0.0067352,0.0067352,0.0,0.0,0.0,0.0067352,0.0235731999999999,0.0235731999999999,0.7,1
2025-06-28,0.07085,0.2541906663163172,1,0.07085,0.07085,0.055236,0.055236,0.202322,0.0917856671617814,1,1,neutral,0.037174,0.2046017703341703,0.0039134706,0.1119774444444445,0.1050853043718576,1.6666666666666667,0.1385343333333333,-0.0802781666666666,0.1825224464285714,0.2046017703341703,2.0,0.2611627821428571,-0.0050558333333332,0.1795545172619047,0.1417309578270471,2.2142857142857144,0.2663776672619047,-0.0018239803846153,0.1939173766666666,0.1275052140790092,2.1,0.2613503408333333,-0.001753229725621,46.21268507728965,-0.0066369651002606,0.0032235452641701,0.4494724270153862,-0.0743214103487196,1.1038721938472502,1.9583446297788512,0.0,0.310843,0.0,0.0,0.0,0.0,0.0,0.365926,0.0,0.0,0.0,0.0,0.5,0.0,0.5,0.0,0.07085,0.0,0.0,0.0,0.0,0.0,0.07085,0.0,0.0,0.0,0.0,0.07085,0.0,0.07085,0.0,0.0220232265499999,0.0,0.0,0.0,0.0,0.0,0.0259258570999999,0.0,0.0,0.0,0.0,0.035425,0.0,0.035425,0.0495949999999999,0.0495949999999999,0.7,1
