date,sentiment_mean,sentiment_std,sentiment_count,sentiment_min,sentiment_max,relevance_mean,relevance_sum,overall_sentiment_mean,overall_sentiment_std,source_count,article_count,sentiment_polarity,sentiment_momentum,sentiment_volatility,weighted_sentiment,sentiment_ma_3d,sentiment_std_3d,article_count_ma_3d,relevance_ma_3d,sentiment_trend_3d,sentiment_ma_7d,sentiment_std_7d,article_count_ma_7d,relevance_ma_7d,sentiment_trend_7d,sentiment_ma_14d,sentiment_std_14d,article_count_ma_14d,relevance_ma_14d,sentiment_trend_14d,sentiment_ma_30d,sentiment_std_30d,article_count_ma_30d,relevance_ma_30d,sentiment_trend_30d,sentiment_rsi,sentiment_macd,sentiment_macd_signal,sentiment_bb_upper,sentiment_bb_lower,sentiment_rate_of_change,sentiment_acceleration,Blockchain_relevance_score,Earnings_relevance_score,Economy - Fiscal_relevance_score,Economy - Macro_relevance_score,Economy - Monetary_relevance_score,Energy & Transportation_relevance_score,Finance_relevance_score,Financial Markets_relevance_score,IPO_relevance_score,Life Sciences_relevance_score,Manufacturing_relevance_score,Mergers & Acquisitions_relevance_score,Real Estate & Construction_relevance_score,Retail & Wholesale_relevance_score,Technology_relevance_score,Blockchain_sentiment_score,Earnings_sentiment_score,Economy - Fiscal_sentiment_score,Economy - Macro_sentiment_score,Economy - Monetary_sentiment_score,Energy & Transportation_sentiment_score,Finance_sentiment_score,Financial Markets_sentiment_score,IPO_sentiment_score,Life Sciences_sentiment_score,Manufacturing_sentiment_score,Mergers & Acquisitions_sentiment_score,Real Estate & Construction_sentiment_score,Retail & Wholesale_sentiment_score,Technology_sentiment_score,Blockchain_weighted_sentiment,Earnings_weighted_sentiment,Economy - Fiscal_weighted_sentiment,Economy - Macro_weighted_sentiment,Economy - Monetary_weighted_sentiment,Energy & Transportation_weighted_sentiment,Finance_weighted_sentiment,Financial Markets_weighted_sentiment,IPO_weighted_sentiment,Life Sciences_weighted_sentiment,Manufacturing_weighted_sentiment,Mergers & Acquisitions_weighted_sentiment,Real Estate & Construction_weighted_sentiment,Retail & Wholesale_weighted_sentiment,Technology_weighted_sentiment,weighted_sentiment_mean,weighted_sentiment_sum,avg_source_weight,unique_sources
2024-12-16,-0.02091,0.0,1,-0.02091,-0.02091,0.045139,0.045139,-0.055786,0.0,1,1,neutral,0.0,0.0,-0.0009438564900000001,0.0,0.0,0.0,0.0,0.0,0.0,0.0,0.0,0.0,0.0,0.0,0.0,0.0,0.0,0.0,0.0,0.0,0.0,0.0,0.0,0.0,0.0,0.0,0.0,0.0,0.0,0.0,0.0,0.0,0.0,0.0,0.0,0.0,0.0,0.0,0.0,0.0,0.0,0.0,0.0,0.0,0.0,0.0,0.0,0.0,0.0,0.0,0.0,0.0,0.0,0.0,0.0,0.0,0.0,0.0,0.0,0.0,0.0,0.0,0.0,0.0,0.0,0.0,0.0,0.0,0.0,0.0,0.0,0.0,0.0,0.0,0.0,-0.010455,-0.010455,0.5,1
2024-12-17,0.09294200000000001,0.14469207939483072,6,-0.171896,0.229909,0.07269533333333333,0.436172,0.19683316666666664,0.23361070391864897,6,2,neutral,0.11385200000000001,0.0,0.0067564496706666675,0.0,0.0,0.0,0.0,0.0,0.0,0.0,0.0,0.0,0.0,0.0,0.0,0.0,0.0,0.0,0.0,0.0,0.0,0.0,0.0,0.0,0.002554371794871793,0.0014190954415954405,0.0,0.0,-5.4448589191774275,0.0,0.0,0.5092536666666666,0.0,0.0,0.310843,0.0,0.5,0.579731,0.0,0.0,0.5,0.0,0.0,0.5,0.6666666666666666,0.0,0.061988999999999995,0.0,0.0,0.1789315,0.0,0.1789315,0.06497625,0.0,0.0,0.061988999999999995,0.0,0.0,0.229909,0.04195033333333333,0.0,0.217751742899,0.0,0.0,0.11123920850899999,0.0,0.1789315,0.35446771525299997,0.0,0.0,0.0929835,0.0,0.0,0.1149545,0.0968445,0.046471000000000005,0.278826,0.5,2
2024-12-18,0.013388874999999993,0.15698593742246697,8,-0.314661,0.169419,0.060144500000000004,0.48115600000000003,0.155047875,0.17981179473345973,8,5,neutral,-0.07955312500000002,0.0,0.0008052671924374997,0.028473625000000002,0.058405750897680235,2.6666666666666665,0.059326277777777776,0.0171494375,0.0,0.0,0.0,0.0,0.0,0.0,0.0,0.0,0.0,0.0,0.0,0.0,0.0,0.0,0.0,0.0,0.0007878390297954459,0.0011603837974151147,0.0,0.0,-0.855943760624906,4.588915158552521,0.0,0.3898203333333334,0.0,0.158519,0.0,0.0,0.0,0.410644,0.0,0.0,0.8,0.0,0.5,0.0,0.0,0.0,-0.04841400000000001,0.0,0.079496,0.0,0.0,0.0,-0.07897966666666667,0.0,0.0,0.002749999999999991,0.0,0.079496,0.0,0.0,0.0,0.060365770554,0.0,0.025203252848,0.0,0.0,0.0,-0.042456118429,0.0,0.0,-0.06574600000000003,0.0,0.079496,0.0,0.0,0.0013936874999999965,0.011149499999999972,0.55,5
2024-12-19,-0.064090375,0.1888438803138247,8,-0.340033,0.127822,0.08822875,0.70583,-0.01384275,0.1726134270085698,8,3,neutral,-0.07747925,0.0,-0.00565461367328125,0.014080166666666666,0.07851846988232425,3.3333333333333335,0.07368952777777778,-0.07851618750000003,0.0,0.0,0.0,0.0,0.0,0.0,0.0,0.0,0.0,0.0,0.0,0.0,0.0,0.0,0.0,0.0,-0.0028322814476044117,-0.0001921450796240201,0.0,0.0,-5.786837953151407,-4.930894192526501,0.0,0.158519,0.0,0.158519,0.5403519999999999,0.5,1.0,0.3774062,0.0,0.333333,0.6666666,0.0,0.0,0.0,0.6111110000000001,0.0,-0.245619,0.0,0.08396600000000001,-0.292826,-0.245619,-0.269194,-0.10561000000000001,0.0,0.122771,0.0345812,0.0,0.0,0.0,0.034450666666666664,0.0,-0.038935278260999996,0.0,0.026620412708000002,-0.33812709223,-0.1228095,-0.538388,-0.39226509114999997,0.0,0.040923625743,0.14995712574300002,0.0,0.0,0.0,-0.042406374257000015,-0.0320451875,-0.2563615,0.5,3
2024-12-20,0.040544399999999994,0.2750804313183691,5,-0.397046,0.315392,0.152996,0.76498,0.1420806,0.3453849164241253,5,2,neutral,0.104634775,0.0,0.006203131022399999,-0.0033857000000000054,0.05429685819315999,3.3333333333333335,0.10045641666666667,0.013577762500000003,0.0,0.0,0.0,0.0,0.0,0.0,0.0,0.0,0.0,0.0,0.0,0.0,0.0,0.0,0.0,0.0,-0.0005761156063969763,-0.00030636763042511363,0.0,0.0,-1.6326129313488957,4.154225021802511,0.310843,0.451494,0.0,0.0,0.0,0.0,0.333333,0.5825766666666666,0.0,0.0,0.5555553333333334,0.310843,0.0,0.333333,0.333333,0.1391045,-0.397046,0.0,0.0,0.0,0.0,0.2474125,0.032593000000000004,0.0,0.0,0.032593000000000004,0.315392,0.0,0.179433,0.315392,0.086479320187,-0.179263886724,0.0,0.0,0.0,0.0,0.164941501725,0.04876213550099999,0.0,0.0,-0.23210449827500002,0.098037395456,0.0,0.059810940189,0.105130561536,0.034626840000000006,0.17313420000000002,0.58,2
2024-12-23,-0.039104142857142865,0.19093782395187237,7,-0.328342,0.141333,0.08433357142857142,0.5903349999999999,0.0934472857142857,0.22369026725118096,7,4,neutral,-0.07964854285714286,0.0,-0.0032977920247959187,-0.020883372619047626,0.054645277800348405,3.0,0.10851944047619048,0.012493116071428561,0.0,0.0,0.0,0.0,0.0,0.0,0.0,0.0,0.0,0.0,0.0,0.0,0.0,0.0,0.0,0.0,-0.002614843233619007,-0.0009320928676513184,0.0,0.0,-1.9644770389287514,-0.3318641075798556,0.0,0.6449905,0.0,0.158519,0.158519,0.0,0.0,0.3134825,0.0,0.5,0.875,0.360215,0.0,0.0,0.6666666666666666,0.0,-0.09350450000000002,0.0,0.0826195,0.141333,0.0,0.0,-0.043343000000000007,0.0,-0.328342,0.007982249999999996,0.089825,0.0,0.0,-0.03239466666666668,0.0,-0.02973855977700003,0.0,0.026193521041,0.022403965826999998,0.0,0.0,0.09730942867399997,0.0,-0.164171,-0.038737500000000036,0.032356312375,0.0,0.0,-0.003679500000000016,-0.01441921428571429,-0.10093450000000004,0.5571428571428572,4
2024-12-24,-0.006149749999999999,0.21836415984218502,4,-0.314355,0.179531,0.039975,0.1599,0.0600285,0.1699233072840019,4,4,neutral,0.03295439285714287,0.05249383770058866,-0.00024583625624999993,-0.0015698309523809566,0.04002129856312247,3.3333333333333335,0.09243485714285714,-0.023347075000000005,0.002374429591836733,0.05249383770058866,3.0,0.07764459353741496,-0.006880571811224488,0.0,0.0,0.0,0.0,0.0,0.0,0.0,0.0,0.0,0.0,0.0,-0.002384369828670534,-0.001299625423261452,0.0,0.0,-0.842734054484545,1.1217429844442064,0.983605,0.6482086666666667,0.0,0.0,0.158519,0.333333,0.0,0.80452475,0.0,0.0,0.75,0.158519,0.0,0.333333,0.4166665,0.0,0.09658533333333334,0.0,0.0,0.179531,0.110225,0.0,-0.006149749999999999,0.0,0.0,-0.067412,0.110225,0.0,0.110225,0.144878,0.0,0.254985824097,0.0,0.0,0.028459074589,0.036741629925,0.0,0.073738247608,0.0,0.0,-0.2245895,0.017472756775,0.0,0.036741629925,0.126507129925,0.002436375000000001,0.009745500000000004,0.55,4
2024-12-26,-0.06023633333333333,0.24710607796315598,3,-0.345562,0.08426,0.06594066666666666,0.197822,0.157052,0.16755010895550024,3,2,neutral,-0.05408658333333333,0.057286740377565995,-0.003972023977555555,-0.035163408730158725,0.02725778170106817,3.3333333333333335,0.0634164126984127,-0.01056609523809524,-0.003243618027210885,0.057286740377565995,3.142857142857143,0.08061626020408164,-0.0169152149234694,0.0,0.0,0.0,0.0,0.0,0.0,0.0,0.0,0.0,0.0,0.0,-0.004763840386383918,-0.002132141423476601,0.0,0.0,8.79492391289619,9.637657967380735,0.0,0.0,0.0,0.158519,0.0,0.0,0.0,0.39640000000000003,0.0,0.0,1.0,0.0,0.0,0.0,0.0,0.0,0.0,0.0,0.0824265,0.0,0.0,0.0,-0.1324845,0.0,0.0,-0.06023633333333333,0.0,0.0,0.0,0.0,0.0,0.0,0.0,0.026132332707,0.0,0.0,0.0,-0.227860531855,0.0,0.0,-0.18070899999999998,0.0,0.0,0.0,0.0,-0.030118166666666665,-0.09035449999999999,0.5,2
2024-12-27,-0.039485250000000006,0.20329460252939166,4,-0.340019,0.086939,0.11696725,0.467869,0.157198,0.18699711589754534,4,2,neutral,0.020751083333333323,0.03925795916768823,-0.004618481108062501,-0.035290444444444444,0.027286203829134856,2.6666666666666665,0.07429430555555555,-0.016667750000000012,-0.02216179659863946,0.03925795916768823,3.142857142857143,0.08694081972789115,-0.007057444345238097,0.0,0.0,0.0,0.0,0.0,0.0,0.0,0.0,0.0,0.0,0.0,-0.00530955836196444,-0.002866140499514009,0.0,0.0,-0.3444944634744256,-9.139418376370616,0.0,0.0,0.0,0.158519,0.0,0.0,0.0,0.381917,0.0,0.0,0.8333333333333334,0.0,0.0,0.0,0.75,0.0,0.0,0.0,0.0850215,0.0,0.0,0.0,-0.08162666666666667,0.0,0.0,-0.05665866666666667,0.0,0.0,0.0,-0.163992,0.0,0.0,0.0,0.026955046317,0.0,0.0,0.0,-0.016607563030000005,0.0,0.0,3.349999999999187e-05,0.0,0.0,0.0,-0.15797450000000002,-0.019742625000000003,-0.07897050000000001,0.5,2
2024-12-28,0.17588749999999997,0.03921260655069999,2,0.14816,0.203615,0.1272925,0.254585,0.308008,0.16693942575676962,2,1,bullish,0.21537274999999997,0.08508284217026074,0.022389159593749996,0.02538863888888888,0.13074816351170238,1.6666666666666667,0.10340013888888888,0.11806191666666667,0.0010522926870748278,0.08508284217026074,2.5714285714285716,0.09653339115646258,0.019240790518707484,0.0,0.0,0.0,0.0,0.0,0.0,0.0,0.0,0.0,0.0,0.0,0.005474281072469648,-0.0009974019065818623,0.0,0.0,-5.454511494798689,-5.110017031324263,0.0,0.0,0.0,0.158519,0.0,0.0,0.0,0.381917,0.0,0.0,0.8333333333333334,0.0,0.0,0.0,0.75,0.0,0.0,0.0,0.0850215,0.0,0.0,0.0,-0.08162666666666667,0.0,0.0,-0.05665866666666667,0.0,0.0,0.0,-0.163992,0.0,0.0,0.0,0.026955046317,0.0,0.0,0.0,-0.016607563030000005,0.0,0.0,3.349999999999187e-05,0.0,0.0,0.0,-0.15797450000000002,0.08794374999999999,0.17588749999999997,0.5,1
2024-12-29,0.037493,0.050087201738567906,2,0.002076,0.07291,0.0514425,0.102885,-0.057552000000000006,0.1195717566986452,2,2,neutral,-0.13839449999999998,0.08066879747733818,0.0019287336525,0.05796508333333333,0.10913608480995562,1.6666666666666667,0.09856741666666667,0.03848912500000002,0.01556420340136054,0.08066879747733818,2.4285714285714284,0.091278212585034,0.013839056632653056,0.0,0.0,0.0,0.0,0.0,0.0,0.0,0.0,0.0,0.0,0.0,0.005817036200915369,0.000493558214074795,0.0,0.0,-0.7868353350863477,4.667676159712341,0.0,0.0,0.0,0.0,0.0,0.0,0.0,0.360215,0.0,0.0,0.5,0.0,0.0,0.0,0.5,0.0,0.0,0.0,0.0,0.0,0.0,0.0,0.07291,0.0,0.0,0.07291,0.0,0.0,0.0,0.07291,0.0,0.0,0.0,0.0,0.0,0.0,0.0,0.02626327565,0.0,0.0,0.036455,0.0,0.0,0.0,0.036455,0.033328500000000004,0.06665700000000001,0.7,2
2024-12-30,-0.05406633333333333,0.2370155560766705,3,-0.32774,0.084619,0.058709333333333336,0.176128,0.14199133333333333,0.2793123056389269,3,2,neutral,-0.09155933333333333,0.0836564295106258,-0.0031741983857777774,0.05310472222222221,0.11576910541777316,1.6666666666666667,0.07914811111111111,-0.11497691666666665,0.0020483843537414947,0.0836564295106258,2.4285714285714284,0.0778086887755102,0.009947241496598645,0.0,0.0,0.0,0.0,0.0,0.0,0.0,0.0,0.0,0.0,0.0,0.0009597453150577227,0.0005936756522338173,0.0,0.0,-2.442038069328497,-1.6552027342421491,0.0,0.0,0.0,0.158519,0.0,0.0,0.0,0.108179,0.0,0.0,1.0,0.0,0.0,0.0,0.0,0.0,0.0,0.0,0.0827705,0.0,0.0,0.0,-0.12340899999999999,0.0,0.0,-0.05406633333333333,0.0,0.0,0.0,0.0,0.0,0.0,0.0,0.026241393778999998,0.0,0.0,0.0,-0.026700524421999994,0.0,0.0,-0.16219899999999998,0.0,0.0,0.0,0.0,-0.027033166666666664,-0.08109949999999999,0.5,2
2024-12-31,-0.016731999999999997,0.18929634902800777,4,-0.300471,0.084838,0.054288750000000004,0.21715500000000001,0.1662865,0.23653612595471896,4,2,neutral,0.03733433333333333,0.08223752155219227,-0.0009083593649999999,-0.011101777777777775,0.046038597196426535,2.0,0.05481352777777778,-0.027112499999999998,0.005244404761904762,0.08223752155219227,2.142857142857143,0.07351657142857142,0.002056124999999998,0.0,0.0,0.0,0.0,0.0,0.0,0.0,0.0,0.0,0.0,0.0,-0.0005463364189288492,0.0003524094904899719,0.0,0.0,-0.6905283016541409,1.751509767674356,0.0,0.0,0.0,0.158519,0.0,0.0,0.0,0.10817899999999998,0.0,0.0,0.8333333333333334,0.0,0.0,0.0,0.5,0.0,0.0,0.0,0.082802,0.0,0.0,0.0,-0.050588666666666664,0.0,0.0,-0.044955666666666665,0.0,0.0,0.0,-0.300471,0.0,0.0,0.0,0.026251380476,0.0,0.0,0.0,-0.016417894114,0.0,0.0,0.015368500000000007,0.0,0.0,0.0,-0.1502355,-0.008365999999999998,-0.033463999999999994,0.5,2
2025-01-01,-0.1562235,0.2209333924613932,2,-0.312447,0.0,0.112358,0.224716,0.0736275,0.02788899855677862,2,2,bearish,-0.1394915,0.1027153591291363,-0.017552960013,-0.07567394444444443,0.07221243858580915,2.0,0.07511869444444445,-0.051078583333333344,-0.01619470238095238,0.1027153591291363,1.8571428571428572,0.083857,-0.016871744047619028,-0.006910136394557824,0.07895623534745695,2.4285714285714284,0.08075079676870747,-0.004923114625850341,0.0,0.0,0.0,0.0,0.0,44.291110009074465,-0.00975095612253429,-0.0017612221340348863,0.0,0.0,8.336809705952666,9.027338007606806,0.158519,0.0,0.0,0.0,0.158519,0.0,0.0,0.9685630000000001,0.0,0.0,0.333333,0.0,0.0,0.6666665,0.333333,-0.312447,0.0,0.0,0.0,0.0,0.0,0.0,-0.1562235,0.0,0.0,-0.312447,0.0,0.0,-0.1562235,-0.312447,-0.049528785992999994,0.0,0.0,0.0,0.0,0.0,0.0,-0.293323056471,0.0,0.0,-0.10414889585099998,0.0,0.0,-0.10414889585099998,-0.10414889585099998,-0.07811175,-0.1562235,0.5,2
2025-01-02,-0.0554835,0.1928983642327396,4,-0.302416,0.12091,0.103004,0.412016,0.019801,0.04791230442520306,4,3,neutral,0.10074,0.10239090723537483,-0.005715022433999999,-0.07614633333333333,0.07200475091327886,2.3333333333333335,0.08988358333333334,-0.019375750000000008,-0.01551572619047619,0.10239090723537483,2.0,0.08915176190476191,-0.027372919642857124,-0.009379672108843539,0.0799620714325124,2.5714285714285716,0.08488401105442177,-0.006772458979591839,0.0,0.0,0.0,0.0,0.0,48.65561917488511,-0.010590135039840638,-0.003591398314932869,0.0,0.0,-0.6448453657740353,-8.981655071726701,0.0,0.158519,0.0,0.0,0.158519,0.0,0.0,0.818154,0.0,0.0,1.0,0.0,0.0,0.5,0.8333333333333334,0.0,-0.302416,0.0,0.0,-0.112548,0.0,0.0,-0.207482,0.0,0.0,-0.302416,0.0,0.0,0.07212,0.02682733333333334,0.0,-0.047938681904000004,0.0,0.0,-0.017840996411999998,0.0,0.0,-0.33541716802,0.0,0.0,-0.302416,0.0,0.0,0.03606,0.04442200000000002,-0.02774175,-0.110967,0.5,3
2025-01-03,-0.11033300000000001,0.27184295938648106,2,-0.302555,0.081889,0.0682235,0.136447,0.028625499999999998,0.40154260651206114,2,2,neutral,-0.054849500000000016,0.10847588593733119,-0.0075273034255000015,-0.10734666666666666,0.05043635137560344,2.3333333333333335,0.09452850000000002,0.022945249999999966,-0.025636833333333334,0.10847588593733119,2.0,0.08218836904761906,-0.040956130952380966,-0.0238993149659864,0.07839323788954128,2.5714285714285716,0.0845645943877551,-0.00628359783882784,0.0,0.0,0.0,0.0,0.0,41.71557016607427,-0.014420396407772595,-0.005819925394276546,0.0,0.0,0.9885731794136998,1.6334185451877352,0.0,0.0,0.0,0.158519,0.0,0.0,0.0,0.108179,0.0,0.0,1.0,0.0,0.0,0.0,0.0,0.0,0.0,0.0,0.081889,0.0,0.0,0.0,-0.302555,0.0,0.0,-0.11033300000000001,0.0,0.0,0.0,0.0,0.0,0.0,0.0,0.012980962391,0.0,0.0,0.0,-0.032730097345,0.0,0.0,-0.22066600000000003,0.0,0.0,0.0,0.0,-0.05516650000000001,-0.11033300000000001,0.5,2
2025-01-05,0.131752,0.27184295938648106,1,0.131752,0.131752,0.110462,0.110462,0.237373,0.40154260651206114,1,1,neutral,0.24208500000000002,0.09529167280152812,0.014553589424000002,-0.011354833333333333,0.12693223082646637,2.0,0.09389650000000001,0.09361775000000001,-0.031941904761904755,0.09529167280152812,2.0,0.07978401190476192,0.004696148809523795,-0.015444806037414967,0.08846021154736346,2.2857142857142856,0.08815870153061224,-0.0006071364233385651,0.0,0.0,0.0,0.0,0.0,54.25956158360858,-0.0021812270392904867,-0.00507542097413368,0.0,0.0,-2.194130495862525,-3.182703675276225,0.0,0.0,0.0,0.0,0.0,0.0,0.0,0.0,0.0,0.0,0.0,0.0,0.0,0.0,1.0,0.0,0.0,0.0,0.0,0.0,0.0,0.0,0.0,0.0,0.0,0.0,0.0,0.0,0.0,0.131752,0.0,0.0,0.0,0.0,0.0,0.0,0.0,0.0,0.0,0.0,0.0,0.0,0.0,0.0,0.131752,0.065876,0.065876,0.5,1
2025-01-06,-0.07709133333333333,0.2555115036183955,3,-0.362272,0.130998,0.10326500000000001,0.30979500000000004,0.17940166666666668,0.22451430413747214,3,1,neutral,-0.20884333333333333,0.09112686171394258,-0.007960836536666667,-0.018557444444444442,0.13122861318170131,1.3333333333333333,0.09398350000000001,0.016620833333333324,-0.048311095238095236,0.09112686171394258,1.8571428571428572,0.08718722619047618,0.009777982142857149,-0.016373445918367348,0.08907626252504937,2.142857142857143,0.08923271938775511,-0.003972165850340136,0.0,0.0,0.0,0.0,0.0,49.572546581780294,-0.005948768163608339,-0.0052532947002146,0.0,0.0,-1.5851245774890197,0.6090059183735055,0.0,0.158519,0.0,0.0,0.0,0.0,0.5,0.108179,0.0,0.0,1.0,0.0,0.0,0.5,1.0,0.0,-0.362272,0.0,0.0,0.0,0.0,0.0,-0.181136,0.0,0.0,-0.362272,0.0,0.0,0.0,0.130998,0.0,-0.057426995168,0.0,0.0,0.0,0.0,0.0,-0.039190222687999994,0.0,0.0,-0.362272,0.0,0.0,0.0,0.130998,-0.038545666666666666,-0.11563699999999999,0.5,1
2025-01-07,-0.087036,0.15781199247205518,4,-0.304126,0.053996,0.11064675,0.442587,0.12163075000000001,0.23650111951303035,4,2,neutral,-0.009944666666666671,0.09231814509100393,-0.009630250533,-0.010791777777777773,0.12354663304254046,1.3333333333333333,0.10812458333333334,-0.10939400000000002,-0.05302104761904762,0.09231814509100393,1.8571428571428572,0.09460685714285715,0.004806708333333333,-0.025486331632653063,0.08933105104539711,2.142857142857143,0.08620777295918367,-0.004114683464154892,0.0,0.0,0.0,0.0,0.0,45.526808097723865,-0.009409741679065744,-0.00609673941536031,0.0,0.0,0.12899850393905066,1.7141230814280703,0.0,0.360215,0.0,0.0,0.0,0.5,0.0,0.19623333333333334,0.0,0.5,0.5,0.0,0.0,0.0,0.5,0.0,-0.304126,0.0,0.0,0.0,-0.098014,0.0,-0.08337666666666667,0.0,-0.304126,-0.13404666666666668,0.0,0.0,0.0,0.0,0.0,-0.10955074709000001,0.0,0.0,0.0,-0.049007,0.0,-0.018529389126,0.0,-0.152063,-0.20107,0.0,0.0,0.0,0.0,-0.0408182,-0.1632728,0.55,2
2025-01-08,-0.0633415,0.17400828438065813,6,-0.298983,0.105968,0.11428416666666667,0.685705,0.17754083333333334,0.2275456839049396,6,3,neutral,0.023694500000000007,0.09093505638894342,-0.007238930542916667,-0.07582294444444444,0.011898064562885665,2.0,0.1093986388888889,0.0068749166666666715,-0.05967954761904761,0.09093505638894342,2.0,0.10317763095238096,0.00888509523809525,-0.02721757142857143,0.08984862704473916,2.0714285714285716,0.08834710119047619,-0.005645198534798535,0.0,0.0,0.0,0.0,0.0,49.11549043760436,-0.010419217045368374,-0.006971318147641105,0.14458931531427419,-0.18041683959998847,-0.27223792453697326,-0.4012364284760239,0.158519,0.158519,0.0,0.158519,0.0,0.0,0.0,0.69318325,0.0,0.0,0.8666666,0.0,0.0,0.333333,0.333333,-0.1753035,-0.298983,0.0,0.08178650000000001,0.0,0.0,0.0,-0.142393,0.0,0.0,-0.0972034,0.0,0.0,-0.298983,-0.298983,-0.05557787103299999,-0.047394486177,0.0,0.025929428387,0.0,0.0,0.0,-0.543118422979,0.0,0.0,-0.28669490033899997,0.0,0.0,-0.09966090033899999,-0.09966090033899999,-0.024606216666666663,-0.14763729999999997,0.5666666666666667,3
2025-01-09,0.04096266666666667,0.10404745495365723,3,-0.069017,0.137836,0.05364833333333333,0.160945,0.015791666666666666,0.20150848383463493,3,1,neutral,0.10430416666666667,0.08647600929897527,0.0021975787955555554,-0.03647161111111111,0.06809851587066372,2.0,0.09285975,0.06399933333333334,-0.03151009523809524,0.08647600929897527,1.8571428571428572,0.09479053571428572,0.005876196428571439,-0.02385239880952381,0.09156428406657326,1.8571428571428572,0.08932376785714284,-0.0030026481684981674,0.0,0.0,0.0,0.0,0.0,51.63420083289902,-0.0041735978664610325,-0.006406565164532961,0.1497849702056177,-0.17942522782466536,-1.6466955576780888,-1.3744576331411156,0.0,0.0,0.0,0.0,0.0,0.5,0.0,0.684621,0.0,0.0,0.5,0.0,0.0,0.0,0.0,0.0,0.0,0.0,0.0,0.0,-0.069017,0.0,-0.069017,0.0,0.0,-0.069017,0.0,0.0,0.0,0.0,0.0,0.0,0.0,0.0,0.0,-0.0345085,0.0,-0.047250487557,0.0,0.0,-0.0345085,0.0,0.0,0.0,0.0,0.020481333333333334,0.061444,0.5,1
2025-01-10,-0.1396715,0.3421640216687021,2,-0.381618,0.102275,0.071977,0.143954,0.12580799999999998,0.3951623820254149,2,1,neutral,-0.18063416666666668,0.0957255185419109,-0.0100531355555,-0.05401677777777777,0.09067738623952216,1.6666666666666667,0.07996983333333334,-0.03816500000000001,-0.043536952380952385,0.0957255185419109,1.5714285714285714,0.09035810714285715,-0.009137297619047602,-0.02952633928571429,0.09632948211451856,1.7857142857142858,0.08975493452380953,-0.007511235714285714,0.0,0.0,0.0,0.0,0.0,47.46698897416271,-0.011404711072121536,-0.007413625137082878,0.13896428486579104,-0.19186589248483865,-4.409726743050582,-2.763031185372493,0.0,0.495866,0.0,0.0,0.158519,0.333333,0.5,0.39640000000000003,0.0,0.0,0.4166665,0.0,0.0,0.333333,0.0,0.0,-0.381618,0.0,0.0,-0.381618,-0.381618,0.102275,-0.1396715,0.0,0.0,-0.1396715,0.0,0.0,-0.381618,0.0,0.0,-0.189231391188,0.0,0.0,-0.060493703742,-0.127205872794,0.0511375,0.028736559153000003,0.0,0.0,-0.076068372794,0.0,0.0,-0.127205872794,0.0,-0.06983575,-0.1396715,0.5,1
2025-01-12,0.024536,0.3421640216687021,1,0.024536,0.024536,0.032871,0.032871,0.12082,0.3951623820254149,1,1,neutral,0.1642075,0.09358947879439555,0.0008065228559999999,-0.024724277777777765,0.09988546824687838,1.0,0.0528321111111111,-0.008213333333333331,-0.02426995238095238,0.09358947879439555,1.4285714285714286,0.08530775,-0.011386059523809545,-0.024953392857142858,0.09733470781782429,1.7142857142857142,0.08374805952380952,-0.00629491318681319,0.0,0.0,0.0,0.0,0.0,51.87037464169746,-0.00572165260152533,-0.007073221240028761,0.14016073583108066,-0.19194763095012826,-1.1756693384119166,3.2340574046386656,0.0,0.158519,0.0,0.0,0.0,0.0,0.0,0.214378,0.0,0.0,0.0,0.0,0.0,0.0,0.0,0.0,0.024536,0.0,0.0,0.0,0.0,0.0,0.024536,0.0,0.0,0.0,0.0,0.0,0.0,0.0,0.0,0.0038894221839999997,0.0,0.0,0.0,0.0,0.0,0.005259978608,0.0,0.0,0.0,0.0,0.0,0.0,0.0,0.017175199999999998,0.017175199999999998,0.7,1
2025-01-13,-0.0018138888888888849,0.15845784963709153,9,-0.383445,0.145204,0.062054333333333336,0.558489,0.06346033333333333,0.2067525649907396,9,4,neutral,-0.026349888888888885,0.06603890126771361,-0.0001125596657407405,-0.038983129629629625,0.08818837852571537,2.0,0.055634111111111106,0.06892880555555557,-0.043350793650793654,0.06603890126771361,1.8571428571428572,0.07839236904761905,0.01330879761904762,-0.037646349206349204,0.07898656454673328,1.9285714285714286,0.07908819047619049,0.0009873438339438325,0.0,0.0,0.0,0.0,0.0,44.16389883104826,-0.00305168615816526,-0.0062650979694088595,0.14259291503521465,-0.18815216154315118,-1.073927652791363,0.10174168562055352,0.0,0.310843,0.0,0.158519,0.0,0.625,0.0,0.357684,0.0,0.0,0.75,0.0,0.25,0.375,0.875,0.0,-0.383445,0.0,0.08744450000000001,0.0,-0.1917225,0.0,-0.03754275,0.0,0.0,-0.06951866666666666,0.0,-0.383445,-0.11912049999999999,0.07079099999999999,0.0,-0.11919119413499998,0.0,0.027723229391,0.0,-0.09586125,0.0,0.11348479667,0.0,0.0,0.07902775000000001,0.0,-0.09586125,-0.023259249999999995,0.21056199999999997,0.002368811111111111,0.0213193,0.5444444444444445,4
2025-01-14,0.022232714285714283,0.21484408905507443,7,-0.190832,0.423861,0.10147071428571429,0.710295,0.07408842857142857,0.29180212337578876,7,2,neutral,0.02404660317460317,0.06821567220047971,0.0022559693990816324,0.014984941798941808,0.014593725214255893,2.3333333333333335,0.06546534920634921,-0.0011516428571428504,-0.02916164399092971,0.06821567220047971,2.0,0.0781360425170068,0.015515524943310668,-0.038736369614512475,0.07796860923982772,1.9285714285714286,0.0826616343537415,0.00517529562183848,0.0,0.0,0.0,0.0,0.0,49.4581189623102,0.0007318319103781917,-0.004860405214262945,0.14039897319296663,-0.18778938827233171,-13.256932837453537,-12.183005184662173,0.0,0.312804,0.0,0.0,0.158519,1.0,0.27777766666666664,0.25718300000000005,0.158519,0.25,0.5,0.0,0.333333,0.0,0.45833325,0.0,-0.128032,0.0,0.0,-0.190832,-0.064237,-0.07670300000000001,-0.0735865,0.151555,-0.190832,0.014065666666666662,0.0,0.151555,0.0,-0.050390750000000005,0.0,-0.11940786038399999,0.0,0.0,-0.060500995615999996,-0.064237,-0.044897717185000005,0.04694918229000001,0.024024347044999998,-0.095416,0.328445,0.0,0.050518282814999996,0.0,-0.016351717185000003,0.010977385714285715,0.0768417,0.5571428571428572,2
2025-01-15,-0.22612266666666667,0.4438680416535226,3,-0.48239,0.286412,0.22768699999999997,0.6830609999999999,-0.028007000000000004,0.23241870171524492,3,1,bearish,-0.24835538095238094,0.10049949016260955,-0.051485191605333325,-0.06856794708994708,0.1369750963742434,2.3333333333333335,0.13040401587301587,-0.11215438888888891,-0.049031167800453516,0.10049949016260955,1.8571428571428572,0.09485607823129251,-0.01385520691609976,-0.051026107709750565,0.09273305012416948,1.8571428571428572,0.09473146768707484,-0.0006839819989534242,0.0,0.0,0.0,0.0,0.0,44.50257291306602,-0.013770117200268606,-0.006647749528188192,0.1543984097726352,-0.22049067723295263,-11.17071796815932,2.086214869294217,0.0,0.158519,0.0,0.0,0.310843,0.0,0.333333,0.108179,0.0,0.0,0.333333,0.0,0.0,0.0,0.333333,0.0,-0.22612266666666667,0.0,0.0,-0.48239,0.0,-0.48239,-0.48239,0.0,0.0,-0.48239,0.0,0.0,0.0,-0.48239,0.0,-0.107534216992,0.0,0.0,-0.29989510954,0.0,-0.32159301174,-0.10436893561999999,0.0,0.0,-0.32159301174,0.0,0.0,0.0,-0.32159301174,-0.11306133333333333,-0.339184,0.5,1
2025-01-16,-0.18054874999999998,0.24312597937746183,4,-0.460213,0.131639,0.17057224999999998,0.6822889999999999,0.104745,0.1793565502177158,4,1,bearish,0.045573916666666686,0.11234653853259821,-0.030796606522187492,-0.12814623412698412,0.13221050096103118,1.3333333333333333,0.16657665476190475,-0.10139073214285714,-0.06577506065759638,0.11234653853259821,1.5714285714285714,0.10289723299319728,-0.02999070960884354,-0.06272730413832199,0.09824444344495332,1.7857142857142858,0.10303743197278911,-0.0032540539420896535,0.0,0.0,0.0,0.0,0.0,44.79325362369842,-0.021677900528729886,-0.009661065479208218,0.15633345319177375,-0.2398656206520912,-0.20154510531157144,10.969172862847747,0.0,0.158519,0.0,0.0,0.310843,0.0,1.0,0.10817899999999998,0.0,0.0,1.0,0.0,1.0,0.0,0.0,0.0,-0.460213,0.0,0.0,-0.460213,0.0,-0.460213,-0.2846113333333333,0.0,0.0,-0.173056,0.0,0.131639,0.0,0.0,0.0,-0.07295250454699999,0.0,0.0,-0.14305398955899998,0.0,-0.460213,-0.092366908286,0.0,0.0,-0.173056,0.0,0.131639,0.0,0.0,-0.09027437499999999,-0.36109749999999996,0.5,1
2025-01-17,-0.06297066666666666,0.30987267891883163,3,-0.387978,0.229143,0.078664,0.235992,0.12043633333333333,0.22646022360744356,3,2,neutral,0.11757808333333332,0.10230854312093113,-0.004953524522666666,-0.1565473611111111,0.08418250279866216,1.3333333333333333,0.15897441666666665,0.08157600000000002,-0.08062267970521542,0.10230854312093113,1.7142857142857142,0.10647089965986392,-0.014441992063492046,-0.05606638747165532,0.09450803381172795,1.7857142857142858,0.10063071768707484,-0.006343299328449328,0.0,0.0,0.0,0.0,0.0,53.00581582556478,-0.01918379150099426,-0.011569301749320407,0.15625417427326746,-0.24005977506691825,-0.6512262385274522,-0.44968113321588077,0.0,0.310843,0.0,0.0,0.0,0.1833335,0.1833335,0.5540895,0.0,0.166667,0.1833335,0.0,0.0,0.1833335,0.4555556666666667,0.0,-0.387978,0.0,0.0,0.0,-0.2090275,-0.2090275,-0.2090275,0.0,-0.030077,-0.2090275,0.0,0.0,-0.2090275,-0.06297066666666666,0.0,-0.12060024545399999,0.0,0.0,0.0,-0.082608443359,-0.082608443359,-0.07204807206200001,0.0,-0.005012843359,-0.082608443359,0.0,0.0,-0.082608443359,0.146534556641,-0.03349046666666666,-0.10047139999999999,0.5666666666666667,2
2025-01-20,0.07524866666666667,0.06548174918504647,3,0.0,0.119283,0.08070233333333333,0.24210700000000002,0.21898133333333333,0.09136036426335728,3,2,neutral,0.13821933333333333,0.11329362524233913,0.006072742980222223,-0.05609024999999998,0.12803743473478868,1.6666666666666667,0.10997952777777777,0.12789870833333333,-0.04991979875283446,0.11329362524233913,1.8571428571428572,0.10771737585034012,-0.006177036422902499,-0.046728375566893424,0.1008180062791519,1.7142857142857142,0.09903774149659864,-0.002572224568288855,0.0,0.0,0.0,0.0,0.0,54.114474584694854,-0.007050955058237163,-0.01066423188332192,0.16881133424788528,-0.2411435433748694,-2.194979673075294,-1.5437534345478419,0.0,0.8972359999999999,0.0,0.0,0.0,0.0,0.0,0.266143,0.0,0.0,0.5,0.0,0.0,0.5,0.5,0.0,0.112873,0.0,0.0,0.0,0.0,0.0,0.106463,0.0,0.0,0.0,0.0,0.0,0.106463,0.0532315,0.0,0.201257630676,0.0,0.0,0.0,0.0,0.0,0.028334382209000003,0.0,0.0,0.0,0.0,0.0,0.0532315,0.0532315,0.037624333333333336,0.112873,0.5,2
2025-01-21,-0.07973066666666667,0.12234456248780873,3,-0.171521,0.059165,0.118913,0.35673900000000003,0.11645433333333334,0.1415844803512494,3,1,neutral,-0.15497933333333336,0.10863134766705698,-0.009481012765333334,-0.02248422222222221,0.08505299864158772,1.6666666666666667,0.09275977777777777,-0.008380000000000026,-0.06481503684807256,0.10863134766705698,1.8571428571428572,0.12000909013605442,0.001265484693877552,-0.04454249461451248,0.09965796312401826,1.6428571428571428,0.10265842006802721,-0.005612002921681494,-0.02953844447089947,0.08860538810864348,2.066666666666667,0.0912985511904762,-0.002953943542913643,50.906029302018695,-0.008753627042246484,-0.010281637285935915,0.13066597573754624,-0.22856000153119704,-2.0595625171653094,0.13541715590998482,0.0,0.614606,0.0,0.0,0.0,0.6666665,0.0,0.108179,0.0,0.333333,0.333333,0.0,0.0,0.333333,0.0,0.0,-0.171521,0.0,0.0,0.0,-0.033835500000000004,0.0,-0.171521,0.0,-0.171521,-0.056178000000000006,0.0,0.0,-0.056178000000000006,0.0,0.0,-0.105417835726,0.0,0.0,0.0,-0.107114353055,0.0,-0.018554970259,0.0,-0.057173609493,-0.037451962548,0.0,0.0,-0.037451962548,0.0,-0.039865333333333336,-0.11959600000000001,0.5,1
2025-01-22,-0.037850199999999994,0.14167642475443823,5,-0.187517,0.121527,0.215259,1.076295,0.0929976,0.1146967490812185,5,3,neutral,0.04188046666666668,0.10596938191966931,-0.008147596201799999,-0.014110733333333321,0.0801705690906859,2.0,0.13829144444444444,-0.056549433333333336,-0.06996308129251701,0.10596938191966931,1.7142857142857142,0.1418954710884354,0.01315473835034012,-0.05665693747165533,0.08594391140462648,1.7857142857142858,0.1101439200680272,0.00039111191173905587,-0.030103117804232804,0.08860248280194576,2.1333333333333333,0.09696921785714287,-0.0029480612585412345,44.303341796517245,-0.006919021984199518,-0.009608447530747048,0.12236857779213711,-0.2277969235857879,-0.5252742566641027,1.5342882605012067,0.0,0.437351,0.158519,0.0,0.158519,0.0,0.25,0.33113425,0.158519,1.0,0.25,0.310843,0.25,0.0,0.625,0.0,-0.11026366666666666,0.044243,0.0,0.044243,0.0,0.044243,-0.0776945,0.044243,-0.187517,0.044243,0.044243,0.044243,0.0,0.082885,0.0,-0.015427566000999995,0.007013356116999999,0.0,0.007013356116999999,0.0,0.01106075,0.005837183241000003,0.007013356116999999,-0.375034,0.01106075,0.013752626849,0.01106075,0.0,0.13258775,-0.01555434,-0.0777717,0.62,3
2025-01-23,-0.0195335,0.22043586020314387,6,-0.376897,0.169717,0.11765049999999999,0.705903,0.11444833333333333,0.21358120444801942,6,2,neutral,0.018316699999999995,0.10097106433219839,-0.00229812604175,-0.04570478888888888,0.030857667501509277,2.0,0.1506075,0.030098583333333317,-0.07592968333333332,0.10097106433219839,1.7142857142857142,0.14420686904761904,0.03172873571428572,-0.05254566366213152,0.08626728404771801,1.8571428571428572,0.11117145578231293,0.0007781201517530114,-0.03385230113756613,0.08554319806822858,2.1333333333333333,0.09846772341269842,-0.0020312831565937445,52.21702917582365,-0.004057225282096094,-0.008497322757275595,0.12471907735897553,-0.22669413981929298,-0.48392610871276764,0.04134814795133501,0.310843,0.45923766666666666,0.0,0.0,0.0,0.375,1.0,0.51468425,0.158519,0.5,0.25,0.0,0.25,0.5,0.5833333333333334,-0.376897,-0.021006666666666673,0.0,0.0,0.0,-0.094017,-0.12594149999999998,-0.10997925,0.0,-0.188034,0.0,0.0,0.0,0.152999,0.107572,-0.11715579417099999,0.015224956363999998,0.0,0.0,0.0,-0.094017,-0.25188299999999997,-0.115212335725,0.0,-0.094017,0.0,0.0,0.0,0.0764995,0.2462165,-0.00976675,-0.0586005,0.5,2
2025-01-24,-0.014214,0.2234477758302821,5,-0.178489,0.375582,0.10835920000000002,0.541796,0.0976102,0.19615970099054494,5,2,neutral,0.0053195,0.07746696918818287,-0.0015402176688000002,-0.023865899999999985,0.012399385264197413,2.3333333333333335,0.1470895666666667,0.011818099999999998,-0.04565701666666666,0.07746696918818287,1.8571428571428572,0.12716004047619048,0.016884989880952397,-0.0473440922335601,0.08622310959385526,1.8571428571428572,0.11100805935374149,0.00073626648700506,-0.03477239697089947,0.08516516614180963,2.033333333333333,0.10007488007936508,-0.001578783224835355,52.81500881032092,-0.0013796168686125987,-0.00707287873088047,0.12495190192781515,-0.22667516438813262,-0.27232702792638286,0.21159908078638479,0.0,0.3811685,0.0,0.0,0.0,0.25,0.25,0.323224,0.0,0.375,0.6666666666666666,0.0,0.5,0.0,0.4166666666666667,0.0,-0.073947,0.0,0.0,0.0,-0.108622,-0.108622,-0.073947,0.0,-0.1144455,0.025608000000000002,0.0,-0.039272,0.0,-0.10879433333333333,0.0,-0.061249607564,0.0,0.0,0.0,-0.0271555,-0.0271555,-0.032889519506,0.0,-0.08729,0.22620300000000002,0.0,-0.019636,0.0,-0.136036,-0.007107,-0.035535,0.5,2
2025-01-26,-0.069543,0.2234477758302821,1,-0.069543,-0.069543,0.068112,0.068112,0.175458,0.19615970099054494,1,1,neutral,-0.055328999999999996,0.05263272611588328,-0.004736712816,-0.03443016666666665,0.0305247042341663,1.6666666666666667,0.09804056666666668,-0.02500475000000001,-0.029799052380952377,0.05263272611588328,1.8571428571428572,0.1125228619047619,-0.00494447023809523,-0.047787056519274375,0.08632748362271915,1.7142857142857142,0.10771004744897959,-0.0004253750898308048,-0.03495415113756614,0.08523568140585226,1.9666666666666666,0.09940432174603174,-0.0020053026479156725,49.765997739998674,-0.0033901249222289473,-0.006335954304073381,0.12249222274764365,-0.2155474352079611,3.8925707049387928,4.1648977328651755,0.0,0.451494,0.0,0.0,0.0,0.0,0.0,0.108179,0.0,0.0,1.0,0.0,0.0,0.0,0.0,0.0,-0.069543,0.0,0.0,0.0,0.0,0.0,-0.069543,0.0,0.0,-0.069543,0.0,0.0,0.0,0.0,0.0,-0.031398247242,0.0,0.0,0.0,0.0,0.0,-0.007523092196999999,0.0,0.0,-0.069543,0.0,0.0,0.0,0.0,-0.04868009999999999,-0.04868009999999999,0.7,1
2025-01-27,0.0237454,0.18460960752301056,5,-0.176092,0.29372,0.12071239999999998,0.6035619999999999,0.1852676,0.16414902101231066,5,2,neutral,0.0932884,0.053717837008234355,0.0028663642229599996,-0.02000386666666665,0.04691293329832754,1.6666666666666667,0.0990612,0.0189797,-0.017411042857142855,0.053717837008234355,1.8571428571428572,0.11852977619047621,-0.003946366666666682,-0.04901686128117914,0.0850795341321049,1.7857142857142858,0.11250033792517007,0.004544224432234434,-0.035514117804232796,0.0847765255726073,1.9666666666666666,0.09832820174603175,-0.001105916203365291,49.34489189037605,0.0020587499076601817,-0.004656332126026778,0.12926044275932413,-0.21439276521964157,-1.3414491753303712,-5.234019880269164,0.0,0.495866,0.0,0.0,0.310843,0.0,0.0,0.161647,0.0,0.0,0.5,0.0,0.0,0.75,0.5,0.0,-0.104001,0.0,0.0,-0.104001,0.0,0.0,-0.1400465,0.0,0.0,-0.09336433333333333,0.0,0.0,0.14686,-0.1400465,0.0,-0.051570559865999996,0.0,0.0,-0.032327982842999994,0.0,0.0,-0.045276193171,0.0,0.0,-0.1400465,0.0,0.0,0.29372,-0.1400465,0.0118727,0.0593635,0.5,2
2025-01-28,-0.1798085,0.2542876193299627,2,-0.359617,0.0,0.098575,0.19715,0.090382,0.14509265464523005,2,2,bearish,-0.2035539,0.06558365804240912,-0.0177246228875,-0.07520203333333332,0.10189487742277986,1.6666666666666667,0.09579979999999999,-0.05513275000000002,-0.05384778095238095,0.06558365804240912,1.8571428571428572,0.1210830142857143,-0.008108992857142845,-0.051883789852607706,0.08895719454244498,1.8571428571428572,0.1144001950680272,-0.0021812939944182816,-0.04020426304232804,0.0887796139886952,1.9,0.09880291603174603,-0.002061606494870843,48.49898803852379,-0.009010045765382106,-0.005527357517798181,0.13416029543760455,-0.226240167897922,-8.572350855323558,-7.2309016799931864,0.0,0.6536735,0.0,0.0,0.0,0.0,0.0,0.538269,0.0,0.0,0.333333,0.0,0.0,0.333333,0.6666665,0.0,-0.1798085,0.0,0.0,0.0,0.0,0.0,-0.359617,0.0,0.0,-0.359617,0.0,0.0,-0.359617,-0.1798085,0.0,-0.129539437655,0.0,0.0,0.0,0.0,0.0,-0.193570682973,0.0,0.0,-0.11987221346100001,0.0,0.0,-0.11987221346100001,-0.11987221346100001,-0.08990425,-0.1798085,0.5,2
2025-01-29,-0.006595600000000005,0.11680348689272937,5,-0.173134,0.138669,0.07653180000000001,0.382659,0.1303608,0.17067622755586084,5,3,neutral,0.1732129,0.06659083598114758,-0.0005047731400800005,-0.054219566666666656,0.10981611540253704,2.3333333333333335,0.0986064,-0.015170500000000005,-0.04339991428571428,0.06659083598114758,2.142857142857143,0.11502855714285716,-0.006743814285714285,-0.05410747556689342,0.08727312607601384,2.0,0.11751882363945577,0.0016319880184894452,-0.040219124708994705,0.0887737538267614,1.8666666666666667,0.10002147603174602,-0.0016099177000900478,48.8435541896421,-0.004483290936350477,-0.005318489976394687,0.10811244096458814,-0.2140270734249056,-0.9633187530066709,7.6090321023168865,0.0,0.8427163999999999,0.0,0.158519,0.40467299999999995,0.0,0.26666650000000003,0.6864049999999999,0.0,0.2,0.35,0.0,0.0,0.26666650000000003,0.6066666,0.0,-0.006595600000000005,0.0,-0.052516,-0.021536000000000007,0.0,-0.0258395,-0.021536000000000007,0.0,-0.052516,-0.11282500000000001,0.0,0.0,-0.0258395,-0.006595600000000005,0.0,0.049831781474,0.0,-0.008324783803999999,-0.05461450688400001,0.0,-0.010224200279000001,0.020524926952999997,0.0,-0.0105032,-0.09707020000000001,0.0,0.0,-0.010224200279000001,0.09504379972099997,-0.0032643200000000033,-0.016321600000000016,0.54,3
2025-01-30,0.025613000000000004,0.21847695279021995,5,-0.305915,0.262756,0.0943932,0.471966,0.098502,0.2636432628173912,5,2,neutral,0.03220860000000001,0.07160383064584973,0.0024176930316000002,-0.05359703333333332,0.11048234798873227,2.3333333333333335,0.08983333333333332,0.10271075000000005,-0.03433374285714286,0.07160383064584973,2.0,0.09776201428571428,0.001443242857142856,-0.05214841207482993,0.08883120768161988,1.8571428571428572,0.11982874268707482,0.0056336802878074336,-0.037357480264550255,0.08948706541501351,1.8666666666666667,0.10096989380952381,-0.0013232440295213373,51.014411474907455,0.0015530965392602375,-0.003943887179432327,0.1165234296056008,-0.21216762873258493,-4.883346473406511,-3.92002772039984,0.0,0.4894286666666667,0.0,0.0,0.23468099999999997,0.333333,0.0,0.452403,0.0,1.0,0.333333,0.0,1.0,0.0,0.7777776666666667,0.0,0.031287666666666665,0.0,0.0,-0.0844465,-0.305915,0.0,-0.0844465,0.0,0.095281,-0.305915,0.0,-0.061079,0.0,0.031287666666666665,0.0,0.055236711223000015,0.0,0.0,-0.005901010338999993,-0.10197156469499999,0.0,0.07606184600900001,0.0,0.095281,-0.10197156469499999,0.0,-0.061079,0.0,0.297806435305,0.012806500000000002,0.0640325,0.5,2
2025-01-31,0.08180500000000002,0.2599805360252955,2,-0.102029,0.265639,0.20280600000000001,0.40561200000000003,0.18087399999999998,0.2214488733048782,2,1,neutral,0.05619200000000001,0.08422662045213557,0.016590544830000005,0.03360746666666669,0.04473924611628285,2.0,0.12457700000000001,0.04420030000000001,-0.019856814285714286,0.08422662045213557,1.8571428571428572,0.10992708571428571,0.016001,-0.0478932488095238,0.09394771860426508,1.7857142857142858,0.12706697738095238,0.011913045677655679,-0.03331447193121693,0.09208970574622943,1.8333333333333333,0.10383118547619047,-0.0005691281083037562,52.15216626714021,0.010537027696805326,-0.0010472229132801765,0.1336030602537004,-0.2123631593806845,2.1938859173076173,7.077232390714128,0.0,0.714479,0.0,0.0,0.0,0.333333,0.0,0.323224,0.0,0.0,0.333333,0.158519,0.0,0.0,0.333333,0.0,-0.102029,0.0,0.0,0.0,-0.102029,0.0,0.08180500000000002,0.0,0.0,-0.102029,0.265639,0.0,0.0,-0.102029,0.0,-0.07289757789099999,0.0,0.0,0.0,-0.034009632656999994,0.0,0.1319478437,0.0,0.0,-0.034009632656999994,0.042108828641,0.0,0.0,-0.034009632656999994,0.04090250000000001,0.08180500000000002,0.5,1
2025-02-02,-0.201904,0.2599805360252955,1,-0.201904,-0.201904,0.082677,0.082677,-0.004882,0.2214488733048782,1,1,bearish,-0.283709,0.10850620018614475,-0.016692817008,-0.03149533333333331,0.1502288936001771,1.3333333333333333,0.1266254,-0.11375850000000004,-0.04666967142857143,0.10850620018614475,1.7142857142857142,0.1062582,-0.002697939285714276,-0.04616334404761905,0.09057591372309891,1.7857142857142858,0.11670912023809524,0.0016370434065934082,-0.04590752193121693,0.08824619165248707,1.8333333333333333,0.10234400214285715,-0.00021403026272577815,50.85315379214977,-0.004224898001540675,-0.001682842419256477,0.14120457440814865,-0.23382092353513279,-3.468113196014913,-5.66199911332253,0.0,0.0,0.0,0.0,0.0,0.0,0.0,0.108179,0.0,0.0,0.0,0.0,0.0,0.0,0.0,0.0,0.0,0.0,0.0,0.0,0.0,0.0,-0.201904,0.0,0.0,0.0,0.0,0.0,0.0,0.0,0.0,0.0,0.0,0.0,0.0,0.0,0.0,-0.021841772816,0.0,0.0,0.0,0.0,0.0,0.0,0.0,-0.100952,-0.100952,0.5,1
2025-02-03,-0.014746000000000009,0.2209141607789475,4,-0.308974,0.215187,0.0815195,0.326078,0.07630350000000001,0.16672424751966944,4,2,neutral,0.187158,0.10855762353577808,-0.0012020865470000006,-0.04494833333333331,0.14424574473561894,1.3333333333333333,0.12233416666666667,-0.048275500000000006,-0.03884152857142857,0.10855762353577808,1.8571428571428572,0.10817355714285715,-0.002545164285714295,-0.03432029047619047,0.08209560619346644,1.8571428571428572,0.11034820952380953,-0.0018956063003662993,-0.047648821931216924,0.08705106498067615,1.8333333333333333,0.10334656880952382,0.0005621878275685505,55.310972743619566,-0.0013886255100943531,-0.0016239927794569511,0.13457640268270352,-0.23276361847635432,-0.9269652904350582,2.5411479055798547,0.0,0.628481,0.158519,0.0,0.0,0.25,1.0,0.38686550000000003,0.0,0.25,0.625,0.0,0.0,0.5,0.375,0.0,-0.008957666666666678,-0.308974,0.0,0.0,-0.308974,-0.032111,-0.014746000000000009,0.0,-0.308974,-0.12103000000000001,0.0,0.0,0.215187,-0.04689350000000002,0.0,0.15734294622099998,-0.048978249506,0.0,0.0,-0.0772435,-0.032111,0.03208023463899999,0.0,-0.0772435,-0.010329500000000005,0.0,0.0,0.1075935,0.030349999999999988,-0.0073730000000000046,-0.029492000000000018,0.5,2
2025-02-04,0.0641012,0.17138596503710565,5,-0.173628,0.275895,0.06930339999999999,0.34651699999999996,0.1846554,0.2023312389382816,5,2,neutral,0.0788472,0.11339897979042007,0.004442431104079999,-0.05084959999999999,0.13662830620511987,1.6666666666666667,0.0778333,0.13300260000000003,-0.03307641428571429,0.11339897979042007,1.8571428571428572,0.10082941428571428,0.017425403571428588,-0.025243728571428568,0.08563272258227657,1.8571428571428572,0.10967959523809524,-2.808161172161346e-05,-0.043709904153439144,0.08939262105339019,1.8333333333333333,0.10369970436507936,0.0012388970116708159,54.173915061895585,0.006908462027715796,8.264336652440488e-05,0.14621077471646515,-0.22402072051011596,-5.347022921470226,-4.420057631035168,0.0,0.688205,0.0,0.0,0.0,0.0,0.5,0.437228,0.0,0.25,0.375,0.0,1.0,0.375,0.5833333333333334,0.0,0.049435,0.0,0.0,0.0,0.0,0.046038,0.049435,0.0,-0.173628,-0.063795,0.0,0.0,0.0511335,0.09148933333333333,0.0,0.214249722834,0.0,0.0,0.0,0.0,0.023019,0.142234616712,0.0,-0.043407,-0.020388,0.0,0.0,0.0945405,0.26674149999999996,0.0320506,0.16025299999999998,0.5,2
2025-02-05,-0.084817,0.11994935171979881,2,-0.169634,0.0,0.08169699999999999,0.16339399999999998,-0.005853500000000001,0.04629074543037733,2,1,neutral,-0.1489182,0.09747965593455901,-0.006929294448999999,-0.011820599999999987,0.07450218820061595,1.6666666666666667,0.07750663333333332,-0.035035500000000004,-0.0195062,0.09747965593455901,1.7142857142857142,0.09841827142857142,-0.009079957142857139,-0.036676990476190476,0.08178240443543944,1.7857142857142858,0.10975064285714285,0.0015827610256410258,-0.04597940415343915,0.08954822383613349,1.8,0.1046133126984127,0.0011597444530960302,44.77903684740053,0.0018468074791211445,0.00043550020323566887,0.13930758738220536,-0.22805283317585615,-2.32317335712904,3.0238495643411865,0.0,0.451494,0.0,0.0,0.0,0.0,0.0,0.108179,0.0,0.0,0.5,0.0,0.0,0.0,0.5,0.0,-0.169634,0.0,0.0,0.0,0.0,0.0,-0.169634,0.0,0.0,-0.169634,0.0,0.0,0.0,-0.169634,0.0,-0.076588733196,0.0,0.0,0.0,0.0,0.0,-0.018350836486,0.0,0.0,-0.084817,0.0,0.0,0.0,-0.084817,-0.0424085,-0.084817,0.5,1
2025-02-06,0.026254666666666666,0.17038664291037214,6,-0.176316,0.190165,0.08422783333333334,0.505367,0.17231983333333334,0.24991817532417818,6,2,neutral,0.11107166666666667,0.09898393000249613,0.0022113736882222223,0.001846288888888905,0.07740144864353014,1.6666666666666667,0.0784094111111111,-0.018923266666666664,-0.014813304761904763,0.09898393000249613,1.5714285714285714,0.09951770476190476,-0.0023326357142857213,-0.029106609523809526,0.08239358025154281,1.8571428571428572,0.10727313095238096,0.0019614564102564103,-0.0398967985978836,0.0879854425619543,1.8,0.10367564047619048,0.0008654666071649272,53.55893013695092,0.0064457047947166606,0.001637606570427854,0.14250037641217678,-0.22843876665027202,-1.3095448632546147,1.013628493874425,0.0,0.158519,0.0,0.0,0.0,0.0,0.0,0.234197,0.0,0.333333,0.6666665,0.0,0.5,0.0,0.58333325,0.0,-0.176316,0.0,0.0,0.0,0.0,0.0,-0.023709999999999995,0.0,-0.176316,-0.17622300000000002,0.0,0.1877885,0.0,0.08203925000000001,0.0,-0.027949436004,0.0,0.0,0.0,0.0,0.0,0.027356584076000005,0.0,-0.058771941227999995,-0.234901941228,0.0,0.1877885,0.0,0.25791255877200003,0.013127333333333333,0.078764,0.5,2
2025-02-07,0.114201,0.24380639062994228,3,-0.167303,0.257813,0.123326,0.36997800000000003,0.12713266666666667,0.1827167546787468,3,2,neutral,0.08794633333333333,0.11005770910651365,0.014083952526,0.018546222222222238,0.09973267352184445,1.6666666666666667,0.09641694444444444,0.09950900000000001,-0.0021578761904761934,0.11005770910651365,1.5714285714285714,0.1036509619047619,0.017265511904761888,-0.018245809523809525,0.09075001579433212,1.7857142857142858,0.10070648809523809,0.005767709304029302,-0.034240648597883595,0.09229733254809323,1.7666666666666666,0.10435304047619048,0.0017521514605293369,54.952577450143366,0.016785355230257423,0.004667288263642738,0.15813733727606255,-0.23487889894272918,3.349740998425677,4.659285861680292,0.0,0.360215,0.0,0.0,0.0,0.333333,0.0,0.161647,0.0,0.333333,0.6666665,0.0,0.0,0.0,0.0,0.0,-0.167303,0.0,0.0,0.0,-0.167303,0.0,-0.167303,0.0,-0.167303,0.042395,0.0,0.0,0.0,0.0,0.0,-0.060265050145000006,0.0,0.0,0.0,-0.055767610899,0.0,-0.027044028041000003,0.0,-0.055767610899,0.196325389101,0.0,0.0,0.0,0.0,0.09147556666666667,0.2744267,0.6333333333333333,2
2025-02-10,-0.02212466666666668,0.31946041405835146,3,-0.36397,0.268845,0.071864,0.215592,-0.013058666666666663,0.3846799786086265,3,2,neutral,-0.13632566666666668,0.10366777905672461,-0.0015899670453333344,0.039443666666666675,0.0691131980071663,2.0,0.09313927777777779,-0.024189666666666682,-0.017004971428571436,0.10366777905672461,1.7142857142857142,0.08494496190476189,0.027120909523809543,-0.01843089285714286,0.09075548619608378,1.7857142857142858,0.0974360238095238,0.00561443347985348,-0.03130037082010582,0.0911880445020723,1.7666666666666666,0.10447439047619046,0.0013055442486360532,49.92162611331802,0.014107090564915896,0.006555314512010328,0.14736184137333772,-0.20370360304000437,-1.193734438986232,-4.543475437411909,0.0,0.451494,0.0,0.0,0.451494,0.0,0.0,0.2798365,0.0,0.6666665,0.333333,0.0,0.0,0.333333,0.0,0.0,-0.36397,0.0,0.0,-0.36397,0.0,0.0,-0.04756250000000001,0.0,-0.16760950000000002,-0.36397,0.0,0.0,-0.36397,0.0,0.0,-0.16433027118000001,0.0,0.0,-0.16433027118000001,0.0,0.0,0.08200799380000001,0.0,-0.09257221201,-0.12132321201,0.0,0.0,-0.12132321201,0.0,-0.01106233333333334,-0.03318700000000002,0.5,2
2025-02-11,-0.08448974999999999,0.07876547332588055,4,-0.18541,-0.00412,0.12269525,0.490781,0.025094500000000002,0.08875782425792106,4,2,neutral,-0.06236508333333331,0.07402606672707829,-0.0103664909986875,0.0025288611111111275,0.1016137336082474,2.0,0.10596175000000001,-0.09934537500000001,-0.00023150714285714857,0.07402606672707829,1.8571428571428572,0.09066185476190476,-0.006523749404761897,-0.023450589285714286,0.09243229749443635,1.7857142857142858,0.09846002738095239,0.003866056007326007,-0.038508429153439154,0.08626880117373092,1.8,0.10488216547619048,0.002086886072708653,47.945304847283325,0.006997031671732441,0.006643660406678859,0.1394022863593246,-0.18613814802599127,2.818803296471507,4.012537735457739,0.0,0.158519,0.0,0.0,0.310843,0.0,0.0,0.16083366666666668,0.0,0.25,0.25,0.0,0.25,0.25,1.0,0.0,-0.103851,0.0,0.0,-0.103851,0.0,0.0,-0.05084966666666666,0.0,-0.103851,-0.103851,0.0,-0.103851,-0.103851,-0.18541,0.0,-0.016462356669,0.0,0.0,-0.032281356393,0.0,0.0,-0.023544317463,0.0,-0.02596275,-0.02596275,0.0,-0.02596275,-0.02596275,-0.18541,-0.042244874999999994,-0.16897949999999998,0.5,2
2025-02-12,-0.1903385,0.11012551720877409,2,-0.268209,-0.112468,0.09409000000000001,0.18818000000000001,-0.0559775,0.024397305271279455,2,1,bearish,-0.10584875,0.10360540076807767,-0.017908949465,-0.09898430555555554,0.08503847680161272,1.6666666666666667,0.09621641666666668,-0.08410691666666668,-0.025316150000000006,0.10360540076807767,1.7142857142857142,0.09245764047619047,-0.028965854761904764,-0.03207883928571429,0.10218885070358319,1.7857142857142858,0.1003155988095238,-0.002421700036630036,-0.04228333470899471,0.09039436742109633,1.8,0.10457633214285714,0.0008412482341931957,46.56956819875799,-0.006900486006825982,0.0039347707137190775,0.14876436194948736,-0.20823700694948735,1.2527998958453543,-1.5660034006261525,0.0,0.158519,0.0,0.0,0.310843,0.0,0.0,0.108179,0.0,0.0,0.333333,0.0,0.0,0.333333,0.6666665,0.0,-0.268209,0.0,0.0,-0.268209,0.0,0.0,-0.1903385,0.0,0.0,-0.268209,0.0,0.0,-0.268209,-0.1903385,0.0,-0.042516222470999995,0.0,0.0,-0.08337089018699999,0.0,0.0,-0.041181257182999996,0.0,0.0,-0.089402910597,0.0,0.0,-0.089402910597,-0.201870910597,-0.09516925,-0.1903385,0.5,1
2025-02-13,-0.108628,0.2421218197746746,3,-0.375309,0.097403,0.08694366666666668,0.26083100000000004,0.051419,0.24200985297503902,3,2,neutral,0.08171049999999999,0.09923682081412115,-0.009444516622666668,-0.12781874999999998,0.05547254395926422,1.6666666666666667,0.10124297222222223,-0.01206912500000003,-0.04999175,0.09923682081412115,1.7142857142857142,0.09497767857142857,-0.025118217261904753,-0.04153408214285714,0.10274879799969099,1.7857142857142858,0.09790354642857144,-0.0027684593772893755,-0.04300306804232804,0.09084780400096562,1.8,0.10378622936507936,0.00010457906456909835,46.21588711426738,-0.011326898519733487,0.0008823824106015291,0.13570230968310346,-0.21356262134977014,-0.4292904483328386,-1.682090344178193,0.0,0.540216,0.0,0.158519,0.682689,0.0,0.25,0.108179,0.0,0.0,0.625,0.0,0.0,0.25,0.625,0.0,-0.108628,0.0,0.097403,-0.375309,0.0,-0.375309,-0.375309,0.0,0.0,-0.138953,0.0,0.0,-0.375309,-0.2116435,0.0,-0.03427390525499998,0.0,0.015440226157,-0.256219325901,0.0,-0.09382725,-0.040600552311,0.0,0.0,0.0035757500000000025,0.0,0.0,-0.09382725,-0.14180525,-0.054314,-0.162942,0.5,2
2025-02-14,0.021614499999999995,0.17590200420830912,2,-0.102767,0.145996,0.054968,0.109936,0.10726050000000001,0.052445402853825034,2,2,neutral,0.13024249999999998,0.1011468395382953,0.0011881058359999998,-0.09245066666666664,0.10689854132579796,1.6666666666666667,0.07866722222222224,0.10597649999999997,-0.03478725,0.1011468395382953,1.8571428571428572,0.09115925000000001,-0.022421154761904767,-0.027146725,0.09576215951315276,1.7857142857142858,0.09478876071428573,-0.005522711465201466,-0.04017120137566137,0.09151362730307416,1.7666666666666666,0.1018090238095238,0.00038120155234210924,56.009912896647755,-0.00447998144308747,-0.0001901056671976156,0.14166385684638755,-0.20938965184638758,-1.1989772434363146,-0.769686795103476,0.0,0.4280405,0.0,0.0,0.158519,0.25,0.0,0.161647,0.0,0.25,0.25,0.0,0.0,0.5,0.375,0.0,0.021614499999999995,0.0,0.0,-0.102767,-0.102767,0.0,0.021614499999999995,0.0,-0.102767,-0.102767,0.0,0.0,0.145996,0.021614499999999995,0.0,0.0016312879179999976,0.0,0.0,-0.016290522073,-0.02569175,0.0,0.006987838162999999,0.0,-0.02569175,-0.02569175,0.0,0.0,0.072998,0.047306249999999994,0.04000645,0.0800129,0.7,2
2025-02-18,0.003421499999999994,0.2609952342562982,2,-0.18113,0.187973,0.072617,0.145234,0.110768,0.3412992300753109,2,2,neutral,-0.018193,0.09919964113367852,0.00024845906549999955,-0.027863999999999976,0.0705327164105424,2.0,0.07150955555555556,0.05602475000000001,-0.03804913095238095,0.09919964113367852,1.8571428571428572,0.08950055952380953,-0.009607086309523822,-0.02643121785714286,0.0959647314479395,1.7142857142857142,0.09450913214285715,-0.003971823992673994,-0.041422573597883594,0.09061822466076054,1.8,0.1024413126984127,0.001221988704557091,50.329350285207205,-0.0004907042706512321,-0.00025022607434203794,0.14449879456731227,-0.2080974195673123,-0.8417034860857298,0.35727375735058486,0.0,0.158519,0.0,0.0,0.0,0.25,0.0,0.108179,0.0,0.25,0.25,0.0,0.25,0.0,1.0,0.0,-0.18113,0.0,0.0,0.0,-0.18113,0.0,-0.18113,0.0,-0.18113,-0.18113,0.0,-0.18113,0.0,0.187973,0.0,-0.02871254647,0.0,0.0,0.0,-0.0452825,0.0,-0.01959446227,0.0,-0.0452825,-0.0452825,0.0,-0.0452825,0.0,0.187973,0.001710749999999997,0.003421499999999994,0.5,2
2025-02-19,-0.07610333333333334,0.028887849666137024,3,-0.107945,-0.051575,0.099661,0.298983,-0.016880333333333334,0.0496685533545455,3,1,neutral,-0.07952483333333334,0.07318669700312024,-0.0075845343033333346,-0.017022444444444423,0.0519678735968283,1.6666666666666667,0.07574866666666667,-0.04885891666666668,-0.06523546428571429,0.07318669700312024,1.7142857142857142,0.08611984523809524,0.008065696428571429,-0.03369667023809524,0.09557103243608783,1.6428571428571428,0.09488540357142858,-0.0036752838461538468,-0.03930363470899471,0.08896985601015975,1.8,0.10336411269841268,0.000320663064780975,46.75660355130064,-0.003596688997934777,-0.0009195247726927325,0.14265415735954187,-0.2119097656928752,-23.242681085294016,-22.400977599208286,0.310843,0.614606,0.0,0.0,0.158519,1.0,0.0,0.7219563333333333,0.0,0.0,0.333333,0.0,0.333333,0.333333,0.0,-0.06879,-0.107945,0.0,0.0,-0.107945,-0.051575,0.0,-0.07610333333333334,0.0,0.0,-0.107945,0.0,-0.107945,-0.107945,0.0,-0.02138288997,-0.06634364467,0.0,0.0,-0.017111333455,-0.051575,0.0,-0.16208252996,0.0,0.0,-0.035981630685,0.0,-0.035981630685,-0.035981630685,0.0,-0.03805166666666667,-0.114155,0.5,1
2025-02-21,0.014598499999999999,0.20646746418237427,6,-0.314213,0.249584,0.10244916666666666,0.614695,0.0559455,0.1562724387980811,6,3,neutral,0.09070183333333334,0.07795299955605758,0.001495604159583333,-0.01936111111111109,0.04945696279885204,2.0,0.09157572222222221,0.005588500000000003,-0.05998929761904762,0.07795299955605758,1.8571428571428572,0.09048915476190476,0.02277802083333334,-0.038497134523809526,0.09089675223495478,1.7857142857142858,0.08771705833333333,0.0015123255311355346,-0.039634884708994705,0.08874218225793615,1.8666666666666667,0.1056833849206349,0.0011086921154015944,47.903155190383934,0.0011333350612060047,-0.000508949805633052,0.14525770753702713,-0.21163206587036046,-1.1918247120143663,22.05085637327965,0.0,0.4751336666666666,0.0,0.0,0.0,0.0,0.8333333333333334,0.44231180000000003,0.0,0.0,0.6666665,0.0,0.0,0.333333,0.6111110000000001,0.0,-0.10437400000000001,0.0,0.0,0.0,0.0,0.08355833333333333,-0.026493,0.0,0.0,-0.19157000000000002,0.0,0.0,-0.314213,0.051808999999999994,0.0,-0.16583412280600002,0.0,0.0,0.0,0.0,0.125883,0.152702617816,0.0,0.0,-0.173664561929,0.0,0.0,-0.10473756192900001,0.240110438071,0.007299249999999999,0.043795499999999994,0.5,3
2025-02-23,-0.103488,0.20646746418237427,1,-0.103488,-0.103488,0.07031,0.07031,0.007264,0.1562724387980811,1,1,neutral,-0.1180865,0.0792678201328327,-0.00727624128,-0.05499761111111109,0.061807717992607536,1.6666666666666667,0.09080672222222223,-0.01369233333333335,-0.06270333333333333,0.0792678201328327,1.7142857142857142,0.08300554761904763,0.014617380952380975,-0.03146742023809524,0.08049798225787709,1.7857142857142858,0.08683370119047619,-0.0057315958608058605,-0.043024021746031746,0.08918834730539972,1.7666666666666666,0.10595857380952381,0.0009575709868107445,53.42449912431977,-0.004457523872261712,-0.001298669235663744,0.14564991811554767,-0.21541877644888102,-8.08894749460561,-6.897122782591245,0.0,0.310843,0.0,0.0,0.0,0.0,0.0,0.0,0.0,0.0,1.0,0.0,0.0,0.0,0.0,0.0,-0.103488,0.0,0.0,0.0,0.0,0.0,0.0,0.0,0.0,-0.103488,0.0,0.0,0.0,0.0,0.0,-0.032168520384,0.0,0.0,0.0,0.0,0.0,0.0,0.0,0.0,-0.103488,0.0,0.0,0.0,0.0,-0.051744,-0.051744,0.5,1
2025-02-24,-0.25517933333333337,0.23576085977391018,3,-0.405572,0.016536,0.07910966666666668,0.237329,-0.044040666666666665,0.2861106436963388,3,3,bearish,-0.15169133333333337,0.09819706339999994,-0.02018715200022223,-0.11468961111111109,0.1352372985093993,2.3333333333333335,0.08395627777777777,-0.13488891666666672,-0.07196630952380954,0.09819706339999994,2.0,0.0808655,-0.02423864285714284,-0.04864122976190477,0.09995279070825024,1.8571428571428572,0.08666157023809522,-0.011572109194139197,-0.05227109,0.09628772687490826,1.8,0.10521320555555555,3.887349647756577e-05,41.42212284109947,-0.020723685992376853,-0.005183690756495369,0.15431176679972128,-0.25197309846638793,1.4657866934652652,9.554734188070876,0.0,0.158519,0.0,0.0,0.158519,0.0,0.25,0.6527580000000001,0.0,0.25,0.3333333333333333,0.0,0.0,0.25,0.375,0.0,-0.39103699999999997,0.0,0.0,-0.376502,0.0,-0.376502,-0.25517933333333337,0.0,-0.179983,-0.25517933333333337,0.0,0.0,-0.179983,-0.194518,0.0,-0.123973588406,0.0,0.0,-0.059682720538,0.0,-0.0941255,-0.367414024438,0.0,-0.0899915,-0.2927775,0.0,0.0,-0.0899915,-0.198652,-0.12648726666666665,-0.37946179999999996,0.5666666666666667,3
2025-02-25,-0.398691,0.23576085977391018,1,-0.398691,-0.398691,0.116914,0.116914,-0.072224,0.2861106436963388,1,1,bearish,-0.14351166666666665,0.15876681910861518,-0.046612559574000005,-0.2524527777777778,0.1476203860621837,1.6666666666666667,0.08877788888888889,-0.14760150000000005,-0.11340388095238096,0.15876681910861518,1.8571428571428572,0.08514697619047619,-0.06448224404761904,-0.08169781547619048,0.1313840351391227,1.7857142857142858,0.09006232738095239,-0.017856747802197804,-0.058023367777777786,0.11105422509022365,1.8,0.10152077222222222,-0.0033950700556173562,34.21730280208301,-0.044534152719581596,-0.01305381259473425,0.19106342947116797,-0.3106130111378346,0.5623953350454189,-0.9033913584198463,0.0,0.158519,0.0,0.0,0.0,0.0,0.0,0.87644,0.0,0.0,0.5,0.0,0.0,0.0,0.5,0.0,-0.398691,0.0,0.0,0.0,0.0,0.0,-0.398691,0.0,0.0,-0.398691,0.0,0.0,0.0,-0.398691,0.0,-0.063200098629,0.0,0.0,0.0,0.0,0.0,-0.34942874004,0.0,0.0,-0.1993455,0.0,0.0,0.0,-0.1993455,-0.1993455,-0.1993455,0.5,1
2025-02-26,-0.007358250000000004,0.28309180907775605,4,-0.39867,0.244814,0.104575,0.4183,0.09900975,0.2541138560335701,4,2,neutral,0.39133275,0.15499312488558095,-0.0007694889937500004,-0.22040952777777775,0.19796978264224818,2.0,0.10019955555555556,0.12391054166666665,-0.11754284523809524,0.15499312488558095,1.8571428571428572,0.09223369047619047,-0.03383187202380952,-0.07616504761904763,0.1328651778665234,1.8571428571428572,0.09169647023809524,-0.01583559047619048,-0.052250351111111114,0.10894681391885801,1.8333333333333333,0.09932086388888889,-0.003913200964034113,52.266794663260015,-0.03182075350025526,-0.016807212010346007,0.1909914873429664,-0.31061733400963304,-0.9815439776669149,-1.5439393127123338,0.0,0.3271925,0.0,0.0,0.0,0.0,1.0,0.10817899999999998,0.0,1.0,0.5,0.0,0.0,0.5,0.0,0.0,-0.1263555,0.0,0.0,0.0,0.0,0.145959,-0.09141566666666667,0.0,-0.021536,-0.39867,0.0,0.0,-0.39867,0.0,0.0,0.009179335763999999,0.0,0.0,0.0,0.0,0.145959,-0.029667766213,0.0,-0.021536,-0.199335,0.0,0.0,-0.199335,0.0,-0.004755925000000001,-0.019023700000000004,0.55,2
2025-02-27,0.16629860000000002,0.1032387922291487,10,0.010356,0.35125,0.157029,1.57029,0.2529665,0.14195936020820263,10,5,bullish,0.17365685000000003,0.18541887526578862,0.0261137028594,-0.0799168833333333,0.2893991680714388,2.6666666666666665,0.12617266666666668,0.2824948000000001,-0.09427468809523809,0.18541887526578862,2.2857142857142856,0.10429254761904762,0.013860332142857151,-0.06616190952380953,0.14581045786630786,2.0714285714285716,0.09689655357142857,-0.005531583589743592,-0.04460804222222222,0.11598296723056727,1.9333333333333333,0.10193303055555555,-0.0025771409417871707,53.95350235163358,-0.007793705384818203,-0.015004506368618014,0.21540344707468087,-0.32096073374134754,-23.600292189039504,-22.618748211372587,0.451494,0.57648475,0.0,0.0,0.0,0.0,0.0,0.26783825,0.0,0.5,0.5,0.0,0.0,1.0,1.0,0.136838,0.14658675,0.0,0.0,0.0,0.0,0.0,0.134731,0.0,0.227153,0.227153,0.0,0.0,0.055129,0.21755499999999997,0.06178153597199999,0.33282201758700003,0.0,0.0,0.0,0.0,0.0,0.119312627548,0.0,0.1135765,0.1135765,0.0,0.0,0.055129,0.6526649999999999,0.09089366,0.9089366,0.5599999999999999,5
2025-02-28,-0.23907599999999998,0.20919471278691532,2,-0.386999,-0.091153,0.08804000000000001,0.17608000000000001,-0.16806549999999998,0.08531879711118764,2,2,bearish,-0.40537460000000003,0.1928401233498521,-0.02104825104,-0.026711883333333287,0.20337911378430887,3.0,0.116548,-0.115858875,-0.11755649761904763,0.1928401233498521,2.4285714285714284,0.10263240476190479,0.0009418136904761925,-0.09139598095238097,0.1427323615945412,2.0714285714285716,0.09437612500000002,-0.004525956190476189,-0.05508553111111111,0.11894192072614007,1.9333333333333333,0.10217761944444444,-0.0030051749351130896,41.54259375683882,-0.0208999633595619,-0.016183600025501507,0.20381490183235715,-0.34146028849902377,-2.4376308640000577,21.162661325039444,0.451494,0.158519,0.0,0.0,0.0,0.0,0.0,0.4923095,0.0,0.0,0.5,0.0,0.0,0.5,1.0,-0.091153,-0.386999,0.0,0.0,0.0,0.0,0.0,-0.23907599999999998,0.0,0.0,-0.386999,0.0,0.0,-0.386999,-0.091153,-0.041155032582,-0.061346694481,0.0,0.0,0.0,0.0,0.0,-0.121755300141,0.0,0.0,-0.1934995,0.0,0.0,-0.1934995,-0.091153,-0.11953799999999999,-0.23907599999999998,0.5,2
2025-03-01,-0.427375,0.20919471278691532,1,-0.427375,-0.427375,0.342093,0.342093,-0.055511,0.08531879711118764,1,1,bearish,-0.18829900000000002,0.21359644335263284,-0.146201995875,-0.16671746666666662,0.30337914207119343,2.6666666666666665,0.19572066666666665,-0.2968368000000001,-0.18069556904761905,0.21359644335263284,2.142857142857143,0.1368672380952381,-0.013373740476190455,-0.12034243333333332,0.16668618104868732,2.0,0.11367819642857142,-0.011841687032967032,-0.06667367555555555,0.1369912843771505,1.9333333333333333,0.10961695277777778,-0.005577008928439006,40.53391936636027,-0.04581168213427271,-0.022109225528250405,0.23156509133487477,-0.39175757800154143,0.7876114708293598,3.2252423348294172,0.0,0.0,0.0,0.0,0.0,0.0,0.0,0.108179,0.0,1.0,0.0,0.0,0.0,0.0,0.0,0.0,0.0,0.0,0.0,0.0,0.0,0.0,-0.427375,0.0,-0.427375,0.0,0.0,0.0,0.0,0.0,0.0,0.0,0.0,0.0,0.0,0.0,0.0,-0.046233000125,0.0,-0.427375,0.0,0.0,0.0,0.0,0.0,-0.2136875,-0.2136875,0.5,1
2025-03-02,-0.084999,0.20919471278691532,1,-0.084999,-0.084999,0.059636,0.059636,0.057797,0.08531879711118764,1,1,neutral,0.342376,0.214821101366943,-0.005069000364,-0.25048333333333334,0.1714728164588584,1.3333333333333333,0.16325633333333334,0.07703849999999995,-0.17805428333333334,0.214821101366943,2.142857142857143,0.13534238095238096,0.007909116071428598,-0.12037880833333334,0.16667781063093037,1.9285714285714286,0.10917396428571427,-0.00964991805860806,-0.06824530222222222,0.13691964322503425,1.8666666666666667,0.10442951944444444,-0.00549645423804227,49.98948069704292,-0.03772429360682246,-0.025232242972773065,0.2265310917914855,-0.39374887845815215,-0.8011137759578824,-1.5887252467872421,0.0,0.0,0.0,0.0,0.0,0.0,0.0,0.0,0.158519,0.0,0.0,0.0,0.0,1.0,0.0,0.0,0.0,0.0,0.0,0.0,0.0,0.0,0.0,-0.084999,0.0,0.0,0.0,0.0,-0.084999,0.0,0.0,0.0,0.0,0.0,0.0,0.0,0.0,0.0,-0.013473956481,0.0,0.0,0.0,0.0,-0.084999,0.0,-0.0424995,-0.0424995,0.5,1
2025-03-03,0.033606555555555556,0.13521338205509753,9,-0.219391,0.166959,0.075573,0.680157,0.14295155555555555,0.1859069296806275,9,5,neutral,0.11860555555555556,0.22502843243293685,0.002539748223,-0.15958914814814812,0.2393716071115724,2.3333333333333335,0.15910066666666667,0.23049077777777788,-0.13679915634920634,0.22502843243293685,2.4285714285714284,0.13483714285714285,0.019569198809523857,-0.10438273293650793,0.17015700783006474,2.2142857142857144,0.10785132142857144,-0.007556699694749695,-0.06647396703703704,0.13791170397834998,1.9666666666666666,0.1030269361111111,-0.004503402014584106,54.60166067647228,-0.021571306146202174,-0.024500054889330904,0.2222362160947036,-0.39250346720581475,-1.395375893311163,-0.5942621173532807,0.158519,0.158519,0.158519,0.158519,0.5565095,0.0,0.5,0.346573,0.0,1.0,0.75,0.0,0.0,0.0,0.5,-0.140035,-0.219391,0.061183,0.13402599999999998,-0.07910400000000001,0.0,-0.140035,-0.023819000000000003,0.0,0.061183,-0.022843500000000003,0.0,0.0,0.0,-0.219391,-0.022198208164999997,-0.034777641929,0.009698667977,0.04249133498799999,0.023621531571000005,0.0,-0.0700175,-0.110762322498,0.0,0.061183,0.08833899999999999,0.0,0.0,0.0,-0.1096955,0.017949944444444442,0.16154949999999998,0.5444444444444445,5
2025-03-04,-0.09207333333333333,0.31001474546715785,6,-0.505212,0.277038,0.09781433333333334,0.586886,0.062405333333333333,0.27841570053548825,6,2,neutral,-0.12567988888888887,0.19313605146303695,-0.009006091717777777,-0.04782192592592591,0.07060778813496998,2.6666666666666665,0.07767444444444445,-0.003537166666666666,-0.09299663253968253,0.19313605146303695,2.5714285714285716,0.13210861904761903,-0.01305186924603175,-0.10320025674603175,0.17018275665269267,2.2142857142857144,0.10862779761904762,-0.0073449564224664235,-0.06906927814814814,0.13762663872798114,1.9666666666666666,0.10267544055555557,-0.004308145650723027,50.334130403468016,-0.01862371323507382,-0.0233247856363189,0.22188895600822375,-0.39288184045266816,-3.7397432379264623,-2.344367344615299,0.158519,0.158519,0.0,0.0,0.0,0.0,0.5,0.4745836666666667,0.0,0.0,0.5,0.0,0.0,1.0,0.6666666666666666,-0.286608,-0.505212,0.0,0.0,0.0,0.0,-0.286608,-0.35936366666666664,0.0,0.0,-0.16519799999999998,0.0,0.0,-0.505212,0.022684,-0.045432813552,-0.080085701028,0.0,0.0,0.0,0.0,-0.143304,-0.431585396269,0.0,0.0,-0.247797,0.0,0.0,-0.505212,0.172545,-0.04603666666666666,-0.27621999999999997,0.5,2
2025-03-05,0.02769144444444445,0.223307153862181,9,-0.409919,0.204659,0.08766877777777778,0.789019,0.16359188888888887,0.22874441018822975,9,3,neutral,0.11976477777777778,0.1961569899822058,0.0024276750893456795,-0.010258444444444422,0.07091547199159139,3.3333333333333335,0.0870187037037037,-0.002957555555555549,-0.08798953333333333,0.1961569899822058,2.7142857142857144,0.12969344444444444,0.012113050793650767,-0.10276618928571428,0.17053298682478035,2.2857142857142856,0.11096356746031745,0.000509578669108669,-0.06582813000000001,0.1387554187477457,2.033333333333333,0.10332733314814815,-0.0036871499715733524,50.12317471867822,-0.0066126612555385544,-0.019982358662087415,0.22207141413297038,-0.3929206207996371,-1.3007542297202712,2.438989008206191,0.0,0.310843,0.0,0.158519,0.0,0.0,0.0,0.329256,0.0,0.0,0.75,0.0,0.0,0.5,0.75,0.0,-0.409919,0.0,0.0804875,0.0,0.0,0.0,-0.20430133333333333,0.0,0.0,-0.02520925,0.0,0.0,-0.409919,-0.01940183333333333,0.0,-0.12742045171699998,0.0,0.025517596025,0.0,0.0,0.0,-0.25307781341900004,0.0,0.0,0.030069000000000005,0.0,0.0,-0.2049595,0.21945450000000002,0.013845722222222225,0.12461150000000001,0.5,3
2025-03-06,0.1699775,0.08009186378465669,2,0.113344,0.226611,0.019635,0.03927,0.31772049999999996,0.045170688288977835,2,2,bullish,0.14228605555555557,0.1969551515674538,0.0033375082125,0.03519853703703706,0.1311866119010206,2.3333333333333335,0.0683727037037037,0.13102541666666667,-0.08746397619047619,0.1969551515674538,2.2857142857142856,0.11006573015873014,0.076079251984127,-0.09086933214285715,0.18380409648297716,2.2857142857142856,0.10717913888888889,0.011802948559218568,-0.060953726666666666,0.14446178403508195,2.033333333333333,0.09995808648148148,-0.0015480748436534429,53.214260240429965,0.014151883095045698,-0.013155506882433343,0.23337716463346767,-0.3986487213001343,5.138267736123872,6.439021965844143,0.0,0.607189,0.0,0.0,0.0,0.0,0.5,0.999701,0.0,0.0,0.0,0.0,0.0,0.0,0.75,0.0,0.1699775,0.0,0.0,0.0,0.0,0.113344,0.113344,0.0,0.0,0.0,0.0,0.0,0.0,0.1699775,0.0,0.161924412958,0.0,0.0,0.0,0.0,0.056672,0.113310110144,0.0,0.0,0.0,0.0,0.0,0.0,0.283283,0.08498875,0.1699775,0.5,2
2025-03-07,-0.055773666666666666,0.36272373919738604,3,-0.471605,0.195521,0.064652,0.19395600000000002,0.18095566666666665,0.3252139852655991,3,1,neutral,-0.22575116666666667,0.18527731319047955,-0.0036058790973333334,0.047298425925925945,0.11414562017419555,2.0,0.05731859259259259,-0.041732555555555564,-0.06127792857142856,0.18527731319047955,2.142857142857143,0.10672458730158729,0.05781578174603178,-0.0894172130952381,0.1840099174604,2.2857142857142856,0.10467849603174603,0.013292473028083033,-0.05681923222222222,0.142707146342517,2.0,0.09882731981481482,-0.0023343431936719804,50.37136993786384,0.012353198696112733,-0.008053763717177833,0.23069496144234145,-0.3993314181090081,-1.3281238203095507,-6.466391556433423,0.0,0.451494,0.0,0.0,0.0,0.5,0.0,0.134913,0.0,0.0,0.0,0.0,0.0,0.5,0.75,0.0,-0.471605,0.0,0.0,0.0,-0.471605,0.0,-0.181421,0.0,0.0,0.0,0.0,0.0,-0.181421,0.152142,0.0,-0.21292682787,0.0,0.0,0.0,-0.2358025,0.0,-0.064467660858,0.0,0.0,0.0,0.0,0.0,-0.181421,0.2499025,-0.027886833333333333,-0.0836605,0.5,1
2025-03-10,0.050369666666666674,0.23288850415023354,3,-0.199773,0.260931,0.04517366666666667,0.135521,0.223656,0.35070976000533544,3,2,neutral,0.10614333333333334,0.09291439340266198,0.0022753825321111115,0.054857833333333356,0.11294248555287414,1.6666666666666667,0.043153555555555556,-0.05980391666666666,0.006971309523809528,0.09291439340266198,2.2857142857142856,0.06430753968253969,0.017478442460317465,-0.08686212976190477,0.18580493312989801,2.2142857142857144,0.10058738888888888,0.02071547332112333,-0.054920390000000006,0.14377346137268254,1.9666666666666666,0.09778204870370372,-0.0012964320331232215,50.64978008568858,0.01922510743140425,-0.0025979877340426196,0.24314421912346207,-0.39829473412346206,-1.9031083964355942,-0.5749845761260435,0.0,0.678485,0.0,0.0,0.0,0.0,0.0,0.6071885,0.158519,0.333333,0.0,0.0,0.333333,0.333333,0.333333,0.0,-0.054911,0.0,0.0,0.0,0.0,0.0,-0.054911,0.089951,-0.054911,0.0,0.0,0.089951,-0.054911,-0.199773,0.0,-0.008747839186,0.0,0.0,0.0,0.0,0.0,0.047123973855,0.014258942569,-0.03660729672600001,0.0,0.0,0.029983636683,-0.03660729672600001,-0.066590933409,0.03118156666666667,0.09354470000000001,0.5666666666666667,2
2025-03-11,-0.12788650000000001,0.3633857103856727,2,-0.384839,0.129066,0.0719755,0.143951,0.020703000000000013,0.3736408800332212,2,1,neutral,-0.1782561666666667,0.10104770774378567,-0.00920469478075,-0.04443016666666665,0.08966783973566643,1.3333333333333333,0.06060038888888889,-0.03605641666666669,0.0008445238095238149,0.10104770774378567,2.2857142857142856,0.06607032539682539,-0.010109224206349209,-0.08860487976190477,0.18608707849710898,2.2142857142857144,0.10070635317460318,0.018995242844932852,-0.06003704,0.14353978911838347,1.9333333333333333,0.09703479203703705,-0.0012117784402422408,49.56628422526587,0.01024009913911407,-3.0369699250785384e-05,0.24284193495456333,-0.39174724995456334,-3.538958632510307,-1.6358502360747127,0.0,0.158519,0.0,0.0,0.158519,0.5,0.0,0.161647,0.0,0.0,0.333333,0.0,0.0,0.333333,0.4166665,0.0,-0.384839,0.0,0.0,-0.384839,0.129066,0.0,-0.384839,0.0,0.0,-0.384839,0.0,0.0,-0.384839,-0.12788650000000001,0.0,-0.061004293440999995,0.0,0.0,-0.061004293440999995,0.064533,0.0,-0.062208069833,0.0,0.0,-0.12827953838699999,0.0,0.0,-0.12827953838699999,-0.06374653838699999,-0.06394325000000001,-0.12788650000000001,0.5,1
2025-03-12,-0.042944666666666666,0.150675079111754,3,-0.21043,0.081596,0.061440666666666664,0.18432199999999999,0.144946,0.2700082622421025,3,2,neutral,0.08494183333333336,0.10105346955905932,-0.002638548949777778,-0.04015383333333331,0.08916084791933337,1.6666666666666667,0.05952994444444445,-0.04665716666666667,-0.010091365079365077,0.10105346955905932,1.8571428571428572,0.06405142063492064,-0.010120632936507928,-0.07344526071428571,0.1800191485474162,2.142857142857143,0.09944428174603175,0.01480835485958487,-0.06419536222222222,0.14107477796374024,1.9666666666666666,0.09232261425925926,-0.00012328409838091925,53.86446176132536,0.009829094782693552,0.0019415236027330088,0.2459963880352824,-0.38833336970194904,-0.6641970288758652,2.8747616036344414,0.0,0.348394,0.0,0.0,0.0,0.0,0.333333,0.5808225,0.0,0.0,0.333333,0.0,0.0,0.5,0.6111110000000001,0.0,-0.064417,0.0,0.0,0.0,0.0,0.081596,-0.064417,0.0,0.0,0.081596,0.0,0.0,-0.21043,-0.042944666666666666,0.0,0.010563444153999998,0.0,0.0,0.0,0.0,0.027198639468,0.047580458598,0.0,0.0,0.027198639468,0.0,0.0,-0.105215,-0.078016360532,-0.0160326,-0.0480978,0.5666666666666667,2
2025-03-13,-0.071194625,0.10184914497002417,8,-0.224447,0.122962,0.099527875,0.796223,0.056310625,0.15392512408676176,8,3,neutral,-0.028249958333333332,0.09850644070483366,-0.007085849737671875,-0.08067526388888888,0.043257261214888744,2.0,0.07764801388888888,0.028345937499999994,-0.007108692460317457,0.09850644070483366,2.0,0.0642962123015873,-0.028379120535714272,-0.050052662500000004,0.1538852977655697,2.2857142857142856,0.09820241567460318,0.004150271727716727,-0.059838383055555555,0.13867308605507364,2.033333333333333,0.0928843100925926,-0.0011181553757261143,56.22446767296014,0.007151034347594676,0.002983425923150844,0.23834155404383275,-0.38995944821049944,0.6578222751758076,1.3220193040516728,0.0,0.259367,0.158519,0.0,0.6512100000000001,0.0,1.0,0.5038006,0.0,0.0,0.6666666666666666,0.0,0.0,0.5,0.75,0.0,-0.170824,-0.109331,0.0,-0.09932275,0.0,-0.044905,-0.1106026,0.0,0.0,-0.037407666666666665,0.0,0.0,-0.224447,-0.002902999999999996,0.0,-0.07779667220799999,-0.017331040789,0.0,-0.264542924715,0.0,-0.044905,-0.229733899849,0.0,0.0,-0.0614805,0.0,0.0,-0.1122235,-0.06728699999999999,-0.0355973125,-0.2847785,0.5,3
2025-03-14,-0.1285235,0.1349503460414237,6,-0.379246,0.0,0.0850185,0.510111,-0.07264733333333334,0.1298786079655409,6,2,neutral,-0.057328875000000015,0.10666572451169937,-0.01092687518475,-0.0808875972222222,0.043605039405431444,2.3333333333333335,0.08199568055555555,-0.042789416666666705,-0.029425113095238094,0.10666572451169937,1.8571428571428572,0.0639176011904762,-0.0364164017857143,-0.05870732321428572,0.1547044623291814,2.2857142857142856,0.09680552281746033,0.0033157559035409,-0.06363096638888889,0.13895289833496577,2.033333333333333,0.09300094342592592,-0.0012503032103571847,47.36220428890957,0.00041616243796221974,0.00246997315852201,0.230276907553585,-0.3950893017202517,0.805241617608071,0.1474193424322634,0.0,0.584995,0.0,0.0,0.6547345,0.5,0.0,0.38774083333333337,0.0,0.0,0.58333325,0.0,0.0,0.333333,0.6111110000000001,0.0,-0.13426266666666667,0.0,0.0,-0.08267250000000001,0.0,0.0,-0.1285235,0.0,0.0,-0.1283215,0.0,0.0,-0.379246,-0.1729466666666667,0.0,-0.29749474661200004,0.0,0.0,-0.06758812322100001,0.0,0.0,-0.21224854570500004,0.0,0.0,-0.24868420691800003,0.0,0.0,-0.126415206918,-0.25423820691800003,-0.06504648333333334,-0.39027890000000004,0.5333333333333333,2
2025-03-15,-0.192744,0.1349503460414237,1,-0.192744,-0.192744,0.187463,0.187463,-0.07753,0.1298786079655409,1,1,bearish,-0.06422049999999999,0.07786938627743123,-0.036132368472,-0.13082070833333334,0.060807240648772534,2.0,0.12400312499999999,-0.0607746875,-0.08124247023809525,0.07786938627743123,1.7142857142857142,0.08789302976190475,-0.02542876636904761,-0.08435322321428572,0.1439191314769939,2.0,0.09897937996031746,0.006903914255189261,-0.07219247305555557,0.13872386587560298,2.0,0.09693959675925926,-0.0012023790316400948,41.79247796985024,-0.00996926598704842,-1.7874932593059603e-05,0.22827746838766338,-0.40475392922099673,0.49967904702252874,-0.30556257058554226,0.0,0.0,0.0,0.0,0.0,0.0,0.0,0.108179,0.0,0.0,0.0,0.0,0.0,0.0,0.0,0.0,0.0,0.0,0.0,0.0,0.0,0.0,-0.192744,0.0,0.0,0.0,0.0,0.0,0.0,0.0,0.0,0.0,0.0,0.0,0.0,0.0,0.0,-0.020850853176,0.0,0.0,0.0,0.0,0.0,0.0,0.0,-0.096372,-0.096372,0.5,1
2025-03-17,-0.0908645,0.16581866150858895,2,-0.208116,0.026387,0.1077555,0.215511,-0.041519,0.04135443299091405,2,2,neutral,0.1018795,0.0770820579044585,-0.009791149629750001,-0.13737733333333332,0.05151359921014409,1.6666666666666667,0.12674566666666667,0.018829500000000023,-0.08625544642857143,0.0770820579044585,1.8571428571428572,0.09405067261904763,-0.022821297619047623,-0.07376668750000001,0.13694454969840325,2.0,0.10038762996031747,0.0016171268925518976,-0.07239405638888889,0.1387472354213715,2.033333333333333,0.09780821342592592,-0.0014099094246693825,53.933880138976875,-0.009892244064912403,-0.0019927489254397326,0.21928274155033228,-0.40630550238366564,-0.5285741709210143,-1.028253217943543,0.0,0.158519,0.0,0.0,0.928139,0.333333,0.333333,0.580705,0.0,0.0,0.333333,0.0,0.0,0.0,0.333333,0.0,-0.208116,0.0,0.0,0.026387,-0.208116,0.026387,-0.0908645,0.0,0.0,-0.0908645,0.0,0.0,0.0,-0.0908645,0.0,-0.032990340204,0.0,0.0,0.024490803793,-0.069371930628,0.008795657871,-0.007260580770999999,0.0,0.0,-0.060576272757,0.0,0.0,0.0,-0.060576272757,-0.04543225,-0.0908645,0.5,2
2025-03-18,0.04394699999999999,0.20411887418070873,6,-0.196892,0.275512,0.10012183333333334,0.600731,0.12398516666666666,0.1669083929710147,6,2,neutral,0.1348115,0.07519998280455131,0.004400054209499999,-0.07988716666666665,0.11872671879397395,1.6666666666666667,0.13178011111111113,0.1183455,-0.08717297023809524,0.07519998280455131,1.8571428571428572,0.10190041071428571,0.010646837797619062,-0.040100830357142854,0.09476681520478161,2.0714285714285716,0.0831039751984127,-0.006677041788766788,-0.07180431194444445,0.1392178027732122,2.033333333333333,0.09833801342592592,2.1014056976892015e-05,62.875573920805486,0.0010014798796452173,-0.0013939031240606155,0.23255811203185167,-0.404837372865185,-1.4836542324009927,-0.9550800614799784,0.0,0.158519,0.0,0.0,0.0,0.25,0.24583325,0.34839475,0.0,0.2,0.3966666,0.0,0.0,0.2,0.3966666,0.0,-0.1965015,0.0,0.0,0.0,-0.196111,-0.00707725,0.01580525,0.0,0.182347,0.0494406,0.0,0.0,0.182347,-0.0023660000000000013,0.0,-0.062298442557,0.0,0.0,0.0,-0.04902775,-0.041719551036,0.22109323577899995,0.0,0.0729388,0.23379244896399998,0.0,0.0,0.0729388,-0.025240551036,0.021973499999999997,0.13184099999999999,0.5,2
2025-03-19,-0.26732266666666665,0.10747102398941462,3,-0.390808,-0.194924,0.098678,0.296034,-0.005515333333333326,0.20010033385862536,3,1,bearish,-0.31126966666666667,0.10161123134965823,-0.02637886610133333,-0.1047467222222222,0.15609848947720426,1.6666666666666667,0.10218511111111112,-0.08822908333333335,-0.10709242261904763,0.10161123134965823,1.8571428571428572,0.10571505357142856,-0.014471133928571418,-0.0531239494047619,0.1123145428199609,2.0714285714285716,0.08589268948412698,-0.014649253693528694,-0.08452176750000001,0.13906631292778598,2.0,0.09751641342592592,4.240057162279126e-05,44.93317018984914,-0.015234092926703538,-0.004161941233841518,0.23335012602914385,-0.4068437201958105,-7.082842211451673,-5.599187979050681,0.0,0.158519,0.0,0.0,0.849,0.0,1.0,0.3422506666666667,0.0,0.0,0.333333,0.0,0.0,0.333333,0.333333,0.0,-0.390808,0.0,0.0,-0.20557999999999998,0.0,-0.216236,-0.26732266666666665,0.0,0.0,-0.390808,0.0,0.0,-0.390808,-0.390808,0.0,-0.061950493351999994,0.0,0.0,-0.350761450368,0.0,-0.216236,-0.24567096162000002,0.0,0.0,-0.130269203064,0.0,0.0,-0.130269203064,-0.130269203064,-0.13366133333333333,-0.400984,0.5,1
2025-03-20,0.02100900000000001,0.22867821801715177,5,-0.230483,0.28594,0.08120000000000001,0.406,0.130941,0.24474026083074277,5,1,neutral,0.28833166666666665,0.11079996839344469,0.001705930800000001,-0.06745555555555553,0.17346954931320357,1.3333333333333333,0.09333327777777778,-0.011468999999999993,-0.09795618452380953,0.11079996839344469,1.7142857142857142,0.10853781547619049,0.008417983630952388,-0.05402377480158731,0.1116145196549574,1.7857142857142858,0.08629461805555556,-0.009671922008547008,-0.08308397861111111,0.13995381873029814,1.9666666666666666,0.09782761342592593,0.0011535690662464466,49.68008887467287,-0.004840928698907218,-0.004297738732712408,0.22158153778963222,-0.3531051319562989,-1.078590417572771,6.004251793878902,0.0,0.259367,0.0,0.158519,0.451494,0.5,0.0,0.2656565,0.0,0.0,0.8333333333333334,0.0,0.0,0.0,1.0,0.0,-0.0614115,0.0,0.078641,-0.201464,-0.201464,0.0,-0.04522374999999999,0.0,0.0,-0.11776866666666667,0.0,0.0,0.0,0.22917550000000003,0.0,-0.003608204000999999,0.0,0.012466092679,-0.09095978721600001,-0.100732,0.0,-0.14802481633700001,0.0,0.0,-0.25257399999999997,0.0,0.0,0.0,0.45835100000000006,0.010504500000000005,0.05252250000000003,0.5,1
2025-03-21,-0.16660375,0.19221040693360839,4,-0.37827,0.076726,0.0774465,0.309786,0.07297974999999998,0.2831252282205114,4,1,bearish,-0.18761275,0.11280934558358639,-0.012902877324375,-0.13763913888888887,0.14633181138531667,1.0,0.08577483333333334,0.05035945833333332,-0.11158605952380952,0.11280934558358639,1.4285714285714286,0.10538333333333334,0.004885967261904779,-0.05934737599206349,0.11528597375083287,1.7142857142857142,0.08483977281746033,-0.014142873778998782,-0.08582111194444444,0.14078277336228548,1.9333333333333333,0.09631932175925927,0.0006050368563836343,48.16504175001138,-0.01157235567969088,-0.005752662172315665,0.2156234993318025,-0.3630716434984692,-8.930113284782708,-7.851522867209937,0.0,0.614606,0.0,0.0,0.682689,0.333333,0.0,0.29672025,0.0,0.0,0.70833325,0.0,0.5,0.333333,0.0,0.0,-0.37827,0.0,0.0,-0.37827,-0.37827,0.0,-0.16660375,0.0,0.0,-0.16660375,0.0,-0.126216,-0.37827,0.0,0.0,-0.23248701162,0.0,0.0,-0.25824076803,-0.12608987390999998,0.0,-0.200877943232,0.0,0.0,-0.35112687390999997,0.0,-0.063108,-0.12608987390999998,0.0,-0.083301875,-0.3332075,0.5,1
2025-03-22,-0.049199,0.19221040693360839,1,-0.049199,-0.049199,0.103331,0.103331,-0.048928,0.2831252282205114,1,1,neutral,0.11740475,0.11479114956599026,-0.005083781869,-0.06493124999999998,0.09479063117306237,1.0,0.08732583333333334,-0.03510400000000002,-0.1002539880952381,0.11479114956599026,1.2857142857142858,0.10799940476190475,0.009150660714285738,-0.06483955059523809,0.11262123798682414,1.5714285714285714,0.08595850297619048,-0.010983508516483519,-0.08111646194444445,0.13952223549403842,1.9333333333333333,0.0966273550925926,0.0001204989735508592,48.104734783402826,-0.007370063460467549,-0.006076142438876356,0.18239279274161788,-0.3513906969082845,-0.7046945221821237,8.225418762600585,0.0,0.0,0.0,0.0,0.0,0.0,0.0,0.266143,0.0,0.0,0.0,0.0,0.0,0.0,1.0,0.0,0.0,0.0,0.0,0.0,0.0,0.0,-0.049199,0.0,0.0,0.0,0.0,0.0,0.0,-0.049199,0.0,0.0,0.0,0.0,0.0,0.0,0.0,-0.013093969457,0.0,0.0,0.0,0.0,0.0,0.0,-0.049199,-0.0245995,-0.0245995,0.5,1
2025-03-23,-0.050649,0.19221040693360839,1,-0.050649,-0.050649,0.099476,0.099476,-0.06176,0.2831252282205114,1,1,neutral,-0.00145,0.10807703552736783,-0.005038359924,-0.08881724999999997,0.06736898627475062,1.0,0.09341783333333335,0.05797737499999999,-0.07995470238095237,0.10807703552736783,1.2857142857142858,0.09542983333333332,0.001252622023809535,-0.08059858630952381,0.09049926722050762,1.5,0.09166143154761905,-0.0028368427655677654,-0.07918382861111112,0.13952956689304785,1.9,0.09704509953703704,0.00012732849894945379,44.15605898333997,-0.004109167136259195,-0.005682747369664562,0.1819600708513923,-0.33211527501805893,0.02947214374275897,0.7341666659248827,0.0,0.0,0.0,0.0,0.0,0.0,0.0,0.266143,0.0,0.0,0.0,0.0,0.0,0.0,1.0,0.0,0.0,0.0,0.0,0.0,0.0,0.0,-0.049199,0.0,0.0,0.0,0.0,0.0,0.0,-0.049199,0.0,0.0,0.0,0.0,0.0,0.0,0.0,-0.013093969457,0.0,0.0,0.0,0.0,0.0,0.0,-0.049199,-0.0253245,-0.0253245,0.5,1
2025-03-24,-0.07321359999999999,0.09164673192918556,5,-0.207804,0.042226,0.088105,0.440525,0.1267126,0.15892293813763955,5,1,neutral,-0.02256459999999999,0.10798594405025792,-0.006450484227999999,-0.05768719999999997,0.013465788046751876,1.0,0.09697066666666666,-0.012007300000000004,-0.07743314523809522,0.10798594405025792,1.1428571428571428,0.09262261904761904,0.0004163404761904672,-0.08184429583333332,0.09025095868798488,1.5,0.09333664583333334,-0.0018074392124542097,-0.08234476527777777,0.13823544333716312,1.8666666666666667,0.09814966620370372,0.0008610069898652861,49.482330226570646,-0.0033040386152583257,-0.005207005610377686,0.13914924338179258,-0.2538883075484592,0.4455092894232855,0.4160371456805265,0.0,0.6496135000000001,0.0,0.0,0.0,0.25,1.0,0.3607628,0.158519,0.0,0.75,0.161647,0.25,0.0,0.25,0.0,-0.082789,0.0,0.0,0.0,-0.207804,0.042226,-0.07321359999999999,0.042226,0.0,-0.123456,0.042226,-0.207804,0.0,-0.207804,0.0,-0.09880877887799998,0.0,0.0,0.0,-0.051951,0.042226,-0.037575677973,0.006693623294,0.0,-0.214515,0.006825706222000001,-0.051951,0.0,-0.051951,-0.036606799999999995,-0.18303399999999997,0.5,1
2025-03-25,-0.0918625,0.23879205889036595,6,-0.467507,0.192406,0.13670216666666668,0.8202130000000001,0.0961,0.21746547773198396,6,1,neutral,-0.01864890000000001,0.0938136119143375,-0.012557802785416667,-0.07190836666666665,0.020637729310739965,1.0,0.10809438888888889,-0.020606750000000004,-0.09683450238095237,0.0938136119143375,1.0,0.09784838095238098,0.016210358928571457,-0.09200373630952383,0.0818360910493223,1.4285714285714286,0.09987439583333334,0.002265028443223444,-0.0855208986111111,0.13728829424571592,1.8333333333333333,0.10028583842592594,0.0013910937343962436,45.54681342508483,-0.004120540959864152,-0.004989712677203591,0.13903306006472166,-0.25445847423138834,0.2547190685883498,-0.1907902208349357,0.0,0.158519,0.0,0.451494,0.0,0.0,1.0,0.16149960000000002,0.0,0.0,0.6111110000000001,0.0,0.0,0.4166665,0.7777776666666667,0.0,-0.167805,0.0,-0.467507,0.0,0.0,-0.467507,-0.10634459999999998,0.0,0.0,-0.12868733333333335,0.0,0.0,-0.0936285,0.04486299999999999,0.0,-0.026600280795,0.0,-0.211076605458,0.0,0.0,-0.467507,-0.055154986277,0.0,0.0,-0.264465944065,0.0,0.0,-0.065660944065,0.246459055935,-0.04593125,-0.2755875,0.5,1
2025-03-26,-0.04710966666666666,0.2778847149634779,3,-0.366516,0.139138,0.10331299999999999,0.30993899999999996,0.19652066666666665,0.12715904382045867,3,2,neutral,0.04475283333333334,0.05669307282902614,-0.004867040992333332,-0.07072858888888887,0.022479668213901193,1.3333333333333333,0.10937338888888888,0.013051966666666661,-0.06537550238095238,0.05669307282902614,1.1428571428571428,0.09851052380952383,-0.0028174321428571397,-0.08623396250000001,0.08195905923488536,1.5,0.1021127886904762,0.0023647678937728967,-0.08455444305555555,0.13745882235877202,1.8666666666666667,0.10040757175925927,0.0017038568600914639,52.759775756297486,-0.0011492646032100623,-0.0042216230537194645,0.13036697423072752,-0.2538640106196164,-0.4871719508323128,-0.7418910194206626,0.0,0.23468099999999997,0.158519,0.0,0.0,0.0,0.0,0.47604700000000005,0.0,0.0,0.333333,0.0,0.0,0.333333,0.333333,0.0,-0.113689,-0.366516,0.0,0.0,0.0,0.0,-0.04710966666666666,0.0,0.0,-0.366516,0.0,0.0,-0.366516,-0.366516,0.0,-0.014849676469999996,-0.058099749804,0.0,0.0,0.0,0.0,0.07617832351900002,0.0,0.0,-0.122171877828,0.0,0.0,-0.122171877828,-0.122171877828,-0.014278966666666669,-0.042836900000000004,0.5666666666666667,2
2025-03-27,0.007937142857142853,0.21051371563584526,7,-0.382878,0.170394,0.11015414285714285,0.771079,0.16531342857142858,0.2339530942602649,7,2,neutral,0.05504680952380951,0.053498719997535145,0.0008743091681632648,-0.04367834126984125,0.04998822535445262,1.6666666666666667,0.11672310317460317,0.049899821428571425,-0.06724291054421769,0.053498719997535145,1.2857142857142858,0.10264682993197279,0.01737813732993199,-0.08259954753401359,0.08509453766211901,1.5,0.10559232270408163,0.006482490546834123,-0.0847764882936508,0.13729841846905239,1.8333333333333333,0.1006644042989418,0.0029843901695887796,51.77465096060313,0.005576047502695414,-0.0022620889247100405,0.13724121514515203,-0.2507372039149933,-1.1684822546782936,-0.6813103038459808,0.0,0.430767,0.838487,0.158519,0.310843,0.0,0.6666666666666666,0.388121,0.0,0.0,0.4166665,0.0,0.333333,0.5,0.58333325,0.0,-0.0548524,0.067118,0.067118,0.067118,0.0,-0.008685666666666666,0.007937142857142853,0.0,0.0,-0.1241025,0.0,0.134673,0.067118,-0.06844050000000002,0.0,-0.136600885364,0.056277570465999995,0.010639478241999999,0.020863160473999998,0.0,0.0328765,0.11363412620899999,0.0,0.0,-0.146548044891,0.0,0.04489095510899999,0.033559,-0.07961254489100003,0.003968571428571426,0.027779999999999985,0.5,2
2025-03-28,0.048189600000000006,0.2663634888198831,5,-0.319486,0.352256,0.0647324,0.323662,0.1841704,0.2115614594740734,5,2,neutral,0.040252457142857155,0.048363007568702494,0.00311942846304,0.003005692063492084,0.04784064132093989,2.0,0.09273318095238096,0.047649633333333344,-0.0365581462585034,0.048363007568702494,1.4285714285714286,0.10083052993197279,0.015551500680272105,-0.07407210289115647,0.09202496772566943,1.4285714285714286,0.10310693163265307,0.010595309790685506,-0.07972056829365079,0.13936281177428067,1.8666666666666667,0.10047848429894181,0.0037131909921959117,54.129299442401155,0.013987883198219093,0.0009879055233960132,0.14034993141549593,-0.25179610462978164,5.071403887688989,6.239886142367283,0.0,0.7663735,0.0,0.0,0.0,0.0,0.5,0.23918650000000002,0.0,0.0,0.0,0.0,0.5,0.0,0.75,0.0,-0.2084515,0.0,0.0,0.0,0.0,-0.097417,-0.2084515,0.0,0.0,0.0,0.0,-0.319486,0.0,0.04224700000000001,0.0,-0.285800554313,0.0,0.0,0.0,0.0,-0.0487085,-0.08249845018400001,0.0,0.0,0.0,0.0,-0.159743,0.0,0.37743950000000004,0.024094800000000003,0.12047400000000001,0.5,2
2025-03-29,-0.044307,0.2663634888198831,1,-0.044307,-0.044307,0.100729,0.100729,-0.041449,0.2115614594740734,1,1,neutral,-0.09249660000000001,0.048184917675542054,-0.004462999803,0.003939914285714305,0.046377673832127944,1.6666666666666667,0.09187184761904761,-0.026122071428571435,-0.03585928911564625,0.048184917675542054,1.4285714285714286,0.1004588156462585,0.012915430102040822,-0.06805663860544217,0.09093790622804737,1.3571428571428572,0.10422911020408164,0.009650640298273162,-0.07269149051587302,0.13547157869905724,1.8,0.10119912874338624,0.002731605177798962,52.843725296740764,0.013050034964460194,0.0034003314255758406,0.09868188921138193,-0.23155651242566766,-1.919430748543254,-6.990834636232243,0.0,0.7663735,0.0,0.0,0.0,0.0,0.5,0.23918650000000002,0.0,0.0,0.0,0.0,0.5,0.0,0.75,0.0,-0.2084515,0.0,0.0,0.0,0.0,-0.097417,-0.2084515,0.0,0.0,0.0,0.0,-0.319486,0.0,0.04224700000000001,0.0,-0.285800554313,0.0,0.0,0.0,0.0,-0.0487085,-0.08249845018400001,0.0,0.0,0.0,0.0,-0.159743,0.0,0.37743950000000004,-0.0221535,-0.0221535,0.5,1
2025-03-31,-0.07605716666666666,0.20118738321715568,6,-0.387451,0.154367,0.08508216666666667,0.510493,-0.0006606666666666682,0.18705670371806157,6,1,neutral,-0.03175016666666666,0.05039118072552724,-0.006471108530527778,-0.02405818888888887,0.06455095290032847,1.3333333333333333,0.08351452222222222,-0.06212338333333335,-0.039489027210884355,0.05039118072552724,1.4285714285714286,0.0984025537414966,0.006495698809523819,-0.059721864795918365,0.08368928258475984,1.3571428571428572,0.09691619353741497,0.005311481428571428,-0.0619370294047619,0.12070051352625946,1.8,0.10013806763227515,0.00046161865891555126,54.02848419424654,0.0096368821279239,0.004647641571822598,0.09764110115999733,-0.23254407437428307,0.7165948194792395,2.6360255680224935,0.0,0.26261049999999997,0.0,0.0,0.310843,0.0,0.5,0.6904576666666666,0.158519,0.0,0.6666666666666666,0.0,0.0,1.0,0.75,0.0,-0.304367,0.0,0.0,-0.387451,0.0,-0.070029,-0.04669333333333333,0.093004,0.0,-0.22625433333333334,0.0,0.0,0.093004,-0.11654199999999999,0.0,-0.167874638167,0.0,0.0,-0.12043643119299999,0.0,-0.0350145,0.17313067116700004,0.014742901076,0.0,-0.450023,0.0,0.0,0.093004,-0.03935849999999999,-0.03802858333333333,-0.2281715,0.5,1
2025-04-01,0.04285475,0.18626677734732286,8,-0.36469,0.209296,0.16755925,1.340474,0.22412537500000002,0.20811275848644958,8,2,neutral,0.11891191666666666,0.056205316636215606,0.007180709768937499,-0.0258364722222222,0.06157013300803701,1.3333333333333333,0.1177901388888889,0.043580875,-0.022907834353741496,0.056205316636215606,1.5714285714285714,0.10975316088435375,0.010500450255102045,-0.050170489795918365,0.0874095328933513,1.3571428571428572,0.10118788996598639,0.007215561569858708,-0.060263262738095236,0.1218263651357451,1.8,0.10223754263227512,0.0015141000302805621,54.562848177745785,0.01632791373819468,0.006983696013752906,0.0961668239482118,-0.2318212888291642,-1.5634544629806966,-2.2800492824599363,0.0,0.158519,0.0,0.0,0.0,0.0,1.0,0.6281904,0.451494,0.0,0.6666665,0.0,0.0,0.4166665,0.7666666,0.0,-0.04125266666666667,0.0,0.0,0.0,0.0,0.1998,-0.0166848,0.041132,0.0,-0.1459475,0.0,0.0,-0.077697,0.0256652,0.0,-0.019617994402000002,0.0,0.0,0.0,0.0,0.1998,0.10697008088799999,0.018570851208000002,0.0,-0.04876821177,0.0,0.0,-0.016915211769999994,0.26680478823,0.026348225,0.2107858,0.55,2
2025-04-02,0.09591849999999999,0.18005158603161484,10,-0.345521,0.281689,0.09840070000000001,0.9840070000000001,0.2143753,0.13456073692331075,10,3,neutral,0.05306374999999999,0.062292042362943556,0.00943844754295,0.02090536111111112,0.08806383614065388,2.0,0.1170140388888889,0.08598783333333333,0.003918022789115645,0.062292042362943556,1.8571428571428572,0.10428152278911565,0.013381176700680272,-0.046458239795918364,0.09266005013425413,1.4285714285714286,0.10106495187074829,0.014492307095761383,-0.06260926607142857,0.11792832239131555,1.7333333333333334,0.10028326596560848,0.004084219911100515,51.87818445530223,0.025612501061503666,0.010709457034347248,0.12014587895365472,-0.2334198438346071,1.238223300800961,2.8016777637816577,0.0,0.158519,0.0,0.0,0.158519,0.5,0.2,0.1188726,0.0,0.2,0.4714285714285714,0.0,0.0,0.26,0.26,0.0,-0.031916,0.0,0.0,-0.060878,-0.060878,0.179257,0.0690658,0.0,0.179257,0.12687185714285715,0.0,0.0,0.07430139999999999,0.07430139999999999,0.0,-0.010118584808,0.0,0.0,-0.009650319681999999,-0.030439,0.14340560000000002,0.018883029062999986,0.0,0.14340560000000002,0.3449196,0.0,0.0,-0.029354900000000003,-0.029354900000000003,0.04552413,0.4552413,0.54,3
2025-04-03,0.06525471428571429,0.186103123854056,7,-0.202859,0.403973,0.083576,0.585032,0.1733437142857143,0.19191614835800405,7,2,neutral,-0.0306637857142857,0.0614226840899974,0.005453728001142857,0.06800932142857143,0.02663890550302908,2.3333333333333335,0.11651198333333333,0.011199982142857159,0.01997007721088435,0.0614226840899974,1.8571428571428572,0.10146195136054423,0.012663295153061223,-0.02270271258503401,0.0720120938620912,1.5,0.09998623758503401,0.01040286094191523,-0.05246490892857143,0.11528481032716938,1.7333333333333334,0.10013446596560847,0.0036921368585023893,65.07670718191522,0.030151024128603987,0.014597770462419429,0.13375242006447238,-0.23620644685018669,-0.31968583447703725,-1.5579091352779983,0.0,0.5697205,0.0,0.0,0.0,0.5,0.0,0.50469625,0.998626,0.0,0.8333333333333334,0.0,1.0,0.0,1.0,0.0,-0.1014295,0.0,0.0,0.0,-0.202859,0.0,-0.04963225,0.0,0.0,0.077243,0.0,0.130851,0.0,0.060244,0.0,-0.032157005821,0.0,0.0,0.0,-0.1014295,0.0,-0.049488939422,0.0,0.0,0.3331585,0.0,0.130851,0.0,0.120488,0.032627357142857145,0.2283915,0.5285714285714286,2
2025-04-04,-0.13146366666666667,0.17775390757261383,3,-0.271365,0.068553,0.08090666666666667,0.24272,0.006504333333333334,0.2557449825750905,3,1,neutral,-0.19671838095238098,0.08430873850486088,-0.010636287057777779,0.00990318253968255,0.12338357459354539,2.0,0.08762778888888889,-0.11369108333333336,5.5675850340132704e-05,0.08430873850486088,1.7142857142857142,0.09728374047619048,-0.005280739455782318,-0.033593617346938776,0.07629512921009406,1.5,0.09996528520408164,0.008736450580847729,-0.042601197817460315,0.09251122591776835,1.7333333333333334,0.09142825485449735,0.0005968806187651186,42.461832152273836,0.017684824311827874,0.015215181233472432,0.13404274978408048,-0.2425236807364614,-3.01462328209821,-2.6949374476211725,0.0,0.310843,0.0,0.0,0.0,0.0,0.0,0.4665285,0.0,0.0,0.5,0.0,1.0,0.0,0.5,0.0,-0.271365,0.0,0.0,0.0,0.0,0.0,-0.231472,0.0,0.0,-0.271365,0.0,0.068553,0.0,-0.271365,0.0,-0.084351910695,0.0,0.0,0.0,0.0,0.0,-0.19165129454500002,0.0,0.0,-0.1356825,0.0,0.068553,0.0,-0.1356825,-0.06573183333333334,-0.19719550000000002,0.5,1
2025-04-07,-0.03269628571428571,0.17239690305582087,7,-0.384839,0.115673,0.06545457142857143,0.458182,0.14625285714285716,0.19500680758922972,7,3,neutral,0.09876738095238097,0.08212688355831115,-0.002140121368734694,-0.032968412698412684,0.09835947280741794,2.0,0.07664574603174602,-0.0489755,-0.01149945068027211,0.08212688355831115,1.8571428571428572,0.09738690782312927,-0.0019136033163265275,-0.02402879846938776,0.066042303929919,1.6428571428571428,0.09910871887755102,0.004377139199372058,-0.04085777400793651,0.09217689675384785,1.8,0.09162220723544974,0.00036838464175362537,57.25791748032573,0.015588631151058054,0.015289871217102914,0.13572634158714186,-0.23462455111095137,-0.751290325735483,2.263332956362727,0.0,0.209511,0.0,0.158519,0.0,0.0,0.0,0.3494494,0.310843,0.0,0.6111110000000001,0.0,0.0,0.4166665,0.6666665,0.0,-0.2296885,0.0,0.08903,0.0,0.0,0.0,-0.080741,-0.0667695,0.0,-0.11826999999999999,0.0,0.0,-0.22192,-0.2296885,0.0,-0.12768795557899998,0.0,0.01411294657,0.0,0.0,0.0,-0.040537033177,-0.041509663376999996,0.0,-0.06875003838699999,0.0,0.0,-0.157780038387,-0.20281753838699998,-0.018477799999999996,-0.12934459999999998,0.5285714285714286,3
2025-04-08,-0.011926888888888888,0.1654906497037253,9,-0.323104,0.160869,0.06956433333333333,0.6260789999999999,0.10763133333333334,0.13559481899670797,9,3,neutral,0.020769396825396823,0.08087337404089234,-0.0008296860742962962,-0.05869561375661373,0.0638688821286465,2.3333333333333335,0.07197519047619048,0.05976838888888889,-0.006873720521541953,0.08087337404089234,2.142857142857143,0.09293481258503403,-0.006646193027210874,-0.021366504818594107,0.06569996175767151,1.7857142857142858,0.09669681411564625,0.0038931211808826104,-0.04237555548941799,0.09127899227238125,1.7333333333333334,0.09142191834656085,0.0010685826139272912,52.2565717862797,0.01542418365030349,0.015316733703775644,0.13256390642899069,-0.21338040484168908,-0.6352219027839675,0.11606842295151554,0.0,0.158519,0.0,0.158519,0.0,0.0,0.0,0.3549106,0.23468099999999997,0.25,0.7916666666666666,0.0,0.0,0.375,0.625,0.0,-0.1799675,0.0,0.087296,0.0,0.0,0.0,-0.035224200000000004,-0.0440165,-0.323104,-0.01452266666666667,0.0,0.0,-0.1799675,-0.2702245,0.0,-0.057056536265,0.0,0.027676149248,0.0,0.0,0.0,-0.085737420962,-0.019565148371,-0.080776,0.17360749999999997,0.0,0.0,-0.0991915,-0.298121,-0.005963444444444444,-0.053670999999999996,0.5,3
2025-04-09,-0.11719950000000001,0.27897695970187214,2,-0.314466,0.080067,0.0952595,0.190519,0.015220999999999998,0.2537325405067312,2,1,neutral,-0.10527261111111112,0.0879267034570795,-0.01116436577025,-0.05394089153439152,0.0557591303723131,2.3333333333333335,0.07675946825396825,-0.04225160714285717,-0.012751196712018145,0.0879267034570795,2.142857142857143,0.09438871734693878,-0.028350161706349204,-0.02612011196145125,0.07023282608784052,1.7857142857142858,0.09639563554421769,0.00018967862026862128,-0.04321309437830688,0.09186412152539977,1.7,0.09133675723544975,0.00024310419257729199,46.42078298827996,0.006727811471455604,0.013598949255643093,0.13325372299630442,-0.21670372140900282,8.826493823480094,9.461715726264062,0.0,0.451494,0.0,0.0,0.0,0.25,0.0,0.161647,0.0,0.0,0.25,0.0,0.0,0.25,0.625,0.0,-0.314466,0.0,0.0,0.0,-0.314466,0.0,-0.314466,0.0,0.0,-0.314466,0.0,0.0,-0.314466,-0.11719950000000001,0.0,-0.141979512204,0.0,0.0,0.0,-0.0786165,0.0,-0.05083248550200001,0.0,0.0,-0.0786165,0.0,0.0,-0.0786165,0.0014504999999999935,-0.058599750000000006,-0.11719950000000001,0.5,1
2025-04-10,0.025594428571428567,0.21812844612586804,7,-0.333625,0.308755,0.090691,0.634837,0.12765457142857142,0.22222617205515133,7,3,neutral,0.14279392857142859,0.08633504207439531,0.002321184321571428,-0.03451065343915343,0.07402733498621945,2.3333333333333335,0.08517161111111111,0.018760658730158735,-0.01521695691609978,0.08633504207439531,2.2857142857142856,0.0834075387755102,-0.01629799518140591,-0.019062395634920636,0.07010085384871853,1.9285714285714286,0.09658034982993198,0.00011470434850863576,-0.043282994907407404,0.09180909031914923,1.7,0.09143749797619047,0.0011760205149460635,54.7055524021284,0.011221131725106016,0.01312338574916613,0.13062853231946553,-0.21591378787502108,-1.2183834280131618,-10.044877251493256,0.0,0.158519,0.158519,0.158519,0.838487,0.0,0.75,0.6759464,0.0,0.0,0.4166665,0.108179,0.0,0.4444443333333334,0.58333325,0.0,-0.333625,-0.11969,-0.11969,-0.11969,0.0,0.09453249999999999,-0.07650520000000001,0.0,0.0,-0.178401,-0.023177,0.0,-0.03462333333333334,0.07112025,0.0,-0.052885901374999995,-0.01897313911,-0.01897313911,-0.10035850903,0.0,0.034687499999999996,-0.29616583150000003,0.0,0.0,-0.122796722125,-0.002507264683,0.0,0.0036692778750000016,0.226054277875,0.0059577857142857115,0.04170449999999998,0.5571428571428572,3
2025-04-11,-0.07803225,0.2563491778068539,4,-0.326311,0.147437,0.129838,0.519352,0.037800749999999994,0.285056278426296,4,1,neutral,-0.10362667857142857,0.07302329927964922,-0.0101315512755,-0.0565457738095238,0.07378196258929774,1.6666666666666667,0.10526283333333335,0.019583624999999997,-0.040067064058956915,0.07302329927964922,2.0,0.08789858163265306,-0.007151711309523814,-0.018074520634920637,0.06908612919014465,1.9285714285714286,0.09609005221088436,-0.003970152073957788,-0.05154998657407407,0.08265331426204213,1.6666666666666667,0.09511093130952382,0.002422593806257395,50.60932294159227,0.006352234679244895,0.01176915553434002,0.10568078642401557,-0.17203700031290448,-4.048798287573748,-2.8304148595605856,0.0,0.158519,0.0,0.0,0.310843,0.0,0.333333,0.4989983333333334,0.0,0.0,0.333333,0.0,0.0,0.0,0.6666665,0.0,-0.326311,0.0,0.0,-0.326311,0.0,-0.326311,-0.013355999999999998,0.0,0.0,-0.326311,0.0,0.0,0.0,-0.299186,0.0,-0.051726493409,0.0,0.0,-0.101431490173,0.0,-0.108770224563,0.13822354500800002,0.0,0.0,-0.108770224563,0.0,0.0,0.0,-0.380831224563,-0.039016125,-0.1560645,0.5,1
2025-04-12,-0.019123,0.2563491778068539,1,-0.019123,-0.019123,0.242285,0.242285,0.098682,0.285056278426296,1,1,neutral,0.058909249999999996,0.05819980631084793,-0.004633216055,-0.023853607142857128,0.0519750527743035,1.6666666666666667,0.15427133333333334,-0.022358714285714284,-0.052121023242630383,0.05819980631084793,1.8571428571428572,0.11057129591836734,0.010138263888888905,-0.016075473015873018,0.06858443708234888,1.8571428571428572,0.10601662363945578,-0.0049573112436769595,-0.05032829768518519,0.08285933961238386,1.6666666666666667,0.10103203130952382,0.0026026713430266453,51.217824916984306,0.0071618173914463415,0.010847687905303018,0.10152034464796786,-0.17188975853685676,-0.7549346584264839,3.2938636291472636,0.0,0.0,0.0,0.0,0.0,0.0,0.0,0.538269,0.0,0.0,0.0,0.0,0.0,0.0,0.0,0.0,0.0,0.0,0.0,0.0,0.0,0.0,-0.019123,0.0,0.0,0.0,0.0,0.0,0.0,0.0,0.0,0.0,0.0,0.0,0.0,0.0,0.0,-0.010293318087,0.0,0.0,0.0,0.0,0.0,0.0,0.0,-0.0095615,-0.0095615,0.5,1
2025-04-14,-0.1781628,0.14260956106341538,5,-0.33022,0.017392,0.0890328,0.445164,-0.040965600000000005,0.09138881490259078,5,2,bearish,-0.1590398,0.07024129246127075,-0.01586233293984,-0.09177268333333333,0.0804053115605609,1.3333333333333333,0.1537186,-0.05006527500000003,-0.058792328004535155,0.07024129246127075,2.0,0.11173217210884354,-0.01470087553854875,-0.029368326077097513,0.08056131051824718,1.8571428571428572,0.10450795629251701,-0.008796753029827317,-0.05794604657407408,0.08378237648658476,1.6666666666666667,0.10249400242063492,0.002472401338082877,42.57403907255134,-0.004965709434016585,0.007685008436180798,0.10335817217591699,-0.17488349106480588,8.31667625372588,9.071610912152364,0.0,0.650727,0.0,0.0,0.158519,0.0,0.75,0.19792200000000001,0.0,0.0,0.0,0.0,0.0,0.0,0.5,0.0,-0.33022,0.0,0.0,-0.33022,0.0,-0.3135635,-0.1973405,0.0,0.0,0.0,0.0,0.0,0.0,-0.296907,0.0,-0.21488306994000003,0.0,0.0,-0.05234614418,0.0,-0.4786735,-0.114540208122,0.0,0.0,0.0,0.0,0.0,0.0,-0.1484535,-0.08769004,-0.4384502,0.58,2
2025-04-15,-0.038654625,0.16724448946543372,8,-0.413221,0.129912,0.0910105,0.728084,0.13461475,0.132657177872407,8,1,neutral,0.139508175,0.06990766168327867,-0.0035179767485624997,-0.07864680833333332,0.08673491535613122,1.3333333333333333,0.1407761,-0.009765812500000005,-0.05964351933106576,0.06990766168327867,1.7142857142857142,0.11538301904761904,-0.008815258460884354,-0.03557148500566894,0.07741194337490234,1.7857142857142858,0.10638496343537415,-0.006505221150357579,-0.05497165074074074,0.0827918438191329,1.6666666666666667,0.10312850242063493,0.0021145141677701863,46.78899836376511,-0.0032873015344545287,0.005490546441355265,0.10375084907322116,-0.17422173046211006,-0.7830376206480815,-9.099713874373961,0.0,0.682689,0.158519,0.0,0.890401,0.333333,0.6666665,0.21558420000000003,0.0,0.0,0.0,0.0,0.0,0.0,0.7777776666666667,0.0,-0.413221,-0.020135,0.0,-0.020135,-0.413221,-0.14900950000000002,-0.0685568,0.0,0.0,0.0,0.0,0.0,0.0,-0.09665533333333333,0.0,-0.282101431269,-0.0031917800649999997,0.0,-0.017928224135,-0.137740195593,-0.022538195592999993,-0.06088985809800001,0.0,0.0,0.0,0.0,0.0,0.0,-0.014485195592999989,-0.0193273125,-0.1546185,0.5,1
2025-04-16,-0.08157375,0.213864679250494,4,-0.31782,0.191012,0.09945525,0.397821,0.14821225,0.2637175981466728,4,2,neutral,-0.042919125,0.06687499549041884,-0.0081129376996875,-0.09946372499999999,0.07145397908502477,1.6666666666666667,0.09316618333333333,0.04829452499999997,-0.06959307091836735,0.06687499549041884,1.5714285714285714,0.11965315,-0.004348264540816314,-0.038233395719954655,0.07837023331268898,1.8571428571428572,0.106293981292517,-0.008107555589569162,-0.05625928685185186,0.08289866598124307,1.6666666666666667,0.10439565519841269,0.0020258324386884913,48.5696499730152,-0.00535703918079649,0.003321029316372491,0.10360762310865232,-0.1771709794975412,1.1103231502051827,1.8933607708532643,0.0,0.43902,0.0,0.0,0.0,0.0,0.5,0.134913,0.158519,0.5,0.5,0.0,0.0,0.0,0.5,0.0,-0.180412,0.0,0.0,0.0,0.0,-0.31782,-0.180412,-0.043004,-0.31782,0.191012,0.0,0.0,0.0,0.191012,0.0,-0.249329352736,0.0,0.0,0.0,0.0,-0.15891,-0.056026779256000005,-0.006816951076,-0.15891,0.095506,0.0,0.0,0.0,0.095506,-0.040786875,-0.1631475,0.5,2
2025-04-17,-0.1914315,0.14894567949591558,2,-0.296752,-0.086111,0.0670115,0.134023,-0.171956,0.023553726881323903,2,1,bearish,-0.10985775,0.08023364038434984,-0.01282811196225,-0.10388662499999997,0.07879461705450223,1.3333333333333333,0.08582574999999999,-0.07638843750000003,-0.08019764234693878,0.08023364038434984,1.5714285714285714,0.11561772142857142,-0.02420330038265306,-0.04647441952947846,0.0881139271195891,1.8571428571428572,0.10500321938775511,-0.013731581787022504,-0.06026718268518519,0.08647503961859004,1.6,0.10331177603174604,0.0010507513121281117,45.82225879819334,-0.01567744763272639,-0.00047866607422129625,0.11324871095530009,-0.19863385734418898,1.3467291867788354,0.23640603657365267,0.0,0.360215,0.0,0.0,0.451494,0.0,0.333333,0.39640000000000003,0.0,0.333333,0.333333,0.0,0.0,0.0,1.0,0.0,-0.296752,0.0,0.0,-0.296752,0.0,-0.296752,-0.1914315,0.0,-0.296752,-0.296752,0.0,0.0,0.0,-0.086111,0.0,-0.10689452168000001,0.0,0.0,-0.133981747488,0.0,-0.098917234416,-0.21247805286100002,0.0,-0.098917234416,-0.098917234416,0.0,0.0,0.0,-0.086111,-0.09571575,-0.1914315,0.5,1
2025-04-18,0.020843,0.14894567949591558,1,0.020843,0.020843,0.108958,0.108958,0.244644,0.023553726881323903,1,1,neutral,0.2122745,0.07920295267989635,0.002271011594,-0.08405408333333331,0.10615898397048583,1.3333333333333333,0.09180825,0.05120837500000001,-0.08087641785714286,0.07920295267989635,1.2857142857142858,0.11822729285714285,0.0017356357142857214,-0.04804668738662132,0.08658040285366962,1.7857142857142858,0.10081741581632653,-0.008863309266527127,-0.05528829935185185,0.0867092446923665,1.5666666666666667,0.10410975936507935,0.0011033095904620634,49.253426222755905,-0.006657566217992163,-0.0017144461031768554,0.11954676867373945,-0.19366136506262835,-1.108879677587022,-2.4556088643658573,0.0,0.0,0.0,0.0,0.0,0.0,0.0,0.0,0.158519,0.0,0.0,0.0,0.0,1.0,0.0,0.0,0.0,0.0,0.0,0.0,0.0,0.0,0.0,0.020843,0.0,0.0,0.0,0.0,0.020843,0.0,0.0,0.0,0.0,0.0,0.0,0.0,0.0,0.0,0.003304011517,0.0,0.0,0.0,0.0,0.020843,0.0,0.0104215,0.0104215,0.5,1
2025-04-19,0.0944305,0.10659281172996612,2,0.019058,0.169803,0.1279315,0.255863,0.13953700000000002,0.0013604734470029336,2,1,neutral,0.0735875,0.1033715106420735,0.01208063551075,-0.02538599999999998,0.14843217673991732,1.0,0.10130033333333333,0.14293100000000003,-0.05623888214285714,0.1033715106420735,1.2857142857142858,0.11795493571428572,0.02092482946428571,-0.048152973100907034,0.0863907828288425,1.6428571428571428,0.10292675867346938,-4.642740537240808e-05,-0.04571581601851852,0.08686274874412772,1.5666666666666667,0.10212537603174603,0.0011212669789183753,49.95022440040194,0.006353236312276175,-0.00010090961987589247,0.13714983302237252,-0.19711041274459476,3.530561819315837,4.639441496902859,0.0,0.0,0.0,0.0,0.0,0.0,0.0,0.108179,0.158519,0.0,0.333333,0.0,0.0,0.333333,0.333333,0.0,0.0,0.0,0.0,0.0,0.0,0.0,0.019058,0.019058,0.0,0.019058,0.0,0.0,0.019058,0.019058,0.0,0.0,0.0,0.0,0.0,0.0,0.0,0.002061675382,0.0030210551019999995,0.0,0.006352660313999999,0.0,0.0,0.006352660313999999,0.006352660313999999,0.04721525,0.0944305,0.5,1
2025-04-21,-0.039793,0.21580568133021893,6,-0.45318,0.189279,0.11801600000000001,0.7080960000000001,0.1674185,0.2480003507608407,6,3,neutral,-0.1342235,0.10242546725108402,-0.004696210688000001,0.02516016666666669,0.0672158123813393,1.6666666666666667,0.11830183333333333,-0.030317999999999998,-0.059191739285714286,0.10242546725108402,1.5714285714285714,0.10020222142857141,0.027989157142857164,-0.055656381264172335,0.08011729159661689,1.7142857142857142,0.10538675867346937,0.003931143937728941,-0.044013432685185185,0.0864468561635133,1.6,0.10246739269841271,0.0008481084608118382,46.713701463132125,0.005770735743905429,0.0010734194530028498,0.13384417839584545,-0.19857777240378194,-1.4213998655095548,-4.951961684825392,0.0,0.30202249999999997,0.0,0.0,0.0,0.0,0.333333,0.545409,0.451494,0.333333,0.4166665,0.0,0.0,0.0,0.8333333333333334,0.0,-0.2305915,0.0,0.0,0.0,0.0,-0.45318,-0.2305915,-0.008003,-0.45318,-0.13195050000000003,0.0,0.0,0.0,0.06042533333333333,0.0,-0.225582310417,0.0,0.0,0.0,0.0,-0.15105984894,-0.398900746334,-0.003613306482,-0.15105984894,-0.05642034893999999,0.0,0.0,0.0,0.0866365,-0.017953533333333337,-0.10772120000000002,0.6666666666666666,3
2025-04-22,-0.015404499999999991,0.21902171955691213,4,-0.342365,0.113378,0.078427,0.313708,0.20177250000000002,0.31869974898693176,4,1,neutral,0.02438850000000001,0.08843523395359079,-0.0012081287214999992,0.013077666666666687,0.07150113531674446,1.6666666666666667,0.10812483333333334,-0.05491749999999999,-0.03594055357142857,0.08843523395359079,1.4285714285714286,0.09868710714285714,0.015684781249999998,-0.04736644078798186,0.07763598056013238,1.7142857142857142,0.10520963962585032,0.002582056411128555,-0.04599181601851852,0.08503198638908077,1.5666666666666667,0.1017442315873016,0.0016393058937620264,54.0695724095474,0.007193513439906679,0.002297438250485744,0.12655813968716279,-0.19765114369509929,-0.6128841756087757,0.808515689900779,0.0,0.451494,0.0,0.0,0.158519,0.0,0.375,0.134913,0.0,0.25,0.375,0.0,0.0,0.0,0.25,0.0,-0.342365,0.0,0.0,-0.342365,0.0,-0.13925349999999997,-0.11942699999999998,0.0,-0.342365,-0.13925349999999997,0.0,0.0,0.0,-0.342365,0.0,-0.15457574330999999,0.0,0.0,-0.054271357434999994,0.0,-0.053662249999999995,-0.044144558686,0.0,-0.08559125,-0.053662249999999995,0.0,0.0,0.0,-0.08559125,-0.0077022499999999956,-0.030808999999999982,0.5,1
2025-04-23,-0.0646665,0.40417304373807517,2,-0.35046,0.221127,0.0793585,0.158717,0.1076695,0.1418944106739233,2,2,neutral,-0.049262000000000014,0.08911219312197925,-0.00513183644025,-0.039954666666666645,0.024631397911677337,2.0,0.09193383333333334,-0.012436750000000012,-0.03965653571428572,0.08911219312197925,1.5714285714285714,0.09702253571428572,0.01221927678571429,-0.049650027522675735,0.07764146545278948,1.6428571428571428,0.10620277738095239,0.002571400491016922,-0.039236610462962965,0.07420268999658575,1.6,0.10110024825396825,-7.595598018963197e-06,48.83865684332159,0.004297636882316651,0.0026974779768786277,0.1260267754769469,-0.19915572948488341,3.1978967184913527,3.8107808941001284,0.0,0.23468099999999997,0.0,0.0,0.0,0.0,0.5,0.214378,0.0,0.333333,0.333333,0.0,0.0,0.5,0.333333,0.0,-0.0646665,0.0,0.0,0.0,0.0,0.221127,-0.35046,0.0,-0.35046,-0.35046,0.0,0.0,0.221127,-0.35046,0.0,0.013181211320999996,0.0,0.0,0.0,0.0,0.1105635,-0.07513091388,0.0,-0.11681988318,-0.11681988318,0.0,0.0,0.1105635,-0.11681988318,-0.010220550000000009,-0.020441100000000018,0.6,2
2025-04-24,-0.113392,0.15315732258857231,5,-0.26538,0.131831,0.1012142,0.506071,0.027324600000000004,0.1876808453113956,5,2,neutral,-0.048725500000000005,0.09235902310999901,-0.011476880566400002,-0.06448766666666665,0.04899399478592631,1.6666666666666667,0.08633323333333333,-0.04899375000000002,-0.044202000000000005,0.09235902310999901,1.5714285714285714,0.09727381428571429,-0.0016691249999999731,-0.05689753545918368,0.07857930717943339,1.5714285714285714,0.10846348214285714,0.001993821232339092,-0.0437166437962963,0.07449658731745161,1.6333333333333333,0.10176738825396826,-7.053049728975971e-05,46.38757052917654,-0.0019060828045227296,0.0017767658205491903,0.12690333806025259,-0.20376577540152244,0.7534890553841633,-2.4444076631071896,0.0,0.3271925,0.310843,0.0,0.99489,0.0,1.0,0.697012,0.576289,0.333333,0.4166665,0.0,0.5,0.0,0.4444443333333334,0.0,-0.1343475,-0.074843,0.0,-0.074843,0.0,-0.074843,-0.17802500000000002,-0.26538,-0.193852,-0.229616,0.0,0.131831,0.0,-0.10913366666666667,0.0,-0.107988653349,-0.023264422649,0.0,-0.07446055227000001,0.0,-0.074843,-0.35282060921200004,-0.15293557482,-0.064617268716,-0.19730726871600002,0.0,0.0659155,0.0,-0.131391768716,-0.056696,-0.28348,0.5,2
2025-04-25,-0.10156366666666666,0.15256202172843236,6,-0.246561,0.162556,0.10209766666666666,0.612586,0.057980333333333335,0.11870297387962388,6,4,neutral,0.011828333333333343,0.07261912426074019,-0.010369413384777777,-0.09320738888888887,0.025414840571742092,2.6666666666666665,0.09422345555555556,-0.018448583333333345,-0.03136373809523809,0.07261912426074019,2.0,0.10228612380952382,-0.02884780357142857,-0.05578069022108844,0.07776318649590366,1.7857142857142858,0.10895192261904763,-0.0012703307980115102,-0.04154864101851852,0.07169055491075932,1.7333333333333334,0.1025890938095238,-0.0012912343806169117,50.59635754414346,-0.00580147039892108,0.00026111857659038857,0.11733262740984868,-0.2086369064177852,-0.10431364940501398,-0.8578027047891773,0.451494,0.5920616666666666,0.0,0.0,0.310843,0.25,0.5,0.37896833333333335,0.576289,0.25,0.65,0.0,0.0,0.25,0.5,-0.21867,-0.10223566666666667,0.0,0.0,-0.21867,-0.191204,-0.059189,-0.10156366666666666,-0.246561,-0.191204,-0.1543876,0.0,0.0,-0.191204,-0.246561,-0.09872819298,-0.15102756631500003,0.0,0.0,-0.06797203881,-0.047801,-0.0295945,-0.18190325978200003,-0.14209039212900001,-0.047801,-0.47566,0.0,0.0,-0.047801,-0.1232805,-0.0527548,-0.3165288,0.5333333333333333,4
2025-04-27,0.185596,0.15256202172843236,1,0.185596,0.185596,0.328455,0.328455,-0.051911,0.11870297387962388,1,1,bullish,0.2871596666666667,0.10962782307885137,0.06095993418,-0.00978655555555554,0.1693095822123662,2.3333333333333335,0.17725562222222221,0.14949400000000004,-0.00782759523809524,0.10962782307885137,2.0,0.1336428380952381,0.0018559880952380772,-0.044352006547619054,0.09939225342760831,1.6428571428571428,0.12593506547619046,0.00830884228937729,-0.03372214101851852,0.08278452943976818,1.7333333333333334,0.11009322714285714,0.00012145381985274628,55.49716351847776,0.01411481186064743,0.003031857233496489,0.14191096253488855,-0.22424749154282508,-2.8273857777223483,-2.7230721283173343,0.0,0.0,0.0,0.0,0.158519,0.0,0.0,0.0,0.0,0.0,0.0,0.0,0.0,0.0,0.0,0.0,0.0,0.0,0.0,0.185596,0.0,0.0,0.0,0.0,0.0,0.0,0.0,0.0,0.0,0.0,0.0,0.0,0.0,0.0,0.029420492324,0.0,0.0,0.0,0.0,0.0,0.0,0.0,0.0,0.0,0.0,0.1670364,0.1670364,0.9,1
2025-04-28,-0.0238085,0.19790415631486874,6,-0.401144,0.146729,0.0881195,0.528717,0.055309,0.08799841352660853,6,3,neutral,-0.20940450000000002,0.09992582257334846,-0.00209799311575,0.02007461111111113,0.14852428798220324,2.6666666666666665,0.1728907222222222,0.03887758333333333,-0.024718880952380954,0.09992582257334846,2.2857142857142856,0.12795540952380952,0.014752047619047626,-0.04047888154761905,0.09903469556713428,1.7857142857142858,0.12295517261904762,0.007785461923076925,-0.032827457685185184,0.08274031229834626,1.8,0.10971467714285715,6.867583567279255e-05,51.73672933641605,0.012856731019001349,0.0049968319906511845,0.13076893985138888,-0.2220117902878968,-1.128281320718119,1.6991044570042293,0.451494,0.623348,0.158519,0.0,0.451494,0.2,0.0,0.4692728,0.0,0.2,0.35,0.0,0.0,0.2,0.675,0.116331,-0.1424065,0.0,0.0,0.116331,-0.401144,0.0,-0.0285702,0.0,-0.401144,-0.1424065,0.0,0.0,-0.401144,-0.061735,0.052522748514,-0.08860746527400001,0.0,0.0,0.052522748514,-0.0802288,0.0,0.14624005721,0.0,-0.0802288,-0.0220633,0.0,0.0,-0.0802288,0.015809699999999996,-0.008026550000000002,-0.048159300000000016,0.6,3
2025-04-29,-0.14244333333333334,0.15459854796321124,3,-0.320632,-0.044005,0.08051466666666666,0.24154399999999998,0.07546533333333333,0.11641609929186485,3,1,neutral,-0.11863483333333334,0.1095730646800857,-0.011468777502222222,0.006448055555555572,0.16609950457183587,1.6666666666666667,0.1656963888888889,-0.1640196666666667,-0.03938321428571429,0.1095730646800857,2.0,0.1225980761904762,-1.4732142857142942e-05,-0.04928747678571429,0.10241571352141217,1.7857142857142858,0.1114001488095238,0.005576231923076927,-0.03513511546296297,0.08484421022818027,1.8,0.10946166603174602,-0.0009170484814697113,46.195727658230425,0.0022626407504924353,0.004449993742607474,0.1314092121644294,-0.223750029267604,4.98287726372234,6.111158584440459,0.0,0.5670915,0.0,0.0,0.0,0.0,0.0,0.558502,0.310843,0.333333,0.38888866666666666,0.0,0.0,0.38888866666666666,0.333333,0.0,-0.1823185,0.0,0.0,0.0,0.0,0.0,-0.1823185,-0.062693,-0.320632,-0.14244333333333334,0.0,0.0,-0.14244333333333334,-0.044005,0.0,-0.238759932918,0.0,0.0,0.0,0.0,0.0,-0.093869685689,-0.019487680198999997,-0.106877226456,-0.152892045121,0.0,0.0,-0.152892045121,-0.014668318665000001,-0.07122166666666667,-0.213665,0.5,1
2025-04-30,-0.10606499999999999,0.16568979219613983,4,-0.297802,0.098079,0.0738895,0.295558,0.0702235,0.1544043263307951,4,3,neutral,0.036378333333333346,0.11160557883443631,-0.007837089817499998,-0.09077227777777776,0.060777927200024805,2.3333333333333335,0.08084122222222222,-0.041128250000000005,-0.05233471428571429,0.11160557883443631,2.2857142857142856,0.1219498619047619,-0.0037336785714285636,-0.04413763392857143,0.09711225255727202,1.8571428571428572,0.11031848452380952,-0.000294620054945054,-0.03560853212962963,0.08521048764411372,1.8666666666666667,0.10736791047619047,-0.0017658839814079137,52.40622412055082,-0.003161888780674957,0.002927617237924349,0.1295904496702952,-0.22926813820204123,-0.25538810755154107,-5.238265371273881,0.158519,0.488883,0.310843,0.0,0.23468099999999997,0.0,0.0,0.7422093333333333,0.0,0.333333,0.333333,0.0,0.0,0.333333,0.333333,0.098079,-0.11861166666666667,0.098079,0.0,0.014827,0.0,0.0,-0.11861166666666667,0.0,-0.297802,-0.0998615,0.0,0.0,0.098079,-0.0998615,0.015547385000999999,-0.297749010649,0.030487170597,0.0,0.019640508022,0.0,0.0,-0.14324369405700002,0.0,-0.099267234066,-0.06657426675900001,0.0,0.0,0.032692967307,-0.06657426675900001,-0.053032499999999996,-0.21212999999999999,0.5,3
2025-05-01,-0.115884,0.23183485770694623,2,-0.279816,0.048048,0.055696999999999997,0.11139399999999999,0.07761449999999999,0.1445913159373688,2,1,neutral,-0.009819000000000008,0.11419757926899392,-0.006454391148,-0.12146411111111109,0.018820175717486273,1.6666666666666667,0.07003372222222222,0.01327966666666666,-0.0596515,0.11419757926899392,2.142857142857143,0.11856964761904762,-0.01230421428571427,-0.04965401785714286,0.09895286971863736,1.8571428571428572,0.10779609166666668,-0.0021637576923076913,-0.03790100990740741,0.08644675458043359,1.8333333333333333,0.10578071047619048,-0.0023631083949538284,47.17824403551515,-0.008158983842416187,0.0007102970218252032,0.12578594193705872,-0.23585934157991584,0.0925753075943998,0.34796341514594087,0.0,0.158519,0.0,0.0,0.0,0.0,0.0,0.266143,0.0,0.0,0.5,0.0,0.0,0.0,0.5,0.0,-0.279816,0.0,0.0,0.0,0.0,0.0,-0.279816,0.0,0.0,-0.115884,0.0,0.0,0.0,-0.115884,0.0,-0.044356152504,0.0,0.0,0.0,0.0,0.0,-0.074471069688,0.0,0.0,-0.115884,0.0,0.0,0.0,-0.115884,-0.057942,-0.115884,0.5,1
2025-05-02,-0.115035,0.16932386821906315,4,-0.359813,0.0,0.08896625,0.355865,0.03254649999999999,0.1938532627779751,4,2,neutral,0.0008490000000000025,0.11432805704187218,-0.01023423256875,-0.11232799999999998,0.00544050337744824,2.0,0.07285091666666667,-0.00448500000000001,-0.059886214285714286,0.11432805704187218,2.142857142857143,0.11681994047619047,-0.025915374999999987,-0.05204410714285714,0.10017966309930693,1.8571428571428572,0.10704687738095238,-0.005084084615384613,-0.042000081335978844,0.08711123379169793,1.8333333333333333,0.10507444738095238,-0.0025446218492328333,48.73863733816934,-0.011913380676599937,-0.001814438517888098,0.1257400381284523,-0.23559698777130944,-0.0073262918090504225,-0.09990159940345023,0.451494,0.40335449999999995,0.0,0.0,0.0,0.5,0.0,0.509668,0.0,0.0,1.0,0.0,0.0,0.0,0.75,-0.359813,-0.0486555,0.0,0.0,0.0,-0.097311,0.0,-0.03344233333333333,0.0,0.0,0.0,0.0,0.0,0.0,-0.0501635,-0.162453410622,-0.030248443172999996,0.0,0.0,0.0,-0.0486555,0.0,-0.028904742961,0.0,0.0,0.0,0.0,0.0,0.0,-0.051671499999999995,-0.0575175,-0.23007,0.5,2
2025-05-03,-0.124078,0.16932386821906315,1,-0.124078,-0.124078,0.092569,0.092569,0.145005,0.1938532627779751,1,1,neutral,-0.009042999999999995,0.11600042347427152,-0.011485776381999999,-0.11833233333333332,0.004993967794585484,1.3333333333333333,0.07907741666666666,-0.004097000000000031,-0.06310254761904763,0.11600042347427152,1.7142857142857142,0.11545870238095238,-0.03874698809523812,-0.047233142857142855,0.09442275835208183,1.8571428571428572,0.10887241309523808,-0.011737384615384615,-0.04774233466931217,0.08663758172371146,1.8,0.10600233404761905,-0.002452159006038457,52.74782555009072,-0.015440361196542747,-0.0045396230536434426,0.11660446107456356,-0.24142865357456356,0.07861085756508879,0.08593714937413921,0.0,0.0,0.0,0.0,0.0,0.0,0.0,0.0,0.0,0.0,0.0,0.0,0.0,0.0,1.0,0.0,0.0,0.0,0.0,0.0,0.0,0.0,0.0,0.0,0.0,0.0,0.0,0.0,0.0,-0.124078,0.0,0.0,0.0,0.0,0.0,0.0,0.0,0.0,0.0,0.0,0.0,0.0,0.0,0.0,-0.124078,-0.062039,-0.062039,0.5,1
2025-05-04,-0.077628,0.16932386821906315,1,-0.077628,-0.077628,0.094576,0.094576,0.021814,0.1938532627779751,1,1,neutral,0.04644999999999999,0.03915457779541628,-0.007341745728,-0.10558033333333332,0.024626076957838028,1.3333333333333333,0.09203708333333332,0.01870349999999999,-0.10070597619047619,0.03915457779541628,1.7142857142857142,0.08204741666666666,-0.004774922619047624,-0.05426678571428572,0.09261185382728622,1.8571428571428572,0.10784512738095238,-0.01036154065934066,-0.048853034669312165,0.08680544800047231,1.8,0.10579723404761905,-0.002621277786870774,45.35406184015719,-0.014322777894336211,-0.00649625402179602,0.116617338820683,-0.241401106320683,-0.37436128886668063,-0.4529721464317694,0.0,0.365926,0.451494,0.0,0.451494,0.0,0.0,0.684621,0.0,0.0,0.0,0.0,0.0,0.0,0.0,0.0,-0.077628,-0.077628,0.0,-0.077628,0.0,0.0,-0.077628,0.0,0.0,0.0,0.0,0.0,0.0,0.0,0.0,-0.028406103528,-0.035048576232,0.0,-0.035048576232,0.0,0.0,-0.053145758988,0.0,0.0,0.0,0.0,0.0,0.0,0.0,-0.0543396,-0.0543396,0.7,1
2025-05-05,0.06200928571428571,0.12227064900691183,7,-0.167468,0.17048,0.07347342857142858,0.514314,0.16183714285714285,0.08385753409688078,7,4,neutral,0.1396372857142857,0.06917299747719423,0.004556034824693878,-0.04656557142857141,0.09685440272746472,2.0,0.08687280952380953,0.09304364285714288,-0.0884462925170068,0.06917299747719423,1.8571428571428572,0.07995512074829932,0.02364420918367348,-0.05658258673469387,0.08894016226489962,2.0714285714285716,0.10395526513605442,-0.002137258869701727,-0.044250819589947095,0.08894697491479896,1.9,0.1054102761111111,-0.0020936517136324294,48.56008550084178,-0.002146169934745465,-0.005626237204380921,0.1283165401533529,-0.24498707908192432,-1.7988005064446555,-1.4244392175779748,0.0,0.6640194,0.0,0.0,0.3050065,0.0,0.0,0.3705388,0.158519,0.333333,0.333333,0.158519,0.333333,0.4444443333333334,0.6111110000000001,0.0,0.071798,0.0,0.0,0.0983415,0.0,0.0,0.071798,0.107423,-0.167468,-0.167468,0.08926,0.08926,0.11865933333333334,0.078894,0.0,0.356979015801,0.0,0.0,0.057328940977000004,0.0,0.0,0.14617629196299997,0.017028586537,-0.055822610844000004,-0.055822610844000004,0.01414940594,0.02975330358,0.16311230358,0.392143692736,0.04315981428571429,0.3021187,0.6142857142857142,4
2025-05-06,0.0972872,0.1624381202387543,5,-0.161854,0.235998,0.1457786,0.728893,0.1863544,0.13991430877433517,5,2,neutral,0.03527791428571429,0.0931670249409229,0.014182391813920002,0.02722282857142859,0.09250083782417298,2.3333333333333335,0.10460934285714285,0.08745760000000001,-0.054199073469387744,0.0931670249409229,2.0,0.08927853979591838,0.03583036326530612,-0.04679114387755102,0.09801349598204848,2.0,0.10593830799319728,0.00281252361067504,-0.04243640458994709,0.09130891744236662,1.9,0.10468425444444443,-0.0005797751340113323,56.674740704133804,0.010232223068034736,-0.0024545451498832415,0.14547924609082707,-0.23460478501939852,0.5689134115858225,2.367713918030478,0.451494,0.652312,0.0,0.0,0.0,0.0,1.0,0.23034933333333332,0.158519,0.0,0.5,0.0,0.5,1.0,1.0,0.221606,-0.054723499999999994,0.0,0.0,0.0,0.0,0.235998,0.09858333333333334,0.221606,0.0,-0.161854,0.0,-0.161854,0.221606,0.09534300000000001,0.100053779364,0.0017698979450000082,0.0,0.0,0.0,0.0,0.235998,0.0556435089,0.035128761514,0.0,-0.080927,0.0,-0.080927,0.221606,0.19068600000000002,0.0486436,0.24321800000000002,0.5,2
2025-05-07,0.1074236,0.17721533857654648,5,-0.006016,0.419626,0.0958952,0.479476,0.1449076,0.15144043470057791,5,3,neutral,0.01013639999999999,0.10723908401635654,0.01030140760672,0.08890669523809526,0.02383882611536761,3.0,0.1050490761904762,0.022707157142857152,-0.02370070204081633,0.10723908401635654,2.0,0.09242221122448979,0.04573766020408164,-0.03801770816326531,0.1061949700047997,2.142857142857143,0.10718603656462586,0.008253383673469387,-0.042052901256613755,0.09193208941046083,1.9,0.10460073777777777,0.0013412353610713862,56.06495163484651,0.020622288608210138,0.002160821601752371,0.16460031854706167,-0.23911803497563308,0.10419047932307635,-0.4647229322627462,0.0,0.360215,0.0,0.0,0.0,0.0,0.0,0.577612,0.310843,1.0,0.5,0.0,0.5,0.0,0.0,0.0,0.034,0.0,0.0,0.0,0.0,0.0,0.029373,0.034,0.027830666666666667,0.034,0.0,0.034,0.0,0.0,0.0,0.01224731,0.0,0.0,0.0,0.0,0.0,0.04783483142,0.010568662,0.083492,0.017,0.0,0.017,0.0,0.0,0.05507179999999999,0.27535899999999996,0.54,3
2025-05-08,0.05099728571428571,0.14141781593056593,7,-0.163689,0.308563,0.1500955714285714,1.0506689999999999,0.08590328571428572,0.1548254075571516,7,4,neutral,-0.056426314285714284,0.10173894312810237,0.007654466740591836,0.08523602857142859,0.03008164366467124,3.0,0.13058979047619046,-0.02314495714285714,0.00013948163265306072,0.10173894312810237,2.4285714285714284,0.10590772142857142,0.040571973469387755,-0.02975600918367347,0.10843777483828274,2.2857142857142856,0.1122386845238095,0.009918137613814762,-0.04252814887566137,0.09139350312131203,1.9666666666666666,0.10681805682539683,0.002681611668961986,55.67107173836015,0.024026823232656584,0.006534021927946051,0.1737920827740924,-0.23505269563123524,-0.5252692544814574,-0.6294597338045338,0.0,0.39755133333333337,0.0,0.158519,0.451494,0.333333,0.333333,0.3996656666666667,0.158519,0.0,1.0,0.0,0.0,0.333333,1.0,0.0,0.05855733333333332,0.0,0.08714849999999999,-0.0783385,-0.163689,-0.163689,0.07674299999999999,0.08714849999999999,0.0,0.05809899999999999,0.0,0.0,-0.163689,0.030798,0.0,-0.015677102815000007,0.0,0.027629386143,-0.07073872543800001,-0.054562945437,-0.054562945437,-0.091785316193,0.027629386143,0.0,0.17429699999999998,0.0,0.0,-0.054562945437,0.030798,0.025498642857142855,0.1784905,0.5,4
2025-05-09,-0.0010266666666666573,0.211079627964109,6,-0.265433,0.324919,0.18215566666666663,1.0929339999999999,0.11507,0.15830271258825604,6,2,neutral,-0.052023952380952365,0.08849127179971071,-0.00018701315111110936,0.0524647396825397,0.05424002351474017,3.0,0.14271547936507933,-0.054225133333333314,0.016426386394557825,0.08849127179971071,2.4285714285714284,0.11922049523809523,0.023993531632653074,-0.021729913945578234,0.10589991808279413,2.2857142857142856,0.11802021785714287,0.007981745504971221,-0.03818024887566138,0.0901103001574033,2.0,0.11019302349206349,0.0023360147685258766,55.491583880858286,0.02227069351613913,0.009681356245592056,0.16901570488053472,-0.21123583440434426,-1.020131790394073,-0.49486253591261553,0.0,0.7879505,0.0,0.158519,0.0,0.333333,1.0,0.20329800000000003,0.0,0.0,0.7777776666666667,0.0,0.0,0.333333,1.0,0.0,-0.118556,0.0,0.085733,0.0,-0.162925,-0.074187,-0.018653399999999987,0.0,0.0,0.002847000000000007,0.0,0.0,-0.162925,-0.265433,0.0,-0.168050100769,0.0,0.027180618854,0.0,-0.054308279024999996,-0.074187,-0.07122290291599999,0.0,0.0,0.11715772097500002,0.0,0.0,-0.054308279024999996,-0.265433,-0.0005133333333333286,-0.0030799999999999716,0.5,2
2025-05-10,-0.01968433333333333,0.1036402528814617,3,-0.138949,0.048507,0.06122933333333334,0.18368800000000002,-0.01150533333333334,0.18529487871048497,3,2,neutral,-0.018657666666666673,0.06706945413962166,-0.001205258607111111,0.010095428571428592,0.03662988629059882,2.6666666666666665,0.13116019047619046,-0.035340809523809524,0.03133976734693878,0.06706945413962166,2.5714285714285716,0.11474340000000001,5.24707482993309e-05,-0.015881390136054423,0.10338285363907303,2.142857142857143,0.11510105119047619,0.005408308707482992,-0.037746517129629634,0.09016890300071734,1.9666666666666666,0.11005218222222223,0.002493163691491428,53.97511908624209,0.019152773312621746,0.011575639659001552,0.16596779445309837,-0.21224065731024125,18.173051948052123,19.193183738446194,0.0,0.0,0.0,0.0,0.0,0.5,0.0,0.3881265,0.0,0.0,0.0,0.0,0.0,0.0,0.5,0.0,0.0,0.0,0.0,0.0,-0.138949,0.0,0.039948,0.0,0.0,0.0,0.0,0.0,0.0,-0.138949,0.0,0.0,0.0,0.0,0.0,-0.0694745,0.0,0.034886630925,0.0,0.0,0.0,0.0,0.0,0.0,-0.0694745,-0.0283687,-0.0851061,0.6333333333333333,2
2025-05-11,0.094026,0.1036402528814617,1,0.094026,0.094026,0.062434,0.062434,0.199156,0.18529487871048497,1,1,neutral,0.11371033333333333,0.04972618379213984,0.005870419284000001,0.024438333333333354,0.06098245358662208,1.6666666666666667,0.10193966666666665,0.047526333333333344,0.055861767346938776,0.04972618379213984,2.5714285714285716,0.11015168571428571,-0.008797971088435379,-0.02242210442176871,0.09191624532424743,2.142857142857143,0.09609955119047618,0.015190631616954477,-0.03421475416666667,0.09323785740700521,1.9,0.10981450444444445,0.0035213753649557715,44.65408623892403,0.025561898258069943,0.014372891378819433,0.1658947055491021,-0.21220801840624495,-5.776692124024182,-23.949744072076307,0.0,0.158519,0.0,0.158519,0.0,0.0,0.333333,0.999822,0.0,0.0,0.333333,0.0,0.0,0.333333,0.0,0.0,0.094026,0.0,0.094026,0.0,0.0,0.094026,0.094026,0.0,0.0,0.094026,0.0,0.0,0.094026,0.0,0.0,0.014904907493999999,0.0,0.014904907493999999,0.0,0.0,0.031341968658,0.094009263372,0.0,0.0,0.031341968658,0.0,0.0,0.031341968658,0.0,0.0658182,0.0658182,0.7,1
2025-05-12,-0.0401546,0.19082604102768574,5,-0.316488,0.145659,0.1007776,0.503888,0.1622208,0.20471857284990044,5,1,neutral,-0.13418059999999998,0.0612732204888156,-0.0040466842169599995,0.011395688888888908,0.07228820228841246,1.3333333333333333,0.07481364444444445,-0.010235133333333337,0.04126692653061225,0.0612732204888156,2.142857142857143,0.11405228163265305,-0.018207222108843544,-0.02358968299319728,0.09203894826031335,2.0,0.09700370119047619,0.014638283537414969,-0.031646590833333335,0.09192511821415836,1.9,0.10999844111111111,0.002910745186980244,48.953815631091,0.019588884692338916,0.015416090041524584,0.16588339363626853,-0.2122328664934114,-1.427058473188267,4.349633650835915,0.310843,0.576289,0.0,0.0,0.0,0.25,0.0,0.21405600000000002,0.0,0.25,0.2916665,0.0,0.0,0.333333,0.5277776666666667,0.0,-0.316488,0.0,0.0,0.0,-0.316488,0.0,-0.15257833333333334,0.0,-0.316488,-0.1025925,0.0,0.0,0.111303,-0.11547733333333333,0.0,-0.18238855303200002,0.0,0.0,0.0,-0.079122,0.0,-0.107063219593,0.0,-0.079122,-0.042021037101,0.0,0.0,0.037100962899,-0.183268037101,-0.0200773,-0.10038649999999999,0.5,1
2025-05-13,0.02207728571428571,0.16043810908438008,7,-0.256298,0.136848,0.07029371428571428,0.492056,0.11717871428571427,0.16085144671374504,7,2,neutral,0.06223188571428571,0.0561965904701311,0.001551894414204081,0.025316228571428585,0.06714891225637204,1.3333333333333333,0.07783510476190476,-0.03597435714285714,0.030522653061224488,0.0561965904701311,2.142857142857143,0.10326872653061223,-0.012260358843537425,-0.011838210204081632,0.08600138917170003,2.0714285714285716,0.0962736331632653,0.012024801862899006,-0.03176382892857143,0.09185181125006339,1.8666666666666667,0.10931853158730158,0.0036521164931934964,61.349040894484965,0.01964997616391729,0.016262867266003938,0.16882189688599386,-0.21142319117170816,-1.549807138267738,-0.12274866507947113,0.0,0.158519,0.158519,0.0,0.0,0.333333,0.0,0.18716100000000002,0.158519,0.0,0.333333,0.158519,0.5,0.5,0.333333,0.0,-0.15939,-0.15939,0.0,0.0,-0.15939,0.0,-0.05270100000000001,0.124055,0.0,-0.15939,-0.15939,0.124055,0.124055,-0.15939,0.0,-0.02526634341,-0.02526634341,0.0,0.0,-0.05312994687,0.0,-0.02838622385600001,0.019665074544999998,0.0,-0.05312994687,-0.02526634341,0.0620275,0.0620275,-0.05312994687,0.011038642857142855,0.07727049999999998,0.5,2
2025-05-14,0.08441766666666667,0.13766110085665692,6,-0.160252,0.251911,0.16701466666666667,1.002088,0.207029,0.13764886065638174,6,3,neutral,0.06234038095238096,0.0514192686162483,0.014098988459111112,0.022113450793650808,0.06228614120775643,2.0,0.11269532698412699,0.06228613333333335,0.027236091156462583,0.0514192686162483,2.142857142857143,0.11342865034013605,0.004499956462585026,0.0017676945578231293,0.08500946694269763,2.0714285714285716,0.10292543078231293,0.011668592087912088,-0.026348831706349208,0.09379795030302322,1.9333333333333333,0.11055775380952379,0.004082581970178506,62.68558828658692,0.024446621516758853,0.01789961811615618,0.18075475853962342,-0.208447636158671,2.8237339389978504,4.373541077265589,0.0,0.259367,0.0,0.158519,0.310843,0.25,0.25,0.46950200000000003,0.0,0.0,0.4166666666666667,0.0,0.0,0.0,0.5625,0.0,0.003367999999999996,0.0,0.08297850000000001,-0.160252,-0.160252,-0.160252,0.029268,0.0,0.0,0.0019016666666666672,0.0,0.0,0.0,0.064404,0.0,0.034748595632,0.0,0.026307337682999997,-0.049813212435999996,-0.040063,-0.040063,0.134222254368,0.0,0.0,0.0429155,0.0,0.0,0.0,0.2948265,0.0590029,0.3540174,0.5666666666666667,3
2025-05-15,-0.048655000000000004,0.07144119227728496,5,-0.163494,0.017583,0.1559434,0.779717,-0.0960284,0.14916595597119336,5,3,neutral,-0.13307266666666667,0.057212843041596836,-0.007587426127000001,0.019279984126984142,0.0665804199864514,2.6666666666666665,0.131083926984127,-0.03536614285714287,0.013000050340136054,0.057212843041596836,2.0,0.1142640544217687,-0.00023677551020407774,0.006569765986394559,0.07957754396355679,2.2142857142857144,0.11008588792517006,0.006349316378859242,-0.027333231706349208,0.09387443744258644,2.0,0.10767970047619047,0.0039885045291064136,53.845888059252395,0.01731120011273303,0.017781934515471477,0.1791123666200788,-0.2003315442391264,-1.5763603984947858,-4.400094337492636,0.0,0.158519,0.0,0.0,0.0,0.0,0.0,0.4923095,0.0,0.0,0.4166665,0.0,0.0,0.333333,0.70833325,0.0,-0.163494,0.0,0.0,0.0,0.0,0.0,-0.081747,0.0,0.0,-0.113774,0.0,0.0,-0.163494,-0.05249125,0.0,-0.025916905386,0.0,0.0,0.0,0.0,0.0,-0.14329268136,0.0,0.0,-0.08652494550199999,0.0,0.0,-0.054497945501999996,-0.068941945502,-0.024327500000000002,-0.12163750000000001,0.5,3
2025-05-16,-0.06846340000000001,0.1763430209004598,5,-0.350021,0.135691,0.0542014,0.271007,0.0871614,0.2563313636960955,5,4,neutral,-0.019808400000000004,0.0651021352935132,-0.00371081212876,-0.01090024444444443,0.08313976973494287,3.3333333333333335,0.12571982222222222,-0.07644053333333334,0.003366231292517004,0.0651021352935132,2.2857142857142856,0.09598487346938775,-0.01096881904761904,0.009896308843537415,0.07494148794818525,2.357142857142857,0.1076026843537415,0.0001965633071690234,-0.023676585039682542,0.08984678342765261,2.066666666666667,0.1065186538095238,0.00268294468536469,52.6076017293679,0.00994341999859032,0.016214231612094475,0.17798371131493348,-0.19589286226731442,0.40711951495221466,1.9834799134470005,0.890401,0.787822,0.0,0.0,0.158519,0.0,0.0,0.44102033333333335,0.158519,0.0,0.38888866666666666,0.0,0.0,0.333333,0.38888866666666666,-0.054622,-0.18099200000000001,0.0,0.0,-0.011963,0.0,0.0,-0.14112866666666668,-0.011963,0.0,-0.14112866666666668,0.0,0.0,-0.18099200000000001,-0.14112866666666668,-0.048635483422,-0.21366853593400004,0.0,0.0,-0.0018963627969999998,0.0,0.0,-0.078465506302,-0.0018963627969999998,0.0,-0.151362212672,0.0,0.0,-0.120661212672,-0.151362212672,-0.03471022,-0.1735511,0.54,4
2025-05-17,0.031003,0.09493142144200728,3,-0.037653,0.139336,0.10967366666666667,0.329021,0.006297000000000001,0.14033902321521266,3,2,neutral,0.09946640000000001,0.06492965575569788,0.0034002126876666668,-0.028705133333333317,0.052648732817166574,3.0,0.10660615555555557,0.03982900000000001,0.010607278911564624,0.06492965575569788,2.2857142857142856,0.10290549251700679,-0.011300674489795931,0.020973523129251697,0.06432457211993887,2.4285714285714284,0.1088244462585034,-0.0036171238304552587,-0.021354664206349204,0.09034505999985429,2.1,0.10714075936507936,0.0029324193744372047,57.88477804299729,0.011991883495590548,0.015369761988793355,0.14782132791736582,-0.18118977886974677,-1.4528404957977545,-1.8599600107499692,0.0,0.158519,0.0,0.0,0.0,0.0,0.0,0.161647,0.0,0.0,1.0,0.0,0.0,0.0,0.0,0.0,-0.008674,0.0,0.0,0.0,0.0,0.0,-0.008674,0.0,0.0,0.065331,0.0,0.0,0.0,0.0,0.0,-0.001374993806,0.0,0.0,0.0,0.0,0.0,-0.001402126078,0.0,0.0,0.130662,0.0,0.0,0.0,0.0,0.010481099999999998,0.031443299999999993,0.6333333333333333,2
2025-05-19,0.061549375,0.12499167487926946,8,-0.161026,0.195233,0.100380375,0.803043,0.186278,0.14624666703503755,8,2,neutral,0.030546375000000004,0.05885136563630246,0.006178349343515625,0.00802965833333335,0.06798280103305746,2.6666666666666665,0.08808514722222222,0.06500638750000001,0.005967761054421767,0.05885136563630246,2.4285714285714284,0.10832640323129251,0.0060743673894557895,0.030914764200680272,0.05839520599029498,2.5,0.10923904447278912,-0.005708413440607011,-0.016583893373015874,0.09083304121555225,2.1,0.10717159686507935,0.003051980103554213,57.19250597851515,0.015896780901851492,0.015475165771405014,0.15570036259936473,-0.18053302605174568,0.9852715866206498,2.4381120824184044,0.0,0.1966,0.0,0.158519,0.158519,0.4166665,0.0,0.37317900000000004,0.0,1.0,0.6111110000000001,0.0,0.0,1.0,0.6666665,0.0,0.036083000000000004,0.0,0.181434,0.195233,-0.04269,0.0,0.019036249999999998,0.0,-0.071309,0.036617666666666666,0.0,0.0,0.113247,-0.069013,0.0,-0.001648760115999997,0.0,0.028760736246,0.030948139926999997,-0.015852279658,0.0,0.160874455003,0.0,-0.071309,0.17938072034199998,0.0,0.0,0.113247,-0.030675279658,0.0319246875,0.2553975,0.55,2
2025-05-20,-0.04546133333333333,0.191006962990009,6,-0.351802,0.170689,0.06018983333333333,0.361139,0.13983199999999998,0.28129804735404756,6,3,neutral,-0.10701070833333334,0.059574261674046496,-0.002736310076444444,0.01569701388888891,0.055122843110870554,2.3333333333333335,0.09008129166666666,-0.03823216666666668,0.0052096562925170046,0.059574261674046496,2.7142857142857144,0.10252815085034014,-0.0060248014455782295,0.023238291411564627,0.06099901941081537,2.4285714285714284,0.1082902162414966,-0.006865493540031398,-0.011718221150793651,0.08485699490151857,2.1666666666666665,0.10694420797619046,0.0016598284763493843,44.25223184966561,0.010238901996415846,0.014427913016406916,0.1500231663216033,-0.16515762977398427,-1.738615677792558,-2.723887264413208,0.769861,0.27652566666666667,0.158519,0.158519,0.0,0.0,0.6,0.5945996666666667,0.0,0.2,0.5,0.0,0.35,0.6,0.7333333333333334,-0.058081,-0.16380333333333333,0.023891,0.023891,0.0,0.0,-0.2049415,-0.16380333333333333,0.0,-0.351802,0.023891,0.0,-0.1639555,-0.2576505,-0.025026333333333334,-0.044714296741000005,-0.12666699050199998,0.0037871774289999997,0.0037871774289999997,0.0,0.0,-0.1284414,-0.23486223825400002,0.0,-0.0703604,0.0119455,0.0,-0.058414900000000006,-0.2338594,0.2063626,-0.0219343,-0.1316058,0.5333333333333333,3
2025-05-21,0.06927657142857144,0.21223718897564986,7,-0.341571,0.300312,0.089001,0.623007,0.19770014285714285,0.2031643928533644,7,1,neutral,0.11473790476190476,0.0642862807969479,0.0061656841337142864,0.028454871031746057,0.06412980073231664,2.0,0.08319040277777777,0.003863598214285726,0.011952411394557824,0.0642862807969479,2.5714285714285716,0.10520062023809525,0.003249172236394548,0.021237532227891154,0.058803247319726845,2.357142857142857,0.10423467338435373,-0.0031089413003663018,-0.01010376876984127,0.08595153155747776,2.1666666666666665,0.10627897464285714,0.002406935671116057,48.6192818602962,0.014841935516067408,0.014510717516339032,0.1551861147155016,-0.15278642102502538,-2.5238570087819268,-0.7852413309893687,0.0,0.23468099999999997,0.0,0.0,0.0,0.0,0.5,0.14357866666666666,0.0,0.0,0.5,0.0,0.0,0.75,0.5,0.0,-0.06260800000000001,0.0,0.0,0.0,0.0,0.300312,0.0038243333333333276,0.0,0.0,-0.03238800000000001,0.0,0.0,-0.082042,0.12808275,0.0,-0.071878576108,0.0,0.0,0.0,0.0,0.150156,-0.03503336096200001,0.0,0.0,-0.06477600000000001,0.0,0.0,0.006701499999999999,0.2561655,0.03463828571428572,0.24246800000000002,0.5,1
2025-05-22,0.0765092,0.2751447177390473,5,-0.368012,0.374131,0.1445932,0.722966,0.18792559999999997,0.25569888906543964,5,3,neutral,0.007232628571428562,0.06285404560118824,0.01106271005744,0.033441479365079387,0.06842746610684729,2.3333333333333335,0.09792801111111112,0.06098526666666667,0.01082263044217687,0.06285404560118824,2.5714285714285716,0.10199755357142859,0.020518150340136064,0.019029360799319724,0.05582275475175177,2.357142857142857,0.1077131019557823,0.001311548144950287,-0.010701145436507936,0.08525944073130462,2.2333333333333334,0.10683436464285714,0.0036866550095344033,48.47177242395142,0.01885610033170363,0.015379794079412092,0.15789129389969309,-0.13625228020921692,0.10440223039741303,2.62825923917934,0.0,0.487274,0.20929366666666663,0.0,0.0,0.0,0.25,0.3256574,0.0,0.25,0.361111,0.0,0.0,0.4166665,0.2916665,0.0,0.045866333333333335,-0.015175333333333327,0.0,0.0,0.0,0.053941,0.0765092,0.0,0.053941,-0.06086366666666667,0.0,0.0,-0.118266,0.0927105,0.0,0.277758176264,0.012810823526000003,0.0,0.0,0.0,0.01348525,-0.02338708043000004,0.0,0.01348525,-0.12669412716,0.0,0.0,-0.14017937716,0.05731187284,0.0382546,0.191273,0.5,3
2025-05-23,-0.160252,0.2751447177390473,1,-0.160252,-0.160252,0.087503,0.087503,-0.007318,0.25569888906543964,1,1,bearish,-0.2367612,0.0891193953331176,-0.014022530756,-0.004822076190476171,0.13465483147881815,1.6666666666666667,0.10703240000000001,-0.11476428571428575,-0.005119798129251701,0.0891193953331176,2.2857142857142856,0.09222035357142858,-0.006308078698979578,0.003940126105442177,0.07255905148465948,2.142857142857143,0.10324220399659863,-0.0027568888147566726,-0.014716445436507937,0.08941214872647203,2.1666666666666665,0.10581726464285714,0.0025211773067959115,41.13724469651979,0.002899910021236635,0.01288381726777668,0.1648760800629024,-0.14775876637242621,-3.0945454925682143,-3.1989477229656273,0.0,0.310843,0.158519,0.0,0.0,0.25,0.0,0.161647,0.0,0.25,0.0,0.0,0.0,0.25,0.25,0.0,-0.160252,-0.160252,0.0,0.0,-0.160252,0.0,-0.160252,0.0,-0.160252,0.0,0.0,0.0,-0.160252,-0.160252,0.0,-0.049813212435999996,-0.025402986788,0.0,0.0,-0.040063,0.0,-0.025904255044000003,0.0,-0.040063,0.0,0.0,0.0,-0.040063,-0.040063,-0.080126,-0.080126,0.5,1
2025-05-24,-0.02519750000000001,0.25870703671237855,2,-0.208131,0.157736,0.144384,0.288768,-0.005524500000000002,0.06704857209888962,2,1,neutral,0.1350545,0.08541748672717328,-0.0036381158400000018,-0.03631343333333332,0.11877137465215848,1.6666666666666667,0.1254934,-0.05085335000000002,0.0010610447278911553,0.08541748672717328,1.8571428571428572,0.10510358214285716,-0.017508347023809528,0.0022136380102040797,0.07297270772704237,2.0714285714285716,0.10054422780612245,-0.0037531328388278416,-0.015042878769841273,0.08943262156134449,2.1666666666666665,0.1080158313095238,0.0024488123960485185,49.05198413689844,0.0011388249173706257,0.010534818797695225,0.15796176549219706,-0.13095640180172088,-0.8427632728452686,2.2517822197229456,0.0,0.158519,0.0,0.0,0.0,0.0,0.0,0.360215,0.0,0.0,1.0,0.0,0.0,0.0,1.0,0.0,-0.208131,0.0,0.0,0.0,0.0,0.0,-0.208131,0.0,0.0,0.157736,0.0,0.0,0.0,-0.208131,0.0,-0.032992717989,0.0,0.0,0.0,0.0,0.0,-0.074971908165,0.0,0.0,0.157736,0.0,0.0,0.0,-0.208131,-0.012598750000000006,-0.02519750000000001,0.5,1
2025-05-25,0.349402,0.25870703671237855,1,0.349402,0.349402,0.460452,0.460452,0.264705,0.06704857209888962,1,1,bullish,0.3745995,0.15797638125671593,0.160882849704,0.05465083333333334,0.2640428320956345,1.0,0.2307796666666667,0.254827,0.046546616156462585,0.15797638125671593,1.7142857142857142,0.15521477261904762,0.024091320365646245,0.028576947534013603,0.11752417402872192,2.0,0.1290601325680272,0.005444623503401359,-0.0012405954365079389,0.11088827793244421,2.1333333333333333,0.12071894797619048,0.004457837807881772,61.31643553441641,0.029627807805144214,0.014353416599185338,0.23722478884704123,-0.167516425156565,-14.86653437841055,-14.023771105565283,0.0,0.158519,0.0,0.0,0.0,0.0,0.0,0.684621,0.158519,0.0,0.5,0.0,0.0,0.5,0.0,0.0,0.349402,0.0,0.0,0.0,0.0,0.0,0.349402,0.349402,0.0,0.349402,0.0,0.0,0.349402,0.0,0.0,0.055386855638,0.0,0.0,0.0,0.0,0.0,0.239207946642,0.055386855638,0.0,0.174701,0.0,0.0,0.174701,0.0,0.174701,0.174701,0.5,1
2025-05-26,-0.203194,0.25870703671237855,1,-0.203194,-0.203194,0.099066,0.099066,-0.218678,0.06704857209888962,1,1,bearish,-0.552596,0.18342654874566214,-0.020129616804,0.04033683333333333,0.2820667411058656,1.0,0.234634,-0.08899825000000001,0.008726134013605434,0.18342654874566214,1.5714285714285714,0.15502700476190476,-0.0005233515306122341,0.007346947534013602,0.1308784880680879,2.0,0.13167670399659864,0.0009802575013082163,-0.004233995436507939,0.11515035479369305,2.1,0.1206473413095238,0.0023814546546427244,42.819521219435764,0.007530021148283553,0.012988737509004889,0.24960313340814108,-0.20641509828909346,-1.5815479018437215,13.284986476566829,0.0,0.158519,0.0,0.0,0.0,0.0,0.0,0.684621,0.158519,0.0,0.5,0.0,0.0,0.5,0.0,0.0,0.349402,0.0,0.0,0.0,0.0,0.0,0.349402,0.349402,0.0,0.349402,0.0,0.0,0.349402,0.0,0.0,0.055386855638,0.0,0.0,0.0,0.0,0.0,0.239207946642,0.055386855638,0.0,0.174701,0.0,0.0,0.174701,0.0,-0.101597,-0.101597,0.5,1
2025-05-27,0.014192125,0.16074503647030375,8,-0.352777,0.166471,0.08150325,0.652026,0.07411912500000001,0.1811974026496576,8,3,neutral,0.217386125,0.1818685541779104,0.00115670431190625,0.05346670833333334,0.2783836462079001,1.6666666666666667,0.21367374999999997,-0.16760493749999994,0.017248056632653056,0.1818685541779104,1.5714285714285714,0.15807177857142857,-0.007678776403061232,0.011228856462585032,0.13016522420673088,2.142857142857143,0.13029996471088437,-0.0003901510832025123,-0.00037546904761905087,0.11370687243052904,2.066666666666667,0.11996086075396825,0.0018290937390751658,51.262207293240984,0.007472052244006794,0.01188540045600521,0.2426520688553324,-0.20777354123628475,-1.0698451972007048,0.5117027046430167,0.0,0.6143658000000001,0.0,0.0,0.310843,0.25,0.25,0.46251440000000005,0.310843,0.25,0.2916665,0.0,0.0,0.27777766666666664,0.27777766666666664,0.0,-0.022066799999999998,0.0,0.0,-0.0018614999999999986,0.024466,-0.352777,-0.028031800000000003,0.024466,0.024466,-0.190483,0.0,0.0,-0.11883333333333333,-0.11883333333333333,0.0,-0.16372778352900003,0.0,0.0,-0.0011572684889999988,0.0061165,-0.08819425,-0.023710020610000004,0.007605084838,0.0061165,-0.097590573937,0.0,0.0,-0.091474073937,-0.091474073937,0.0070029875,0.0560239,0.55,3
2025-05-28,0.07400975,0.16182433458202963,4,-0.166482,0.184552,0.0677025,0.27081,0.27547125,0.15209745377306616,4,2,neutral,0.059817625,0.18210287799712455,0.005010645099375,-0.03833070833333332,0.14587482911570632,2.0,0.08275725,0.13860187500000004,0.01792422499999999,0.18210287799712455,1.7142857142857142,0.1550291357142857,0.005835478571428566,0.01493831819727891,0.13123376775619253,2.142857142857143,0.13011487797619048,0.0017612292569335417,-0.004095010714285718,0.10914733100608053,2.1,0.11126911075396825,0.0035915602335928817,51.207489996902886,0.012113151321421222,0.011930950629088414,0.23865445231661137,-0.20711730969756376,4.214846261571118,5.284691458771823,0.0,0.310843,0.0,0.0,0.0,0.0,0.2,0.161647,0.0,0.2,0.26666650000000003,0.0,0.0,0.26666650000000003,0.511111,0.0,-0.166482,0.0,0.0,0.0,0.0,0.184552,-0.166482,0.0,0.184552,0.009035000000000001,0.0,0.0,0.009035000000000001,0.054208,0.0,-0.051749764325999995,0.0,0.0,0.0,0.0,0.0369104,-0.026911315854,0.0,0.0369104,-0.018583544505999992,0.0,0.0,-0.018583544505999992,0.125970455494,0.037004875,0.1480195,0.5,2
2025-05-29,-0.027565999999999997,0.16830309779383146,7,-0.371565,0.131754,0.0745027142857143,0.5215190000000001,0.16211471428571428,0.17227816383368136,7,3,neutral,-0.10157574999999999,0.1807662081919269,-0.002053741822,0.020211958333333353,0.051054745538848166,2.6666666666666665,0.0745694880952381,-0.020879062500000004,0.0030563392857142803,0.1807662081919269,1.7142857142857142,0.14501620918367347,0.009330808035714313,0.006939484863945576,0.1300808689030033,2.142857142857143,0.12350688137755102,0.0028373481371009954,-0.004220260714285718,0.10917288585291166,2.1,0.11081521789682539,0.0033041793977435217,47.44290504242629,0.007508558190912649,0.011046472141453231,0.23488124068546432,-0.21120042663784525,-1.372464438807049,-5.5873107003781675,0.158519,0.451494,0.0,0.158519,0.0,0.0,0.0,0.37858040000000004,0.158519,0.0,0.7666666,0.0,0.0,0.4166665,0.333333,-0.055519,-0.371565,0.0,0.081814,0.0,0.0,0.0,-0.0816836,-0.003224,0.0,-0.053335999999999995,0.0,0.0,-0.1873945,-0.371565,-0.008800816361,-0.16775936811,0.0,0.025938146932,0.0,0.0,0.0,-0.11795264531500001,-0.000511065256,0.0,-0.017357876144999992,0.0,0.0,-0.125466876145,-0.12385487614499999,-0.013782999999999998,-0.09648099999999998,0.5,3
2025-05-30,-0.009186333333333333,0.15766694516078295,3,-0.162027,0.1529,0.09603333333333335,0.2881,0.124697,0.12641029505938195,3,1,neutral,0.018379666666666662,0.1664725613623263,-0.0008821942111111112,0.012419138888888908,0.054124907108230806,2.0,0.07941284920634922,-0.04159804166666667,0.024637148809523807,0.1664725613623263,1.7142857142857142,0.1462348282312925,-0.015310669642857136,0.009758675340136053,0.1292080753267481,2.0,0.11922759090136055,0.0005438252590266882,0.00022163928571428224,0.10602048939300569,2.1,0.11133250678571428,0.002318877649769583,50.95106468344279,0.005281559755101106,0.009893489664182775,0.23460217133326483,-0.21173732395231243,-0.6667513120027087,0.7057131268043404,0.0,0.714479,0.0,0.0,0.0,0.0,0.0,0.12600166666666668,0.0,0.333333,0.333333,0.0,0.0,0.6666665,1.0,0.0,-0.004563499999999998,0.0,0.0,0.0,0.0,0.0,-0.009186333333333333,0.0,-0.162027,-0.162027,0.0,0.0,-0.004563499999999998,-0.018432,0.0,-0.006521049832999989,0.0,0.0,0.0,0.0,0.0,-0.011644564697000006,0.0,-0.054008945991,-0.054008945991,0.0,0.0,0.098891054009,-0.018432,-0.004593166666666666,-0.0137795,0.5,1
2025-06-01,-0.004096,0.15766694516078295,1,-0.004096,-0.004096,0.074926,0.074926,0.0,0.12641029505938195,1,1,neutral,0.005090333333333333,0.16560856120482448,-0.000306896896,-0.013616111111111091,0.012346150143686055,1.6666666666666667,0.08182068253968255,0.011734999999999999,0.027651648809523807,0.16560856120482448,1.7142857142857142,0.1363122568027211,-0.025508456845238142,0.01435634676870748,0.12734229048202364,1.7857142857142858,0.12070791947278912,-0.0024307723443223457,0.0036206059523809487,0.10411286714495646,2.033333333333333,0.11136705678571428,0.0015580106070236753,51.56212237931777,0.003882631099509363,0.008691317951248067,0.23503262121585988,-0.2106089405015742,-0.5541202510976451,0.11263106090506358,0.0,0.0,0.0,0.0,0.0,0.0,0.0,0.0,0.0,0.0,1.0,0.0,0.0,0.0,0.0,0.0,0.0,0.0,0.0,0.0,0.0,0.0,0.0,0.0,0.0,-0.004096,0.0,0.0,0.0,0.0,0.0,0.0,0.0,0.0,0.0,0.0,0.0,0.0,0.0,0.0,-0.004096,0.0,0.0,0.0,0.0,-0.0036864,-0.0036864,0.9,1
2025-06-03,-0.0341235,0.04825791649563831,2,-0.068247,0.0,0.045677499999999996,0.09135499999999999,0.2320275,0.01700803940788002,2,1,neutral,-0.030027500000000002,0.08547605726395334,-0.0015586761712499998,-0.015801944444444424,0.01606976732384949,1.0,0.07221227777777778,-0.01246858333333334,-0.027137708333333337,0.08547605726395334,1.7142857142857142,0.07705875680272109,0.013837113095238118,0.009704453911564622,0.12787583799754262,1.7142857142857142,0.11613676471088434,-0.0032671200575614882,0.006345955952380949,0.10192384323276714,2.033333333333333,0.11103307345238095,0.0004903305498172551,48.36432633660092,0.0003470417635214318,0.007022462713702712,0.22607478248704146,-0.21446605177275577,7.3309326171875,7.885052868285145,0.0,0.0,0.0,0.0,0.0,0.0,0.0,0.0,0.0,0.0,1.0,0.0,0.0,0.0,1.0,0.0,0.0,0.0,0.0,0.0,0.0,0.0,0.0,0.0,0.0,0.0,0.0,0.0,0.0,-0.068247,0.0,0.0,0.0,0.0,0.0,0.0,0.0,0.0,0.0,0.0,0.0,0.0,0.0,0.0,-0.068247,-0.01706175,-0.0341235,0.5,1
2025-06-04,0.07123166666666668,0.16825062995622533,6,-0.168207,0.308773,0.10816466666666667,0.648988,0.1968145,0.15255101977863011,6,2,neutral,0.10535516666666668,0.04427030971587734,0.007704749481111113,0.01100405555555558,0.05427648242264787,1.3333333333333333,0.07625605555555555,0.037663833333333355,0.012065958333333337,0.04427030971587734,1.8571428571428572,0.07835856632653061,-0.0007742098214285738,0.010396046173469385,0.12820356263356822,1.7142857142857142,0.11669278554421768,0.00019997352956567253,0.012554844841269838,0.09992858393161211,2.033333333333333,0.11167302067460318,7.18379972456148e-05,50.234367164963224,0.005977309916454906,0.006813432154253146,0.2323826946471271,-0.2096353372661747,-3.0874666041486565,-10.418399221336156,0.0,0.468252,0.158519,0.0,0.0,0.0,0.333333,0.2385735,0.0,0.0,0.5416665,0.0,0.0,0.5,0.333333,0.0,0.07028300000000001,-0.049122,0.0,0.0,0.0,0.009433499999999997,0.012657000000000002,0.0,0.0,0.009167750000000002,0.0,0.0,-0.168207,0.009433499999999997,0.0,0.014288822372000007,-0.007786770318,0.0,0.0,0.0,0.006288993710999998,0.03484293659600001,0.0,0.0,0.10819649371100001,0.0,0.0,-0.0841035,0.006288993710999998,0.03561583333333334,0.21369500000000002,0.5,2
2025-06-05,0.017884714285714285,0.18485300741734798,7,-0.317008,0.202334,0.06691257142857143,0.468388,0.21410528571428572,0.1947670099843351,7,1,neutral,-0.0533469523809524,0.04432183694717082,0.001196712222122449,0.018330960317460343,0.05267900091574435,1.3333333333333333,0.0735849126984127,0.026004107142857138,0.012593471088435377,0.04432183694717082,1.5714285714285714,0.07627418367346939,0.0001529664115646169,0.014920763860544218,0.1271944016238591,1.5714285714285714,0.11717298112244898,-0.0014275165960230256,0.017286935317460315,0.09653908044134803,2.033333333333333,0.11081780638888888,-0.0008360712299380279,51.5742365847746,0.006064833635237828,0.00666371245045008,0.23213826956583103,-0.2098101693277358,-0.7489218612642183,2.338544742884438,0.0,0.360215,0.0,0.0,0.0,0.0,1.0,0.4287688,0.0,0.0,0.4166665,0.0,0.0,0.333333,0.70833325,0.0,-0.12088700000000001,0.0,0.0,0.0,0.0,0.056614,-0.046549600000000003,0.0,0.0,-0.2332685,0.0,0.0,-0.317008,-0.058924000000000004,0.0,-0.08709062141,0.0,0.0,0.0,0.0,0.056614,-0.064514691638,0.0,0.0,-0.180433727664,0.0,0.0,-0.105669227664,0.050407272335999995,0.008942357142857143,0.0625965,0.5,1
2025-06-06,0.15577575,0.17571253936733333,4,-0.10718,0.25971,0.08700775,0.348031,0.33668075,0.18105451668558287,4,2,bullish,0.1378910357142857,0.06777494632489292,0.013553697512062498,0.08163071031746034,0.0695312125180342,1.6666666666666667,0.08736166269841271,0.04227204166666667,0.02427432823129252,0.06777494632489292,1.5714285714285714,0.07903207653061226,0.02426767899659864,0.021099276615646256,0.13204618728184433,1.6428571428571428,0.11703060612244899,0.004388861279434852,0.025067060317460314,0.09801977703623427,2.066666666666667,0.11056553138888889,-0.0005971807669897768,52.125167909016845,0.017064000509986212,0.008743770062357324,0.24287432880231666,-0.2134104202308881,7.709993769619707,8.458915630883926,0.0,0.0,0.0,0.0,0.0,0.0,0.0,0.1612785,0.0,0.0,1.0,0.0,0.0,0.0,0.0,0.0,0.0,0.0,0.0,0.0,0.0,0.0,0.062031,0.0,0.0,-0.10718,0.0,0.0,0.0,0.0,0.0,0.0,0.0,0.0,0.0,0.0,0.0,0.002038494278,0.0,0.0,-0.10718,0.0,0.0,0.0,0.0,0.077887875,0.3115515,0.5,2
2025-06-08,-0.098844,0.17571253936733333,1,-0.098844,-0.098844,0.029839,0.029839,0.081183,0.18105451668558287,1,1,neutral,-0.25461975,0.08093780522218601,-0.0029494061160000003,0.024938821428571453,0.1274563634865003,1.3333333333333333,0.06125310714285714,-0.05836435714285715,0.014091756802721093,0.08093780522218601,1.2857142857142858,0.07265154591836734,0.0036706683673469426,0.008574048044217684,0.13467634523862726,1.5,0.1088338775510204,0.00278861128990058,0.019705284126984125,0.10030216203379975,1.9666666666666666,0.10911105043650794,-0.001141832994332327,46.15874884717105,0.0051758197875495186,0.008030180007395759,0.2443695194654519,-0.21992451089402335,-1.6345275179223981,-9.344521287542106,0.158519,0.0,0.0,0.0,0.310843,0.0,0.0,0.0,0.0,0.333333,0.0,0.0,0.0,0.333333,0.333333,-0.098844,0.0,0.0,0.0,-0.098844,0.0,0.0,0.0,0.0,-0.098844,0.0,0.0,0.0,-0.098844,-0.098844,-0.015668652036,0.0,0.0,0.0,-0.030724965492,0.0,0.0,0.0,0.0,-0.032947967051999996,0.0,0.0,0.0,-0.032947967051999996,-0.032947967051999996,-0.049422,-0.049422,0.5,1
2025-06-09,0.096674,0.12730099135584852,12,-0.169166,0.251391,0.2219354166666667,2.663225,0.24040475000000003,0.10645349676235073,12,2,neutral,0.195518,0.08561796108017278,0.021455384470833335,0.05120191666666668,0.13326134865189126,1.6666666666666667,0.11292738888888888,-0.029550874999999983,0.029214661564625852,0.08561796108017278,1.4285714285714286,0.09063755782312925,0.0091933244047619,0.026925905187074828,0.1271990056071853,1.5714285714285714,0.1184361930272109,-0.0002599411172161186,0.019684844126984125,0.10028586804726146,1.9666666666666666,0.1116496109920635,-0.00011021293818528369,55.73173661661428,0.011399436308561776,0.008704031267628967,0.2522898440797523,-0.2113310955083237,-1.9780462142365747,-0.34351869631417653,0.0,0.2442355,0.0,0.158519,0.0,0.2,1.0,0.466096375,0.158519,0.2,0.2,0.158519,0.2,0.0,0.8,0.0,0.19832099999999997,0.0,0.121341,0.0,0.251391,0.145871,0.11464237499999999,0.251391,0.251391,0.251391,0.121341,0.251391,0.0,0.0008459999999999995,0.0,0.20868411245699997,0.0,0.019234853979,0.0,0.050278199999999995,0.43761300000000003,0.514811513343,0.03985024992899999,0.050278199999999995,0.050278199999999995,0.019234853979,0.050278199999999995,0.0,-0.1977288,0.04570896666666666,0.5485076,0.5666666666666667,2
2025-06-10,0.18000375,0.12615161537445063,4,0.058336,0.307451,0.206498,0.825992,0.286083,0.17262176688355382,4,2,bullish,0.08332975,0.10063841523365137,0.037170414367499995,0.05927791666666669,0.14313583480918018,1.6666666666666667,0.15275747222222222,0.13942387500000003,0.05551462585034014,0.10063841523365137,1.5714285714285714,0.10943355782312925,0.02059063222789115,0.04158313732993197,0.13244532288514596,1.6428571428571428,0.12287290731292518,0.0023953575745682847,0.022104182460317458,0.10330551791665667,1.9333333333333333,0.11533637099206348,0.0015291974516658728,54.68595895781981,0.022792897822875566,0.011521804578678298,0.2704919005887181,-0.21463307701728954,0.8619665059892008,2.8400127202257757,0.0,0.538269,0.0,0.0,0.0,0.0,0.0,0.465316,0.158519,0.0,0.5,0.0,0.5,1.0,0.0,0.0,0.058336,0.0,0.0,0.0,0.0,0.0,0.18000375,0.08579,0.0,0.058336,0.0,0.058336,0.177114,0.0,0.0,0.031400460384,0.0,0.0,0.0,0.0,0.0,0.47514846149499995,0.01359934501,0.0,0.029168,0.0,0.029168,0.354228,0.0,0.09291867499999999,0.37167469999999997,0.55,2
2025-06-11,-0.012776666666666665,0.09616707170509733,3,-0.123413,0.050776,0.22908033333333333,0.687241,0.2465183333333333,0.17871761480428652,3,1,neutral,-0.19278041666666665,0.09775151539094855,-0.0029268830588888885,0.0879670277777778,0.09668469778875255,1.6666666666666667,0.21917125,-0.05472533333333332,0.058564173469387755,0.09775151539094855,1.5714285714285714,0.13563396258503402,0.00046826147959182625,0.01571323256802721,0.09879112957126009,1.6428571428571428,0.10634635969387754,0.010990094911041342,0.019978384047619042,0.10334661507598716,1.8333333333333333,0.11796919638888889,0.0015034224964245984,40.980322551383985,0.01608130404883916,0.012433704472710473,0.266884266664316,-0.21845804725955414,-1.0709800027314245,-1.9329465087206252,0.0,0.684621,0.0,0.0,0.0,0.0,0.0,0.518786,0.0,0.0,0.0,0.0,0.0,0.0,1.0,0.0,-0.123413,0.0,0.0,0.0,0.0,0.0,-0.044552999999999995,0.0,0.0,0.0,0.0,0.0,0.0,0.050776,0.0,-0.084491131473,0.0,0.0,0.0,0.0,0.0,-0.110987881356,0.0,0.0,0.0,0.0,0.0,0.0,0.050776,-0.006388333333333333,-0.019164999999999998,0.5,1
2025-06-12,0.185789,0.029269709414341646,6,0.141535,0.225249,0.05550833333333333,0.33305,0.3138065,0.06708337707286359,6,4,bullish,0.19856566666666667,0.10915056475913183,0.010312837741666667,0.11767202777777781,0.11300890978628966,2.3333333333333335,0.16369555555555554,0.0028926250000000215,0.07492950680272108,0.10915056475913183,1.8571428571428572,0.1281116292517007,0.01590913477891155,0.043497732568027206,0.08641297387413431,1.8571428571428572,0.10323509778911566,0.00863268059916274,0.026205572936507934,0.1075789644778269,1.9,0.1137476186111111,0.002428305987075587,61.7611061607234,0.0264795241198639,0.015242868402141167,0.286375972477391,-0.21482471973929573,-15.541273154187323,-14.470293151455898,0.0,0.818451,0.0,0.0,0.0,0.0,0.2,0.4768333333333334,0.576289,0.2,0.3,0.0,0.0,0.2,0.475,0.0,0.225249,0.0,0.0,0.0,0.0,0.1822195,0.18241533333333335,0.225249,0.1822195,0.168658,0.0,0.0,0.1822195,0.17899175,0.0,0.184355269299,0.0,0.0,0.0,0.0,0.0728878,0.287218643117,0.129808520961,0.0728878,0.14365529999999999,0.0,0.0,0.0728878,0.3536483,0.11197066666666666,0.671824,0.6,4
2025-06-13,0.02694042857142857,0.10911981076452486,7,-0.204722,0.1067,0.07562157142857143,0.529351,0.09062285714285714,0.13855730869021737,7,3,neutral,-0.15884857142857145,0.10841294730665058,0.002037277543530612,0.06665092063492066,0.10507032587575826,2.6666666666666665,0.12007007936507937,0.019858547619047626,0.07622318027210885,0.10841294730665058,2.142857142857143,0.12935577210884355,0.0026181917517006624,0.04440832568027211,0.08614716561358746,1.8571428571428572,0.10281497789115646,0.007193495839874412,0.027759731666666666,0.10722936560285286,1.9333333333333333,0.11422735988095238,0.0021165648789660484,50.39959671706309,0.0216529401710261,0.016524882755918156,0.2837824366347547,-0.2164647981823738,-0.8549944906779812,14.686278663509341,0.769861,0.161647,0.0,0.158519,0.0,0.0,0.0,0.4036648333333333,0.0,0.0,0.9,0.0,0.0,0.0,0.75,-0.204722,0.020036,0.0,0.0866295,0.0,0.0,0.0,0.016781333333333332,0.0,0.0,0.06101140000000001,0.0,0.0,0.0,0.097474,-0.157607483642,0.0032387592920000005,0.0,0.027464843420999998,0.0,0.0,0.0,-0.03175595965599999,0.0,0.0,0.251707,0.0,0.0,0.0,0.141598,0.013470214285714285,0.0942915,0.5,3
2025-06-16,-0.09140766666666666,0.21447143312183403,3,-0.238413,0.154693,0.093001,0.279003,0.07453366666666665,0.20277817785041202,3,1,neutral,-0.11834809523809524,0.11801353887490515,-0.008501004407666667,0.04044058730158733,0.13909057738424438,2.6666666666666665,0.07471030158730159,-0.13859833333333332,0.040911263605442186,0.11801353887490515,2.0,0.1302119506802721,-0.00397760331632651,0.03259279591836735,0.09285745440768464,1.7857142857142858,0.10462201360544218,0.004288910047095761,0.02157860944444444,0.10861342885936258,1.9333333333333333,0.11524625988095237,0.0018047517013613,44.99849574007309,0.008183870601494853,0.014856680325033494,0.2805499479507904,-0.23002399616507613,-4.392955179770534,-3.537960689092553,0.0,0.0,0.0,0.0,0.158519,1.0,1.0,0.8064165000000001,0.0,0.0,0.0,0.310843,0.0,0.0,0.0,0.0,0.0,0.0,0.0,-0.238413,-0.238413,0.154693,-0.04186000000000001,0.0,0.0,0.0,0.154693,0.0,0.0,0.0,0.0,0.0,0.0,0.0,-0.037792990347000004,-0.238413,0.154693,-0.12871566596700001,0.0,0.0,0.0,0.048085236198999994,0.0,0.0,0.0,-0.04570383333333333,-0.1371115,0.5,1
2025-06-17,0.1915678,0.12950321129879366,5,0.066193,0.356341,0.10877479999999999,0.543874,0.21422879999999997,0.19686351685546,5,4,bullish,0.2829754666666667,0.11156507808474432,0.02083774913144,0.042366853968253994,0.14211706313528083,2.6666666666666665,0.09246579047619047,0.08231368571428574,0.0823986636054422,0.11156507808474432,2.4285714285714284,0.14148849353741497,-0.007800869217687091,0.04824521020408163,0.10012169022006037,1.8571428571428572,0.10707001972789117,0.006847796012558869,0.02930268944444444,0.11225047797011764,2.033333333333333,0.11551283321428571,0.002475709884527783,55.97069973249692,0.020111298379717847,0.015907603935970367,0.29274529412389416,-0.20703736233817985,-3.0957519974619196,1.2972031823086145,0.158519,0.133349,0.0,0.0,0.0,0.0,0.0,0.981053,0.158519,0.25,0.625,0.0,0.0,0.375,0.375,0.298294,0.075961,0.0,0.0,0.0,0.0,0.0,0.1087375,0.151282,0.066193,0.075961,0.0,0.0,0.1087375,0.1087375,0.047285266586,0.019766925658,0.0,0.0,0.0,0.0,0.0,0.211742319892,0.023981071357999997,0.01654825,0.10227725,0.0,0.0,0.09218925,0.09218925,0.1044829,0.5224145,0.58,4
2025-06-18,0.0104138,0.07853431935275176,5,-0.124292,0.072224,0.0756928,0.378464,0.158393,0.18480456962559125,5,1,neutral,-0.181154,0.1144520719640289,0.0007882496806400001,0.03685797777777781,0.14332916516732233,2.0,0.09248953333333333,0.05091073333333334,0.07007577789115647,0.1144520719640289,2.2857142857142856,0.12059669115646257,-0.01347419940476192,0.049645219727891154,0.09939121618610408,1.8571428571428572,0.1056171244897959,0.00387355098901099,0.028913906587301585,0.1122965552720604,2.0,0.11569280273809525,0.0023040157111075803,50.49053048074652,0.014776023824865689,0.015681287913749432,0.2929869607656601,-0.20371789897994586,-0.945639089659118,2.150112907802802,0.0,0.0,0.0,0.0,0.0,0.0,0.0,0.65955,0.158519,0.0,0.5,0.0,0.0,0.0,0.8333333333333334,0.0,0.0,0.0,0.0,0.0,0.0,0.0,-0.009975999999999999,0.046872,0.0,0.009773,0.0,0.0,0.0,-0.014098333333333333,0.0,0.0,0.0,0.0,0.0,0.0,0.0,0.056649426707999995,0.0074301025679999995,0.0,0.0048865,0.0,0.0,0.0,-0.0471815,0.0052069,0.026034500000000002,0.5,1
2025-06-20,0.08691950000000001,0.1214901373960043,2,0.001013,0.172826,0.037697,0.075394,0.147705,0.18449405870650687,2,2,neutral,0.07650570000000001,0.10452862566320868,0.0032766043915000006,0.0963003666666667,0.09094060382229396,2.3333333333333335,0.07405486666666666,-0.05232415,0.05677802789115648,0.10452862566320868,2.2857142857142856,0.09648226258503402,0.004034481122448984,0.056146326870748296,0.09857895385823368,1.9285714285714286,0.10295791020408163,0.0031668418628990076,0.028997301031746026,0.11234011570447762,1.9666666666666666,0.11138221384920637,0.003061029898299698,52.199221773765544,0.016530559262797388,0.01585114218355902,0.23590160459553203,-0.17288079280981775,7.3465689757821355,8.292208065441253,0.0,0.650727,0.0,0.0,0.0,0.25,0.25,0.108179,0.0,0.0,0.625,0.0,0.0,0.0,0.25,0.0,0.001013,0.0,0.0,0.0,0.172826,0.172826,0.001013,0.0,0.0,0.08691950000000001,0.0,0.0,0.0,0.172826,0.0,0.000659186451,0.0,0.0,0.0,0.0432065,0.0432065,0.000109585327,0.0,0.0,0.0442195,0.0,0.0,0.0,0.0432065,0.043561050000000004,0.08712210000000001,0.6,2
2025-06-21,0.204351,0.1214901373960043,1,0.204351,0.204351,0.063933,0.063933,0.135456,0.18449405870650687,1,1,bullish,0.1174315,0.11237022915235045,0.013064772483000002,0.10056143333333338,0.09768564963577521,1.3333333333333333,0.0591076,0.09696860000000003,0.08779626598639458,0.11237022915235045,2.2857142857142856,0.07288978639455783,0.009909486054421745,0.07318021972789115,0.1023137581097786,1.9285714285714286,0.10426187448979593,0.004425332736787022,0.03743083436507936,0.11575450414267166,1.9,0.10831520051587301,0.0036568109746278935,55.52876638757349,0.02708451442687069,0.018097816632221354,0.2382195253501262,-0.13444421356441194,1.3510374541961236,-5.995531521586011,0.0,0.684621,0.0,0.0,0.310843,0.0,0.0,0.266143,0.0,0.0,0.5,0.0,0.5,0.0,0.0,0.0,0.204351,0.0,0.0,0.204351,0.0,0.0,0.204351,0.0,0.0,0.204351,0.0,0.204351,0.0,0.0,0.0,0.139902985971,0.0,0.0,0.063521077893,0.0,0.0,0.054386588193000004,0.0,0.0,0.1021755,0.0,0.1021755,0.0,0.0,0.1430457,0.1430457,0.7,1
2025-06-23,0.02812375,0.058587536213629374,4,-0.040611,0.099171,0.0477085,0.190834,0.28898625,0.1487204869060861,4,1,neutral,-0.17622725,0.10501543814452191,0.001341741926875,0.10646475000000001,0.08972470957775565,1.3333333333333333,0.049779500000000004,-0.029397875000000004,0.06527265884353743,0.10501543814452191,1.8571428571428572,0.07177552448979592,0.01751496420068027,0.07010108282312925,0.10302311902948098,1.8571428571428572,0.0999435768707483,0.0030737670172684456,0.04065040603174603,0.11403812359307684,1.8,0.10809877051587301,0.0028664602044599836,49.03238830801668,0.02098668603328084,0.018675590512433254,0.23842627654790322,-0.13325780226218892,-0.8623752758733747,-2.213412730069498,0.0,0.360215,0.158519,0.0,0.0,0.0,0.5,0.6870946666666667,0.576289,0.0,0.0,0.108179,0.0,0.0,0.8333333333333334,0.0,0.010802,0.043133,0.0,0.0,0.0,-0.040611,0.023120666666666668,0.010802,0.0,0.0,-0.040611,0.0,0.0,0.023120666666666668,0.0,0.0038910424300000004,0.006837400026999999,0.0,0.0,0.0,-0.0203055,-0.017639095958999998,0.0062250737780000015,0.0,0.0,-0.004393257369,0.0,0.0,0.0896675,0.014061875,0.0562475,0.5,1
2025-06-24,-0.0106458,0.12131598472872401,5,-0.139286,0.125741,0.061690199999999994,0.308451,0.1793776,0.16043582225550504,5,2,neutral,-0.03876955,0.10821420748587056,-0.00065674153116,0.07394298333333336,0.11458820886112552,1.3333333333333333,0.05777723333333334,-0.10749840000000004,0.05990319761904763,0.10821420748587056,1.7142857142857142,0.06978532857142858,0.0039048107142857225,0.06806318894557824,0.1044083283928813,1.9285714285714286,0.09957055034013607,-0.0009547055206698073,0.0392621126984127,0.11441252085221461,1.8,0.10649932162698413,0.002468983105037344,49.355378022740354,0.012877308158534655,0.017515934041653535,0.23598641264142614,-0.13928349335571186,-1.3785341570736478,-0.5161588812002731,0.0,0.0,0.0,0.158519,0.0,1.0,1.0,0.8149486666666667,0.0,0.0,0.5,0.0,0.0,0.0,0.75,0.0,0.0,0.0,0.106013,0.0,-0.139286,0.115877,0.06445033333333333,0.0,0.0,-0.038403,0.0,0.0,0.0,-0.0728485,0.0,0.0,0.0,0.016805074747,0.0,-0.139286,0.231754,0.14018461598999998,0.0,0.0,-0.0192015,0.0,0.0,0.0,-0.1264955,-0.0053229,-0.0266145,0.5,2
2025-06-25,0.047508,0.12193149637603896,5,-0.161053,0.142037,0.0950008,0.475004,0.1147326,0.21772253234518468,5,3,neutral,0.058153800000000005,0.08637491615898696,0.0045132980064,0.02166198333333336,0.029610503794277324,2.0,0.06813316666666668,0.00969212500000001,0.07974829285714287,0.08637491615898696,2.0,0.07007101428571429,-0.01903908392857145,0.06032977823129252,0.10137744815951077,2.0,0.10014148248299319,0.001349626258503401,0.038794066865079364,0.11434690465096092,1.8333333333333333,0.10632000246031746,0.002675887635203136,47.46234873790733,0.011016085975533343,0.016215964428429496,0.23631791107812816,-0.13210759179241388,-5.462604970974469,-4.084070813900821,0.0,0.980716,0.0,0.0,0.0,0.0,0.0,0.4173166666666666,0.158519,0.0,0.5,0.0,0.0,0.0,0.75,0.0,0.060876,0.0,0.0,0.0,0.0,0.0,0.08551866666666667,0.060876,0.0,0.06792,0.0,0.0,0.0,0.064398,0.0,0.059702067216,0.0,0.0,0.0,0.0,0.0,0.08495923106799999,0.009650002643999999,0.0,0.03396,0.0,0.0,0.0,0.094836,0.026189039999999997,0.13094519999999998,0.54,3
2025-06-26,0.08809340000000002,0.19618382858253125,5,-0.243942,0.280911,0.14536559999999998,0.7268279999999999,0.198092,0.217049104774703,5,2,neutral,0.040585400000000015,0.07164755286675137,0.01280574994704,0.0416518666666667,0.04962940788860388,2.3333333333333335,0.10068553333333334,0.04936960000000003,0.06496623571428572,0.07164755286675137,1.7142857142857142,0.07529827142857141,-0.0021707500000000004,0.07368244965986395,0.09053025175500752,2.0714285714285716,0.1083933824829932,-0.00310461459968603,0.04324589130952381,0.11355055277851013,1.8,0.10915919468253969,0.0024128761234705237,54.870208044891086,0.012669892289531227,0.015506750000649844,0.23949726585383102,-0.12555897323478343,0.8542855940052205,6.316890564979689,0.0,0.158519,0.0,0.0,0.310843,0.0,1.0,0.18598275,0.0,0.0,0.5,0.0,0.0,0.0,0.8333333333333334,0.0,0.280911,0.0,0.0,-0.243942,0.0,-0.243942,0.17110225,0.0,0.0,0.134748,0.0,0.0,0.0,0.13449933333333333,0.0,0.044529730809,0.0,0.0,-0.07582766310599999,0.0,-0.243942,0.117354515216,0.0,0.0,0.067374,0.0,0.0,0.0,0.33612400000000003,0.04404670000000001,0.22023350000000003,0.5,2
2025-06-27,0.31233466666666665,0.36900705955622765,3,0.0,0.719503,0.3420803333333333,1.026241,0.2508703333333333,0.19758778021510676,3,2,bullish,0.22424126666666663,0.1125411685448998,0.10684354688488888,0.14931202222222226,0.1426326772676406,2.3333333333333335,0.1941489111111111,0.13241333333333336,0.1080977880952381,0.1125411685448998,1.8571428571428572,0.11335363333333333,0.01653980535714284,0.08908678299319728,0.11081814790829524,2.0714285714285716,0.11697516224489794,0.004471983369963367,0.05134782781746031,0.12369038717607306,1.8333333333333333,0.11759517246031746,0.004328454670533398,55.53567552940712,0.031709346257607074,0.018747269252041295,0.2854082617592869,-0.13982690247357257,2.5454945168045118,1.6912089227992912,0.0,0.158519,0.0,0.0,0.0,0.0,0.0,0.423134,0.0,0.0,0.75,0.0,0.0,0.0,0.75,0.0,0.217501,0.0,0.0,0.0,0.0,0.0,0.1087505,0.0,0.0,0.3597515,0.0,0.0,0.0,0.468502,0.0,0.034478041019,0.0,0.0,0.0,0.0,0.0,0.035158384147,0.0,0.0,0.3597515,0.0,0.0,0.0,0.5772525,0.15616733333333332,0.468502,0.6333333333333333,2
2025-06-28,0.0063905,0.06334757520615923,2,-0.038403,0.051184,0.0543205,0.108641,0.12010599999999999,0.02948352434835428,2,2,neutral,-0.30594416666666663,0.11899756520591033,0.00034713515525,0.13560618888888892,0.15840946029306605,2.0,0.1805888111111111,-0.040851450000000004,0.09659364523809523,0.11899756520591033,1.8571428571428572,0.11572841904761903,0.0026171261904761657,0.07668583656462584,0.10956853018662904,2.0714285714285716,0.10610534081632653,0.0051064950758765056,0.049010537817460315,0.12386090967935101,1.8,0.11458608246031747,0.004211934098998885,46.0006730611546,0.021859221154674494,0.019369659632567936,0.28388745539765403,-0.13425469611193977,-0.9795395750711843,-3.525034091875696,0.0,0.0,0.451494,0.0,0.0,0.0,0.0,0.518786,0.0,0.0,0.5,0.0,0.0,0.0,0.5,0.0,0.0,0.051184,0.0,0.0,0.0,0.0,0.0063905,0.0,0.0,-0.038403,0.0,0.0,0.0,-0.038403,0.0,0.0,0.023109268896000002,0.0,0.0,0.0,0.0,-0.030154445443000003,0.0,0.0,-0.0192015,0.0,0.0,0.0,-0.0192015,0.01343205,0.0268641,0.7,2
2025-06-29,-0.038627,0.06334757520615923,1,-0.038627,-0.038627,0.072876,0.072876,0.115468,0.02948352434835428,1,1,neutral,-0.0450175,0.11775784083858297,-0.002814981252,0.09336605555555556,0.1909635654136918,1.6666666666666667,0.1564256111111111,-0.17548083333333336,0.06188250238095239,0.11775784083858297,1.8571428571428572,0.11700599047619045,0.003523107738095238,0.07483938418367346,0.11139472293708755,2.0714285714285716,0.09494788843537415,-0.0011374706907378359,0.053064704484126986,0.11865636616766918,1.8,0.1140985157936508,0.0022033407132263376,49.361015841032874,0.010301651220926682,0.01755605795023969,0.2844752892839345,-0.14582839666488687,-7.04444096706048,-6.064901391989296,0.0,0.0,0.0,0.0,0.0,0.0,0.0,0.918141,0.0,0.0,0.5,0.0,0.0,0.0,0.5,0.0,0.0,0.0,0.0,0.0,0.0,0.0,-0.038627,0.0,0.0,-0.038627,0.0,0.0,0.0,-0.038627,0.0,0.0,0.0,0.0,0.0,0.0,0.0,-0.035465032407000004,0.0,0.0,-0.0193135,0.0,0.0,0.0,-0.0193135,-0.0193135,-0.0193135,0.5,1
