date,sentiment_mean,sentiment_std,sentiment_count,sentiment_min,sentiment_max,relevance_mean,relevance_sum,overall_sentiment_mean,overall_sentiment_std,source_count,article_count,sentiment_polarity,sentiment_momentum,sentiment_volatility,weighted_sentiment,sentiment_ma_3d,sentiment_std_3d,article_count_ma_3d,relevance_ma_3d,sentiment_trend_3d,sentiment_ma_7d,sentiment_std_7d,article_count_ma_7d,relevance_ma_7d,sentiment_trend_7d,sentiment_ma_14d,sentiment_std_14d,article_count_ma_14d,relevance_ma_14d,sentiment_trend_14d,sentiment_ma_30d,sentiment_std_30d,article_count_ma_30d,relevance_ma_30d,sentiment_trend_30d,sentiment_rsi,sentiment_macd,sentiment_macd_signal,sentiment_bb_upper,sentiment_bb_lower,sentiment_rate_of_change,sentiment_acceleration,Blockchain_relevance_score,Earnings_relevance_score,Economy - Fiscal_relevance_score,Economy - Macro_relevance_score,Economy - Monetary_relevance_score,Energy & Transportation_relevance_score,Finance_relevance_score,Financial Markets_relevance_score,IPO_relevance_score,Life Sciences_relevance_score,Manufacturing_relevance_score,Mergers & Acquisitions_relevance_score,Real Estate & Construction_relevance_score,Retail & Wholesale_relevance_score,Technology_relevance_score,Blockchain_sentiment_score,Earnings_sentiment_score,Economy - Fiscal_sentiment_score,Economy - Macro_sentiment_score,Economy - Monetary_sentiment_score,Energy & Transportation_sentiment_score,Finance_sentiment_score,Financial Markets_sentiment_score,IPO_sentiment_score,Life Sciences_sentiment_score,Manufacturing_sentiment_score,Mergers & Acquisitions_sentiment_score,Real Estate & Construction_sentiment_score,Retail & Wholesale_sentiment_score,Technology_sentiment_score,Blockchain_weighted_sentiment,Earnings_weighted_sentiment,Economy - Fiscal_weighted_sentiment,Economy - Macro_weighted_sentiment,Economy - Monetary_weighted_sentiment,Energy & Transportation_weighted_sentiment,Finance_weighted_sentiment,Financial Markets_weighted_sentiment,IPO_weighted_sentiment,Life Sciences_weighted_sentiment,Manufacturing_weighted_sentiment,Mergers & Acquisitions_weighted_sentiment,Real Estate & Construction_weighted_sentiment,Retail & Wholesale_weighted_sentiment,Technology_weighted_sentiment,weighted_sentiment_mean,weighted_sentiment_sum,avg_source_weight,unique_sources
2024-01-01,-0.0204831282051282,0.1520741112064113,39,-0.437533,0.2776,0.1151037692307692,4.489047,-0.0582161794871795,0.2230923462894696,6,39,neutral,0.0,0.1520741112064113,-0.0023576852620473,-0.0204831282051282,0.1520741112064113,39.0,0.1151037692307692,0.0,-0.0204831282051282,0.1520741112064113,39.0,0.1151037692307692,0.0,-0.0204831282051282,0.1520741112064113,39.0,0.1151037692307692,0.0,-0.0204831282051282,0.1520741112064113,39.0,0.1151037692307692,0.0,50.0,0.0,0.0,0.2836650942076945,-0.3246313506179509,0.0,0.0,0.0,0.0,0.0,0.0,0.0,0.0,0.0,0.0,0.0,0.0,0.0,0.0,0.0,0.0,0.0,0.0,0.0,0.0,0.0,0.0,0.0,0.0,0.0,0.0,0.0,0.0,0.0,0.0,0.0,0.0,0.0,0.0,0.0,0.0,0.0,0.0,0.0,0.0,0.0,0.0,0.0,0.0,0.0,0.0,0.0,-0.0023576852620473,-0.0919497252198461,0.1151037692307692,6
2024-01-02,0.0175852207792207,0.1632672850528932,77,-0.386982,0.412456,0.1333331038961039,10.266649,-0.0269705324675324,0.1867370476941181,8,77,neutral,0.0380683489843489,0.1576706981296523,0.0023446920691917,-0.0014489537129537,0.1576706981296523,58.0,0.1242184365634365,0.0,-0.0014489537129537,0.1576706981296523,58.0,0.1242184365634365,0.0,-0.0014489537129537,0.1576706981296523,58.0,0.1242184365634365,0.0,-0.0014489537129537,0.1576706981296523,58.0,0.1242184365634365,0.0,50.0,0.0,0.0,0.3138924425463509,-0.3167903499722583,-1.858522223906117,0.0,0.0,0.0,0.0,0.0,0.0,0.0,0.0,0.0,0.0,0.0,0.0,0.0,0.0,0.0,0.0,0.0,0.0,0.0,0.0,0.0,0.0,0.0,0.0,0.0,0.0,0.0,0.0,0.0,0.0,0.0,0.0,0.0,0.0,0.0,0.0,0.0,0.0,0.0,0.0,0.0,0.0,0.0,0.0,0.0,0.0,0.0023446920691917,0.1805412893277662,0.1333331038961039,8
2024-01-03,-0.0072445581395348,0.1570812604248929,86,-0.389995,0.605014,0.1176193023255813,10.11526,-0.0338247674418604,0.1670364218837017,13,86,neutral,-0.0248297789187556,0.1574742188947325,-0.0008520998740292,-0.0033808218551474,0.1574742188947325,67.33333333333333,0.1220187251508181,0.0,-0.0033808218551474,0.1574742188947325,67.33333333333333,0.1220187251508181,0.0,-0.0033808218551474,0.1574742188947325,67.33333333333333,0.1220187251508181,0.0,-0.0033808218551474,0.1574742188947325,67.33333333333333,0.1220187251508181,0.0,50.0,0.0,0.0,0.3115676159343176,-0.3183292596446125,-1.4119685632889676,-0.0628981279031046,0.0,0.0,0.0,0.0,0.0,0.0,0.0,0.0,0.0,0.0,0.0,0.0,0.0,0.0,0.0,0.0,0.0,0.0,0.0,0.0,0.0,0.0,0.0,0.0,0.0,0.0,0.0,0.0,0.0,0.0,0.0,0.0,0.0,0.0,0.0,0.0,0.0,0.0,0.0,0.0,0.0,0.0,0.0,0.0,0.0,-0.0008520998740292,-0.0732805891665116,0.1176193023255813,13
2024-01-04,0.0273921551724137,0.167460517336549,58,-0.369489,0.420482,0.1179013620689655,6.838279,0.0407183793103448,0.2055149647137458,9,58,neutral,0.0346367133119486,0.1599707935051866,0.003229572404832,0.0125776059373665,0.1626030209381117,73.66666666666667,0.1229512560968835,0.047875283377542,0.0043124224017428,0.1599707935051866,65.0,0.120989384380355,0.0,0.0043124224017428,0.1599707935051866,65.0,0.120989384380355,0.0,0.0043124224017428,0.1599707935051866,65.0,0.120989384380355,0.0,50.0,0.0,0.0,0.3242540094121162,-0.3156291646086305,-4.781066373521082,0.0594664922307043,0.0,0.0,0.0,0.0,0.0,0.0,0.0,0.0,0.0,0.0,0.0,0.0,0.0,0.0,0.0,0.0,0.0,0.0,0.0,0.0,0.0,0.0,0.0,0.0,0.0,0.0,0.0,0.0,0.0,0.0,0.0,0.0,0.0,0.0,0.0,0.0,0.0,0.0,0.0,0.0,0.0,0.0,0.0,0.0,0.0,0.003229572404832,0.1873151994802586,0.1179013620689655,9
2024-01-05,-0.007083054054054,0.1534660950311376,111,-0.828257,0.401166,0.1167544954954955,12.959749,-0.0353149099099099,0.1719944570960222,14,111,neutral,-0.0344752092264678,0.1586698538103768,-0.0008269784026484,0.0043548476596082,0.1593359575975265,85.0,0.1174250532966808,-0.0246682748332748,0.0020333271105834,0.1586698538103768,74.2,0.1201424066033831,0.0,0.0020333271105834,0.1586698538103768,74.2,0.1201424066033831,0.0,0.0020333271105834,0.1586698538103768,74.2,0.1201424066033831,0.0,50.0,0.0,0.0,0.3193730347313371,-0.3153063805101702,-1.2585796557252014,-0.0691119225384165,0.0,0.0,0.0,0.0,0.0,0.0,0.0,0.0,0.0,0.0,0.0,0.0,0.0,0.0,0.0,0.0,0.0,0.0,0.0,0.0,0.0,0.0,0.0,0.0,0.0,0.0,0.0,0.0,0.0,0.0,0.0,0.0,0.0,0.0,0.0,0.0,0.0,0.0,0.0,0.0,0.0,0.0,0.0,0.0,0.0,-0.0008269784026484,-0.091794602693973,0.1167544954954955,14
2024-01-06,0.0229225,0.1276590062564907,58,-0.223859,0.390594,0.1188822413793103,6.89517,-0.0072385172413793,0.1670047794478635,7,58,neutral,0.030005554054054,0.1537868328203927,0.0027250781780172,0.0144105337061199,0.1495285395413924,75.66666666666667,0.1178460329812571,0.0301670581395348,0.0055148559254862,0.1535013792180624,71.5,0.1199323790660376,0.0,0.0055148559254862,0.1535013792180624,71.5,0.1199323790660376,0.0,0.0055148559254862,0.1535013792180624,71.5,0.1199323790660376,0.0,50.0,0.0,0.0,0.3125176143616112,-0.3014879025106387,-4.236245244645575,0.0644807632805219,0.0,0.0,0.0,0.0,0.0,0.0,0.0,0.0,0.0,0.0,0.0,0.0,0.0,0.0,0.0,0.0,0.0,0.0,0.0,0.0,0.0,0.0,0.0,0.0,0.0,0.0,0.0,0.0,0.0,0.0,0.0,0.0,0.0,0.0,0.0,0.0,0.0,0.0,0.0,0.0,0.0,0.0,0.0,0.0,0.0,0.0027250781780172,0.158054534325,0.1188822413793103,7
2024-01-07,-0.0064213076923076,0.1350669818051601,39,-0.485251,0.352037,0.1850030769230769,7.21512,-0.0104426153846153,0.1316357235562986,6,39,neutral,-0.0293438076923076,0.1481467721708461,-0.0011879616809467,0.0031393794178794,0.1387306943642628,69.33333333333333,0.1402132712659609,-0.0338134628647214,0.0038096896943728,0.1508678938733621,66.85714285714286,0.1292281930456147,0.0,0.0038096896943728,0.1508678938733621,66.85714285714286,0.1292281930456147,0.0,0.0038096896943728,0.1508678938733621,66.85714285714286,0.1292281930456147,0.0,50.0,0.0,0.0,0.3055454774410971,-0.2979260980523514,-1.2801312113559904,-0.0593493617463617,0.0,0.0,0.0,0.0,0.0,0.0,0.0,0.0,0.0,0.0,0.0,0.0,0.0,0.0,0.0,0.0,0.0,0.0,0.0,0.0,0.0,0.0,0.0,0.0,0.0,0.0,0.0,0.0,0.0,0.0,0.0,0.0,0.0,0.0,0.0,0.0,0.0,0.0,0.0,0.0,0.0,0.0,0.0,0.0,0.0,-0.0011879616809467,-0.046330505556923,0.1850030769230769,6
2024-01-08,0.0325516744186046,0.1532327445115046,86,-0.277902,0.438072,0.1190705,10.240063,0.0294425581395348,0.1840469401048742,14,86,neutral,0.0389729821109123,0.1473770689881684,0.0038759441488604,0.0163509555754323,0.1386529108577184,61.0,0.1409852727674624,0.0396347284726587,0.0113860900691917,0.1510334129169468,73.57142857142857,0.1297948688697905,0.0530348026237328,0.0074024377849017,0.1511635002031299,69.25,0.1279584814149128,0.0,0.0074024377849017,0.1511635002031299,69.25,0.1279584814149128,0.0,50.0,0.0,0.0,0.3097294381911617,-0.2949245626213581,-6.069321698693778,0.06831678980322,0.0,0.0,0.0,0.0,0.0,0.0,0.0,0.0,0.0,0.0,0.0,0.0,0.0,0.0,0.0,0.0,0.0,0.0,0.0,0.0,0.0,0.0,0.0,0.0,0.0,0.0,0.0,0.0,0.0,0.0,0.0,0.0,0.0,0.0,0.0,0.0,0.0,0.0,0.0,0.0,0.0,0.0,0.0,0.0,0.0,0.0038759441488604,0.3333311968019999,0.1190705,14
2024-01-09,0.0312650705882352,0.1261207720323761,85,-0.46717,0.352368,0.1225166823529411,10.413918,0.0085393176470588,0.1434504623662826,10,85,neutral,-0.0012866038303693,0.1391091199273338,0.0038304927220011,0.0191318124381774,0.1381401661163469,70.0,0.142196753092006,0.0083425705882352,0.0133403543276224,0.1457267681997301,74.71428571428571,0.1282496657921958,0.0136798498090145,0.0100538414297166,0.1483809748508239,71.0,0.1273538370746937,0.0,0.0100538414297166,0.1483809748508239,71.0,0.1273538370746937,0.0,50.0,0.0,0.0,0.3068157911313646,-0.2867081082719313,-0.0395249661760565,-0.0402595859412816,0.0,0.0,0.0,0.0,0.0,0.0,0.0,0.0,0.0,0.0,0.0,0.0,0.0,0.0,0.0,0.0,0.0,0.0,0.0,0.0,0.0,0.0,0.0,0.0,0.0,0.0,0.0,0.0,0.0,0.0,0.0,0.0,0.0,0.0,0.0,0.0,0.0,0.0,0.0,0.0,0.0,0.0,0.0,0.0,0.0,0.0038304927220011,0.3255918813700941,0.1225166823529411,10
2024-01-10,0.0097915140186915,0.1498324149898349,107,-0.351309,0.567608,0.1335522336448598,14.290089,-0.0016801869158878,0.1898863724820184,11,107,neutral,-0.0214735565695437,0.1383823839190733,0.0013076785679612,0.0245360863418438,0.1430619771779052,92.66666666666669,0.125046471999267,0.0162128217109992,0.0157740789216547,0.1446912188518647,77.71428571428571,0.130525798837807,0.0170360721582264,0.0100276086886141,0.148526118864725,74.6,0.1279736767317104,0.0,0.0100276086886141,0.148526118864725,74.6,0.1279736767317104,0.0,50.0,0.0,0.0,0.3070798464180642,-0.287024629040836,-0.6868225839740778,-0.0201869527391743,0.0,0.0,0.0,0.0,0.0,0.0,0.0,0.0,0.0,0.0,0.0,0.0,0.0,0.0,0.0,0.0,0.0,0.0,0.0,0.0,0.0,0.0,0.0,0.0,0.0,0.0,0.0,0.0,0.0,0.0,0.0,0.0,0.0,0.0,0.0,0.0,0.0,0.0,0.0,0.0,0.0,0.0,0.0,0.0,0.0,0.0013076785679612,0.1399216067718505,0.1335522336448598,11
2024-01-11,-0.0028490902255639,0.1103976472595605,133,-0.296028,0.386833,0.1560571127819549,20.755596,-0.0136115338345864,0.1389895884701412,12,133,neutral,-0.0126406042442555,0.1349301121196872,-0.0004446207946567,0.0127358314604543,0.1287836114272571,108.33333333333331,0.1373753429265853,-0.0354007646441685,0.0114539010076579,0.1365393802694378,88.42857142857143,0.135976620368234,-0.0302412453979777,0.0088569996964161,0.1450598941733464,79.9090909090909,0.1305267163726416,0.0,0.0088569996964161,0.1450598941733464,79.9090909090909,0.1305267163726416,0.0,50.0,0.0,0.0,0.298976788043109,-0.2812627886502768,-1.2909754528385615,0.0088329523252882,0.0,0.0,0.0,0.0,0.0,0.0,0.0,0.0,0.0,0.0,0.0,0.0,0.0,0.0,0.0,0.0,0.0,0.0,0.0,0.0,0.0,0.0,0.0,0.0,0.0,0.0,0.0,0.0,0.0,0.0,0.0,0.0,0.0,0.0,0.0,0.0,0.0,0.0,0.0,0.0,0.0,0.0,0.0,0.0,0.0,-0.0004446207946567,-0.0591345656893533,0.1560571127819549,12
2024-01-12,-0.0198234329896907,0.1299096966490014,97,-0.438014,0.32664,0.1110645257731958,10.773259,-0.0520196082474226,0.1777330137394497,9,97,neutral,-0.0169743427641268,0.1338986550884555,-0.0022016801841967,-0.0042936697321876,0.1300465862994656,112.33333333333331,0.1335579574000035,-0.051088503577926,0.0096338468739956,0.1331741805005612,86.42857142857143,0.1351637675507627,-0.0127403789356366,0.0064669636392405,0.1437973777129843,81.33333333333333,0.1289048671560212,0.0,0.0064669636392405,0.1437973777129843,81.33333333333333,0.1289048671560212,0.0,50.0,0.0,0.0,0.2940617190652093,-0.2811277917867282,5.957811589054588,-0.0043337385198713,0.0,0.0,0.0,0.0,0.0,0.0,0.0,0.0,0.0,0.0,0.0,0.0,0.0,0.0,0.0,0.0,0.0,0.0,0.0,0.0,0.0,0.0,0.0,0.0,0.0,0.0,0.0,0.0,0.0,0.0,0.0,0.0,0.0,0.0,0.0,0.0,0.0,0.0,0.0,0.0,0.0,0.0,0.0,0.0,0.0,-0.0022016801841967,-0.2135629778670824,0.1110645257731958,9
2024-01-13,-0.0189788275862069,0.1073267836500819,58,-0.322831,0.299678,0.1013004137931034,5.875424,-0.0325110344827586,0.1822466500151736,8,58,neutral,0.0008446054034838,0.124717462916171,-0.0019225630877907,-0.0138837836004871,0.1158780425195479,96.0,0.1228073507827514,-0.0287703416048984,0.0036479429331089,0.1302695772710742,86.42857142857143,0.1326520778955902,-0.0419013275862069,0.0045095950834369,0.1409919474004534,79.53846153846153,0.126781447666566,0.0,0.0045095950834369,0.1409919474004534,79.53846153846153,0.126781447666566,0.0,50.0,0.0,0.0,0.2864934898843437,-0.2774742997174699,-0.0426064145359215,0.0178189481676106,0.0,0.0,0.0,0.0,0.0,0.0,0.0,0.0,0.0,0.0,0.0,0.0,0.0,0.0,0.0,0.0,0.0,0.0,0.0,0.0,0.0,0.0,0.0,0.0,0.0,0.0,0.0,0.0,0.0,0.0,0.0,0.0,0.0,0.0,0.0,0.0,0.0,0.0,0.0,0.0,0.0,0.0,0.0,0.0,0.0,-0.0019225630877907,-0.111508659091862,0.1013004137931034,8
2024-01-14,-0.0190652608695652,0.1137494493858097,46,-0.309176,0.188089,0.1217479347826087,5.600405,-0.0372241086956521,0.1806809778998735,7,46,neutral,-8.643328335831979e-05,0.1222431983868577,-0.0023211561369612,-0.0192891738151542,0.1169953098949643,67.0,0.1113709581163026,-0.0162161706440013,0.0018416639077863,0.1272242154968813,87.42857142857143,0.1236156290183805,-0.0126439531772575,0.0028256768010796,0.1390460546851217,77.14285714285714,0.1264219110319976,0.0,0.0028256768010796,0.1390460546851217,77.14285714285714,0.1264219110319976,0.0,50.0,0.0,0.0,0.280917786171323,-0.2752664325691639,0.0045541950874319,-0.0009310386868421,0.0,0.0,0.0,0.0,0.0,0.0,0.0,0.0,0.0,0.0,0.0,0.0,0.0,0.0,0.0,0.0,0.0,0.0,0.0,0.0,0.0,0.0,0.0,0.0,0.0,0.0,0.0,0.0,0.0,0.0,0.0,0.0,0.0,0.0,0.0,0.0,0.0,0.0,0.0,0.0,0.0,0.0,0.0,0.0,0.0,-0.0023211561369612,-0.1067731823002174,0.1217479347826087,7
2024-01-15,0.0046976769230769,0.1393704314584324,65,-0.308007,0.453931,0.1232424461538461,8.010759,0.0021356923076923,0.2027257352291146,10,65,neutral,0.0237629377926421,0.1201508016805772,0.0005789531952404,-0.0111154705108983,0.1201488881647747,56.333333333333336,0.1154302649098528,0.0245211099127676,-0.0021374785915747,0.1252438850607281,84.42857142857143,0.1242116213260728,-0.0278539974955277,0.0046243057388085,0.1381386489888375,79.0,0.1270032450979316,0.0251808051282051,0.0029504768092127,0.1390676798033424,76.33333333333333,0.1262099467067875,0.0,50.0,0.0,0.0,0.2810858364158977,-0.2751848827974721,-1.2463998240158387,0.0238493710760004,0.0,0.0,0.0,0.0,0.0,0.0,0.0,0.0,0.0,0.0,0.0,0.0,0.0,0.0,0.0,0.0,0.0,0.0,0.0,0.0,0.0,0.0,0.0,0.0,0.0,0.0,0.0,0.0,0.0,0.0,0.0,0.0,0.0,0.0,0.0,0.0,0.0,0.0,0.0,0.0,0.0,0.0,0.0,0.0,0.0,0.0005789531952404,0.0376319576906307,0.1232424461538461,10
2024-01-16,0.0486452129629629,0.1522718816146574,108,-0.375459,0.498838,0.1152065,12.442302,0.0878159907407407,0.1874440809194275,9,108,neutral,0.043947536039886,0.1285256485515966,0.0056042447272175,0.0114258763388248,0.1351305874862998,73.0,0.1200656269788183,0.0676240405491698,0.0003453988905292,0.1289797578581969,87.71428571428571,0.123167309561367,0.0173801423747276,0.0068428766090758,0.1373532630289635,81.21428571428571,0.1257084876767814,0.0310599921837421,0.0058063978188221,0.1398929424165496,78.3125,0.1255222312876133,0.0,50.0,0.0,0.0,0.2855922826519214,-0.2739794870142771,9.355163575425468,0.0201845982472438,0.0,0.0,0.0,0.0,0.0,0.0,0.0,0.0,0.0,0.0,0.0,0.0,0.0,0.0,0.0,0.0,0.0,0.0,0.0,0.0,0.0,0.0,0.0,0.0,0.0,0.0,0.0,0.0,0.0,0.0,0.0,0.0,0.0,0.0,0.0,0.0,0.0,0.0,0.0,0.0,0.0,0.0,0.0,0.0,0.0,0.0056042447272175,0.6052584305394999,0.1152065,9
2024-01-17,-0.0043808018867924,0.1416211382929768,106,-0.368853,0.270812,0.1435162452830188,15.212722,0.0032881981132075,0.1774122945822027,8,106,neutral,-0.0530260148497554,0.1308679368803917,-0.0006287162381212,0.0163206959997491,0.1444211504553556,93.0,0.127321730478955,0.0146844589827727,-0.001679217667397,0.1278067183300743,87.57142857142857,0.1245907397953896,-0.014172315905484,0.0070474306271288,0.1362489685909695,82.64285714285714,0.1275582693165983,0.0028637562527424,0.0052071507773154,0.1399946009975159,79.94117647058823,0.1265807026991077,0.0,50.0,0.0,0.0,0.2851963527723473,-0.2747820512177165,-1.0900561765476875,-0.0969735508896414,0.0,0.0,0.0,0.0,0.0,0.0,0.0,0.0,0.0,0.0,0.0,0.0,0.0,0.0,0.0,0.0,0.0,0.0,0.0,0.0,0.0,0.0,0.0,0.0,0.0,0.0,0.0,0.0,0.0,0.0,0.0,0.0,0.0,0.0,0.0,0.0,0.0,0.0,0.0,0.0,0.0,0.0,0.0,0.0,0.0,-0.0006287162381212,-0.066643921240849,0.1435162452830188,8
2024-01-18,-0.0042400499999999,0.1504874358044887,80,-0.347281,0.42365,0.1395622625,11.164981,0.0003910999999999,0.1506680428330919,11,80,neutral,0.0001407518867924,0.139500067311273,-0.0005917509711131,0.0133414536920568,0.1481268185707077,98.0,0.1327616692610063,-0.0089377269230769,-0.0018779262066022,0.1335338309793498,80.0,0.1222343326122532,-0.001390959774436,0.0047879874005278,0.1350366056243938,84.21428571428571,0.1291054764902437,-0.0316322051724137,0.0046823062896867,0.1405775362645699,79.94444444444444,0.1273019004658239,0.0,50.0,0.0,0.0,0.2858373788188267,-0.2764727662394531,-0.0321292517739282,0.0531667667365478,0.0,0.0,0.0,0.0,0.0,0.0,0.0,0.0,0.0,0.0,0.0,0.0,0.0,0.0,0.0,0.0,0.0,0.0,0.0,0.0,0.0,0.0,0.0,0.0,0.0,0.0,0.0,0.0,0.0,0.0,0.0,0.0,0.0,0.0,0.0,0.0,0.0,0.0,0.0,0.0,0.0,0.0,0.0,0.0,0.0,-0.0005917509711131,-0.0473400776890499,0.1395622625,11
2024-01-19,0.0101601923076923,0.13303128703088,78,-0.267912,0.469771,0.1118572051282051,8.724862,0.033524423076923,0.1634487262995602,12,78,neutral,0.0144002423076923,0.1433564348402871,0.0011364907151035,0.0005131134736332,0.1417132870427819,88.0,0.1316452376370747,-0.0384850206552706,0.002405448835881,0.1339797724624753,77.28571428571429,0.1223475725201117,0.029983625297383,0.0060196478549383,0.1335769764815182,81.85714285714286,0.1287556700354372,0.0172432463617463,0.0049706160801081,0.1401803652522705,79.84210526315789,0.126489021763844,0.0,50.0,0.0,0.0,0.2853313465846492,-0.2753901144244329,-3.3962435130935513,0.0142594904208998,0.0,0.0,0.0,0.0,0.0,0.0,0.0,0.0,0.0,0.0,0.0,0.0,0.0,0.0,0.0,0.0,0.0,0.0,0.0,0.0,0.0,0.0,0.0,0.0,0.0,0.0,0.0,0.0,0.0,0.0,0.0,0.0,0.0,0.0,0.0,0.0,0.0,0.0,0.0,0.0,0.0,0.0,0.0,0.0,0.0,0.0011364907151035,0.0886462757780769,0.1118572051282051,12
2024-01-20,-0.0098370399999999,0.1294691768204687,50,-0.228924,0.292619,0.1121334599999999,5.606673,-0.01374812,0.1590097513980158,7,50,neutral,-0.0199972323076923,0.1413761839126943,-0.0011030613313583,-0.0013056325641025,0.1376626332186125,69.33333333333333,0.1211843092094017,-0.0054562381132075,0.0037114184910535,0.1371429714868162,76.14285714285714,0.1238951505496684,0.0091417875862069,0.0036796807120812,0.1337062743789452,81.28571428571429,0.1282736142226293,-0.03275954,0.0042302332761027,0.1396448058306804,78.35,0.1257712436756518,0.0,50.0,0.0,0.0,0.2835198449374636,-0.2750593783852582,-1.968194272519069,-0.0343974746153846,0.0,0.0,0.0,0.0,0.0,0.0,0.0,0.0,0.0,0.0,0.0,0.0,0.0,0.0,0.0,0.0,0.0,0.0,0.0,0.0,0.0,0.0,0.0,0.0,0.0,0.0,0.0,0.0,0.0,0.0,0.0,0.0,0.0,0.0,0.0,0.0,0.0,0.0,0.0,0.0,0.0,0.0,0.0,0.0,0.0,-0.0011030613313583,-0.0551530665679199,0.1121334599999999,7
2024-01-21,0.01277825,0.1340669686333649,64,-0.378366,0.305803,0.135181625,8.651624,0.019706140625,0.1606489550670117,8,64,neutral,0.02261529,0.1377352013164358,0.0017273845996562,0.0043671341025641,0.1321891441615712,64.0,0.1197240967094017,0.0170183,0.0082604914724199,0.140045474236467,78.71428571428571,0.1258142491521529,0.0318435108695652,0.0050510776901031,0.1336348448666741,83.07142857142857,0.1247149390852667,0.0191995576923076,0.0046372816915263,0.1393791945355701,77.66666666666667,0.1262193570720493,0.0,50.0,0.0,0.0,0.2833821995904154,-0.2715955952176971,-2.2989933963875315,0.0426125223076923,0.0,0.0,0.0,0.0,0.0,0.0,0.0,0.0,0.0,0.0,0.0,0.0,0.0,0.0,0.0,0.0,0.0,0.0,0.0,0.0,0.0,0.0,0.0,0.0,0.0,0.0,0.0,0.0,0.0,0.0,0.0,0.0,0.0,0.0,0.0,0.0,0.0,0.0,0.0,0.0,0.0,0.0,0.0,0.0,0.0,0.0017273845996562,0.110552614378,0.135181625,8
2024-01-22,0.0204230357142857,0.1360180688424343,84,-0.496369,0.350534,0.1056068928571428,8.870979,0.0076284642857142,0.1857824506530726,12,84,neutral,0.0076447857142857,0.1366145874263274,0.0021568133444961,0.0077880819047619,0.133184738098756,66.0,0.1176406592857143,0.0102628434065934,0.0105069712997355,0.1395665652913244,81.42857142857143,0.1232948843954809,0.0157253587912087,0.0041847463540803,0.1324052251760263,82.92857142857143,0.1237532528607769,-0.0121286387043189,0.0053548159652881,0.1392264160949731,77.95454545454545,0.1252824268804627,0.0,50.0,0.0,0.0,0.2807991687161227,-0.268728782849898,0.5982654678289836,-0.0149705042857142,0.0,0.0,0.0,0.0,0.0,0.0,0.0,0.0,0.0,0.0,0.0,0.0,0.0,0.0,0.0,0.0,0.0,0.0,0.0,0.0,0.0,0.0,0.0,0.0,0.0,0.0,0.0,0.0,0.0,0.0,0.0,0.0,0.0,0.0,0.0,0.0,0.0,0.0,0.0,0.0,0.0,0.0,0.0,0.0,0.0,0.0021568133444961,0.1811723209376785,0.1056068928571428,12
2024-01-23,0.0309247159090909,0.1555831341383045,88,-0.489041,0.357618,0.1322150340909091,11.634923,0.0487260454545454,0.1707066920665963,7,88,neutral,0.0105016801948051,0.1376337270930905,0.0040887123681721,0.0213753338744588,0.1418893905380346,78.66666666666667,0.1243345173160173,0.0407617559090909,0.0079754717206109,0.1400396013661312,78.57142857142857,0.1257246749798965,-0.017720497053872,0.00416043530557,0.134509679612164,83.14285714285714,0.1244459922706317,-0.0003403546791443,0.0064665507454535,0.1399375777490309,78.3913043478261,0.1255838445852647,0.0,50.0,0.0,0.0,0.2825578197898951,-0.2666705065188078,0.5142076007564034,0.0028568944805194,0.0,0.0,0.0,0.0,0.0,0.0,0.0,0.0,0.0,0.0,0.0,0.0,0.0,0.0,0.0,0.0,0.0,0.0,0.0,0.0,0.0,0.0,0.0,0.0,0.0,0.0,0.0,0.0,0.0,0.0,0.0,0.0,0.0,0.0,0.0,0.0,0.0,0.0,0.0,0.0,0.0,0.0,0.0,0.0,0.0,0.0040887123681721,0.3598066883991477,0.1322150340909091,7
2024-01-24,0.0313910583333333,0.1275796889968226,120,-0.34864,0.471422,0.131658025,15.798963,0.063013475,0.1592489983654086,8,120,neutral,0.0004663424242424,0.136543407486279,0.0041328847428264,0.0275796033189033,0.1397269639925205,97.33333333333331,0.123159983982684,0.0186128083333333,0.0130857374663431,0.1380336800381091,80.57142857142857,0.1240306435108938,0.0357718602201257,0.005703259899473,0.1329201991840917,84.07142857142857,0.1243106916531417,0.0215995443146417,0.0075050718949485,0.1394226657176889,80.125,0.1258369354358787,0.0,50.0,0.0,0.0,0.2787696821139685,-0.2624824785267892,0.015079925895304,-0.0100353377705627,0.0,0.0,0.0,0.0,0.0,0.0,0.0,0.0,0.0,0.0,0.0,0.0,0.0,0.0,0.0,0.0,0.0,0.0,0.0,0.0,0.0,0.0,0.0,0.0,0.0,0.0,0.0,0.0,0.0,0.0,0.0,0.0,0.0,0.0,0.0,0.0,0.0,0.0,0.0,0.0,0.0,0.0,0.0,0.0,0.0,0.0041328847428264,0.495946169139175,0.131658025,8
2024-01-25,0.0145619775280898,0.1288917078274677,89,-0.31064,0.420801,0.1074249438202247,9.56082,0.0159189550561797,0.1932245483520115,10,89,neutral,-0.0168290808052434,0.1364279136876788,0.0015643196178664,0.025625917256838,0.1373515103208649,99.0,0.1237660009703779,-0.0058610581861958,0.0157717413989274,0.1349485760413918,81.85714285714286,0.1194395979852116,0.0188020275280898,0.0069469075961626,0.1342412035103708,80.92857142857143,0.1208369652987324,0.0174110677536537,0.0077873481202741,0.1390014274020801,80.48,0.1251004557712525,0.0,50.0,0.0,0.0,0.2773944949727087,-0.258942788227315,-0.5361106537581465,-0.0172954232294858,0.0,0.0,0.0,0.0,0.0,0.0,0.0,0.0,0.0,0.0,0.0,0.0,0.0,0.0,0.0,0.0,0.0,0.0,0.0,0.0,0.0,0.0,0.0,0.0,0.0,0.0,0.0,0.0,0.0,0.0,0.0,0.0,0.0,0.0,0.0,0.0,0.0,0.0,0.0,0.0,0.0,0.0,0.0,0.0,0.0,0.0015643196178664,0.1392244459901123,0.1074249438202247,10
2024-01-26,0.0100834444444444,0.1290244380546762,81,-0.257992,0.354036,0.0929713209876543,7.530677,0.0101527283950617,0.17614109058089,10,81,neutral,-0.0044785330836454,0.1354194075719411,0.0009374711501056,0.0186788267686225,0.1284986116263222,96.66666666666669,0.110684763269293,-0.0208412714646464,0.0157607774184634,0.1343761690447913,82.28571428571429,0.1167416145365615,-7.674786324786582e-05,0.0090831131271722,0.1341779707536333,79.78571428571429,0.1195445935283366,0.0299068774341351,0.0078756595173576,0.1386176970425645,80.5,0.1238647198180372,0.0,50.0,0.0,0.0,0.2768890853747495,-0.2597212841849114,-0.3075497867653212,0.012350547721598,0.0,0.0,0.0,0.0,0.0,0.0,0.0,0.0,0.0,0.0,0.0,0.0,0.0,0.0,0.0,0.0,0.0,0.0,0.0,0.0,0.0,0.0,0.0,0.0,0.0,0.0,0.0,0.0,0.0,0.0,0.0,0.0,0.0,0.0,0.0,0.0,0.0,0.0,0.0,0.0,0.0,0.0,0.0,0.0,0.0,0.0009374711501056,0.0759351631585555,0.0929713209876543,10
2024-01-27,0.0182407391304347,0.1336562028390477,46,-0.241405,0.30992,0.1226622608695652,5.642464,0.002776652173913,0.1658988878043513,6,46,neutral,0.0081572946859903,0.1349470343712637,0.002237450301671,0.014295387034323,0.1305241162403972,72.0,0.1076861752258147,-0.0131503192028985,0.0197718887228113,0.134974315618874,81.71428571428571,0.1182457289464994,0.0280777791304347,0.0117416536069323,0.1360586435528451,78.92857142857143,0.1210704397480839,0.0372195667166416,0.008259551354879,0.1384339379979898,79.22222222222223,0.1238201843014271,0.0,50.0,-0.0251808051282051,-0.0251808051282051,0.2779811098192753,-0.2583471039471629,0.8089789883738259,0.0126358277696357,0.0,0.0,0.0,0.0,0.0,0.0,0.0,0.0,0.0,0.0,0.0,0.0,0.0,0.0,0.0,0.0,0.0,0.0,0.0,0.0,0.0,0.0,0.0,0.0,0.0,0.0,0.0,0.0,0.0,0.0,0.0,0.0,0.0,0.0,0.0,0.0,0.0,0.0,0.0,0.0,0.0,0.0,0.0,0.0,0.0,0.002237450301671,0.1029227138768695,0.1226622608695652,6
2024-01-28,-0.0100456046511627,0.1862411480334466,43,-0.566867,0.445599,0.1569913255813953,6.750627,-0.0386550232558139,0.2114423586295631,4,43,neutral,-0.0282863437815975,0.1410786371502922,-0.0015770727904526,0.0060928596412388,0.1496405963090568,56.666666666666664,0.1242083024795383,-0.0246075821792526,0.0165113380583594,0.1424277698188857,78.71428571428571,0.1213614004581273,-0.0228238546511627,0.0123859147653897,0.1412366220276763,78.71428571428571,0.1235878248051401,0.0090196562184024,0.0076057957832346,0.140141338356399,77.92857142857143,0.1250048679185688,0.0,50.0,-0.0310599921837421,-0.0281203986559736,0.2791520862179811,-0.2637778082528456,-1.550723552336848,-0.0364436384675879,0.0,0.0,0.0,0.0,0.0,0.0,0.0,0.0,0.0,0.0,0.0,0.0,0.0,0.0,0.0,0.0,0.0,0.0,0.0,0.0,0.0,0.0,0.0,0.0,0.0,0.0,0.0,0.0,0.0,0.0,0.0,0.0,0.0,0.0,0.0,0.0,0.0,0.0,0.0,0.0,0.0,0.0,0.0,0.0,0.0,-0.0015770727904526,-0.0678141299894651,0.1569913255813953,4
2024-01-29,0.0018262340425531,0.1320503367654116,94,-0.356878,0.352993,0.1229190106382978,11.554387,-0.0168868829787234,0.188236482202166,9,94,neutral,0.0118718386937159,0.14197276670401,0.0002244788817046,0.0033404561739417,0.1506492292126353,61.0,0.1341908656964195,-0.0082572104018912,0.0138546521052548,0.1418609509507395,80.14285714285714,0.1238345601411495,-0.0185968016717325,0.0121808117024951,0.140713758121032,80.78571428571429,0.1235647222683152,-0.0028714428805237,0.0074065005507973,0.1398623383015374,78.48275862068965,0.124932941805456,0.0,50.0,-0.0028637562527424,-0.0197015178548965,0.2782731008640006,-0.2658427065534332,-1.181794337520719,0.0401581824753135,0.0,0.0,0.0,0.0,0.0,0.0,0.0,0.0,0.0,0.0,0.0,0.0,0.0,0.0,0.0,0.0,0.0,0.0,0.0,0.0,0.0,0.0,0.0,0.0,0.0,0.0,0.0,0.0,0.0,0.0,0.0,0.0,0.0,0.0,0.0,0.0,0.0,0.0,0.0,0.0,0.0,0.0,0.0,0.0,0.0,0.0002244788817046,0.021101014880234,0.1229190106382978,9
2024-01-30,0.0092570574712643,0.1283607311734409,87,-0.338737,0.376984,0.1099950804597701,9.569572,-0.0050808850574712,0.176251961692888,11,87,neutral,0.0074308234287111,0.1418665713732046,0.0010182307813724,0.0003458956208849,0.1488840719907664,74.66666666666667,0.1299684722264878,-0.0089836816591704,0.0107592723284224,0.1379720362414733,80.0,0.1206602810509867,-0.0216676584378265,0.0093673720245166,0.1390058188038022,79.28571428571429,0.1231924780154416,-0.0393881554916985,0.0074681857814796,0.1394789513972675,78.76666666666667,0.1244350130939332,0.0,50.0,0.0316322051724137,-0.0068680870980689,0.2760992096549899,-0.2637222609991652,4.068932708275662,-0.0044410152650048,0.0,0.0,0.0,0.0,0.0,0.0,0.0,0.0,0.0,0.0,0.0,0.0,0.0,0.0,0.0,0.0,0.0,0.0,0.0,0.0,0.0,0.0,0.0,0.0,0.0,0.0,0.0,0.0,0.0,0.0,0.0,0.0,0.0,0.0,0.0,0.0,0.0,0.0,0.0,0.0,0.0,0.0,0.0,0.0,0.0,0.0010182307813724,0.0885860779794022,0.1099950804597701,11
2024-01-31,-0.0048070126582278,0.1650659046632426,79,-0.380567,0.423757,0.1275165316455696,10.073806,-0.0193388354430379,0.1763632234668737,11,79,neutral,-0.0140640701294922,0.1490748646949179,-0.0006129735817535,0.0020920929518632,0.1418256575340317,86.66666666666667,0.1201435409145458,0.0052385919929349,0.005588119329628,0.1433272099081048,74.14285714285714,0.120068639143211,-0.0361980709915611,0.0093369283979855,0.1406804449731069,77.35714285714286,0.1220496413270524,-0.0004262107714353,0.0079907229663762,0.1399120111791619,80.1,0.1248487718410932,0.0156761155469003,50.0,-0.0172432463617463,-0.0089431189508044,0.2814681392737249,-0.2692869828611666,-1.519280848493132,-0.0214948935582033,0.0,0.0,0.0,0.0,0.0,0.0,0.0,0.0,0.0,0.0,0.0,0.0,0.0,0.0,0.0,0.0,0.0,0.0,0.0,0.0,0.0,0.0,0.0,0.0,0.0,0.0,0.0,0.0,0.0,0.0,0.0,0.0,0.0,0.0,0.0,0.0,0.0,0.0,0.0,0.0,0.0,0.0,0.0,0.0,0.0,-0.0006129735817535,-0.0484249129585316,0.1275165316455696,11
2024-02-01,-0.0141630568181818,0.1428778494768684,88,-0.438174,0.34163,0.1115446931818181,9.815933,-0.0378612954545454,0.20492318267126,11,88,neutral,-0.0093560441599539,0.150919194022482,-0.0015798138273007,-0.0032376706683817,0.1454348284378507,84.66666666666667,0.116352101762386,-0.015989290860735,0.0014845429944463,0.1453252301437334,74.0,0.1206571747662958,-0.0287250343462717,0.0086281421966868,0.1401369030925626,77.92857142857143,0.1200483863757537,-0.0099230068181818,0.0069324470464628,0.1392323633266277,80.46666666666667,0.1241224914839503,-0.0317482775974026,50.0,0.03275954,-0.001992675792337,0.283047973365087,-0.2703007793353779,1.9463323326057496,0.0047080259695382,0.0,0.0,0.0,0.0,0.0,0.0,0.0,0.0,0.0,0.0,0.0,0.0,0.0,0.0,0.0,0.0,0.0,0.0,0.0,0.0,0.0,0.0,0.0,0.0,0.0,0.0,0.0,0.0,0.0,0.0,0.0,0.0,0.0,0.0,0.0,0.0,0.0,0.0,0.0,0.0,0.0,0.0,0.0,0.0,0.0,-0.0015798138273007,-0.1390236168024659,0.1115446931818181,11
2024-02-02,0.009418101010101,0.1190177899191318,99,-0.245638,0.298014,0.1097537777777777,10.865624,0.0156936262626262,0.1825690376069454,9,99,neutral,0.0235811578282828,0.137474522399619,0.0010336721653512,-0.0031839894887695,0.1423205146864143,88.66666666666667,0.1162716675350552,0.0001610435388366,0.0013894939323972,0.1438957089815128,76.57142857142857,0.1230546685934563,-0.0006653434343434,0.0085751356754303,0.139135939013152,79.42857142857143,0.1198981415650089,-0.0007420912975912,0.0074878690181173,0.1379635809764357,80.9,0.1238603073323569,0.0166626591496358,50.0,-0.0191995576923076,-0.0044508017780471,0.2856369204218074,-0.2700500335324675,-1.664976574690467,0.0329372019882368,0.0,0.0,0.0,0.0,0.0,0.0,0.0,0.0,0.0,0.0,0.0,0.0,0.0,0.0,0.0,0.0,0.0,0.0,0.0,0.0,0.0,0.0,0.0,0.0,0.0,0.0,0.0,0.0,0.0,0.0,0.0,0.0,0.0,0.0,0.0,0.0,0.0,0.0,0.0,0.0,0.0,0.0,0.0,0.0,0.0,0.0010336721653512,0.1023335443697777,0.1097537777777777,9
2024-02-03,-0.0031296617647058,0.1300295274615307,68,-0.283036,0.332738,0.1087651911764705,7.396033,-0.0313565147058823,0.1967506150381627,8,68,neutral,-0.0125477627748068,0.1370703605388429,-0.0003403982601559,-0.0026248725242622,0.1306417222858436,85.0,0.1100212207120222,0.0016773508935219,-0.0016634204811942,0.1433776124990104,79.71428571428571,0.1210693729230142,-0.0213704008951406,0.0090542341208085,0.1391759640589422,80.71428571428571,0.1196575509347568,0.0067073782352941,0.0064704751202134,0.1367158813139351,81.23333333333333,0.123555768302607,-0.0305218169371196,50.0,0.0121286387043189,-0.0023783717177513,0.2880617081846225,-0.2708812613847966,-1.3323028454833188,-0.0361289206030897,0.0,0.0,0.0,0.0,0.0,0.0,0.0,0.0,0.0,0.0,0.0,0.0,0.0,0.0,0.0,0.0,0.0,0.0,0.0,0.0,0.0,0.0,0.0,0.0,0.0,0.0,0.0,0.0,0.0,0.0,0.0,0.0,0.0,0.0,0.0,0.0,0.0,0.0,0.0,0.0,0.0,0.0,0.0,0.0,0.0,-0.0003403982601559,-0.0231470816906029,0.1087651911764705,8
2024-02-04,0.0179854693877551,0.1460049170213829,49,-0.413012,0.328277,0.1452598163265306,7.117731,0.0109728367346938,0.1840932725728938,9,49,neutral,0.0211151311524609,0.1405991977084313,0.0026125659798117,0.0080913028777167,0.1316840781340151,72.0,0.121259595093593,0.0321485262059369,0.0023410186672225,0.137629579497287,80.57142857142857,0.1193934430294621,0.0280310740389178,0.009426178362791,0.1400286746580863,79.64285714285714,0.1203774217437947,0.0052072193877551,0.0073060925682737,0.1364671753802766,79.16666666666667,0.1245059456636415,0.0250685234418091,50.0,0.0003403546791443,-0.0020762910069851,0.2893895463641514,-0.2708803203178577,-6.7467773644368,0.0336628939272678,0.0,0.0,0.0,0.0,0.0,0.0,0.0,0.0,0.0,0.0,0.0,0.0,0.0,0.0,0.0,0.0,0.0,0.0,0.0,0.0,0.0,0.0,0.0,0.0,0.0,0.0,0.0,0.0,0.0,0.0,0.0,0.0,0.0,0.0,0.0,0.0,0.0,0.0,0.0,0.0,0.0,0.0,0.0,0.0,0.0,0.0026125659798117,0.1280157330107755,0.1452598163265306,9
2024-02-05,0.0188395,0.1524674928131676,76,-0.485883,0.429302,0.1262872763157894,9.597833,0.0503322368421052,0.1716259574298222,13,76,neutral,0.0008540306122448,0.1380795153384163,0.0023791891421513,0.011231769207683,0.1428339790986937,64.33333333333333,0.1267707612729302,0.0094213989898989,0.0047714852325721,0.1405463160755378,78.0,0.1198746238405323,0.0170132659574468,0.0093130686689134,0.1412036335131387,79.07142857142857,0.1218545919908409,-0.0015835357142857,0.0071699925682737,0.1372941249321658,79.76666666666667,0.1247527801615242,-0.004083,50.0,-0.0215995443146417,-0.0016783731388114,0.2879188218358543,-0.2723901670858569,0.0474844772650937,-0.020261100540216,0.0,0.0,0.0,0.0,0.0,0.0,0.0,0.0,0.0,0.0,0.0,0.0,0.0,0.0,0.0,0.0,0.0,0.0,0.0,0.0,0.0,0.0,0.0,0.0,0.0,0.0,0.0,0.0,0.0,0.0,0.0,0.0,0.0,0.0,0.0,0.0,0.0,0.0,0.0,0.0,0.0,0.0,0.0,0.0,0.0,0.0023791891421513,0.1808183748035,0.1262872763157894,13
2024-02-06,0.0431087934782608,0.1540268411615638,92,-0.523906,0.392294,0.1279852826086956,11.774646,0.0544075108695652,0.1506880347309162,10,92,neutral,0.0242692934782608,0.1403093136753554,0.0055172911162351,0.0266445876220053,0.1508330836653715,72.33333333333333,0.1331774584170052,0.0462384552429667,0.0096074475192859,0.1442129032166983,78.71428571428571,0.1224446527189502,0.0338517360069965,0.0101833599238541,0.1410924697290858,79.35714285714286,0.1215524668849685,0.0121840775691699,0.0088209959406259,0.1379261202440459,81.53333333333333,0.1228521870177115,0.0495301011705685,50.0,-0.0174110677536538,-0.0001618259799127,0.2915338718909656,-0.2712562576044628,1.2882132476053436,0.0234152628660159,0.0,0.0,0.0,0.0,0.0,0.0,0.0,0.0,0.0,0.0,0.0,0.0,0.0,0.0,0.0,0.0,0.0,0.0,0.0,0.0,0.0,0.0,0.0,0.0,0.0,0.0,0.0,0.0,0.0,0.0,0.0,0.0,0.0,0.0,0.0,0.0,0.0,0.0,0.0,0.0,0.0,0.0,0.0,0.0,0.0,0.0055172911162351,0.5075907826936304,0.1279852826086956,10
2024-02-07,0.0221643285714285,0.1666761674832082,70,-0.440715,0.48033,0.1416278142857142,9.913947,0.0470746857142857,0.1799136534351758,12,70,neutral,-0.0209444649068322,0.1498409891881706,0.0031390854106818,0.0280375406832298,0.1577235004859799,79.33333333333333,0.1319667910700664,0.0041788591836734,0.0134604962663796,0.1444429407624076,77.42857142857143,0.1244605502389709,0.0269713412296564,0.0095243077980038,0.1438850753352562,75.78571428571429,0.1222645946910909,-0.0092267297619047,0.0084747510790534,0.1383742343431027,81.0,0.1236040974939019,-0.010387345847176,50.0,-0.0299068774341351,-0.0031666172222897,0.2944729639874091,-0.2715549118437634,-0.4858513360480451,-0.0452137583850931,0.0,0.0,0.0,0.0,0.0,0.0,0.0,0.0,0.0,0.0,0.0,0.0,0.0,0.0,0.0,0.0,0.0,0.0,0.0,0.0,0.0,0.0,0.0,0.0,0.0,0.0,0.0,0.0,0.0,0.0,0.0,0.0,0.0,0.0,0.0,0.0,0.0,0.0,0.0,0.0,0.0,0.0,0.0,0.0,0.0,0.0031390854106818,0.2197359787477285,0.1416278142857142,12
2024-02-08,0.0055010933333333,0.1311586849352746,75,-0.371677,0.304313,0.0938375333333333,7.037815,0.0398829066666666,0.1817374984107553,12,75,neutral,-0.0166632352380952,0.1500668206829195,0.0005162090290364,0.0235914051276742,0.1506205645266822,79.0,0.1211502100759144,-0.0133384066666666,0.016269660573739,0.1427687743993228,75.57142857142857,0.1219309559749016,0.0196641501515151,0.0088771017840926,0.1440470022715281,74.78571428571429,0.1212940653705987,-0.0090608841947565,0.0076159518372233,0.1385421647731993,80.66666666666667,0.122648125859915,-0.0257639772549019,50.0,-0.0372195667166416,-0.0108168140988514,0.2940527488291305,-0.2716006065829208,-0.7518041967477128,0.004281229668737,0.0,0.0,0.0,0.0,0.0,0.0,0.0,0.0,0.0,0.0,0.0,0.0,0.0,0.0,0.0,0.0,0.0,0.0,0.0,0.0,0.0,0.0,0.0,0.0,0.0,0.0,0.0,0.0,0.0,0.0,0.0,0.0,0.0,0.0,0.0,0.0,0.0,0.0,0.0,0.0,0.0,0.0,0.0,0.0,0.0,0.0005162090290364,0.0387156771777333,0.0938375333333333,12
2024-02-09,0.0231987710843373,0.125398082847632,83,-0.289396,0.3656,0.0975498072289156,8.096634,0.0410680602409638,0.1716974372308529,12,83,neutral,0.017697677751004,0.1459454538481693,0.0022630356472248,0.0169547309963664,0.1410776450887049,76.0,0.1110050516159877,-0.0199100223939235,0.0182383277272013,0.14368024481768,73.28571428571429,0.1201875316107785,0.0137806700742363,0.0098139108297993,0.1437879768995964,74.92857142857143,0.1216211001021174,0.0131153266398929,0.0080628604060782,0.1377276870351259,79.86666666666666,0.1214480449793836,0.0134072570656457,50.0,-0.0090196562184024,-0.0099030818607021,0.2952974299860637,-0.2695417066314202,3.21712006661779,0.0343609129890992,0.0,0.0,0.0,0.0,0.0,0.0,0.0,0.0,0.0,0.0,0.0,0.0,0.0,0.0,0.0,0.0,0.0,0.0,0.0,0.0,0.0,0.0,0.0,0.0,0.0,0.0,0.0,0.0,0.0,0.0,0.0,0.0,0.0,0.0,0.0,0.0,0.0,0.0,0.0,0.0,0.0,0.0,0.0,0.0,0.0,0.0022630356472248,0.1878319587196626,0.0975498072289156,12
2024-02-10,0.0091479629629629,0.1340335970398189,54,-0.339267,0.329009,0.1246569074074074,6.731473,-0.0161853888888888,0.189375789387474,5,54,neutral,-0.0140508081213743,0.1422586746934995,0.0011403567720404,0.0126159424602112,0.1301967882742418,70.66666666666667,0.1053480826565521,-0.0130163656084656,0.0199922741168683,0.1442522547574354,71.28571428571429,0.1224577767866266,0.0122776247276688,0.009164426817837,0.1438149336282229,75.5,0.1217635748548204,-0.0090927761674718,0.0084627621790291,0.1385155520278012,77.23333333333333,0.1204013714668986,0.0119970531885268,50.0,0.0028714428805237,-0.0132239815406439,0.2951125784748573,-0.2697198838239175,-0.6056703637573626,-0.0317484858723784,0.0,0.0,0.0,0.0,0.0,0.0,0.0,0.0,0.0,0.0,0.0,0.0,0.0,0.0,0.0,0.0,0.0,0.0,0.0,0.0,0.0,0.0,0.0,0.0,0.0,0.0,0.0,0.0,0.0,0.0,0.0,0.0,0.0,0.0,0.0,0.0,0.0,0.0,0.0,0.0,0.0,0.0,0.0,0.0,0.0,0.0011403567720404,0.0615792656901851,0.1246569074074074,5
2024-02-11,-0.006037074074074,0.1217314584588663,54,-0.175675,0.338456,0.1178448888888888,6.363624,0.0096305555555555,0.2142885206432185,6,54,neutral,-0.015185037037037,0.13579959815296,-0.0007114383234732,0.008769886657742,0.1270543794487724,63.666666666666664,0.113350534508404,-0.0115381674074074,0.0165604821937498,0.1407846178199331,72.0,0.1185413585812492,-0.0240225434618291,0.0094507504304862,0.13920709865861,76.28571428571429,0.1189674008053556,0.0040085305770887,0.0089223074762163,0.13824294408813,75.8,0.1206273835707551,0.0137863589156166,50.0,0.0393881554916985,-0.0067142356313099,0.2923609119470824,-0.2696142282749787,-1.6599364359602422,-0.0011342289156626,0.0,0.0,0.0,0.0,0.0,0.0,0.0,0.0,0.0,0.0,0.0,0.0,0.0,0.0,0.0,0.0,0.0,0.0,0.0,0.0,0.0,0.0,0.0,0.0,0.0,0.0,0.0,0.0,0.0,0.0,0.0,0.0,0.0,0.0,0.0,0.0,0.0,0.0,0.0,0.0,0.0,0.0,0.0,0.0,0.0,-0.0007114383234732,-0.0384176694675555,0.1178448888888888,6
2024-02-12,0.0636094,0.1679205605696086,70,-0.428396,0.574988,0.1053005571428571,7.371039,0.0915475285714285,0.2044010290905999,11,70,neutral,0.069646474074074,0.1360484767702401,0.0066981052595228,0.0222400962962962,0.1412285386894313,59.333333333333336,0.1159341178130511,0.0404106289156626,0.0229561821937498,0.1429921989279961,71.14285714285714,0.1155432558422589,0.0447699,0.0138638337131609,0.141769257501767,74.57142857142857,0.1177089398413956,0.0617831659574468,0.0116752483957565,0.1402627366521142,76.2,0.1207607216824135,0.0825882275862069,50.0,0.0004262107714353,-0.0080145054016303,0.2952288887947583,-0.2692137367135637,-11.536461739498533,0.0848315111111111,0.0,0.0,0.0,0.0,0.0,0.0,0.0,0.0,0.0,0.0,0.0,0.0,0.0,0.0,0.0,0.0,0.0,0.0,0.0,0.0,0.0,0.0,0.0,0.0,0.0,0.0,0.0,0.0,0.0,0.0,0.0,0.0,0.0,0.0,0.0,0.0,0.0,0.0,0.0,0.0,0.0,0.0,0.0,0.0,0.0,0.0066981052595228,0.4688673681665999,0.1053005571428571,11
2024-02-13,0.0192462405063291,0.1617769069405826,79,-0.483387,0.520848,0.1281981139240506,10.127651,0.0603878987341772,0.1749583249773701,10,79,neutral,-0.0443631594936708,0.1421721211713017,0.00246733173304,0.0256061888107516,0.1504763086563525,67.66666666666667,0.1171145199852655,0.0100982775433661,0.0195472460549024,0.1440993511821416,69.28571428571429,0.115573660315881,-0.0238625529719317,0.0145773467870941,0.1441561271994199,74.0,0.1190091565174156,0.0099891830350647,0.0129522984416197,0.14186365190394,77.3,0.1209757276537949,0.0383115013758943,50.0,0.0099230068181818,-0.0069497662750705,0.2980413696977842,-0.2732406993992899,-0.6974308748969631,-0.1140096335677449,0.0,0.0,0.0,0.0,0.0,0.0,0.0,0.0,0.0,0.0,0.0,0.0,0.0,0.0,0.0,0.0,0.0,0.0,0.0,0.0,0.0,0.0,0.0,0.0,0.0,0.0,0.0,0.0,0.0,0.0,0.0,0.0,0.0,0.0,0.0,0.0,0.0,0.0,0.0,0.0,0.0,0.0,0.0,0.0,0.0,0.00246733173304,0.1949192069101646,0.1281981139240506,10
2024-02-14,0.0191600526315789,0.1250907468798762,95,-0.412701,0.376026,0.0943482947368421,8.963087999999999,0.0254430736842105,0.1564917491162136,9,95,neutral,-8.618787475016612e-05,0.1421106539777505,0.0018077182928576,0.0340052310459693,0.1515960714633558,81.33333333333333,0.1092823219345833,0.025197126705653,0.019118063777781,0.138158576810237,72.85714285714286,0.1088194432374707,-0.0030042759398496,0.0162892800220803,0.1413007587863223,75.14285714285714,0.1166399967382208,0.0239670652898067,0.0134343776319031,0.1413876624179881,78.3,0.1200125892732281,0.014462375708502,50.0,0.0007420912975912,-0.0044673623181558,0.2978911773581995,-0.2726306995493563,-0.0044781667734965,0.0442769716189207,0.0,0.0,0.0,0.0,0.0,0.0,0.0,0.0,0.0,0.0,0.0,0.0,0.0,0.0,0.0,0.0,0.0,0.0,0.0,0.0,0.0,0.0,0.0,0.0,0.0,0.0,0.0,0.0,0.0,0.0,0.0,0.0,0.0,0.0,0.0,0.0,0.0,0.0,0.0,0.0,0.0,0.0,0.0,0.0,0.0,0.0018077182928576,0.1717332378214736,0.0943482947368421,9
2024-02-15,0.0365085,0.1764789392455082,92,-0.434448,0.524483,0.11523675,10.601781,0.0245113913043478,0.1743169268483275,12,92,neutral,0.017348447368421,0.1505997224188884,0.004207120887375,0.024971597712636,0.1544488643553223,88.66666666666667,0.1125943862202976,-0.0271008999999999,0.0235476933015906,0.1446328988545561,75.28571428571429,0.1118764741898517,0.0310074066666666,0.0199086769376648,0.1437008366269394,75.42857142857143,0.1169037150823767,0.0506715568181818,0.0130298205331377,0.1421945643390165,77.76666666666667,0.1200135976065615,-0.0121367129629629,50.0,-0.0067073782352941,-0.0032780634827825,0.3039578802550604,-0.2760548968906617,0.905448836806843,0.0174346352431712,0.0,0.0,0.0,0.0,0.0,0.0,0.0,0.0,0.0,0.0,0.0,0.0,0.0,0.0,0.0,0.0,0.0,0.0,0.0,0.0,0.0,0.0,0.0,0.0,0.0,0.0,0.0,0.0,0.0,0.0,0.0,0.0,0.0,0.0,0.0,0.0,0.0,0.0,0.0,0.0,0.0,0.0,0.0,0.0,0.0,0.004207120887375,0.3870551216385001,0.11523675,12
2024-02-16,0.00702768,0.1593291796339959,75,-0.328098,0.568939,0.1179403066666666,8.845523,-0.03253184,0.1911855180437308,10,75,neutral,-0.0294808199999999,0.1581192666539143,0.0008288467343552,0.0208987442105263,0.1536329552531268,87.33333333333333,0.1091751171345029,-0.0122185605063291,0.0212375374323995,0.1494801983954652,74.14285714285714,0.1147894026809589,-0.0161710910843373,0.0197379325798004,0.1465802216065726,73.71428571428571,0.1174884671458687,-0.002390421010101,0.0134101032626974,0.1427848323837171,76.73333333333333,0.1191610663193497,0.0114084818867924,50.0,-0.0052072193877551,-0.0005336570331847,0.3059645249780335,-0.2791828475266782,-0.8075056493693249,-0.046829267368421,0.0,0.0,0.0,0.0,0.0,0.0,0.0,0.0,0.0,0.0,0.0,0.0,0.0,0.0,0.0,0.0,0.0,0.0,0.0,0.0,0.0,0.0,0.0,0.0,0.0,0.0,0.0,0.0,0.0,0.0,0.0,0.0,0.0,0.0,0.0,0.0,0.0,0.0,0.0,0.0,0.0,0.0,0.0,0.0,0.0,0.0008288467343552,0.06216350507664,0.1179403066666666,10
2024-02-17,-0.0268855813953488,0.1301848257369265,43,-0.352039,0.258575,0.1031741162790697,4.436487,-0.0573695116279069,0.1603511054310823,8,43,neutral,-0.0339132613953488,0.1505721196873779,-0.0027738961011141,0.0055501995348837,0.1553309815388102,70.0,0.1121170576485788,-0.0460456340269277,0.016089888238355,0.1489303739236235,72.57142857142857,0.1117204325197678,-0.0360335443583118,0.0180410811776116,0.1465913143405295,71.92857142857143,0.1170891046531972,-0.0237559196306429,0.0126552522161858,0.1421080787147984,75.5,0.1179481281119854,-0.0226455313953488,50.0,0.0015835357142857,0.0037777987924738,0.2995168939111722,-0.2744192141342356,-4.825669551736681,-0.0044324413953488,0.0,0.0,0.0,0.0,0.0,0.0,0.0,0.0,0.0,0.0,0.0,0.0,0.0,0.0,0.0,0.0,0.0,0.0,0.0,0.0,0.0,0.0,0.0,0.0,0.0,0.0,0.0,0.0,0.0,0.0,0.0,0.0,0.0,0.0,0.0,0.0,0.0,0.0,0.0,0.0,0.0,0.0,0.0,0.0,0.0,-0.0027738961011141,-0.1192775323479069,0.1031741162790697,8
2024-02-18,0.0388711470588235,0.1413513970174893,34,-0.29543,0.47151,0.0973496176470588,3.309887,0.0349957352941176,0.2000227271726752,4,34,neutral,0.0657567284541723,0.1464870177027592,0.003784091303679,0.0063377485544915,0.1436218007961373,50.666666666666664,0.1061546801975984,0.0023626470588235,0.0225053484001975,0.151733222289141,69.71428571428571,0.1087925366280778,0.0449082211328975,0.0195329152969737,0.146258920054537,70.85714285714286,0.1136669476046635,0.0208856776710684,0.0136122840412235,0.1423854157143521,74.03333333333333,0.1174645418626138,0.0287109547511312,50.0,-0.0121840775691699,0.0034261964201663,0.3022992455871935,-0.2734970745086298,-2.445799013502017,0.0996699898495211,0.0,0.0,0.0,0.0,0.0,0.0,0.0,0.0,0.0,0.0,0.0,0.0,0.0,0.0,0.0,0.0,0.0,0.0,0.0,0.0,0.0,0.0,0.0,0.0,0.0,0.0,0.0,0.0,0.0,0.0,0.0,0.0,0.0,0.0,0.0,0.0,0.0,0.0,0.0,0.0,0.0,0.0,0.0,0.0,0.0,0.003784091303679,0.1286591043250882,0.0973496176470588,4
2024-02-19,0.0248449027777777,0.1445033591959228,72,-0.348504,0.43249,0.1021175416666666,7.352463,-0.0129277638888888,0.1918857777251794,6,72,neutral,-0.0140262442810457,0.1503695401659686,0.002537100394614,0.0122768228137508,0.1386798606501129,49.666666666666664,0.1008804251975984,0.0178172227777777,0.0169675630827372,0.1483879078071859,70.0,0.1083378201314792,-0.0387644972222222,0.0199618726382435,0.145690053367591,70.57142857142857,0.111940537986869,0.0060054027777777,0.0147683488004827,0.1428865551268672,74.76666666666667,0.1171306779181694,0.0346819427777777,50.0,0.0092267297619047,0.0041323394069864,0.3046929006547674,-0.2743319450455523,-0.3608394745804619,-0.0797829727352181,0.0,0.0,0.0,0.0,0.0,0.0,0.0,0.0,0.0,0.0,0.0,0.0,0.0,0.0,0.0,0.0,0.0,0.0,0.0,0.0,0.0,0.0,0.0,0.0,0.0,0.0,0.0,0.0,0.0,0.0,0.0,0.0,0.0,0.0,0.0,0.0,0.0,0.0,0.0,0.0,0.0,0.0,0.0,0.0,0.0,0.002537100394614,0.1826712284122083,0.1021175416666666,6
2024-02-20,0.0184476206896551,0.1634142822995213,58,-0.375606,0.560409,0.1496637758620689,8.680499,-0.0078321379310344,0.1830031261364131,11,58,neutral,-0.0063972820881226,0.1477566087767712,0.002760940568085,0.0273878901754188,0.1497563461709778,54.666666666666664,0.1163769783919315,0.045333202085004,0.016853474537498,0.1486218185727486,67.0,0.1114043432654818,-0.0007986198166739,0.0182003602962002,0.1463605848774451,68.14285714285714,0.1134890017906814,-0.0246611727886056,0.0149573278234713,0.143864798915739,74.56666666666666,0.1176134162802384,0.0056693706896551,50.0,0.0090608841947565,0.0007626425962151,0.3056904700857893,-0.2730040511417861,-0.2574887149023007,0.0076289621929231,0.0,0.0,0.0,0.0,0.0,0.0,0.0,0.0,0.0,0.0,0.0,0.0,0.0,0.0,0.0,0.0,0.0,0.0,0.0,0.0,0.0,0.0,0.0,0.0,0.0,0.0,0.0,0.0,0.0,0.0,0.0,0.0,0.0,0.0,0.0,0.0,0.0,0.0,0.0,0.0,0.0,0.0,0.0,0.0,0.0,0.002760940568085,0.160134552948931,0.1496637758620689,11
2024-02-21,-0.0055395070422535,0.1280706752149958,71,-0.389394,0.302803,0.1065412394366197,7.564428,-0.0155914788732394,0.1498258966120209,7,71,neutral,-0.0239871277319086,0.1415049078929711,-0.0005901859461495,0.0125843388083931,0.14532943890348,67.0,0.1194408523217851,-0.044410654101077,0.0133249660126648,0.1490475226206228,63.57142857142857,0.1131461925083072,-0.0246995596738324,0.0162215148952229,0.1436030497154299,68.21428571428571,0.1109828178728889,-0.027703835613682,0.0140919097315866,0.1435998857948245,74.13333333333334,0.1176445611662209,-0.0259625427565392,50.0,-0.0131153266398929,-0.0007419726717102,0.3046409301483985,-0.2710921562268024,-1.300283008602833,-0.017589845643786,0.0,0.0,0.0,0.0,0.0,0.0,0.0,0.0,0.0,0.0,0.0,0.0,0.0,0.0,0.0,0.0,0.0,0.0,0.0,0.0,0.0,0.0,0.0,0.0,0.0,0.0,0.0,0.0,0.0,0.0,0.0,0.0,0.0,0.0,0.0,0.0,0.0,0.0,0.0,0.0,0.0,0.0,0.0,0.0,0.0,-0.0005901859461495,-0.0419032021766197,0.1065412394366197,7
2024-02-22,0.0034743283582089,0.1540917994198133,67,-0.375188,0.446611,0.1059418059701492,7.098101,-0.018127671641791,0.1680480380890759,8,67,neutral,0.0090138354004624,0.1462863026295485,0.0003680766208019,0.0054608140018701,0.1485255856447768,65.33333333333333,0.1207156070896126,-0.0213705744195688,0.0086057986352661,0.1458493597883807,60.0,0.1118183433611857,-0.033034171641791,0.0160767459684283,0.1452411293214684,67.64285714285714,0.1118474087755187,-0.0020267649751243,0.0131768968132239,0.1435501746375414,73.43333333333334,0.1167687868955289,-0.0274503875508819,50.0,0.0090927761674718,-0.0008342205217891,0.3078511424658721,-0.2748967458094651,-1.627190891122248,0.0330009631323711,0.0,0.0,0.0,0.0,0.0,0.0,0.0,0.0,0.0,0.0,0.0,0.0,0.0,0.0,0.0,0.0,0.0,0.0,0.0,0.0,0.0,0.0,0.0,0.0,0.0,0.0,0.0,0.0,0.0,0.0,0.0,0.0,0.0,0.0,0.0,0.0,0.0,0.0,0.0,0.0,0.0,0.0,0.0,0.0,0.0,0.0003680766208019,0.0246611335937313,0.1059418059701492,8
2024-02-23,0.018825049382716,0.1437006676626714,81,-0.314568,0.420482,0.1235789629629629,10.009896,-0.0067631604938271,0.1663275488909201,7,81,neutral,0.015350721024507,0.1467561567585849,0.0023263800804426,0.0055866235662238,0.1419543807658269,73.0,0.1120206694565773,0.0003774286930608,0.0102911371185113,0.1436167152210486,60.857142857142854,0.112623865689228,0.011797369382716,0.0157643372754554,0.1465484568082569,67.5,0.1137066341850935,-0.0043737217016213,0.0127580298482033,0.1440875405930697,72.13333333333334,0.1164994848276277,-0.0125660089506172,50.0,-0.0040085305770887,-0.0013620673967535,0.3103159920433573,-0.2751661242722081,4.418327642589464,0.0063368856240446,0.0,0.0,0.0,0.0,0.0,0.0,0.0,0.0,0.0,0.0,0.0,0.0,0.0,0.0,0.0,0.0,0.0,0.0,0.0,0.0,0.0,0.0,0.0,0.0,0.0,0.0,0.0,0.0,0.0,0.0,0.0,0.0,0.0,0.0,0.0,0.0,0.0,0.0,0.0,0.0,0.0,0.0,0.0,0.0,0.0,0.0023263800804426,0.1884367865158518,0.1235789629629629,7
2024-02-24,0.0346865671641791,0.1025176524866348,67,-0.230754,0.320853,0.1001034029850746,6.706928,0.0074422089552238,0.1744190941273291,7,67,neutral,0.015861517781463,0.1383590154167273,0.0034722434110046,0.018995314968368,0.1334367065230398,71.66666666666667,0.1098747239727289,0.0402260742064326,0.019087158341301,0.1396642618995784,64.28571428571429,0.1121851923615144,0.0615721485595279,0.017588523289828,0.1442973179116009,68.42857142857143,0.1119528124406411,0.0255386042012161,0.0134288495027396,0.1432084054150419,71.4,0.116255433466456,0.0201245896360892,50.0,-0.0617831659574468,-0.0074815993658816,0.3068023204787036,-0.2699823429299121,0.8425750955015332,0.0005107967569559,0.0,0.0,0.0,0.0,0.0,0.0,0.0,0.0,0.0,0.0,0.0,0.0,0.0,0.0,0.0,0.0,0.0,0.0,0.0,0.0,0.0,0.0,0.0,0.0,0.0,0.0,0.0,0.0,0.0,0.0,0.0,0.0,0.0,0.0,0.0,0.0,0.0,0.0,0.0,0.0,0.0,0.0,0.0,0.0,0.0,0.0034722434110046,0.2326403085373134,0.1001034029850746,7
2024-02-25,0.0803318571428571,0.1180093133345343,56,-0.115526,0.486291,0.1192668035714285,6.678941,0.0844809821428571,0.1920821390727027,5,56,neutral,0.045645289978678,0.1292780216237299,0.0095809238263852,0.0446144912299174,0.1214092111612801,68.0,0.114316389839822,0.0768575287846481,0.0250101169247343,0.1363296785162991,67.42857142857143,0.1153162189221386,0.0414607100840336,0.0237577326624659,0.1440314504027201,68.57142857142857,0.1120543777751082,0.0863689312169312,0.0157704632593534,0.1428412345910372,70.56666666666666,0.1171319495525818,0.0702484126984127,50.0,-0.0099891830350647,-0.0080129286600271,0.3064311203879831,-0.2634619071249059,1.315935640521269,0.0297837721972149,0.0,0.0,0.0,0.0,0.0,0.0,0.0,0.0,0.0,0.0,0.0,0.0,0.0,0.0,0.0,0.0,0.0,0.0,0.0,0.0,0.0,0.0,0.0,0.0,0.0,0.0,0.0,0.0,0.0,0.0,0.0,0.0,0.0,0.0,0.0,0.0,0.0,0.0,0.0,0.0,0.0,0.0,0.0,0.0,0.0,0.0095809238263852,0.5365317342775715,0.1192668035714285,5
2024-02-26,0.0293082777777777,0.1453650029014599,72,-0.391047,0.496514,0.1453122361111111,10.462481,0.0203146666666666,0.1541483831869635,10,72,neutral,-0.0510235793650793,0.1327368871610227,0.0042588513804544,0.048108900694938,0.1219639895742097,65.0,0.1215608142225381,0.0104832283950617,0.0256477419247343,0.136452770474233,67.42857142857143,0.1214868895570593,0.004463375,0.0213076525037358,0.1424203391407095,68.71428571428571,0.1149123548442692,-0.0343011222222222,0.0161393812142648,0.1432315279264509,71.43333333333334,0.1178869487273,0.0110675386473429,50.0,-0.0239670652898067,-0.0108518843271485,0.3048749107769486,-0.2632857490839197,-0.6351599624336113,-0.0966688693437574,0.0,0.0,0.0,0.0,0.0,0.0,0.0,0.0,0.0,0.0,0.0,0.0,0.0,0.0,0.0,0.0,0.0,0.0,0.0,0.0,0.0,0.0,0.0,0.0,0.0,0.0,0.0,0.0,0.0,0.0,0.0,0.0,0.0,0.0,0.0,0.0,0.0,0.0,0.0,0.0,0.0,0.0,0.0,0.0,0.0,0.0042588513804544,0.3066372993927222,0.1453122361111111,10
2024-02-27,0.0193889540229885,0.1360936611357172,87,-0.352236,0.394975,0.1155121609195402,10.049558,0.0226779310344827,0.1725149082585627,10,87,neutral,-0.0099193237547892,0.1291372595042035,0.002239659977165,0.0430096963145411,0.1331559924572372,71.66666666666667,0.1266970668673599,-0.0152976131411905,0.0257822181152105,0.1325498245936895,71.57142857142857,0.1166080874224123,0.0009413333333333,0.0213178463263543,0.1405858215832191,69.28571428571429,0.1140062153439471,0.0001427135166593,0.0171205331700698,0.14155994502986,72.9,0.1165043099052382,0.0294345586741512,50.0,-0.0506715568181818,-0.015128270910372,0.3016778914147775,-0.2603662671765926,-0.3384478552441705,0.04110425561029,0.0,0.0,0.0,0.0,0.0,0.0,0.0,0.0,0.0,0.0,0.0,0.0,0.0,0.0,0.0,0.0,0.0,0.0,0.0,0.0,0.0,0.0,0.0,0.0,0.0,0.0,0.0,0.0,0.0,0.0,0.0,0.0,0.0,0.0,0.0,0.0,0.0,0.0,0.0,0.0,0.0,0.0,0.0,0.0,0.0,0.002239659977165,0.1948504180133563,0.1155121609195402,10
2024-02-28,0.0283328181818181,0.1302238938263372,99,-0.262172,0.555901,0.113627404040404,11.249113,0.0284666161616161,0.1591979627637768,12,99,neutral,0.0089438641588296,0.1264419047369367,0.0032193845791487,0.0256766833275281,0.1372275192878381,86.0,0.1248172670236851,-0.0519990389610389,0.0306211217186493,0.1328574272524526,75.57142857142857,0.1176203966515243,0.0338723252240717,0.0219730438656571,0.1409524749365377,69.57142857142857,0.1153832945799158,0.0091727655502392,0.018004085974712,0.1414990635985575,73.06666666666666,0.1161945896853084,0.0265065841392649,50.0,0.002390421010101,-0.0158878607716835,0.3027259985463081,-0.2591312018232746,0.4612865731810691,0.0188631879136189,0.0,0.0,0.0,0.0,0.0,0.0,0.0,0.0,0.0,0.0,0.0,0.0,0.0,0.0,0.0,0.0,0.0,0.0,0.0,0.0,0.0,0.0,0.0,0.0,0.0,0.0,0.0,0.0,0.0,0.0,0.0,0.0,0.0,0.0,0.0,0.0,0.0,0.0,0.0,0.0,0.0,0.0,0.0,0.0,0.0,0.0032193845791487,0.3187190733357272,0.113627404040404,12
2024-02-29,-0.0058654210526315,0.1306133159737565,76,-0.386172,0.308326,0.1251181578947368,9.50898,-0.0117392631578947,0.1878615972469355,10,76,neutral,-0.0341982392344497,0.132061037434361,-0.0007338706773822,0.013952117050725,0.132310290311937,87.33333333333333,0.118085907618227,-0.0351736988304093,0.029286871802815,0.1295033581887302,76.85714285714286,0.120359875497894,-0.0093397494108405,0.0189463352190405,0.1376763589885555,68.42857142857143,0.1160891094295398,-0.0423739210526315,0.0175000033572488,0.141574149758568,72.7,0.1166986922664739,-0.0151224785238959,50.0,0.0237559196306429,-0.0142550790565851,0.301794312252072,-0.2611059347427355,-1.2070186246561083,-0.0431421033932794,0.0,0.0,0.0,0.0,0.0,0.0,0.0,0.0,0.0,0.0,0.0,0.0,0.0,0.0,0.0,0.0,0.0,0.0,0.0,0.0,0.0,0.0,0.0,0.0,0.0,0.0,0.0,0.0,0.0,0.0,0.0,0.0,0.0,0.0,0.0,0.0,0.0,0.0,0.0,0.0,0.0,0.0,0.0,0.0,0.0,-0.0007338706773822,-0.0557741714810526,0.1251181578947368,10
2024-03-01,0.0176345119047619,0.1198284530746052,84,-0.233546,0.369281,0.1287908571428571,10.818432,0.0357917857142857,0.1725224748624839,8,84,neutral,0.0234999329573934,0.1324248653823752,0.0022711639035102,0.0133673030113161,0.1268885542915663,86.33333333333333,0.122512139692666,-0.0017544421182266,0.0291167950202501,0.1260930418190064,77.28571428571429,0.1211044318093075,-0.0011905374779541,0.0197039660693807,0.1348548785200276,69.07142857142857,0.1168641487492677,0.0106068319047619,0.0182480541760151,0.1400662347056134,72.86666666666666,0.1167411697830502,0.0224415245629897,50.0,-0.0208856776710684,-0.0151184513933823,0.3007981253026406,-0.2592610928991242,-4.006521057316082,0.0576981721918432,0.0,0.0,0.0,0.0,0.0,0.0,0.0,0.0,0.0,0.0,0.0,0.0,0.0,0.0,0.0,0.0,0.0,0.0,0.0,0.0,0.0,0.0,0.0,0.0,0.0,0.0,0.0,0.0,0.0,0.0,0.0,0.0,0.0,0.0,0.0,0.0,0.0,0.0,0.0,0.0,0.0,0.0,0.0,0.0,0.0,0.0022711639035102,0.1907777678948571,0.1287908571428571,8
2024-03-02,-0.0463935853658536,0.1877981095964461,41,-0.638944,0.231243,0.1417,5.8097,-0.0537527073170731,0.2124202176766895,4,41,neutral,-0.0640280972706155,0.1409114867213724,-0.0065739710463414,-0.0115414981712411,0.1460799595482692,67.0,0.131869671679198,-0.0747264035476718,0.0175339160873883,0.1382759642632652,73.57142857142857,0.1270468028114397,-0.0810801525300327,0.0183105372143446,0.1389701130814218,68.92857142857143,0.119615997586477,-0.0195080039705048,0.0171737032244261,0.1415635767095993,71.3,0.1177463466769896,-0.0322305285476718,50.0,-0.0060054027777777,-0.0167960268317434,0.3053869648518096,-0.2678855835774711,-3.6308403440032753,-0.087528030228009,0.0,0.0,0.0,0.0,0.0,0.0,0.0,0.0,0.0,0.0,0.0,0.0,0.0,0.0,0.0,0.0,0.0,0.0,0.0,0.0,0.0,0.0,0.0,0.0,0.0,0.0,0.0,0.0,0.0,0.0,0.0,0.0,0.0,0.0,0.0,0.0,0.0,0.0,0.0,0.0,0.0,0.0,0.0,0.0,0.0,-0.0065739710463414,-0.2695328129000001,0.1417,4
2024-03-03,-0.0261184489795918,0.1473678120914725,49,-0.513235,0.27498,0.1596839591836734,7.824514,-0.0440667346938775,0.1642662469698933,5,49,neutral,0.0202751363862618,0.1431663169125235,-0.004170697340798,-0.0182925074802278,0.1516647915875079,58.0,0.1433916054421768,-0.0202530279269602,0.002326729498467,0.1424700355142563,72.57142857142857,0.1328206821846175,-0.1064503061224489,0.0136684232116007,0.1393998570152777,70.0,0.1240684505533781,-0.0649895960384153,0.015989151558103,0.1425085774486774,69.63333333333334,0.1194106860571861,-0.0355365499896928,50.0,0.0246611727886056,-0.0136105042355551,0.2988452975550164,-0.2703167011786371,-0.4370245633394096,0.0843032336568773,0.0,0.0,0.0,0.0,0.0,0.0,0.0,0.0,0.0,0.0,0.0,0.0,0.0,0.0,0.0,0.0,0.0,0.0,0.0,0.0,0.0,0.0,0.0,0.0,0.0,0.0,0.0,0.0,0.0,0.0,0.0,0.0,0.0,0.0,0.0,0.0,0.0,0.0,0.0,0.0,0.0,0.0,0.0,0.0,0.0,-0.004170697340798,-0.204364169699102,0.1596839591836734,5
2024-03-04,0.0214402539682539,0.1274167179254834,63,-0.218556,0.433789,0.141040619047619,8.885559,0.0217212222222222,0.196397469986615,9,63,neutral,0.0475587029478458,0.1426048817323527,0.0030239466922207,-0.0170239267923971,0.1541942132044673,51.0,0.1474748594104308,0.003805742063492,0.0012027260971064,0.1399059948034026,71.28571428571429,0.1322104511755472,-0.0078680238095238,0.0134252340109204,0.1381793826388178,69.35714285714286,0.1268486703663033,-0.0034046488095238,0.0168081487492016,0.1424214837974758,69.46666666666667,0.1204865336528911,0.0245699157329598,50.0,0.027703835613682,-0.0036675040609853,0.2955189793266027,-0.266770981604031,-1.8208854203022056,0.0272835665615839,0.0,0.0,0.0,0.0,0.0,0.0,0.0,0.0,0.0,0.0,0.0,0.0,0.0,0.0,0.0,0.0,0.0,0.0,0.0,0.0,0.0,0.0,0.0,0.0,0.0,0.0,0.0,0.0,0.0,0.0,0.0,0.0,0.0,0.0,0.0,0.0,0.0,0.0,0.0,0.0,0.0,0.0,0.0,0.0,0.0,0.0030239466922207,0.1905086416099047,0.141040619047619,9
2024-03-05,0.0168783037974683,0.1642310447793497,79,-0.34362,0.589286,0.1390214303797468,10.982693,0.0099815696202531,0.1909079837941589,8,79,neutral,-0.0045619501707856,0.1493284274934714,0.0023464459363079,0.0040667029287101,0.1463385249321019,63.666666666666664,0.1465820028703464,0.063271889163322,0.000844061779175,0.1439256210382072,70.14285714285714,0.135568918241291,-0.0025106502255201,0.0133131399471928,0.1382377228159484,70.85714285714286,0.1260885028318517,-0.0015693168921868,0.0167712432295254,0.143029021389408,70.46666666666667,0.1202785874546649,-0.0011071655902867,50.0,0.0020267649751243,-0.0023323987265198,0.2993189216748445,-0.2707990988356838,-0.2127750061888434,-0.0521206531186314,0.0,0.0,0.0,0.0,0.0,0.0,0.0,0.0,0.0,0.0,0.0,0.0,0.0,0.0,0.0,0.0,0.0,0.0,0.0,0.0,0.0,0.0,0.0,0.0,0.0,0.0,0.0,0.0,0.0,0.0,0.0,0.0,0.0,0.0,0.0,0.0,0.0,0.0,0.0,0.0,0.0,0.0,0.0,0.0,0.0,0.0023464459363079,0.185369228968329,0.1390214303797468,8
2024-03-06,0.0580615492957746,0.1378552415942726,142,-0.374343,0.553881,0.1167716197183098,16.58157,0.1063612394366197,0.1508063143190008,10,142,neutral,0.0411832454983063,0.1529337851974049,0.006779941154622,0.0321267023538323,0.1431676680997019,94.66666666666669,0.1322778897152252,0.0841799982753664,0.0050910233668831,0.1450158135764837,76.28571428571429,0.1360180919095633,0.0297287311139564,0.0178560725427662,0.1389366204144681,75.92857142857143,0.1268192442805438,0.0636010563380281,0.0180786448727179,0.1425419463487782,72.66666666666667,0.1199613989014156,0.0392220492957746,50.0,0.0043737217016213,0.000816577605861,0.2965342043745097,-0.2658590766057715,2.440010915343493,0.0457451956690919,0.0,0.0,0.0,0.0,0.0,0.0,0.0,0.0,0.0,0.0,0.0,0.0,0.0,0.0,0.0,0.0,0.0,0.0,0.0,0.0,0.0,0.0,0.0,0.0,0.0,0.0,0.0,0.0,0.0,0.0,0.0,0.0,0.0,0.0,0.0,0.0,0.0,0.0,0.0,0.0,0.0,0.0,0.0,0.0,0.0,0.006779941154622,0.962751643956338,0.1167716197183098,10
2024-03-07,0.0217846363636363,0.133510548546521,99,-0.43639,0.366849,0.0989134949494949,9.792436,0.0298126969696969,0.1745433938955602,8,99,neutral,-0.0362769129321382,0.1420762729874198,0.0021547945189311,0.0322414964856264,0.1451989449733811,106.66666666666669,0.1182355150158505,0.0003443823953823,0.0090410315692071,0.1454297039440215,79.57142857142857,0.1322745686316716,0.0276500574162679,0.019163951686011,0.1374665310663758,78.21428571428571,0.1263172220647828,0.0183103080054274,0.0173678396355638,0.1418580699282768,72.9,0.1189923393127756,-0.0213241571146245,50.0,-0.0255386042012161,0.003609127896635,0.294690189083944,-0.2625393656788422,-0.6248009805480387,-0.0774601584304446,0.0,0.0,0.0,0.0,0.0,0.0,0.0,0.0,0.0,0.0,0.0,0.0,0.0,0.0,0.0,0.0,0.0,0.0,0.0,0.0,0.0,0.0,0.0,0.0,0.0,0.0,0.0,0.0,0.0,0.0,0.0,0.0,0.0,0.0,0.0,0.0,0.0,0.0,0.0,0.0,0.0,0.0,0.0,0.0,0.0,0.0021547945189311,0.2133246573741818,0.0989134949494949,8
2024-03-08,0.0139006762589928,0.1332462203477987,139,-0.3894,0.482918,0.10058145323741,13.980822,0.0104713741007194,0.1513623914973632,8,139,neutral,-0.0078839601046435,0.1392519546386851,0.0013981502191122,0.0312489539728012,0.1348706701628641,126.66666666666669,0.1054221893017383,-0.0029776275384755,0.0085076264769543,0.147346527840192,87.42857142857143,0.1282446537880363,-0.003733835645769,0.0188122107486022,0.1367197848295992,82.35714285714286,0.1246745427986719,-0.0049243731237232,0.0170923845584826,0.1407437383570964,75.2,0.1176241272778321,-0.0082636523124357,50.0,-0.0863689312169312,-0.006253022350813,0.2970356414277483,-0.2608061922572123,-0.3619045997849992,0.0283929528274947,0.0,0.0,0.0,0.0,0.0,0.0,0.0,0.0,0.0,0.0,0.0,0.0,0.0,0.0,0.0,0.0,0.0,0.0,0.0,0.0,0.0,0.0,0.0,0.0,0.0,0.0,0.0,0.0,0.0,0.0,0.0,0.0,0.0,0.0,0.0,0.0,0.0,0.0,0.0,0.0,0.0,0.0,0.0,0.0,0.0,0.0013981502191122,0.1943428804566043,0.10058145323741,8
2024-03-09,-0.0420770175438596,0.1467991702042637,57,-0.398769,0.271728,0.1398866842105263,7.973541,-0.0578071052631578,0.1818654514720472,6,57,neutral,-0.0559776938028524,0.1431284450944411,-0.0058860144656786,-0.0021305683070768,0.1378519796995278,98.33333333333331,0.1131272107991437,-0.1001385668396342,0.0091242790229535,0.1414895364984517,89.71428571428571,0.1279856086752543,0.004316567821994,0.0133290975551709,0.1398827503808584,81.64285714285714,0.127516205743347,-0.0767635847080387,0.0155064475292428,0.1412650878660627,74.6,0.1191590989737385,-0.0475781108771929,50.0,0.0343011222222222,-0.0050813331739708,0.2935330105162916,-0.265398377806024,-4.026976296684749,-0.0480937336982088,0.0,0.0,0.0,0.0,0.0,0.0,0.0,0.0,0.0,0.0,0.0,0.0,0.0,0.0,0.0,0.0,0.0,0.0,0.0,0.0,0.0,0.0,0.0,0.0,0.0,0.0,0.0,0.0,0.0,0.0,0.0,0.0,0.0,0.0,0.0,0.0,0.0,0.0,0.0,0.0,0.0,0.0,0.0,0.0,0.0,-0.0058860144656786,-0.3355028245436841,0.1398866842105263,6
2024-03-10,0.0174755454545454,0.1282500107451902,55,-0.232359,0.238188,0.1315238,7.233809,0.0087497636363636,0.1486156891306447,3,55,neutral,0.0595525629984051,0.1359322382876092,0.0022984501452545,-0.0035669319434404,0.1360984670990842,83.66666666666667,0.1239973124826454,-0.0043090909090909,0.0153519925135445,0.1387584220204114,90.57142857142856,0.1239627287918724,0.0435939944341372,0.0088393610060058,0.1406142287673339,81.57142857142857,0.128391705488245,-0.0628563116883117,0.0153156733415831,0.1413601521293147,73.66666666666667,0.1202915653994414,-0.0057232256297918,50.0,-0.0001427135166593,-0.0027765593790365,0.2915392078050567,-0.2641415108271124,-1.4153228169351486,0.1155302568012575,0.0,0.0,0.0,0.0,0.0,0.0,0.0,0.0,0.0,0.0,0.0,0.0,0.0,0.0,0.0,0.0,0.0,0.0,0.0,0.0,0.0,0.0,0.0,0.0,0.0,0.0,0.0,0.0,0.0,0.0,0.0,0.0,0.0,0.0,0.0,0.0,0.0,0.0,0.0,0.0,0.0,0.0,0.0,0.0,0.0,0.0022984501452545,0.126414757989,0.1315238,3
2024-03-11,0.0634339438202247,0.158868032025037,89,-0.372651,0.564691,0.150191,13.366999,0.0280653483146067,0.1841165275574079,8,89,neutral,0.0459583983656792,0.1401347963737621,0.0095272074563033,0.0129441572436368,0.144639070991497,67.0,0.1405338280701754,0.0495332675612319,0.0213510910638261,0.1432514668917761,94.28571428571428,0.125269926070784,0.0419936898519707,0.0112769085804662,0.1415787308475893,82.78571428571429,0.1287401886231656,0.0341256660424469,0.0171252060368251,0.1421879666288219,74.83333333333333,0.1211427018191944,0.0542859808572617,50.0,-0.0091727655502392,-0.0031284885759767,0.2933338989341368,-0.2614375696431354,2.6298691783451784,-0.0135941646327258,0.0,0.0,0.0,0.0,0.0,0.0,0.0,0.0,0.0,0.0,0.0,0.0,0.0,0.0,0.0,0.0,0.0,0.0,0.0,0.0,0.0,0.0,0.0,0.0,0.0,0.0,0.0,0.0,0.0,0.0,0.0,0.0,0.0,0.0,0.0,0.0,0.0,0.0,0.0,0.0,0.0,0.0,0.0,0.0,0.0,0.0095272074563033,0.8479214636110001,0.150191,8
2024-03-12,0.04329624,0.1728277035819095,100,-0.483481,0.882157,0.14412851,14.412851,0.04297549,0.187305137845288,7,100,neutral,-0.0201377038202247,0.1479982273808398,0.0062402225598023,0.0414019097582567,0.1533152487840455,81.33333333333333,0.14194777,0.0853732575438596,0.025125081949902,0.1444795610064275,97.28571428571428,0.1259995088736773,0.0264179362025316,0.0129845718645385,0.1442025910223174,83.71428571428571,0.1307842135574841,0.0239072859770114,0.0187696498392943,0.14389117479959,76.36666666666666,0.1220188225228981,0.049333314074074,50.0,0.0423739210526315,-0.0011604054355293,0.3002513891229408,-0.2634714851277142,-0.3174594327178535,-0.066096102185904,0.0,0.0,0.0,0.0,0.0,0.0,0.0,0.0,0.0,0.0,0.0,0.0,0.0,0.0,0.0,0.0,0.0,0.0,0.0,0.0,0.0,0.0,0.0,0.0,0.0,0.0,0.0,0.0,0.0,0.0,0.0,0.0,0.0,0.0,0.0,0.0,0.0,0.0,0.0,0.0,0.0,0.0,0.0,0.0,0.0,0.0062402225598023,0.6240222559802399,0.14412851,7
2024-03-13,-0.0154625727272727,0.1390144128965802,110,-0.432866,0.473929,0.1324179363636363,14.565973,-0.0051669636363636,0.1575439847988827,6,110,neutral,-0.0587588127272727,0.1491518658905961,-0.002047521971418,0.0304225370309839,0.1569033828345089,99.66666666666669,0.1422458154545454,-0.0329381181818181,0.0146216359466095,0.1446451569067572,92.71428571428572,0.1282346969658668,-0.0735241220230473,0.0098563296567463,0.1448304852416204,84.5,0.132126394437715,-0.0437953909090909,0.0161339174150518,0.1429276365438224,77.7,0.1229227351635908,-0.0790719727272727,50.0,-0.0106068319047619,-0.005417146270912,0.2977968054163434,-0.2629105915296649,-1.3571343083665632,-0.038621108907048,0.0,0.0,0.0,0.0,0.0,0.0,0.0,0.0,0.0,0.0,0.0,0.0,0.0,0.0,0.0,0.0,0.0,0.0,0.0,0.0,0.0,0.0,0.0,0.0,0.0,0.0,0.0,0.0,0.0,0.0,0.0,0.0,0.0,0.0,0.0,0.0,0.0,0.0,0.0,0.0,0.0,0.0,0.0,0.0,0.0,-0.002047521971418,-0.2252274168559909,0.1324179363636363,6
2024-03-14,-0.0257979333333333,0.1633330956666863,90,-0.453636,0.471613,0.1280595777777777,11.525362,-0.0213109555555555,0.165529462593159,10,90,neutral,-0.0103353606060606,0.1524586509830806,-0.0033036724502059,0.0006785779797979,0.1583917373817253,100.0,0.1348686747138047,-0.089231877153558,0.0078241259898996,0.1489055207810665,91.42857142857144,0.1323984230841929,-0.0475825696969696,0.0084325787795533,0.147167612362544,85.5,0.1323364958579322,-0.0199325122807017,0.0146324449537298,0.1429795095013592,78.06666666666666,0.1229181172920483,-0.0450441738396624,50.0,0.0195080039705048,-0.0034747863825364,0.2975288990809425,-0.2671049834658688,0.6684114466819095,0.0484234521212121,0.0,0.0,0.0,0.0,0.0,0.0,0.0,0.0,0.0,0.0,0.0,0.0,0.0,0.0,0.0,0.0,0.0,0.0,0.0,0.0,0.0,0.0,0.0,0.0,0.0,0.0,0.0,0.0,0.0,0.0,0.0,0.0,0.0,0.0,0.0,0.0,0.0,0.0,0.0,0.0,0.0,0.0,0.0,0.0,0.0,-0.0033036724502059,-0.2973305205185333,0.1280595777777777,10
2024-03-15,-0.0062400108695652,0.134103895887594,92,-0.382684,0.304322,0.1214030434782608,11.16908,-0.0310447391304347,0.1653691839102436,9,92,neutral,0.0195579224637681,0.1536294280115614,-0.0007575563109026,-0.0158335056433904,0.1454838014836202,97.33333333333331,0.1272935192065583,-0.0495362508695652,0.0049468849715341,0.1490280458581801,84.71428571428571,0.135372935975743,-0.020140687128558,0.0067272557242442,0.148187286849186,86.07142857142857,0.1318087948818896,-0.0238745227743271,0.0137857761703583,0.1432799478016165,77.96666666666667,0.1238199422500956,-0.0254000635011441,50.0,0.0649895960384153,0.0032603107659962,0.2986411945193512,-0.272309936707652,-0.7581197381612526,0.0298932830698287,0.0,0.0,0.0,0.0,0.0,0.0,0.0,0.0,0.0,0.0,0.0,0.0,0.0,0.0,0.0,0.0,0.0,0.0,0.0,0.0,0.0,0.0,0.0,0.0,0.0,0.0,0.0,0.0,0.0,0.0,0.0,0.0,0.0,0.0,0.0,0.0,0.0,0.0,0.0,0.0,0.0,0.0,0.0,0.0,0.0,-0.0007575563109026,-0.0696951806030434,0.1214030434782608,9
2024-03-16,-0.0613042,0.1288496049065398,50,-0.460392,0.16434,0.12245606,6.122803,-0.09440512,0.1503106810107108,7,50,neutral,-0.0550641891304347,0.147625742587862,-0.007507070793452,-0.0311140480676328,0.1420955321536068,77.33333333333333,0.1239728937520128,-0.0458416272727272,0.0022001446206569,0.1464638222442196,83.71428571428571,0.1328828468028107,-0.0192271824561403,0.0056622118218052,0.1439766793713356,86.71428571428571,0.1304342277390325,-0.0149106146341463,0.010525352837025,0.1416923033236509,76.56666666666666,0.1240605859167623,-0.0978127,50.0,0.0034046488095238,0.0064762277671895,0.2926434208194088,-0.2804757687219954,8.824373912392156,-0.0746221115942029,0.0,0.0,0.0,0.0,0.0,0.0,0.0,0.0,0.0,0.0,0.0,0.0,0.0,0.0,0.0,0.0,0.0,0.0,0.0,0.0,0.0,0.0,0.0,0.0,0.0,0.0,0.0,0.0,0.0,0.0,0.0,0.0,0.0,0.0,0.0,0.0,0.0,0.0,0.0,0.0,0.0,0.0,0.0,0.0,0.0,-0.007507070793452,-0.3753535396726,0.12245606,7
2024-03-17,0.0115974680851063,0.1269751428169499,47,-0.258874,0.312651,0.1185561489361702,5.572139,-0.0133018723404255,0.1726157348705394,4,47,neutral,0.0729016680851063,0.13845523043487,0.0013749511535803,-0.0186489142614862,0.1299762145370279,63.0,0.1208050841381437,0.0373954014184397,0.0013604192821656,0.146281698254471,82.57142857142857,0.1310303252222636,-0.005878077369439,0.0083562058978551,0.1425200601374411,86.57142857142857,0.127496527007068,0.0377159170646982,0.0106776791065285,0.1406138354297493,75.63333333333334,0.1240811139924124,0.0045697880851063,50.0,0.0015693168921868,0.0162471442237582,0.2899188943263243,-0.279522323198178,-1.1891790135929736,0.1279658572155411,0.0,0.0,0.0,0.0,0.0,0.0,0.0,0.0,0.0,0.0,0.0,0.0,0.0,0.0,0.0,0.0,0.0,0.0,0.0,0.0,0.0,0.0,0.0,0.0,0.0,0.0,0.0,0.0,0.0,0.0,0.0,0.0,0.0,0.0,0.0,0.0,0.0,0.0,0.0,0.0,0.0,0.0,0.0,0.0,0.0,0.0013749511535803,0.0646227042182766,0.1185561489361702,4
2024-03-18,-0.0125217368421052,0.1346086518901731,76,-0.329546,0.410134,0.116195947368421,8.830892,-0.0300421052631578,0.1858729814690723,9,76,neutral,-0.0241192049272116,0.1375740782335886,-0.0014549750750664,-0.0207428229189996,0.1301444665378876,57.666666666666664,0.1190693854348637,-0.00628172597254,-0.0094903922410243,0.142816072520919,80.71428571428571,0.126173889132038,-0.07595568066233,0.0059303494114008,0.1430337697063476,87.5,0.125721907601411,-0.0339619908103592,0.0111564739249699,0.1407612963015242,76.73333333333333,0.1245151750287242,0.0143638445532435,50.0,-0.0636010563380281,0.0053691243837304,0.2881748588585152,-0.2809693568168782,-2.0796957361914052,-0.097020873012318,0.0,0.0,0.0,0.0,0.0,0.0,0.0,0.0,0.0,0.0,0.0,0.0,0.0,0.0,0.0,0.0,0.0,0.0,0.0,0.0,0.0,0.0,0.0,0.0,0.0,0.0,0.0,0.0,0.0,0.0,0.0,0.0,0.0,0.0,0.0,0.0,0.0,0.0,0.0,0.0,0.0,0.0,0.0,0.0,0.0,-0.0014549750750664,-0.1105781057050526,0.116195947368421,9
2024-03-19,-0.0065831028037383,0.1339400729455495,107,-0.40556,0.372248,0.1072994392523364,11.48104,0.038178429906542,0.1670735445651649,9,107,neutral,0.0059386340383669,0.1316954736893613,-0.0007063632393816,-0.0025024571869124,0.1318412892175575,76.66666666666667,0.1140171785189759,0.0547210971962616,-0.0166160126415583,0.1372606967157247,81.71428571428571,0.1209125933109432,-0.0498793428037383,0.0042545346541718,0.1408701288610761,89.5,0.1234560510923102,-0.0234614066012066,0.0096413322628846,0.1405142521657929,79.16666666666667,0.1248468357489001,-0.0454542498625618,50.0,-0.0183103080054274,0.0033505027738673,0.2868006807211586,-0.2830867707780773,-0.4742659994576671,0.0300578389655785,0.0,0.0,0.0,0.0,0.0,0.0,0.0,0.0,0.0,0.0,0.0,0.0,0.0,0.0,0.0,0.0,0.0,0.0,0.0,0.0,0.0,0.0,0.0,0.0,0.0,0.0,0.0,0.0,0.0,0.0,0.0,0.0,0.0,0.0,0.0,0.0,0.0,0.0,0.0,0.0,0.0,0.0,0.0,0.0,0.0,-0.0007063632393816,-0.0755808666138317,0.1072994392523364,9
2024-03-20,0.0209683592233009,0.1293083545952635,103,-0.402568,0.356667,0.1326134563106796,13.659186,0.0302450291262135,0.1803679572070066,8,103,neutral,0.0275514620270392,0.1307363654308952,0.0027806865897658,0.0006211731924857,0.1326190264769954,95.33333333333331,0.1187029476438123,0.0093708911381945,-0.0114115937914763,0.1358741169583937,80.71428571428571,0.1209405247319494,0.0364309319505737,0.0016050210775665,0.1402596369325755,86.71428571428571,0.1245876108489081,-0.0370931900724736,0.009512114144402,0.1400077520124376,80.2,0.1258633662370339,-0.0038765435544768,50.0,0.0049243731237232,0.0049168515154186,0.2880118735971059,-0.2816145856264314,-4.185178759686657,0.0216128279886723,0.0,0.0,0.0,0.0,0.0,0.0,0.0,0.0,0.0,0.0,0.0,0.0,0.0,0.0,0.0,0.0,0.0,0.0,0.0,0.0,0.0,0.0,0.0,0.0,0.0,0.0,0.0,0.0,0.0,0.0,0.0,0.0,0.0,0.0,0.0,0.0,0.0,0.0,0.0,0.0,0.0,0.0,0.0,0.0,0.0,0.0027806865897658,0.2864107187458835,0.1326134563106796,8
2024-03-21,0.0323760804597701,0.1434152341874864,87,-0.348703,0.467529,0.117049356321839,10.183294,0.0386941379310344,0.1958014598331552,14,87,neutral,0.0114077212364691,0.1336494912870845,0.0037895993780401,0.0155871122931109,0.1355545539094332,99.0,0.1189874172949517,0.0448978173018753,-0.0031010203924616,0.1330287081756509,80.28571428571429,0.1193676359525296,0.0581740137931034,0.0023615527987189,0.1409671144783587,85.85714285714286,0.1258830295183612,0.0105914440961337,0.0099763961367392,0.1393411170753697,81.16666666666667,0.1247762189190262,0.0139284597701149,50.0,0.0767635847080387,0.0087379252549083,0.2911076301361445,-0.2832361853099691,0.5440445346716674,-0.0161437407905701,0.0,0.0,0.0,0.0,0.0,0.0,0.0,0.0,0.0,0.0,0.0,0.0,0.0,0.0,0.0,0.0,0.0,0.0,0.0,0.0,0.0,0.0,0.0,0.0,0.0,0.0,0.0,0.0,0.0,0.0,0.0,0.0,0.0,0.0,0.0,0.0,0.0,0.0,0.0,0.0,0.0,0.0,0.0,0.0,0.0,0.0037895993780401,0.3296951458894942,0.117049356321839,14
2024-03-22,0.0316498452380952,0.1587899695236988,84,-0.400562,0.549079,0.1358123333333333,11.408236,0.0385586071428571,0.1936518786099351,8,84,neutral,-0.0007262352216748,0.1400124566284343,0.0042984393314246,0.0283314283070554,0.1438378527688162,91.33333333333331,0.1284917153219507,0.0382329480418335,0.002311816194347,0.1365552901236659,79.14285714285714,0.1214261059318256,0.0378898561076604,0.0036293505829405,0.142791667990923,81.92857142857143,0.1283995209537843,0.0177491689791024,0.0112160412127508,0.1403650935523265,81.6,0.1257519220489166,0.0371893522803487,50.0,0.0628563116883117,0.0169004967652498,0.2921089876590672,-0.2764331997724969,-0.022431227355556,-0.012133956458144,0.0,0.0,0.0,0.0,0.0,0.0,0.0,0.0,0.0,0.0,0.0,0.0,0.0,0.0,0.0,0.0,0.0,0.0,0.0,0.0,0.0,0.0,0.0,0.0,0.0,0.0,0.0,0.0,0.0,0.0,0.0,0.0,0.0,0.0,0.0,0.0,0.0,0.0,0.0,0.0,0.0,0.0,0.0,0.0,0.0,0.0042984393314246,0.3610689038396666,0.1358123333333333,8
2024-03-23,0.0380947868852459,0.1213900272611819,61,-0.186883,0.356667,0.1020312131147541,6.223904,-0.0156577049180327,0.2175079425731655,7,61,neutral,0.0064449416471506,0.137368731702636,0.0038868573192496,0.0340402375277037,0.1411984103241224,77.33333333333333,0.1182976342566421,0.0171264276619449,0.0165116714636678,0.135489636174329,80.71428571428571,0.1185082706625048,0.0993989868852459,0.0093559080421624,0.1409767292092743,82.21428571428571,0.1256955587326577,0.0801718044291055,0.0123700564969853,0.1392750344803721,81.4,0.1256215689537368,0.0346204585270369,50.0,-0.0341256660424469,0.0109412000971441,0.29272187096928,-0.270624759496226,0.2036326433404873,0.0071711768688255,0.0,0.0,0.0,0.0,0.0,0.0,0.0,0.0,0.0,0.0,0.0,0.0,0.0,0.0,0.0,0.0,0.0,0.0,0.0,0.0,0.0,0.0,0.0,0.0,0.0,0.0,0.0,0.0,0.0,0.0,0.0,0.0,0.0,0.0,0.0,0.0,0.0,0.0,0.0,0.0,0.0,0.0,0.0,0.0,0.0,0.0038868573192496,0.2370982964742295,0.1020312131147541,7
2024-03-24,0.027919813559322,0.1510054922129146,59,-0.297755,0.381028,0.1266278474576271,7.471043,-0.0388417118644067,0.2368612874485716,7,59,neutral,-0.0101749733259238,0.140781815556109,0.0035354258924352,0.0325548152275543,0.1437284963325985,68.0,0.1214904646352382,-0.004456266900448,0.0188434351028415,0.1389225432308954,82.42857142857143,0.1196613704512844,0.0163223454742156,0.0101019271925036,0.1426021207426832,82.5,0.125345847836774,0.0104442681047765,0.0126732153028722,0.1395185286320469,80.66666666666667,0.1257231984368923,0.0090947641766059,50.0,-0.0239072859770114,0.0010637687620967,0.2954047263775765,-0.2726596589454156,-0.2670962133631106,-0.0166199149730745,0.0,0.0,0.0,0.0,0.0,0.0,0.0,0.0,0.0,0.0,0.0,0.0,0.0,0.0,0.0,0.0,0.0,0.0,0.0,0.0,0.0,0.0,0.0,0.0,0.0,0.0,0.0,0.0,0.0,0.0,0.0,0.0,0.0,0.0,0.0,0.0,0.0,0.0,0.0,0.0,0.0,0.0,0.0,0.0,0.0,0.0035354258924352,0.208590127653678,0.1266278474576271,7
2024-03-25,0.0073371093749999,0.1673713111377573,64,-0.551705,0.370653,0.1496634531249999,9.578461,0.0129507968749999,0.1876442212707952,8,64,neutral,-0.020582704184322,0.1483944068646078,0.0010980971250183,0.0244505699398559,0.1465889435372847,61.333333333333336,0.1261075045657937,-0.0243127358630952,0.0216804131338565,0.1436029231234074,80.71428571428571,0.1244424427022242,0.0198588462171052,0.0060950104464161,0.1432094978221632,80.71428571428571,0.1253081659171311,-0.0560968344452247,0.0117615667098996,0.141680317253751,80.56666666666666,0.1273752001082231,-0.0273494577891791,50.0,0.0437953909090909,0.0055516289953819,0.2952416932922939,-0.2734507453023799,-0.7372077947651539,-0.0104077308583981,0.0,0.0,0.0,0.0,0.0,0.0,0.0,0.0,0.0,0.0,0.0,0.0,0.0,0.0,0.0,0.0,0.0,0.0,0.0,0.0,0.0,0.0,0.0,0.0,0.0,0.0,0.0,0.0,0.0,0.0,0.0,0.0,0.0,0.0,0.0,0.0,0.0,0.0,0.0,0.0,0.0,0.0,0.0,0.0,0.0,0.0010980971250183,0.0702782160011718,0.1496634531249999,8
2024-03-26,-0.0170724537037037,0.1269059258781789,108,-0.474888,0.382637,0.1216051851851851,13.13336,-0.0257985092592592,0.1665213946663774,7,108,neutral,-0.0244095630787037,0.1450925452027463,-0.0020760988942043,0.0060614897435394,0.1484275764096169,77.0,0.1326321619226041,-0.0551672405889496,0.0201819344338615,0.1425980449709259,80.85714285714286,0.1264861206926311,-0.0104893508999653,0.0017829608961515,0.1399293708433253,81.28571428571429,0.1236993570017872,-0.0603686937037037,0.0085147563483476,0.1419768710052058,82.3,0.127453146162015,-0.0974043108465608,50.0,0.0199325122807017,0.0075919840385502,0.2903900615707105,-0.2761125138807444,-3.3268637321770473,-0.0038268588943816,0.0,0.0,0.0,0.0,0.0,0.0,0.0,0.0,0.0,0.0,0.0,0.0,0.0,0.0,0.0,0.0,0.0,0.0,0.0,0.0,0.0,0.0,0.0,0.0,0.0,0.0,0.0,0.0,0.0,0.0,0.0,0.0,0.0,0.0,0.0,0.0,0.0,0.0,0.0,0.0,0.0,0.0,0.0,0.0,0.0,-0.0020760988942043,-0.224218680574074,0.1216051851851851,7
2024-03-27,-0.0265073963963963,0.1082734691267927,111,-0.394872,0.283846,0.1405953243243243,15.606081,-0.0438899549549549,0.16067356453202,6,111,neutral,-0.0094349426926926,0.1349892451233651,-0.0037268159933447,-0.0120809135750333,0.134183568714243,94.33333333333331,0.1372879875448365,-0.0544272099557184,0.0133996836310475,0.1395930613325729,82.0,0.1276263875517233,-0.0474757556196973,0.0009940449197855,0.1377335891454833,81.35714285714286,0.1242834561418363,-0.0110448236691236,0.0066542338758751,0.1407404865460503,83.6,0.1272959157691221,-0.0558156741741741,50.0,0.0238745227743271,0.0173114928288119,0.2854517519907361,-0.2760034075767732,0.55264128147238,0.014974620386011,0.0,0.0,0.0,0.0,0.0,0.0,0.0,0.0,0.0,0.0,0.0,0.0,0.0,0.0,0.0,0.0,0.0,0.0,0.0,0.0,0.0,0.0,0.0,0.0,0.0,0.0,0.0,0.0,0.0,0.0,0.0,0.0,0.0,0.0,0.0,0.0,0.0,0.0,0.0,0.0,0.0,0.0,0.0,0.0,0.0,-0.0037268159933447,-0.4136765752612701,0.1405953243243243,6
2024-03-28,-0.0031693783783783,0.1579341696212838,74,-0.686061,0.273542,0.1140107432432432,8.436795,0.0072329459459459,0.1842344421004911,8,74,neutral,0.023338018018018,0.1422980735953855,-0.0003613431845379,-0.0155830761594928,0.1310378548754185,97.66666666666669,0.1254037509175842,-0.0105064877533783,0.0083217609398835,0.1416671949659726,80.14285714285714,0.1271922999690667,-0.0355454588381484,0.0026103702737109,0.1373479515708117,80.21428571428571,0.1232799679607982,0.0226285549549549,0.0059022894624962,0.1414685034955691,83.16666666666667,0.1272458685132455,-0.0225583324013668,50.0,0.0149106146341463,0.0210027064554312,0.287067044186216,-0.2793257052359902,-0.8804341878401438,0.0327729607107107,0.0,0.0,0.0,0.0,0.0,0.0,0.0,0.0,0.0,0.0,0.0,0.0,0.0,0.0,0.0,0.0,0.0,0.0,0.0,0.0,0.0,0.0,0.0,0.0,0.0,0.0,0.0,0.0,0.0,0.0,0.0,0.0,0.0,0.0,0.0,0.0,0.0,0.0,0.0,0.0,0.0,0.0,0.0,0.0,0.0,-0.0003613431845379,-0.0267393956558108,0.1140107432432432,8
2024-03-29,0.0043977868852459,0.1196955335621891,61,-0.266991,0.389878,0.1090718032786885,6.65338,0.0236240819672131,0.1681323099408414,8,61,neutral,0.0075671652636242,0.1360360818652404,0.0004796745460091,-0.0084263292965096,0.1286343907700886,82.0,0.121225956948752,0.0214702405889496,0.0044286097466193,0.1360822755428998,76.85714285714286,0.1233722242469746,-0.0272520583528493,0.0033702129704831,0.1363187828332828,78.0,0.1223991650894001,0.0106377977548111,0.0051044550859438,0.1411175581534309,81.9,0.1270940151545217,-0.0239350312965722,50.0,-0.0377159170646982,0.0162648964344955,0.2866804207434639,-0.2742916013503276,-2.3875865738366153,-0.0157708527543937,0.0,0.0,0.0,0.0,0.0,0.0,0.0,0.0,0.0,0.0,0.0,0.0,0.0,0.0,0.0,0.0,0.0,0.0,0.0,0.0,0.0,0.0,0.0,0.0,0.0,0.0,0.0,0.0,0.0,0.0,0.0,0.0,0.0,0.0,0.0,0.0,0.0,0.0,0.0,0.0,0.0,0.0,0.0,0.0,0.0,0.0004796745460091,0.0292601473065573,0.1090718032786885,8
2024-03-30,-0.0388629259259259,0.1439936782140697,54,-0.300365,0.31873,0.1419299074074074,7.664215,-0.0525880925925925,0.1605394785531687,7,54,neutral,-0.0432607128111718,0.1313605552805029,-0.0055158114782475,-0.0125448391396861,0.1405411271325142,63.0,0.1216708179764464,-0.0123555295295295,-0.0065653492264052,0.1393113685361695,75.85714285714286,0.1290720377173536,-0.0769577128111718,0.0049731611186313,0.1374005023552492,78.28571428571429,0.1237901541899292,0.022441274074074,0.004004538256834,0.141563570228108,81.16666666666667,0.127654406804944,-0.0329975048732943,50.0,0.0339619908103592,0.0115091637791978,0.2854378639213283,-0.278682891666239,-9.83692796854409,-0.0508278780747961,0.0,0.0,0.0,0.0,0.0,0.0,0.0,0.0,0.0,0.0,0.0,0.0,0.0,0.0,0.0,0.0,0.0,0.0,0.0,0.0,0.0,0.0,0.0,0.0,0.0,0.0,0.0,0.0,0.0,0.0,0.0,0.0,0.0,0.0,0.0,0.0,0.0,0.0,0.0,0.0,0.0,0.0,0.0,0.0,0.0,-0.0055158114782475,-0.2978538198253703,0.1419299074074074,7
2024-03-31,0.0301758139534883,0.1204082277103417,43,-0.232108,0.260825,0.0957816511627907,4.1186110000000005,0.013542953488372,0.1868197072914792,7,43,neutral,0.0690387398794143,0.1300610156469354,0.0028902892856462,-0.0014297750290638,0.1280324798288669,52.666666666666664,0.1155944539496289,0.0333451923318667,-0.00624306345581,0.1349403307500876,73.57142857142857,0.1246654382466627,0.0022560003941663,0.0063001858235157,0.1369314369904915,78.0,0.1221634043489735,0.0185783458683819,0.0044225816584582,0.1415828960492992,79.8,0.1265540999389418,0.0125413020487264,50.0,0.0234614066012066,0.0071319521028528,0.2799289769965219,-0.2764998177281064,-1.7764678864119627,0.1122994526905861,0.0,0.0,0.0,0.0,0.0,0.0,0.0,0.0,0.0,0.0,0.0,0.0,0.0,0.0,0.0,0.0,0.0,0.0,0.0,0.0,0.0,0.0,0.0,0.0,0.0,0.0,0.0,0.0,0.0,0.0,0.0,0.0,0.0,0.0,0.0,0.0,0.0,0.0,0.0,0.0,0.0,0.0,0.0,0.0,0.0,0.0028902892856462,0.1242824392827906,0.0957816511627907,7
2024-04-01,-0.0185588292682926,0.1340991033317905,82,-0.307621,0.437005,0.1380561585365853,11.320605,-0.0461556097560975,0.1718313672976407,9,82,neutral,-0.048734643221781,0.135226142487935,-0.0025621606757168,-0.0090819804135767,0.1328336697520673,59.666666666666664,0.1252559057022611,-0.0229566161535385,-0.0099424832619946,0.130187158206378,76.14285714285714,0.1230072533054606,-0.0258959386432926,0.0058689649359309,0.1368950406648928,78.42857142857143,0.1237248480038424,-0.0060370924261874,0.0053504068617102,0.1397929291738107,81.16666666666667,0.126432638556828,0.0278347560975609,50.0,0.0370931900724736,0.0150451583378439,0.2729633635080954,-0.2757197111665091,-1.6150233195664057,-0.1177733831011953,0.0,0.0,0.0,0.0,0.0,0.0,0.0,0.0,0.0,0.0,0.0,0.0,0.0,0.0,0.0,0.0,0.0,0.0,0.0,0.0,0.0,0.0,0.0,0.0,0.0,0.0,0.0,0.0,0.0,0.0,0.0,0.0,0.0,0.0,0.0,0.0,0.0,0.0,0.0,0.0,0.0,0.0,0.0,0.0,0.0,-0.0025621606757168,-0.2100971754087805,0.1380561585365853,9
2024-04-02,0.0007692282608695,0.1342260436248833,92,-0.287851,0.450963,0.1177875978260869,10.836459,-0.0162016195652173,0.1680247329851882,10,92,neutral,0.0193280575291622,0.1304845172886549,9.060554902776462e-05,0.0041287376486884,0.1295777915556719,72.33333333333333,0.1172084691751543,0.0396321541867954,-0.0073936715527699,0.1312328893130501,73.85714285714286,0.1224618836827323,0.0178416819645732,0.0063941314405457,0.136915467141988,77.35714285714286,0.1244740021876817,0.0073523310646078,0.0062466627697256,0.1393548702249244,82.6,0.1250360931782418,0.0268876772404614,50.0,-0.0105914440961337,0.0165246963246081,0.2732961166303329,-0.2744292841899323,-1.041448102665817,0.0680627007509433,0.0,0.0,0.0,0.0,0.0,0.0,0.0,0.0,0.0,0.0,0.0,0.0,0.0,0.0,0.0,0.0,0.0,0.0,0.0,0.0,0.0,0.0,0.0,0.0,0.0,0.0,0.0,0.0,0.0,0.0,0.0,0.0,0.0,0.0,0.0,0.0,0.0,0.0,0.0,0.0,0.0,0.0,0.0,0.0,0.0,9.060554902776462e-05,0.0083357105105543,0.1177875978260869,10
2024-04-03,-0.0170189404761904,0.1558086522639151,84,-0.45147,0.256965,0.1261562261904762,10.597123,-0.0141452857142857,0.202902583437719,9,84,neutral,-0.01778816873706,0.1377071410290001,-0.0021470453042365,-0.0116028471612045,0.1413779330735296,86.0,0.1273333275177162,-0.0471947544296788,-0.0060381778498833,0.1380236297612105,70.0,0.1203991553778969,0.0094884559202059,0.0036807528905821,0.1388083455468917,76.0,0.1240127714648101,-0.0379872996994914,0.0049646896215774,0.1403012680362055,83.3,0.1245399467496704,-0.0384591944444444,50.0,-0.0177491689791024,0.0096864118925867,0.2729826219329128,-0.273237890206798,-23.124694764791425,-0.0371162262662222,0.0,0.0,0.0,0.0,0.0,0.0,0.0,0.0,0.0,0.0,0.0,0.0,0.0,0.0,0.0,0.0,0.0,0.0,0.0,0.0,0.0,0.0,0.0,0.0,0.0,0.0,0.0,0.0,0.0,0.0,0.0,0.0,0.0,0.0,0.0,0.0,0.0,0.0,0.0,0.0,0.0,0.0,0.0,0.0,0.0,-0.0021470453042365,-0.180351805555869,0.1261562261904762,9
2024-04-04,0.0071434109589041,0.1116814999549606,73,-0.290966,0.24332,0.1042118904109589,7.607468,-0.0019131917808219,0.1783939377075242,11,73,neutral,0.0241623514350945,0.1312447053771783,0.0007444283600097,-0.0030354337521389,0.1339053986145864,83.0,0.116051904809174,0.0257022402271967,-0.0045649222302715,0.1314161055231643,69.85714285714286,0.1189993192589991,0.0103127893372824,0.0018784193548059,0.1365416502445685,75.0,0.1230958096140329,-0.025232669500866,0.0046401931936253,0.1385496165420591,83.1,0.1233796287507107,-0.0097348928385642,50.0,-0.0801718044291055,-0.0014362899640585,0.271409553431073,-0.2703264795221112,-1.4197330009407902,0.0419505201721546,0.0,0.0,0.0,0.0,0.0,0.0,0.0,0.0,0.0,0.0,0.0,0.0,0.0,0.0,0.0,0.0,0.0,0.0,0.0,0.0,0.0,0.0,0.0,0.0,0.0,0.0,0.0,0.0,0.0,0.0,0.0,0.0,0.0,0.0,0.0,0.0,0.0,0.0,0.0,0.0,0.0,0.0,0.0,0.0,0.0,0.0007444283600097,0.0543432702807123,0.1042118904109589,11
2024-04-05,-0.0291564705882352,0.1261690730160457,85,-0.3926,0.354961,0.1096145999999999,9.317241,-0.0566381529411764,0.1710683543806049,10,85,neutral,-0.0362998815471394,0.1323968744383191,-0.0031959748609411,-0.0130106667018405,0.1312197417449739,80.66666666666667,0.1133275722004784,-0.0299256988491048,-0.009358387583626,0.1323408968737152,73.28571428571429,0.1190768616477579,-0.0335542574734811,-0.0024648889185033,0.1342115862083075,75.07142857142857,0.1212245429473662,-0.0608063158263305,0.0017329258641583,0.1381600775894516,81.2,0.1231410614267671,-0.0872180198840099,50.0,-0.0104442681047765,-0.0052494889506256,0.2727488867126118,-0.2684510398624736,-5.081589419392479,-0.0604622329822339,0.0,0.0,0.0,0.0,0.0,0.0,0.0,0.0,0.0,0.0,0.0,0.0,0.0,0.0,0.0,0.0,0.0,0.0,0.0,0.0,0.0,0.0,0.0,0.0,0.0,0.0,0.0,0.0,0.0,0.0,0.0,0.0,0.0,0.0,0.0,0.0,0.0,0.0,0.0,0.0,0.0,0.0,0.0,0.0,0.0,-0.0031959748609411,-0.2716578631799999,0.1096145999999999,10
2024-04-06,0.0031484814814814,0.1218646627174403,54,-0.458527,0.305249,0.1043981296296296,5.637499,-0.0141998703703703,0.1682712877094543,6,54,neutral,0.0323049520697167,0.129949986315449,0.0003286955778401,-0.0062881927159499,0.1199050785628156,70.66666666666667,0.1060748733468628,0.0201674219576719,-0.0033567579539964,0.1291796089456253,73.28571428571429,0.1137151791080754,0.0420114074074074,-0.0049610535902008,0.1342454887408974,74.57142857142857,0.1213936084127145,-0.0349463054037644,0.0011117207014198,0.1377718813951488,79.7,0.1233238825827716,-0.0186361548821548,50.0,0.0560968344452247,-0.0006732423049502,0.2718153893724795,-0.2683624411827038,-1.1079856861259434,0.0686048336168561,0.0,0.0,0.0,0.0,0.0,0.0,0.0,0.0,0.0,0.0,0.0,0.0,0.0,0.0,0.0,0.0,0.0,0.0,0.0,0.0,0.0,0.0,0.0,0.0,0.0,0.0,0.0,0.0,0.0,0.0,0.0,0.0,0.0,0.0,0.0,0.0,0.0,0.0,0.0,0.0,0.0,0.0,0.0,0.0,0.0,0.0003286955778401,0.0177495612033703,0.1043981296296296,6
2024-04-07,-0.0277150877192982,0.1281965203706905,57,-0.366413,0.188049,0.1336845263157894,7.620018,-0.0502052807017543,0.179618713332253,5,57,neutral,-0.0308635692007797,0.1287440816646105,-0.0037050783735549,-0.0179076922753506,0.1254100853680589,65.33333333333333,0.1158990853151397,-0.0348584986782023,-0.0116268867643945,0.130292222182818,75.28571428571429,0.1191298755585038,-0.0578909016727866,-0.0089349751101022,0.1326162764664528,74.42857142857143,0.1218976569025832,-0.0556349012786202,-0.0002754714311898,0.1376035580625786,76.96666666666667,0.1244273183520509,-0.041615763978291,50.0,0.0603686937037037,0.0102250477804277,0.2704145086766717,-0.2684808955746153,-9.802684050171782,-0.0631685212704964,0.0,0.0,0.0,0.0,0.0,0.0,0.0,0.0,0.0,0.0,0.0,0.0,0.0,0.0,0.0,0.0,0.0,0.0,0.0,0.0,0.0,0.0,0.0,0.0,0.0,0.0,0.0,0.0,0.0,0.0,0.0,0.0,0.0,0.0,0.0,0.0,0.0,0.0,0.0,0.0,0.0,0.0,0.0,0.0,0.0,-0.0037050783735549,-0.2111894672926315,0.1336845263157894,5
2024-04-08,0.012395515625,0.1298660401883041,64,-0.307203,0.324311,0.1443640625,9.2393,0.0134153749999999,0.161246157362803,7,64,neutral,0.0401106033442982,0.1235555592494883,0.0017894669924072,-0.0040570302042722,0.1266424077588117,58.333333333333336,0.1274822394818064,0.0415519862132353,-0.0072048374939241,0.1296874988766057,72.71428571428571,0.1200310046961344,0.0309543448932926,-0.0085736603779594,0.1299373285414919,74.42857142857143,0.1215191290007975,0.00505840625,0.0015402796744388,0.13703912039538,77.2,0.1245765642950334,0.0544725331688596,50.0,0.0110448236691236,0.007678695875846,0.2709560363223841,-0.2671245613774538,-1.4472479304609562,0.0709741725450779,0.0,0.0,0.0,0.0,0.0,0.0,0.0,0.0,0.0,0.0,0.0,0.0,0.0,0.0,0.0,0.0,0.0,0.0,0.0,0.0,0.0,0.0,0.0,0.0,0.0,0.0,0.0,0.0,0.0,0.0,0.0,0.0,0.0,0.0,0.0,0.0,0.0,0.0,0.0,0.0,0.0,0.0,0.0,0.0,0.0,0.0017894669924072,0.1145258875140625,0.1443640625,7
2024-04-09,0.0283437875,0.1600196862513867,80,-0.320276,0.538725,0.1369107375,10.952859,-0.0122829874999999,0.1822828025818703,7,80,neutral,0.015948271875,0.1332231965087735,0.0038805688501682,0.0043414051352339,0.1393607489367938,67.0,0.1383197754385965,0.0251953060185185,-0.0032656147454769,0.1333723049661062,71.0,0.1227628817924077,0.0275745592391304,-0.0053296431491234,0.1323025971395781,72.42857142857143,0.12261238273757,0.0454162412037037,0.0019025544092872,0.1380981095789198,78.03333333333333,0.1247561288783667,0.0108682420454545,50.0,-0.0226285549549549,0.0025575890362725,0.2743959409018314,-0.2698269231292312,1.2866162536098615,-0.0241623314692982,0.0,0.0,0.0,0.0,0.0,0.0,0.0,0.0,0.0,0.0,0.0,0.0,0.0,0.0,0.0,0.0,0.0,0.0,0.0,0.0,0.0,0.0,0.0,0.0,0.0,0.0,0.0,0.0,0.0,0.0,0.0,0.0,0.0,0.0,0.0,0.0,0.0,0.0,0.0,0.0,0.0,0.0,0.0,0.0,0.0,0.0038805688501682,0.3104455080134625,0.1369107375,7
2024-04-10,-0.0292808356164383,0.1347614778790262,73,-0.382609,0.31071,0.1310810410958904,9.568916,-0.0344697534246575,0.1564945921786455,5,73,neutral,-0.0576246231164383,0.1349416774813696,-0.0038381624167603,0.0038194891695205,0.141549068106239,72.33333333333333,0.1374519470319634,-0.0015657478971401,-0.0050173140512266,0.1303655657682649,69.42857142857143,0.1234664267788955,-0.0122618951402478,-0.0055277459505549,0.1341945977647377,69.71428571428571,0.1219327910783962,-0.0027734392200419,-0.0011879382386014,0.1372945577740528,77.5,0.1241191302482297,-0.092714779436663,50.0,-0.0106377977548111,-0.002745854055648,0.2704477194671749,-0.2720443933021956,-2.033060088262317,-0.0735728949914383,0.0,0.0,0.0,0.0,0.0,0.0,0.0,0.0,0.0,0.0,0.0,0.0,0.0,0.0,0.0,0.0,0.0,0.0,0.0,0.0,0.0,0.0,0.0,0.0,0.0,0.0,0.0,0.0,0.0,0.0,0.0,0.0,0.0,0.0,0.0,0.0,0.0,0.0,0.0,0.0,0.0,0.0,0.0,0.0,0.0,-0.0038381624167603,-0.2801858564235068,0.1310810410958904,5
2024-04-11,0.0105793058823529,0.1352472232054554,85,-0.409704,0.44478,0.1062676235294117,9.032748,0.0015589647058823,0.1779862001120984,8,85,neutral,0.0398601414987912,0.1376181895789726,0.0011242376947083,0.0032140859219715,0.1433427957786227,79.33333333333333,0.1247531340417674,-0.001816209742647,-0.0045264719193053,0.1337320976611927,71.14285714285714,0.1237601029386744,0.0034358949234488,-0.0045456970747884,0.1325741015921785,70.5,0.1213797110988368,0.0137486842607313,-0.0022785027091897,0.1360418750948377,77.0,0.1228571006992101,-0.032716934117647,50.0,-0.022441274074074,-0.0040625018309747,0.2670399178675634,-0.2707436456381583,-1.3613047804009284,0.0974847646152296,0.0,0.0,0.0,0.0,0.0,0.0,0.0,0.0,0.0,0.0,0.0,0.0,0.0,0.0,0.0,0.0,0.0,0.0,0.0,0.0,0.0,0.0,0.0,0.0,0.0,0.0,0.0,0.0,0.0,0.0,0.0,0.0,0.0,0.0,0.0,0.0,0.0,0.0,0.0,0.0,0.0,0.0,0.0,0.0,0.0,0.0011242376947083,0.0955602040502117,0.1062676235294117,8
2024-04-12,0.0071005624999999,0.1396492799721152,80,-0.36136,0.306849,0.110344225,8.827538,-0.0005778999999999,0.1606492570920981,11,80,neutral,-0.0034787433823529,0.1399087414992575,0.0007835060661265,-0.0038669890780284,0.1365526603521989,79.33333333333333,0.1158976298751007,-0.021243225,0.0006531042361568,0.1356578415120598,70.42857142857143,0.1238643350815316,0.0362570330882352,-0.0043526416737346,0.1339993691928875,71.85714285714286,0.1214705983646447,0.002702775614754,-0.0015263982016139,0.1360630373306888,76.0,0.1221213103204222,0.0225631352272727,50.0,-0.0185783458683819,-0.0041546325964502,0.2673161319193944,-0.2741192821285139,-0.3288252954436019,-0.0433388848811442,0.0,0.0,0.0,0.0,0.0,0.0,0.0,0.0,0.0,0.0,0.0,0.0,0.0,0.0,0.0,0.0,0.0,0.0,0.0,0.0,0.0,0.0,0.0,0.0,0.0,0.0,0.0,0.0,0.0,0.0,0.0,0.0,0.0,0.0,0.0,0.0,0.0,0.0,0.0,0.0,0.0,0.0,0.0,0.0,0.0,0.0007835060661265,0.062680485290125,0.110344225,11
2024-04-13,-0.0389794210526315,0.1250858278476005,57,-0.374102,0.205115,0.1483054912280701,8.453413,-0.0912783684210526,0.1644962700184622,7,57,neutral,-0.0460799835526315,0.1389526990311168,-0.0057808621869963,-0.0070998508900928,0.133327443675057,74.0,0.1216391132524939,-0.0096985854361932,-0.0053651675544307,0.1361180079592255,70.85714285714286,0.1301368153098802,-0.042127902534113,-0.0043609627542135,0.1326488084524254,72.07142857142857,0.1219259972089778,-0.0001164951267056,-0.0019657811255905,0.134788128403386,74.9,0.1227961741020986,-0.0131814877192982,50.0,0.0060370924261874,0.0054241337208045,0.2613792037522653,-0.2748722774225802,-6.489624385762618,-0.0426012401702786,0.0,0.0,0.0,0.0,0.0,0.0,0.0,0.0,0.0,0.0,0.0,0.0,0.0,0.0,0.0,0.0,0.0,0.0,0.0,0.0,0.0,0.0,0.0,0.0,0.0,0.0,0.0,0.0,0.0,0.0,0.0,0.0,0.0,0.0,0.0,0.0,0.0,0.0,0.0,0.0,0.0,0.0,0.0,0.0,0.0,-0.0057808621869963,-0.3295091446587894,0.1483054912280701,7
2024-04-14,-0.0189668181818181,0.1175511250765658,66,-0.522283,0.292906,0.109753606060606,7.243738,-0.0940817121212121,0.1067668047129263,7,66,neutral,0.0200126028708133,0.1304589867961526,-0.0020816766909504,-0.0169485589114832,0.1274287442987605,67.66666666666667,0.1228011074295587,-0.0295461240641711,-0.0041154147633621,0.134597237202922,72.14285714285714,0.1267181124162826,0.00874826953748,-0.0078711507638783,0.13244472969287,73.71428571428571,0.1229239939873932,-0.0491426321353065,-0.0023900080359989,0.1342363693763517,74.03333333333333,0.1224078595215101,-0.0127268073122529,50.0,-0.0073523310646078,0.0057676822808232,0.2550819887683053,-0.271205455194302,-0.513414574418424,0.0660925864234449,0.0,0.0,0.0,0.0,0.0,0.0,0.0,0.0,0.0,0.0,0.0,0.0,0.0,0.0,0.0,0.0,0.0,0.0,0.0,0.0,0.0,0.0,0.0,0.0,0.0,0.0,0.0,0.0,0.0,0.0,0.0,0.0,0.0,0.0,0.0,0.0,0.0,0.0,0.0,0.0,0.0,0.0,0.0,0.0,0.0,-0.0020816766909504,-0.1373906616027272,0.109753606060606,7
2024-04-15,-0.0210778631578947,0.1111448185199956,95,-0.466503,0.280075,0.1110868526315789,10.553251,-0.0545681052631579,0.1622694975029538,10,95,neutral,-0.0021110449760765,0.1257356549243465,-0.0023414734784096,-0.0263413674641148,0.117927257148054,72.66666666666667,0.1230486499734184,-0.0281784256578947,-0.0088973260180614,0.1319227769645922,76.57142857142857,0.1219642252922224,-0.0334733787828947,-0.0080510817559927,0.1308051379205989,74.64285714285714,0.1209976149941784,-0.002519033889602,-0.0010491301412621,0.1336462098301336,75.53333333333333,0.1220288859425628,0.0402263368421052,50.0,0.0379872996994914,0.0037555117535195,0.2533056075597774,-0.2698296149311932,0.1113020094271914,-0.0221236478468899,0.0,0.0,0.0,0.0,0.0,0.0,0.0,0.0,0.0,0.0,0.0,0.0,0.0,0.0,0.0,0.0,0.0,0.0,0.0,0.0,0.0,0.0,0.0,0.0,0.0,0.0,0.0,0.0,0.0,0.0,0.0,0.0,0.0,0.0,0.0,0.0,0.0,0.0,0.0,0.0,0.0,0.0,0.0,0.0,0.0,-0.0023414734784096,-0.2224399804489157,0.1110868526315789,10
2024-04-16,0.0046661585365853,0.131738919651146,82,-0.398422,0.592328,0.1031714512195121,8.460059,-0.0372215853658536,0.1417754551340531,8,82,neutral,0.0257440216944801,0.1250339942134846,0.0004814143478398,-0.0117928409343758,0.1201449544159025,81.0,0.1080039699705657,0.0436455795892169,-0.0122798444414063,0.1278826674502721,76.85714285714286,0.1171443272521527,-0.0236776289634146,-0.0077727295934416,0.1306274862081891,73.92857142857143,0.1199536045222802,0.0038969302757158,-0.0012801737928795,0.1338050023912734,76.7,0.1215160626853408,-0.006931309548521,50.0,0.025232669500866,-0.0001484909356846,0.2572108303588619,-0.2706174822369795,-1.2213772099017377,0.0278550666705566,0.0,0.0,0.0,0.0,0.0,0.0,0.0,0.0,0.0,0.0,0.0,0.0,0.0,0.0,0.0,0.0,0.0,0.0,0.0,0.0,0.0,0.0,0.0,0.0,0.0,0.0,0.0,0.0,0.0,0.0,0.0,0.0,0.0,0.0,0.0,0.0,0.0,0.0,0.0,0.0,0.0,0.0,0.0,0.0,0.0,0.0004814143478398,0.0394759765228658,0.1031714512195121,8
2024-04-17,-0.0071751168831168,0.158704509557026,77,-0.534329,0.464517,0.117900974025974,9.078375,-0.0123105194805194,0.1596885525378113,10,77,neutral,-0.0118412754197022,0.1288450401304668,-0.0008459532692696,-0.0078622738348087,0.1338627492427226,84.66666666666667,0.110719759292355,0.0117917012987012,-0.0091218846223604,0.1313031005471292,77.42857142857143,0.115261460527879,0.0221057187333214,-0.0070695993367935,0.130834333157697,73.42857142857143,0.1193639436533872,0.0098438235930735,-0.0011019531275799,0.1346081976468352,76.73333333333333,0.1215728969072593,0.0053466199589883,50.0,0.0608063158263305,0.0053805637484494,0.2570875774271992,-0.2708948031557907,-2.537692478054451,-0.0375852971141823,0.0,0.0,0.0,0.0,0.0,0.0,0.0,0.0,0.0,0.0,0.0,0.0,0.0,0.0,0.0,0.0,0.0,0.0,0.0,0.0,0.0,0.0,0.0,0.0,0.0,0.0,0.0,0.0,0.0,0.0,0.0,0.0,0.0,0.0,0.0,0.0,0.0,0.0,0.0,0.0,0.0,0.0,0.0,0.0,0.0,-0.0008459532692696,-0.0651384017337662,0.117900974025974,10
2024-04-18,-0.0202316857142857,0.1719404668955148,70,-0.714654,0.378595,0.1153877428571428,8.077142,-0.0156802,0.1565430204920392,9,70,neutral,-0.0130565688311688,0.1382159679400497,-0.0023344885487665,-0.007580214686939,0.1541279653678956,76.33333333333333,0.112153389367543,0.000846177443609,-0.0135234548504516,0.136544992502852,75.28571428571429,0.1165643347175549,-0.0308109915966386,-0.0090249633848785,0.1351385450820224,73.21428571428571,0.1201622188281146,-0.0273750966731898,-0.0015569058912648,0.1358748774451674,75.5,0.1218425070274195,-0.0136485829105473,50.0,0.0349463054037644,0.0117777704549738,0.2610805971305552,-0.2773507701190998,1.8197012040167673,-0.0012152934114665,0.0,0.0,0.0,0.0,0.0,0.0,0.0,0.0,0.0,0.0,0.0,0.0,0.0,0.0,0.0,0.0,0.0,0.0,0.0,0.0,0.0,0.0,0.0,0.0,0.0,0.0,0.0,0.0,0.0,0.0,0.0,0.0,0.0,0.0,0.0,0.0,0.0,0.0,0.0,0.0,0.0,0.0,0.0,0.0,0.0,-0.0023344885487665,-0.1634141984136571,0.1153877428571428,9
2024-04-19,-0.0365274757281553,0.1754293372833165,103,-0.714654,0.372132,0.1510309320388349,15.556186,-0.0263172524271844,0.1754366489301971,12,103,neutral,-0.0162957900138696,0.1497916103813998,-0.0055167787042492,-0.0213114261085193,0.1686914379119524,83.33333333333333,0.1281065496406506,-0.0411936342647407,-0.0197560317401881,0.141656429261595,78.57142857142857,0.1223767214373884,-0.0436280382281553,-0.0095514637520156,0.1386571353868274,74.5,0.12312052825946,-0.00737100513992,-0.00347343372298,0.1374122435347691,75.5,0.1224564228850246,-0.0574958349514563,50.0,0.0556349012786202,0.0191414036809106,0.2643409355473683,-0.2803775635161359,0.8054588354129617,-0.0032392211827007,0.0,0.0,0.0,0.0,0.0,0.0,0.0,0.0,0.0,0.0,0.0,0.0,0.0,0.0,0.0,0.0,0.0,0.0,0.0,0.0,0.0,0.0,0.0,0.0,0.0,0.0,0.0,0.0,0.0,0.0,0.0,0.0,0.0,0.0,0.0,0.0,0.0,0.0,0.0,0.0,0.0,0.0,0.0,0.0,0.0,-0.0055167787042492,-0.5682282065376698,0.1510309320388349,12
2024-04-20,-0.0092694057971014,0.1009239630529018,69,-0.325025,0.21904,0.1144683333333333,7.898315,-0.0254576086956521,0.1433548043042996,8,69,neutral,0.0272580699310538,0.147747439287981,-0.0010610534325845,-0.0220095224131808,0.149431255743911,80.66666666666667,0.126962336076437,-0.0020942889139845,-0.0155117438465409,0.1382047342909238,80.28571428571429,0.1175428417381403,0.0297100152555301,-0.0104384557004858,0.1371613711250746,75.57142857142857,0.1238398285240103,-0.0124178872785829,-0.004861616598209,0.135995867830283,74.9,0.1223703887854078,-0.0416454862568715,50.0,-0.00505840625,0.0210728334391411,0.2604202480940949,-0.2804013980379214,-0.7462347010758096,0.0435538599449235,0.0,0.0,0.0,0.0,0.0,0.0,0.0,0.0,0.0,0.0,0.0,0.0,0.0,0.0,0.0,0.0,0.0,0.0,0.0,0.0,0.0,0.0,0.0,0.0,0.0,0.0,0.0,0.0,0.0,0.0,0.0,0.0,0.0,0.0,0.0,0.0,0.0,0.0,0.0,0.0,0.0,0.0,0.0,0.0,0.0,-0.0010610534325845,-0.0732126868483333,0.1144683333333333,8
2024-04-21,0.0009281818181818,0.1384085695856903,44,-0.382417,0.224997,0.1177932727272727,5.182904,-0.036410159090909,0.1588747836480247,4,44,neutral,0.0101975876152832,0.1490813692748899,0.0001093335740495,-0.0149562332356916,0.1382539566406362,72.0,0.1277641793664803,0.0211598675324675,-0.0126696009893981,0.1411843692207987,77.14285714285714,0.1186913655476641,0.019895,-0.0083925078763801,0.1378908032118604,74.64285714285714,0.1227047389819734,0.02864326953748,-0.0058856720455395,0.1353164878323493,73.56666666666666,0.1217697534318724,-0.0307216634199134,50.0,-0.0454162412037037,0.0180908450685498,0.2618255452738086,-0.2798579941089877,-1.1001339070161391,-0.0170604823157706,0.0,0.0,0.0,0.0,0.0,0.0,0.0,0.0,0.0,0.0,0.0,0.0,0.0,0.0,0.0,0.0,0.0,0.0,0.0,0.0,0.0,0.0,0.0,0.0,0.0,0.0,0.0,0.0,0.0,0.0,0.0,0.0,0.0,0.0,0.0,0.0,0.0,0.0,0.0,0.0,0.0,0.0,0.0,0.0,0.0,0.0001093335740495,0.0048106772581818,0.1177932727272727,4
2024-04-22,-0.0173697288135593,0.1416158104912639,59,-0.425683,0.250584,0.124719813559322,7.358469,-0.0221951016949152,0.1540412659144984,9,59,neutral,-0.0182979106317411,0.1456636294617375,-0.0021663493392031,-0.0085703175974929,0.1269827810432854,57.333333333333336,0.118993806539976,0.019157746914596,-0.0121398675116359,0.145537368073837,72.0,0.1206389313944845,0.0037081343443354,-0.0105185967648486,0.1387300725192146,74.28571428571429,0.1213015783433535,-0.0297652444385593,-0.0077344892354997,0.1359906806066854,73.5,0.122526040113358,-0.0554645156988052,50.0,0.0027734392200419,0.0177282169345336,0.2616575741067251,-0.2815039186493471,-19.71371370706683,-0.0284954982470244,0.0,0.0,0.0,0.0,0.0,0.0,0.0,0.0,0.0,0.0,0.0,0.0,0.0,0.0,0.0,0.0,0.0,0.0,0.0,0.0,0.0,0.0,0.0,0.0,0.0,0.0,0.0,0.0,0.0,0.0,0.0,0.0,0.0,0.0,0.0,0.0,0.0,0.0,0.0,0.0,0.0,0.0,0.0,0.0,0.0,-0.0021663493392031,-0.127814611012983,0.124719813559322,9
2024-04-23,0.0040786029411764,0.1298113981535186,68,-0.36592,0.456884,0.1144571029411764,7.783083,-0.0184494411764705,0.1564239267999111,4,68,neutral,0.0214483317547357,0.1372378157133382,0.0004668250766944,-0.0041209813514003,0.1366119260768243,57.0,0.1189900630759237,0.0133480087382779,-0.0122238040252657,0.1452620078598903,70.0,0.1222511673547223,-0.0005875555954088,-0.012251824233336,0.1365723376550812,73.42857142857143,0.1196977473034375,-0.0242651845588235,-0.0085291962561045,0.1352842108047056,73.8,0.1221203486294763,-0.0238412106181455,50.0,-0.0137486842607313,0.0170175110238532,0.2601127258665539,-0.2778493160674392,-1.2348109740200774,0.0397462423864769,0.0,0.0,0.0,0.0,0.0,0.0,0.0,0.0,0.0,0.0,0.0,0.0,0.0,0.0,0.0,0.0,0.0,0.0,0.0,0.0,0.0,0.0,0.0,0.0,0.0,0.0,0.0,0.0,0.0,0.0,0.0,0.0,0.0,0.0,0.0,0.0,0.0,0.0,0.0,0.0,0.0,0.0,0.0,0.0,0.0,0.0004668250766944,0.0317441052152205,0.1144571029411764,4
2024-04-24,0.0048017142857142,0.1097997520913183,84,-0.270468,0.273516,0.0984717142857142,8.271624,0.0147875833333333,0.1619055693591144,8,84,neutral,0.0007231113445378,0.1241118986749386,0.0004728330372244,-0.0028298038622228,0.1270756535787003,70.33333333333333,0.1125495435954043,0.0038735324675324,-0.0105128281440041,0.1382756139362177,71.0,0.1194755588203995,0.0119768311688311,-0.0098173563831823,0.1347893572416735,74.21428571428571,0.1173685096741392,0.0340825499021526,-0.0086137094257474,0.1333651588364909,74.46666666666667,0.1204139573348335,-0.0025353950892857,50.0,-0.002702775614754,0.0124963915444926,0.2598074662465301,-0.2777782261147344,0.1772938810094704,-0.0207252204101979,0.0,0.0,0.0,0.0,0.0,0.0,0.0,0.0,0.0,0.0,0.0,0.0,0.0,0.0,0.0,0.0,0.0,0.0,0.0,0.0,0.0,0.0,0.0,0.0,0.0,0.0,0.0,0.0,0.0,0.0,0.0,0.0,0.0,0.0,0.0,0.0,0.0,0.0,0.0,0.0,0.0,0.0,0.0,0.0,0.0,0.0004728330372244,0.0397179751268571,0.0984717142857142,8
2024-04-25,0.0100276307692307,0.1125793655834586,65,-0.467643,0.223526,0.085572723076923,5.562227,-0.0069824153846153,0.1710429962100988,9,65,neutral,0.0052259164835164,0.12644297918105,0.000858091670933,0.0063026493320405,0.1173968386094319,72.33333333333333,0.0995005134346046,0.02739735958279,-0.0061900686463589,0.129795456605924,70.28571428571429,0.1152162702803681,0.0302593164835164,-0.0098567617484053,0.133170224554388,72.78571428571429,0.1158903024989615,-0.0005516751131221,-0.0077103732766495,0.1328876068266669,73.03333333333333,0.1192128752645581,0.0271000844729344,50.0,0.0001164951267056,0.0097057055029193,0.2604077005711448,-0.2744600503036024,1.088343906480286,0.0045028051389786,0.0,0.0,0.0,0.0,0.0,0.0,0.0,0.0,0.0,0.0,0.0,0.0,0.0,0.0,0.0,0.0,0.0,0.0,0.0,0.0,0.0,0.0,0.0,0.0,0.0,0.0,0.0,0.0,0.0,0.0,0.0,0.0,0.0,0.0,0.0,0.0,0.0,0.0,0.0,0.0,0.0,0.0,0.0,0.0,0.0,0.000858091670933,0.0557759586106461,0.085572723076923,9
2024-04-26,0.0057803707865168,0.1235901764236968,89,-0.497941,0.228839,0.1024514606741573,9.11818,0.0256157977528089,0.1453812363577678,7,89,neutral,-0.0042472599827139,0.1234793005486512,0.0005922074303168,0.0068699052804873,0.1153230980328246,79.33333333333333,0.0954986326789315,0.0017017678453403,-0.0001460905728343,0.1223898621974069,68.28571428571429,0.1082763457996999,0.0423078465146721,-0.0099510611565112,0.132023145729501,73.42857142857143,0.1153265336185441,-0.0013201917134831,-0.0066341143705524,0.1333981637365637,72.3,0.1179414131428859,0.0322877671829132,50.0,0.0491426321353065,0.008409740648361,0.2607118464070221,-0.2745010072089763,-0.4235556813426357,-0.0094731764662304,0.0,0.0,0.0,0.0,0.0,0.0,0.0,0.0,0.0,0.0,0.0,0.0,0.0,0.0,0.0,0.0,0.0,0.0,0.0,0.0,0.0,0.0,0.0,0.0,0.0,0.0,0.0,0.0,0.0,0.0,0.0,0.0,0.0,0.0,0.0,0.0,0.0,0.0,0.0,0.0,0.0,0.0,0.0,0.0,0.0,0.0005922074303168,0.0527064612982022,0.1024514606741573,7
2024-04-27,0.0114630999999999,0.1430992957682684,40,-0.409154,0.288768,0.15418645,6.167458,-0.0168403,0.1755226540196814,5,40,neutral,0.0056827292134831,0.1237759976040521,0.0017674546949949,0.0090903671852492,0.1264229459251413,64.66666666666667,0.1140702112503601,0.0066613857142857,0.0028156959696086,0.1284149097281736,64.14285714285714,0.1139503624663665,0.0207325057971014,-0.0063480239384661,0.1333098220095487,72.21428571428571,0.1157466021022534,0.0504425210526315,-0.0061463650912732,0.1329036679414632,71.16666666666667,0.1192806033681111,0.0146324783783783,50.0,0.002519033889602,0.0048067104801208,0.2641610333327449,-0.2740323753627691,0.9831080779002164,0.009929989196197,0.0,0.0,0.0,0.0,0.0,0.0,0.0,0.0,0.0,0.0,0.0,0.0,0.0,0.0,0.0,0.0,0.0,0.0,0.0,0.0,0.0,0.0,0.0,0.0,0.0,0.0,0.0,0.0,0.0,0.0,0.0,0.0,0.0,0.0,0.0,0.0,0.0,0.0,0.0,0.0,0.0,0.0,0.0,0.0,0.0,0.0017674546949949,0.0706981877998,0.15418645,5
2024-04-28,-0.0009231578947368,0.1539778743816774,57,-0.319493,0.702163,0.1359816666666666,7.750955,-0.004126,0.1788572263844225,8,57,neutral,-0.0123862578947368,0.1286092928496839,-0.0001255325491228,0.00544010429726,0.1402224488578809,62.0,0.1308731924469413,-0.0109507886639676,0.0025512188677631,0.1306390961276003,66.0,0.1165487044577085,-0.0018513397129186,-0.0050591910608174,0.1359117326741995,71.57142857142857,0.1176200350026863,0.0180436602870813,-0.0063237299172726,0.1340464126354462,71.03333333333333,0.120177598814377,-0.0053209447799827,50.0,-0.0038969302757158,-0.0018079374703609,0.2659062830760953,-0.2771094924580933,-1.080533005446768,-0.0180689871082199,0.0,0.0,0.0,0.0,0.0,0.0,0.0,0.0,0.0,0.0,0.0,0.0,0.0,0.0,0.0,0.0,0.0,0.0,0.0,0.0,0.0,0.0,0.0,0.0,0.0,0.0,0.0,0.0,0.0,0.0,0.0,0.0,0.0,0.0,0.0,0.0,0.0,0.0,0.0,0.0,0.0,0.0,0.0,0.0,0.0,-0.0001255325491228,-0.0071553553,0.1359816666666666,8
2024-04-29,-0.0359233296703296,0.1479025237957648,91,-0.443775,0.388883,0.1445453296703296,13.153625,0.0119472747252747,0.1876363799977716,7,91,neutral,-0.0350001717755928,0.1362298471905732,-0.0051925495300537,-0.0084611291883555,0.1483265646485702,62.666666666666664,0.1449044821123321,-0.0417037004568465,-9.92955403468776e-05,0.1315371980282433,70.57142857142857,0.1193809210449953,-0.0185536008567703,-0.0061195815259914,0.1385372830510402,71.28571428571429,0.1200099262197399,-0.0148454665124349,-0.0062257433754194,0.1341767074881693,72.26666666666667,0.1202647795564744,0.0029395962555962,50.0,-0.0098438235930735,-0.0023396505084802,0.2614812109720166,-0.2791111320710476,37.91352700890893,-0.0226139138808559,0.0,0.0,0.0,0.0,0.0,0.0,0.0,0.0,0.0,0.0,0.0,0.0,0.0,0.0,0.0,0.0,0.0,0.0,0.0,0.0,0.0,0.0,0.0,0.0,0.0,0.0,0.0,0.0,0.0,0.0,0.0,0.0,0.0,0.0,0.0,0.0,0.0,0.0,0.0,0.0,0.0,0.0,0.0,0.0,0.0,-0.0051925495300537,-0.4725220072348902,0.1445453296703296,7
2024-04-30,-0.0186863232323232,0.1162404469494887,99,-0.395057,0.300601,0.0914855454545454,9.057069,-0.0124748282828282,0.1525879758041269,8,99,neutral,0.0172370064380064,0.1369620634637792,-0.001709528473449,-0.0185109369324632,0.1393736150423103,82.33333333333333,0.1240041805971806,-0.0301494232323232,-0.0033514278508468,0.1295984907133818,75.0,0.1160992699754766,-0.0227649261734997,-0.0077876159380563,0.1374302492866361,72.5,0.1191752186650994,-0.0233524817689086,-0.0078544812816131,0.1340377814628075,74.13333333333334,0.1201215760328662,-0.0488621371858116,50.0,0.0273750966731898,0.0057482759222856,0.2601588334982686,-0.2767293033588881,-0.479827638367361,0.0522371782135992,0.0,0.0,0.0,0.0,0.0,0.0,0.0,0.0,0.0,0.0,0.0,0.0,0.0,0.0,0.0,0.0,0.0,0.0,0.0,0.0,0.0,0.0,0.0,0.0,0.0,0.0,0.0,0.0,0.0,0.0,0.0,0.0,0.0,0.0,0.0,0.0,0.0,0.0,0.0,0.0,0.0,0.0,0.0,0.0,0.0,-0.001709528473449,-0.1692433188714545,0.0914855454545454,8
2024-05-01,-0.0122773611111111,0.1162535405150696,108,-0.3552,0.265927,0.115224324074074,12.444227,-0.0366700555555555,0.1461779393211065,10,108,neutral,0.0064089621212121,0.1354947362820538,-0.0014146506354411,-0.0222956713379213,0.1267988370867744,99.33333333333331,0.1170850663996497,-0.0113542032163742,-0.005791295764679,0.1305204604882035,78.42857142857143,0.1184924999452423,-0.0170790753968253,-0.0081520619543416,0.1343980372122106,74.71428571428571,0.1189840293828209,-0.0051022442279942,-0.007645099009707,0.1334429293689169,75.0,0.1193605148841159,0.0062814681571815,50.0,0.00737100513992,0.0062591165800499,0.2571166318795569,-0.2759727684395228,-0.342976092275126,-0.0108280443167943,0.0,0.0,0.0,0.0,0.0,0.0,0.0,0.0,0.0,0.0,0.0,0.0,0.0,0.0,0.0,0.0,0.0,0.0,0.0,0.0,0.0,0.0,0.0,0.0,0.0,0.0,0.0,0.0,0.0,0.0,0.0,0.0,0.0,0.0,0.0,0.0,0.0,0.0,0.0,0.0,0.0,0.0,0.0,0.0,0.0,-0.0014146506354411,-0.1527822686276388,0.115224324074074,10
2024-05-02,-0.0180737977528089,0.1487670467930543,89,-0.607575,0.359777,0.1363080224719101,12.131414,-0.0398707191011235,0.1635449904879519,8,89,neutral,-0.0057964366416978,0.136628286487011,-0.0024636036302426,-0.0163458273654144,0.1270870114192042,98.66666666666669,0.1143392973335098,0.0178495319175206,-0.0098057855535418,0.1356901292324314,81.85714285714286,0.1257403998588118,-0.0281014285220397,-0.0079979270999504,0.1327427929191777,76.07142857142857,0.12047833506959,0.0021578879614767,-0.0082731998768297,0.1339276294745225,74.9,0.11997786237231,-0.0188430260136785,50.0,0.0124178872785829,0.0091665134177515,0.2567696905490103,-0.2781432631342571,0.4721239840743998,-0.01220539876291,0.0,0.0,0.0,0.0,0.0,0.0,0.0,0.0,0.0,0.0,0.0,0.0,0.0,0.0,0.0,0.0,0.0,0.0,0.0,0.0,0.0,0.0,0.0,0.0,0.0,0.0,0.0,0.0,0.0,0.0,0.0,0.0,0.0,0.0,0.0,0.0,0.0,0.0,0.0,0.0,0.0,0.0,0.0,0.0,0.0,-0.0024636036302426,-0.2192607230915954,0.1363080224719101,8
2024-05-03,-0.0191908414634146,0.1257656478326932,82,-0.385974,0.218686,0.1182083170731707,9.693082,-0.0314953536585365,0.1624274855877381,6,82,neutral,-0.0011170437106056,0.1309858411772141,-0.0022685170726082,-0.0165140001091115,0.1302620783802724,93.0,0.1232468878730516,-0.0005045182310914,-0.0133731015892463,0.136000910862288,80.85714285714286,0.1279913793443852,-0.0249712122499314,-0.0067595960810403,0.1291953865298475,74.57142857142857,0.1181338625720425,0.0173366342647407,-0.0083455965764038,0.1329261959934818,74.83333333333333,0.1197129320683998,-0.0021719009872241,50.0,-0.02864326953748,0.0062842363152264,0.2578271015269805,-0.2772218161533055,0.0618045928079526,0.0046793929310922,0.0,0.0,0.0,0.0,0.0,0.0,0.0,0.0,0.0,0.0,0.0,0.0,0.0,0.0,0.0,0.0,0.0,0.0,0.0,0.0,0.0,0.0,0.0,0.0,0.0,0.0,0.0,0.0,0.0,0.0,0.0,0.0,0.0,0.0,0.0,0.0,0.0,0.0,0.0,0.0,0.0,0.0,0.0,0.0,0.0,-0.0022685170726082,-0.1860183999538781,0.1182083170731707,6
2024-05-04,-0.0086338918918918,0.0932431032182314,37,-0.258161,0.218288,0.1380996756756757,5.109688,-0.0003895405405405,0.1224983119685497,6,37,neutral,0.0105569495715227,0.1200539570617074,-0.0011923376700891,-0.0152995103693718,0.1225919326146596,69.33333333333333,0.1308720050735855,0.0036434692192192,-0.0162441004309451,0.1288785976408542,80.42857142857143,0.1256932687266246,-0.0200969918918918,-0.0067142022306682,0.1286467536845139,72.28571428571429,0.1198218155964956,0.0006355139052095,-0.0088715066714303,0.1323115827689242,73.63333333333334,0.120842524910557,-0.015777302850796,50.0,0.0297652444385593,0.0095785417943212,0.2559129456556434,-0.2742743676529757,-0.5501035268124372,0.0116739932821283,0.0,0.0,0.0,0.0,0.0,0.0,0.0,0.0,0.0,0.0,0.0,0.0,0.0,0.0,0.0,0.0,0.0,0.0,0.0,0.0,0.0,0.0,0.0,0.0,0.0,0.0,0.0,0.0,0.0,0.0,0.0,0.0,0.0,0.0,0.0,0.0,0.0,0.0,0.0,0.0,0.0,0.0,0.0,0.0,0.0,-0.0011923376700891,-0.0441164937932972,0.1380996756756757,6
2024-05-05,-0.002407731707317,0.1368128986201638,41,-0.279817,0.244959,0.1524326341463414,6.249738,-0.0390520243902439,0.1565562958821024,5,41,neutral,0.0062261601845748,0.1241684473958425,-0.000367016886464,-0.0100774883542078,0.1186072165570295,53.333333333333336,0.1362468756317293,0.0156660660454919,-0.0164561824041709,0.1264264582463523,78.14285714285714,0.1280434069380067,-0.0014845738125802,-0.0069524817682038,0.1285327771869763,72.07142857142857,0.1222960556978576,-0.0033359135254988,-0.0079798820420664,0.1326663769557281,72.16666666666667,0.1222697927154351,0.0267487388809182,50.0,0.0242651845588235,0.0068143809524898,0.259413260238189,-0.2759076690904637,-0.7211301997447783,-0.0043307893869479,0.0,0.0,0.0,0.0,0.0,0.0,0.0,0.0,0.0,0.0,0.0,0.0,0.0,0.0,0.0,0.0,0.0,0.0,0.0,0.0,0.0,0.0,0.0,0.0,0.0,0.0,0.0,0.0,0.0,0.0,0.0,0.0,0.0,0.0,0.0,0.0,0.0,0.0,0.0,0.0,0.0,0.0,0.0,0.0,0.0,-0.000367016886464,-0.0150476923450243,0.1524326341463414,5
2024-05-06,-0.017572206185567,0.1342219296465386,97,-0.395279,0.324426,0.1375496288659793,13.342314,-0.0324349072164948,0.1645483880886867,10,97,neutral,-0.0151644744782499,0.1277621252221362,-0.0024170504391812,-0.0095379432615919,0.1214259771616446,58.333333333333336,0.1426939795626655,0.0016186352778476,-0.0138345933349191,0.1244720876536056,79.0,0.1270440211088138,0.0183511234847626,-0.006966944437633,0.1280046428409245,74.78571428571429,0.1232124710769046,-0.0002024773720076,-0.008670571630968,0.1330782858533647,73.6,0.1233748426899801,-0.0207206876670484,50.0,-0.0340825499021526,0.0027475383089615,0.2585496430016207,-0.2772678883261105,6.29824096769805,-0.0213906346628247,0.0,0.0,0.0,0.0,0.0,0.0,0.0,0.0,0.0,0.0,0.0,0.0,0.0,0.0,0.0,0.0,0.0,0.0,0.0,0.0,0.0,0.0,0.0,0.0,0.0,0.0,0.0,0.0,0.0,0.0,0.0,0.0,0.0,0.0,0.0,0.0,0.0,0.0,0.0,0.0,0.0,0.0,0.0,0.0,0.0,-0.0024170504391812,-0.2344538926005773,0.1375496288659793,10
2024-05-07,-0.0170436666666666,0.1313984922363732,87,-0.458395,0.213469,0.1085556896551724,9.444345,0.0036651724137931,0.1501627968251579,12,87,neutral,0.0005285395189003,0.1242884143108001,-0.0018501869892528,-0.0123412015198502,0.1341444401676919,75.0,0.1328459842224978,-0.0084097747747747,-0.0135999281112539,0.1266375226945892,77.28571428571429,0.1294826131374748,0.0016426565656565,-0.0084756779810503,0.1281180067039855,76.14285714285714,0.1227909415564757,-0.0211222696078431,-0.0083148575958803,0.1331850182488875,74.6,0.1225372148012928,0.0106714210526315,50.0,0.0005516751131221,0.0032418277966101,0.2553256137803779,-0.2750307140832228,-0.0300781537229207,0.0156930139971502,0.0,0.0,0.0,0.0,0.0,0.0,0.0,0.0,0.0,0.0,0.0,0.0,0.0,0.0,0.0,0.0,0.0,0.0,0.0,0.0,0.0,0.0,0.0,0.0,0.0,0.0,0.0,0.0,0.0,0.0,0.0,0.0,0.0,0.0,0.0,0.0,0.0,0.0,0.0,0.0,0.0,0.0,0.0,0.0,0.0,-0.0018501869892528,-0.1609662680649999,0.1085556896551724,12
2024-05-08,0.011252074074074,0.1430611387113133,108,-0.395888,0.480974,0.1074499074074074,11.60459,0.005766787037037,0.1776614588866155,11,108,neutral,0.0282957407407407,0.1277475124865241,0.0012090343174005,-0.0077879329260532,0.1362271868647417,97.33333333333331,0.1178517419761864,0.0136598057813911,-0.010238580227656,0.1304671795797668,77.28571428571429,0.1283719821850938,0.0235294351851851,-0.0080149379961675,0.1304938200339852,77.85714285714286,0.1234322410651681,0.0064503597883597,-0.0083529723142445,0.1336248548663211,76.06666666666666,0.1213067429648731,-0.0011434415509259,50.0,0.0013201917134831,0.0044822739417831,0.2540118689513758,-0.2705685932753847,-1.6601909257049976,0.0277672012218403,0.0,0.0,0.0,0.0,0.0,0.0,0.0,0.0,0.0,0.0,0.0,0.0,0.0,0.0,0.0,0.0,0.0,0.0,0.0,0.0,0.0,0.0,0.0,0.0,0.0,0.0,0.0,0.0,0.0,0.0,0.0,0.0,0.0,0.0,0.0,0.0,0.0,0.0,0.0,0.0,0.0,0.0,0.0,0.0,0.0,0.0012090343174005,0.1305757062792592,0.1074499074074074,11
2024-05-09,-0.0044637096774193,0.1496408582373564,93,-0.566946,0.387912,0.1323619569892473,12.309662,-0.0346917956989247,0.1756447856207273,11,93,neutral,-0.0157157837514934,0.1390270634903491,-0.000590825348335,-0.0034184340900039,0.1413668297283477,96.0,0.1161225180172757,0.0131084965081476,-0.0082942819311717,0.1305920097860957,77.85714285714286,0.1278082585447135,0.0136100880753896,-0.0090500337423568,0.1331410695092636,79.85714285714286,0.1267743292017627,-0.0144913404466501,-0.0094465555534918,0.1332788939325201,76.5,0.121155116947848,-0.0328074971774193,50.0,-0.0504425210526315,-0.0041641280277525,0.2530362093493166,-0.2663865570682519,-1.3967010568926308,-0.0440115244922341,0.0,0.0,0.0,0.0,0.0,0.0,0.0,0.0,0.0,0.0,0.0,0.0,0.0,0.0,0.0,0.0,0.0,0.0,0.0,0.0,0.0,0.0,0.0,0.0,0.0,0.0,0.0,0.0,0.0,0.0,0.0,0.0,0.0,0.0,0.0,0.0,0.0,0.0,0.0,0.0,0.0,0.0,0.0,0.0,0.0,-0.000590825348335,-0.0549467573951612,0.1323619569892473,11
2024-05-10,-0.005641527027027,0.1207081953911226,74,-0.419692,0.30392,0.1311273378378378,9.703423,-0.0110507162162162,0.1631008530109237,8,74,neutral,-0.0011778173496076,0.1358061228445408,-0.0007397584203942,0.0003822791232092,0.1378033974465975,91.66666666666669,0.1236464007448308,0.0114021396396396,-0.0063586655831164,0.129869516580157,76.71428571428571,0.1296538329396659,0.0135493144363876,-0.0098658835861813,0.1329352137212225,78.78571428571429,0.1288226061420256,-0.0114218978135438,-0.0086585786005114,0.1328104511829233,76.53333333333333,0.1211566601725796,0.0236393085894113,50.0,-0.0180436602870813,-0.0069879797418638,0.2551960265216423,-0.2681835863635702,0.2638651334261093,0.0145379664018857,0.0,0.0,0.0,0.0,0.0,0.0,0.0,0.0,0.0,0.0,0.0,0.0,0.0,0.0,0.0,0.0,0.0,0.0,0.0,0.0,0.0,0.0,0.0,0.0,0.0,0.0,0.0,0.0,0.0,0.0,0.0,0.0,0.0,0.0,0.0,0.0,0.0,0.0,0.0,0.0,0.0,0.0,0.0,0.0,0.0,-0.0007397584203942,-0.0547421231091756,0.1311273378378378,8
2024-05-11,-0.02519282,0.1427648291302854,50,-0.528227,0.292378,0.15993204,7.996602,-0.01404838,0.1725436942338753,4,50,neutral,-0.0195512929729729,0.1375147027412902,-0.0040291390959528,-0.0117660189014821,0.1377046275862548,72.33333333333333,0.1411404449423617,-0.036444894074074,-0.0087242267414175,0.1369440488533076,78.57142857142857,0.1327727421288551,-0.0165589281081081,-0.0124841635861813,0.1329113232470809,79.5,0.1292330054277398,-0.03665592,-0.0098509827965899,0.1330610380470843,75.36666666666666,0.1229454740549325,-0.0357721258823529,50.0,0.0148454665124349,-0.0067182487158802,0.2543256023851927,-0.2699252624089387,3.46560299708005,-0.0183734756233653,0.0,0.0,0.0,0.0,0.0,0.0,0.0,0.0,0.0,0.0,0.0,0.0,0.0,0.0,0.0,0.0,0.0,0.0,0.0,0.0,0.0,0.0,0.0,0.0,0.0,0.0,0.0,0.0,0.0,0.0,0.0,0.0,0.0,0.0,0.0,0.0,0.0,0.0,0.0,0.0,0.0,0.0,0.0,0.0,0.0,-0.0040291390959528,-0.20145695479764,0.15993204,4
2024-05-12,0.02945778,0.1324575257424347,50,-0.276686,0.449904,0.12253508,6.126754,-0.0045655,0.1715446387796803,6,50,neutral,0.0546506,0.1377265094425025,0.0036096114289224,-0.0004588556756756,0.1319768500879476,58.0,0.1378648192792793,0.0339214896774193,-0.0041720107832294,0.1363218527279178,79.85714285714286,0.128501662965092,0.031865511707317,-0.0103140965937001,0.131374155487135,79.0,0.1282725349515494,0.0303809378947368,-0.0091057422132565,0.132821312906095,74.36666666666666,0.1233518358882659,0.0223572175,50.0,0.0233524817689086,-0.0009409430151704,0.2557511493509878,-0.2666680584933779,-2.1692926794221528,0.0742018929729729,0.0,0.0,0.0,0.0,0.0,0.0,0.0,0.0,0.0,0.0,0.0,0.0,0.0,0.0,0.0,0.0,0.0,0.0,0.0,0.0,0.0,0.0,0.0,0.0,0.0,0.0,0.0,0.0,0.0,0.0,0.0,0.0,0.0,0.0,0.0,0.0,0.0,0.0,0.0,0.0,0.0,0.0,0.0,0.0,0.0,0.0036096114289224,0.18048057144612,0.12253508,6
2024-05-13,-0.017863125,0.1430876292955219,64,-0.394445,0.239201,0.119393421875,7.641179,0.005164453125,0.1549016341022693,8,64,neutral,-0.047320905,0.1377318075593442,-0.0021327396191308,-0.0045327216666666,0.139436661389414,54.666666666666664,0.1339535139583333,-0.0122215979729729,-0.0042135706138627,0.1375883812492011,75.14285714285714,0.1259079191092378,-0.0002909188144329,-0.0090240819743909,0.1310302344514034,77.07142857142857,0.1264759701090258,0.0180602046703296,-0.0084018656781688,0.133421372954359,74.6,0.1223881002431635,0.0211162960526315,50.0,0.0051022442279942,-0.0036812763718998,0.2559816860681293,-0.2690927680046371,-1.6063975289380257,-0.101971505,0.0,0.0,0.0,0.0,0.0,0.0,0.0,0.0,0.0,0.0,0.0,0.0,0.0,0.0,0.0,0.0,0.0,0.0,0.0,0.0,0.0,0.0,0.0,0.0,0.0,0.0,0.0,0.0,0.0,0.0,0.0,0.0,0.0,0.0,0.0,0.0,0.0,0.0,0.0,0.0,0.0,0.0,0.0,0.0,0.0,-0.0021327396191308,-0.136495335624375,0.119393421875,8
2024-05-14,0.0086612962962962,0.1281728107713678,108,-0.3615,0.41124,0.098343574074074,10.621106,0.0089100925925925,0.1531234368328551,10,108,neutral,0.0265244212962963,0.1334381980661465,0.0008517828338923,0.006751983765432,0.1345726552697748,74.0,0.113424025316358,0.0338541162962963,-0.0005414330477251,0.1371275696113432,78.14285714285714,0.1244490454547952,0.0257049629629629,-0.0070706805794895,0.1318825461529661,77.71428571428571,0.126965829296135,0.0273476195286195,-0.0074809285288983,0.1337754291441858,76.0,0.1220077658436124,0.0276281144781144,50.0,-0.0021578879614767,-0.0066171733185999,0.2580119710366634,-0.2707370947721129,-1.484870161088628,0.0738453262962963,0.0,0.0,0.0,0.0,0.0,0.0,0.0,0.0,0.0,0.0,0.0,0.0,0.0,0.0,0.0,0.0,0.0,0.0,0.0,0.0,0.0,0.0,0.0,0.0,0.0,0.0,0.0,0.0,0.0,0.0,0.0,0.0,0.0,0.0,0.0,0.0,0.0,0.0,0.0,0.0,0.0,0.0,0.0,0.0,0.0,0.0008517828338923,0.0919925460603703,0.098343574074074,10
2024-05-15,0.03794723853211,0.1164050549706513,109,-0.217275,0.461119,0.1015481467889908,11.068748,0.0343425596330275,0.1424625360931798,14,109,neutral,0.0292859422358137,0.1325775699820522,0.0038534717486955,0.0095818032761354,0.1292218316791804,93.66666666666669,0.1064283809126883,0.00848945853211,0.0032721618748514,0.1333195576483914,78.28571428571429,0.1236059367950214,0.026695164458036,-0.0034832091764022,0.1318933686140792,77.78571428571429,0.1259889594900576,0.0502245996432212,-0.0055134251392315,0.1339507703592076,76.46666666666667,0.1216898089821928,0.0590251016900048,50.0,-0.0173366342647407,-0.0047565160255541,0.2597905203635266,-0.2697236833226882,3.381242395360255,0.0027615209395174,0.0,0.0,0.0,0.0,0.0,0.0,0.0,0.0,0.0,0.0,0.0,0.0,0.0,0.0,0.0,0.0,0.0,0.0,0.0,0.0,0.0,0.0,0.0,0.0,0.0,0.0,0.0,0.0,0.0,0.0,0.0,0.0,0.0,0.0,0.0,0.0,0.0,0.0,0.0,0.0,0.0,0.0,0.0,0.0,0.0,0.0038534717486955,0.4200284206078165,0.1015481467889908,14
2024-05-16,0.0275389279999999,0.1055127072120345,125,-0.207651,0.271137,0.112218216,14.027277,0.007834632,0.1262770759446768,8,125,neutral,-0.01040831053211,0.125127145598402,0.0030903693707124,0.0247158209428021,0.1166968576513512,114.0,0.1040366456210216,0.045402053,0.0078439672573399,0.1270155360733455,82.85714285714286,0.1207282595108432,0.0320026376774193,-0.0002251573369159,0.1288037729297206,80.35714285714286,0.1242682590277783,0.0456127257528089,-0.004750999490451,0.1330765632779039,77.9,0.1219913678082091,0.0228727694634146,50.0,-0.0006355139052095,-0.0048884259164798,0.2590707013030345,-0.2668280085408478,-0.2742837406548785,-0.0396942527679238,0.0,0.0,0.0,0.0,0.0,0.0,0.0,0.0,0.0,0.0,0.0,0.0,0.0,0.0,0.0,0.0,0.0,0.0,0.0,0.0,0.0,0.0,0.0,0.0,0.0,0.0,0.0,0.0,0.0,0.0,0.0,0.0,0.0,0.0,0.0,0.0,0.0,0.0,0.0,0.0,0.0,0.0,0.0,0.0,0.0,0.0030903693707124,0.3862961713390559,0.112218216,8
2024-05-17,-0.0144271228070175,0.1213453699681633,114,-0.321209,0.245348,0.1165317017543859,13.284614,-0.0172716315789473,0.1660480764266657,8,114,neutral,-0.0419660508070175,0.1229047144435478,-0.0016812171721212,0.0170196812416975,0.114421044050283,116.0,0.1100993548477923,-0.0230884191033138,0.0065888821459126,0.1271065610129227,88.57142857142857,0.1186431686417786,-0.0087855957799905,0.0001151082813981,0.1284880387965399,82.64285714285714,0.1241485007907223,0.004763718656397,-0.0049927330212477,0.1318312586249418,79.13333333333334,0.1219457253991562,-0.0072520059239006,50.0,0.0033359135254988,-0.0046644568262559,0.2556007975826731,-0.2659471271011882,-1.5238810605488182,-0.0315577402749074,0.0,0.0,0.0,0.0,0.0,0.0,0.0,0.0,0.0,0.0,0.0,0.0,0.0,0.0,0.0,0.0,0.0,0.0,0.0,0.0,0.0,0.0,0.0,0.0,0.0,0.0,0.0,0.0,0.0,0.0,0.0,0.0,0.0,0.0,0.0,0.0,0.0,0.0,0.0,0.0,0.0,0.0,0.0,0.0,0.0,-0.0016812171721212,-0.1916587576218245,0.1165317017543859,8
2024-05-18,-0.0195834107142857,0.1505754667721956,56,-0.342398,0.231563,0.1617630357142857,9.05873,-0.0475067321428571,0.1630540742521818,6,56,neutral,-0.0051562879072681,0.1244022819388825,-0.0031678719667825,-0.0021572018404344,0.1258111813174645,98.33333333333331,0.1301709844895572,-0.0575306492463958,0.0073902263295861,0.1282223663903385,89.42857142857143,0.1189047394581052,0.0056094092857142,-0.0006670002059157,0.132583207621823,84.0,0.1258387407934801,-0.0109495188223938,-0.004971123854581,0.1311190919541645,78.66666666666667,0.1234915684943943,0.0006482749999999,50.0,0.0002024773720076,0.0009627652209262,0.2543275441807476,-0.2665398989812175,0.3574023716468322,0.0368097628997493,0.0,0.0,0.0,0.0,0.0,0.0,0.0,0.0,0.0,0.0,0.0,0.0,0.0,0.0,0.0,0.0,0.0,0.0,0.0,0.0,0.0,0.0,0.0,0.0,0.0,0.0,0.0,0.0,0.0,0.0,0.0,0.0,0.0,0.0,0.0,0.0,0.0,0.0,0.0,0.0,0.0,0.0,0.0,0.0,0.0,-0.0031678719667825,-0.1774008301398214,0.1617630357142857,6
2024-05-19,-0.00143066,0.1404564330248554,50,-0.329239,0.378162,0.14324342,7.162171,-0.03832372,0.1583501727126436,6,50,neutral,0.0181527507142857,0.1268590063895801,-0.0002049326312572,-0.0118137311737677,0.1374590899217382,73.33333333333333,0.1405127191562239,-0.0289695879999999,0.0029775920438718,0.1293650674306843,89.42857142857143,0.1218630737438195,-0.03088844,-0.0005972093696787,0.132843460079301,84.64285714285714,0.1251823683544558,0.000977071707317,-0.0038012299969758,0.1299533284788825,76.9,0.1232319847597664,0.0350968157281553,50.0,0.0211222696078431,0.0053145352092511,0.2553075685871731,-0.26407065642061,-0.9269453099425444,0.0233090386215538,0.0,0.0,0.0,0.0,0.0,0.0,0.0,0.0,0.0,0.0,0.0,0.0,0.0,0.0,0.0,0.0,0.0,0.0,0.0,0.0,0.0,0.0,0.0,0.0,0.0,0.0,0.0,0.0,0.0,0.0,0.0,0.0,0.0,0.0,0.0,0.0,0.0,0.0,0.0,0.0,0.0,0.0,0.0,0.0,0.0,-0.0002049326312572,-0.01024663156286,0.14324342,6
2024-05-20,-0.0152858541666666,0.1492156333400533,96,-0.467162,0.532117,0.0930535520833333,8.933140999999999,-0.0107479374999999,0.1600738431219406,9,96,neutral,-0.0138551941666666,0.1334211220634604,-0.0014224030268361,-0.0120999749603174,0.1467491777123682,67.33333333333333,0.132686669265873,-0.0008587313596491,0.0033457735914909,0.130240496579903,94.0,0.1181002352021528,0.0025772708333333,-0.0004338985111858,0.1339144389145521,84.57142857142857,0.1220040771556953,0.0022863520189003,-0.0040017782759614,0.1315630508217875,77.8,0.1225181587180998,-0.0060164483695652,50.0,-0.0064503597883597,0.0029483322869406,0.2587751106795123,-0.2671981516063836,9.684477210984204,-0.0320079448809523,0.0,0.0,0.0,0.0,0.0,0.0,0.0,0.0,0.0,0.0,0.0,0.0,0.0,0.0,0.0,0.0,0.0,0.0,0.0,0.0,0.0,0.0,0.0,0.0,0.0,0.0,0.0,0.0,0.0,0.0,0.0,0.0,0.0,0.0,0.0,0.0,0.0,0.0,0.0,0.0,0.0,0.0,0.0,0.0,0.0,-0.0014224030268361,-0.1365506905762708,0.0930535520833333,9
2024-05-21,-0.0244069545454545,0.1357076828458883,88,-0.46727,0.263273,0.1332600795454545,11.726887,-0.0300479204545454,0.1485438442071706,11,88,neutral,-0.0091211003787878,0.1394601171902312,-0.0032524727041895,-0.0137078229040404,0.1417932497369324,78.0,0.1231856838762626,-0.0048235438311688,-0.0013782622430449,0.1313169068762631,91.14285714285714,0.12308830741235,-0.0330682508417508,-0.000959847645385,0.1342222382438031,84.64285714285714,0.1237686764335726,-0.0073632878787878,-0.0048462828214159,0.1314730212637941,79.26666666666667,0.1230337189453725,-0.0253351363636363,50.0,0.0144913404466501,0.0019637610289119,0.260114045240877,-0.2697500455111827,0.5967020409417454,0.0047340937878787,0.0,0.0,0.0,0.0,0.0,0.0,0.0,0.0,0.0,0.0,0.0,0.0,0.0,0.0,0.0,0.0,0.0,0.0,0.0,0.0,0.0,0.0,0.0,0.0,0.0,0.0,0.0,0.0,0.0,0.0,0.0,0.0,0.0,0.0,0.0,0.0,0.0,0.0,0.0,0.0,0.0,0.0,0.0,0.0,0.0,-0.0032524727041895,-0.2862175979686818,0.1332600795454545,11
2024-05-22,-0.0196118372093023,0.1547634398820919,86,-0.46727,0.499321,0.1308945930232558,11.256935,-0.0446446744186046,0.1743431271192085,7,86,neutral,0.0047951173361522,0.1461437311730169,-0.0025670834499499,-0.0197682153071411,0.1465622520226779,90.0,0.1190694082173479,-0.0181811772093023,-0.0096009873489609,0.136796676149326,87.85714285714286,0.1272806568743879,-0.0575590757414124,-0.0031644127370547,0.1350581168988587,83.07142857142857,0.1254432968347046,-0.0308639112833764,-0.0049210197679407,0.1319112755768217,80.16666666666667,0.1232395449275036,-0.002242108395743,50.0,0.0114218978135438,0.0026659447606396,0.2606367825769562,-0.2704265867929112,-0.196465205325883,0.0139162177149401,0.0,0.0,0.0,0.0,0.0,0.0,0.0,0.0,0.0,0.0,0.0,0.0,0.0,0.0,0.0,0.0,0.0,0.0,0.0,0.0,0.0,0.0,0.0,0.0,0.0,0.0,0.0,0.0,0.0,0.0,0.0,0.0,0.0,0.0,0.0,0.0,0.0,0.0,0.0,0.0,0.0,0.0,0.0,0.0,0.0,-0.0025670834499499,-0.2207691766956976,0.1308945930232558,7
2024-05-23,0.023962028169014,0.1593950404636204,71,-0.444749,0.38183,0.1130857464788732,8.029088,0.0187038591549295,0.1881760397006176,8,71,neutral,0.0435738653783164,0.1479076459113018,0.0027097638426407,-0.0066855878619142,0.1499553877305335,81.66666666666667,0.1257468063491945,0.0392478823356807,-0.0101119730391018,0.144494152328124,80.14285714285714,0.1274045897999412,-0.0035768998309859,-0.0011340028908809,0.1357548442007347,81.5,0.1240664246553922,0.0284257378464334,-0.0042582389270127,0.1328973969871584,80.26666666666667,0.1231938330454268,0.0198834252278376,50.0,0.0366559199999999,0.0069785900896926,0.2661573653216703,-0.2716318825743824,-2.221814555836124,0.0387787480421641,0.0,0.0,0.0,0.0,0.0,0.0,0.0,0.0,0.0,0.0,0.0,0.0,0.0,0.0,0.0,0.0,0.0,0.0,0.0,0.0,0.0,0.0,0.0,0.0,0.0,0.0,0.0,0.0,0.0,0.0,0.0,0.0,0.0,0.0,0.0,0.0,0.0,0.0,0.0,0.0,0.0,0.0,0.0,0.0,0.0,0.0027097638426407,0.1923932328274929,0.1130857464788732,8
2024-05-24,0.0107103837209302,0.1152376344623341,86,-0.308974,0.28375,0.1061468139534883,9.128626,-0.0045774186046511,0.1655567344359428,9,86,neutral,-0.0132516444480838,0.1428638861987976,0.001136873108196,0.0050201915602139,0.1431320382693488,81.0,0.1167090511518725,0.0351173382663847,-0.0065209006779664,0.1436216186844341,76.14285714285714,0.125921034399813,0.0251375065279477,3.399073397313511e-05,0.1353640898486784,82.35714285714286,0.1222821015207958,0.0163519107479572,-0.0040612832791722,0.133078659732859,80.33333333333333,0.1234496697010193,0.0059086694352159,50.0,-0.0303809378947368,0.005529223019693,0.2693240322267217,-0.2728641219181516,-0.5530268287231168,-0.0568255098264002,0.0,0.0,0.0,0.0,0.0,0.0,0.0,0.0,0.0,0.0,0.0,0.0,0.0,0.0,0.0,0.0,0.0,0.0,0.0,0.0,0.0,0.0,0.0,0.0,0.0,0.0,0.0,0.0,0.0,0.0,0.0,0.0,0.0,0.0,0.0,0.0,0.0,0.0,0.0,0.0,0.0,0.0,0.0,0.0,0.0,0.001136873108196,0.0977710873048604,0.1061468139534883,9
2024-05-25,0.0438330217391304,0.1673253726437724,46,-0.229909,0.636416,0.1329713695652174,6.116683,-0.0053452826086956,0.1778036107765672,7,46,neutral,0.0331226380182002,0.1464858340595414,0.0058285369328341,0.0261684778763582,0.147319349189909,67.66666666666667,0.117401309999193,0.0634448589484327,0.0025385896725215,0.1460144623803737,74.71428571428571,0.1218079392356603,0.0634164324534161,0.0049644080010538,0.1371184143853561,82.07142857142857,0.1203563393468828,0.0690258417391304,-0.0029344369135089,0.1349035266348694,79.7,0.1250296245839625,0.0338053909698996,50.0,-0.0180602046703296,0.003593146268013,0.2746873173014049,-0.27360333164819,3.0925724867795292,0.046374282466284,0.0,0.0,0.0,0.0,0.0,0.0,0.0,0.0,0.0,0.0,0.0,0.0,0.0,0.0,0.0,0.0,0.0,0.0,0.0,0.0,0.0,0.0,0.0,0.0,0.0,0.0,0.0,0.0,0.0,0.0,0.0,0.0,0.0,0.0,0.0,0.0,0.0,0.0,0.0,0.0,0.0,0.0,0.0,0.0,0.0,0.0058285369328341,0.2681126989103696,0.1329713695652174,7
2024-05-26,-0.0198454125,0.1653948332641417,80,-0.483935,0.318501,0.1383378375,11.067027,-0.0749635625,0.2180815527686742,6,80,neutral,-0.0636784342391304,0.1524232641431921,-0.0027453714495454,0.0115659976533535,0.1493192801234161,70.66666666666667,0.1258186736729019,-0.043807440669014,-9.20892560498302e-05,0.149577090985986,79.0,0.1211071417356604,-0.0184147525,0.001442751393911,0.1394710792083351,84.21428571428571,0.1214851077397399,-0.0493031925,-0.0037886296897261,0.1362970151962176,79.4,0.1262258371448239,-0.0256257832865168,50.0,-0.0273476195286195,0.0001838648175554,0.2776909473474436,-0.2768342823256721,-1.452750271658403,-0.0968010722573306,0.0,0.0,0.0,0.0,0.0,0.0,0.0,0.0,0.0,0.0,0.0,0.0,0.0,0.0,0.0,0.0,0.0,0.0,0.0,0.0,0.0,0.0,0.0,0.0,0.0,0.0,0.0,0.0,0.0,0.0,0.0,0.0,0.0,0.0,0.0,0.0,0.0,0.0,0.0,0.0,0.0,0.0,0.0,0.0,0.0,-0.0027453714495454,-0.2196297159636375,0.1383378375,6
2024-05-27,-0.0554223,0.1773552915096299,80,-0.565891,0.396301,0.139706525,11.176522,-0.0851216625,0.2083985516545642,9,80,neutral,-0.0355768875,0.1569416344686997,-0.0077428569405075,-0.0104782302536231,0.170025165805848,68.66666666666667,0.1370052440217392,-0.0661326837209302,-0.0058258672322403,0.1535970421530684,76.71428571428571,0.127771852152327,-0.0401364458333333,-0.0012400468203746,0.1419187693664857,85.35714285714286,0.1229360436772399,-0.037559175,-0.0060181430230595,0.1374388817209297,80.73333333333333,0.1257431729781572,-0.0668854,50.0,-0.0502245996432212,-0.0054191437396922,0.2803676956081026,-0.2833488939196644,1.7927008319932876,0.0281015467391304,0.0,0.0,0.0,0.0,0.0,0.0,0.0,0.0,0.0,0.0,0.0,0.0,0.0,0.0,0.0,0.0,0.0,0.0,0.0,0.0,0.0,0.0,0.0,0.0,0.0,0.0,0.0,0.0,0.0,0.0,0.0,0.0,0.0,0.0,0.0,0.0,0.0,0.0,0.0,0.0,0.0,0.0,0.0,0.0,0.0,-0.0077428569405075,-0.6194285552406,0.139706525,9
2024-05-28,-0.0089961666666666,0.1024369501534109,72,-0.298006,0.219221,0.1063747083333333,7.658979,-0.0290398055555555,0.1636802484738727,9,72,neutral,0.0464261333333333,0.1455500164066578,-0.0009569646052847,-0.0280879597222222,0.1483956916423942,77.33333333333333,0.1281396902777778,-0.052829188405797,-0.0036243261066991,0.1488440803398573,74.42857142857143,0.1239310848363097,0.0154107878787878,-0.002501294174872,0.1400804936080602,82.78571428571429,0.1235096961243299,-0.0176574629629629,-0.0062872433154571,0.1357208509133207,81.23333333333333,0.1247562743670461,-0.0080730087719298,50.0,-0.0456127257528089,-0.0128341432242091,0.2752928647152753,-0.2802988871009112,-0.8376796584287072,0.0820030208333333,0.0,0.0,0.0,0.0,0.0,0.0,0.0,0.0,0.0,0.0,0.0,0.0,0.0,0.0,0.0,0.0,0.0,0.0,0.0,0.0,0.0,0.0,0.0,0.0,0.0,0.0,0.0,0.0,0.0,0.0,0.0,0.0,0.0,0.0,0.0,0.0,0.0,0.0,0.0,0.0,0.0,0.0,0.0,0.0,0.0,-0.0009569646052847,-0.0689014515805,0.1063747083333333,9
2024-05-29,-0.0082013076923076,0.1523988262290532,91,-0.418739,0.419171,0.1241451648351648,11.29721,-0.010160912087912,0.1831849493880523,10,91,neutral,0.0007948589743589,0.1529822547600016,-0.0010181526953254,-0.0242065914529914,0.1440636892973647,81.0,0.1234087993894994,0.0116441048076923,-0.0019942504614142,0.1485062783894233,75.14285714285714,0.1229668808094396,0.0114105295169946,-0.0057976189051876,0.1426514772693747,81.5,0.1251237688419137,-0.0461485462244177,-0.0053631759161897,0.135870727661097,81.23333333333333,0.1240762688725406,0.0277220219780219,50.0,-0.004763718656397,-0.012646738653991,0.2753817816137006,-0.2807615638008253,-0.0883552966291907,-0.0456312743589743,0.0,0.0,0.0,0.0,0.0,0.0,0.0,0.0,0.0,0.0,0.0,0.0,0.0,0.0,0.0,0.0,0.0,0.0,0.0,0.0,0.0,0.0,0.0,0.0,0.0,0.0,0.0,0.0,0.0,0.0,0.0,0.0,0.0,0.0,0.0,0.0,0.0,0.0,0.0,0.0,0.0,0.0,0.0,0.0,0.0,-0.0010181526953254,-0.0926518952746154,0.1241451648351648,10
2024-05-30,0.0005599277108433,0.1163096643887094,83,-0.428707,0.348135,0.0954702650602409,7.924032,0.0035332771084337,0.1694958959601945,9,83,neutral,0.008761235403151,0.142779113108989,5.345644696879071e-05,-0.0055458488827103,0.1237151469237245,82.0,0.1086633794095797,0.0559822277108433,-0.0053374076697243,0.142351224664436,76.85714285714286,0.1204503834639207,-0.0234021004581707,-0.007724690354413,0.14342268849628,78.5,0.1239274866319309,-0.0269790002891566,-0.0047216342180842,0.1358730349090711,80.7,0.1242090928593971,0.0192462509431666,50.0,0.0109495188223938,-0.0130402743900195,0.2752520012503528,-0.2800116379636905,-1.068272979365053,0.007966376428792,0.0,0.0,0.0,0.0,0.0,0.0,0.0,0.0,0.0,0.0,0.0,0.0,0.0,0.0,0.0,0.0,0.0,0.0,0.0,0.0,0.0,0.0,0.0,0.0,0.0,0.0,0.0,0.0,0.0,0.0,0.0,0.0,0.0,0.0,0.0,0.0,0.0,0.0,0.0,0.0,0.0,0.0,0.0,0.0,0.0,5.345644696879071e-05,0.0044368850984096,0.0954702650602409,9
2024-05-31,0.009742225,0.1242306990828231,80,-0.411431,0.341338,0.1136621625,9.092973,0.0098163874999999,0.1465847650825839,13,80,neutral,0.0091822972891566,0.1345462862727253,0.0011073223610615,0.0007002816728452,0.1309797299001953,84.66666666666667,0.1110925307984686,0.0187383916666666,-0.0054757160584286,0.1436359481816487,76.0,0.1215240046848509,-0.0009681587209302,-0.0059983083681975,0.1436287834330414,76.07142857142857,0.1237225195423319,0.0241693478070175,-0.0039876480143805,0.1361389401946628,79.76666666666667,0.124157020806928,0.0220195861111111,50.0,-0.000977071707317,-0.0144179376701151,0.2751453404956065,-0.2764114727089442,16.399076365279548,0.0004210618860055,0.0,0.0,0.0,0.0,0.0,0.0,0.0,0.0,0.0,0.0,0.0,0.0,0.0,0.0,0.0,0.0,0.0,0.0,0.0,0.0,0.0,0.0,0.0,0.0,0.0,0.0,0.0,0.0,0.0,0.0,0.0,0.0,0.0,0.0,0.0,0.0,0.0,0.0,0.0,0.0,0.0,0.0,0.0,0.0,0.0,0.0011073223610615,0.088585788884925,0.1136621625,13
2024-06-01,0.0325750909090909,0.1124441824035825,44,-0.224651,0.242894,0.1365115681818182,6.006509,-0.0041166818181818,0.1472350738545886,6,44,neutral,0.0228328659090909,0.1215640644515158,0.0044468767436652,0.014292414539978,0.117661515291705,69.0,0.115214665247353,0.0407763986013986,-0.0070839918912914,0.1357957781473358,75.71428571428571,0.1220297473443653,-0.0112579308300395,-0.0022727011093849,0.1409051202638548,75.21428571428571,0.1219188432900128,0.0521585016233766,-0.0022993517256505,0.1349281780483471,78.26666666666667,0.1241638056639249,0.0506488886618999,50.0,-0.0022863520189003,-0.0187448567833263,0.2732998717071759,-0.2742542728296045,2.343701352523773,0.0136505686199342,0.0,0.0,0.0,0.0,0.0,0.0,0.0,0.0,0.0,0.0,0.0,0.0,0.0,0.0,0.0,0.0,0.0,0.0,0.0,0.0,0.0,0.0,0.0,0.0,0.0,0.0,0.0,0.0,0.0,0.0,0.0,0.0,0.0,0.0,0.0,0.0,0.0,0.0,0.0,0.0,0.0,0.0,0.0,0.0,0.0,0.0044468767436652,0.1956625767212728,0.1365115681818182,6
2024-06-02,-0.0042879687499999,0.1135730513257903,32,-0.224336,0.167393,0.10990515625,3.516965,0.02469603125,0.1423170223521857,3,32,neutral,-0.0368630596590909,0.1237912846859917,-0.0004712698754638,0.0126764490530303,0.1167493109373987,52.0,0.1200262956439394,-0.0048478964608433,-0.0048614999270057,0.1283926664418571,68.85714285714286,0.1179679357372224,0.01555744375,-0.0024767945915277,0.1389848787139215,73.92857142857143,0.1195375387364414,-0.0028573087499999,-0.00180258930187,0.1345217581647837,76.6,0.1238870336364859,0.0149028727134146,50.0,0.0073632878787878,-0.0145510539196013,0.2710271717227027,-0.2706240572201313,-1.1316333624967208,-0.0596959255681818,0.0,0.0,0.0,0.0,0.0,0.0,0.0,0.0,0.0,0.0,0.0,0.0,0.0,0.0,0.0,0.0,0.0,0.0,0.0,0.0,0.0,0.0,0.0,0.0,0.0,0.0,0.0,0.0,0.0,0.0,0.0,0.0,0.0,0.0,0.0,0.0,0.0,0.0,0.0,0.0,0.0,0.0,0.0,0.0,0.0,-0.0004712698754638,-0.0150806360148437,0.10990515625,3
2024-06-03,0.0247766666666666,0.1046805932483041,72,-0.258817,0.26731,0.0941803611111111,6.780986,0.0397405833333333,0.148758777678074,9,72,neutral,0.0290646354166666,0.1142476380898419,0.0023334754137962,0.0176879296085858,0.110232608992559,49.333333333333336,0.1135323618476431,0.0150344416666666,0.0065954953110895,0.1180105666902391,67.71428571428571,0.1114641980388097,0.0801989666666666,0.0003848140394246,0.1358038044216537,72.21428571428571,0.1196180250955684,0.0400625208333333,-0.0006889040165847,0.1349030078324528,77.76666666666667,0.1224230564843337,0.0334105585585585,50.0,0.0308639112833763,-0.0091150410358562,0.2694837184889148,-0.2674690669493064,-6.778182657386827,0.0659276950757575,0.0,0.0,0.0,0.0,0.0,0.0,0.0,0.0,0.0,0.0,0.0,0.0,0.0,0.0,0.0,0.0,0.0,0.0,0.0,0.0,0.0,0.0,0.0,0.0,0.0,0.0,0.0,0.0,0.0,0.0,0.0,0.0,0.0,0.0,0.0,0.0,0.0,0.0,0.0,0.0,0.0,0.0,0.0,0.0,0.0,0.0023334754137962,0.1680102297933333,0.0941803611111111,9
2024-06-04,-0.022995616,0.1260147393193443,125,-0.386704,0.321726,0.11956908,14.946135,0.000609976,0.1400761177439507,9,125,neutral,-0.0477722826666666,0.1161886530759689,-0.0027495646491532,-0.0008356393611111,0.1147561279644796,76.33333333333333,0.107884865787037,-0.0555707069090909,0.0045955739777561,0.1213788222853724,75.28571428571429,0.113349108276905,-0.0139994493333333,0.0004856239355284,0.1351114513126149,74.85714285714286,0.1186400965566073,0.0014113385454545,-0.0013751668263408,0.1345430691890921,80.56666666666666,0.1213276046794557,-0.0205878842926829,50.0,-0.0284257378464334,-0.0092348319600577,0.2673975441971787,-0.2714771781107812,-1.9281158078837617,-0.0768369180833333,0.0,0.0,0.0,0.0,0.0,0.0,0.0,0.0,0.0,0.0,0.0,0.0,0.0,0.0,0.0,0.0,0.0,0.0,0.0,0.0,0.0,0.0,0.0,0.0,0.0,0.0,0.0,0.0,0.0,0.0,0.0,0.0,0.0,0.0,0.0,0.0,0.0,0.0,0.0,0.0,0.0,0.0,0.0,0.0,0.0,-0.0027495646491532,-0.3436955811441599,0.11956908,9
2024-06-05,-0.0301616694214876,0.1401889367383287,121,-0.435142,0.358798,0.1250526528925619,15.131371,-0.0438514462809917,0.1646247874487086,9,121,neutral,-0.0071660534214876,0.11938030060707,-0.0037717967768254,-0.0094602062516069,0.1236280897686591,106.0,0.1129340313345577,-0.0258737006714876,0.0014583794450161,0.1196345523581261,79.57142857142857,0.1134787494279617,-0.0219603617291799,-0.000267935508199,0.1340704153737747,77.35714285714286,0.1182228151187006,-0.0105498322121852,-0.0017948156008715,0.1347419694254852,81.36666666666666,0.1209110388136751,-0.0125894632359205,50.0,-0.0163519107479572,-0.005471199860584,0.2679801372787337,-0.277829830934485,0.3116269388690262,0.040606229245179,0.0,0.0,0.0,0.0,0.0,0.0,0.0,0.0,0.0,0.0,0.0,0.0,0.0,0.0,0.0,0.0,0.0,0.0,0.0,0.0,0.0,0.0,0.0,0.0,0.0,0.0,0.0,0.0,0.0,0.0,0.0,0.0,0.0,0.0,0.0,0.0,0.0,0.0,0.0,0.0,0.0,0.0,0.0,0.0,0.0,-0.0037717967768254,-0.4563874099958843,0.1250526528925619,9
2024-06-06,0.0055678411214953,0.1529950136175457,107,-0.459688,0.341645,0.1313435794392523,14.053763,-0.0269911028037383,0.1830818653852997,8,107,neutral,0.0357295105429829,0.1274904668498626,0.0007313001826462,-0.0158631480999974,0.1397328965584063,117.66666666666669,0.1253217707772714,-0.0192088255451713,0.0021737956465378,0.1248753165336741,83.0,0.1186035086249633,0.0050079134106519,-0.0015818060115932,0.1336132705990551,79.92857142857143,0.119526946044442,-0.0183941870475187,-0.0010410986745994,0.1354618534715242,82.03333333333333,0.1216706351398111,0.0226115077881619,50.0,-0.0690258417391304,-0.0080726571923975,0.2721448498400976,-0.2799950471029976,-1.18459989875523,0.0428955639644705,0.0,0.0,0.0,0.0,0.0,0.0,0.0,0.0,0.0,0.0,0.0,0.0,0.0,0.0,0.0,0.0,0.0,0.0,0.0,0.0,0.0,0.0,0.0,0.0,0.0,0.0,0.0,0.0,0.0,0.0,0.0,0.0,0.0,0.0,0.0,0.0,0.0,0.0,0.0,0.0,0.0,0.0,0.0,0.0,0.0,0.0007313001826462,0.0782491195431495,0.1313435794392523,8
2024-06-07,-0.0052897065217391,0.1303176749224703,92,-0.366749,0.337482,0.1155147173913043,10.627354,0.0055670217391304,0.1752476567994329,10,92,neutral,-0.0108575476432344,0.1308393915691986,-0.0006110389539416,-0.0099611782739104,0.1411672084261149,106.66666666666669,0.1239703165743729,0.0177059094782608,2.6376857718021685e-05,0.1257448845107666,84.71428571428571,0.1188681593237211,-0.0150319315217391,-0.0027246696003553,0.1346904163462076,80.35714285714286,0.120196082004286,-0.0160000902426693,-0.0015924913611265,0.1350370713452295,81.5,0.1219394621392744,-0.0165417805958132,50.0,0.0493031925,-0.0020652226194644,0.2708337558647524,-0.2772545827083977,-1.9500462398823808,-0.0465870581862173,0.0,0.0,0.0,0.0,0.0,0.0,0.0,0.0,0.0,0.0,0.0,0.0,0.0,0.0,0.0,0.0,0.0,0.0,0.0,0.0,0.0,0.0,0.0,0.0,0.0,0.0,0.0,0.0,0.0,0.0,0.0,0.0,0.0,0.0,0.0,0.0,0.0,0.0,0.0,0.0,0.0,0.0,0.0,0.0,0.0,-0.0006110389539416,-0.0562155837626304,0.1155147173913043,10
2024-06-08,-0.059809690140845,0.192248611424641,71,-0.534671,0.206867,0.1554728450704225,11.038572,-0.0380923943661971,0.165714470780098,7,71,neutral,-0.0545199836191059,0.148352995204466,-0.0092987826889775,-0.0198438518470296,0.1585204333215523,90.0,0.1341103806336597,-0.0296480207193574,-0.0131714490065585,0.1371455172280606,88.57142857142857,0.1215769131649503,-0.092384781049936,-0.0101277204489249,0.1364706476876982,82.14285714285714,0.1218033302546578,-0.1036427118799755,-0.003437357376574,0.1364573297848056,80.76666666666667,0.1227098250753135,-0.0553459804634257,50.0,0.037559175,0.0008914058447139,0.2730940221976887,-0.2853527520554186,10.306806889010746,-0.0436624359758714,0.0,0.0,0.0,0.0,0.0,0.0,0.0,0.0,0.0,0.0,0.0,0.0,0.0,0.0,0.0,0.0,0.0,0.0,0.0,0.0,0.0,0.0,0.0,0.0,0.0,0.0,0.0,0.0,0.0,0.0,0.0,0.0,0.0,0.0,0.0,0.0,0.0,0.0,0.0,0.0,0.0,0.0,0.0,0.0,0.0,-0.0092987826889775,-0.6602135709174085,0.1554728450704225,7
2024-06-09,-0.0929464594594594,0.1656855798744536,74,-0.534671,0.181154,0.1453576486486486,10.756466,-0.0693749054054054,0.1522412934708447,4,74,neutral,-0.0331367693186143,0.1562871633154879,-0.0135104787972439,-0.0526819520406812,0.162750622073855,79.0,0.1387817370367918,-0.0985143005809548,-0.0258369476793384,0.144590164163584,94.57142857142856,0.1266415549361858,-0.0886584907094594,-0.015349223803172,0.1364914153027205,81.71428571428571,0.1223047453367041,-0.0731010469594594,-0.0063475217909885,0.13795657593425,80.76666666666667,0.1231841687690072,-0.0873049324324324,50.0,0.0176574629629629,0.0029619096969673,0.2708579865864891,-0.2908827769734982,0.5540367997323015,0.0213832143004915,0.0,0.0,0.0,0.0,0.0,0.0,0.0,0.0,0.0,0.0,0.0,0.0,0.0,0.0,0.0,0.0,0.0,0.0,0.0,0.0,0.0,0.0,0.0,0.0,0.0,0.0,0.0,0.0,0.0,0.0,0.0,0.0,0.0,0.0,0.0,0.0,0.0,0.0,0.0,0.0,0.0,0.0,0.0,0.0,0.0,-0.0135104787972439,-0.999775430996054,0.1453576486486486,4
2024-06-10,-0.0254837808219178,0.1441011793544389,73,-0.474118,0.255847,0.1003600547945205,7.326284,0.011464808219178,0.1907775594004599,11,73,neutral,0.0674626786375416,0.1570696118387099,-0.0025575536396592,-0.0594133101407407,0.1673451235511779,72.66666666666667,0.1337301828378639,-0.0201940743001786,-0.0330170116062791,0.1502216764644603,94.71428571428572,0.12752436831953,-0.0502604474885844,-0.0132107581475948,0.1341161215773497,81.21428571428571,0.1194942831791699,0.0299385191780821,-0.0063572204850524,0.1380011209417218,81.53333333333333,0.1211984359288246,-0.0002909608219178,50.0,0.0461485462244177,0.0083435650573359,0.271643494923521,-0.2917759679381765,-0.7258230063832276,0.100599447956156,0.0,0.0,0.0,0.0,0.0,0.0,0.0,0.0,0.0,0.0,0.0,0.0,0.0,0.0,0.0,0.0,0.0,0.0,0.0,0.0,0.0,0.0,0.0,0.0,0.0,0.0,0.0,0.0,0.0,0.0,0.0,0.0,0.0,0.0,0.0,0.0,0.0,0.0,0.0,0.0,0.0,0.0,0.0,0.0,0.0,-0.0025575536396592,-0.1867014156951233,0.1003600547945205,11
2024-06-11,0.0099256136363636,0.1150689842513204,88,-0.369052,0.364194,0.1095095,9.636836,0.0317625227272727,0.1548116243996679,14,88,neutral,0.0354093944582814,0.1494844059654648,0.0010869489865113,-0.0361682088816712,0.141618581160071,78.33333333333333,0.1184090678143897,0.0697353037772087,-0.0283139788010843,0.1486579971690284,89.42857142857143,0.1260872854623872,0.0329212296363636,-0.011859202411664,0.1350184097272004,82.35714285714286,0.1197181968696461,0.0189217803030303,-0.0070082926971736,0.137421502892018,82.8,0.1207642499288246,-0.0195321663636363,50.0,0.0269790002891566,0.010523088658488,0.2691509219027271,-0.286329649832816,-1.3894874824785388,-0.0320532841792602,0.0,0.0,0.0,0.0,0.0,0.0,0.0,0.0,0.0,0.0,0.0,0.0,0.0,0.0,0.0,0.0,0.0,0.0,0.0,0.0,0.0,0.0,0.0,0.0,0.0,0.0,0.0,0.0,0.0,0.0,0.0,0.0,0.0,0.0,0.0,0.0,0.0,0.0,0.0,0.0,0.0,0.0,0.0,0.0,0.0,0.0010869489865113,0.095651510813,0.1095095,14
2024-06-12,0.0248325897435897,0.1400888126519926,78,-0.351737,0.550883,0.1198013333333333,9.344504,0.0348983333333333,0.1731015446246678,10,78,neutral,0.0149069761072261,0.1514386335113693,0.0029749773614017,0.0030914741860118,0.1330863254192506,79.66666666666667,0.109890296042618,0.1177790492030492,-0.0204576560632161,0.1486436937281232,83.28571428571429,0.1253370969539259,0.0549942591650773,-0.0094996383090999,0.1341391230431246,81.42857142857143,0.1194079231909438,0.0330338974358974,-0.0055851022057206,0.1373215423372336,83.26666666666667,0.1207778469774357,0.0426957147435897,50.0,-0.0241693478070175,0.0044082820928887,0.2672638272002932,-0.2843554989729244,1.501869471587396,-0.0205024183510553,0.0,0.0,0.0,0.0,0.0,0.0,0.0,0.0,0.0,0.0,0.0,0.0,0.0,0.0,0.0,0.0,0.0,0.0,0.0,0.0,0.0,0.0,0.0,0.0,0.0,0.0,0.0,0.0,0.0,0.0,0.0,0.0,0.0,0.0,0.0,0.0,0.0,0.0,0.0,0.0,0.0,0.0,0.0,0.0,0.0,0.0029749773614017,0.2320482341893333,0.1198013333333333,10
2024-06-13,0.0273000151515151,0.1458241411566572,66,-0.393682,0.536244,0.1254378333333333,8.278897,0.0271541515151515,0.184576866838494,5,66,neutral,0.0024674254079254,0.1421537394577725,0.0034244547505732,0.0206860728438228,0.1336606460199901,77.33333333333333,0.1182495555555556,0.0527837959734329,-0.0173530597732132,0.1476192833765677,77.42857142857143,0.1244934189387946,0.0217321740300198,-0.0075896320633376,0.1362472999551209,80.21428571428571,0.121548463781879,0.0267400874406717,-0.0049638115772133,0.1379099200167433,81.86666666666666,0.1216809889527443,0.0186387188552188,50.0,-0.0521585016233766,0.001771308339895,0.2711519594412547,-0.2865846680708275,0.099362387628634,-0.0124395506993007,0.0,0.0,0.0,0.0,0.0,0.0,0.0,0.0,0.0,0.0,0.0,0.0,0.0,0.0,0.0,0.0,0.0,0.0,0.0,0.0,0.0,0.0,0.0,0.0,0.0,0.0,0.0,0.0,0.0,0.0,0.0,0.0,0.0,0.0,0.0,0.0,0.0,0.0,0.0,0.0,0.0,0.0,0.0,0.0,0.0,0.0034244547505732,0.2260140135378333,0.1254378333333333,5
2024-06-14,0.0034544374999999,0.1615186529722319,64,-0.439,0.361434,0.12753171875,8.16203,-0.02475353125,0.1774764029720677,7,64,neutral,-0.0238455776515151,0.1413203540773282,0.0004405503516894,0.0185290141317016,0.1491438689269606,69.33333333333333,0.1242569618055555,-0.0064711761363636,-0.0161038963415362,0.1520765659551051,73.42857142857143,0.1262101334186083,0.0087441440217391,-0.0080387597419091,0.1389107252329358,79.07142857142857,0.1225391463711647,-0.0062877875,-0.006113571611617,0.139413706616796,80.36666666666666,0.1225471080181113,-0.03449280103211,50.0,0.0028573087499999,0.0039056660618903,0.2685523582621441,-0.2880229253156299,-0.8734638980664347,-0.0263130030594405,0.0,0.0,0.0,0.0,0.0,0.0,0.0,0.0,0.0,0.0,0.0,0.0,0.0,0.0,0.0,0.0,0.0,0.0,0.0,0.0,0.0,0.0,0.0,0.0,0.0,0.0,0.0,0.0,0.0,0.0,0.0,0.0,0.0,0.0,0.0,0.0,0.0,0.0,0.0,0.0,0.0,0.0,0.0,0.0,0.0,0.0004405503516894,0.0281952225081249,0.12753171875,7
2024-06-15,0.0485804102564102,0.1216804196073766,39,-0.339504,0.28168,0.1279747692307692,4.991016,0.006806,0.1870538794115073,5,39,neutral,0.0451259727564102,0.1368362021279157,0.0062170667917001,0.0264449543026417,0.1430077379120886,56.333333333333336,0.1269814404380342,0.0237478205128205,-0.0006195962847854,0.1419953956954959,68.85714285714286,0.1222818368700864,0.1083901003972553,-0.006895522645672,0.1395704564617783,78.71428571428571,0.1219293750175184,0.0160053193473193,-0.0054121888697366,0.1399526303633074,77.5,0.1230723264591369,0.0210414822564102,50.0,-0.0400625208333333,0.007123812829201,0.2676022080342881,-0.280230192812133,13.063189812063548,0.0689715504079254,0.0,0.0,0.0,0.0,0.0,0.0,0.0,0.0,0.0,0.0,0.0,0.0,0.0,0.0,0.0,0.0,0.0,0.0,0.0,0.0,0.0,0.0,0.0,0.0,0.0,0.0,0.0,0.0,0.0,0.0,0.0,0.0,0.0,0.0,0.0,0.0,0.0,0.0,0.0,0.0,0.0,0.0,0.0,0.0,0.0,0.0062170667917001,0.2424656048763077,0.1279747692307692,5
2024-06-16,0.0343115178571428,0.1204128951816874,56,-0.425969,0.353028,0.1190029464285714,6.664165,-0.0167591249999999,0.1442023685454277,8,56,neutral,-0.0142688923992674,0.1379049843139891,0.0040831717214365,0.0287821218711843,0.1345373225870987,53.0,0.1248364781364469,0.0070115027056277,0.0175601147604434,0.135527869310815,66.28571428571429,0.1185168794100754,0.1272579773166023,-0.0041384164594475,0.1400590167371995,80.42857142857143,0.1225792171731306,0.0385994866071428,-0.0037875675142646,0.1399215478704248,75.56666666666666,0.1231547012816098,0.0487386406641604,50.0,-0.0014113385454545,0.0014888649352616,0.2663946592943509,-0.2700492622864816,-0.2937170008230756,-0.0593948651556776,0.0,0.0,0.0,0.0,0.0,0.0,0.0,0.0,0.0,0.0,0.0,0.0,0.0,0.0,0.0,0.0,0.0,0.0,0.0,0.0,0.0,0.0,0.0,0.0,0.0,0.0,0.0,0.0,0.0,0.0,0.0,0.0,0.0,0.0,0.0,0.0,0.0,0.0,0.0,0.0,0.0,0.0,0.0,0.0,0.0,0.0040831717214365,0.2286576164004464,0.1190029464285714,8
2024-06-17,-0.0248085079365079,0.1378409500774496,63,-0.445034,0.18881,0.1060778571428571,6.682905,-0.016653365079365,0.1802096670808667,9,63,neutral,-0.0591200257936507,0.1374554117990805,-0.0026316333608163,0.019361140059015,0.1266447549555046,52.666666666666664,0.1176851909340659,-0.0282629454365079,0.0176565823155019,0.1346335508426737,64.85714285714286,0.1193337083169806,0.0006752728854098,-0.0076802146453885,0.142427613653567,79.78571428571429,0.1234290383182553,-0.0495851746031746,-0.003961737421672,0.1394970639806,75.8,0.1212985286625622,-0.0052250972222222,50.0,0.0105498322121852,-0.0015121731522732,0.2691444422232628,-0.2743802793423775,-1.7230373205813565,-0.0448511333943833,0.0,0.0,0.0,0.0,0.0,0.0,0.0,0.0,0.0,0.0,0.0,0.0,0.0,0.0,0.0,0.0,0.0,0.0,0.0,0.0,0.0,0.0,0.0,0.0,0.0,0.0,0.0,0.0,0.0,0.0,0.0,0.0,0.0,0.0,0.0,0.0,0.0,0.0,0.0,0.0,0.0,0.0,0.0,0.0,0.0,-0.0026316333608163,-0.1657929017314285,0.1060778571428571,9
2024-06-18,0.0151955211267605,0.1245959078614724,71,-0.417685,0.351388,0.1171782816901408,8.319658,0.0152411126760563,0.1669058627829771,8,71,neutral,0.0400040290632685,0.1332097651400436,0.00178058505502,0.0082328436824651,0.1276165843735365,63.333333333333336,0.1140863617538564,-0.0333848891296496,0.0184094262427015,0.1359945399298383,62.42857142857143,0.1204292485584293,0.0052699074903969,-0.0049522762791913,0.1423262685494333,75.92857142857143,0.1232582670104082,0.0381911371267605,-0.0034075313841133,0.1389683798084872,76.5,0.1204296907189002,0.0166261811267605,50.0,0.0183941870475187,-0.0014303149206559,0.2675339918274582,-0.2704301460646661,-1.612512496344006,0.0991240548569192,0.0,0.0,0.0,0.0,0.0,0.0,0.0,0.0,0.0,0.0,0.0,0.0,0.0,0.0,0.0,0.0,0.0,0.0,0.0,0.0,0.0,0.0,0.0,0.0,0.0,0.0,0.0,0.0,0.0,0.0,0.0,0.0,0.0,0.0,0.0,0.0,0.0,0.0,0.0,0.0,0.0,0.0,0.0,0.0,0.0,0.00178058505502,0.1264215389064225,0.1171782816901408,8
2024-06-19,0.0318873333333333,0.1135706652057512,60,-0.392523,0.308318,0.1000770833333333,6.004625,0.0304924833333333,0.1580985617901641,6,60,neutral,0.0166918122065727,0.1236201675867474,0.0031911913152777,0.0074247821745286,0.1253358410482244,64.66666666666667,0.1077777407221104,-0.0024241845238095,0.019417246755522,0.1322062331518038,59.857142857142854,0.1176114985584293,0.0070547435897435,-0.000520204653847,0.1404249634399635,71.57142857142857,0.1214742977561776,0.0620490027548209,-0.00183509180078,0.1377802142040105,75.3,0.1206638084272335,0.0471731875,50.0,0.0160000902426693,-0.0047801433630724,0.2688264621902868,-0.2685898758652457,1.098469217826108,-0.0233122168566957,0.0,0.0,0.0,0.0,0.0,0.0,0.0,0.0,0.0,0.0,0.0,0.0,0.0,0.0,0.0,0.0,0.0,0.0,0.0,0.0,0.0,0.0,0.0,0.0,0.0,0.0,0.0,0.0,0.0,0.0,0.0,0.0,0.0,0.0,0.0,0.0,0.0,0.0,0.0,0.0,0.0,0.0,0.0,0.0,0.0,0.0031911913152777,0.1914714789166667,0.1000770833333333,6
2024-06-20,0.011746037037037,0.1412637936036198,81,-0.402428,0.304161,0.1163558641975308,9.424825,0.0227553333333333,0.1694968875571908,8,81,neutral,-0.0201412962962963,0.1275368423859961,0.0013667202903406,0.0196096304990436,0.1264767888902812,70.66666666666667,0.1112037430736683,0.0365545449735449,0.0171952498820251,0.1315547549299413,62.0,0.1163140743961718,-0.0155539781144781,-7.890494559406132e-05,0.1395870191532545,69.71428571428571,0.1204037466674832,0.0061781959155417,-0.0006299920813636,0.1379654178959349,75.06666666666666,0.1201003345823027,0.0361529915824915,50.0,0.1036427118799755,0.0037380468136852,0.2706299622442183,-0.2701929947154735,-0.6316394063357331,-0.036833108502869,0.0,0.0,0.0,0.0,0.0,0.0,0.0,0.0,0.0,0.0,0.0,0.0,0.0,0.0,0.0,0.0,0.0,0.0,0.0,0.0,0.0,0.0,0.0,0.0,0.0,0.0,0.0,0.0,0.0,0.0,0.0,0.0,0.0,0.0,0.0,0.0,0.0,0.0,0.0,0.0,0.0,0.0,0.0,0.0,0.0,0.0013667202903406,0.1107043435175925,0.1163558641975308,8
2024-06-21,-0.0090544479166666,0.1507155617263941,96,-0.299344,0.563871,0.1130581770833333,10.853585,0.0076663958333333,0.182131793050179,12,96,neutral,-0.0208004849537037,0.1335973756949375,-0.0010236793759543,0.0115263074845678,0.1351833401785884,79.0,0.1098303748713992,-0.0242499690434272,0.0154082662510727,0.1300114561805359,66.57142857142857,0.114246425586648,-0.0125088854166666,-0.0003478150452317,0.1410440110678205,70.0,0.1202282795026281,-0.0037647413949275,-0.0002780791049424,0.1378304886240783,75.4,0.1195057873843053,0.0105573892926356,50.0,0.0731010469594594,0.0145458684544048,0.2723756232352116,-0.2761016095890425,-1.7708512997291443,-0.0006591886574073,0.0,0.0,0.0,0.0,0.0,0.0,0.0,0.0,0.0,0.0,0.0,0.0,0.0,0.0,0.0,0.0,0.0,0.0,0.0,0.0,0.0,0.0,0.0,0.0,0.0,0.0,0.0,0.0,0.0,0.0,0.0,0.0,0.0,0.0,0.0,0.0,0.0,0.0,0.0,0.0,0.0,0.0,0.0,0.0,0.0,-0.0010236793759543,-0.0982732200916146,0.1130581770833333,12
2024-06-22,-0.0288987021276595,0.1584284407306469,47,-0.504694,0.268134,0.1316492978723404,6.187517,-0.0433982553191489,0.156758443707046,9,47,neutral,-0.0198442542109929,0.1377148738255769,-0.0038044938445282,-0.008735704335763,0.1501359320202203,74.66666666666667,0.1203544463844015,-0.0607860354609929,0.004339821624777,0.1352611734838602,67.71428571428571,0.1147713582497296,-0.0774791123840698,0.0018601126699957,0.138628284589678,68.28571428571429,0.118526597559908,0.0309109880131855,-0.0020401034481649,0.1377982686329791,74.6,0.1201245724307542,-0.0528607302966736,50.0,-0.0299385191780821,0.0170147553927709,0.2756306255068143,-0.2818176851984111,2.191658110315624,0.0009562307427107,0.0,0.0,0.0,0.0,0.0,0.0,0.0,0.0,0.0,0.0,0.0,0.0,0.0,0.0,0.0,0.0,0.0,0.0,0.0,0.0,0.0,0.0,0.0,0.0,0.0,0.0,0.0,0.0,0.0,0.0,0.0,0.0,0.0,0.0,0.0,0.0,0.0,0.0,0.0,0.0,0.0,0.0,0.0,0.0,0.0,-0.0038044938445282,-0.1788112106928297,0.1316492978723404,9
2024-06-23,0.0005417142857142,0.114970679911409,49,-0.255965,0.238816,0.1036247142857142,5.077611,-0.006938775510204,0.1396721680752625,7,49,neutral,0.0294404164133738,0.1357898282355642,5.6134988081632696e-05,-0.0124704785862039,0.1413715607894834,64.0,0.1161107297471293,-0.0112043227513227,-0.0004844360282841,0.1344837141595347,66.71428571428571,0.1125744679436071,-0.0337698035714285,0.0085378393660796,0.1350057917351748,66.5,0.1155456736768413,0.0934881737451737,-0.0023790590960054,0.1377893701479483,73.36666666666666,0.1200405024418284,-0.0101686694352159,50.0,-0.0189217803030303,0.0145948566091008,0.2754478865540771,-0.2840584414837692,-1.0187452807853197,0.0492846706243667,0.0,0.0,0.0,0.0,0.0,0.0,0.0,0.0,0.0,0.0,0.0,0.0,0.0,0.0,0.0,0.0,0.0,0.0,0.0,0.0,0.0,0.0,0.0,0.0,0.0,0.0,0.0,0.0,0.0,0.0,0.0,0.0,0.0,0.0,0.0,0.0,0.0,0.0,0.0,0.0,0.0,0.0,0.0,0.0,0.0,5.6134988081632696e-05,0.002750614416,0.1036247142857142,7
2024-06-24,-0.0289012419354838,0.1096465421904291,62,-0.371247,0.213347,0.1172429193548387,7.269061,0.0018203548387096,0.1628733272531993,8,62,neutral,-0.0294429562211981,0.1350050036324998,-0.0033884659774966,-0.0190860765924763,0.1276818876108284,52.666666666666664,0.1175056438376311,-0.0198467940188172,-0.0010691123138521,0.1304559416042461,66.57142857142857,0.1141694768310331,-0.0040927339989759,0.0082937350008249,0.1325447462234599,65.71428571428571,0.1167515925740068,-0.003417461113566,-0.0048035345518259,0.1358667424661702,73.9,0.1195162207681491,-0.0727342636746143,50.0,-0.0330338974358974,0.0153758147643715,0.2735157855444114,-0.2827169030676519,-54.351448720566175,-0.058883372634572,0.0,0.0,0.0,0.0,0.0,0.0,0.0,0.0,0.0,0.0,0.0,0.0,0.0,0.0,0.0,0.0,0.0,0.0,0.0,0.0,0.0,0.0,0.0,0.0,0.0,0.0,0.0,0.0,0.0,0.0,0.0,0.0,0.0,0.0,0.0,0.0,0.0,0.0,0.0,0.0,0.0,0.0,0.0,0.0,0.0,-0.0033884659774966,-0.2100848906047903,0.1172429193548387,8
2024-06-25,0.0527112588235294,0.1077142934139676,85,-0.200731,0.269181,0.1387571764705882,11.79436,0.0354621529411764,0.168028365068117,10,85,neutral,0.0816125007590132,0.1282951035945693,0.0073140654425633,0.0081172437245866,0.1107771718386019,65.33333333333333,0.1198749367037137,0.0816099609511889,0.0042902787856862,0.1280442823974597,68.57142857142857,0.1172521760853827,0.0375157376967688,0.0113498525141939,0.132019411163649,65.5,0.118840712321906,0.0427856451871657,-0.0023849788410416,0.1339440578044977,74.06666666666666,0.1195301987338354,0.0725566713235294,50.0,-0.0267400874406717,0.0125615093315696,0.2744119676242261,-0.2753257923229649,-2.8238406135347596,0.1110554569802114,0.0,0.0,0.0,0.0,0.0,0.0,0.0,0.0,0.0,0.0,0.0,0.0,0.0,0.0,0.0,0.0,0.0,0.0,0.0,0.0,0.0,0.0,0.0,0.0,0.0,0.0,0.0,0.0,0.0,0.0,0.0,0.0,0.0,0.0,0.0,0.0,0.0,0.0,0.0,0.0,0.0,0.0,0.0,0.0,0.0,0.0073140654425633,0.6216955626178824,0.1387571764705882,10
2024-06-26,0.0265801499999999,0.1238653817987454,100,-0.378155,0.362726,0.13179742,13.179742,0.01389082,0.1431712975167646,11,100,neutral,-0.0261311088235294,0.1229250676090396,0.0035031951932129,0.0167967222960151,0.1137420724677141,82.33333333333333,0.1292658386084756,0.0260384357142857,0.0035321097380672,0.1295149561964588,74.28571428571429,0.1217836527520494,-0.0053071833333333,0.0114746782467946,0.1308605946741313,67.07142857142857,0.1196975756552393,0.0017475602564102,0.0003484361589583,0.1321610608141349,74.73333333333333,0.1192665619005021,0.08200245,50.0,0.0062877875,0.0120879488079934,0.2725496198862714,-0.2713622136971597,-0.4957405572690465,-0.1077436095825427,0.0,0.0,0.0,0.0,0.0,0.0,0.0,0.0,0.0,0.0,0.0,0.0,0.0,0.0,0.0,0.0,0.0,0.0,0.0,0.0,0.0,0.0,0.0,0.0,0.0,0.0,0.0,0.0,0.0,0.0,0.0,0.0,0.0,0.0,0.0,0.0,0.0,0.0,0.0,0.0,0.0,0.0,0.0,0.0,0.0,0.0035031951932129,0.3503195193212999,0.13179742,11
2024-06-27,0.0238371428571428,0.114109743741187,91,-0.410323,0.220555,0.1261351648351648,11.4783,0.0350247252747252,0.1344518689100358,15,91,neutral,-0.0027430071428571,0.1140613282111476,0.003006701943485,0.0343761838935574,0.1152298063179667,92.0,0.132229920435251,0.0527383847926267,0.0052594105695109,0.1256358062161113,75.71428571428571,0.1231806957002828,0.0120911058201058,0.011227330225768,0.1285952805730263,68.85714285714286,0.1197473850482273,-0.0034628722943722,0.001442879809752,0.1325501539337274,75.36666666666666,0.1199252437838964,0.0328333095238095,50.0,-0.0160053193473193,0.0082657814307892,0.2723851692370871,-0.2682850781100873,-0.1031975795041465,0.0233881016806722,0.0,0.0,0.0,0.0,0.0,0.0,0.0,0.0,0.0,0.0,0.0,0.0,0.0,0.0,0.0,0.0,0.0,0.0,0.0,0.0,0.0,0.0,0.0,0.0,0.0,0.0,0.0,0.0,0.0,0.0,0.0,0.0,0.0,0.0,0.0,0.0,0.0,0.0,0.0,0.0,0.0,0.0,0.0,0.0,0.0,0.003006701943485,0.2736098768571429,0.1261351648351648,15
2024-06-28,0.0015048114754098,0.1182475002390424,122,-0.386374,0.400924,0.1387030819672131,16.921776,0.012428475409836,0.1251856625455255,15,122,neutral,-0.022332331381733,0.1147166922766743,0.0002087219894189,0.0173073681108508,0.1187408752596583,104.33333333333331,0.132211888934126,-0.0512064473481195,0.0067678761969504,0.1209975117179182,79.42857142857143,0.1268442535408371,0.0105592593920765,0.0110880712240115,0.125504483949227,73.0,0.1205453395637425,-0.0019496260245901,0.0017664171153426,0.1314117764007271,76.4,0.1204105076882981,0.0097061191677175,50.0,-0.0385994866071428,0.0021991617808101,0.2680507831993401,-0.2578192419107147,-0.936871147501685,-0.0195893242388758,0.0,0.0,0.0,0.0,0.0,0.0,0.0,0.0,0.0,0.0,0.0,0.0,0.0,0.0,0.0,0.0,0.0,0.0,0.0,0.0,0.0,0.0,0.0,0.0,0.0,0.0,0.0,0.0,0.0,0.0,0.0,0.0,0.0,0.0,0.0,0.0,0.0,0.0,0.0,0.0,0.0,0.0,0.0,0.0,0.0,0.0002087219894189,0.0254640827091147,0.1387030819672131,15
2024-06-29,0.0263133846153846,0.1057635749729785,52,-0.197713,0.329068,0.1369983461538461,7.123914,0.0475632692307692,0.1506680801352814,8,52,neutral,0.0248085731399747,0.1139400988331842,0.0036048901740177,0.0172184463159791,0.1127069396510693,88.33333333333333,0.133945530985408,-0.0002667653846153,0.0146553171602424,0.1134739594668227,80.14285714285714,0.1276084032953379,0.0552120867430441,0.0094975693925097,0.1243675664753415,73.92857142857143,0.1211898807725337,-0.0222670256410256,0.0026248656788273,0.1310602400868694,75.36666666666666,0.1217947770580849,0.0257534569045412,50.0,0.0495851746031746,-0.0038072312499455,0.2680215749129347,-0.245864049216825,16.486166902214887,0.0471409045217078,0.0,0.0,0.0,0.0,0.0,0.0,0.0,0.0,0.0,0.0,0.0,0.0,0.0,0.0,0.0,0.0,0.0,0.0,0.0,0.0,0.0,0.0,0.0,0.0,0.0,0.0,0.0,0.0,0.0,0.0,0.0,0.0,0.0,0.0,0.0,0.0,0.0,0.0,0.0,0.0,0.0,0.0,0.0,0.0,0.0,0.0036048901740177,0.1874542890489231,0.1369983461538461,8
2024-06-30,0.0393245294117647,0.1016744156541561,51,-0.204696,0.336011,0.1210989803921568,6.176048,0.0080733333333333,0.1232912634201899,7,51,neutral,0.01301114479638,0.1127321232812219,0.004762160416166,0.022380908500853,0.1085618302887257,75.0,0.1322668028377387,0.0154873865546218,0.0201957193211067,0.111574493144358,80.42857142857143,0.1301047270248297,0.0387828151260504,0.0098556416464113,0.1230291036519464,73.57142857142857,0.1213395974842184,0.0050130115546218,0.0036109424925528,0.1303083639725805,74.4,0.1220426709878235,0.0295823044117647,50.0,-0.0381911371267605,-0.0161730294817477,0.2670193140545906,-0.2383809573351126,0.4944686890934158,-0.0117974283435946,0.0,0.0,0.0,0.0,0.0,0.0,0.0,0.0,0.0,0.0,0.0,0.0,0.0,0.0,0.0,0.0,0.0,0.0,0.0,0.0,0.0,0.0,0.0,0.0,0.0,0.0,0.0,0.0,0.0,0.0,0.0,0.0,0.0,0.0,0.0,0.0,0.0,0.0,0.0,0.0,0.0,0.0,0.0,0.0,0.0,0.004762160416166,0.2428701812244706,0.1210989803921568,7
2024-07-01,0.0010117432432432,0.1095813753265919,74,-0.227904,0.367861,0.0946787297297297,7.006226,0.0338112567567567,0.1410371346053949,10,74,neutral,-0.0383127861685214,0.1098753219867912,9.579056508290732e-05,0.0222165524234641,0.1056731219845756,59.0,0.1175920187585776,-0.0004930682321665,0.0244690029180678,0.1115651835923813,82.14285714285714,0.1268812713640998,0.0299129851787271,0.0116999453021078,0.1210105625983137,74.35714285714286,0.1205253740975664,0.0258202511797511,0.0025588309036912,0.1302129370700141,75.4,0.1206482430394205,-0.0315633476658476,50.0,-0.0620490027548209,-0.0197408609902742,0.2660248596424617,-0.2382778899622957,-0.9742719554848492,-0.0513239309649015,0.0,0.0,0.0,0.0,0.0,0.0,0.0,0.0,0.0,0.0,0.0,0.0,0.0,0.0,0.0,0.0,0.0,0.0,0.0,0.0,0.0,0.0,0.0,0.0,0.0,0.0,0.0,0.0,0.0,0.0,0.0,0.0,0.0,0.0,0.0,0.0,0.0,0.0,0.0,0.0,0.0,0.0,0.0,0.0,0.0,9.579056508290732e-05,0.0070885018161351,0.0946787297297297,10
2024-07-02,-0.0043561956521739,0.1273414758370457,92,-0.451016,0.224977,0.1137559239130434,10.465545,0.0072453586956521,0.1670569178016804,10,92,neutral,-0.0053679388954171,0.1125216684059629,-0.000495543061159,0.0119933590009446,0.1128657556059313,72.33333333333333,0.10984454467831,-0.0306695802675585,0.0163165094215387,0.1143690667956782,83.14285714285714,0.1233096638558791,-0.0570674544757033,0.0103033941036125,0.1212066745965689,75.85714285714286,0.1202809199706309,-0.0195517167789344,0.0025565566736187,0.1306718845537227,77.4,0.120776601961522,-6.822690217391306e-05,50.0,-0.0061781959155417,-0.0183249071694422,0.2632906866911789,-0.2384625955505892,-5.305633550079061,0.0329448472731043,0.0,0.0,0.0,0.0,0.0,0.0,0.0,0.0,0.0,0.0,0.0,0.0,0.0,0.0,0.0,0.0,0.0,0.0,0.0,0.0,0.0,0.0,0.0,0.0,0.0,0.0,0.0,0.0,0.0,0.0,0.0,0.0,0.0,0.0,0.0,0.0,0.0,0.0,0.0,0.0,0.0,0.0,0.0,0.0,0.0,-0.000495543061159,-0.0455899616266304,0.1137559239130434,10
2024-07-03,0.0333308354430379,0.099361851520595,79,-0.217085,0.281861,0.125379493670886,9.90498,0.0228917341772151,0.133951269128635,11,79,neutral,0.0376870310952118,0.1087445386622735,0.0041790032714757,0.009995461011369,0.1120949008947442,81.66666666666667,0.1112713824378864,-0.0059936939687267,0.0172808930562584,0.1108685624702281,80.14285714285714,0.1223928172374343,0.0067506854430379,0.0104065013971628,0.1201917593333435,77.21428571428571,0.1220882349947418,0.0014435021097046,0.0028416956328311,0.130494593162799,77.63333333333334,0.1218165730468478,0.0085541687763713,50.0,0.0037647413949275,-0.0142361695215727,0.2589459987421488,-0.2335148255724069,-8.651363277589375,0.043054969990629,0.0,0.0,0.0,0.0,0.0,0.0,0.0,0.0,0.0,0.0,0.0,0.0,0.0,0.0,0.0,0.0,0.0,0.0,0.0,0.0,0.0,0.0,0.0,0.0,0.0,0.0,0.0,0.0,0.0,0.0,0.0,0.0,0.0,0.0,0.0,0.0,0.0,0.0,0.0,0.0,0.0,0.0,0.0,0.0,0.0,0.0041790032714757,0.3301412584465822,0.125379493670886,11
2024-07-04,0.028519046875,0.1008786373503549,64,-0.214799,0.226732,0.12086765625,7.73553,0.02698115625,0.1524432831854396,9,64,neutral,-0.0048117885680379,0.1077675511377488,0.0034470303542651,0.0191645622219546,0.1091939882359986,78.33333333333333,0.1200010246113098,0.0275073036317567,0.0179497364873809,0.108978404414395,76.28571428571429,0.1216403160109822,0.0046819040178571,0.0116045735284459,0.1173071053152531,76.0,0.1224105058556325,0.0167730098379629,0.0045588510619977,0.129656723097166,75.6,0.1218598589218478,0.051514662875,50.0,-0.0309109880131855,-0.0146996029185187,0.2541352276487111,-0.2261975935414692,-0.14436447523979,-0.0424988196632498,0.0,0.0,0.0,0.0,0.0,0.0,0.0,0.0,0.0,0.0,0.0,0.0,0.0,0.0,0.0,0.0,0.0,0.0,0.0,0.0,0.0,0.0,0.0,0.0,0.0,0.0,0.0,0.0,0.0,0.0,0.0,0.0,0.0,0.0,0.0,0.0,0.0,0.0,0.0,0.0,0.0,0.0,0.0,0.0,0.0,0.0034470303542651,0.2206099426729687,0.12086765625,9
2024-07-05,0.0014067702702702,0.1420061484440213,74,-0.472467,0.256029,0.115341608108108,8.535279,0.0186799189189189,0.1516863530239024,11,74,neutral,-0.0271122766047297,0.1158338976957218,0.0001622591452116,0.0210855508627694,0.1140822124383238,72.33333333333333,0.1205295860096647,0.0057629659224441,0.0179357306009324,0.1123724970151062,69.42857142857143,0.1183029626025386,-9.804120513956733e-05,0.0123518033989414,0.1166850043665122,74.42857142857143,0.1225736080716878,0.0104612181869369,0.0056111323850563,0.1297172968206891,74.03333333333333,0.1215361574290327,0.0315684396917578,50.0,-0.0934881737451737,-0.0257858208346491,0.2538091185330686,-0.2305888484244406,-0.950672605699756,-0.0223004880366917,0.0,0.0,0.0,0.0,0.0,0.0,0.0,0.0,0.0,0.0,0.0,0.0,0.0,0.0,0.0,0.0,0.0,0.0,0.0,0.0,0.0,0.0,0.0,0.0,0.0,0.0,0.0,0.0,0.0,0.0,0.0,0.0,0.0,0.0,0.0,0.0,0.0,0.0,0.0,0.0,0.0,0.0,0.0,0.0,0.0,0.0001622591452116,0.0120071767456621,0.115341608108108,11
2024-07-06,0.0190006585365853,0.1190601405119718,41,-0.298932,0.397623,0.1270790243902439,5.21024,0.0033293902439024,0.1611048843045855,5,41,neutral,0.017593888266315,0.1177296507327978,0.0024145851496014,0.0163088252272852,0.1206483087687827,59.666666666666664,0.1210960962494506,-0.0143301769064526,0.0168910554468182,0.1142720063778195,67.85714285714286,0.1168859166363097,-0.0073127260787992,0.0157731863035303,0.1138729829223211,74.0,0.1222471599658238,0.0478993606642449,0.0060588929655593,0.1285861343838367,71.83333333333333,0.1213940055940657,0.01343281741509,50.0,0.003417461113566,-0.023627734116773,0.2529083001000691,-0.2312191159234969,12.506582373918782,0.0447061648710448,0.0,0.0,0.0,0.0,0.0,0.0,0.0,0.0,0.0,0.0,0.0,0.0,0.0,0.0,0.0,0.0,0.0,0.0,0.0,0.0,0.0,0.0,0.0,0.0,0.0,0.0,0.0,0.0,0.0,0.0,0.0,0.0,0.0,0.0,0.0,0.0,0.0,0.0,0.0,0.0,0.0,0.0,0.0,0.0,0.0,0.0024145851496014,0.0989979911336585,0.1270790243902439,5
2024-07-07,-0.023359447368421,0.1275003319547766,38,-0.38618,0.252016,0.2083176842105263,7.916072,-0.0591194736842105,0.1623649422485999,6,38,neutral,-0.0423601059050064,0.1177614219563439,-0.0048661859802271,-0.0009840061871884,0.1295222069702566,51.0,0.1502461055696261,-0.051878494243421,0.0079362016210774,0.1179614229921939,66.0,0.1293457314675053,-0.0626839767801857,0.0140659604710921,0.114767958068276,73.21428571428571,0.1297252292461675,-0.0239011616541353,0.0054565682706699,0.1284922229515802,70.03333333333333,0.1244874378213731,-0.0180697408466819,50.0,-0.0427856451871657,-0.0240928628478866,0.2519466913162062,-0.2301126010828253,-2.2294019874860087,-0.0599539941713215,0.0,0.0,0.0,0.0,0.0,0.0,0.0,0.0,0.0,0.0,0.0,0.0,0.0,0.0,0.0,0.0,0.0,0.0,0.0,0.0,0.0,0.0,0.0,0.0,0.0,0.0,0.0,0.0,0.0,0.0,0.0,0.0,0.0,0.0,0.0,0.0,0.0,0.0,0.0,0.0,0.0,0.0,0.0,0.0,0.0,-0.0048661859802271,-0.1849150672486316,0.2083176842105263,6
2024-07-08,0.0266874588235294,0.0999322143672724,85,-0.278947,0.288396,0.1034854823529411,8.796266,0.0271279176470588,0.1352910712955247,10,85,neutral,0.0500469061919504,0.1178754945256794,0.0027617645491271,0.0074428899972312,0.115497562278007,54.666666666666664,0.1462940636512371,0.0252806885532591,0.0116041609896897,0.1165829714265768,67.57142857142857,0.130603838985107,0.0256757155802861,0.0180365819538787,0.1140740775094791,74.85714285714286,0.1287425551746034,0.0555887007590132,0.0083398065694824,0.1254150097163346,70.5,0.1227545257307904,0.0864971489643744,50.0,-0.0017475602564102,-0.0297965000545072,0.2500549188516246,-0.2270716348485668,-2.142469614225866,0.0924070120969568,0.0,0.0,0.0,0.0,0.0,0.0,0.0,0.0,0.0,0.0,0.0,0.0,0.0,0.0,0.0,0.0,0.0,0.0,0.0,0.0,0.0,0.0,0.0,0.0,0.0,0.0,0.0,0.0,0.0,0.0,0.0,0.0,0.0,0.0,0.0,0.0,0.0,0.0,0.0,0.0,0.0,0.0,0.0,0.0,0.0,0.0027617645491271,0.2347499866758117,0.1034854823529411,10
2024-07-09,0.0305463736263736,0.131107189172206,91,-0.345592,0.451313,0.1119711758241758,10.189377,0.0405643186813186,0.1837821251248263,11,91,neutral,0.0038589148028442,0.1239212048900496,0.0034203133721096,0.0112914616938273,0.1195132451647517,71.33333333333333,0.1412581141292144,0.0115457150897882,0.0165902423151965,0.1171209304744569,67.42857142857143,0.1303488749724116,0.0349025692785475,0.0164533758683676,0.1157449986350675,75.28571428571429,0.1268292694141454,-0.0221648851971557,0.0124562343390102,0.1242623966929263,71.06666666666666,0.121641643303308,0.123492833085833,50.0,0.0034628722943722,-0.0251682767854924,0.2517415232629221,-0.2288923352305603,0.1445965623164518,-0.0461879913891062,0.0,0.0,0.0,0.0,0.0,0.0,0.0,0.0,0.0,0.0,0.0,0.0,0.0,0.0,0.0,0.0,0.0,0.0,0.0,0.0,0.0,0.0,0.0,0.0,0.0,0.0,0.0,0.0,0.0,0.0,0.0,0.0,0.0,0.0,0.0,0.0,0.0,0.0,0.0,0.0,0.0,0.0,0.0,0.0,0.0,0.0034203133721096,0.311248516861978,0.1119711758241758,11
2024-07-10,-0.0051732474226804,0.1255889529142783,97,-0.500406,0.338879,0.1461788659793814,14.17935,-0.0125846907216494,0.1544755039774619,11,97,neutral,-0.035719621049054,0.120637765784101,-0.0007562194416781,0.0173535283424075,0.1188761188179189,91.0,0.1205451747188328,0.0181861999457406,0.0110896590486653,0.120867659244983,70.0,0.1333202138736252,-0.0385040828657183,0.0141852760524618,0.1158681108576056,75.07142857142857,0.1278565155555298,-0.0317533974226804,0.0131332521189848,0.1236453224782543,71.86666666666666,0.12316893700947,0.0203105333992373,50.0,0.0019496260245901,-0.0180573180322245,0.2493280749710021,-0.2281708153846121,-1.169357171033024,-0.0395785358518982,0.0,0.0,0.0,0.0,0.0,0.0,0.0,0.0,0.0,0.0,0.0,0.0,0.0,0.0,0.0,0.0,0.0,0.0,0.0,0.0,0.0,0.0,0.0,0.0,0.0,0.0,0.0,0.0,0.0,0.0,0.0,0.0,0.0,0.0,0.0,0.0,0.0,0.0,0.0,0.0,0.0,0.0,0.0,0.0,0.0,-0.0007562194416781,-0.0733532858427835,0.1461788659793814,11
2024-07-11,-0.0055926029411764,0.1060908534471209,68,-0.31048,0.244443,0.1169800294117647,7.954642,-0.0280758088235294,0.1343296566545639,11,68,neutral,-0.000419355518496,0.1180439083711308,-0.0006542228565471,0.0065935077541722,0.1209289985112018,85.33333333333333,0.125043357071774,-0.0322800617647058,0.0062165662177829,0.121612261544521,70.57142857142857,0.1327648386110202,-0.0341116498161764,0.0120831513525819,0.115295332979458,73.42857142857143,0.1272025773110012,-0.0294297457983193,0.0126159782330668,0.1233460514514477,71.2,0.1234179546565288,-0.0155182165775401,50.0,0.0222670256410256,-0.0148967378592726,0.2450386963918493,-0.2235352523079102,0.0810623355568747,0.0353002655305579,0.0,0.0,0.0,0.0,0.0,0.0,0.0,0.0,0.0,0.0,0.0,0.0,0.0,0.0,0.0,0.0,0.0,0.0,0.0,0.0,0.0,0.0,0.0,0.0,0.0,0.0,0.0,0.0,0.0,0.0,0.0,0.0,0.0,0.0,0.0,0.0,0.0,0.0,0.0,0.0,0.0,0.0,0.0,0.0,0.0,-0.0006542228565471,-0.0444871542452058,0.1169800294117647,11
2024-07-12,0.0172868076923076,0.1511847861702762,78,-0.337814,0.651234,0.1221777307692307,9.529863,0.0072127179487179,0.1508857092984317,10,78,neutral,0.0228794106334841,0.1227807992142308,0.0021120629360902,0.0021736524428169,0.1276215308438918,81.0,0.1284455420534589,-0.0132595659340659,0.0084851429923597,0.1229234955054146,71.14285714285714,0.1337414275626091,0.0158800374220374,0.013210436796646,0.1176479962602604,70.28571428571429,0.1260221950825739,0.0157819962168978,0.0123644521646907,0.1237159172353905,71.2,0.1234971679043921,-0.007545782051282,50.0,-0.0050130115546218,-0.0158720437425558,0.2466236064268106,-0.2205016113608748,-4.0910128743506355,0.0232987661519802,0.0,0.0,0.0,0.0,0.0,0.0,0.0,0.0,0.0,0.0,0.0,0.0,0.0,0.0,0.0,0.0,0.0,0.0,0.0,0.0,0.0,0.0,0.0,0.0,0.0,0.0,0.0,0.0,0.0,0.0,0.0,0.0,0.0,0.0,0.0,0.0,0.0,0.0,0.0,0.0,0.0,0.0,0.0,0.0,0.0,0.0021120629360902,0.1647409090150385,0.1221777307692307,10
2024-07-13,0.0427978421052631,0.140506068980742,57,-0.318457,0.516866,0.1297445614035087,7.39544,0.0457027719298245,0.2099926230963685,11,57,neutral,0.0255110344129554,0.1308955701369247,0.0055527872529639,0.0181640156187981,0.1325939028660464,67.66666666666667,0.1229674405281681,0.0479710895279435,0.0118847406450279,0.1259871995723818,73.42857142857143,0.1341222185645041,0.0237971835686777,0.0143878980459231,0.1201296029751007,70.64285714285714,0.1255040676004069,0.0164844574898785,0.0128810463964823,0.1235386481628599,70.9,0.1236407255067313,0.015497826953748,50.0,-0.0258202511797511,-0.0153064063166187,0.2512899517247213,-0.2209423438768307,1.4757516174780725,0.0026316237794713,0.0,0.0,0.0,0.0,0.0,0.0,0.0,0.0,0.0,0.0,0.0,0.0,0.0,0.0,0.0,0.0,0.0,0.0,0.0,0.0,0.0,0.0,0.0,0.0,0.0,0.0,0.0,0.0,0.0,0.0,0.0,0.0,0.0,0.0,0.0,0.0,0.0,0.0,0.0,0.0,0.0,0.0,0.0,0.0,0.0,0.0055527872529639,0.3165088734189474,0.1297445614035087,11
2024-07-14,-0.0474899333333333,0.1409447924048137,75,-0.486171,0.230738,0.12924428,9.693321,-0.0694287333333333,0.1678682716707917,12,75,neutral,-0.0902877754385965,0.1328630907834462,-0.0061378022409146,0.0041982388214125,0.1442118825186107,70.0,0.1270555240575798,-0.0418973303921568,0.0084375283643262,0.1279078367795299,78.71428571428571,0.1228260179630003,-0.0241304859649122,0.0081868649927018,0.1229346298858619,72.35714285714286,0.1260858747152528,-0.086814462745098,0.0111829007020379,0.1228528528106127,71.26666666666667,0.1236978108817313,-0.0509443708333333,50.0,0.0195517167789344,-0.0027464184806067,0.2534903421762673,-0.2250016034681616,-2.1096338272506774,-0.1157988098515519,0.0,0.0,0.0,0.0,0.0,0.0,0.0,0.0,0.0,0.0,0.0,0.0,0.0,0.0,0.0,0.0,0.0,0.0,0.0,0.0,0.0,0.0,0.0,0.0,0.0,0.0,0.0,0.0,0.0,0.0,0.0,0.0,0.0,0.0,0.0,0.0,0.0,0.0,0.0,0.0,0.0,0.0,0.0,0.0,0.0,-0.0061378022409146,-0.4603351680686,0.12924428,12
2024-07-15,0.006366014084507,0.1067175526440162,71,-0.263308,0.277562,0.1198214507042253,8.507323,-0.013953028169014,0.1335111621653487,10,71,neutral,0.0538559474178403,0.1290888107293938,0.0007627850428091,0.0005579742854789,0.1293894713431907,67.66666666666667,0.1262700973692447,-0.0109207936078006,0.0055344648301801,0.1288771708190648,76.71428571428571,0.1251597277274695,-0.0203214447390223,0.0085693129099349,0.1227300711228208,72.14285714285714,0.1278817833562882,0.0053542708412637,0.0097757541629744,0.1223540905785006,72.33333333333333,0.1234260335975131,-0.0422143961719032,50.0,-0.0014435021097046,-0.0032865255054145,0.251073405862321,-0.2272191916281175,-1.1340497582892737,0.1441437228564369,0.0,0.0,0.0,0.0,0.0,0.0,0.0,0.0,0.0,0.0,0.0,0.0,0.0,0.0,0.0,0.0,0.0,0.0,0.0,0.0,0.0,0.0,0.0,0.0,0.0,0.0,0.0,0.0,0.0,0.0,0.0,0.0,0.0,0.0,0.0,0.0,0.0,0.0,0.0,0.0,0.0,0.0,0.0,0.0,0.0,0.0007627850428091,0.0541577380394506,0.1198214507042253,10
2024-07-16,0.0106558117647058,0.1205048948348349,85,-0.506358,0.300955,0.1117290470588235,9.496969,0.0001832470588235,0.1476057255045882,12,85,neutral,0.0042897976801988,0.1319716190069366,0.0011905636941087,-0.0101560358280401,0.1227224132945549,77.0,0.1202649259210163,-0.0321420303405572,0.002692955992799,0.1273625573422974,75.85714285714286,0.1251251379038478,-0.0198905618616677,0.0096415991539977,0.1222417439083771,71.64285714285714,0.1277370064381297,0.0150120074168797,0.0089872306265599,0.1223571572336056,73.3,0.1231835702851882,-0.0236557060924369,50.0,-0.0167730098379629,-0.0003962326888364,0.2499411402541653,-0.2276793598434912,0.6738592820017342,-0.0495661497376415,0.0,0.0,0.0,0.0,0.0,0.0,0.0,0.0,0.0,0.0,0.0,0.0,0.0,0.0,0.0,0.0,0.0,0.0,0.0,0.0,0.0,0.0,0.0,0.0,0.0,0.0,0.0,0.0,0.0,0.0,0.0,0.0,0.0,0.0,0.0,0.0,0.0,0.0,0.0,0.0,0.0,0.0,0.0,0.0,0.0,0.0011905636941087,0.101197913999247,0.1117290470588235,12
2024-07-17,0.019942,0.1316129793143518,62,-0.354036,0.3723,0.1003694999999999,6.222909,0.0328376774193548,0.1966245045717622,8,62,neutral,0.0092861882352941,0.1280572576357517,0.002001568569,0.0123212752830709,0.1196118089310676,72.66666666666667,0.1106399992543496,0.0674319333333333,0.0062808484817534,0.128223132542308,70.85714285714286,0.1185809427639361,0.0251152474226804,0.0086852537652093,0.1245453958936455,70.42857142857143,0.1259505783187807,-0.0133888354430379,0.0104789142244435,0.122149558208169,73.26666666666667,0.1229932917137596,0.0447505079365079,50.0,-0.0104612181869369,-0.0013644169033394,0.2514967066686246,-0.2296244405436648,0.8714669928809906,0.0049963905550952,0.0,0.0,0.0,0.0,0.0,0.0,0.0,0.0,0.0,0.0,0.0,0.0,0.0,0.0,0.0,0.0,0.0,0.0,0.0,0.0,0.0,0.0,0.0,0.0,0.0,0.0,0.0,0.0,0.0,0.0,0.0,0.0,0.0,0.0,0.0,0.0,0.0,0.0,0.0,0.0,0.0,0.0,0.0,0.0,0.0,0.002001568569,0.1240972512779999,0.1003694999999999,8
2024-07-18,-0.0108164,0.1847021458681517,5,-0.307907,0.201421,0.12877,0.64385,0.0780494,0.0990573974562223,2,5,neutral,-0.0307584,0.1368964730132336,-0.001392827828,0.0065938039215686,0.1456066733391128,50.666666666666664,0.1136228490196078,-0.017182414084507,0.0055345917590643,0.1394533171738838,61.857142857142854,0.1202652242765412,-0.0052237970588235,0.0058755789884236,0.1305327893592024,66.21428571428571,0.1265150314437807,-0.039335446875,0.0096118501868848,0.1241530994750583,71.06666666666666,0.1233796823240883,-0.0260119211267605,50.0,-0.0478993606642449,-0.0070713316765191,0.257526110657765,-0.2368859656803462,-1.5423929395246216,-0.0400445882352941,0.0,0.0,0.0,0.0,0.0,0.0,0.0,0.0,0.0,0.0,0.0,0.0,0.0,0.0,0.0,0.0,0.0,0.0,0.0,0.0,0.0,0.0,0.0,0.0,0.0,0.0,0.0,0.0,0.0,0.0,0.0,0.0,0.0,0.0,0.0,0.0,0.0,0.0,0.0,0.0,0.0,0.0,0.0,0.0,0.0,-0.001392827828,-0.00696413914,0.12877,2
2024-07-19,-0.0121029999999999,0.1788745056513085,8,-0.328443,0.203584,0.111518625,0.892149,0.098662,0.2348930201596341,4,8,neutral,-0.0012865999999999,0.1444824156625326,-0.0013497099183749,-0.0009924666666666,0.1650632102779373,25.0,0.1135527083333333,-0.0227588117647058,0.0013360478030203,0.1434089913854598,51.857142857142854,0.1187424948809368,-0.0293898076923076,0.00491059539769,0.1331662434454372,61.5,0.1262419612217729,-0.0135097702702702,0.0081455057424403,0.1263298941565769,69.33333333333333,0.1237610670463105,-0.0439903333333333,50.0,0.0239011616541353,-0.0046322721621252,0.2629163844948288,-0.2461178779789485,0.1189490033652593,0.0294718,0.0,0.0,0.0,0.0,0.0,0.0,0.0,0.0,0.0,0.0,0.0,0.0,0.0,0.0,0.0,0.0,0.0,0.0,0.0,0.0,0.0,0.0,0.0,0.0,0.0,0.0,0.0,0.0,0.0,0.0,0.0,0.0,0.0,0.0,0.0,0.0,0.0,0.0,0.0,0.0,0.0,0.0,0.0,0.0,0.0,-0.0013497099183749,-0.0107976793469999,0.111518625,4
2024-07-20,0.262941,0.0,1,0.262941,0.262941,0.080728,0.080728,0.124354,0.0,1,1,bullish,0.2750439999999999,0.1539236314171617,0.0212267010479999,0.0800071999999999,0.1817883257597301,4.666666666666667,0.1070055416666666,0.2429989999999999,0.0327850703594113,0.1438928117862461,43.857142857142854,0.1117401289661498,0.2201431578947368,0.0223349055022196,0.134251328286473,58.642857142857146,0.122931173765327,0.2439403414634146,0.0165186711745391,0.1258149321066788,66.66666666666667,0.1225734715730595,0.2511949629629629,50.0,-0.0555887007590132,-0.0132829084287962,0.2767902764415341,-0.2376301228668302,-22.72527472527473,0.2763305999999999,0.0,0.0,0.0,0.0,0.0,0.0,0.0,0.0,0.0,0.0,0.0,0.0,0.0,0.0,0.0,0.0,0.0,0.0,0.0,0.0,0.0,0.0,0.0,0.0,0.0,0.0,0.0,0.0,0.0,0.0,0.0,0.0,0.0,0.0,0.0,0.0,0.0,0.0,0.0,0.0,0.0,0.0,0.0,0.0,0.0,0.0212267010479999,0.0212267010479999,0.080728,1
2024-07-21,0.042257,0.0,1,0.042257,0.042257,0.041682,0.041682,0.183256,0.0,1,1,neutral,-0.220684,0.1650632102779373,0.001761356274,0.0976983333333333,0.1788745056513085,3.3333333333333335,0.0779762083333333,0.0530734,0.0456060608356018,0.1444824156625326,33.285714285714285,0.0992312318232927,0.0897469333333333,0.027021794599964,0.1348139113141144,56.0,0.1110286248931465,0.065616447368421,0.0182290527717613,0.1249256239059747,63.5,0.1201942656702817,0.0513114479166666,50.0,0.0221648851971557,-0.0102631421230431,0.280966286446094,-0.2376816071957145,-0.8392909435957115,-0.4957279999999999,0.0,0.0,0.0,0.0,0.0,0.0,0.0,0.0,0.0,0.0,0.0,0.0,0.0,0.0,0.0,0.0,0.0,0.0,0.0,0.0,0.0,0.0,0.0,0.0,0.0,0.0,0.0,0.0,0.0,0.0,0.0,0.0,0.0,0.0,0.0,0.0,0.0,0.0,0.0,0.0,0.0,0.0,0.0,0.0,0.0,0.001761356274,0.001761356274,0.041682,1
2024-07-22,-0.032382625,0.171729358649789,8,-0.309024,0.1768,0.077922375,0.623379,0.096724375,0.2128565148155224,2,8,neutral,-0.074639625,0.178435336723083,-0.0025233310487343,0.0909384583333333,0.171729358649789,3.3333333333333335,0.0667774583333333,-0.020279625,0.0400705409663865,0.1574847768636871,24.285714285714285,0.0932456495798319,-0.038748639084507,0.0228025028982833,0.1407970066709908,50.5,0.1092026886536507,-0.0590700838235294,0.01811292200935,0.1254006566888012,62.2,0.1184033682412037,-0.0034839228723404,50.0,0.0317533974226804,-0.0038660700561063,0.2844969519578964,-0.2440149156422995,-1.766325697517571,0.146044375,0.0,0.0,0.0,0.0,0.0,0.0,0.0,0.0,0.0,0.0,0.0,0.0,0.0,0.0,0.0,0.0,0.0,0.0,0.0,0.0,0.0,0.0,0.0,0.0,0.0,0.0,0.0,0.0,0.0,0.0,0.0,0.0,0.0,0.0,0.0,0.0,0.0,0.0,0.0,0.0,0.0,0.0,0.0,0.0,0.0,-0.0025233310487343,-0.020186648389875,0.077922375,2
2024-07-23,-0.0194095714285714,0.0901933606404542,7,-0.169826,0.100196,0.1098354285714285,0.768848,0.0723897142857143,0.1608286875547128,2,7,neutral,0.0129730535714285,0.1469324083138506,-0.0021318585962448,-0.0031783988095238,0.1309613596451216,5.333333333333333,0.0764799345238095,-0.2823505714285714,0.0357754862244897,0.151422470024811,13.142857142857142,0.0929751326530612,-0.0300653831932773,0.0192342211086444,0.1373875209600114,44.5,0.1090501352784545,-0.049955945054945,0.0174478791522071,0.1245157524291243,60.8,0.1186103920507275,-0.0199512857142857,50.0,0.0294297457983193,-0.0027685112761746,0.2808412104054115,-0.2456332147769755,-0.4006177254446967,0.0876126785714285,0.0,0.0,0.0,0.0,0.0,0.0,0.0,0.0,0.0,0.0,0.0,0.0,0.0,0.0,0.0,0.0,0.0,0.0,0.0,0.0,0.0,0.0,0.0,0.0,0.0,0.0,0.0,0.0,0.0,0.0,0.0,0.0,0.0,0.0,0.0,0.0,0.0,0.0,0.0,0.0,0.0,0.0,0.0,0.0,0.0,-0.0021318585962448,-0.0149230101737142,0.1098354285714285,2
2024-07-24,-0.160125,0.2386397117301868,4,-0.411608,0.082772,0.088084,0.352336,0.04269475,0.170734649149638,4,4,bearish,-0.1407154285714285,0.1668541436734767,-0.0141044504999999,-0.0706390654761904,0.1668541436734767,6.333333333333333,0.0919472678571428,-0.202382,0.0100516290816326,0.172827816507978,4.857142857142857,0.0912200612244897,-0.1800669999999999,0.008166238781693,0.1468084175280038,37.857142857142854,0.1049005019942129,-0.1549517525773195,0.0130737538833899,0.1291226513412585,58.86666666666667,0.1176384280722328,-0.1312237580645161,50.0,-0.0157819962168978,-0.004361677288085,0.286715794103865,-0.270372203162929,7.249795756143877,-0.1536884821428571,0.0,0.0,0.0,0.0,0.0,0.0,0.0,0.0,0.0,0.0,0.0,0.0,0.0,0.0,0.0,0.0,0.0,0.0,0.0,0.0,0.0,0.0,0.0,0.0,0.0,0.0,0.0,0.0,0.0,0.0,0.0,0.0,0.0,0.0,0.0,0.0,0.0,0.0,0.0,0.0,0.0,0.0,0.0,0.0,0.0,-0.0141044504999999,-0.0564178019999999,0.088084,4
2024-07-25,0.0302251666666666,0.2042008151143542,6,-0.318506,0.217561,0.1191205,0.714723,0.1759155,0.2322678387274054,3,6,neutral,0.1903501666666666,0.176190811533696,0.0036004369659166,-0.0497698015873015,0.1776779624949984,5.666666666666667,0.1056799761904762,0.0626077916666666,0.0159147100340136,0.1767275503572185,5.0,0.0898415612244898,0.0410415666666666,0.0107246508965389,0.1549842476669399,33.42857142857143,0.1050533927505154,0.0358177696078431,0.0123242174781611,0.1325685985448437,56.233333333333334,0.1169838721898799,-0.0224860921568627,50.0,-0.0164844574898785,-0.0043296159160756,0.2950672324426107,-0.2758418018620351,-1.188759823054905,0.3310655952380952,0.0,0.0,0.0,0.0,0.0,0.0,0.0,0.0,0.0,0.0,0.0,0.0,0.0,0.0,0.0,0.0,0.0,0.0,0.0,0.0,0.0,0.0,0.0,0.0,0.0,0.0,0.0,0.0,0.0,0.0,0.0,0.0,0.0,0.0,0.0,0.0,0.0,0.0,0.0,0.0,0.0,0.0,0.0,0.0,0.0,0.0036004369659166,0.0216026217955,0.1191205,3
2024-07-26,0.0530531666666666,0.2760710088353478,6,-0.356683,0.355845,0.1411878333333333,0.847127,0.1181281666666666,0.2470478370910514,1,6,neutral,0.0228279999999999,0.1961668509940264,0.0074904616531388,-0.0256155555555555,0.239637178559963,5.333333333333333,0.1161307777777777,0.0724627380952381,0.0252227338435374,0.1961668509940264,4.714285714285714,0.0940800195578231,0.0651561666666666,0.0132793908232789,0.1653914328890292,28.285714285714285,0.1064112572193799,0.0357663589743589,0.01320665136705,0.1380045137961509,53.1,0.1172968859676577,0.0264730166666666,50.0,0.086814462745098,0.0064787930763727,0.3142155098850454,-0.2915848284914616,0.7552646525246618,-0.1675221666666666,0.0,0.0,0.0,0.0,0.0,0.0,0.0,0.0,0.0,0.0,0.0,0.0,0.0,0.0,0.0,0.0,0.0,0.0,0.0,0.0,0.0,0.0,0.0,0.0,0.0,0.0,0.0,0.0,0.0,0.0,0.0,0.0,0.0,0.0,0.0,0.0,0.0,0.0,0.0,0.0,0.0,0.0,0.0,0.0,0.0,0.0074904616531388,0.0449427699188333,0.1411878333333333,1
2024-07-27,-0.278442,0.0,1,-0.278442,-0.278442,0.132368,0.132368,-0.007376,0.0,1,1,bearish,-0.3314951666666667,0.2022762240800857,-0.036856810656,-0.0650545555555555,0.2401359119748511,4.333333333333333,0.1308921111111111,-0.118317,-0.0521176947278911,0.1961668509940264,4.714285714285714,0.1014571624149659,-0.541383,-0.0096663121842398,0.1676537386988735,24.285714285714285,0.1065986456905579,-0.3212398421052632,0.0031306799384786,0.1388895052796681,50.1,0.1175046471398189,-0.3022791428571428,50.0,-0.0053542708412637,0.0112060252789261,0.304279000211037,-0.3071565740806111,-6.2483577794602265,-0.3543231666666667,0.0,0.0,0.0,0.0,0.0,0.0,0.0,0.0,0.0,0.0,0.0,0.0,0.0,0.0,0.0,0.0,0.0,0.0,0.0,0.0,0.0,0.0,0.0,0.0,0.0,0.0,0.0,0.0,0.0,0.0,0.0,0.0,0.0,0.0,0.0,0.0,0.0,0.0,0.0,0.0,0.0,0.0,0.0,0.0,0.0,-0.036856810656,-0.036856810656,0.132368,1
2024-07-28,0.096014,0.0,1,0.096014,0.096014,0.097457,0.097457,0.277373,0.0,1,1,neutral,0.374456,0.2396371785599629,0.009357236398,-0.0431249444444444,0.2760710088353478,2.6666666666666665,0.1236709444444444,0.0657888333333333,-0.0444381232993197,0.1961668509940264,4.714285714285714,0.1094250195578231,0.053757,0.000583968768141,0.1703246333282795,19.0,0.1043281256905579,0.1435039333333333,0.0062809862226316,0.1396834285504614,46.06666666666667,0.1161297777409118,0.0945091885245901,50.0,-0.0150120074168798,0.0068823398265911,0.3143611621705655,-0.3103060819224926,-1.3448258524216892,0.7059511666666667,0.0,0.0,0.0,0.0,0.0,0.0,0.0,0.0,0.0,0.0,0.0,0.0,0.0,0.0,0.0,0.0,0.0,0.0,0.0,0.0,0.0,0.0,0.0,0.0,0.0,0.0,0.0,0.0,0.0,0.0,0.0,0.0,0.0,0.0,0.0,0.0,0.0,0.0,0.0,0.0,0.0,0.0,0.0,0.0,0.0,0.009357236398,0.009357236398,0.097457,1
2024-07-29,0.1344931666666666,0.2000143126712852,6,-0.105895,0.499536,0.0619763333333333,0.371858,0.1821026666666666,0.1567074321972849,4,6,neutral,0.0384791666666666,0.2267620455403291,0.0083353933283888,-0.0159782777777777,0.2000143126712852,2.6666666666666665,0.0972671111111111,0.0814399999999999,-0.0205987244897959,0.2018238417983256,4.428571428571429,0.1071470136054421,0.1668757916666666,0.0097359082382953,0.1796543093310064,14.357142857142858,0.100196331592637,0.1281271525821596,0.0098869789576743,0.1433084569234732,44.53333333333333,0.113629043980228,0.108179782051282,50.0,0.0133888354430379,0.0145465105157079,0.328171892259965,-0.3137221327078628,0.4007662077058207,-0.3359768333333333,0.0,0.0,0.0,0.0,0.0,0.0,0.0,0.0,0.0,0.0,0.0,0.0,0.0,0.0,0.0,0.0,0.0,0.0,0.0,0.0,0.0,0.0,0.0,0.0,0.0,0.0,0.0,0.0,0.0,0.0,0.0,0.0,0.0,0.0,0.0,0.0,0.0,0.0,0.0,0.0,0.0,0.0,0.0,0.0,0.0,0.0083353933283888,0.0500123599703333,0.0619763333333333,4
2024-07-30,0.1025166666666666,0.1816023607564982,3,-0.106787,0.218277,0.133272,0.399816,0.2681026666666666,0.2447196189955626,1,3,neutral,-0.0319765,0.2192292274210437,0.0136626011999999,0.1110079444444444,0.1908083367138918,3.3333333333333335,0.0975684444444444,0.3809586666666666,-0.0031806904761904,0.2201056418215345,3.857142857142857,0.1104950952380952,0.121926238095238,0.0162973978741496,0.1857640559231727,8.5,0.1017351139455782,0.0918608549019607,0.0119933835328377,0.1463826086581787,42.93333333333333,0.1140348113004894,0.0631921372549019,50.0,0.039335446875,0.016454350702135,0.3405580639447099,-0.315339312983673,-0.2377555737032489,-0.0704556666666666,0.0,0.0,0.0,0.0,0.0,0.0,0.0,0.0,0.0,0.0,0.0,0.0,0.0,0.0,0.0,0.0,0.0,0.0,0.0,0.0,0.0,0.0,0.0,0.0,0.0,0.0,0.0,0.0,0.0,0.0,0.0,0.0,0.0,0.0,0.0,0.0,0.0,0.0,0.0,0.0,0.0,0.0,0.0,0.0,0.0,0.0136626011999999,0.0409878036,0.133272,1
2024-07-31,-0.0141576,0.1971319435106852,5,-0.366516,0.082712,0.0422084,0.211042,0.189071,0.1558140354765898,2,5,neutral,-0.1166742666666666,0.1929162056461562,-0.00059756964384,0.0742840777777777,0.1929162056461563,4.666666666666667,0.0791522444444444,-0.1101716,0.0176717952380952,0.2118040881776341,4.0,0.1039414380952381,0.1459674,0.0138617121598639,0.1923159523428061,4.428571428571429,0.0975807496598639,-0.0340996,0.011487738758063,0.1497499382037207,40.63333333333333,0.1122858003094984,-0.0151693432432432,50.0,0.0135097702702702,0.0144272810185339,0.3515099503497143,-0.3271476990945597,-1.138100471468054,-0.0846977666666666,0.0,0.0,0.0,0.0,0.0,0.0,0.0,0.0,0.0,0.0,0.0,0.0,0.0,0.0,0.0,0.0,0.0,0.0,0.0,0.0,0.0,0.0,0.0,0.0,0.0,0.0,0.0,0.0,0.0,0.0,0.0,0.0,0.0,0.0,0.0,0.0,0.0,0.0,0.0,0.0,0.0,0.0,0.0,0.0,0.0,-0.00059756964384,-0.0029878482192,0.0422084,2
2024-08-01,0.032884875,0.1210403218311243,8,-0.118264,0.204432,0.0859939999999999,0.6879519999999999,0.1337786249999999,0.1448346038042187,3,8,neutral,0.047042475,0.1749472346923982,0.0028279019407499,0.0404146472222222,0.1665915420327693,5.333333333333333,0.0871581333333333,-0.1016082916666666,0.0180517535714285,0.1951719895209882,4.285714285714286,0.0992090809523809,0.0026597083333333,0.016983231802721,0.1859497699391033,4.642857142857143,0.0945253210884353,0.043701275,0.0127291077798021,0.1495075861265699,37.833333333333336,0.1113604028457303,0.0372410706521739,50.0,-0.2439403414634146,-0.0159471731216587,0.3485217956727049,-0.3225997376867811,-3.322771868113239,0.1637167416666666,0.0,0.0,0.0,0.0,0.0,0.0,0.0,0.0,0.0,0.0,0.0,0.0,0.0,0.0,0.0,0.0,0.0,0.0,0.0,0.0,0.0,0.0,0.0,0.0,0.0,0.0,0.0,0.0,0.0,0.0,0.0,0.0,0.0,0.0,0.0,0.0,0.0,0.0,0.0,0.0,0.0,0.0,0.0,0.0,0.0,0.0028279019407499,0.0226232155259999,0.0859939999999999,3
2024-08-02,-0.094679,0.2312649078256362,6,-0.370207,0.188708,0.0838513333333333,0.503108,-0.0266303333333333,0.1491815623495969,5,6,neutral,-0.127563875,0.1862107693190458,-0.0079389603886666,-0.0253172416666666,0.1831457243891486,6.333333333333333,0.0706845777777778,-0.1971956666666666,-0.0030528416666666,0.1862107693190458,4.285714285714286,0.0910181523809523,-0.1477321666666666,0.0110849460884353,0.1911888101565361,4.5,0.0925490859693877,-0.082576,0.0084621132650342,0.1545807805998407,35.4,0.1099761308344786,-0.1280098354430379,50.0,-0.065616447368421,-0.0214843343607168,0.3529928084230535,-0.340818434647656,-3.8791047556057303,-0.17460635,0.0,0.0,0.0,0.0,0.0,0.0,0.0,0.0,0.0,0.0,0.0,0.0,0.0,0.0,0.0,0.0,0.0,0.0,0.0,0.0,0.0,0.0,0.0,0.0,0.0,0.0,0.0,0.0,0.0,0.0,0.0,0.0,0.0,0.0,0.0,0.0,0.0,0.0,0.0,0.0,0.0,0.0,0.0,0.0,0.0,-0.0079389603886666,-0.047633762332,0.0838513333333333,5
2024-08-03,0.175433,0.0,1,0.175433,0.175433,0.129516,0.129516,0.289416,0.0,1,1,bullish,0.270112,0.1827598834809859,0.022721380428,0.037879625,0.1761526148283803,5.0,0.0997871111111111,0.1895906,0.061786444047619,0.1862107693190458,4.285714285714286,0.0906107238095238,0.453875,0.0048343746598639,0.1911888101565361,4.5,0.0960339431122448,-0.0875079999999999,0.0133592450358675,0.1567288663298201,33.3,0.1102644089594786,0.146913953125,50.0,0.0590700838235294,-0.0130893853258937,0.368473357538102,-0.3340066904293712,-2.8529240908754847,0.397675875,0.0,0.0,0.0,0.0,0.0,0.0,0.0,0.0,0.0,0.0,0.0,0.0,0.0,0.0,0.0,0.0,0.0,0.0,0.0,0.0,0.0,0.0,0.0,0.0,0.0,0.0,0.0,0.0,0.0,0.0,0.0,0.0,0.0,0.0,0.0,0.0,0.0,0.0,0.0,0.0,0.0,0.0,0.0,0.0,0.0,0.022721380428,0.022721380428,0.129516,1
2024-08-04,-0.116877,0.0,1,-0.116877,-0.116877,0.055621,0.055621,-0.163938,0.0,1,1,neutral,-0.29231,0.1831457243891485,-0.006500815617,-0.0120409999999999,0.2312649078256362,2.6666666666666665,0.0896627777777778,-0.149761875,0.031373444047619,0.1862107693190458,4.285714285714286,0.0846341523809523,-0.212891,-0.0065323396258503,0.1911888101565361,4.5,0.0970295859693877,-0.159134,0.0094164526935252,0.1573423129083951,30.866666666666667,0.1082737220225416,-0.1182837702702702,50.0,0.049955945054945,-0.0171847761803551,0.3721544153121413,-0.3500120496118611,-1.6662201524228624,-0.562422,0.0,0.0,0.0,0.0,0.0,0.0,0.0,0.0,0.0,0.0,0.0,0.0,0.0,0.0,0.0,0.0,0.0,0.0,0.0,0.0,0.0,0.0,0.0,0.0,0.0,0.0,0.0,0.0,0.0,0.0,0.0,0.0,0.0,0.0,0.0,0.0,0.0,0.0,0.0,0.0,0.0,0.0,0.0,0.0,0.0,-0.006500815617,-0.006500815617,0.055621,1
2024-08-05,-0.0358773749999999,0.2203893564132983,8,-0.382254,0.246332,0.107281375,0.858251,0.073545875,0.2061854920346084,3,8,neutral,0.0809996249999999,0.1908981953566862,-0.0038489741213906,0.0075595416666666,0.2203893564132983,3.3333333333333335,0.0974727916666666,0.058801625,0.0070347952380952,0.1902857780674484,4.571428571428571,0.0911063011904761,-0.1703705416666666,-0.0067819646258503,0.1960548099328871,4.5,0.0991266573979591,-0.0034947499999999,0.0075871849089723,0.1615643635709504,29.766666666666666,0.1076138003762002,-0.0548780335365853,50.0,0.1549517525773195,0.0006270041994874,0.3840969647708293,-0.3666079177470198,-0.6930330603968274,0.373309625,0.0,0.0,0.0,0.0,0.0,0.0,0.0,0.0,0.0,0.0,0.0,0.0,0.0,0.0,0.0,0.0,0.0,0.0,0.0,0.0,0.0,0.0,0.0,0.0,0.0,0.0,0.0,0.0,0.0,0.0,0.0,0.0,0.0,0.0,0.0,0.0,0.0,0.0,0.0,0.0,0.0,0.0,0.0,0.0,0.0,-0.0038489741213906,-0.0307917929711249,0.107281375,3
2024-08-06,-0.0047238888888888,0.1874828314122685,9,-0.395664,0.234516,0.1460435555555555,1.314392,0.0925699999999999,0.203155722205898,4,9,neutral,0.0311534861111111,0.213045698550401,-0.0006898935293827,-0.0524927546296296,0.2039360939127835,6.0,0.1029819768518518,-0.1801568888888889,-0.0082852841269841,0.1914618721986025,5.428571428571429,0.0929308091269841,-0.1072405555555555,-0.0057329873015873,0.2057837570100685,4.642857142857143,0.1017129521825397,0.0146856825396825,0.0082083701916234,0.1640636343816792,28.8,0.1055379960877011,0.0186355584795321,50.0,-0.0358177696078431,-0.001684747155064,0.3908450777689444,-0.3758226196340237,-0.8683323713373988,-0.0498461388888888,0.0,0.0,0.0,0.0,0.0,0.0,0.0,0.0,0.0,0.0,0.0,0.0,0.0,0.0,0.0,0.0,0.0,0.0,0.0,0.0,0.0,0.0,0.0,0.0,0.0,0.0,0.0,0.0,0.0,0.0,0.0,0.0,0.0,0.0,0.0,0.0,0.0,0.0,0.0,0.0,0.0,0.0,0.0,0.0,0.0,-0.0006898935293827,-0.0062090417644444,0.1460435555555555,4
2024-08-07,0.0268195,0.2494700314807371,4,-0.217997,0.328398,0.163567,0.654268,0.0082057499999999,0.177193574079075,2,4,neutral,0.0315433888888889,0.2191140731021013,0.0043867851565,-0.0045939212962962,0.2191140731021014,7.0,0.1389639768518518,0.1436965,-0.0024314126984127,0.2019294897926129,5.285714285714286,0.1102677519841269,0.0409771,0.0076201912698412,0.2068667889851235,4.642857142857143,0.1071045950396825,0.1869445,0.0082127715641724,0.1702943767614069,26.1,0.1075407133426031,0.0001320411764705,50.0,-0.0357663589743589,-0.0071464354236637,0.4019794278564566,-0.3831933797215359,-6.6774197342114565,0.0003899027777777,0.0,0.0,0.0,0.0,0.0,0.0,0.0,0.0,0.0,0.0,0.0,0.0,0.0,0.0,0.0,0.0,0.0,0.0,0.0,0.0,0.0,0.0,0.0,0.0,0.0,0.0,0.0,0.0,0.0,0.0,0.0,0.0,0.0,0.0,0.0,0.0,0.0,0.0,0.0,0.0,0.0,0.0,0.0,0.0,0.0,0.0043867851565,0.017547140626,0.163567,2
2024-08-08,0.0353041999999999,0.1908247538803892,10,-0.401235,0.177343,0.1124210999999999,1.1242109999999998,0.0964138,0.2061257391204591,5,10,neutral,0.0084846999999999,0.2120417432966733,0.0039689369986199,0.0191332703703703,0.2092592055911316,7.666666666666667,0.1406772185185185,0.071181575,-0.0020857948412698,0.2158863762024659,5.571428571428571,0.1140430519841269,0.0024193249999999,0.0079829793650793,0.205529182861727,4.928571428571429,0.1066260664682539,0.0050790333333333,0.0083713657766266,0.1727826086242478,23.4,0.1075557108151306,0.0047578263736263,50.0,0.3212398421052632,0.0241762751574766,0.4060569661748966,-0.382530198039976,0.316363094017412,-0.0230586888888889,0.0,0.0,0.0,0.0,0.0,0.0,0.0,0.0,0.0,0.0,0.0,0.0,0.0,0.0,0.0,0.0,0.0,0.0,0.0,0.0,0.0,0.0,0.0,0.0,0.0,0.0,0.0,0.0,0.0,0.0,0.0,0.0,0.0,0.0,0.0,0.0,0.0,0.0,0.0,0.0,0.0,0.0,0.0,0.0,0.0,0.0039689369986199,0.0396893699861999,0.1124210999999999,5
2024-08-09,-0.1228366,0.1293484618126555,5,-0.220355,0.102652,0.0689684,0.344842,0.0998328,0.2276405841424151,2,5,neutral,-0.1581408,0.1955030869998697,-0.00847184376344,-0.0202376333333333,0.1898810823912606,6.333333333333333,0.1149855,-0.1181127111111111,-0.0061083091269841,0.1955030869998697,5.428571428571429,0.1119169186507936,-0.0281576,-0.0045805753968254,0.1908569281594578,4.857142857142857,0.101467535515873,-0.1758897666666666,0.0044492540240493,0.1729392548283469,20.333333333333332,0.1049820286158179,-0.1176633525773196,50.0,-0.1435039333333333,0.0067303080904095,0.377728308942755,-0.3927793008078344,-4.479376391477501,-0.1666254999999999,0.0,0.0,0.0,0.0,0.0,0.0,0.0,0.0,0.0,0.0,0.0,0.0,0.0,0.0,0.0,0.0,0.0,0.0,0.0,0.0,0.0,0.0,0.0,0.0,0.0,0.0,0.0,0.0,0.0,0.0,0.0,0.0,0.0,0.0,0.0,0.0,0.0,0.0,0.0,0.0,0.0,0.0,0.0,0.0,0.0,-0.00847184376344,-0.0423592188172,0.0689684,2
2024-08-10,-0.193085,0.0,1,-0.193085,-0.193085,0.114682,0.114682,-0.032077,0.0,1,1,bearish,-0.0702484,0.1892815196465126,-0.02214337397,-0.0935391333333333,0.1600866078465224,5.333333333333333,0.0986905,-0.2199045,-0.0587537376984127,0.1955030869998697,5.428571428571429,0.1097977757936507,-0.368518,0.0015163531746031,0.1908569281594578,4.857142857142857,0.1002042498015872,0.085357,-0.0018004925445781,0.1758457070623132,18.1,0.1049054276354257,-0.1874923970588235,50.0,-0.1281271525821596,0.0195984401883267,0.365961208942755,-0.4045464008078344,0.5718849268052031,0.0878924,0.0,0.0,0.0,0.0,0.0,0.0,0.0,0.0,0.0,0.0,0.0,0.0,0.0,0.0,0.0,0.0,0.0,0.0,0.0,0.0,0.0,0.0,0.0,0.0,0.0,0.0,0.0,0.0,0.0,0.0,0.0,0.0,0.0,0.0,0.0,0.0,0.0,0.0,0.0,0.0,0.0,0.0,0.0,0.0,0.0,-0.02214337397,-0.02214337397,0.114682,1
2024-08-12,-0.0748829999999999,0.2408898216994649,6,-0.48288,0.232494,0.1335598333333333,0.801359,-0.012112,0.0893553973299878,1,6,neutral,0.118202,0.2026332672183117,-0.0100013609995,-0.1302682,0.1851191417560603,4.0,0.1057367444444444,-0.1101871999999999,-0.0527545948412698,0.2030675427831356,6.142857142857143,0.1209318948412698,0.041994,-0.0106905753968254,0.1954053730267311,5.214285714285714,0.1027830236111111,-0.170897,-0.004872819467655,0.1797459259983649,15.7,0.1052848310542291,-0.0921698076923076,50.0,-0.0918608549019607,0.0166823949068223,0.3730575852660451,-0.4158928146311244,-0.6121759846699641,0.1884504,0.0,0.0,0.0,0.0,0.0,0.0,0.0,0.0,0.0,0.0,0.0,0.0,0.0,0.0,0.0,0.0,0.0,0.0,0.0,0.0,0.0,0.0,0.0,0.0,0.0,0.0,0.0,0.0,0.0,0.0,0.0,0.0,0.0,0.0,0.0,0.0,0.0,0.0,0.0,0.0,0.0,0.0,0.0,0.0,0.0,-0.0100013609995,-0.060008165997,0.1335598333333333,1
2024-08-13,0.0032497499999999,0.1660590507648308,4,-0.241011,0.13068,0.0721729999999999,0.2886919999999999,0.0674539999999999,0.1886384624566262,2,4,neutral,0.0781327499999999,0.1817805220393351,0.0002345442067499,-0.0882394166666666,0.2034744362321479,3.6666666666666665,0.1068049444444444,0.12608635,-0.0471650055555555,0.1940124918417244,5.571428571428571,0.1159164126984127,0.0391271249999999,-0.0200651051587301,0.1923185310352353,5.071428571428571,0.1035113569444444,-0.1312434166666666,-0.0061910892044971,0.1808569252063687,13.933333333333334,0.1033657790074455,-0.0395480921052631,50.0,0.0340996,0.0139078967042079,0.3843059766873906,-0.4248752739096128,-1.0433977004126436,-0.04006925,0.0,0.0,0.0,0.0,0.0,0.0,0.0,0.0,0.0,0.0,0.0,0.0,0.0,0.0,0.0,0.0,0.0,0.0,0.0,0.0,0.0,0.0,0.0,0.0,0.0,0.0,0.0,0.0,0.0,0.0,0.0,0.0,0.0,0.0,0.0,0.0,0.0,0.0,0.0,0.0,0.0,0.0,0.0,0.0,0.0,0.0002345442067499,0.0009381768269999,0.0721729999999999,2
2024-08-14,0.0276561666666666,0.1150364233630664,6,-0.118408,0.198558,0.1911811666666666,1.147087,0.1476416666666666,0.1608748653104849,3,6,neutral,0.0244064166666666,0.1628334394100044,0.0052873382088611,-0.0146590277777777,0.1739950986091208,5.333333333333333,0.1323046666666666,0.2207411666666666,-0.0425392833333333,0.1819380905001907,5.142857142857143,0.1223646428571428,0.0323800555555555,-0.0254122837301587,0.1862670821812869,5.285714285714286,0.1076477259920634,-0.0748605,-0.0036862192044971,0.1797304743784667,11.633333333333333,0.1054303418963344,0.0751461,50.0,-0.043701275,0.0035015389203252,0.3772145965717745,-0.39900577712733,7.5102443777726595,-0.0537263333333333,0.0,0.0,0.0,0.0,0.0,0.0,0.0,0.0,0.0,0.0,0.0,0.0,0.0,0.0,0.0,0.0,0.0,0.0,0.0,0.0,0.0,0.0,0.0,0.0,0.0,0.0,0.0,0.0,0.0,0.0,0.0,0.0,0.0,0.0,0.0,0.0,0.0,0.0,0.0,0.0,0.0,0.0,0.0,0.0,0.0,0.0052873382088611,0.0317240292531666,0.1911811666666666,3
2024-08-15,0.073489,0.1703971603323639,4,-0.181486,0.171006,0.11208425,0.448337,0.0946887499999999,0.1324505765946302,3,4,neutral,0.0458328333333333,0.1730956140399315,0.00823695944825,0.0347983055555555,0.1504975448200871,4.666666666666667,0.1251461388888889,0.148372,-0.0358722119047619,0.1687592786421284,5.142857142857143,0.1150099642857142,0.0466694999999999,-0.0191518123015873,0.1838366473468941,5.214285714285714,0.1126388581349206,0.0876466,-0.0014487863406473,0.1824991529736123,9.4,0.1051724352061935,0.0671229859154929,50.0,0.0825759999999999,-0.0045402113660436,0.3748706342675091,-0.3923354314897314,1.6572373852727242,0.0214264166666666,0.0,0.0,0.0,0.0,0.0,0.0,0.0,0.0,0.0,0.0,0.0,0.0,0.0,0.0,0.0,0.0,0.0,0.0,0.0,0.0,0.0,0.0,0.0,0.0,0.0,0.0,0.0,0.0,0.0,0.0,0.0,0.0,0.0,0.0,0.0,0.0,0.0,0.0,0.0,0.0,0.0,0.0,0.0,0.0,0.0,0.00823695944825,0.032947837793,0.11208425,3
2024-08-16,0.091686,0.299061075411863,5,-0.178028,0.483057,0.2257892,1.128946,0.0643778,0.1105118943630051,1,5,neutral,0.018197,0.1982887063143178,0.0207017085912,0.0642770555555555,0.1948315530357645,5.0,0.1763515388888889,0.08843625,-0.027817669047619,0.1867986655640408,4.428571428571429,0.1312054071428571,0.0563818,-0.0149517319444444,0.2000203522178703,5.0,0.122624229563492,0.058801125,0.0012522199338624,0.1902624651726135,6.733333333333333,0.1089744403042328,0.0810301882352941,50.0,0.0875079999999999,0.0091626519237167,0.3798676181443779,-0.3934691320332668,0.2476152893630339,-0.0276358333333333,0.0,0.0,0.0,0.0,0.0,0.0,0.0,0.0,0.0,0.0,0.0,0.0,0.0,0.0,0.0,0.0,0.0,0.0,0.0,0.0,0.0,0.0,0.0,0.0,0.0,0.0,0.0,0.0,0.0,0.0,0.0,0.0,0.0,0.0,0.0,0.0,0.0,0.0,0.0,0.0,0.0,0.0,0.0,0.0,0.0,0.0207017085912,0.103508542956,0.2257892,1
2024-08-17,0.0369606666666666,0.0368263989324687,3,0.006999,0.078074,0.0841933333333333,0.25258,0.1282233333333333,0.0911840838980868,1,3,neutral,-0.0547253333333333,0.1574760217609186,0.0031118417288888,0.0673785555555555,0.1687615448922319,4.0,0.1406889277777777,0.0093045,-0.0049894880952381,0.1713783217506763,4.142857142857143,0.1333803976190476,0.1597972666666666,-0.0055488986111111,0.1823441241366733,4.785714285714286,0.1226486581349206,0.1316396666666666,0.0018195088227513,0.186141309503836,4.766666666666667,0.1084352347486772,0.0170186666666666,50.0,0.159134,0.0308182473653121,0.3760742779012184,-0.3581355251234406,-0.5968777494201223,-0.0729223333333333,0.0,0.0,0.0,0.0,0.0,0.0,0.0,0.0,0.0,0.0,0.0,0.0,0.0,0.0,0.0,0.0,0.0,0.0,0.0,0.0,0.0,0.0,0.0,0.0,0.0,0.0,0.0,0.0,0.0,0.0,0.0,0.0,0.0,0.0,0.0,0.0,0.0,0.0,0.0,0.0,0.0,0.0,0.0,0.0,0.0,0.0031118417288888,0.0093355251866666,0.0841933333333333,1
2024-08-19,0.0068251428571428,0.145969766388373,7,-0.21867,0.152767,0.0968448571428571,0.677914,0.0668224285714285,0.139744323865476,3,7,neutral,-0.0301355238095238,0.153458164885627,0.0006609799849795,0.0451572698412698,0.1606190802442349,5.0,0.1356091301587302,-0.0666638571428571,0.0235691037414965,0.1677485281274901,5.0,0.1308322343537415,0.1999101428571428,-0.017592316978458,0.1793129276576483,5.214285714285714,0.1203150050736961,-0.1686078571428571,0.0024075602513227,0.1844572930047152,4.833333333333333,0.1073710633201058,0.0176415428571428,50.0,0.0034947499999999,-0.0044867628686059,0.3671933427655118,-0.3581734757020197,-0.8153403747097945,0.0245898095238095,0.0,0.0,0.0,0.0,0.0,0.0,0.0,0.0,0.0,0.0,0.0,0.0,0.0,0.0,0.0,0.0,0.0,0.0,0.0,0.0,0.0,0.0,0.0,0.0,0.0,0.0,0.0,0.0,0.0,0.0,0.0,0.0,0.0,0.0,0.0,0.0,0.0,0.0,0.0,0.0,0.0,0.0,0.0,0.0,0.0,0.0006609799849795,0.0046268598948571,0.0968448571428571,3
2024-08-20,-0.0052513333333333,0.1556157561313549,3,-0.184804,0.090599,0.1012,0.3036,0.253827,0.2135794744164335,1,3,neutral,-0.0120764761904761,0.1615740314392847,-0.0005314349333333,0.0128448253968254,0.1128039738173989,4.333333333333333,0.0940793968253968,-0.0969373333333333,0.0335164846938775,0.1555665187606172,4.571428571428571,0.1262094010204081,0.0696316666666666,-0.0096190550736961,0.1774900683094719,5.357142857142857,0.123570647930839,0.1116256666666666,0.0026359491402116,0.1834460430255868,4.666666666666667,0.1070271091534391,0.0068516666666666,50.0,-0.0146856825396825,0.0098263761084663,0.3549827581725788,-0.3599373411090868,-1.7694100245590532,0.0180590476190476,0.0,0.0,0.0,0.0,0.0,0.0,0.0,0.0,0.0,0.0,0.0,0.0,0.0,0.0,0.0,0.0,0.0,0.0,0.0,0.0,0.0,0.0,0.0,0.0,0.0,0.0,0.0,0.0,0.0,0.0,0.0,0.0,0.0,0.0,0.0,0.0,0.0,0.0,0.0,0.0,0.0,0.0,0.0,0.0,0.0,-0.0005314349333333,-0.0015943047999999,0.1012,1
2024-08-21,0.1046595999999999,0.2429693579287314,5,-0.313771,0.305604,0.151783,0.758915,0.2779914,0.241786860930862,1,5,neutral,0.1099109333333333,0.1760884709585582,0.0158855480668,0.0354111365079365,0.1815182934828198,5.0,0.1166092857142857,0.0676989333333333,0.0480036061224489,0.1665537054983173,4.714285714285714,0.1375822581632653,0.10140985,0.0004193002834467,0.1792269915029667,5.142857142857143,0.126749335430839,0.1405369749999999,-0.002640097526455,0.1859261811465511,4.8,0.1093956091534391,-0.1582814,50.0,-0.1869445,0.0032911152842618,0.3623095515653906,-0.3670498411685652,-20.930100291989348,0.1219874095238095,0.0,0.0,0.0,0.0,0.0,0.0,0.0,0.0,0.0,0.0,0.0,0.0,0.0,0.0,0.0,0.0,0.0,0.0,0.0,0.0,0.0,0.0,0.0,0.0,0.0,0.0,0.0,0.0,0.0,0.0,0.0,0.0,0.0,0.0,0.0,0.0,0.0,0.0,0.0,0.0,0.0,0.0,0.0,0.0,0.0,0.0158855480668,0.0794277403339999,0.151783,1
2024-08-22,0.058313,0.194004597631087,4,-0.136232,0.257657,0.14405375,0.576215,0.1276225,0.1012398579891668,1,4,neutral,-0.0463465999999999,0.155077175402403,0.00840020632375,0.0525737555555555,0.1975299038970578,4.0,0.1323455833333333,0.0514878571428571,0.0523831537414965,0.1778348732508917,4.428571428571429,0.1308497700680272,0.0306568333333333,0.0049219352040816,0.1797286658274912,4.785714285714286,0.126607206462585,0.0630368888888888,-0.002104897526455,0.1862493178059325,4.9,0.1128080008201058,0.016056,50.0,-0.0050790333333333,0.0129335399029982,0.365565158520732,-0.3630583881239065,-0.4428318090265966,-0.1562575333333333,0.0,0.0,0.0,0.0,0.0,0.0,0.0,0.0,0.0,0.0,0.0,0.0,0.0,0.0,0.0,0.0,0.0,0.0,0.0,0.0,0.0,0.0,0.0,0.0,0.0,0.0,0.0,0.0,0.0,0.0,0.0,0.0,0.0,0.0,0.0,0.0,0.0,0.0,0.0,0.0,0.0,0.0,0.0,0.0,0.0,0.00840020632375,0.033600825295,0.14405375,1
2024-08-23,0.0390174999999999,0.3945446410859823,4,-0.315116,0.565591,0.15610025,0.624401,0.112382,0.1894653775214176,2,4,neutral,-0.0192955,0.2266208238331057,0.0060906415043749,0.0673300333333333,0.2771728655486003,4.333333333333333,0.1506456666666666,0.0442688333333333,0.0474586537414965,0.20985594192998,4.428571428571429,0.1371377700680272,-0.0344715,0.0057932209183673,0.1908882511817408,4.785714285714286,0.1260738671768707,0.0121979999999999,0.0002751066402116,0.1951619291033803,4.766666666666667,0.1154139299867725,0.0714001249999999,50.0,0.1758897666666667,0.0286880028659612,0.3980487685065976,-0.3949287356097722,-0.3308953406616024,0.0270510999999999,0.0,0.0,0.0,0.0,0.0,0.0,0.0,0.0,0.0,0.0,0.0,0.0,0.0,0.0,0.0,0.0,0.0,0.0,0.0,0.0,0.0,0.0,0.0,0.0,0.0,0.0,0.0,0.0,0.0,0.0,0.0,0.0,0.0,0.0,0.0,0.0,0.0,0.0,0.0,0.0,0.0,0.0,0.0,0.0,0.0,0.0060906415043749,0.0243625660174999,0.15610025,2
2024-08-24,-0.060561,0.0,1,-0.060561,-0.060561,0.09402,0.09402,-0.045248,0.0,1,1,neutral,-0.0995784999999999,0.2467835881942889,-0.00569394522,0.0122565,0.2942746193585348,3.0,0.1313913333333333,-0.1652206,0.0257090823129251,0.1949884196829995,3.857142857142857,0.1183135986394557,-0.152247,-0.0010542933673469,0.1908935426235201,4.142857142857143,0.1247595028911564,-0.0958651999999999,-0.0010966076455026,0.1995356194560022,4.566666666666666,0.1148867490343915,-0.0411514285714285,50.0,-0.085357,0.0240595889770723,0.3956271020320296,-0.3890952691352042,-2.552149676427245,-0.0802829999999999,0.0,0.0,0.0,0.0,0.0,0.0,0.0,0.0,0.0,0.0,0.0,0.0,0.0,0.0,0.0,0.0,0.0,0.0,0.0,0.0,0.0,0.0,0.0,0.0,0.0,0.0,0.0,0.0,0.0,0.0,0.0,0.0,0.0,0.0,0.0,0.0,0.0,0.0,0.0,0.0,0.0,0.0,0.0,0.0,0.0,-0.00569394522,-0.00569394522,0.09402,1
2024-08-25,0.131354,0.0,1,0.131354,0.131354,0.088472,0.088472,0.107252,0.0,1,1,neutral,0.191915,0.2771728655486003,0.011621151088,0.0366035,0.3945446410859823,2.0,0.1128640833333333,0.073041,0.039193844217687,0.2266208238331057,3.5714285714285716,0.1189248367346938,0.0943933333333333,0.0171021780612244,0.1964885499699624,3.857142857142857,0.1261526171768707,0.2541906,0.008619359021164,0.1978354415310377,4.466666666666667,0.1148996823677248,0.291479,50.0,0.170897,0.0338730334215167,0.3934231520320296,-0.3912992191352042,-3.16895361701425,0.2914934999999999,0.0,0.0,0.0,0.0,0.0,0.0,0.0,0.0,0.0,0.0,0.0,0.0,0.0,0.0,0.0,0.0,0.0,0.0,0.0,0.0,0.0,0.0,0.0,0.0,0.0,0.0,0.0,0.0,0.0,0.0,0.0,0.0,0.0,0.0,0.0,0.0,0.0,0.0,0.0,0.0,0.0,0.0,0.0,0.0,0.0,0.011621151088,0.011621151088,0.088472,1
2024-08-26,0.0283256,0.0986857376792614,5,-0.102514,0.129402,0.1248823999999999,0.624412,0.1295018,0.1843549999395188,2,5,neutral,-0.1030283999999999,0.2290783254654436,0.00353736890944,0.0330395333333333,0.0986857376792614,2.3333333333333335,0.1024581333333333,-0.0106918999999999,0.042265338095238,0.2171640180912834,3.2857142857142856,0.1229301999999999,0.0215004571428571,0.0329172209183673,0.188338315612404,4.142857142857143,0.1268812171768707,0.2214106,0.0085560401322751,0.1932478294686423,4.433333333333334,0.1150917457010582,-0.0018995666666666,50.0,0.1312434166666666,0.0387325241622575,0.3892132990776123,-0.3725691061807869,-0.7843567763448391,-0.2949433999999999,0.0,0.0,0.0,0.0,0.0,0.0,0.0,0.0,0.0,0.0,0.0,0.0,0.0,0.0,0.0,0.0,0.0,0.0,0.0,0.0,0.0,0.0,0.0,0.0,0.0,0.0,0.0,0.0,0.0,0.0,0.0,0.0,0.0,0.0,0.0,0.0,0.0,0.0,0.0,0.0,0.0,0.0,0.0,0.0,0.0,0.00353736890944,0.0176868445472,0.1248823999999999,2
2024-08-27,-0.0247659999999999,0.1743299254201641,3,-0.214574,0.128195,0.0828216666666666,0.248465,0.1299456666666666,0.2073521587284138,1,3,neutral,-0.0530915999999999,0.2225201013951359,-0.0020511613966666,0.0449712,0.1365078315497128,3.0,0.0987253555555555,0.035795,0.0394775285714285,0.2209068519490452,3.2857142857142856,0.1203047238095238,-0.0195146666666666,0.036497006632653,0.1827916575891289,3.928571428571429,0.1232570624149659,0.0501169999999999,0.0059620679100529,0.1888243041027648,4.333333333333333,0.1131462068121693,-0.0778191666666666,50.0,0.0748605,0.0293688019400352,0.3843501112401848,-0.3665947808433594,-1.874332759058943,0.0499368,0.0,0.0,0.0,0.0,0.0,0.0,0.0,0.0,0.0,0.0,0.0,0.0,0.0,0.0,0.0,0.0,0.0,0.0,0.0,0.0,0.0,0.0,0.0,0.0,0.0,0.0,0.0,0.0,0.0,0.0,0.0,0.0,0.0,0.0,0.0,0.0,0.0,0.0,0.0,0.0,0.0,0.0,0.0,0.0,0.0,-0.0020511613966666,-0.0061534841899999,0.0828216666666666,1
2024-08-28,0.0567767142857142,0.1486978140152193,7,-0.142981,0.235677,0.1085117142857142,0.759582,0.1176481428571428,0.1385432367619444,4,7,neutral,0.0815427142857142,0.1405711590382149,0.006160938598653,0.0201121047619047,0.140571159038215,5.0,0.1054052603174603,-0.0745772857142857,0.0326371163265306,0.2020525431663428,3.5714285714285716,0.1141231115646258,-0.0478828857142857,0.0403203612244897,0.1813448878599946,4.142857142857143,0.1258526848639455,0.0535269642857142,0.01713602505291,0.1871523670157837,4.533333333333333,0.1123509972883598,0.3352187142857143,50.0,-0.0876465999999999,0.0192419852733686,0.3828621981757327,-0.3589568074614469,-3.2925266205973633,0.1346343142857142,0.0,0.0,0.0,0.0,0.0,0.0,0.0,0.0,0.0,0.0,0.0,0.0,0.0,0.0,0.0,0.0,0.0,0.0,0.0,0.0,0.0,0.0,0.0,0.0,0.0,0.0,0.0,0.0,0.0,0.0,0.0,0.0,0.0,0.0,0.0,0.0,0.0,0.0,0.0,0.0,0.0,0.0,0.0,0.0,0.0,0.006160938598653,0.0431265701905714,0.1085117142857142,4
2024-08-29,-0.0310405,0.1460654611036728,8,-0.322539,0.13913,0.09526575,0.762126,0.031533375,0.1831999892622715,5,8,neutral,-0.0878172142857142,0.1419447345545794,-0.002957096512875,0.0003234047619047,0.1563644001796855,6.0,0.0955330436507936,-0.0593661,0.0198723306122448,0.19246471586086,4.142857142857143,0.1071533972789115,-0.0893535,0.0361277421768707,0.1839306410050452,4.285714285714286,0.1190015836734693,-0.0586966666666666,0.01290087505291,0.1855088907792992,4.766666666666667,0.1122779556216931,-0.1270545,50.0,-0.0588011249999999,0.0143402694444444,0.3678039546019604,-0.3496845638876747,-1.5467118058962803,-0.1693599285714285,0.0,0.0,0.0,0.0,0.0,0.0,0.0,0.0,0.0,0.0,0.0,0.0,0.0,0.0,0.0,0.0,0.0,0.0,0.0,0.0,0.0,0.0,0.0,0.0,0.0,0.0,0.0,0.0,0.0,0.0,0.0,0.0,0.0,0.0,0.0,0.0,0.0,0.0,0.0,0.0,0.0,0.0,0.0,0.0,0.0,-0.002957096512875,-0.023656772103,0.09526575,5
2024-08-30,0.0243473333333333,0.1132342317234501,9,-0.17028,0.163824,0.1140982222222222,1.026884,0.0820454444444444,0.1803310406808206,1,9,neutral,0.0553878333333333,0.1362026339883535,0.0027779874491851,0.0166945158730158,0.1359991689474474,8.0,0.1059585621693121,0.0491133333333333,0.0177765925170067,0.1362026339883535,4.857142857142857,0.1011531075963718,-0.0146701666666666,0.0326176231292516,0.179167063620969,4.642857142857143,0.1191454388321995,-0.0491416666666666,0.0092293472751322,0.1820376875413859,4.866666666666666,0.1140153519179894,-0.1101458333333333,50.0,-0.1316396666666666,0.0204852509259259,0.3581278145442813,-0.3411041104966622,-1.7843731039555848,0.1432050476190476,0.0,0.0,0.0,0.0,0.0,0.0,0.0,0.0,0.0,0.0,0.0,0.0,0.0,0.0,0.0,0.0,0.0,0.0,0.0,0.0,0.0,0.0,0.0,0.0,0.0,0.0,0.0,0.0,0.0,0.0,0.0,0.0,0.0,0.0,0.0,0.0,0.0,0.0,0.0,0.0,0.0,0.0,0.0,0.0,0.0,0.0027779874491851,0.0250018870426666,0.1140982222222222,1
2024-08-31,-0.0654515,0.1099770247847249,2,-0.143217,0.012314,0.248373,0.496746,-0.0319715,0.1180069293918793,2,2,neutral,-0.0897988333333333,0.1384608914094462,-0.0162563854095,-0.0240482222222222,0.1230922392039493,6.333333333333333,0.1525789907407407,-0.1222282142857142,0.0170779496598639,0.1318316991210821,5.0,0.1232035361678004,-0.0048905,0.0213935159863945,0.1634100594020408,4.428571428571429,0.1207585674036281,-0.1571375,0.0036304083862433,0.1791726741025149,4.833333333333333,0.1178520519179894,-0.1679681666666666,50.0,0.1686078571428571,0.0397837943121693,0.35871807695276,-0.335955862905141,-3.688241012020482,-0.1451866666666666,0.0,0.0,0.0,0.0,0.0,0.0,0.0,0.0,0.0,0.0,0.0,0.0,0.0,0.0,0.0,0.0,0.0,0.0,0.0,0.0,0.0,0.0,0.0,0.0,0.0,0.0,0.0,0.0,0.0,0.0,0.0,0.0,0.0,0.0,0.0,0.0,0.0,0.0,0.0,0.0,0.0,0.0,0.0,0.0,0.0,-0.0162563854095,-0.032512770819,0.248373,2
2024-09-02,-0.0798933333333333,0.1001348523958233,3,-0.140366,0.035691,0.0791153333333333,0.237346,0.1603836666666666,0.1371679584499723,2,3,neutral,-0.0144418333333333,0.1236218768045781,-0.0063207876977777,-0.0403324999999999,0.1077820363013328,4.666666666666667,0.1471955185185185,-0.0488528333333333,-0.0131002408163265,0.1273035781603309,5.285714285714286,0.1218668695011337,-0.2112473333333333,0.0130468017006802,0.1686857638573204,4.428571428571429,0.1203958531179138,-0.116854,0.0014392172751322,0.1752927904579204,4.766666666666667,0.1190822830291005,-0.0657357333333333,50.0,-0.1116256666666666,0.00783763505291,0.3562072566673542,-0.3221258759530686,0.2206493866960011,0.075357,0.0,0.0,0.0,0.0,0.0,0.0,0.0,0.0,0.0,0.0,0.0,0.0,0.0,0.0,0.0,0.0,0.0,0.0,0.0,0.0,0.0,0.0,0.0,0.0,0.0,0.0,0.0,0.0,0.0,0.0,0.0,0.0,0.0,0.0,0.0,0.0,0.0,0.0,0.0,0.0,0.0,0.0,0.0,0.0,0.0,-0.0063207876977777,-0.0189623630933333,0.0791153333333333,2
2024-09-03,-0.036613,0.0934639270948958,5,-0.164087,0.075154,0.0720871999999999,0.360436,-0.0317526,0.1099908014531215,3,5,neutral,0.0432803333333333,0.1125750994205134,-0.0026393286535999,-0.060652611111111,0.1011919347584814,3.3333333333333335,0.1331918444444444,-0.0609603333333333,-0.0223771836734693,0.1265576052197072,5.285714285714286,0.1143246980725623,-0.0649386,0.0099440772108843,0.1643102772495306,4.285714285714286,0.1186274490362811,-0.0434381428571428,-0.000877378558201,0.1741897346684713,4.666666666666667,0.1186187230291005,-0.069497875,50.0,-0.140536975,0.0017065267195767,0.341740101711291,-0.3038317209970053,-0.5417264686248331,0.0577221666666666,0.0,0.0,0.0,0.0,0.0,0.0,0.0,0.0,0.0,0.0,0.0,0.0,0.0,0.0,0.0,0.0,0.0,0.0,0.0,0.0,0.0,0.0,0.0,0.0,0.0,0.0,0.0,0.0,0.0,0.0,0.0,0.0,0.0,0.0,0.0,0.0,0.0,0.0,0.0,0.0,0.0,0.0,0.0,0.0,0.0,-0.0026393286535999,-0.0131966432679999,0.0720871999999999,3
2024-09-04,-0.0843059999999999,0.2503273798808272,5,-0.440111,0.140963,0.1007368,0.503684,0.124389,0.2176521265540495,2,5,neutral,-0.0476929999999999,0.1334274831759442,-0.0084927166607999,-0.0669374444444444,0.1479753864571822,4.333333333333333,0.0839797777777778,-0.0188544999999999,-0.0308828979591836,0.1374143844283733,5.571428571428571,0.1168840028344671,-0.0595399999999999,0.0042973153061224,0.1722029125619867,4.428571428571429,0.1185943633219954,-0.0790546666666666,-0.0005316118915343,0.174952233550679,4.633333333333334,0.1191815719179894,0.010373,50.0,-0.0630368888888888,-0.0242861276014109,0.3467254618908461,-0.3175726561765604,1.3026247507715838,-0.0909733333333333,0.0,0.0,0.0,0.0,0.0,0.0,0.0,0.0,0.0,0.0,0.0,0.0,0.0,0.0,0.0,0.0,0.0,0.0,0.0,0.0,0.0,0.0,0.0,0.0,0.0,0.0,0.0,0.0,0.0,0.0,0.0,0.0,0.0,0.0,0.0,0.0,0.0,0.0,0.0,0.0,0.0,0.0,0.0,0.0,0.0,-0.0084927166607999,-0.0424635833039999,0.1007368,2
2024-09-05,0.1365263636363636,0.1767060641881159,11,-0.328047,0.289617,0.126679,1.393469,0.2408239090909091,0.1795517815686909,1,11,neutral,0.2208323636363636,0.1461218496688774,0.0172950232190909,0.0052024545454545,0.1734991237212797,7.0,0.0998343333333333,0.2164196969696969,-0.0194900909090909,0.1414155630245014,6.142857142857143,0.1194793293650793,0.0797496493506493,0.0065735127087198,0.1666809714169354,4.857142857142857,0.1168012204648526,0.0318667636363636,-0.0018284997703222,0.1750196885751958,4.966666666666667,0.1190870052513227,-0.0389066363636363,50.0,-0.0121979999999999,-0.0402240627865961,0.3590211540532254,-0.31898132864197,-2.619414556927901,0.2685253636363636,0.0,0.0,0.0,0.0,0.0,0.0,0.0,0.0,0.0,0.0,0.0,0.0,0.0,0.0,0.0,0.0,0.0,0.0,0.0,0.0,0.0,0.0,0.0,0.0,0.0,0.0,0.0,0.0,0.0,0.0,0.0,0.0,0.0,0.0,0.0,0.0,0.0,0.0,0.0,0.0,0.0,0.0,0.0,0.0,0.0,0.0172950232190909,0.19024525541,0.126679,1
2024-09-06,-0.105179,0.1745971504005721,3,-0.305915,0.011405,0.1125173333333333,0.337552,0.035147,0.1276787399530556,3,3,neutral,-0.2417053636363636,0.1590458747920468,-0.0118344606026666,-0.0176528787878787,0.2005435314898385,6.333333333333333,0.1133110444444444,-0.068566,-0.0300813051948052,0.1454915186383442,5.428571428571429,0.1219438412698412,-0.0741385,-0.0051044872912801,0.1650636841477258,4.785714285714286,0.1145486192743764,-0.163492,-0.0014385664369889,0.1750040390131726,5.033333333333333,0.1209835496957671,0.0116979999999999,50.0,0.0958651999999999,-0.0378902072310405,0.3505544196163597,-0.3283813942051042,-1.7703933306254536,-0.4625377272727272,0.0,0.0,0.0,0.0,0.0,0.0,0.0,0.0,0.0,0.0,0.0,0.0,0.0,0.0,0.0,0.0,0.0,0.0,0.0,0.0,0.0,0.0,0.0,0.0,0.0,0.0,0.0,0.0,0.0,0.0,0.0,0.0,0.0,0.0,0.0,0.0,0.0,0.0,0.0,0.0,0.0,0.0,0.0,0.0,0.0,-0.0118344606026666,-0.035503381808,0.1125173333333333,3
2024-09-08,0.073073,0.0,1,0.073073,0.073073,0.101154,0.101154,-0.037093,0.0,1,1,neutral,0.178252,0.1737736303911027,0.0073916262419999,0.0348067878787878,0.1756516072943441,5.0,0.1134501111111111,0.157379,-0.0231204956709956,0.1508677331241599,4.285714285714286,0.1200946666666666,0.0487256666666666,-0.0026719515769944,0.1442017789715206,4.571428571428571,0.1106238871315192,0.0340555,0.0021931127296777,0.1732584498823986,4.8,0.1207793038624338,0.1089503749999999,50.0,-0.2541906,-0.0563950961199294,0.3344088140920659,-0.3140970886808105,-1.6947489517869536,0.4199573636363636,0.0,0.0,0.0,0.0,0.0,0.0,0.0,0.0,0.0,0.0,0.0,0.0,0.0,0.0,0.0,0.0,0.0,0.0,0.0,0.0,0.0,0.0,0.0,0.0,0.0,0.0,0.0,0.0,0.0,0.0,0.0,0.0,0.0,0.0,0.0,0.0,0.0,0.0,0.0,0.0,0.0,0.0,0.0,0.0,0.0,0.0073916262419999,0.0073916262419999,0.101154,1
2024-09-09,-0.0215616666666666,0.3209443630309361,3,-0.384809,0.223653,0.0946823333333333,0.284047,0.062575,0.3038750611879823,1,3,neutral,-0.0946346666666666,0.2306437393751128,-0.0020415089105555,-0.0178892222222222,0.2477707567157542,2.3333333333333335,0.1027845555555555,-0.1580880303030303,-0.0168505194805194,0.1860289561651951,4.428571428571429,0.0981388571428571,0.0438898333333333,0.0001137150896722,0.1589303276431386,4.714285714285714,0.1106711966553288,0.0389993333333333,0.0016318534704184,0.1783915857138858,4.6,0.1190672631216931,-0.0168377777777777,50.0,-0.2214106,-0.0744628155643739,0.364908340260513,-0.350448848182591,-1.2950702265770762,-0.2728866666666667,0.0,0.0,0.0,0.0,0.0,0.0,0.0,0.0,0.0,0.0,0.0,0.0,0.0,0.0,0.0,0.0,0.0,0.0,0.0,0.0,0.0,0.0,0.0,0.0,0.0,0.0,0.0,0.0,0.0,0.0,0.0,0.0,0.0,0.0,0.0,0.0,0.0,0.0,0.0,0.0,0.0,0.0,0.0,0.0,0.0,-0.0020415089105555,-0.0061245267316666,0.0946823333333333,1
2024-09-10,-0.0015604999999999,0.1486077105323498,4,-0.178429,0.185092,0.09359475,0.374379,0.1768037499999999,0.2401180150542298,1,4,neutral,0.0200011666666666,0.2052138220379935,-0.0001460546073749,0.0166502777777777,0.234776036781643,2.6666666666666665,0.0964770277777777,0.1036185,-0.0056601147186147,0.1941077658546161,4.571428571428571,0.1002073452380952,0.0783328333333333,-0.0093801777674706,0.1581362801730779,4.928571428571429,0.1110371073696145,-0.1329145,0.0006858534704184,0.1745122656774094,4.6,0.1167348547883598,-0.02838,50.0,-0.0501169999999999,-0.0654047414902998,0.3647994044875355,-0.3511784766953277,-0.9276261884517276,0.1146358333333333,0.0,0.0,0.0,0.0,0.0,0.0,0.0,0.0,0.0,0.0,0.0,0.0,0.0,0.0,0.0,0.0,0.0,0.0,0.0,0.0,0.0,0.0,0.0,0.0,0.0,0.0,0.0,0.0,0.0,0.0,0.0,0.0,0.0,0.0,0.0,0.0,0.0,0.0,0.0,0.0,0.0,0.0,0.0,0.0,0.0,-0.0001460546073749,-0.0005842184294999,0.09359475,1
2024-09-11,0.1176774615384615,0.1843964228912875,13,-0.388226,0.373114,0.1432698461538461,1.862508,0.2063120769230769,0.0878356073454472,2,13,neutral,0.1192379615384615,0.2071364117137863,0.0168596318103905,0.0315184316239316,0.2179828321515245,6.666666666666667,0.1105156431623931,0.0446044615384615,0.0163813797868797,0.2092631818206814,5.714285714285714,0.1103762946886447,0.1542904615384615,-0.0029979019432948,0.1647294098047722,5.5,0.1123504963806035,0.0893518615384615,0.0034316288550338,0.1742650221778285,4.7,0.1177631463268213,0.0823732615384615,50.0,-0.0535269642857142,-0.0900863883156966,0.3743318050264115,-0.3484179977470242,-76.41010031301607,0.0992367948717948,0.0,0.0,0.0,0.0,0.0,0.0,0.0,0.0,0.0,0.0,0.0,0.0,0.0,0.0,0.0,0.0,0.0,0.0,0.0,0.0,0.0,0.0,0.0,0.0,0.0,0.0,0.0,0.0,0.0,0.0,0.0,0.0,0.0,0.0,0.0,0.0,0.0,0.0,0.0,0.0,0.0,0.0,0.0,0.0,0.0,0.0168596318103905,0.2191752135350769,0.1432698461538461,2
2024-09-12,0.095503875,0.1786062246959075,8,-0.179883,0.332866,0.19523175,1.561854,0.188137625,0.1228656452947545,2,8,neutral,-0.0221735865384615,0.2081386802876202,0.0186453886480312,0.0705402788461538,0.1705367860398483,8.333333333333334,0.1440321153846154,0.1170655416666666,0.0420685047868797,0.1973096559565281,6.142857142857143,0.1238755732600732,0.179809875,0.005592803413848,0.1650583559029063,5.857142857142857,0.1203797880472701,0.120269875,0.0107096446883671,0.176159551519492,4.8,0.1219719246601546,0.218340475,50.0,0.0586966666666666,-0.0711616846119929,0.3663018854549028,-0.3413036506755155,-0.1884267917456253,-0.141411548076923,0.0,0.0,0.0,0.0,0.0,0.0,0.0,0.0,0.0,0.0,0.0,0.0,0.0,0.0,0.0,0.0,0.0,0.0,0.0,0.0,0.0,0.0,0.0,0.0,0.0,0.0,0.0,0.0,0.0,0.0,0.0,0.0,0.0,0.0,0.0,0.0,0.0,0.0,0.0,0.0,0.0,0.0,0.0,0.0,0.0,0.0186453886480312,0.14916310918425,0.19523175,2
2024-09-13,0.0173756666666666,0.2212583279027782,3,-0.178754,0.257233,0.0931139999999999,0.279342,0.0925866666666666,0.066751685052389,2,3,neutral,-0.0781282083333333,0.2107626098106518,0.0016179178259999,0.0768523344017094,0.1947536584966578,8.0,0.1438718653846154,0.0189361666666666,0.0250469766483516,0.2047350332423052,5.0,0.1190805732600732,-0.1191506969696969,0.0027784428696303,0.170639933894257,5.571428571428571,0.1192799513125763,-0.0394010476190476,0.0177250002439227,0.1778298765707249,4.866666666666666,0.1212529913268213,0.2104606666666666,50.0,0.0491416666666666,-0.0500862799823633,0.3674613399966703,-0.3465568385506164,-0.8180632286735312,-0.0559546217948718,0.0,0.0,0.0,0.0,0.0,0.0,0.0,0.0,0.0,0.0,0.0,0.0,0.0,0.0,0.0,0.0,0.0,0.0,0.0,0.0,0.0,0.0,0.0,0.0,0.0,0.0,0.0,0.0,0.0,0.0,0.0,0.0,0.0,0.0,0.0,0.0,0.0,0.0,0.0,0.0,0.0,0.0,0.0,0.0,0.0,0.0016179178259999,0.0048537534779999,0.0931139999999999,2
2024-09-14,-0.11192,0.1920700007601395,2,-0.247734,0.023894,0.15783,0.31566,0.055518,0.0539904311707176,1,2,neutral,-0.1292956666666666,0.1849877373564925,-0.0176643336,0.0003198472222222,0.1973115177862751,4.333333333333333,0.14872525,-0.2295974615384615,0.0240839766483516,0.2076471749688998,4.857142857142857,0.1255538113553113,-0.0067409999999999,-0.0029986642732267,0.1741787446370621,5.142857142857143,0.1237488263125763,-0.0808795,0.016490433577256,0.1760217350544536,4.733333333333333,0.1220619968823768,-0.037037,50.0,0.1571375,-0.0256224589947089,0.3360939190759829,-0.330283167629929,-7.441191704874636,-0.0511674583333333,0.0,0.0,0.0,0.0,0.0,0.0,0.0,0.0,0.0,0.0,0.0,0.0,0.0,0.0,0.0,0.0,0.0,0.0,0.0,0.0,0.0,0.0,0.0,0.0,0.0,0.0,0.0,0.0,0.0,0.0,0.0,0.0,0.0,0.0,0.0,0.0,0.0,0.0,0.0,0.0,0.0,0.0,0.0,0.0,0.0,-0.0176643336,-0.0353286672,0.15783,1
2024-09-15,0.192385,0.0122074914704045,2,0.183753,0.201017,0.1716885,0.343377,0.2126085,0.0156051395540059,2,2,bullish,0.304305,0.1577076935441034,0.0330302920725,0.0326135555555555,0.1418452733777741,2.3333333333333335,0.1408775,0.096881125,0.041128548076923,0.1797272201834004,5.0,0.1356301684981685,0.119312,0.0090040262029636,0.1664074569252894,4.642857142857143,0.1278624175824176,0.1680376666666666,0.0227949419105894,0.1703235291546601,4.666666666666667,0.1253791802157102,0.18913525,50.0,0.116854,-0.0112833478835978,0.3315871323864193,-0.3004817809403653,-2.7189510364546106,0.4336006666666666,0.0,0.0,0.0,0.0,0.0,0.0,0.0,0.0,0.0,0.0,0.0,0.0,0.0,0.0,0.0,0.0,0.0,0.0,0.0,0.0,0.0,0.0,0.0,0.0,0.0,0.0,0.0,0.0,0.0,0.0,0.0,0.0,0.0,0.0,0.0,0.0,0.0,0.0,0.0,0.0,0.0,0.0,0.0,0.0,0.0,0.0330302920725,0.066060584145,0.1716885,2
2024-09-16,-0.0128181428571428,0.2670209613678475,7,-0.279494,0.519241,0.1176457142857142,0.8235199999999999,0.1286121428571428,0.2921248630685336,2,7,neutral,-0.2052031428571428,0.1742326012394154,-0.0015079995722448,0.0225489523809523,0.1570994845327972,3.6666666666666665,0.1490547380952381,-0.0301938095238095,0.042377622906855,0.1720238770886735,5.571428571428571,0.1389106514913657,0.0087435238095238,0.0127635517131677,0.1784877597393757,5.0,0.1185247543171114,0.0526333571428571,0.0214457982597957,0.1759525861178,4.7,0.1229279984696784,-0.0404743095238095,50.0,0.0434381428571428,-0.0171085764550264,0.3358526024052622,-0.3191644652449226,-1.0666275585785945,-0.5095081428571429,0.0,0.0,0.0,0.0,0.0,0.0,0.0,0.0,0.0,0.0,0.0,0.0,0.0,0.0,0.0,0.0,0.0,0.0,0.0,0.0,0.0,0.0,0.0,0.0,0.0,0.0,0.0,0.0,0.0,0.0,0.0,0.0,0.0,0.0,0.0,0.0,0.0,0.0,0.0,0.0,0.0,0.0,0.0,0.0,0.0,-0.0015079995722448,-0.0105559970057142,0.1176457142857142,2
2024-09-17,0.0824116666666666,0.1633810291139498,3,-0.106244,0.177114,0.092919,0.278757,0.2444189999999999,0.2231477397510447,1,3,neutral,0.0952298095238095,0.1711875621230239,0.007657609655,0.0873261746031746,0.1475364939840673,4.0,0.1274177380952381,0.1943316666666666,0.0543736467163788,0.1741343511717592,5.428571428571429,0.13881411577708,0.0839721666666666,0.024356765998882,0.1833528502561547,5.0,0.1195107305075876,0.1623049999999999,0.0217432204820179,0.1756927294060069,4.666666666666667,0.1222891568030118,0.0089226666666666,50.0,0.0790546666666666,0.0199186753968254,0.3453669364159312,-0.3232701925889248,-7.429298501751601,0.3004329523809524,0.0,0.0,0.0,0.0,0.0,0.0,0.0,0.0,0.0,0.0,0.0,0.0,0.0,0.0,0.0,0.0,0.0,0.0,0.0,0.0,0.0,0.0,0.0,0.0,0.0,0.0,0.0,0.0,0.0,0.0,0.0,0.0,0.0,0.0,0.0,0.0,0.0,0.0,0.0,0.0,0.0,0.0,0.0,0.0,0.0,0.007657609655,0.022972828965,0.092919,1
2024-09-18,-0.0257156666666666,0.0675326015368379,3,-0.073145,0.051604,0.049487,0.148461,0.1360633333333333,0.0353301976548862,3,3,neutral,-0.1081273333333333,0.1404424168498358,-0.0012725911963333,0.0146259523809523,0.1659781973395451,4.333333333333333,0.0866839047619047,-0.2181006666666666,0.0338889141156462,0.157439519549695,4.0,0.1254165663265306,-0.1433931282051282,0.025135146951263,0.1813581329055349,4.857142857142857,0.1178964305075876,0.0108973333333333,0.017829831593129,0.167117600743969,4.6,0.1164124168030118,-0.1174016666666666,50.0,-0.0318667636363636,0.0409791016594516,0.334077629515932,-0.3120758523555923,-1.31203915303254,-0.2033571428571428,0.0,0.0,0.0,0.0,0.0,0.0,0.0,0.0,0.0,0.0,0.0,0.0,0.0,0.0,0.0,0.0,0.0,0.0,0.0,0.0,0.0,0.0,0.0,0.0,0.0,0.0,0.0,0.0,0.0,0.0,0.0,0.0,0.0,0.0,0.0,0.0,0.0,0.0,0.0,0.0,0.0,0.0,0.0,0.0,0.0,-0.0012725911963333,-0.003817773589,0.049487,3
2024-09-19,-0.0211895999999999,0.1843120812882324,5,-0.172223,0.298215,0.1806044,0.903022,0.0396644,0.2148470384920397,3,5,neutral,0.0045260666666666,0.1388908329554544,-0.0038269349942399,0.0118354666666666,0.1384085706463401,3.6666666666666665,0.1076701333333333,-0.0083714571428571,0.0172184176870748,0.1582546419200271,3.5714285714285716,0.1233269448979591,-0.1166934749999999,0.0296434612369773,0.1762800330137968,4.857142857142857,0.1236012590790162,0.0631163999999999,0.0158914893709068,0.1725800334238121,4.666666666666667,0.119626119025234,-0.0581502666666666,50.0,0.163492,0.064713434992785,0.3339281840409108,-0.3197230383091425,-0.176004251623524,0.1126534,0.0,0.0,0.0,0.0,0.0,0.0,0.0,0.0,0.0,0.0,0.0,0.0,0.0,0.0,0.0,0.0,0.0,0.0,0.0,0.0,0.0,0.0,0.0,0.0,0.0,0.0,0.0,0.0,0.0,0.0,0.0,0.0,0.0,0.0,0.0,0.0,0.0,0.0,0.0,0.0,0.0,0.0,0.0,0.0,0.0,-0.0038269349942399,-0.0191346749711999,0.1806044,3
2024-09-20,-0.074016,0.1775459561822422,4,-0.267194,0.135017,0.091449,0.365796,0.0032042499999999,0.2598554044815116,2,4,neutral,-0.0528264,0.171958525897822,-0.006768689184,-0.0403070888888888,0.1431302130024375,4.0,0.1071801333333333,-0.1564276666666666,0.0041624653061224,0.152010017388522,3.7142857142857144,0.123089087755102,-0.0913916666666666,0.014604720977237,0.1763446400902681,4.357142857142857,0.1210848305075876,-0.2105423636363636,0.0131967846090021,0.1737495219346961,4.566666666666666,0.1194462571204721,-0.0808411428571428,50.0,-0.0340555,0.066876931024531,0.3350931453649707,-0.3251855496332024,2.4930343187223927,-0.0573524666666666,0.0,0.0,0.0,0.0,0.0,0.0,0.0,0.0,0.0,0.0,0.0,0.0,0.0,0.0,0.0,0.0,0.0,0.0,0.0,0.0,0.0,0.0,0.0,0.0,0.0,0.0,0.0,0.0,0.0,0.0,0.0,0.0,0.0,0.0,0.0,0.0,0.0,0.0,0.0,0.0,0.0,0.0,0.0,0.0,0.0,-0.006768689184,-0.027074756736,0.091449,2
2024-09-21,-0.11698325,0.0674719749445402,4,-0.20508,-0.048791,0.11983925,0.479357,0.0352755,0.3384175857186897,2,4,neutral,-0.04296725,0.1320487286131605,-0.0140191849425625,-0.0707296166666666,0.1431100041383383,4.333333333333333,0.1306308833333333,-0.0912675833333333,0.003439143877551,0.1342102994148649,4.0,0.117661837755102,-0.00506325,0.0137615602629513,0.1681042419782656,4.428571428571429,0.1216078245552067,-0.01180425,0.0094723873867798,0.1704849374462956,4.6,0.1200675654538054,-0.1117319166666666,50.0,-0.0389993333333333,0.0560218199134199,0.3232095365373661,-0.3274349991389312,0.5805129971897969,0.0098591499999999,0.0,0.0,0.0,0.0,0.0,0.0,0.0,0.0,0.0,0.0,0.0,0.0,0.0,0.0,0.0,0.0,0.0,0.0,0.0,0.0,0.0,0.0,0.0,0.0,0.0,0.0,0.0,0.0,0.0,0.0,0.0,0.0,0.0,0.0,0.0,0.0,0.0,0.0,0.0,0.0,0.0,0.0,0.0,0.0,0.0,-0.0140191849425625,-0.05607673977025,0.11983925,2
2024-09-22,0.438028,0.0,1,0.438028,0.438028,0.496597,0.496597,0.216116,0.0,1,1,bullish,0.55501125,0.1242156534879632,0.217523390716,0.0823429166666666,0.1225089655633913,3.0,0.23596175,0.4592175999999999,0.0385310010204081,0.1545441007389417,3.857142857142857,0.164077337755102,0.2456429999999999,0.0398297745486656,0.1681042419782656,4.428571428571429,0.1498537531266352,0.364955,0.0205846673867798,0.167697075120048,4.466666666666667,0.1315613654538054,0.3333684,50.0,0.1329145,0.0653299125060125,0.3542373014411828,-0.3081148140427479,-4.744365112099381,0.5979785,0.0,0.0,0.0,0.0,0.0,0.0,0.0,0.0,0.0,0.0,0.0,0.0,0.0,0.0,0.0,0.0,0.0,0.0,0.0,0.0,0.0,0.0,0.0,0.0,0.0,0.0,0.0,0.0,0.0,0.0,0.0,0.0,0.0,0.0,0.0,0.0,0.0,0.0,0.0,0.0,0.0,0.0,0.0,0.0,0.0,0.217523390716,0.217523390716,0.496597,1
2024-09-23,0.0141115999999999,0.1479610142716655,5,-0.193002,0.142097,0.0866134,0.433067,0.1618658,0.2013704550789415,2,5,neutral,-0.4239163999999999,0.1443227566716701,0.0012222536554399,0.1117187833333333,0.1077164946081029,3.3333333333333335,0.2343498833333333,0.0881276,0.0423781071428571,0.1347007762229113,3.5714285714285716,0.15964415,0.0269297428571428,0.042377865024856,0.1547978305352448,4.571428571428571,0.1492774007456829,0.0356732666666666,0.0191112873867798,0.1659261680677626,4.5,0.1296466871204721,-0.0442014,50.0,-0.0893518615384615,0.0379422056684056,0.3642515660940541,-0.3087285853622859,-0.9677837946432648,-0.97892765,0.0,0.0,0.0,0.0,0.0,0.0,0.0,0.0,0.0,0.0,0.0,0.0,0.0,0.0,0.0,0.0,0.0,0.0,0.0,0.0,0.0,0.0,0.0,0.0,0.0,0.0,0.0,0.0,0.0,0.0,0.0,0.0,0.0,0.0,0.0,0.0,0.0,0.0,0.0,0.0,0.0,0.0,0.0,0.0,0.0,0.0012222536554399,0.0061112682771999,0.0866134,2
2024-09-24,0.0626110909090909,0.133237533535753,11,-0.174528,0.238708,0.090623,0.996853,0.1504340909090909,0.1540416547875636,4,11,neutral,0.0484994909090909,0.1315541197335502,0.0056740048914545,0.1715835636363636,0.1405992739037093,5.666666666666667,0.2246111333333333,0.1795943409090909,0.0395494534632034,0.1296768602932119,4.714285714285714,0.15931615,-0.0198005757575757,0.0469615500897911,0.1536155092278143,5.071428571428571,0.14906513288854,0.0641715909090909,0.0198977404170829,0.1558758947004461,4.733333333333333,0.1274641121204721,0.0235935909090909,50.0,-0.120269875,0.0115951084461834,0.3736320602440484,-0.308186670421371,3.4368527246443294,0.4724158909090908,0.0,0.0,0.0,0.0,0.0,0.0,0.0,0.0,0.0,0.0,0.0,0.0,0.0,0.0,0.0,0.0,0.0,0.0,0.0,0.0,0.0,0.0,0.0,0.0,0.0,0.0,0.0,0.0,0.0,0.0,0.0,0.0,0.0,0.0,0.0,0.0,0.0,0.0,0.0,0.0,0.0,0.0,0.0,0.0,0.0,0.0056740048914545,0.062414053806,0.090623,4
2024-09-25,0.05713175,0.1267349413503294,8,-0.161173,0.247608,0.145672625,1.165381,0.208399875,0.1391411688737505,1,8,neutral,-0.0054793409090909,0.118851366025572,0.0083225319933437,0.0446181469696969,0.1359778297192493,8.0,0.1076363416666666,-0.38089625,0.0513847987012986,0.1395439169287937,5.428571428571429,0.1730569535714285,0.0828474166666666,0.0426368564084724,0.1491800106477406,4.714285714285714,0.1492367599489796,-0.0605457115384615,0.0238208320837495,0.1547966001319232,4.966666666666667,0.1291858662871387,0.11769275,50.0,0.0394010476190476,0.0111465423086173,0.3669714545739931,-0.2873822897513158,-0.087513902561556,-0.0539788318181818,0.0,0.0,0.0,0.0,0.0,0.0,0.0,0.0,0.0,0.0,0.0,0.0,0.0,0.0,0.0,0.0,0.0,0.0,0.0,0.0,0.0,0.0,0.0,0.0,0.0,0.0,0.0,0.0,0.0,0.0,0.0,0.0,0.0,0.0,0.0,0.0,0.0,0.0,0.0,0.0,0.0,0.0,0.0,0.0,0.0,0.0083225319933437,0.06658025594675,0.145672625,1
2024-09-26,0.0632925714285714,0.1398245434712818,7,-0.174879,0.259462,0.1250565714285714,0.8753960000000001,0.1763898571428571,0.1777152008011963,1,7,neutral,0.0061608214285714,0.1369395081572574,0.0079151519797551,0.0610118041125541,0.1332656727857881,8.666666666666666,0.1204507321428571,0.0491809714285714,0.0634536803339517,0.1321293272926353,5.714285714285714,0.1651215494897959,0.0844821714285714,0.0403360490105132,0.1461968043996925,4.642857142857143,0.1442242471938775,-0.0322113035714285,0.0215521177980352,0.1542618838226146,5.166666666666667,0.1304053520014245,-0.0680614285714285,50.0,0.0808795,0.0113493015678765,0.3592118182172886,-0.2869460326153905,0.1078353354933365,0.0116401623376623,0.0,0.0,0.0,0.0,0.0,0.0,0.0,0.0,0.0,0.0,0.0,0.0,0.0,0.0,0.0,0.0,0.0,0.0,0.0,0.0,0.0,0.0,0.0,0.0,0.0,0.0,0.0,0.0,0.0,0.0,0.0,0.0,0.0,0.0,0.0,0.0,0.0,0.0,0.0,0.0,0.0,0.0,0.0,0.0,0.0,0.0079151519797551,0.0554060638582857,0.1250565714285714,1
2024-09-27,-0.0122329999999999,0.2120683947456574,2,-0.162188,0.137722,0.0796165,0.159233,0.1775585,0.1548839622443202,1,2,neutral,-0.0755255714285714,0.1519652854749374,-0.0009739486444999,0.0360637738095238,0.1595426265224229,5.666666666666667,0.1167818988095237,-0.0748440909090909,0.0722798231910946,0.1378830670532045,5.428571428571429,0.1634311923469388,0.061783,0.0382211442486085,0.1454898864645293,4.571428571428571,0.1432601400510204,-0.0296086666666666,0.0202001644647019,0.1583112644321288,5.066666666666666,0.1288964886680911,-0.0405585999999999,50.0,-0.1680376666666666,-0.0037807987688237,0.3680225898111868,-0.2864622042092888,-1.193277026417002,-0.0816863928571428,0.0,0.0,0.0,0.0,0.0,0.0,0.0,0.0,0.0,0.0,0.0,0.0,0.0,0.0,0.0,0.0,0.0,0.0,0.0,0.0,0.0,0.0,0.0,0.0,0.0,0.0,0.0,0.0,0.0,0.0,0.0,0.0,0.0,0.0,0.0,0.0,0.0,0.0,0.0,0.0,0.0,0.0,0.0,0.0,0.0,-0.0009739486444999,-0.0019478972889999,0.0796165,1
2024-09-28,-0.081125,0.0,1,-0.081125,-0.081125,0.128135,0.128135,-0.100658,0.0,1,1,neutral,-0.068892,0.1529663532757554,-0.010394951875,-0.0100218095238095,0.1759464691084697,3.3333333333333335,0.1109360238095238,-0.13825675,0.0774024303339517,0.1519652854749374,5.0,0.1646162994897959,0.03585825,0.0404207871057513,0.1416082102732284,4.5,0.141139068622449,0.030795,0.0183215311313686,0.1577179806918312,5.0,0.1304069331125356,-0.056359,50.0,-0.0526333571428571,-0.0277947273402523,0.3603126898111868,-0.2941721042092888,5.631652088612772,0.0066335714285714,0.0,0.0,0.0,0.0,0.0,0.0,0.0,0.0,0.0,0.0,0.0,0.0,0.0,0.0,0.0,0.0,0.0,0.0,0.0,0.0,0.0,0.0,0.0,0.0,0.0,0.0,0.0,0.0,0.0,0.0,0.0,0.0,0.0,0.0,0.0,0.0,0.0,0.0,0.0,0.0,0.0,0.0,0.0,0.0,0.0,-0.010394951875,-0.010394951875,0.128135,1
2024-09-30,0.0061811666666666,0.2027277699018234,6,-0.309758,0.204202,0.1096903333333333,0.658142,0.1091926666666666,0.1895400147764758,2,6,neutral,0.0873061666666666,0.170338912367273,0.0006780142320555,-0.0290589444444444,0.2073980823237405,3.0,0.1058139444444444,-0.0571114047619047,0.015710025572047,0.1604256995460851,5.714285714285714,0.1093439185374149,-0.4318468333333333,0.0271205132962275,0.1574849001425134,4.785714285714286,0.1367106281462585,-0.1862038333333333,0.0166350128774003,0.1597190901691128,4.966666666666667,0.1304462204141229,-0.0505955476190476,50.0,-0.1623049999999999,-0.0420446717846967,0.3485646544635077,-0.2796497855282763,-1.0761931176168464,0.1561981666666667,0.0,0.0,0.0,0.0,0.0,0.0,0.0,0.0,0.0,0.0,0.0,0.0,0.0,0.0,0.0,0.0,0.0,0.0,0.0,0.0,0.0,0.0,0.0,0.0,0.0,0.0,0.0,0.0,0.0,0.0,0.0,0.0,0.0,0.0,0.0,0.0,0.0,0.0,0.0,0.0,0.0,0.0,0.0,0.0,0.0,0.0006780142320555,0.0040680853923333,0.1096903333333333,2
2024-10-01,0.0109234999999999,0.1783993053369323,6,-0.198899,0.241531,0.0854834999999999,0.5129009999999999,0.117087,0.2424321453669046,2,6,neutral,0.0047423333333333,0.1832550033639237,0.0009337790122499,-0.0213401111111111,0.1905635376193779,4.333333333333333,0.1077696111111111,0.0231564999999999,0.0152545827149041,0.1654987480569629,5.857142857142857,0.1091825042517006,-0.0031880999999999,0.0288163449288806,0.1500997621399371,4.714285714285714,0.1344133271258503,0.0237416428571428,0.0180338128774003,0.1609166399555298,4.9,0.1301201454141229,0.041964,50.0,-0.0108973333333333,-0.0389222273402523,0.3524990316640168,-0.2823357627287854,0.7672230161512099,-0.0825638333333333,0.0,0.0,0.0,0.0,0.0,0.0,0.0,0.0,0.0,0.0,0.0,0.0,0.0,0.0,0.0,0.0,0.0,0.0,0.0,0.0,0.0,0.0,0.0,0.0,0.0,0.0,0.0,0.0,0.0,0.0,0.0,0.0,0.0,0.0,0.0,0.0,0.0,0.0,0.0,0.0,0.0,0.0,0.0,0.0,0.0,0.0009337790122499,0.0056026740734999,0.0854834999999999,2
2024-10-02,-0.0016123999999999,0.2001506336782929,10,-0.37672,0.237923,0.1200504999999999,1.200505,0.2025443,0.1959330259434188,2,10,neutral,-0.0125358999999999,0.1983365259156765,-0.0001935694261999,0.0051640888888888,0.1937592363056829,7.333333333333333,0.1050747777777777,0.0795126,0.0060797982993197,0.1766509314140529,5.714285714285714,0.1133864328231292,-0.0642234909090909,0.0228146258812615,0.1531638958536324,5.214285714285714,0.1363512914115646,-0.0840240666666666,0.0171684884329559,0.1641357659538573,4.933333333333334,0.1303185546733822,-0.0259597333333333,50.0,-0.0631163999999999,-0.0607034384513634,0.3482850064523166,-0.2900507236709313,-1.1476083672815487,-0.0172782333333333,0.0,0.0,0.0,0.0,0.0,0.0,0.0,0.0,0.0,0.0,0.0,0.0,0.0,0.0,0.0,0.0,0.0,0.0,0.0,0.0,0.0,0.0,0.0,0.0,0.0,0.0,0.0,0.0,0.0,0.0,0.0,0.0,0.0,0.0,0.0,0.0,0.0,0.0,0.0,0.0,0.0,0.0,0.0,0.0,0.0,-0.0001935694261999,-0.0019356942619999,0.1200504999999999,2
2024-10-03,0.0171963333333333,0.2115200038530635,9,-0.308634,0.438644,0.1538081111111111,1.384273,0.0568195555555555,0.1743144829253375,4,9,neutral,0.0188087333333333,0.198199428192528,0.002644935548037,0.0088358111111111,0.1966899809560963,8.333333333333334,0.1197807037037037,0.0110151666666666,0.0003747387755102,0.1907817751645086,5.857142857142857,0.1145486451247165,-0.0399354166666666,0.0258797687384044,0.1651628460466511,5.642857142857143,0.1438027993480725,0.042912,0.0199234162107337,0.1678966170304625,5.166666666666667,0.1271663917104192,0.0826478333333333,50.0,0.2105423636363636,-0.0273818578763828,0.3480267159420006,-0.297623187327282,-11.665054163565715,0.0313446333333333,0.0,0.0,0.0,0.0,0.0,0.0,0.0,0.0,0.0,0.0,0.0,0.0,0.0,0.0,0.0,0.0,0.0,0.0,0.0,0.0,0.0,0.0,0.0,0.0,0.0,0.0,0.0,0.0,0.0,0.0,0.0,0.0,0.0,0.0,0.0,0.0,0.0,0.0,0.0,0.0,0.0,0.0,0.0,0.0,0.0,0.002644935548037,0.0238044199323333,0.1538081111111111,4
2024-10-04,-0.0747094285714285,0.1907064889455846,7,-0.361168,0.206686,0.1469541428571428,1.028679,0.051321,0.1345566439583469,4,7,neutral,-0.0919057619047618,0.1967008403431393,-0.0109788600390612,-0.0197084984126984,0.2007923754923137,8.666666666666666,0.1402709179894179,-0.0856329285714285,-0.0193398326530612,0.1992620994102257,5.857142857142857,0.1176768696145124,-0.138002,0.0220569238404452,0.1656957133514305,5.785714285714286,0.1413992095521541,-0.0535198285714285,0.0200962130361305,0.171251122087861,5.3,0.1294276853612128,0.0051839047619047,50.0,0.01180425,-0.012706955098605,0.3400278124070743,-0.2988327933161653,-5.344497581156559,-0.1107144952380952,0.0,0.0,0.0,0.0,0.0,0.0,0.0,0.0,0.0,0.0,0.0,0.0,0.0,0.0,0.0,0.0,0.0,0.0,0.0,0.0,0.0,0.0,0.0,0.0,0.0,0.0,0.0,0.0,0.0,0.0,0.0,0.0,0.0,0.0,0.0,0.0,0.0,0.0,0.0,0.0,0.0,0.0,0.0,0.0,0.0,-0.0109788600390612,-0.0768520202734285,0.1469541428571428,4
2024-10-05,0.0762625,0.092575945808473,4,-0.028585,0.191961,0.1714375,0.6857500000000001,-0.01643825,0.0900191688304033,1,4,neutral,0.1509719285714285,0.1746704755244693,0.01307425234375,0.0062498015873015,0.1649341462023737,6.666666666666667,0.157399917989418,0.0778749,-0.0066976183673469,0.1793466912540282,6.142857142857143,0.1307941553287981,0.0884954999999999,0.0327911024118738,0.1586148791536164,5.785714285714286,0.1471126738378685,0.1502784999999999,0.0238587297027972,0.1712182338920676,5.266666666666667,0.1327393620278795,0.1128754999999999,50.0,-0.364955,-0.0576354048340548,0.3383820424124447,-0.2783687733215356,-2.0207881583123948,0.2428776904761904,0.0,0.0,0.0,0.0,0.0,0.0,0.0,0.0,0.0,0.0,0.0,0.0,0.0,0.0,0.0,0.0,0.0,0.0,0.0,0.0,0.0,0.0,0.0,0.0,0.0,0.0,0.0,0.0,0.0,0.0,0.0,0.0,0.0,0.0,0.0,0.0,0.0,0.0,0.0,0.0,0.0,0.0,0.0,0.0,0.0,0.01307425234375,0.052297009375,0.1714375,1
2024-10-06,-0.095592,0.0,1,-0.095592,-0.095592,0.080188,0.080188,0.040995,0.0,1,1,neutral,-0.1718545,0.1737382680713535,-0.0076653312959999,-0.0313463095238095,0.1416412173770289,4.0,0.1328598809523809,-0.1127883333333333,-0.0087643326530612,0.1793466912540282,6.142857142857143,0.1239445839002267,-0.0144669999999999,0.0343190488404452,0.1669005977180779,5.571428571428571,0.1442804416950113,0.02139125,0.0234825297027972,0.1681755744309614,5.133333333333334,0.1320544020278795,-0.011286,50.0,-0.0356732666666666,-0.0705857122414622,0.3406867468198671,-0.3094711777289581,-2.2534600885100806,-0.3228264285714285,0.0,0.0,0.0,0.0,0.0,0.0,0.0,0.0,0.0,0.0,0.0,0.0,0.0,0.0,0.0,0.0,0.0,0.0,0.0,0.0,0.0,0.0,0.0,0.0,0.0,0.0,0.0,0.0,0.0,0.0,0.0,0.0,0.0,0.0,0.0,0.0,0.0,0.0,0.0,0.0,0.0,0.0,0.0,0.0,0.0,-0.0076653312959999,-0.0076653312959999,0.080188,1
2024-10-07,-0.0052273636363636,0.1597044673603545,11,-0.331062,0.270128,0.1023009999999999,1.125311,0.1134760909090909,0.1712255721283795,2,11,neutral,0.0903646363636363,0.1636267264918689,-0.0005347645273636,-0.0081856212121212,0.1261402065844138,5.333333333333333,0.1179755,0.0694820649350649,-0.0103941226963512,0.1721761408304501,6.857142857142857,0.1228889648526077,-0.0114085303030303,0.0026579514378478,0.1663009201882676,6.285714285714286,0.1161164416950113,-0.4432553636363636,0.0187574054603729,0.1675216668606629,5.133333333333334,0.1312418020278795,-0.1417537272727272,50.0,-0.0641715909090909,-0.0590450371572871,0.3284408158976716,-0.2964661688846846,-0.945315887978454,0.2622191363636363,0.0,0.0,0.0,0.0,0.0,0.0,0.0,0.0,0.0,0.0,0.0,0.0,0.0,0.0,0.0,0.0,0.0,0.0,0.0,0.0,0.0,0.0,0.0,0.0,0.0,0.0,0.0,0.0,0.0,0.0,0.0,0.0,0.0,0.0,0.0,0.0,0.0,0.0,0.0,0.0,0.0,0.0,0.0,0.0,0.0,-0.0005347645273636,-0.005882409801,0.1023009999999999,2
2024-10-08,0.0031886,0.1548007394545831,15,-0.30611,0.25357,0.1250986666666666,1.87648,0.1049944666666666,0.1336467657980045,5,15,neutral,0.0084159636363636,0.1494469103922488,0.0003988896085333,-0.0325435878787878,0.1572526034074689,9.0,0.1025292222222222,-0.0730739,-0.0114991084106369,0.1682430465167252,8.142857142857142,0.1285482743764172,-0.0077348999999999,0.0018777371521335,0.1668708972868441,7.0,0.1188653893140589,-0.0109229999999999,0.0223696587937062,0.1667602664396634,5.533333333333333,0.1316611798056573,0.1083676,50.0,0.0605457115384615,-0.046469585081585,0.3234702167220599,-0.2994178763757396,-1.6099824350880851,-0.0819486727272727,0.0,0.0,0.0,0.0,0.0,0.0,0.0,0.0,0.0,0.0,0.0,0.0,0.0,0.0,0.0,0.0,0.0,0.0,0.0,0.0,0.0,0.0,0.0,0.0,0.0,0.0,0.0,0.0,0.0,0.0,0.0,0.0,0.0,0.0,0.0,0.0,0.0,0.0,0.0,0.0,0.0,0.0,0.0,0.0,0.0,0.0003988896085333,0.005983344128,0.1250986666666666,5
2024-10-09,0.0106662142857142,0.1435269218821004,14,-0.170109,0.284143,0.1049977857142857,1.469969,0.1549497857142857,0.1806594330813042,4,14,neutral,0.0074776142857142,0.1376520186263777,0.001119928881954,0.0028758168831168,0.1526773762323461,13.333333333333334,0.1107991507936508,0.1062582142857142,-0.0097450206555349,0.1588057612173598,8.714285714285714,0.1263978866213151,0.0122786142857142,-0.0018326111781076,0.1677283463157064,7.214285714285714,0.1198921597222222,-0.0519448766233766,0.0202894326032301,0.1658997721967907,5.966666666666667,0.1317893059961335,-0.0624067857142857,50.0,0.0322113035714285,-0.0248566624625374,0.3342298190455922,-0.3065392906040338,2.345108914794669,-0.0009383493506493,0.0,0.0,0.0,0.0,0.0,0.0,0.0,0.0,0.0,0.0,0.0,0.0,0.0,0.0,0.0,0.0,0.0,0.0,0.0,0.0,0.0,0.0,0.0,0.0,0.0,0.0,0.0,0.0,0.0,0.0,0.0,0.0,0.0,0.0,0.0,0.0,0.0,0.0,0.0,0.0,0.0,0.0,0.0,0.0,0.0,0.001119928881954,0.0156790043473571,0.1049977857142857,4
2024-10-10,-0.06628,0.1399546377203291,8,-0.266536,0.134067,0.108113875,0.864911,0.075432625,0.1817100702759658,4,8,neutral,-0.0769462142857142,0.1494966916043417,-0.007165787635,-0.0174750619047619,0.1460940996856709,12.333333333333334,0.1127367757936507,-0.0610526363636363,-0.0216702111317254,0.1468782001952374,8.571428571428571,0.1198701386054421,-0.0834763333333333,-0.0106477361781076,0.168829987679873,7.214285714285714,0.1172093918650793,-0.12341175,0.0187988214921189,0.1591964490371385,6.133333333333334,0.132237024051689,-0.0447183333333333,50.0,0.0296086666666666,-0.0203559957958707,0.3267567762728976,-0.3035752878313392,-7.214013540752846,-0.0844238285714285,0.0,0.0,0.0,0.0,0.0,0.0,0.0,0.0,0.0,0.0,0.0,0.0,0.0,0.0,0.0,0.0,0.0,0.0,0.0,0.0,0.0,0.0,0.0,0.0,0.0,0.0,0.0,0.0,0.0,0.0,0.0,0.0,0.0,0.0,0.0,0.0,0.0,0.0,0.0,0.0,0.0,0.0,0.0,0.0,0.0,-0.007165787635,-0.05732630108,0.108113875,4
2024-10-11,0.0067754999999999,0.2449536452749785,6,-0.371565,0.316207,0.1017518333333333,0.610511,0.0990154999999999,0.2312870918462593,2,6,neutral,0.0730555,0.1685880823384691,0.0006894195467499,-0.0162794285714285,0.1761450682924694,9.333333333333334,0.104954498015873,0.0035868999999999,-0.0100295070500927,0.1559193929168031,8.428571428571429,0.1134126658163265,0.0814849285714285,-0.0146846698515769,0.1775907461635144,7.142857142857143,0.1155447677154194,-0.0565170714285714,0.0190766881587856,0.1627648169905693,6.2,0.1325089268294668,0.008336,50.0,-0.030795,-0.0167647291292041,0.338726667636749,-0.3074660291951905,-1.1022254073627036,0.1500017142857143,0.0,0.0,0.0,0.0,0.0,0.0,0.0,0.0,0.0,0.0,0.0,0.0,0.0,0.0,0.0,0.0,0.0,0.0,0.0,0.0,0.0,0.0,0.0,0.0,0.0,0.0,0.0,0.0,0.0,0.0,0.0,0.0,0.0,0.0,0.0,0.0,0.0,0.0,0.0,0.0,0.0,0.0,0.0,0.0,0.0,0.0006894195467499,0.0041365172804999,0.1017518333333333,2
2024-10-12,-0.062365,0.0,1,-0.062365,-0.062365,0.088147,0.088147,-0.090864,0.0,1,1,neutral,-0.0691405,0.1708089860829977,-0.0054972876549999,-0.0406231666666666,0.1924541414976539,5.0,0.0993375694444444,-0.0730312142857142,-0.0298334356215213,0.1685880823384691,8.0,0.1015140229591836,-0.1386275,-0.0182655269944341,0.1744564144742287,7.071428571428571,0.1161540891439909,-0.050132,0.0130752727741702,0.1619328321482339,5.8,0.1306714986243386,-0.1800424615384615,50.0,0.1862038333333333,-0.0194690102739852,0.3532171050446795,-0.3164946416031211,-10.204486753745112,-0.142196,0.0,0.0,0.0,0.0,0.0,0.0,0.0,0.0,0.0,0.0,0.0,0.0,0.0,0.0,0.0,0.0,0.0,0.0,0.0,0.0,0.0,0.0,0.0,0.0,0.0,0.0,0.0,0.0,0.0,0.0,0.0,0.0,0.0,0.0,0.0,0.0,0.0,0.0,0.0,0.0,0.0,0.0,0.0,0.0,0.0,-0.0054972876549999,-0.0054972876549999,0.088147,1
2024-10-13,-0.0011515,0.158965501155649,4,-0.085624,0.237088,0.08163175,0.326527,0.06348,0.22547614477959,2,4,neutral,0.0612134999999999,0.1718501765082642,-9.399896012500026e-05,-0.0189136666666666,0.2019595732153138,3.6666666666666665,0.0905101944444444,0.0651285,-0.0163419356215213,0.1669843188079991,8.428571428571429,0.1017202729591836,0.0944405,-0.0125531341372912,0.1731655050310137,7.285714285714286,0.1128324284297052,0.0799735,0.0098534269408369,0.1611774197043778,5.666666666666667,0.1268848319576719,-0.096655375,50.0,-0.0237416428571428,-0.0234185539247789,0.3302625493968794,-0.337458035955321,-0.981536118014912,0.1303539999999999,0.0,0.0,0.0,0.0,0.0,0.0,0.0,0.0,0.0,0.0,0.0,0.0,0.0,0.0,0.0,0.0,0.0,0.0,0.0,0.0,0.0,0.0,0.0,0.0,0.0,0.0,0.0,0.0,0.0,0.0,0.0,0.0,0.0,0.0,0.0,0.0,0.0,0.0,0.0,0.0,0.0,0.0,0.0,0.0,0.0,-9.399896012500026e-05,-0.0003759958405,0.08163175,2
2024-10-14,-0.0299923749999999,0.1099602895606766,8,-0.173506,0.167638,0.072797375,0.582379,0.104090875,0.1386785854262989,5,8,neutral,-0.0288408749999999,0.1634585184279083,-0.0021833661700156,-0.0311696249999999,0.1344628953581629,4.333333333333333,0.0808587083333333,-0.0367678749999999,-0.0198797943877551,0.1586936225080528,8.0,0.0975054693877551,-0.0247650113636363,-0.0151369585420531,0.1654348816692515,7.428571428571429,0.1101972171201813,-0.0361735416666666,0.0082744922186147,0.1568967259219893,5.833333333333333,0.1262076111243386,-0.0473680416666666,50.0,0.0840240666666666,0.026468009038184,0.3235866771514689,-0.3351925612099105,25.04635258358655,-0.0900543749999999,0.0,0.0,0.0,0.0,0.0,0.0,0.0,0.0,0.0,0.0,0.0,0.0,0.0,0.0,0.0,0.0,0.0,0.0,0.0,0.0,0.0,0.0,0.0,0.0,0.0,0.0,0.0,0.0,0.0,0.0,0.0,0.0,0.0,0.0,0.0,0.0,0.0,0.0,0.0,0.0,0.0,0.0,0.0,0.0,0.0,-0.0021833661700156,-0.0174669293601249,0.072797375,5
2024-10-15,0.0859044545454545,0.2416785177074551,11,-0.23139,0.568299,0.0975760909090909,1.073337,0.185172,0.2382507543035278,4,11,neutral,0.1158968295454545,0.1888894884246898,0.0083822208662231,0.0182535265151515,0.1702014361412603,7.666666666666667,0.0840017386363636,0.1482694545454545,-0.0080632437384044,0.1731732522168648,7.428571428571429,0.0935736728509585,0.0827158545454545,-0.0097811760745207,0.170708149366795,7.785714285714286,0.1110609736136879,0.0749809545454545,0.0148686407034632,0.1588047458045783,6.133333333333334,0.1241991474879749,0.1978244545454545,50.0,-0.0429119999999999,0.0256637053344803,0.3375091081770168,-0.346785655871822,-3.864209804840549,0.1447377045454545,0.0,0.0,0.0,0.0,0.0,0.0,0.0,0.0,0.0,0.0,0.0,0.0,0.0,0.0,0.0,0.0,0.0,0.0,0.0,0.0,0.0,0.0,0.0,0.0,0.0,0.0,0.0,0.0,0.0,0.0,0.0,0.0,0.0,0.0,0.0,0.0,0.0,0.0,0.0,0.0,0.0,0.0,0.0,0.0,0.0,0.0083822208662231,0.0922044295284545,0.0975760909090909,4
2024-10-16,-0.03227425,0.2338827710647295,4,-0.362329,0.183878,0.13598875,0.543955,0.07712625,0.1841558336000157,2,4,neutral,-0.1181787045454545,0.1861217698721275,-0.0043889349146875,0.0078792765151515,0.1951738594442872,7.666666666666667,0.1021207386363636,-0.03112275,-0.0141975957792207,0.1882325604139696,6.0,0.0980009534632034,-0.0429404642857142,-0.0119713082173778,0.1735191608156647,7.357142857142857,0.1121994200422593,-0.03066185,0.0073799990367965,0.1673307180966678,6.2,0.1230091558213083,-0.22465925,50.0,0.0535198285714285,0.0387405297212047,0.3456444352022403,-0.3638615828970455,-1.3756993763684602,-0.2340755340909091,0.0,0.0,0.0,0.0,0.0,0.0,0.0,0.0,0.0,0.0,0.0,0.0,0.0,0.0,0.0,0.0,0.0,0.0,0.0,0.0,0.0,0.0,0.0,0.0,0.0,0.0,0.0,0.0,0.0,0.0,0.0,0.0,0.0,0.0,0.0,0.0,0.0,0.0,0.0,0.0,0.0,0.0,0.0,0.0,0.0,-0.0043889349146875,-0.01755573965875,0.13598875,2
2024-10-17,0.0532756666666666,0.1508822737284492,6,-0.175595,0.284324,0.0980605,0.588363,0.1949688333333333,0.1792256274905089,4,6,neutral,0.0855499166666666,0.1790738706433919,0.0052242385111666,0.0356352904040404,0.2088145208335446,7.0,0.1105417803030303,0.0832680416666666,0.0028817851731601,0.1900538330819896,5.714285714285714,0.096564757034632,0.1195556666666666,-0.0093942129792826,0.1684660166386135,7.142857142857143,0.1082174478200371,0.0360793333333333,0.0095831260209235,0.1628638454951524,6.166666666666667,0.1223563153451178,0.0660938095238095,50.0,-0.1502784999999999,0.0153156173280423,0.3464444994061648,-0.3656633375771605,-2.650717419201582,0.2037286212121212,0.0,0.0,0.0,0.0,0.0,0.0,0.0,0.0,0.0,0.0,0.0,0.0,0.0,0.0,0.0,0.0,0.0,0.0,0.0,0.0,0.0,0.0,0.0,0.0,0.0,0.0,0.0,0.0,0.0,0.0,0.0,0.0,0.0,0.0,0.0,0.0,0.0,0.0,0.0,0.0,0.0,0.0,0.0,0.0,0.0,0.0052242385111666,0.0313454310669999,0.0980605,4
2024-10-18,-0.1361685,0.0492365522808004,2,-0.170984,-0.101353,0.134363,0.268726,0.0147505,0.1032877946347002,2,2,neutral,-0.1894441666666666,0.1571280808684222,-0.0182960081655,-0.0383890277777777,0.1446671990246598,4.0,0.1228040833333333,-0.2220729545454545,-0.0175387862554112,0.15743431758296,5.142857142857143,0.1012234951298701,-0.142944,-0.013784146652752,0.1566768552498815,6.785714285714286,0.1073180804730983,-0.0614590714285714,0.0022971204653679,0.1584736733092621,6.133333333333334,0.1237377820117845,-0.2185801666666666,50.0,-0.02139125,0.009359778042328,0.3210910370573581,-0.3527034252283538,-3.5559229667077528,-0.2749940833333333,0.0,0.0,0.0,0.0,0.0,0.0,0.0,0.0,0.0,0.0,0.0,0.0,0.0,0.0,0.0,0.0,0.0,0.0,0.0,0.0,0.0,0.0,0.0,0.0,0.0,0.0,0.0,0.0,0.0,0.0,0.0,0.0,0.0,0.0,0.0,0.0,0.0,0.0,0.0,0.0,0.0,0.0,0.0,0.0,0.0,-0.0182960081655,-0.036592016331,0.134363,2
2024-10-19,0.0126429999999999,0.0760804470149854,2,-0.041154,0.06644,0.0821835,0.164367,0.078169,0.0489812867327921,2,2,neutral,0.1488114999999999,0.1503521123592839,0.0010390459904999,-0.0234166111111111,0.0920664243414117,3.3333333333333335,0.104869,0.04491725,-0.0068233576839826,0.1458123360732493,5.285714285714286,0.1003715665584415,0.0750079999999999,-0.018328396652752,0.1553022303504242,6.642857142857143,0.1009427947588126,-0.0636195,0.0035757426875901,0.1588024365968832,6.1,0.1248276653451178,0.0383586666666666,50.0,0.4432553636363636,0.0553205221500721,0.3155163072177533,-0.337751895388749,-1.0928481991062544,0.3382556666666666,0.0,0.0,0.0,0.0,0.0,0.0,0.0,0.0,0.0,0.0,0.0,0.0,0.0,0.0,0.0,0.0,0.0,0.0,0.0,0.0,0.0,0.0,0.0,0.0,0.0,0.0,0.0,0.0,0.0,0.0,0.0,0.0,0.0,0.0,0.0,0.0,0.0,0.0,0.0,0.0,0.0,0.0,0.0,0.0,0.0,0.0010390459904999,0.0020780919809999,0.0821835,2
2024-10-20,-0.07423,0.0,1,-0.07423,-0.07423,0.170878,0.170878,0.097569,0.0,1,1,neutral,-0.086873,0.1275205110222411,-0.01268427394,-0.0659184999999999,0.062658499647893,1.6666666666666667,0.1291415,-0.1275056666666666,-0.0172631433982684,0.1436201418928493,4.857142857142857,0.1131210308441558,-0.0730785,-0.0168025395098948,0.1553022303504242,6.642857142857143,0.1074206519016697,0.0213619999999999,0.0018077293542568,0.1577820508092292,5.966666666666667,0.1245034520117845,-0.0530404,50.0,0.010923,0.0599558554834054,0.3068591936785144,-0.3371358985161767,-6.871233093411375,-0.2356845,0.0,0.0,0.0,0.0,0.0,0.0,0.0,0.0,0.0,0.0,0.0,0.0,0.0,0.0,0.0,0.0,0.0,0.0,0.0,0.0,0.0,0.0,0.0,0.0,0.0,0.0,0.0,0.0,0.0,0.0,0.0,0.0,0.0,0.0,0.0,0.0,0.0,0.0,0.0,0.0,0.0,0.0,0.0,0.0,0.0,-0.01268427394,-0.01268427394,0.170878,1
2024-10-21,-0.008209,0.1323108750859127,6,-0.189639,0.090386,0.0630108333333333,0.378065,0.1683046666666666,0.1148234098947887,4,6,neutral,0.066021,0.1021275370275369,-0.0005172559308333,-0.0232653333333333,0.1041956610504491,3.0,0.1053574444444444,0.1279595,-0.0141512326839826,0.1473452394803887,4.571428571428571,0.1117229534632034,0.0217833749999999,-0.0170155135358688,0.1530194309942207,6.285714285714286,0.1046142114254792,-0.0029816363636363,0.0040012960209235,0.155972647565376,6.033333333333333,0.1235555131228956,0.0658069999999999,50.0,0.0519448766233766,0.0450381936267436,0.3004804004136886,-0.3326703552513509,-0.8894112892361579,0.152894,0.0,0.0,0.0,0.0,0.0,0.0,0.0,0.0,0.0,0.0,0.0,0.0,0.0,0.0,0.0,0.0,0.0,0.0,0.0,0.0,0.0,0.0,0.0,0.0,0.0,0.0,0.0,0.0,0.0,0.0,0.0,0.0,0.0,0.0,0.0,0.0,0.0,0.0,0.0,0.0,0.0,0.0,0.0,0.0,0.0,-0.0005172559308333,-0.003103535585,0.0630108333333333,4
2024-10-22,-0.0998083999999999,0.1903082636521599,5,-0.372104,0.133812,0.1147745999999999,0.573873,0.0313901999999999,0.1059472931659889,2,5,neutral,-0.0915993999999999,0.1119840345084646,-0.0114554691866399,-0.0607491333333333,0.1613095693690364,4.0,0.1162211444444444,-0.1124513999999999,-0.0406816404761904,0.1387835304711728,3.7142857142857144,0.1141798833333333,-0.1857128545454545,-0.0243724421072974,0.1559783913440188,5.571428571428571,0.1038767780921459,-0.1029969999999999,0.0045737910209235,0.1608860991136808,6.066666666666666,0.1233866914562289,0.01717485,50.0,0.12341175,0.0613885706108706,0.2944126745282612,-0.3364222293659235,11.158411499573631,-0.1576204,0.0,0.0,0.0,0.0,0.0,0.0,0.0,0.0,0.0,0.0,0.0,0.0,0.0,0.0,0.0,0.0,0.0,0.0,0.0,0.0,0.0,0.0,0.0,0.0,0.0,0.0,0.0,0.0,0.0,0.0,0.0,0.0,0.0,0.0,0.0,0.0,0.0,0.0,0.0,0.0,0.0,0.0,0.0,0.0,0.0,-0.0114554691866399,-0.0572773459331999,0.1147745999999999,2
2024-10-23,-0.0849743999999999,0.2859290278098745,5,-0.453433,0.144484,0.1071724,0.5358620000000001,0.1748897999999999,0.2388137631527965,2,5,neutral,0.014834,0.1711571533907331,-0.0091069103865599,-0.0643305999999999,0.2028493888493157,5.333333333333333,0.0949859444444444,-0.0107443999999999,-0.0482102333333333,0.1474579065953637,3.857142857142857,0.1100632619047619,-0.0527001499999999,-0.031203914556277,0.1678452335046667,4.928571428571429,0.1040321076839826,-0.0956406142857142,-0.0128596223124098,0.1656954425250729,6.2,0.1104058714562289,-0.5230024,50.0,0.0565170714285714,0.0583322378066378,0.2980581406800429,-0.3502847688510385,-0.1486247650498356,0.1064334,0.0,0.0,0.0,0.0,0.0,0.0,0.0,0.0,0.0,0.0,0.0,0.0,0.0,0.0,0.0,0.0,0.0,0.0,0.0,0.0,0.0,0.0,0.0,0.0,0.0,0.0,0.0,0.0,0.0,0.0,0.0,0.0,0.0,0.0,0.0,0.0,0.0,0.0,0.0,0.0,0.0,0.0,0.0,0.0,0.0,-0.0091069103865599,-0.0455345519327999,0.1071724,2
2024-10-24,-0.0890138,0.1553159962502253,5,-0.362728,0.0,0.0997231999999999,0.4986159999999999,0.1009442,0.2529374336831146,2,5,neutral,-0.0040394,0.1909660406995431,-0.00887674098016,-0.0912655333333333,0.2105177625707532,5.0,0.1072233999999999,-0.0808048,-0.0685373,0.148196860348993,3.7142857142857144,0.1103007904761904,-0.1422894666666666,-0.0328277574134199,0.1691253467154913,4.714285714285714,0.1034327737554112,-0.0227338,-0.0162971356457431,0.1659783264473252,6.2,0.1108428647895622,-0.1031254,50.0,0.050132,0.06867046002886,0.2931793347326896,-0.3468364000465425,0.0475366698676309,-0.0188734,0.0,0.0,0.0,0.0,0.0,0.0,0.0,0.0,0.0,0.0,0.0,0.0,0.0,0.0,0.0,0.0,0.0,0.0,0.0,0.0,0.0,0.0,0.0,0.0,0.0,0.0,0.0,0.0,0.0,0.0,0.0,0.0,0.0,0.0,0.0,0.0,0.0,0.0,0.0,0.0,0.0,0.0,0.0,0.0,0.0,-0.00887674098016,-0.0443837049008,0.0997231999999999,2
2024-10-25,-0.0873475,0.1174497292483043,2,-0.170397,-0.004298,0.141286,0.282572,-0.0947485,0.0527494587697352,2,2,neutral,0.0016663,0.1762627784092953,-0.012340978885,-0.0871118999999999,0.1862315844361347,4.0,0.1160605333333333,0.0124608999999999,-0.0615628714285714,0.1595657231769103,3.7142857142857144,0.1112897904761904,0.048821,-0.0395508288419913,0.1585000203799351,4.428571428571429,0.1062566428030303,-0.094123,-0.0212957553427128,0.1653711032055002,5.9,0.1125316314562289,-0.1499585909090909,50.0,-0.0799735,0.0538378679653679,0.2879251621961992,-0.357943227510052,-0.0187195693252059,0.0057057,0.0,0.0,0.0,0.0,0.0,0.0,0.0,0.0,0.0,0.0,0.0,0.0,0.0,0.0,0.0,0.0,0.0,0.0,0.0,0.0,0.0,0.0,0.0,0.0,0.0,0.0,0.0,0.0,0.0,0.0,0.0,0.0,0.0,0.0,0.0,0.0,0.0,0.0,0.0,0.0,0.0,0.0,0.0,0.0,0.0,-0.012340978885,-0.02468195777,0.141286,2
2024-10-26,-0.1356455,0.105178598167593,2,-0.210018,-0.061273,0.0695,0.139,-0.041602,0.1377528862565137,2,2,neutral,-0.048298,0.1708363230256314,-0.00942736225,-0.1040022666666666,0.1259814412220409,3.0,0.1035030666666666,-0.0506711,-0.0827469428571428,0.1644154150356782,3.7142857142857144,0.1094778619047619,-0.1482885,-0.0447851502705627,0.1543983725174473,4.5,0.1049247142316017,-0.0732805,-0.0277216636760461,0.1645420130830873,5.7,0.1099925439562289,-0.19277725,50.0,0.0361735416666666,0.0745547614838864,0.2796682095007581,-0.3536916248146109,0.5529408397492774,-0.0499643,0.0,0.0,0.0,0.0,0.0,0.0,0.0,0.0,0.0,0.0,0.0,0.0,0.0,0.0,0.0,0.0,0.0,0.0,0.0,0.0,0.0,0.0,0.0,0.0,0.0,0.0,0.0,0.0,0.0,0.0,0.0,0.0,0.0,0.0,0.0,0.0,0.0,0.0,0.0,0.0,0.0,0.0,0.0,0.0,0.0,-0.00942736225,-0.0188547245,0.0695,2
2024-10-27,-0.0383976666666666,0.1416908023914514,3,-0.139543,0.123546,0.109385,0.328155,0.0596916666666666,0.1633761939124955,1,3,neutral,0.0972478333333333,0.1611128307734897,-0.0042001287683333,-0.0871302222222222,0.121439709935783,2.3333333333333335,0.1067236666666666,0.0506161333333333,-0.077628038095238,0.1611690418007887,4.0,0.1006931476190476,0.0358323333333333,-0.0474455907467532,0.153069549535586,4.428571428571429,0.1069070892316017,-0.0372461666666666,-0.0311113382792207,0.1646137922723246,5.566666666666666,0.1094701582419432,-0.1016902380952381,50.0,-0.0749809545454545,0.0686003498677248,0.2760081760193648,-0.353348621636248,-0.7169263509171578,0.1455458333333333,0.0,0.0,0.0,0.0,0.0,0.0,0.0,0.0,0.0,0.0,0.0,0.0,0.0,0.0,0.0,0.0,0.0,0.0,0.0,0.0,0.0,0.0,0.0,0.0,0.0,0.0,0.0,0.0,0.0,0.0,0.0,0.0,0.0,0.0,0.0,0.0,0.0,0.0,0.0,0.0,0.0,0.0,0.0,0.0,0.0,-0.0042001287683333,-0.012600386305,0.109385,1
2024-10-28,0.0187912,0.2231319454195207,5,-0.357332,0.240294,0.1250659999999999,0.6253299999999999,0.2642614,0.2089687893509459,1,5,neutral,0.0571888666666666,0.1485534142954189,0.0023501402192,-0.0517506555555555,0.1566671153261884,3.3333333333333335,0.101317,0.1061387,-0.0737708666666666,0.1741434804198756,3.857142857142857,0.1095581714285714,0.0270002,-0.0439610496753246,0.1617750615247278,4.214285714285714,0.1106405624458874,0.048783575,-0.0300771982792207,0.1650393134520885,5.666666666666667,0.1109851415752765,0.0310242,50.0,0.03066185,0.0227566261303511,0.2843806622376912,-0.3601608478545744,-1.4893839035358054,-0.0400589666666666,0.0,0.0,0.0,0.0,0.0,0.0,0.0,0.0,0.0,0.0,0.0,0.0,0.0,0.0,0.0,0.0,0.0,0.0,0.0,0.0,0.0,0.0,0.0,0.0,0.0,0.0,0.0,0.0,0.0,0.0,0.0,0.0,0.0,0.0,0.0,0.0,0.0,0.0,0.0,0.0,0.0,0.0,0.0,0.0,0.0,0.0023501402192,0.011750701096,0.1250659999999999,1
2024-10-29,0.0784425,0.2078851248815075,4,-0.170688,0.337304,0.09818325,0.392733,0.178718,0.1666718394350607,1,4,neutral,0.0596512999999999,0.1590672400216754,0.007701739588125,0.0196120111111111,0.1909026242308266,4.0,0.1108780833333333,0.214088,-0.0483064523809523,0.1766544605954967,3.7142857142857144,0.1071879785714285,0.1782509,-0.0444940464285714,0.1591755697688857,3.7142857142857144,0.1106839309523809,-0.0074619545454545,-0.0247582816125541,0.1666261953568819,5.766666666666667,0.1099867499086099,0.1595675,50.0,-0.0360793333333333,0.0175341446488696,0.2949203879677841,-0.3639229450132387,3.1744273915449757,0.0024624333333333,0.0,0.0,0.0,0.0,0.0,0.0,0.0,0.0,0.0,0.0,0.0,0.0,0.0,0.0,0.0,0.0,0.0,0.0,0.0,0.0,0.0,0.0,0.0,0.0,0.0,0.0,0.0,0.0,0.0,0.0,0.0,0.0,0.0,0.0,0.0,0.0,0.0,0.0,0.0,0.0,0.0,0.0,0.0,0.0,0.0,0.007701739588125,0.0308069583525,0.09818325,1
2024-10-30,0.0314789999999999,0.2453176780543954,5,-0.369996,0.279286,0.113117,0.565585,0.1667712,0.2040375453285497,3,5,neutral,-0.0469635,0.1846408297828936,0.0035608100429999,0.0429042333333333,0.2254449161184746,4.666666666666667,0.1121220833333333,0.0698766666666666,-0.0316702523809523,0.1708528392018568,3.7142857142857144,0.1080372071428571,0.1164533999999999,-0.0399402428571428,0.16005517799886,3.7857142857142856,0.1090502345238095,0.06375325,-0.023915020501443,0.1682035993625326,5.733333333333333,0.1101009721308321,0.0252978333333333,50.0,0.0614590714285714,0.0185912774050024,0.3115153424493471,-0.3707419994948016,-0.5986996844822642,-0.1066148,0.0,0.0,0.0,0.0,0.0,0.0,0.0,0.0,0.0,0.0,0.0,0.0,0.0,0.0,0.0,0.0,0.0,0.0,0.0,0.0,0.0,0.0,0.0,0.0,0.0,0.0,0.0,0.0,0.0,0.0,0.0,0.0,0.0,0.0,0.0,0.0,0.0,0.0,0.0,0.0,0.0,0.0,0.0,0.0,0.0,0.0035608100429999,0.0178040502149999,0.113117,3
2024-10-31,-0.0349225714285714,0.2832923910996417,7,-0.447519,0.350499,0.0810931428571428,0.567652,0.1375662857142857,0.2272118998759486,4,7,neutral,-0.0664015714285714,0.2202635883693034,-0.0028319810737959,0.0249996428571428,0.2454983980118483,5.333333333333333,0.0974644642857143,-0.0537137714285714,-0.0239429340136054,0.189135181323202,4.0,0.1053757704081632,0.0540912285714285,-0.0462401170068027,0.1702405716427979,3.857142857142857,0.1078382804421768,-0.0881982380952381,-0.0254432228823953,0.1720885284648552,5.766666666666667,0.1099546268927368,-0.0458460714285714,50.0,0.0636195,0.011947694071669,0.3136902995251033,-0.377086763713415,-2.1093926563287093,-0.0194380714285714,0.0,0.0,0.0,0.0,0.0,0.0,0.0,0.0,0.0,0.0,0.0,0.0,0.0,0.0,0.0,0.0,0.0,0.0,0.0,0.0,0.0,0.0,0.0,0.0,0.0,0.0,0.0,0.0,0.0,0.0,0.0,0.0,0.0,0.0,0.0,0.0,0.0,0.0,0.0,0.0,0.0,0.0,0.0,0.0,0.0,-0.0028319810737959,-0.0198238675165714,0.0810931428571428,4
2024-11-01,-0.0172063333333333,0.4303715245011764,6,-0.384155,0.756254,0.1467113333333333,0.880268,0.0769665,0.3375335294300405,4,6,neutral,0.017716238095238,0.2779997327912483,-0.0025243641051111,-0.0068833015873015,0.3196605312184046,6.0,0.113640492063492,-0.0956488333333333,-0.0139227673469387,0.2338382949307552,4.571428571428571,0.1061508180272108,0.0701411666666666,-0.037742819387755,0.1995586464289806,4.142857142857143,0.1087203042517006,0.1189621666666666,-0.0259630206601731,0.180615228124962,5.633333333333334,0.1108433213371813,-0.0155939333333333,50.0,-0.0213619999999999,0.0032944639129389,0.3430721548259678,-0.4019527523476128,-0.5073005042447642,0.0841178095238095,0.0,0.0,0.0,0.0,0.0,0.0,0.0,0.0,0.0,0.0,0.0,0.0,0.0,0.0,0.0,0.0,0.0,0.0,0.0,0.0,0.0,0.0,0.0,0.0,0.0,0.0,0.0,0.0,0.0,0.0,0.0,0.0,0.0,0.0,0.0,0.0,0.0,0.0,0.0,0.0,0.0,0.0,0.0,0.0,0.0,-0.0025243641051111,-0.0151461846306666,0.1467113333333333,4
2024-11-04,-0.0967976666666666,0.1640856622021965,3,-0.253688,0.073643,0.081029,0.243087,-0.0079946666666666,0.1302301269458543,2,3,neutral,-0.0795913333333333,0.2661904761477835,-0.0078434181323333,-0.0496421904761904,0.2925831926010049,5.333333333333333,0.102944492063492,-0.1282766666666666,-0.0083730768707483,0.2422535897928414,4.714285714285714,0.1077978180272108,0.0388478333333333,-0.0455600098639455,0.2063282783664584,4.214285714285714,0.1086378399659863,-0.1094406666666666,-0.0297628206601731,0.1788584006564114,5.433333333333334,0.1084173509668109,-0.113994,50.0,0.0029816363636363,-0.0019444653799903,0.3388288108133237,-0.4072740250016354,4.625699839206489,-0.0973075714285714,0.0,0.0,0.0,0.0,0.0,0.0,0.0,0.0,0.0,0.0,0.0,0.0,0.0,0.0,0.0,0.0,0.0,0.0,0.0,0.0,0.0,0.0,0.0,0.0,0.0,0.0,0.0,0.0,0.0,0.0,0.0,0.0,0.0,0.0,0.0,0.0,0.0,0.0,0.0,0.0,0.0,0.0,0.0,0.0,0.0,-0.0078434181323333,-0.023530254397,0.081029,2
2024-11-05,0.1230796666666666,0.5321556283666775,3,-0.3787,0.681138,0.2610133333333333,0.78304,0.2239936666666666,0.3318849644414964,1,3,neutral,0.2198773333333333,0.3310445768448175,0.0321254340622222,0.0030252222222222,0.3755376050233502,4.0,0.1629178888888889,0.1580022380952381,0.0146951136054421,0.2980342792178737,4.714285714285714,0.1294590085034013,0.1614773333333333,-0.0314664622448979,0.2296016605093312,4.357142857142857,0.1150760780612244,0.1973096666666667,-0.0231698508189033,0.1915046650794148,5.3,0.1122193239826839,0.1977890952380952,50.0,0.1029969999999999,0.0183855901755651,0.3909240275078151,-0.44406203752946,-2.27151480924127,0.2994686666666667,0.0,0.0,0.0,0.0,0.0,0.0,0.0,0.0,0.0,0.0,0.0,0.0,0.0,0.0,0.0,0.0,0.0,0.0,0.0,0.0,0.0,0.0,0.0,0.0,0.0,0.0,0.0,0.0,0.0,0.0,0.0,0.0,0.0,0.0,0.0,0.0,0.0,0.0,0.0,0.0,0.0,0.0,0.0,0.0,0.0,0.0321254340622222,0.0963763021866666,0.2610133333333333,1
2024-11-06,0.121835,0.1685857181465856,5,-0.1713,0.262311,0.1301204,0.650602,0.2446028,0.1406222489320235,2,5,neutral,-0.0012446666666666,0.3156981848632555,0.015853218934,0.0493723333333333,0.28827566957182,3.6666666666666665,0.1573875777777778,0.1390413333333333,0.029415656462585,0.2902419610360258,4.714285714285714,0.1301810656462585,0.1030437999999999,-0.0221776051020408,0.2321927207279507,4.285714285714286,0.1198696185374149,0.130044,-0.0216507674855699,0.1943198418326783,5.333333333333333,0.1108420873160173,0.0455725,50.0,0.0956406142857142,0.0249930426887926,0.3850265758793981,-0.4345715313555886,-0.0101126912379246,-0.221122,0.0,0.0,0.0,0.0,0.0,0.0,0.0,0.0,0.0,0.0,0.0,0.0,0.0,0.0,0.0,0.0,0.0,0.0,0.0,0.0,0.0,0.0,0.0,0.0,0.0,0.0,0.0,0.0,0.0,0.0,0.0,0.0,0.0,0.0,0.0,0.0,0.0,0.0,0.0,0.0,0.0,0.0,0.0,0.0,0.0,0.015853218934,0.07926609467,0.1301204,2
2024-11-07,0.1044084999999999,0.1368658993737625,10,-0.103709,0.307734,0.0989884,0.989884,0.2463247,0.1566717833129359,4,10,neutral,-0.0174265,0.2864128865180797,0.0103352303614,0.1164410555555555,0.2792024152956753,6.0,0.1633740444444444,0.2012061666666666,0.0331250850340136,0.2800963573920622,5.571428571428571,0.1302960870748299,0.0259659999999999,-0.0075906836734693,0.2283754089937794,4.642857142857143,0.1187420328231292,0.2042168999999999,-0.0149840841522366,0.1922679153162884,5.633333333333334,0.1114687673160173,0.2000004999999999,50.0,0.0227338,0.0358502376382876,0.3816484110961384,-0.417525091572329,-0.1430336110313129,-0.0161818333333333,0.0,0.0,0.0,0.0,0.0,0.0,0.0,0.0,0.0,0.0,0.0,0.0,0.0,0.0,0.0,0.0,0.0,0.0,0.0,0.0,0.0,0.0,0.0,0.0,0.0,0.0,0.0,0.0,0.0,0.0,0.0,0.0,0.0,0.0,0.0,0.0,0.0,0.0,0.0,0.0,0.0,0.0,0.0,0.0,0.0,0.0103352303614,0.103352303614,0.0989884,4
2024-11-08,0.228032,0.0,1,0.228032,0.228032,0.005825,0.005825,0.320799,0.0,1,1,bullish,0.1236235,0.2504232270223056,0.0013282864,0.1514251666666666,0.1527258087601741,5.333333333333333,0.0783112666666666,0.1049523333333333,0.0612040850340136,0.28589280394834,5.0,0.1149686585034013,0.196553,0.0147669163265306,0.2239482075463875,4.357142857142857,0.1115029328231292,0.3130064,-0.0072087720310245,0.193473968944286,5.3,0.1082529006493506,0.2332593636363636,50.0,0.094123,0.0429014765271765,0.3958207946448793,-0.4142218417877364,1.184036740303711,0.14105,0.0,0.0,0.0,0.0,0.0,0.0,0.0,0.0,0.0,0.0,0.0,0.0,0.0,0.0,0.0,0.0,0.0,0.0,0.0,0.0,0.0,0.0,0.0,0.0,0.0,0.0,0.0,0.0,0.0,0.0,0.0,0.0,0.0,0.0,0.0,0.0,0.0,0.0,0.0,0.0,0.0,0.0,0.0,0.0,0.0,0.0013282864,0.0013282864,0.005825,1
2024-11-09,0.065118,0.1045543961677365,4,-0.073868,0.179947,0.1330195,0.532078,0.10651025,0.0930857464899075,1,4,neutral,-0.162914,0.2355404105136905,0.008661963801,0.1325195,0.1207101477707496,5.0,0.0792776333333333,-0.056717,0.0754955952380952,0.2561031381263559,4.571428571428571,0.1223867095238095,0.1000405714285714,0.0257763306122448,0.2200434690785037,4.285714285714286,0.1138812399659864,0.1541317999999999,-0.0051444586976911,0.1916129932669953,4.933333333333334,0.1085169284271284,0.0619293999999999,50.0,0.0732805,0.0550525691197691,0.4120315467434278,-0.4103039438862849,-0.7144348161661522,-0.2865375,0.0,0.0,0.0,0.0,0.0,0.0,0.0,0.0,0.0,0.0,0.0,0.0,0.0,0.0,0.0,0.0,0.0,0.0,0.0,0.0,0.0,0.0,0.0,0.0,0.0,0.0,0.0,0.0,0.0,0.0,0.0,0.0,0.0,0.0,0.0,0.0,0.0,0.0,0.0,0.0,0.0,0.0,0.0,0.0,0.0,0.008661963801,0.034647855204,0.1330195,1
2024-11-11,0.0573962499999999,0.1125469113136828,4,-0.104593,0.144536,0.051744,0.206976,0.251626,0.1012240797801261,2,4,neutral,-0.0077217499999999,0.1306382312504418,0.0029699115599999,0.11684875,0.1085506537407098,3.0,0.0635295,-0.0470122499999999,0.0861531071428571,0.2031323692617735,4.285714285714286,0.1088199476190476,0.0746025833333333,0.0361151698979591,0.219666329237379,4.428571428571429,0.1074853828231292,0.14474375,-0.0035867908405483,0.1904655854681651,4.6,0.1067418022366522,0.0467300357142857,50.0,0.0372461666666666,0.0523622463684463,0.4183210386099497,-0.4121181107528068,-0.1185808839337817,0.15519225,0.0,0.0,0.0,0.0,0.0,0.0,0.0,0.0,0.0,0.0,0.0,0.0,0.0,0.0,0.0,0.0,0.0,0.0,0.0,0.0,0.0,0.0,0.0,0.0,0.0,0.0,0.0,0.0,0.0,0.0,0.0,0.0,0.0,0.0,0.0,0.0,0.0,0.0,0.0,0.0,0.0,0.0,0.0,0.0,0.0,0.0029699115599999,0.0118796462399999,0.051744,2
2024-11-12,0.1585682,0.2450781145700284,5,-0.168732,0.511535,0.1913122,0.956561,0.2719508,0.1661820617175632,2,5,bullish,0.10117195,0.1497613303563026,0.0303360311920399,0.0936941499999999,0.1540598073504827,4.333333333333333,0.1253585666666666,-0.0694638,0.1226339452380952,0.2166311113230789,4.571428571428571,0.1245746904761904,0.2553658666666666,0.0571304341836734,0.2304278304991048,4.642857142857143,0.1161862542517006,0.2942137,0.0039081491594516,0.1943590475737095,4.5,0.1095150797366522,0.2248482,50.0,-0.0487835749999999,0.0398730158128908,0.4339049830551433,-0.4044222351980004,1.762692684626609,0.1088937,0.0,0.0,0.0,0.0,0.0,0.0,0.0,0.0,0.0,0.0,0.0,0.0,0.0,0.0,0.0,0.0,0.0,0.0,0.0,0.0,0.0,0.0,0.0,0.0,0.0,0.0,0.0,0.0,0.0,0.0,0.0,0.0,0.0,0.0,0.0,0.0,0.0,0.0,0.0,0.0,0.0,0.0,0.0,0.0,0.0,0.0303360311920399,0.1516801559601999,0.1913122,2
2024-11-13,0.0938017499999999,0.2376808966491177,8,-0.449782,0.304695,0.0991231249999999,0.7929849999999999,0.189277625,0.1585400249427231,3,8,neutral,-0.06476645,0.1749650796751414,0.0092979225904687,0.1032554,0.198435307510943,5.666666666666667,0.114059775,0.0286837499999999,0.1184513857142857,0.1675519893701522,5.285714285714286,0.1014475178571428,-0.0292779166666666,0.0665732496598639,0.2378116839035407,5.0,0.1154532631802721,0.1321994166666666,0.0068090241594516,0.1940896865134924,4.566666666666666,0.1094274561255411,0.0870262499999999,50.0,0.0074619545454545,0.0430756774290524,0.4500971017723228,-0.41041327891518,-0.4084453881673627,-0.1659383999999999,0.0,0.0,0.0,0.0,0.0,0.0,0.0,0.0,0.0,0.0,0.0,0.0,0.0,0.0,0.0,0.0,0.0,0.0,0.0,0.0,0.0,0.0,0.0,0.0,0.0,0.0,0.0,0.0,0.0,0.0,0.0,0.0,0.0,0.0,0.0,0.0,0.0,0.0,0.0,0.0,0.0,0.0,0.0,0.0,0.0,0.0092979225904687,0.0743833807237499,0.0991231249999999,3
2024-11-14,-0.1076213333333333,0.2198027254069733,3,-0.279791,0.139961,0.067879,0.2036369999999999,0.0507606666666666,0.3085952382690525,2,3,neutral,-0.2014230833333333,0.1839326088215078,-0.0073052284853333,0.0482495388888888,0.2341872455420399,5.333333333333333,0.1194381083333333,-0.1650175833333333,0.0856719095238095,0.1760881572468835,5.0,0.0925558892857142,-0.2294563333333333,0.0575437829931972,0.2375555900564217,4.857142857142857,0.1113684774659864,-0.1264125333333333,0.0053004797150072,0.1950080093311167,4.633333333333334,0.1087518561255411,-0.0452563333333333,50.0,-0.0637532499999999,0.035660690055315,0.4528111352903734,-0.4139086057665638,-2.1473275640735205,-0.1366566333333333,0.0,0.0,0.0,0.0,0.0,0.0,0.0,0.0,0.0,0.0,0.0,0.0,0.0,0.0,0.0,0.0,0.0,0.0,0.0,0.0,0.0,0.0,0.0,0.0,0.0,0.0,0.0,0.0,0.0,0.0,0.0,0.0,0.0,0.0,0.0,0.0,0.0,0.0,0.0,0.0,0.0,0.0,0.0,0.0,0.0,-0.0073052284853333,-0.021915685456,0.067879,2
2024-11-15,-0.0230416666666666,0.2563281471385198,6,-0.365251,0.243366,0.0621591666666666,0.372955,0.1735991666666666,0.3069637824945586,3,6,neutral,0.0845796666666666,0.2142873590156644,-0.0014322507986111,-0.0122870833333333,0.2379372563982037,5.666666666666667,0.0763870972222222,-0.1816098666666666,0.0674647428571428,0.1959985318743431,4.428571428571429,0.0872945702380952,-0.1274501666666666,0.0502949139455782,0.2412819763838841,5.0,0.1087953286564625,-0.1014841666666666,0.0045708074927849,0.1984852466876479,4.7,0.10810277001443,-0.0218901666666666,50.0,0.0881982380952381,0.0340163831770081,0.4527918897811079,-0.4076960869239651,-0.7859005649437535,0.28600275,0.0,0.0,0.0,0.0,0.0,0.0,0.0,0.0,0.0,0.0,0.0,0.0,0.0,0.0,0.0,0.0,0.0,0.0,0.0,0.0,0.0,0.0,0.0,0.0,0.0,0.0,0.0,0.0,0.0,0.0,0.0,0.0,0.0,0.0,0.0,0.0,0.0,0.0,0.0,0.0,0.0,0.0,0.0,0.0,0.0,-0.0014322507986111,-0.0085935047916666,0.0621591666666666,3
2024-11-17,0.122651,0.0,1,0.122651,0.122651,0.035714,0.035714,0.207168,0.0,1,1,neutral,0.1456926666666666,0.2397224709411598,0.004380357814,-0.0026706666666666,0.2380654362727466,3.3333333333333335,0.0552507222222222,0.02884925,0.0524103142857142,0.1959985318743431,4.428571428571429,0.0915644273809523,-0.105381,0.0568071996598639,0.2409456679113415,4.714285714285714,0.1032665429421768,0.091172,0.0096589199927849,0.2017639488034616,4.466666666666667,0.10686665751443,0.152643375,50.0,-0.1189621666666666,0.0101716297378547,0.4700202406617794,-0.4037579578046365,-6.3230090415913205,0.0611129999999999,0.0,0.0,0.0,0.0,0.0,0.0,0.0,0.0,0.0,0.0,0.0,0.0,0.0,0.0,0.0,0.0,0.0,0.0,0.0,0.0,0.0,0.0,0.0,0.0,0.0,0.0,0.0,0.0,0.0,0.0,0.0,0.0,0.0,0.0,0.0,0.0,0.0,0.0,0.0,0.0,0.0,0.0,0.0,0.0,0.0,0.004380357814,0.004380357814,0.035714,1
2024-11-18,-0.023382,0.2165404306562633,6,-0.30148,0.192859,0.143184,0.8591040000000001,0.1160998333333333,0.2214242424563459,4,6,neutral,-0.146033,0.2325880499627185,-0.003347928288,0.0254091111111111,0.2364342888973917,4.333333333333333,0.0803523888888889,0.0842393333333333,0.0397674571428571,0.2146628709557642,4.714285714285714,0.0930164988095238,-0.0885,0.0576315261904761,0.23538300454106,4.642857142857143,0.1077016041666666,0.0115405714285714,0.0060160381746031,0.2008329085423063,4.3,0.1083869211507936,-0.1092864545454545,50.0,0.1094406666666666,0.019805726034151,0.484228593595997,-0.4115697607388542,-1.1906384782839112,-0.2917256666666666,0.0,0.0,0.0,0.0,0.0,0.0,0.0,0.0,0.0,0.0,0.0,0.0,0.0,0.0,0.0,0.0,0.0,0.0,0.0,0.0,0.0,0.0,0.0,0.0,0.0,0.0,0.0,0.0,0.0,0.0,0.0,0.0,0.0,0.0,0.0,0.0,0.0,0.0,0.0,0.0,0.0,0.0,0.0,0.0,0.0,-0.003347928288,-0.020087569728,0.143184,4
2024-11-19,-0.302673,0.0,1,-0.302673,-0.302673,0.104683,0.104683,-0.079874,0.0,1,1,bearish,-0.279291,0.2308904344005855,-0.031684717659,-0.0678013333333333,0.2165404306562633,2.6666666666666665,0.094527,-0.2796313333333333,-0.0116710071428571,0.2350860628841805,4.285714285714286,0.100579213095238,-0.36006925,0.03724105,0.2176567754537767,4.285714285714286,0.1046995803571428,-0.2854666666666667,-0.0029972534920634,0.1995617599837516,4.2,0.1073433961507936,-0.27039875,50.0,-0.1973096666666667,-0.0125756813732563,0.4898502762920111,-0.4338941934348683,11.944701052091352,-0.133258,0.0,0.0,0.0,0.0,0.0,0.0,0.0,0.0,0.0,0.0,0.0,0.0,0.0,0.0,0.0,0.0,0.0,0.0,0.0,0.0,0.0,0.0,0.0,0.0,0.0,0.0,0.0,0.0,0.0,0.0,0.0,0.0,0.0,0.0,0.0,0.0,0.0,0.0,0.0,0.0,0.0,0.0,0.0,0.0,0.0,-0.031684717659,-0.031684717659,0.104683,1
2024-11-20,0.1389841666666666,0.1254091615958207,6,-0.101243,0.247269,0.1762233333333333,1.05734,0.2679311666666666,0.1633388598373536,2,6,neutral,0.4416571666666666,0.1994259131302012,0.0244922531305555,-0.0623569444444444,0.1709747961260421,4.333333333333333,0.1413634444444444,0.0163331666666666,-0.0144687261904761,0.211152272289339,4.428571428571429,0.0984236607142857,-0.0195840333333333,0.0540826095238095,0.2141407299441062,4.5,0.1114991755952381,0.2357818333333333,-0.0001403034920634,0.1985820249017275,4.2,0.1099488239285714,0.0857084999999999,50.0,-0.130044,-0.0351672924843674,0.4968038808062506,-0.4231096146157745,-1.4591891799620933,0.7209481666666666,0.0,0.0,0.0,0.0,0.0,0.0,0.0,0.0,0.0,0.0,0.0,0.0,0.0,0.0,0.0,0.0,0.0,0.0,0.0,0.0,0.0,0.0,0.0,0.0,0.0,0.0,0.0,0.0,0.0,0.0,0.0,0.0,0.0,0.0,0.0,0.0,0.0,0.0,0.0,0.0,0.0,0.0,0.0,0.0,0.0,0.0244922531305555,0.1469535187833333,0.1762233333333333,2
2024-11-21,0.0711786666666666,0.101126299666638,6,-0.109208,0.17898,0.0826316666666666,0.4957899999999999,0.161726,0.0967682291622617,1,6,neutral,-0.0678054999999999,0.1476919639729073,0.0058816118577777,-0.0308367222222222,0.1132677306312294,4.333333333333333,0.1211793333333333,0.0945606666666666,-0.0177005952380952,0.183841352892843,4.142857142857143,0.0960677380952381,-0.0226230833333333,0.0503753952380952,0.1749562455168299,4.714285714285714,0.0987576279761904,-0.051901,0.0067712687301587,0.2005777844165673,4.333333333333333,0.1082244461507936,0.2073471666666666,50.0,-0.2042168999999999,-0.0619965221139971,0.4850696487568918,-0.406136635899749,-0.4878649246616821,-0.5094626666666666,0.0,0.0,0.0,0.0,0.0,0.0,0.0,0.0,0.0,0.0,0.0,0.0,0.0,0.0,0.0,0.0,0.0,0.0,0.0,0.0,0.0,0.0,0.0,0.0,0.0,0.0,0.0,0.0,0.0,0.0,0.0,0.0,0.0,0.0,0.0,0.0,0.0,0.0,0.0,0.0,0.0,0.0,0.0,0.0,0.0,0.0058816118577777,0.0352896711466666,0.0826316666666666,1
2024-11-22,0.030947,0.2741764117643966,2,-0.162925,0.224819,0.2273645,0.454729,0.077358,0.1713376299357499,1,2,neutral,-0.0402316666666666,0.1793130759207796,0.0070362491815,0.0803699444444444,0.1669039576756185,4.666666666666667,0.1620731666666666,0.33362,0.0020948809523809,0.1947160901643277,4.0,0.1188513809523809,0.1385683333333333,0.0438833952380952,0.1845553994820854,4.5,0.1057036351190476,-0.090888,0.007381402063492,0.2081968599838524,4.333333333333333,0.1130638128174603,0.018304,50.0,-0.3130064,-0.0913546137806637,0.4904938486842906,-0.4163103858271477,-0.5652208526899445,0.0275738333333333,0.0,0.0,0.0,0.0,0.0,0.0,0.0,0.0,0.0,0.0,0.0,0.0,0.0,0.0,0.0,0.0,0.0,0.0,0.0,0.0,0.0,0.0,0.0,0.0,0.0,0.0,0.0,0.0,0.0,0.0,0.0,0.0,0.0,0.0,0.0,0.0,0.0,0.0,0.0,0.0,0.0,0.0,0.0,0.0,0.0,0.0070362491815,0.014072498363,0.2273645,1
2024-11-24,0.1205096666666666,0.0367998504118336,3,0.085619,0.15896,0.0685616666666666,0.205685,0.1904776666666666,0.0919768658649191,2,3,neutral,0.0895626666666666,0.1343779308596722,0.0082623435961111,0.0742117777777777,0.1373675206142895,3.6666666666666665,0.1261859444444444,-0.0184744999999999,0.0226022142857142,0.1508104308189904,3.5714285714285716,0.1197660238095238,0.1435513333333333,0.0450334785714285,0.1754584859400919,4.0,0.1035302970238095,0.0161011666666666,0.0138727242857142,0.2018488225922961,4.4,0.1096532683730158,0.1947396666666666,50.0,-0.1541317999999999,-0.1093094753968254,0.4704138728832049,-0.3873273433593954,2.894066199200784,0.1297943333333333,0.0,0.0,0.0,0.0,0.0,0.0,0.0,0.0,0.0,0.0,0.0,0.0,0.0,0.0,0.0,0.0,0.0,0.0,0.0,0.0,0.0,0.0,0.0,0.0,0.0,0.0,0.0,0.0,0.0,0.0,0.0,0.0,0.0,0.0,0.0,0.0,0.0,0.0,0.0,0.0,0.0,0.0,0.0,0.0,0.0,0.0082623435961111,0.0247870307883333,0.0685616666666666,2
2024-11-25,-0.0374469999999999,0.1815072396627748,2,-0.165792,0.090898,0.0771989999999999,0.1543979999999999,0.1212,0.0447824866661064,1,2,neutral,-0.1579566666666666,0.1438037926202927,-0.0028908709529999,0.0380032222222222,0.1641611672796684,2.3333333333333335,0.1243750555555555,-0.1086256666666666,-0.0002689285714285,0.1559265656262878,3.7142857142857144,0.1256924523809523,-0.160098,0.0260706928571428,0.1759625487503155,4.071428571428571,0.1086284398809523,-0.265479,0.0128981242857142,0.2036709101692169,4.266666666666667,0.1101262072619047,-0.0292379999999999,50.0,-0.14474375,-0.1183084198412698,0.4583129277561786,-0.3754788410895119,-1.3107385576260824,-0.2475193333333333,0.0,0.0,0.0,0.0,0.0,0.0,0.0,0.0,0.0,0.0,0.0,0.0,0.0,0.0,0.0,0.0,0.0,0.0,0.0,0.0,0.0,0.0,0.0,0.0,0.0,0.0,0.0,0.0,0.0,0.0,0.0,0.0,0.0,0.0,0.0,0.0,0.0,0.0,0.0,0.0,0.0,0.0,0.0,0.0,0.0,-0.0028908709529999,-0.0057817419059999,0.0771989999999999,1
2024-11-26,-0.0406835,0.118473798481774,6,-0.168732,0.13884,0.0998531666666666,0.599119,0.05366,0.1022174981341257,2,6,neutral,-0.0032365,0.1424167199974834,-0.0040623763060833,0.0141263888888888,0.1122602961854609,3.6666666666666665,0.0818712777777777,-0.0716305,-0.0027405714285714,0.1395821269305396,3.7142857142857144,0.1195023333333333,-0.0173015,0.0185134428571428,0.1771224989431519,4.214285714285714,0.1062594160714285,-0.1058014999999999,0.0148689542857142,0.2010103744221656,4.3,0.1096288261507936,0.0591248999999999,50.0,-0.2942137,-0.1607986351851852,0.4204452193029155,-0.3399588493029155,0.0864288193980828,0.1547201666666666,0.0,0.0,0.0,0.0,0.0,0.0,0.0,0.0,0.0,0.0,0.0,0.0,0.0,0.0,0.0,0.0,0.0,0.0,0.0,0.0,0.0,0.0,0.0,0.0,0.0,0.0,0.0,0.0,0.0,0.0,0.0,0.0,0.0,0.0,0.0,0.0,0.0,0.0,0.0,0.0,0.0,0.0,0.0,0.0,0.0,-0.0040623763060833,-0.0243742578365,0.0998531666666666,2
2024-11-27,0.0526791999999999,0.1361171643610753,5,-0.175354,0.178818,0.0580117999999999,0.2900589999999999,0.2152648,0.1372214371834809,2,5,neutral,0.0933626999999999,0.1494148929363709,0.0030560152145599,-0.0084837666666666,0.1453660675018748,4.333333333333333,0.0783546555555555,-0.0678304666666666,0.0480240285714285,0.139087132277759,4.285714285714286,0.112835019047619,0.3553522,0.0181765107142857,0.1790866866971013,4.285714285714286,0.1067071160714285,-0.00471705,0.0194574076190476,0.1954617868870249,4.3,0.1079901394841269,0.1376536,50.0,-0.1321994166666666,-0.1622694407407407,0.4246286511255288,-0.329194594458862,-2.2948541792127024,0.0965992,0.0,0.0,0.0,0.0,0.0,0.0,0.0,0.0,0.0,0.0,0.0,0.0,0.0,0.0,0.0,0.0,0.0,0.0,0.0,0.0,0.0,0.0,0.0,0.0,0.0,0.0,0.0,0.0,0.0,0.0,0.0,0.0,0.0,0.0,0.0,0.0,0.0,0.0,0.0,0.0,0.0,0.0,0.0,0.0,0.0,0.0030560152145599,0.0152800760727999,0.0580117999999999,2
2024-11-28,0.101714,0.0,1,0.101714,0.101714,0.080188,0.080188,0.54928,0.0,1,1,neutral,0.0490348,0.1182245132293644,0.008156242232,0.0379032333333333,0.1272954814214248,4.0,0.0793509888888888,0.1391609999999999,0.042699719047619,0.141366794058082,3.5714285714285716,0.0991156857142857,-0.0372701666666666,0.0141154964285714,0.1730874659813807,4.0,0.0987696732142857,-0.0568541999999999,0.0258150009523809,0.1970058557576711,4.166666666666667,0.1073389661507936,0.1907278,50.0,0.1264125333333333,-0.1603836777777778,0.3805978906708729,-0.287300400670873,0.9308189949733484,-0.0443278999999999,0.0,0.0,0.0,0.0,0.0,0.0,0.0,0.0,0.0,0.0,0.0,0.0,0.0,0.0,0.0,0.0,0.0,0.0,0.0,0.0,0.0,0.0,0.0,0.0,0.0,0.0,0.0,0.0,0.0,0.0,0.0,0.0,0.0,0.0,0.0,0.0,0.0,0.0,0.0,0.0,0.0,0.0,0.0,0.0,0.0,0.008156242232,0.008156242232,0.080188,1
2024-11-29,0.0540844999999999,0.249147549207961,4,-0.215985,0.34606,0.180886,0.723544,0.153687,0.1673322488245068,2,4,neutral,-0.0476295,0.1713114379283963,0.0097831288669999,0.0694925666666666,0.1926323567845183,3.3333333333333335,0.1063619333333333,0.0947679999999999,0.0402576952380952,0.1660370023149693,3.2857142857142856,0.113152019047619,-0.0170941666666666,0.0112785499999999,0.1741298889412755,3.7142857142857144,0.1046098785714285,-0.0397172499999999,0.0305294009523809,0.2020711565253501,4.233333333333333,0.1086589661507936,0.141432,50.0,0.1014841666666666,-0.1271843629629629,0.3872805945535448,-0.3007581545535449,-0.4682688715417741,-0.0966643,0.0,0.0,0.0,0.0,0.0,0.0,0.0,0.0,0.0,0.0,0.0,0.0,0.0,0.0,0.0,0.0,0.0,0.0,0.0,0.0,0.0,0.0,0.0,0.0,0.0,0.0,0.0,0.0,0.0,0.0,0.0,0.0,0.0,0.0,0.0,0.0,0.0,0.0,0.0,0.0,0.0,0.0,0.0,0.0,0.0,0.0097831288669999,0.0391325154679999,0.180886,2
2024-11-30,0.021022,0.1018530749756726,2,-0.050999,0.093043,0.0918625,0.183725,0.1417815,0.0001986970055134,1,2,neutral,-0.0330624999999999,0.1513978967566207,0.0019311334749999,0.0589401666666666,0.1755003120918169,2.3333333333333335,0.1176455,-0.0316571999999999,0.0388398380952381,0.1373164461835152,3.2857142857142856,0.0937945904761904,-0.009925,0.0204673595238095,0.1634071934475209,3.642857142857143,0.1063229857142857,0.1286433333333333,0.0357516509523809,0.2019432517871994,4.233333333333333,0.1094043828174603,0.1566675,50.0,-0.091172,-0.1228652518518518,0.3787346665037836,-0.3005508765037836,-0.6113119285562407,0.014567,0.0,0.0,0.0,0.0,0.0,0.0,0.0,0.0,0.0,0.0,0.0,0.0,0.0,0.0,0.0,0.0,0.0,0.0,0.0,0.0,0.0,0.0,0.0,0.0,0.0,0.0,0.0,0.0,0.0,0.0,0.0,0.0,0.0,0.0,0.0,0.0,0.0,0.0,0.0,0.0,0.0,0.0,0.0,0.0,0.0,0.0019311334749999,0.0038622669499999,0.0918625,1
2024-12-02,-0.0594506666666666,0.1076293920838231,3,-0.173842,0.039817,0.0596806666666666,0.179042,0.2059126666666666,0.1015357434716136,1,3,neutral,-0.0804726666666666,0.148686795157133,-0.0035480554204444,0.0052186111111111,0.1528766720891523,3.0,0.1108097222222222,-0.1611646666666666,0.013131219047619,0.1491213697955135,3.2857142857142856,0.0925258761904761,-0.1799603333333333,0.0178667166666666,0.1498891248061848,3.4285714285714284,0.10614595,-0.036409,0.0350498842857142,0.2006331975445983,4.233333333333333,0.1077475717063492,-0.021053,50.0,-0.0115405714285714,-0.1014567708994708,0.3570438280330304,-0.3076083046996971,-3.828021437858752,-0.0474101666666666,0.0,0.0,0.0,0.0,0.0,0.0,0.0,0.0,0.0,0.0,0.0,0.0,0.0,0.0,0.0,0.0,0.0,0.0,0.0,0.0,0.0,0.0,0.0,0.0,0.0,0.0,0.0,0.0,0.0,0.0,0.0,0.0,0.0,0.0,0.0,0.0,0.0,0.0,0.0,0.0,0.0,0.0,0.0,0.0,0.0,-0.0035480554204444,-0.0106441662613333,0.0596806666666666,1
2024-12-03,-0.06289375,0.2441023934750538,4,-0.357014,0.214957,0.0953365,0.381346,0.0808565,0.2599696893210181,2,4,neutral,-0.0034430833333333,0.1756831024356276,-0.005996069996875,-0.0337741388888888,0.1511949535115166,3.0,0.0822932222222222,-0.1169782499999999,0.009495969047619,0.1595538954308933,3.5714285714285716,0.0951169476190476,-0.02544675,0.0046135202380952,0.1577402305285906,3.642857142857143,0.1104047,-0.1855447499999999,0.0323270526190476,0.2014397532390419,4.2,0.1067565883730158,-0.08168495,50.0,0.2854666666666666,-0.0349597634920634,0.3670606519809501,-0.3304263036476168,0.0579149659101101,0.0770295833333333,0.0,0.0,0.0,0.0,0.0,0.0,0.0,0.0,0.0,0.0,0.0,0.0,0.0,0.0,0.0,0.0,0.0,0.0,0.0,0.0,0.0,0.0,0.0,0.0,0.0,0.0,0.0,0.0,0.0,0.0,0.0,0.0,0.0,0.0,0.0,0.0,0.0,0.0,0.0,0.0,0.0,0.0,0.0,0.0,0.0,-0.005996069996875,-0.0239842799875,0.0953365,2
2024-12-04,-0.0194057999999999,0.292479541764377,5,-0.469033,0.337843,0.1700672,0.850336,0.1715886,0.272658702958112,2,5,neutral,0.04348795,0.1990423903013775,-0.0033002900697599,-0.0472500722222222,0.2147371091077514,4.0,0.1083614555555555,-0.0404277999999999,0.0125356404761904,0.1885548526446605,3.4285714285714284,0.1051475238095238,0.0212777,0.0048975345238095,0.1640684897876,3.5714285714285716,0.1123249285714285,0.0039762,0.0290654426190476,0.2046933846576138,4.233333333333333,0.1091527200396825,-0.0978483,50.0,-0.2357818333333333,-0.0440319894179894,0.3843890942398553,-0.355434950906522,-0.6914510583325053,0.0469310333333333,0.0,0.0,0.0,0.0,0.0,0.0,0.0,0.0,0.0,0.0,0.0,0.0,0.0,0.0,0.0,0.0,0.0,0.0,0.0,0.0,0.0,0.0,0.0,0.0,0.0,0.0,0.0,0.0,0.0,0.0,0.0,0.0,0.0,0.0,0.0,0.0,0.0,0.0,0.0,0.0,0.0,0.0,0.0,0.0,0.0,-0.0033002900697599,-0.0165014503487999,0.1700672,2
2024-12-05,-0.1499336,0.1010136323958306,5,-0.317781,-0.078769,0.0572713999999999,0.286357,0.070314,0.1407693985584225,3,5,neutral,-0.1305278,0.1694156069389514,-0.00858690717904,-0.07741105,0.2125318558784205,4.666666666666667,0.1075583666666666,-0.0904829333333333,-0.0164090452380952,0.1827042639837863,3.4285714285714284,0.1050417523809523,-0.2026127999999999,0.0158074916666666,0.1592181161420793,3.857142857142857,0.1089383857142857,0.1527394,0.0230183559523809,0.1991432290553613,4.233333333333333,0.1072912000396825,-0.1814125999999999,50.0,0.051901,-0.0221825727513227,0.3520152416311261,-0.3539112782977928,6.726226179801917,-0.17401575,0.0,0.0,0.0,0.0,0.0,0.0,0.0,0.0,0.0,0.0,0.0,0.0,0.0,0.0,0.0,0.0,0.0,0.0,0.0,0.0,0.0,0.0,0.0,0.0,0.0,0.0,0.0,0.0,0.0,0.0,0.0,0.0,0.0,0.0,0.0,0.0,0.0,0.0,0.0,0.0,0.0,0.0,0.0,0.0,0.0,-0.00858690717904,-0.0429345358951999,0.0572713999999999,3
2024-12-06,0.0092661111111111,0.1496915976478343,9,-0.362728,0.133411,0.0849177777777777,0.7642599999999999,0.1736528888888888,0.2210917512705101,3,9,neutral,0.1591997111111111,0.1789833114733838,0.0007868575641975,-0.0533577629629629,0.1810615906026807,6.333333333333333,0.1040854592592592,0.0721598611111111,-0.0296158865079365,0.177988168792936,4.571428571428571,0.1057174349206349,-0.0924478888888888,0.0065419162698412,0.1610859958383881,4.071428571428571,0.1024165603174603,-0.1297180555555555,0.024491312037037,0.1940047369995225,4.3,0.1074186878703703,0.0441886825396825,50.0,0.090888,0.020606505026455,0.3374367774512365,-0.3477863780067921,-1.0618014315077549,0.2897275111111111,0.0,0.0,0.0,0.0,0.0,0.0,0.0,0.0,0.0,0.0,0.0,0.0,0.0,0.0,0.0,0.0,0.0,0.0,0.0,0.0,0.0,0.0,0.0,0.0,0.0,0.0,0.0,0.0,0.0,0.0,0.0,0.0,0.0,0.0,0.0,0.0,0.0,0.0,0.0,0.0,0.0,0.0,0.0,0.0,0.0,0.0007868575641975,0.0070817180777777,0.0849177777777777,3
2024-12-07,-0.0045709999999999,0.1567939353004445,3,-0.143782,0.165282,0.092569,0.277707,0.085467,0.1782364262209047,2,3,neutral,-0.0138371111111111,0.1888162201167081,-0.0004231328989999,-0.0484128296296296,0.1358330551147032,5.666666666666667,0.0782527259259259,0.0148347999999999,-0.0379952436507936,0.1647947953775766,4.428571428571429,0.0931007206349206,-0.0586554999999999,0.0011312257936507,0.1653681216563732,3.857142857142857,0.1031263698412698,-0.0757496666666666,0.0249124898148148,0.1834825220302636,4.2,0.1056139434259259,0.0126353333333333,50.0,-0.0161011666666666,0.0335063105820105,0.335176495281841,-0.3352210625040633,-1.493302955812698,-0.1730368222222222,0.0,0.0,0.0,0.0,0.0,0.0,0.0,0.0,0.0,0.0,0.0,0.0,0.0,0.0,0.0,0.0,0.0,0.0,0.0,0.0,0.0,0.0,0.0,0.0,0.0,0.0,0.0,0.0,0.0,0.0,0.0,0.0,0.0,0.0,0.0,0.0,0.0,0.0,0.0,0.0,0.0,0.0,0.0,0.0,0.0,-0.0004231328989999,-0.0012693986969999,0.092569,2
2024-12-08,-0.175334,0.0,1,-0.175334,-0.175334,0.126119,0.126119,0.072543,0.0,1,1,bearish,-0.170763,0.1749946767771216,-0.022112948746,-0.0568796296296296,0.1532427664741395,4.333333333333333,0.1012019259259259,-0.0254003999999999,-0.0660461007936508,0.1752850821112272,4.285714285714286,0.0979945063492063,-0.1963559999999999,-0.0136031313492063,0.1563007641473712,3.7857142857142856,0.0958945484126984,-0.206281,0.022294612037037,0.1842583964233863,4.133333333333334,0.1071169434259259,-0.0785363333333333,50.0,0.265479,0.0489581402116402,0.3164707839036689,-0.3317445844592245,37.357908553926976,-0.1569258888888889,0.0,0.0,0.0,0.0,0.0,0.0,0.0,0.0,0.0,0.0,0.0,0.0,0.0,0.0,0.0,0.0,0.0,0.0,0.0,0.0,0.0,0.0,0.0,0.0,0.0,0.0,0.0,0.0,0.0,0.0,0.0,0.0,0.0,0.0,0.0,0.0,0.0,0.0,0.0,0.0,0.0,0.0,0.0,0.0,0.0,-0.022112948746,-0.022112948746,0.126119,1
2024-12-09,-0.0601875,0.3533518651606356,2,-0.310045,0.18967,0.200978,0.401956,0.1459375,0.0548453232691721,1,2,neutral,0.1151464999999999,0.1902127576261862,-0.012096363375,-0.0800308333333333,0.2550729002305402,2.0,0.1398886666666666,-0.0694536111111111,-0.0661513626984127,0.2162388276240293,4.142857142857143,0.1181798396825396,-0.0007368333333333,-0.0265100718253968,0.1826800987097714,3.7142857142857144,0.1053528579365079,-0.1806971666666667,0.0161857064814814,0.1771062458951446,4.1,0.1051157656481481,-0.1832671666666667,50.0,0.1058015,0.0494378439153439,0.3298345086765998,-0.3633921592321554,-0.6567265903931924,0.2859095,0.0,0.0,0.0,0.0,0.0,0.0,0.0,0.0,0.0,0.0,0.0,0.0,0.0,0.0,0.0,0.0,0.0,0.0,0.0,0.0,0.0,0.0,0.0,0.0,0.0,0.0,0.0,0.0,0.0,0.0,0.0,0.0,0.0,0.0,0.0,0.0,0.0,0.0,0.0,0.0,0.0,0.0,0.0,0.0,0.0,-0.012096363375,-0.02419272675,0.200978,1
2024-12-10,-0.107303,0.2107407003433366,6,-0.423938,0.083613,0.0815715,0.489429,0.0939081666666666,0.208769702554194,2,6,neutral,-0.0471154999999999,0.2176445246130627,-0.0087528666645,-0.1142748333333333,0.2820462827519862,3.0,0.1362228333333333,-0.102732,-0.0724955412698412,0.2106785454354098,4.428571428571429,0.1162134111111111,-0.04440925,-0.0314997861111111,0.1851162204331515,4.0,0.1056651793650793,-0.069856,0.0085477731481481,0.1787924451830146,4.133333333333334,0.1034974689814814,-0.229138,50.0,0.00471705,0.0600921828042328,0.3249561374633143,-0.3669058880188699,0.7828120456905501,-0.1622619999999999,0.0,0.0,0.0,0.0,0.0,0.0,0.0,0.0,0.0,0.0,0.0,0.0,0.0,0.0,0.0,0.0,0.0,0.0,0.0,0.0,0.0,0.0,0.0,0.0,0.0,0.0,0.0,0.0,0.0,0.0,0.0,0.0,0.0,0.0,0.0,0.0,0.0,0.0,0.0,0.0,0.0,0.0,0.0,0.0,0.0,-0.0087528666645,-0.0525171999869999,0.0815715,2
2024-12-11,-0.0711352,0.226136166650096,5,-0.304347,0.246375,0.1107082,0.5535410000000001,0.0263253999999999,0.2413923587487806,2,5,neutral,0.0361678,0.2367556668636282,-0.00787524994864,-0.0795418999999999,0.2634095773846894,4.333333333333333,0.1310859,0.1041988,-0.0798854555555555,0.1996213162496962,4.428571428571429,0.1077335539682539,-0.0517294,-0.0336749075396825,0.1940880844471784,3.928571428571429,0.1064405388888889,-0.0304516999999999,0.0026963164814814,0.182363255874068,3.966666666666667,0.1038881289814814,-0.1755436999999999,50.0,0.0568542,0.0676916018518518,0.3424408786054865,-0.3612368491610421,-0.3370623374928939,0.0832832999999999,0.0,0.0,0.0,0.0,0.0,0.0,0.0,0.0,0.0,0.0,0.0,0.0,0.0,0.0,0.0,0.0,0.0,0.0,0.0,0.0,0.0,0.0,0.0,0.0,0.0,0.0,0.0,0.0,0.0,0.0,0.0,0.0,0.0,0.0,0.0,0.0,0.0,0.0,0.0,0.0,0.0,0.0,0.0,0.0,0.0,-0.00787524994864,-0.0393762497432,0.1107082,2
2024-12-12,0.1112659999999999,0.2081115261440365,6,-0.108354,0.394372,0.27737,1.66422,0.1093611666666666,0.1582987840577642,3,6,neutral,0.1824011999999999,0.2495850645745262,0.0308618504199999,-0.0223907333333333,0.2149961310458231,5.666666666666667,0.1565499,0.1714534999999999,-0.0425712269841269,0.2174709652077306,4.571428571428571,0.1391762111111111,0.2611996,-0.0294901361111111,0.2000876145957585,4.0,0.1221089817460317,0.0585867999999999,-0.0011958835185185,0.1833535739613745,4.133333333333334,0.1129396289814814,-0.116766,50.0,0.0397172499999999,0.0403861111111111,0.3502441218886216,-0.3718119091108438,-2.5641482697736144,0.1462333999999999,0.0,0.0,0.0,0.0,0.0,0.0,0.0,0.0,0.0,0.0,0.0,0.0,0.0,0.0,0.0,0.0,0.0,0.0,0.0,0.0,0.0,0.0,0.0,0.0,0.0,0.0,0.0,0.0,0.0,0.0,0.0,0.0,0.0,0.0,0.0,0.0,0.0,0.0,0.0,0.0,0.0,0.0,0.0,0.0,0.0,0.0308618504199999,0.1851711025199999,0.27737,3
2024-12-13,-0.316524,0.0,1,-0.316524,-0.316524,0.108958,0.108958,-0.158273,0.0,1,1,bearish,-0.42779,0.2495850645745262,-0.034487821992,-0.0921310666666666,0.2171238463970664,4.0,0.1656787333333333,-0.209221,-0.0891126714285714,0.2310268387197098,3.4285714285714284,0.1426105285714285,-0.3257901111111111,-0.0593642789682539,0.2000876145957585,4.0,0.1241639817460317,-0.418238,-0.0139172835185185,0.18650554107312,4.033333333333333,0.1121375789814815,-0.381642,50.0,-0.1286433333333333,0.0522903888888889,0.340198718918021,-0.4005367728069099,-3.844750417917424,-0.6101912,0.0,0.0,0.0,0.0,0.0,0.0,0.0,0.0,0.0,0.0,0.0,0.0,0.0,0.0,0.0,0.0,0.0,0.0,0.0,0.0,0.0,0.0,0.0,0.0,0.0,0.0,0.0,0.0,0.0,0.0,0.0,0.0,0.0,0.0,0.0,0.0,0.0,0.0,0.0,0.0,0.0,0.0,0.0,0.0,0.0,-0.034487821992,-0.034487821992,0.108958,1
2024-12-14,0.291387,0.0,1,0.291387,0.291387,0.112532,0.112532,0.267828,0.0,1,1,bullish,0.6079110000000001,0.214996131045823,0.032790361884,0.0287096666666666,0.2081115261440365,2.6666666666666665,0.1662866666666667,0.3625222,-0.0468329571428571,0.2495850645745262,3.142857142857143,0.1454623857142857,0.295958,-0.0424141003968253,0.1956276205401037,3.7857142857142856,0.1192815531746031,0.2373025,-0.0061175918518518,0.1895871506464299,3.933333333333333,0.1141638456481481,0.23399075,50.0,0.0364089999999999,0.0505690555555555,0.3420966515638756,-0.3763907054527644,-1.9205842211017172,1.035701,0.0,0.0,0.0,0.0,0.0,0.0,0.0,0.0,0.0,0.0,0.0,0.0,0.0,0.0,0.0,0.0,0.0,0.0,0.0,0.0,0.0,0.0,0.0,0.0,0.0,0.0,0.0,0.0,0.0,0.0,0.0,0.0,0.0,0.0,0.0,0.0,0.0,0.0,0.0,0.0,0.0,0.0,0.0,0.0,0.0,0.032790361884,0.032790361884,0.112532,1
2024-12-16,-0.0502492499999999,0.192712509881732,4,-0.319021,0.138934,0.0701325,0.28053,0.072351,0.1924655025764357,2,4,neutral,-0.34163625,0.2089867342252881,-0.0035241055256249,-0.0251287499999999,0.192712509881732,2.0,0.0972075,-0.16151525,-0.0289637071428571,0.2382105536359673,3.5714285714285716,0.1374643142857143,0.12508475,-0.0475049039682539,0.2038875691679273,3.928571428571429,0.1177294103174603,-0.07127125,-0.0130781735185185,0.1874052504510842,3.9,0.1101245223148148,-0.20881745,50.0,0.1855447499999999,0.0610864722222222,0.3530477881642795,-0.4044177337198351,-1.1724484963296236,-0.94954725,0.0,0.0,0.0,0.0,0.0,0.0,0.0,0.0,0.0,0.0,0.0,0.0,0.0,0.0,0.0,0.0,0.0,0.0,0.0,0.0,0.0,0.0,0.0,0.0,0.0,0.0,0.0,0.0,0.0,0.0,0.0,0.0,0.0,0.0,0.0,0.0,0.0,0.0,0.0,0.0,0.0,0.0,0.0,0.0,0.0,-0.0035241055256249,-0.0140964221024999,0.0701325,2
2024-12-17,0.092942,0.1446920793948307,6,-0.171896,0.229909,0.0726953333333333,0.436172,0.1968331666666666,0.2336107039186489,6,2,neutral,0.113852,0.0,0.0067564496706666,0.0,0.0,0.0,0.0,0.0,0.0,0.0,0.0,0.0,0.0,0.0,0.0,0.0,0.0,0.0,0.0,0.0,0.0,0.0,0.0,0.0,0.0025543717948717,0.0014190954415954,0.0,0.0,-5.4448589191774275,0.0,0.0,0.5092536666666666,0.0,0.0,0.310843,0.0,0.5,0.579731,0.0,0.0,0.5,0.0,0.0,0.5,0.6666666666666666,0.0,0.0619889999999999,0.0,0.0,0.1789315,0.0,0.1789315,0.06497625,0.0,0.0,0.0619889999999999,0.0,0.0,0.229909,0.0419503333333333,0.0,0.217751742899,0.0,0.0,0.1112392085089999,0.0,0.1789315,0.3544677152529999,0.0,0.0,0.0929835,0.0,0.0,0.1149545,0.0968445,0.046471,0.278826,0.5,2
2024-12-18,0.0133888749999999,0.1569859374224669,8,-0.314661,0.169419,0.0601445,0.481156,0.155047875,0.1798117947334597,8,5,neutral,-0.079553125,0.0,0.0008052671924374,0.028473625,0.0584057508976802,2.6666666666666665,0.0593262777777777,0.0171494375,0.0,0.0,0.0,0.0,0.0,0.0,0.0,0.0,0.0,0.0,0.0,0.0,0.0,0.0,0.0,0.0,0.0007878390297954,0.0011603837974151,0.0,0.0,-0.855943760624906,4.588915158552521,0.0,0.3898203333333334,0.0,0.158519,0.0,0.0,0.0,0.410644,0.0,0.0,0.8,0.0,0.5,0.0,0.0,0.0,-0.048414,0.0,0.079496,0.0,0.0,0.0,-0.0789796666666666,0.0,0.0,0.0027499999999999,0.0,0.079496,0.0,0.0,0.0,0.060365770554,0.0,0.025203252848,0.0,0.0,0.0,-0.042456118429,0.0,0.0,-0.065746,0.0,0.079496,0.0,0.0,0.0013936874999999,0.0111494999999999,0.55,5
2024-12-19,-0.064090375,0.1888438803138247,8,-0.340033,0.127822,0.08822875,0.70583,-0.01384275,0.1726134270085698,8,3,neutral,-0.07747925,0.0,-0.0056546136732812,0.0140801666666666,0.0785184698823242,3.3333333333333335,0.0736895277777777,-0.0785161875,0.0,0.0,0.0,0.0,0.0,0.0,0.0,0.0,0.0,0.0,0.0,0.0,0.0,0.0,0.0,0.0,-0.0028322814476044,-0.000192145079624,0.0,0.0,-5.786837953151407,-4.930894192526501,0.0,0.158519,0.0,0.158519,0.5403519999999999,0.5,1.0,0.3774062,0.0,0.333333,0.6666666,0.0,0.0,0.0,0.6111110000000001,0.0,-0.245619,0.0,0.083966,-0.292826,-0.245619,-0.269194,-0.10561,0.0,0.122771,0.0345812,0.0,0.0,0.0,0.0344506666666666,0.0,-0.0389352782609999,0.0,0.026620412708,-0.33812709223,-0.1228095,-0.538388,-0.3922650911499999,0.0,0.040923625743,0.149957125743,0.0,0.0,0.0,-0.042406374257,-0.0320451875,-0.2563615,0.5,3
2024-12-20,0.0405443999999999,0.2750804313183691,5,-0.397046,0.315392,0.152996,0.76498,0.1420806,0.3453849164241253,5,2,neutral,0.104634775,0.0,0.0062031310223999,-0.0033857,0.0542968581931599,3.3333333333333335,0.1004564166666666,0.0135777625,0.0,0.0,0.0,0.0,0.0,0.0,0.0,0.0,0.0,0.0,0.0,0.0,0.0,0.0,0.0,0.0,-0.0005761156063969,-0.0003063676304251,0.0,0.0,-1.6326129313488955,4.154225021802511,0.310843,0.451494,0.0,0.0,0.0,0.0,0.333333,0.5825766666666666,0.0,0.0,0.5555553333333334,0.310843,0.0,0.333333,0.333333,0.1391045,-0.397046,0.0,0.0,0.0,0.0,0.2474125,0.032593,0.0,0.0,0.032593,0.315392,0.0,0.179433,0.315392,0.086479320187,-0.179263886724,0.0,0.0,0.0,0.0,0.164941501725,0.0487621355009999,0.0,0.0,-0.232104498275,0.098037395456,0.0,0.059810940189,0.105130561536,0.03462684,0.1731342,0.58,2
2024-12-23,-0.0391041428571428,0.1909378239518723,7,-0.328342,0.141333,0.0843335714285714,0.5903349999999999,0.0934472857142857,0.2236902672511809,7,4,neutral,-0.0796485428571428,0.0,-0.0032977920247959,-0.0208833726190476,0.0546452778003484,3.0,0.1085194404761904,0.0124931160714285,0.0,0.0,0.0,0.0,0.0,0.0,0.0,0.0,0.0,0.0,0.0,0.0,0.0,0.0,0.0,0.0,-0.002614843233619,-0.0009320928676513,0.0,0.0,-1.9644770389287511,-0.3318641075798556,0.0,0.6449905,0.0,0.158519,0.158519,0.0,0.0,0.3134825,0.0,0.5,0.875,0.360215,0.0,0.0,0.6666666666666666,0.0,-0.0935045,0.0,0.0826195,0.141333,0.0,0.0,-0.043343,0.0,-0.328342,0.0079822499999999,0.089825,0.0,0.0,-0.0323946666666666,0.0,-0.029738559777,0.0,0.026193521041,0.0224039658269999,0.0,0.0,0.0973094286739999,0.0,-0.164171,-0.0387375,0.032356312375,0.0,0.0,-0.0036795,-0.0144192142857142,-0.1009345,0.5571428571428572,4
2024-12-24,-0.0061497499999999,0.218364159842185,4,-0.314355,0.179531,0.039975,0.1599,0.0600285,0.1699233072840019,4,4,neutral,0.0329543928571428,0.0524938377005886,-0.0002458362562499,-0.0015698309523809,0.0400212985631224,3.3333333333333335,0.0924348571428571,-0.023347075,0.0023744295918367,0.0524938377005886,3.0,0.0776445935374149,-0.0068805718112244,0.0,0.0,0.0,0.0,0.0,0.0,0.0,0.0,0.0,0.0,0.0,-0.0023843698286705,-0.0012996254232614,0.0,0.0,-0.842734054484545,1.1217429844442064,0.983605,0.6482086666666667,0.0,0.0,0.158519,0.333333,0.0,0.80452475,0.0,0.0,0.75,0.158519,0.0,0.333333,0.4166665,0.0,0.0965853333333333,0.0,0.0,0.179531,0.110225,0.0,-0.0061497499999999,0.0,0.0,-0.067412,0.110225,0.0,0.110225,0.144878,0.0,0.254985824097,0.0,0.0,0.028459074589,0.036741629925,0.0,0.073738247608,0.0,0.0,-0.2245895,0.017472756775,0.0,0.036741629925,0.126507129925,0.002436375,0.0097455,0.55,4
2024-12-26,-0.0602363333333333,0.2471060779631559,3,-0.345562,0.08426,0.0659406666666666,0.197822,0.157052,0.1675501089555002,3,2,neutral,-0.0540865833333333,0.0572867403775659,-0.0039720239775555,-0.0351634087301587,0.0272577817010681,3.3333333333333335,0.0634164126984127,-0.0105660952380952,-0.0032436180272108,0.0572867403775659,3.142857142857143,0.0806162602040816,-0.0169152149234694,0.0,0.0,0.0,0.0,0.0,0.0,0.0,0.0,0.0,0.0,0.0,-0.0047638403863839,-0.0021321414234766,0.0,0.0,8.79492391289619,9.637657967380736,0.0,0.0,0.0,0.158519,0.0,0.0,0.0,0.3964,0.0,0.0,1.0,0.0,0.0,0.0,0.0,0.0,0.0,0.0,0.0824265,0.0,0.0,0.0,-0.1324845,0.0,0.0,-0.0602363333333333,0.0,0.0,0.0,0.0,0.0,0.0,0.0,0.026132332707,0.0,0.0,0.0,-0.227860531855,0.0,0.0,-0.1807089999999999,0.0,0.0,0.0,0.0,-0.0301181666666666,-0.0903544999999999,0.5,2
2024-12-27,-0.03948525,0.2032946025293916,4,-0.340019,0.086939,0.11696725,0.467869,0.157198,0.1869971158975453,4,2,neutral,0.0207510833333333,0.0392579591676882,-0.0046184811080625,-0.0352904444444444,0.0272862038291348,2.6666666666666665,0.0742943055555555,-0.01666775,-0.0221617965986394,0.0392579591676882,3.142857142857143,0.0869408197278911,-0.007057444345238,0.0,0.0,0.0,0.0,0.0,0.0,0.0,0.0,0.0,0.0,0.0,-0.0053095583619644,-0.002866140499514,0.0,0.0,-0.3444944634744256,-9.139418376370616,0.0,0.0,0.0,0.158519,0.0,0.0,0.0,0.381917,0.0,0.0,0.8333333333333334,0.0,0.0,0.0,0.75,0.0,0.0,0.0,0.0850215,0.0,0.0,0.0,-0.0816266666666666,0.0,0.0,-0.0566586666666666,0.0,0.0,0.0,-0.163992,0.0,0.0,0.0,0.026955046317,0.0,0.0,0.0,-0.01660756303,0.0,0.0,3.349999999999187e-05,0.0,0.0,0.0,-0.1579745,-0.019742625,-0.0789705,0.5,2
2024-12-28,0.1758874999999999,0.0392126065506999,2,0.14816,0.203615,0.1272925,0.254585,0.308008,0.1669394257567696,2,1,bullish,0.2153727499999999,0.0850828421702607,0.0223891595937499,0.0253886388888888,0.1307481635117023,1.6666666666666667,0.1034001388888888,0.1180619166666666,0.0010522926870748,0.0850828421702607,2.5714285714285716,0.0965333911564625,0.0192407905187074,0.0,0.0,0.0,0.0,0.0,0.0,0.0,0.0,0.0,0.0,0.0,0.0054742810724696,-0.0009974019065818,0.0,0.0,-5.454511494798689,-5.110017031324263,0.0,0.0,0.0,0.158519,0.0,0.0,0.0,0.381917,0.0,0.0,0.8333333333333334,0.0,0.0,0.0,0.75,0.0,0.0,0.0,0.0850215,0.0,0.0,0.0,-0.0816266666666666,0.0,0.0,-0.0566586666666666,0.0,0.0,0.0,-0.163992,0.0,0.0,0.0,0.026955046317,0.0,0.0,0.0,-0.01660756303,0.0,0.0,3.349999999999187e-05,0.0,0.0,0.0,-0.1579745,0.0879437499999999,0.1758874999999999,0.5,1
2024-12-29,0.037493,0.0500872017385679,2,0.002076,0.07291,0.0514425,0.102885,-0.057552,0.1195717566986452,2,2,neutral,-0.1383944999999999,0.0806687974773381,0.0019287336525,0.0579650833333333,0.1091360848099556,1.6666666666666667,0.0985674166666666,0.038489125,0.0155642034013605,0.0806687974773381,2.4285714285714284,0.091278212585034,0.013839056632653,0.0,0.0,0.0,0.0,0.0,0.0,0.0,0.0,0.0,0.0,0.0,0.0058170362009153,0.0004935582140747,0.0,0.0,-0.7868353350863477,4.667676159712341,0.0,0.0,0.0,0.0,0.0,0.0,0.0,0.360215,0.0,0.0,0.5,0.0,0.0,0.0,0.5,0.0,0.0,0.0,0.0,0.0,0.0,0.0,0.07291,0.0,0.0,0.07291,0.0,0.0,0.0,0.07291,0.0,0.0,0.0,0.0,0.0,0.0,0.0,0.02626327565,0.0,0.0,0.036455,0.0,0.0,0.0,0.036455,0.0333285,0.066657,0.7,2
2024-12-30,-0.0540663333333333,0.2370155560766705,3,-0.32774,0.084619,0.0587093333333333,0.176128,0.1419913333333333,0.2793123056389269,3,2,neutral,-0.0915593333333333,0.0836564295106258,-0.0031741983857777,0.0531047222222222,0.1157691054177731,1.6666666666666667,0.0791481111111111,-0.1149769166666666,0.0020483843537414,0.0836564295106258,2.4285714285714284,0.0778086887755102,0.0099472414965986,0.0,0.0,0.0,0.0,0.0,0.0,0.0,0.0,0.0,0.0,0.0,0.0009597453150577,0.0005936756522338,0.0,0.0,-2.442038069328497,-1.6552027342421491,0.0,0.0,0.0,0.158519,0.0,0.0,0.0,0.108179,0.0,0.0,1.0,0.0,0.0,0.0,0.0,0.0,0.0,0.0,0.0827705,0.0,0.0,0.0,-0.1234089999999999,0.0,0.0,-0.0540663333333333,0.0,0.0,0.0,0.0,0.0,0.0,0.0,0.0262413937789999,0.0,0.0,0.0,-0.0267005244219999,0.0,0.0,-0.1621989999999999,0.0,0.0,0.0,0.0,-0.0270331666666666,-0.0810994999999999,0.5,2
2024-12-31,-0.0167319999999999,0.1892963490280077,4,-0.300471,0.084838,0.05428875,0.217155,0.1662865,0.2365361259547189,4,2,neutral,0.0373343333333333,0.0822375215521922,-0.0009083593649999,-0.0111017777777777,0.0460385971964265,2.0,0.0548135277777777,-0.0271124999999999,0.0052444047619047,0.0822375215521922,2.142857142857143,0.0735165714285714,0.0020561249999999,0.0,0.0,0.0,0.0,0.0,0.0,0.0,0.0,0.0,0.0,0.0,-0.0005463364189288,0.0003524094904899,0.0,0.0,-0.6905283016541409,1.751509767674356,0.0,0.0,0.0,0.158519,0.0,0.0,0.0,0.1081789999999999,0.0,0.0,0.8333333333333334,0.0,0.0,0.0,0.5,0.0,0.0,0.0,0.082802,0.0,0.0,0.0,-0.0505886666666666,0.0,0.0,-0.0449556666666666,0.0,0.0,0.0,-0.300471,0.0,0.0,0.0,0.026251380476,0.0,0.0,0.0,-0.016417894114,0.0,0.0,0.0153685,0.0,0.0,0.0,-0.1502355,-0.0083659999999999,-0.0334639999999999,0.5,2
2025-01-01,-0.1562235,0.2209333924613932,2,-0.312447,0.0,0.112358,0.224716,0.0736275,0.0278889985567786,2,2,bearish,-0.1394915,0.1027153591291363,-0.017552960013,-0.0756739444444444,0.0722124385858091,2.0,0.0751186944444444,-0.0510785833333333,-0.0161947023809523,0.1027153591291363,1.8571428571428572,0.083857,-0.016871744047619,-0.0069101363945578,0.0789562353474569,2.4285714285714284,0.0807507967687074,-0.0049231146258503,0.0,0.0,0.0,0.0,0.0,44.291110009074465,-0.0097509561225342,-0.0017612221340348,0.0,0.0,8.336809705952666,9.027338007606806,0.158519,0.0,0.0,0.0,0.158519,0.0,0.0,0.968563,0.0,0.0,0.333333,0.0,0.0,0.6666665,0.333333,-0.312447,0.0,0.0,0.0,0.0,0.0,0.0,-0.1562235,0.0,0.0,-0.312447,0.0,0.0,-0.1562235,-0.312447,-0.0495287859929999,0.0,0.0,0.0,0.0,0.0,0.0,-0.293323056471,0.0,0.0,-0.1041488958509999,0.0,0.0,-0.1041488958509999,-0.1041488958509999,-0.07811175,-0.1562235,0.5,2
2025-01-02,-0.0554835,0.1928983642327396,4,-0.302416,0.12091,0.103004,0.412016,0.019801,0.047912304425203,4,3,neutral,0.10074,0.1023909072353748,-0.0057150224339999,-0.0761463333333333,0.0720047509132788,2.3333333333333335,0.0898835833333333,-0.01937575,-0.0155157261904761,0.1023909072353748,2.0,0.0891517619047619,-0.0273729196428571,-0.0093796721088435,0.0799620714325124,2.5714285714285716,0.0848840110544217,-0.0067724589795918,0.0,0.0,0.0,0.0,0.0,48.65561917488511,-0.0105901350398406,-0.0035913983149328,0.0,0.0,-0.6448453657740353,-8.981655071726701,0.0,0.158519,0.0,0.0,0.158519,0.0,0.0,0.818154,0.0,0.0,1.0,0.0,0.0,0.5,0.8333333333333334,0.0,-0.302416,0.0,0.0,-0.112548,0.0,0.0,-0.207482,0.0,0.0,-0.302416,0.0,0.0,0.07212,0.0268273333333333,0.0,-0.047938681904,0.0,0.0,-0.0178409964119999,0.0,0.0,-0.33541716802,0.0,0.0,-0.302416,0.0,0.0,0.03606,0.044422,-0.02774175,-0.110967,0.5,3
2025-01-03,-0.110333,0.271842959386481,2,-0.302555,0.081889,0.0682235,0.136447,0.0286254999999999,0.4015426065120611,2,2,neutral,-0.0548495,0.1084758859373311,-0.0075273034255,-0.1073466666666666,0.0504363513756034,2.3333333333333335,0.0945285,0.0229452499999999,-0.0256368333333333,0.1084758859373311,2.0,0.082188369047619,-0.0409561309523809,-0.0238993149659864,0.0783932378895412,2.5714285714285716,0.0845645943877551,-0.0062835978388278,0.0,0.0,0.0,0.0,0.0,41.71557016607427,-0.0144203964077725,-0.0058199253942765,0.0,0.0,0.9885731794136998,1.6334185451877352,0.0,0.0,0.0,0.158519,0.0,0.0,0.0,0.108179,0.0,0.0,1.0,0.0,0.0,0.0,0.0,0.0,0.0,0.0,0.081889,0.0,0.0,0.0,-0.302555,0.0,0.0,-0.110333,0.0,0.0,0.0,0.0,0.0,0.0,0.0,0.012980962391,0.0,0.0,0.0,-0.032730097345,0.0,0.0,-0.220666,0.0,0.0,0.0,0.0,-0.0551665,-0.110333,0.5,2
2025-01-05,0.131752,0.271842959386481,1,0.131752,0.131752,0.110462,0.110462,0.237373,0.4015426065120611,1,1,neutral,0.242085,0.0952916728015281,0.014553589424,-0.0113548333333333,0.1269322308264663,2.0,0.0938965,0.09361775,-0.0319419047619047,0.0952916728015281,2.0,0.0797840119047619,0.0046961488095237,-0.0154448060374149,0.0884602115473634,2.2857142857142856,0.0881587015306122,-0.0006071364233385,0.0,0.0,0.0,0.0,0.0,54.25956158360858,-0.0021812270392904,-0.0050754209741336,0.0,0.0,-2.194130495862525,-3.182703675276225,0.0,0.0,0.0,0.0,0.0,0.0,0.0,0.0,0.0,0.0,0.0,0.0,0.0,0.0,1.0,0.0,0.0,0.0,0.0,0.0,0.0,0.0,0.0,0.0,0.0,0.0,0.0,0.0,0.0,0.131752,0.0,0.0,0.0,0.0,0.0,0.0,0.0,0.0,0.0,0.0,0.0,0.0,0.0,0.0,0.131752,0.065876,0.065876,0.5,1
2025-01-06,-0.0770913333333333,0.2555115036183955,3,-0.362272,0.130998,0.103265,0.309795,0.1794016666666666,0.2245143041374721,3,1,neutral,-0.2088433333333333,0.0911268617139425,-0.0079608365366666,-0.0185574444444444,0.1312286131817013,1.3333333333333333,0.0939835,0.0166208333333333,-0.0483110952380952,0.0911268617139425,1.8571428571428572,0.0871872261904761,0.0097779821428571,-0.0163734459183673,0.0890762625250493,2.142857142857143,0.0892327193877551,-0.0039721658503401,0.0,0.0,0.0,0.0,0.0,49.572546581780294,-0.0059487681636083,-0.0052532947002146,0.0,0.0,-1.5851245774890197,0.6090059183735055,0.0,0.158519,0.0,0.0,0.0,0.0,0.5,0.108179,0.0,0.0,1.0,0.0,0.0,0.5,1.0,0.0,-0.362272,0.0,0.0,0.0,0.0,0.0,-0.181136,0.0,0.0,-0.362272,0.0,0.0,0.0,0.130998,0.0,-0.057426995168,0.0,0.0,0.0,0.0,0.0,-0.0391902226879999,0.0,0.0,-0.362272,0.0,0.0,0.0,0.130998,-0.0385456666666666,-0.1156369999999999,0.5,1
2025-01-07,-0.087036,0.1578119924720551,4,-0.304126,0.053996,0.11064675,0.442587,0.12163075,0.2365011195130303,4,2,neutral,-0.0099446666666666,0.0923181450910039,-0.009630250533,-0.0107917777777777,0.1235466330425404,1.3333333333333333,0.1081245833333333,-0.109394,-0.0530210476190476,0.0923181450910039,1.8571428571428572,0.0946068571428571,0.0048067083333333,-0.025486331632653,0.0893310510453971,2.142857142857143,0.0862077729591836,-0.0041146834641548,0.0,0.0,0.0,0.0,0.0,45.526808097723865,-0.0094097416790657,-0.0060967394153603,0.0,0.0,0.1289985039390506,1.7141230814280703,0.0,0.360215,0.0,0.0,0.0,0.5,0.0,0.1962333333333333,0.0,0.5,0.5,0.0,0.0,0.0,0.5,0.0,-0.304126,0.0,0.0,0.0,-0.098014,0.0,-0.0833766666666666,0.0,-0.304126,-0.1340466666666666,0.0,0.0,0.0,0.0,0.0,-0.10955074709,0.0,0.0,0.0,-0.049007,0.0,-0.018529389126,0.0,-0.152063,-0.20107,0.0,0.0,0.0,0.0,-0.0408182,-0.1632728,0.55,2
2025-01-08,-0.0633415,0.1740082843806581,6,-0.298983,0.105968,0.1142841666666666,0.685705,0.1775408333333333,0.2275456839049396,6,3,neutral,0.0236945,0.0909350563889434,-0.0072389305429166,-0.0758229444444444,0.0118980645628856,2.0,0.1093986388888889,0.0068749166666666,-0.0596795476190476,0.0909350563889434,2.0,0.1031776309523809,0.0088850952380952,-0.0272175714285714,0.0898486270447391,2.0714285714285716,0.0883471011904761,-0.0056451985347985,0.0,0.0,0.0,0.0,0.0,49.11549043760436,-0.0104192170453683,-0.0069713181476411,0.1445893153142741,-0.1804168395999884,-0.2722379245369732,-0.4012364284760239,0.158519,0.158519,0.0,0.158519,0.0,0.0,0.0,0.69318325,0.0,0.0,0.8666666,0.0,0.0,0.333333,0.333333,-0.1753035,-0.298983,0.0,0.0817865,0.0,0.0,0.0,-0.142393,0.0,0.0,-0.0972034,0.0,0.0,-0.298983,-0.298983,-0.0555778710329999,-0.047394486177,0.0,0.025929428387,0.0,0.0,0.0,-0.543118422979,0.0,0.0,-0.2866949003389999,0.0,0.0,-0.0996609003389999,-0.0996609003389999,-0.0246062166666666,-0.1476372999999999,0.5666666666666667,3
2025-01-09,0.0409626666666666,0.1040474549536572,3,-0.069017,0.137836,0.0536483333333333,0.160945,0.0157916666666666,0.2015084838346349,3,1,neutral,0.1043041666666666,0.0864760092989752,0.0021975787955555,-0.0364716111111111,0.0680985158706637,2.0,0.09285975,0.0639993333333333,-0.0315100952380952,0.0864760092989752,1.8571428571428572,0.0947905357142857,0.0058761964285714,-0.0238523988095238,0.0915642840665732,1.8571428571428572,0.0893237678571428,-0.0030026481684981,0.0,0.0,0.0,0.0,0.0,51.63420083289902,-0.004173597866461,-0.0064065651645329,0.1497849702056177,-0.1794252278246653,-1.6466955576780888,-1.3744576331411156,0.0,0.0,0.0,0.0,0.0,0.5,0.0,0.684621,0.0,0.0,0.5,0.0,0.0,0.0,0.0,0.0,0.0,0.0,0.0,0.0,-0.069017,0.0,-0.069017,0.0,0.0,-0.069017,0.0,0.0,0.0,0.0,0.0,0.0,0.0,0.0,0.0,-0.0345085,0.0,-0.047250487557,0.0,0.0,-0.0345085,0.0,0.0,0.0,0.0,0.0204813333333333,0.061444,0.5,1
2025-01-10,-0.1396715,0.3421640216687021,2,-0.381618,0.102275,0.071977,0.143954,0.1258079999999999,0.3951623820254149,2,1,neutral,-0.1806341666666666,0.0957255185419109,-0.0100531355555,-0.0540167777777777,0.0906773862395221,1.6666666666666667,0.0799698333333333,-0.038165,-0.0435369523809523,0.0957255185419109,1.5714285714285714,0.0903581071428571,-0.0091372976190476,-0.0295263392857142,0.0963294821145185,1.7857142857142858,0.0897549345238095,-0.0075112357142857,0.0,0.0,0.0,0.0,0.0,47.46698897416271,-0.0114047110721215,-0.0074136251370828,0.138964284865791,-0.1918658924848386,-4.409726743050582,-2.763031185372493,0.0,0.495866,0.0,0.0,0.158519,0.333333,0.5,0.3964,0.0,0.0,0.4166665,0.0,0.0,0.333333,0.0,0.0,-0.381618,0.0,0.0,-0.381618,-0.381618,0.102275,-0.1396715,0.0,0.0,-0.1396715,0.0,0.0,-0.381618,0.0,0.0,-0.189231391188,0.0,0.0,-0.060493703742,-0.127205872794,0.0511375,0.028736559153,0.0,0.0,-0.076068372794,0.0,0.0,-0.127205872794,0.0,-0.06983575,-0.1396715,0.5,1
2025-01-12,0.024536,0.3421640216687021,1,0.024536,0.024536,0.032871,0.032871,0.12082,0.3951623820254149,1,1,neutral,0.1642075,0.0935894787943955,0.0008065228559999,-0.0247242777777777,0.0998854682468783,1.0,0.0528321111111111,-0.0082133333333333,-0.0242699523809523,0.0935894787943955,1.4285714285714286,0.08530775,-0.0113860595238095,-0.0249533928571428,0.0973347078178242,1.7142857142857142,0.0837480595238095,-0.0062949131868131,0.0,0.0,0.0,0.0,0.0,51.87037464169746,-0.0057216526015253,-0.0070732212400287,0.1401607358310806,-0.1919476309501282,-1.1756693384119166,3.2340574046386656,0.0,0.158519,0.0,0.0,0.0,0.0,0.0,0.214378,0.0,0.0,0.0,0.0,0.0,0.0,0.0,0.0,0.024536,0.0,0.0,0.0,0.0,0.0,0.024536,0.0,0.0,0.0,0.0,0.0,0.0,0.0,0.0,0.0038894221839999,0.0,0.0,0.0,0.0,0.0,0.005259978608,0.0,0.0,0.0,0.0,0.0,0.0,0.0,0.0171751999999999,0.0171751999999999,0.7,1
2025-01-13,-0.0018138888888888,0.1584578496370915,9,-0.383445,0.145204,0.0620543333333333,0.558489,0.0634603333333333,0.2067525649907396,9,4,neutral,-0.0263498888888888,0.0660389012677136,-0.0001125596657407,-0.0389831296296296,0.0881883785257153,2.0,0.0556341111111111,0.0689288055555555,-0.0433507936507936,0.0660389012677136,1.8571428571428572,0.078392369047619,0.0133087976190476,-0.0376463492063492,0.0789865645467332,1.9285714285714288,0.0790881904761904,0.0009873438339438,0.0,0.0,0.0,0.0,0.0,44.16389883104826,-0.0030516861581652,-0.0062650979694088,0.1425929150352146,-0.1881521615431511,-1.073927652791363,0.1017416856205535,0.0,0.310843,0.0,0.158519,0.0,0.625,0.0,0.357684,0.0,0.0,0.75,0.0,0.25,0.375,0.875,0.0,-0.383445,0.0,0.0874445,0.0,-0.1917225,0.0,-0.03754275,0.0,0.0,-0.0695186666666666,0.0,-0.383445,-0.1191204999999999,0.0707909999999999,0.0,-0.1191911941349999,0.0,0.027723229391,0.0,-0.09586125,0.0,0.11348479667,0.0,0.0,0.07902775,0.0,-0.09586125,-0.0232592499999999,0.2105619999999999,0.0023688111111111,0.0213193,0.5444444444444445,4
2025-01-14,0.0222327142857142,0.2148440890550744,7,-0.190832,0.423861,0.1014707142857142,0.710295,0.0740884285714285,0.2918021233757887,7,2,neutral,0.0240466031746031,0.0682156722004797,0.0022559693990816,0.0149849417989418,0.0145937252142558,2.3333333333333335,0.0654653492063492,-0.0011516428571428,-0.0291616439909297,0.0682156722004797,2.0,0.0781360425170068,0.0155155249433106,-0.0387363696145124,0.0779686092398277,1.9285714285714288,0.0826616343537415,0.0051752956218384,0.0,0.0,0.0,0.0,0.0,49.4581189623102,0.0007318319103781,-0.0048604052142629,0.1403989731929666,-0.1877893882723317,-13.256932837453537,-12.183005184662171,0.0,0.312804,0.0,0.0,0.158519,1.0,0.2777776666666666,0.257183,0.158519,0.25,0.5,0.0,0.333333,0.0,0.45833325,0.0,-0.128032,0.0,0.0,-0.190832,-0.064237,-0.076703,-0.0735865,0.151555,-0.190832,0.0140656666666666,0.0,0.151555,0.0,-0.05039075,0.0,-0.1194078603839999,0.0,0.0,-0.0605009956159999,-0.064237,-0.044897717185,0.04694918229,0.0240243470449999,-0.095416,0.328445,0.0,0.0505182828149999,0.0,-0.016351717185,0.0109773857142857,0.0768417,0.5571428571428572,2
2025-01-15,-0.2261226666666666,0.4438680416535226,3,-0.48239,0.286412,0.2276869999999999,0.6830609999999999,-0.028007,0.2324187017152449,3,1,bearish,-0.2483553809523809,0.1004994901626095,-0.0514851916053333,-0.068567947089947,0.1369750963742434,2.3333333333333335,0.1304040158730158,-0.1121543888888889,-0.0490311678004535,0.1004994901626095,1.8571428571428572,0.0948560782312925,-0.0138552069160997,-0.0510261077097505,0.0927330501241694,1.8571428571428572,0.0947314676870748,-0.0006839819989534,0.0,0.0,0.0,0.0,0.0,44.50257291306602,-0.0137701172002686,-0.0066477495281881,0.1543984097726352,-0.2204906772329526,-11.17071796815932,2.086214869294217,0.0,0.158519,0.0,0.0,0.310843,0.0,0.333333,0.108179,0.0,0.0,0.333333,0.0,0.0,0.0,0.333333,0.0,-0.2261226666666666,0.0,0.0,-0.48239,0.0,-0.48239,-0.48239,0.0,0.0,-0.48239,0.0,0.0,0.0,-0.48239,0.0,-0.107534216992,0.0,0.0,-0.29989510954,0.0,-0.32159301174,-0.1043689356199999,0.0,0.0,-0.32159301174,0.0,0.0,0.0,-0.32159301174,-0.1130613333333333,-0.339184,0.5,1
2025-01-16,-0.1805487499999999,0.2431259793774618,4,-0.460213,0.131639,0.1705722499999999,0.6822889999999999,0.104745,0.1793565502177158,4,1,bearish,0.0455739166666666,0.1123465385325982,-0.0307966065221874,-0.1281462341269841,0.1322105009610311,1.3333333333333333,0.1665766547619047,-0.1013907321428571,-0.0657750606575963,0.1123465385325982,1.5714285714285714,0.1028972329931972,-0.0299907096088435,-0.0627273041383219,0.0982444434449533,1.7857142857142858,0.1030374319727891,-0.0032540539420896,0.0,0.0,0.0,0.0,0.0,44.79325362369842,-0.0216779005287298,-0.0096610654792082,0.1563334531917737,-0.2398656206520912,-0.2015451053115714,10.969172862847747,0.0,0.158519,0.0,0.0,0.310843,0.0,1.0,0.1081789999999999,0.0,0.0,1.0,0.0,1.0,0.0,0.0,0.0,-0.460213,0.0,0.0,-0.460213,0.0,-0.460213,-0.2846113333333333,0.0,0.0,-0.173056,0.0,0.131639,0.0,0.0,0.0,-0.0729525045469999,0.0,0.0,-0.1430539895589999,0.0,-0.460213,-0.092366908286,0.0,0.0,-0.173056,0.0,0.131639,0.0,0.0,-0.0902743749999999,-0.3610974999999999,0.5,1
2025-01-17,-0.0629706666666666,0.3098726789188316,3,-0.387978,0.229143,0.078664,0.235992,0.1204363333333333,0.2264602236074435,3,2,neutral,0.1175780833333333,0.1023085431209311,-0.0049535245226666,-0.1565473611111111,0.0841825027986621,1.3333333333333333,0.1589744166666666,0.081576,-0.0806226797052154,0.1023085431209311,1.7142857142857142,0.1064708996598639,-0.014441992063492,-0.0560663874716553,0.0945080338117279,1.7857142857142858,0.1006307176870748,-0.0063432993284493,0.0,0.0,0.0,0.0,0.0,53.00581582556478,-0.0191837915009942,-0.0115693017493204,0.1562541742732674,-0.2400597750669182,-0.6512262385274522,-0.4496811332158807,0.0,0.310843,0.0,0.0,0.0,0.1833335,0.1833335,0.5540895,0.0,0.166667,0.1833335,0.0,0.0,0.1833335,0.4555556666666667,0.0,-0.387978,0.0,0.0,0.0,-0.2090275,-0.2090275,-0.2090275,0.0,-0.030077,-0.2090275,0.0,0.0,-0.2090275,-0.0629706666666666,0.0,-0.1206002454539999,0.0,0.0,0.0,-0.082608443359,-0.082608443359,-0.072048072062,0.0,-0.005012843359,-0.082608443359,0.0,0.0,-0.082608443359,0.146534556641,-0.0334904666666666,-0.1004713999999999,0.5666666666666667,2
2025-01-20,0.0752486666666666,0.0654817491850464,3,0.0,0.119283,0.0807023333333333,0.242107,0.2189813333333333,0.0913603642633572,3,2,neutral,0.1382193333333333,0.1132936252423391,0.0060727429802222,-0.0560902499999999,0.1280374347347886,1.6666666666666667,0.1099795277777777,0.1278987083333333,-0.0499197987528344,0.1132936252423391,1.8571428571428572,0.1077173758503401,-0.0061770364229024,-0.0467283755668934,0.1008180062791519,1.7142857142857142,0.0990377414965986,-0.0025722245682888,0.0,0.0,0.0,0.0,0.0,54.114474584694854,-0.0070509550582371,-0.0106642318833219,0.1688113342478852,-0.2411435433748694,-2.194979673075294,-1.543753434547842,0.0,0.8972359999999999,0.0,0.0,0.0,0.0,0.0,0.266143,0.0,0.0,0.5,0.0,0.0,0.5,0.5,0.0,0.112873,0.0,0.0,0.0,0.0,0.0,0.106463,0.0,0.0,0.0,0.0,0.0,0.106463,0.0532315,0.0,0.201257630676,0.0,0.0,0.0,0.0,0.0,0.028334382209,0.0,0.0,0.0,0.0,0.0,0.0532315,0.0532315,0.0376243333333333,0.112873,0.5,2
2025-01-21,-0.0797306666666666,0.1223445624878087,3,-0.171521,0.059165,0.118913,0.356739,0.1164543333333333,0.1415844803512494,3,1,neutral,-0.1549793333333333,0.1086313476670569,-0.0094810127653333,-0.0224842222222222,0.0850529986415877,1.6666666666666667,0.0927597777777777,-0.00838,-0.0648150368480725,0.1086313476670569,1.8571428571428572,0.1200090901360544,0.0012654846938775,-0.0445424946145124,0.0996579631240182,1.6428571428571428,0.1026584200680272,-0.0056120029216814,-0.0295384444708994,0.0886053881086434,2.066666666666667,0.0912985511904762,-0.0029539435429136,50.906029302018695,-0.0087536270422464,-0.0102816372859359,0.1306659757375462,-0.228560001531197,-2.05956251716531,0.1354171559099848,0.0,0.614606,0.0,0.0,0.0,0.6666665,0.0,0.108179,0.0,0.333333,0.333333,0.0,0.0,0.333333,0.0,0.0,-0.171521,0.0,0.0,0.0,-0.0338355,0.0,-0.171521,0.0,-0.171521,-0.056178,0.0,0.0,-0.056178,0.0,0.0,-0.105417835726,0.0,0.0,0.0,-0.107114353055,0.0,-0.018554970259,0.0,-0.057173609493,-0.037451962548,0.0,0.0,-0.037451962548,0.0,-0.0398653333333333,-0.119596,0.5,1
2025-01-22,-0.0378501999999999,0.1416764247544382,5,-0.187517,0.121527,0.215259,1.076295,0.0929976,0.1146967490812185,5,3,neutral,0.0418804666666666,0.1059693819196693,-0.0081475962017999,-0.0141107333333333,0.0801705690906859,2.0,0.1382914444444444,-0.0565494333333333,-0.069963081292517,0.1059693819196693,1.7142857142857142,0.1418954710884354,0.0131547383503401,-0.0566569374716553,0.0859439114046264,1.7857142857142858,0.1101439200680272,0.000391111911739,-0.0301031178042328,0.0886024828019457,2.1333333333333333,0.0969692178571428,-0.0029480612585412,44.303341796517245,-0.0069190219841995,-0.009608447530747,0.1223685777921371,-0.2277969235857879,-0.5252742566641027,1.5342882605012067,0.0,0.437351,0.158519,0.0,0.158519,0.0,0.25,0.33113425,0.158519,1.0,0.25,0.310843,0.25,0.0,0.625,0.0,-0.1102636666666666,0.044243,0.0,0.044243,0.0,0.044243,-0.0776945,0.044243,-0.187517,0.044243,0.044243,0.044243,0.0,0.082885,0.0,-0.0154275660009999,0.0070133561169999,0.0,0.0070133561169999,0.0,0.01106075,0.005837183241,0.0070133561169999,-0.375034,0.01106075,0.013752626849,0.01106075,0.0,0.13258775,-0.01555434,-0.0777717,0.62,3
2025-01-23,-0.0195335,0.2204358602031438,6,-0.376897,0.169717,0.1176504999999999,0.705903,0.1144483333333333,0.2135812044480194,6,2,neutral,0.0183166999999999,0.1009710643321983,-0.00229812604175,-0.0457047888888888,0.0308576675015092,2.0,0.1506075,0.0300985833333333,-0.0759296833333333,0.1009710643321983,1.7142857142857142,0.144206869047619,0.0317287357142857,-0.0525456636621315,0.086267284047718,1.8571428571428572,0.1111714557823129,0.000778120151753,-0.0338523011375661,0.0855431980682285,2.1333333333333333,0.0984677234126984,-0.0020312831565937,52.21702917582365,-0.004057225282096,-0.0084973227572755,0.1247190773589755,-0.2266941398192929,-0.4839261087127676,0.041348147951335,0.310843,0.4592376666666666,0.0,0.0,0.0,0.375,1.0,0.51468425,0.158519,0.5,0.25,0.0,0.25,0.5,0.5833333333333334,-0.376897,-0.0210066666666666,0.0,0.0,0.0,-0.094017,-0.1259414999999999,-0.10997925,0.0,-0.188034,0.0,0.0,0.0,0.152999,0.107572,-0.1171557941709999,0.0152249563639999,0.0,0.0,0.0,-0.094017,-0.2518829999999999,-0.115212335725,0.0,-0.094017,0.0,0.0,0.0,0.0764995,0.2462165,-0.00976675,-0.0586005,0.5,2
2025-01-24,-0.014214,0.2234477758302821,5,-0.178489,0.375582,0.1083592,0.541796,0.0976102,0.1961597009905449,5,2,neutral,0.0053195,0.0774669691881828,-0.0015402176688,-0.0238658999999999,0.0123993852641974,2.3333333333333335,0.1470895666666667,0.0118180999999999,-0.0456570166666666,0.0774669691881828,1.8571428571428572,0.1271600404761904,0.0168849898809523,-0.0473440922335601,0.0862231095938552,1.8571428571428572,0.1110080593537414,0.000736266487005,-0.0347723969708994,0.0851651661418096,2.033333333333333,0.100074880079365,-0.0015787832248353,52.81500881032092,-0.0013796168686125,-0.0070728787308804,0.1249519019278151,-0.2266751643881326,-0.2723270279263828,0.2115990807863847,0.0,0.3811685,0.0,0.0,0.0,0.25,0.25,0.323224,0.0,0.375,0.6666666666666666,0.0,0.5,0.0,0.4166666666666667,0.0,-0.073947,0.0,0.0,0.0,-0.108622,-0.108622,-0.073947,0.0,-0.1144455,0.025608,0.0,-0.039272,0.0,-0.1087943333333333,0.0,-0.061249607564,0.0,0.0,0.0,-0.0271555,-0.0271555,-0.032889519506,0.0,-0.08729,0.226203,0.0,-0.019636,0.0,-0.136036,-0.007107,-0.035535,0.5,2
2025-01-26,-0.069543,0.2234477758302821,1,-0.069543,-0.069543,0.068112,0.068112,0.175458,0.1961597009905449,1,1,neutral,-0.0553289999999999,0.0526327261158832,-0.004736712816,-0.0344301666666666,0.0305247042341663,1.6666666666666667,0.0980405666666666,-0.02500475,-0.0297990523809523,0.0526327261158832,1.8571428571428572,0.1125228619047619,-0.0049444702380952,-0.0477870565192743,0.0863274836227191,1.7142857142857142,0.1077100474489795,-0.0004253750898308,-0.0349541511375661,0.0852356814058522,1.9666666666666663,0.0994043217460317,-0.0020053026479156,49.765997739998674,-0.0033901249222289,-0.0063359543040733,0.1224922227476436,-0.2155474352079611,3.8925707049387928,4.1648977328651755,0.0,0.451494,0.0,0.0,0.0,0.0,0.0,0.108179,0.0,0.0,1.0,0.0,0.0,0.0,0.0,0.0,-0.069543,0.0,0.0,0.0,0.0,0.0,-0.069543,0.0,0.0,-0.069543,0.0,0.0,0.0,0.0,0.0,-0.031398247242,0.0,0.0,0.0,0.0,0.0,-0.0075230921969999,0.0,0.0,-0.069543,0.0,0.0,0.0,0.0,-0.0486800999999999,-0.0486800999999999,0.7,1
2025-01-27,0.0237454,0.1846096075230105,5,-0.176092,0.29372,0.1207123999999999,0.6035619999999999,0.1852676,0.1641490210123106,5,2,neutral,0.0932884,0.0537178370082343,0.0028663642229599,-0.0200038666666666,0.0469129332983275,1.6666666666666667,0.0990612,0.0189797,-0.0174110428571428,0.0537178370082343,1.8571428571428572,0.1185297761904762,-0.0039463666666666,-0.0490168612811791,0.0850795341321049,1.7857142857142858,0.11250033792517,0.0045442244322344,-0.0355141178042327,0.0847765255726073,1.9666666666666663,0.0983282017460317,-0.0011059162033652,49.34489189037605,0.0020587499076601,-0.0046563321260267,0.1292604427593241,-0.2143927652196415,-1.3414491753303712,-5.234019880269164,0.0,0.495866,0.0,0.0,0.310843,0.0,0.0,0.161647,0.0,0.0,0.5,0.0,0.0,0.75,0.5,0.0,-0.104001,0.0,0.0,-0.104001,0.0,0.0,-0.1400465,0.0,0.0,-0.0933643333333333,0.0,0.0,0.14686,-0.1400465,0.0,-0.0515705598659999,0.0,0.0,-0.0323279828429999,0.0,0.0,-0.045276193171,0.0,0.0,-0.1400465,0.0,0.0,0.29372,-0.1400465,0.0118727,0.0593635,0.5,2
2025-01-28,-0.1798085,0.2542876193299627,2,-0.359617,0.0,0.098575,0.19715,0.090382,0.14509265464523,2,2,bearish,-0.2035539,0.0655836580424091,-0.0177246228875,-0.0752020333333333,0.1018948774227798,1.6666666666666667,0.0957997999999999,-0.05513275,-0.0538477809523809,0.0655836580424091,1.8571428571428572,0.1210830142857143,-0.0081089928571428,-0.0518837898526077,0.0889571945424449,1.8571428571428572,0.1144001950680272,-0.0021812939944182,-0.040204263042328,0.0887796139886952,1.9,0.098802916031746,-0.0020616064948708,48.49898803852379,-0.0090100457653821,-0.0055273575177981,0.1341602954376045,-0.226240167897922,-8.572350855323558,-7.230901679993187,0.0,0.6536735,0.0,0.0,0.0,0.0,0.0,0.538269,0.0,0.0,0.333333,0.0,0.0,0.333333,0.6666665,0.0,-0.1798085,0.0,0.0,0.0,0.0,0.0,-0.359617,0.0,0.0,-0.359617,0.0,0.0,-0.359617,-0.1798085,0.0,-0.129539437655,0.0,0.0,0.0,0.0,0.0,-0.193570682973,0.0,0.0,-0.119872213461,0.0,0.0,-0.119872213461,-0.119872213461,-0.08990425,-0.1798085,0.5,2
2025-01-29,-0.0065956,0.1168034868927293,5,-0.173134,0.138669,0.0765318,0.382659,0.1303608,0.1706762275558608,5,3,neutral,0.1732129,0.0665908359811475,-0.00050477314008,-0.0542195666666666,0.109816115402537,2.3333333333333335,0.0986064,-0.0151705,-0.0433999142857142,0.0665908359811475,2.142857142857143,0.1150285571428571,-0.0067438142857142,-0.0541074755668934,0.0872731260760138,2.0,0.1175188236394557,0.0016319880184894,-0.0402191247089947,0.0887737538267614,1.8666666666666667,0.100021476031746,-0.00160991770009,48.8435541896421,-0.0044832909363504,-0.0053184899763946,0.1081124409645881,-0.2140270734249056,-0.9633187530066708,7.6090321023168865,0.0,0.8427163999999999,0.0,0.158519,0.4046729999999999,0.0,0.2666665,0.6864049999999999,0.0,0.2,0.35,0.0,0.0,0.2666665,0.6066666,0.0,-0.0065956,0.0,-0.052516,-0.021536,0.0,-0.0258395,-0.021536,0.0,-0.052516,-0.112825,0.0,0.0,-0.0258395,-0.0065956,0.0,0.049831781474,0.0,-0.0083247838039999,-0.054614506884,0.0,-0.010224200279,0.0205249269529999,0.0,-0.0105032,-0.0970702,0.0,0.0,-0.010224200279,0.0950437997209999,-0.00326432,-0.0163216,0.54,3
2025-01-30,0.025613,0.2184769527902199,5,-0.305915,0.262756,0.0943932,0.471966,0.098502,0.2636432628173912,5,2,neutral,0.0322086,0.0716038306458497,0.0024176930316,-0.0535970333333333,0.1104823479887322,2.3333333333333335,0.0898333333333333,0.10271075,-0.0343337428571428,0.0716038306458497,2.0,0.0977620142857142,0.0014432428571428,-0.0521484120748299,0.0888312076816198,1.8571428571428572,0.1198287426870748,0.0056336802878074,-0.0373574802645502,0.0894870654150135,1.8666666666666667,0.1009698938095238,-0.0013232440295213,51.014411474907455,0.0015530965392602,-0.0039438871794323,0.1165234296056008,-0.2121676287325849,-4.883346473406511,-3.92002772039984,0.0,0.4894286666666667,0.0,0.0,0.2346809999999999,0.333333,0.0,0.452403,0.0,1.0,0.333333,0.0,1.0,0.0,0.7777776666666667,0.0,0.0312876666666666,0.0,0.0,-0.0844465,-0.305915,0.0,-0.0844465,0.0,0.095281,-0.305915,0.0,-0.061079,0.0,0.0312876666666666,0.0,0.055236711223,0.0,0.0,-0.0059010103389999,-0.1019715646949999,0.0,0.076061846009,0.0,0.095281,-0.1019715646949999,0.0,-0.061079,0.0,0.297806435305,0.0128065,0.0640325,0.5,2
2025-01-31,0.081805,0.2599805360252955,2,-0.102029,0.265639,0.202806,0.405612,0.1808739999999999,0.2214488733048782,2,1,neutral,0.056192,0.0842266204521355,0.01659054483,0.0336074666666666,0.0447392461162828,2.0,0.124577,0.0442003,-0.0198568142857142,0.0842266204521355,1.8571428571428572,0.1099270857142857,0.016001,-0.0478932488095238,0.093947718604265,1.7857142857142858,0.1270669773809523,0.0119130456776556,-0.0333144719312169,0.0920897057462294,1.8333333333333333,0.1038311854761904,-0.0005691281083037,52.15216626714021,0.0105370276968053,-0.0010472229132801,0.1336030602537004,-0.2123631593806845,2.1938859173076173,7.077232390714128,0.0,0.714479,0.0,0.0,0.0,0.333333,0.0,0.323224,0.0,0.0,0.333333,0.158519,0.0,0.0,0.333333,0.0,-0.102029,0.0,0.0,0.0,-0.102029,0.0,0.081805,0.0,0.0,-0.102029,0.265639,0.0,0.0,-0.102029,0.0,-0.0728975778909999,0.0,0.0,0.0,-0.0340096326569999,0.0,0.1319478437,0.0,0.0,-0.0340096326569999,0.042108828641,0.0,0.0,-0.0340096326569999,0.0409025,0.081805,0.5,1
2025-02-02,-0.201904,0.2599805360252955,1,-0.201904,-0.201904,0.082677,0.082677,-0.004882,0.2214488733048782,1,1,bearish,-0.283709,0.1085062001861447,-0.016692817008,-0.0314953333333333,0.1502288936001771,1.3333333333333333,0.1266254,-0.1137585,-0.0466696714285714,0.1085062001861447,1.7142857142857142,0.1062582,-0.0026979392857142,-0.046163344047619,0.0905759137230989,1.7857142857142858,0.1167091202380952,0.0016370434065934,-0.0459075219312169,0.088246191652487,1.8333333333333333,0.1023440021428571,-0.0002140302627257,50.85315379214977,-0.0042248980015406,-0.0016828424192564,0.1412045744081486,-0.2338209235351327,-3.468113196014913,-5.66199911332253,0.0,0.0,0.0,0.0,0.0,0.0,0.0,0.108179,0.0,0.0,0.0,0.0,0.0,0.0,0.0,0.0,0.0,0.0,0.0,0.0,0.0,0.0,-0.201904,0.0,0.0,0.0,0.0,0.0,0.0,0.0,0.0,0.0,0.0,0.0,0.0,0.0,0.0,-0.021841772816,0.0,0.0,0.0,0.0,0.0,0.0,0.0,-0.100952,-0.100952,0.5,1
2025-02-03,-0.014746,0.2209141607789475,4,-0.308974,0.215187,0.0815195,0.326078,0.0763035,0.1667242475196694,4,2,neutral,0.187158,0.108557623535778,-0.001202086547,-0.0449483333333333,0.1442457447356189,1.3333333333333333,0.1223341666666666,-0.0482755,-0.0388415285714285,0.108557623535778,1.8571428571428572,0.1081735571428571,-0.0025451642857142,-0.0343202904761904,0.0820956061934664,1.8571428571428572,0.1103482095238095,-0.0018956063003662,-0.0476488219312169,0.0870510649806761,1.8333333333333333,0.1033465688095238,0.0005621878275685,55.310972743619566,-0.0013886255100943,-0.0016239927794569,0.1345764026827035,-0.2327636184763543,-0.9269652904350582,2.5411479055798547,0.0,0.628481,0.158519,0.0,0.0,0.25,1.0,0.3868655,0.0,0.25,0.625,0.0,0.0,0.5,0.375,0.0,-0.0089576666666666,-0.308974,0.0,0.0,-0.308974,-0.032111,-0.014746,0.0,-0.308974,-0.12103,0.0,0.0,0.215187,-0.0468935,0.0,0.1573429462209999,-0.048978249506,0.0,0.0,-0.0772435,-0.032111,0.0320802346389999,0.0,-0.0772435,-0.0103295,0.0,0.0,0.1075935,0.0303499999999999,-0.007373,-0.029492,0.5,2
2025-02-04,0.0641012,0.1713859650371056,5,-0.173628,0.275895,0.0693033999999999,0.3465169999999999,0.1846554,0.2023312389382816,5,2,neutral,0.0788472,0.11339897979042,0.0044424311040799,-0.0508495999999999,0.1366283062051198,1.6666666666666667,0.0778333,0.1330026,-0.0330764142857142,0.11339897979042,1.8571428571428572,0.1008294142857142,0.0174254035714285,-0.0252437285714285,0.0856327225822765,1.8571428571428572,0.1096795952380952,-2.808161172161346e-05,-0.0437099041534391,0.0893926210533901,1.8333333333333333,0.1036997043650793,0.0012388970116708,54.173915061895585,0.0069084620277157,8.264336652440488e-05,0.1462107747164651,-0.2240207205101159,-5.347022921470226,-4.420057631035168,0.0,0.688205,0.0,0.0,0.0,0.0,0.5,0.437228,0.0,0.25,0.375,0.0,1.0,0.375,0.5833333333333334,0.0,0.049435,0.0,0.0,0.0,0.0,0.046038,0.049435,0.0,-0.173628,-0.063795,0.0,0.0,0.0511335,0.0914893333333333,0.0,0.214249722834,0.0,0.0,0.0,0.0,0.023019,0.142234616712,0.0,-0.043407,-0.020388,0.0,0.0,0.0945405,0.2667414999999999,0.0320506,0.1602529999999999,0.5,2
2025-02-05,-0.084817,0.1199493517197988,2,-0.169634,0.0,0.0816969999999999,0.1633939999999999,-0.0058535,0.0462907454303773,2,1,neutral,-0.1489182,0.097479655934559,-0.0069292944489999,-0.0118205999999999,0.0745021882006159,1.6666666666666667,0.0775066333333333,-0.0350355,-0.0195062,0.097479655934559,1.7142857142857142,0.0984182714285714,-0.0090799571428571,-0.0366769904761904,0.0817824044354394,1.7857142857142858,0.1097506428571428,0.001582761025641,-0.0459794041534391,0.0895482238361334,1.8,0.1046133126984127,0.001159744453096,44.77903684740053,0.0018468074791211,0.0004355002032356,0.1393075873822053,-0.2280528331758561,-2.32317335712904,3.0238495643411865,0.0,0.451494,0.0,0.0,0.0,0.0,0.0,0.108179,0.0,0.0,0.5,0.0,0.0,0.0,0.5,0.0,-0.169634,0.0,0.0,0.0,0.0,0.0,-0.169634,0.0,0.0,-0.169634,0.0,0.0,0.0,-0.169634,0.0,-0.076588733196,0.0,0.0,0.0,0.0,0.0,-0.018350836486,0.0,0.0,-0.084817,0.0,0.0,0.0,-0.084817,-0.0424085,-0.084817,0.5,1
2025-02-06,0.0262546666666666,0.1703866429103721,6,-0.176316,0.190165,0.0842278333333333,0.505367,0.1723198333333333,0.2499181753241781,6,2,neutral,0.1110716666666666,0.0989839300024961,0.0022113736882222,0.0018462888888889,0.0774014486435301,1.6666666666666667,0.0784094111111111,-0.0189232666666666,-0.0148133047619047,0.0989839300024961,1.5714285714285714,0.0995177047619047,-0.0023326357142857,-0.0291066095238095,0.0823935802515428,1.8571428571428572,0.1072731309523809,0.0019614564102564,-0.0398967985978836,0.0879854425619543,1.8,0.1036756404761904,0.0008654666071649,53.55893013695092,0.0064457047947166,0.0016376065704278,0.1425003764121767,-0.228438766650272,-1.3095448632546147,1.013628493874425,0.0,0.158519,0.0,0.0,0.0,0.0,0.0,0.234197,0.0,0.333333,0.6666665,0.0,0.5,0.0,0.58333325,0.0,-0.176316,0.0,0.0,0.0,0.0,0.0,-0.0237099999999999,0.0,-0.176316,-0.176223,0.0,0.1877885,0.0,0.08203925,0.0,-0.027949436004,0.0,0.0,0.0,0.0,0.0,0.027356584076,0.0,-0.0587719412279999,-0.234901941228,0.0,0.1877885,0.0,0.257912558772,0.0131273333333333,0.078764,0.5,2
2025-02-07,0.114201,0.2438063906299422,3,-0.167303,0.257813,0.123326,0.369978,0.1271326666666666,0.1827167546787468,3,2,neutral,0.0879463333333333,0.1100577091065136,0.014083952526,0.0185462222222222,0.0997326735218444,1.6666666666666667,0.0964169444444444,0.099509,-0.0021578761904761,0.1100577091065136,1.5714285714285714,0.1036509619047619,0.0172655119047618,-0.0182458095238095,0.0907500157943321,1.7857142857142858,0.100706488095238,0.0057677093040293,-0.0342406485978835,0.0922973325480932,1.7666666666666666,0.1043530404761904,0.0017521514605293,54.952577450143366,0.0167853552302574,0.0046672882636427,0.1581373372760625,-0.2348788989427291,3.349740998425677,4.659285861680292,0.0,0.360215,0.0,0.0,0.0,0.333333,0.0,0.161647,0.0,0.333333,0.6666665,0.0,0.0,0.0,0.0,0.0,-0.167303,0.0,0.0,0.0,-0.167303,0.0,-0.167303,0.0,-0.167303,0.042395,0.0,0.0,0.0,0.0,0.0,-0.060265050145,0.0,0.0,0.0,-0.055767610899,0.0,-0.027044028041,0.0,-0.055767610899,0.196325389101,0.0,0.0,0.0,0.0,0.0914755666666666,0.2744267,0.6333333333333333,2
2025-02-10,-0.0221246666666666,0.3194604140583514,3,-0.36397,0.268845,0.071864,0.215592,-0.0130586666666666,0.3846799786086265,3,2,neutral,-0.1363256666666666,0.1036677790567246,-0.0015899670453333,0.0394436666666666,0.0691131980071663,2.0,0.0931392777777777,-0.0241896666666666,-0.0170049714285714,0.1036677790567246,1.7142857142857142,0.0849449619047618,0.0271209095238095,-0.0184308928571428,0.0907554861960837,1.7857142857142858,0.0974360238095238,0.0056144334798534,-0.0313003708201058,0.0911880445020723,1.7666666666666666,0.1044743904761904,0.001305544248636,49.92162611331802,0.0141070905649158,0.0065553145120103,0.1473618413733377,-0.2037036030400043,-1.193734438986232,-4.543475437411909,0.0,0.451494,0.0,0.0,0.451494,0.0,0.0,0.2798365,0.0,0.6666665,0.333333,0.0,0.0,0.333333,0.0,0.0,-0.36397,0.0,0.0,-0.36397,0.0,0.0,-0.0475625,0.0,-0.1676095,-0.36397,0.0,0.0,-0.36397,0.0,0.0,-0.16433027118,0.0,0.0,-0.16433027118,0.0,0.0,0.0820079938,0.0,-0.09257221201,-0.12132321201,0.0,0.0,-0.12132321201,0.0,-0.0110623333333333,-0.033187,0.5,2
2025-02-11,-0.0844897499999999,0.0787654733258805,4,-0.18541,-0.00412,0.12269525,0.490781,0.0250945,0.088757824257921,4,2,neutral,-0.0623650833333333,0.0740260667270782,-0.0103664909986875,0.0025288611111111,0.1016137336082474,2.0,0.10596175,-0.099345375,-0.0002315071428571,0.0740260667270782,1.8571428571428572,0.0906618547619047,-0.0065237494047618,-0.0234505892857142,0.0924322974944363,1.7857142857142858,0.0984600273809523,0.003866056007326,-0.0385084291534391,0.0862688011737309,1.8,0.1048821654761904,0.0020868860727086,47.945304847283325,0.0069970316717324,0.0066436604066788,0.1394022863593246,-0.1861381480259912,2.818803296471507,4.012537735457739,0.0,0.158519,0.0,0.0,0.310843,0.0,0.0,0.1608336666666666,0.0,0.25,0.25,0.0,0.25,0.25,1.0,0.0,-0.103851,0.0,0.0,-0.103851,0.0,0.0,-0.0508496666666666,0.0,-0.103851,-0.103851,0.0,-0.103851,-0.103851,-0.18541,0.0,-0.016462356669,0.0,0.0,-0.032281356393,0.0,0.0,-0.023544317463,0.0,-0.02596275,-0.02596275,0.0,-0.02596275,-0.02596275,-0.18541,-0.0422448749999999,-0.1689794999999999,0.5,2
2025-02-12,-0.1903385,0.110125517208774,2,-0.268209,-0.112468,0.09409,0.18818,-0.0559775,0.0243973052712794,2,1,bearish,-0.10584875,0.1036054007680776,-0.017908949465,-0.0989843055555555,0.0850384768016127,1.6666666666666667,0.0962164166666666,-0.0841069166666666,-0.02531615,0.1036054007680776,1.7142857142857142,0.0924576404761904,-0.0289658547619047,-0.0320788392857142,0.1021888507035831,1.7857142857142858,0.1003155988095238,-0.00242170003663,-0.0422833347089947,0.0903943674210963,1.8,0.1045763321428571,0.0008412482341931,46.56956819875799,-0.0069004860068259,0.003934770713719,0.1487643619494873,-0.2082370069494873,1.2527998958453543,-1.5660034006261525,0.0,0.158519,0.0,0.0,0.310843,0.0,0.0,0.108179,0.0,0.0,0.333333,0.0,0.0,0.333333,0.6666665,0.0,-0.268209,0.0,0.0,-0.268209,0.0,0.0,-0.1903385,0.0,0.0,-0.268209,0.0,0.0,-0.268209,-0.1903385,0.0,-0.0425162224709999,0.0,0.0,-0.0833708901869999,0.0,0.0,-0.0411812571829999,0.0,0.0,-0.089402910597,0.0,0.0,-0.089402910597,-0.201870910597,-0.09516925,-0.1903385,0.5,1
2025-02-13,-0.108628,0.2421218197746746,3,-0.375309,0.097403,0.0869436666666666,0.260831,0.051419,0.242009852975039,3,2,neutral,0.0817104999999999,0.0992368208141211,-0.0094445166226666,-0.1278187499999999,0.0554725439592642,1.6666666666666667,0.1012429722222222,-0.012069125,-0.04999175,0.0992368208141211,1.7142857142857142,0.0949776785714285,-0.0251182172619047,-0.0415340821428571,0.1027487979996909,1.7857142857142858,0.0979035464285714,-0.0027684593772893,-0.043003068042328,0.0908478040009656,1.8,0.1037862293650793,0.000104579064569,46.21588711426738,-0.0113268985197334,0.0008823824106015,0.1357023096831034,-0.2135626213497701,-0.4292904483328386,-1.682090344178193,0.0,0.540216,0.0,0.158519,0.682689,0.0,0.25,0.108179,0.0,0.0,0.625,0.0,0.0,0.25,0.625,0.0,-0.108628,0.0,0.097403,-0.375309,0.0,-0.375309,-0.375309,0.0,0.0,-0.138953,0.0,0.0,-0.375309,-0.2116435,0.0,-0.0342739052549999,0.0,0.015440226157,-0.256219325901,0.0,-0.09382725,-0.040600552311,0.0,0.0,0.00357575,0.0,0.0,-0.09382725,-0.14180525,-0.054314,-0.162942,0.5,2
2025-02-14,0.0216144999999999,0.1759020042083091,2,-0.102767,0.145996,0.054968,0.109936,0.1072605,0.052445402853825,2,2,neutral,0.1302424999999999,0.1011468395382953,0.0011881058359999,-0.0924506666666666,0.1068985413257979,1.6666666666666667,0.0786672222222222,0.1059764999999999,-0.03478725,0.1011468395382953,1.8571428571428572,0.09115925,-0.0224211547619047,-0.027146725,0.0957621595131527,1.7857142857142858,0.0947887607142857,-0.0055227114652014,-0.0401712013756613,0.0915136273030741,1.7666666666666666,0.1018090238095238,0.0003812015523421,56.009912896647755,-0.0044799814430874,-0.0001901056671976,0.1416638568463875,-0.2093896518463875,-1.1989772434363146,-0.769686795103476,0.0,0.4280405,0.0,0.0,0.158519,0.25,0.0,0.161647,0.0,0.25,0.25,0.0,0.0,0.5,0.375,0.0,0.0216144999999999,0.0,0.0,-0.102767,-0.102767,0.0,0.0216144999999999,0.0,-0.102767,-0.102767,0.0,0.0,0.145996,0.0216144999999999,0.0,0.0016312879179999,0.0,0.0,-0.016290522073,-0.02569175,0.0,0.0069878381629999,0.0,-0.02569175,-0.02569175,0.0,0.0,0.072998,0.0473062499999999,0.04000645,0.0800129,0.7,2
2025-02-18,0.0034214999999999,0.2609952342562982,2,-0.18113,0.187973,0.072617,0.145234,0.110768,0.3412992300753109,2,2,neutral,-0.018193,0.0991996411336785,0.0002484590654999,-0.0278639999999999,0.0705327164105424,2.0,0.0715095555555555,0.05602475,-0.0380491309523809,0.0991996411336785,1.8571428571428572,0.0895005595238095,-0.0096070863095238,-0.0264312178571428,0.0959647314479395,1.7142857142857142,0.0945091321428571,-0.0039718239926739,-0.0414225735978835,0.0906182246607605,1.8,0.1024413126984127,0.001221988704557,50.329350285207205,-0.0004907042706512,-0.000250226074342,0.1444987945673122,-0.2080974195673123,-0.8417034860857298,0.3572737573505848,0.0,0.158519,0.0,0.0,0.0,0.25,0.0,0.108179,0.0,0.25,0.25,0.0,0.25,0.0,1.0,0.0,-0.18113,0.0,0.0,0.0,-0.18113,0.0,-0.18113,0.0,-0.18113,-0.18113,0.0,-0.18113,0.0,0.187973,0.0,-0.02871254647,0.0,0.0,0.0,-0.0452825,0.0,-0.01959446227,0.0,-0.0452825,-0.0452825,0.0,-0.0452825,0.0,0.187973,0.0017107499999999,0.0034214999999999,0.5,2
2025-02-19,-0.0761033333333333,0.028887849666137,3,-0.107945,-0.051575,0.099661,0.298983,-0.0168803333333333,0.0496685533545455,3,1,neutral,-0.0795248333333333,0.0731866970031202,-0.0075845343033333,-0.0170224444444444,0.0519678735968283,1.6666666666666667,0.0757486666666666,-0.0488589166666666,-0.0652354642857142,0.0731866970031202,1.7142857142857142,0.0861198452380952,0.0080656964285714,-0.0336966702380952,0.0955710324360878,1.6428571428571428,0.0948854035714285,-0.0036752838461538,-0.0393036347089947,0.0889698560101597,1.8,0.1033641126984126,0.0003206630647809,46.75660355130064,-0.0035966889979347,-0.0009195247726927,0.1426541573595418,-0.2119097656928752,-23.242681085294016,-22.40097759920829,0.310843,0.614606,0.0,0.0,0.158519,1.0,0.0,0.7219563333333333,0.0,0.0,0.333333,0.0,0.333333,0.333333,0.0,-0.06879,-0.107945,0.0,0.0,-0.107945,-0.051575,0.0,-0.0761033333333333,0.0,0.0,-0.107945,0.0,-0.107945,-0.107945,0.0,-0.02138288997,-0.06634364467,0.0,0.0,-0.017111333455,-0.051575,0.0,-0.16208252996,0.0,0.0,-0.035981630685,0.0,-0.035981630685,-0.035981630685,0.0,-0.0380516666666666,-0.114155,0.5,1
2025-02-21,0.0145984999999999,0.2064674641823742,6,-0.314213,0.249584,0.1024491666666666,0.614695,0.0559455,0.1562724387980811,6,3,neutral,0.0907018333333333,0.0779529995560575,0.0014956041595833,-0.019361111111111,0.049456962798852,2.0,0.0915757222222222,0.0055885,-0.0599892976190476,0.0779529995560575,1.8571428571428572,0.0904891547619047,0.0227780208333333,-0.0384971345238095,0.0908967522349547,1.7857142857142858,0.0877170583333333,0.0015123255311355,-0.0396348847089947,0.0887421822579361,1.8666666666666667,0.1056833849206349,0.0011086921154015,47.903155190383934,0.001133335061206,-0.000508949805633,0.1452577075370271,-0.2116320658703604,-1.1918247120143663,22.05085637327965,0.0,0.4751336666666666,0.0,0.0,0.0,0.0,0.8333333333333334,0.4423118,0.0,0.0,0.6666665,0.0,0.0,0.333333,0.6111110000000001,0.0,-0.104374,0.0,0.0,0.0,0.0,0.0835583333333333,-0.026493,0.0,0.0,-0.19157,0.0,0.0,-0.314213,0.0518089999999999,0.0,-0.165834122806,0.0,0.0,0.0,0.0,0.125883,0.152702617816,0.0,0.0,-0.173664561929,0.0,0.0,-0.104737561929,0.240110438071,0.0072992499999999,0.0437954999999999,0.5,3
2025-02-23,-0.103488,0.2064674641823742,1,-0.103488,-0.103488,0.07031,0.07031,0.007264,0.1562724387980811,1,1,neutral,-0.1180865,0.0792678201328327,-0.00727624128,-0.054997611111111,0.0618077179926075,1.6666666666666667,0.0908067222222222,-0.0136923333333333,-0.0627033333333333,0.0792678201328327,1.7142857142857142,0.0830055476190476,0.0146173809523809,-0.0314674202380952,0.080497982257877,1.7857142857142858,0.0868337011904761,-0.0057315958608058,-0.0430240217460317,0.0891883473053997,1.7666666666666666,0.1059585738095238,0.0009575709868107,53.42449912431977,-0.0044575238722617,-0.0012986692356637,0.1456499181155476,-0.215418776448881,-8.08894749460561,-6.897122782591245,0.0,0.310843,0.0,0.0,0.0,0.0,0.0,0.0,0.0,0.0,1.0,0.0,0.0,0.0,0.0,0.0,-0.103488,0.0,0.0,0.0,0.0,0.0,0.0,0.0,0.0,-0.103488,0.0,0.0,0.0,0.0,0.0,-0.032168520384,0.0,0.0,0.0,0.0,0.0,0.0,0.0,0.0,-0.103488,0.0,0.0,0.0,0.0,-0.051744,-0.051744,0.5,1
2025-02-24,-0.2551793333333333,0.2357608597739101,3,-0.405572,0.016536,0.0791096666666666,0.237329,-0.0440406666666666,0.2861106436963388,3,3,bearish,-0.1516913333333333,0.0981970633999999,-0.0201871520002222,-0.114689611111111,0.1352372985093993,2.3333333333333335,0.0839562777777777,-0.1348889166666667,-0.0719663095238095,0.0981970633999999,2.0,0.0808655,-0.0242386428571428,-0.0486412297619047,0.0999527907082502,1.8571428571428572,0.0866615702380952,-0.0115721091941391,-0.05227109,0.0962877268749082,1.8,0.1052132055555555,3.887349647756577e-05,41.42212284109947,-0.0207236859923768,-0.0051836907564953,0.1543117667997212,-0.2519730984663879,1.4657866934652652,9.554734188070876,0.0,0.158519,0.0,0.0,0.158519,0.0,0.25,0.6527580000000001,0.0,0.25,0.3333333333333333,0.0,0.0,0.25,0.375,0.0,-0.3910369999999999,0.0,0.0,-0.376502,0.0,-0.376502,-0.2551793333333333,0.0,-0.179983,-0.2551793333333333,0.0,0.0,-0.179983,-0.194518,0.0,-0.123973588406,0.0,0.0,-0.059682720538,0.0,-0.0941255,-0.367414024438,0.0,-0.0899915,-0.2927775,0.0,0.0,-0.0899915,-0.198652,-0.1264872666666666,-0.3794617999999999,0.5666666666666667,3
2025-02-25,-0.398691,0.2357608597739101,1,-0.398691,-0.398691,0.116914,0.116914,-0.072224,0.2861106436963388,1,1,bearish,-0.1435116666666666,0.1587668191086151,-0.046612559574,-0.2524527777777778,0.1476203860621837,1.6666666666666667,0.0887778888888888,-0.1476015,-0.1134038809523809,0.1587668191086151,1.8571428571428572,0.0851469761904761,-0.064482244047619,-0.0816978154761904,0.1313840351391227,1.7857142857142858,0.0900623273809523,-0.0178567478021978,-0.0580233677777777,0.1110542250902236,1.8,0.1015207722222222,-0.0033950700556173,34.21730280208301,-0.0445341527195815,-0.0130538125947342,0.1910634294711679,-0.3106130111378346,0.5623953350454189,-0.9033913584198464,0.0,0.158519,0.0,0.0,0.0,0.0,0.0,0.87644,0.0,0.0,0.5,0.0,0.0,0.0,0.5,0.0,-0.398691,0.0,0.0,0.0,0.0,0.0,-0.398691,0.0,0.0,-0.398691,0.0,0.0,0.0,-0.398691,0.0,-0.063200098629,0.0,0.0,0.0,0.0,0.0,-0.34942874004,0.0,0.0,-0.1993455,0.0,0.0,0.0,-0.1993455,-0.1993455,-0.1993455,0.5,1
2025-02-26,-0.00735825,0.283091809077756,4,-0.39867,0.244814,0.104575,0.4183,0.09900975,0.2541138560335701,4,2,neutral,0.39133275,0.1549931248855809,-0.00076948899375,-0.2204095277777777,0.1979697826422481,2.0,0.1001995555555555,0.1239105416666666,-0.1175428452380952,0.1549931248855809,1.8571428571428572,0.0922336904761904,-0.0338318720238095,-0.0761650476190476,0.1328651778665234,1.8571428571428572,0.0916964702380952,-0.0158355904761904,-0.0522503511111111,0.108946813918858,1.8333333333333333,0.0993208638888888,-0.0039132009640341,52.266794663260015,-0.0318207535002552,-0.016807212010346,0.1909914873429664,-0.310617334009633,-0.9815439776669148,-1.5439393127123338,0.0,0.3271925,0.0,0.0,0.0,0.0,1.0,0.1081789999999999,0.0,1.0,0.5,0.0,0.0,0.5,0.0,0.0,-0.1263555,0.0,0.0,0.0,0.0,0.145959,-0.0914156666666666,0.0,-0.021536,-0.39867,0.0,0.0,-0.39867,0.0,0.0,0.0091793357639999,0.0,0.0,0.0,0.0,0.145959,-0.029667766213,0.0,-0.021536,-0.199335,0.0,0.0,-0.199335,0.0,-0.004755925,-0.0190237,0.55,2
2025-02-27,0.1662986,0.1032387922291487,10,0.010356,0.35125,0.157029,1.57029,0.2529665,0.1419593602082026,10,5,bullish,0.17365685,0.1854188752657886,0.0261137028594,-0.0799168833333333,0.2893991680714388,2.6666666666666665,0.1261726666666666,0.2824948000000001,-0.094274688095238,0.1854188752657886,2.2857142857142856,0.1042925476190476,0.0138603321428571,-0.0661619095238095,0.1458104578663078,2.0714285714285716,0.0968965535714285,-0.0055315835897435,-0.0446080422222222,0.1159829672305672,1.9333333333333331,0.1019330305555555,-0.0025771409417871,53.95350235163358,-0.0077937053848182,-0.015004506368618,0.2154034470746808,-0.3209607337413475,-23.600292189039504,-22.618748211372587,0.451494,0.57648475,0.0,0.0,0.0,0.0,0.0,0.26783825,0.0,0.5,0.5,0.0,0.0,1.0,1.0,0.136838,0.14658675,0.0,0.0,0.0,0.0,0.0,0.134731,0.0,0.227153,0.227153,0.0,0.0,0.055129,0.2175549999999999,0.0617815359719999,0.332822017587,0.0,0.0,0.0,0.0,0.0,0.119312627548,0.0,0.1135765,0.1135765,0.0,0.0,0.055129,0.6526649999999999,0.09089366,0.9089366,0.5599999999999999,5
2025-02-28,-0.2390759999999999,0.2091947127869153,2,-0.386999,-0.091153,0.08804,0.17608,-0.1680654999999999,0.0853187971111876,2,2,bearish,-0.4053746,0.1928401233498521,-0.02104825104,-0.0267118833333332,0.2033791137843088,3.0,0.116548,-0.115858875,-0.1175564976190476,0.1928401233498521,2.4285714285714284,0.1026324047619047,0.0009418136904761,-0.0913959809523809,0.1427323615945412,2.0714285714285716,0.094376125,-0.0045259561904761,-0.0550855311111111,0.11894192072614,1.9333333333333331,0.1021776194444444,-0.003005174935113,41.54259375683882,-0.0208999633595619,-0.0161836000255015,0.2038149018323571,-0.3414602884990237,-2.4376308640000577,21.162661325039444,0.451494,0.158519,0.0,0.0,0.0,0.0,0.0,0.4923095,0.0,0.0,0.5,0.0,0.0,0.5,1.0,-0.091153,-0.386999,0.0,0.0,0.0,0.0,0.0,-0.2390759999999999,0.0,0.0,-0.386999,0.0,0.0,-0.386999,-0.091153,-0.041155032582,-0.061346694481,0.0,0.0,0.0,0.0,0.0,-0.121755300141,0.0,0.0,-0.1934995,0.0,0.0,-0.1934995,-0.091153,-0.1195379999999999,-0.2390759999999999,0.5,2
2025-03-01,-0.427375,0.2091947127869153,1,-0.427375,-0.427375,0.342093,0.342093,-0.055511,0.0853187971111876,1,1,bearish,-0.188299,0.2135964433526328,-0.146201995875,-0.1667174666666666,0.3033791420711934,2.6666666666666665,0.1957206666666666,-0.2968368000000001,-0.180695569047619,0.2135964433526328,2.142857142857143,0.1368672380952381,-0.0133737404761904,-0.1203424333333333,0.1666861810486873,2.0,0.1136781964285714,-0.011841687032967,-0.0666736755555555,0.1369912843771505,1.9333333333333331,0.1096169527777777,-0.005577008928439,40.53391936636027,-0.0458116821342727,-0.0221092255282504,0.2315650913348747,-0.3917575780015414,0.7876114708293598,3.2252423348294172,0.0,0.0,0.0,0.0,0.0,0.0,0.0,0.108179,0.0,1.0,0.0,0.0,0.0,0.0,0.0,0.0,0.0,0.0,0.0,0.0,0.0,0.0,-0.427375,0.0,-0.427375,0.0,0.0,0.0,0.0,0.0,0.0,0.0,0.0,0.0,0.0,0.0,0.0,-0.046233000125,0.0,-0.427375,0.0,0.0,0.0,0.0,0.0,-0.2136875,-0.2136875,0.5,1
2025-03-02,-0.084999,0.2091947127869153,1,-0.084999,-0.084999,0.059636,0.059636,0.057797,0.0853187971111876,1,1,neutral,0.342376,0.214821101366943,-0.005069000364,-0.2504833333333333,0.1714728164588584,1.3333333333333333,0.1632563333333333,0.0770384999999999,-0.1780542833333333,0.214821101366943,2.142857142857143,0.1353423809523809,0.0079091160714285,-0.1203788083333333,0.1666778106309303,1.9285714285714288,0.1091739642857142,-0.009649918058608,-0.0682453022222222,0.1369196432250342,1.8666666666666667,0.1044295194444444,-0.0054964542380422,49.98948069704292,-0.0377242936068224,-0.025232242972773,0.2265310917914855,-0.3937488784581521,-0.8011137759578824,-1.588725246787242,0.0,0.0,0.0,0.0,0.0,0.0,0.0,0.0,0.158519,0.0,0.0,0.0,0.0,1.0,0.0,0.0,0.0,0.0,0.0,0.0,0.0,0.0,0.0,-0.084999,0.0,0.0,0.0,0.0,-0.084999,0.0,0.0,0.0,0.0,0.0,0.0,0.0,0.0,0.0,-0.013473956481,0.0,0.0,0.0,0.0,-0.084999,0.0,-0.0424995,-0.0424995,0.5,1
2025-03-03,0.0336065555555555,0.1352133820550975,9,-0.219391,0.166959,0.075573,0.680157,0.1429515555555555,0.1859069296806275,9,5,neutral,0.1186055555555555,0.2250284324329368,0.002539748223,-0.1595891481481481,0.2393716071115724,2.3333333333333335,0.1591006666666666,0.2304907777777778,-0.1367991563492063,0.2250284324329368,2.4285714285714284,0.1348371428571428,0.0195691988095238,-0.1043827329365079,0.1701570078300647,2.2142857142857144,0.1078513214285714,-0.0075566996947496,-0.066473967037037,0.1379117039783499,1.9666666666666663,0.1030269361111111,-0.0045034020145841,54.60166067647228,-0.0215713061462021,-0.0245000548893309,0.2222362160947036,-0.3925034672058147,-1.395375893311163,-0.5942621173532807,0.158519,0.158519,0.158519,0.158519,0.5565095,0.0,0.5,0.346573,0.0,1.0,0.75,0.0,0.0,0.0,0.5,-0.140035,-0.219391,0.061183,0.1340259999999999,-0.079104,0.0,-0.140035,-0.023819,0.0,0.061183,-0.0228435,0.0,0.0,0.0,-0.219391,-0.0221982081649999,-0.034777641929,0.009698667977,0.0424913349879999,0.023621531571,0.0,-0.0700175,-0.110762322498,0.0,0.061183,0.0883389999999999,0.0,0.0,0.0,-0.1096955,0.0179499444444444,0.1615494999999999,0.5444444444444445,5
2025-03-04,-0.0920733333333333,0.3100147454671578,6,-0.505212,0.277038,0.0978143333333333,0.586886,0.0624053333333333,0.2784157005354882,6,2,neutral,-0.1256798888888888,0.1931360514630369,-0.0090060917177777,-0.0478219259259259,0.0706077881349699,2.6666666666666665,0.0776744444444444,-0.0035371666666666,-0.0929966325396825,0.1931360514630369,2.5714285714285716,0.132108619047619,-0.0130518692460317,-0.1032002567460317,0.1701827566526926,2.2142857142857144,0.1086277976190476,-0.0073449564224664,-0.0690692781481481,0.1376266387279811,1.9666666666666663,0.1026754405555555,-0.004308145650723,50.334130403468016,-0.0186237132350738,-0.0233247856363189,0.2218889560082237,-0.3928818404526681,-3.7397432379264623,-2.344367344615299,0.158519,0.158519,0.0,0.0,0.0,0.0,0.5,0.4745836666666667,0.0,0.0,0.5,0.0,0.0,1.0,0.6666666666666666,-0.286608,-0.505212,0.0,0.0,0.0,0.0,-0.286608,-0.3593636666666666,0.0,0.0,-0.1651979999999999,0.0,0.0,-0.505212,0.022684,-0.045432813552,-0.080085701028,0.0,0.0,0.0,0.0,-0.143304,-0.431585396269,0.0,0.0,-0.247797,0.0,0.0,-0.505212,0.172545,-0.0460366666666666,-0.2762199999999999,0.5,2
2025-03-05,0.0276914444444444,0.223307153862181,9,-0.409919,0.204659,0.0876687777777777,0.789019,0.1635918888888888,0.2287444101882297,9,3,neutral,0.1197647777777777,0.1961569899822058,0.0024276750893456,-0.0102584444444444,0.0709154719915913,3.3333333333333335,0.0870187037037037,-0.0029575555555555,-0.0879895333333333,0.1961569899822058,2.7142857142857144,0.1296934444444444,0.0121130507936507,-0.1027661892857142,0.1705329868247803,2.2857142857142856,0.1109635674603174,0.0005095786691086,-0.06582813,0.1387554187477457,2.033333333333333,0.1033273331481481,-0.0036871499715733,50.12317471867822,-0.0066126612555385,-0.0199823586620874,0.2220714141329703,-0.3929206207996371,-1.3007542297202712,2.438989008206191,0.0,0.310843,0.0,0.158519,0.0,0.0,0.0,0.329256,0.0,0.0,0.75,0.0,0.0,0.5,0.75,0.0,-0.409919,0.0,0.0804875,0.0,0.0,0.0,-0.2043013333333333,0.0,0.0,-0.02520925,0.0,0.0,-0.409919,-0.0194018333333333,0.0,-0.1274204517169999,0.0,0.025517596025,0.0,0.0,0.0,-0.253077813419,0.0,0.0,0.030069,0.0,0.0,-0.2049595,0.2194545,0.0138457222222222,0.1246115,0.5,3
2025-03-06,0.1699775,0.0800918637846566,2,0.113344,0.226611,0.019635,0.03927,0.3177204999999999,0.0451706882889778,2,2,bullish,0.1422860555555555,0.1969551515674538,0.0033375082125,0.035198537037037,0.1311866119010206,2.3333333333333335,0.0683727037037037,0.1310254166666666,-0.0874639761904761,0.1969551515674538,2.2857142857142856,0.1100657301587301,0.076079251984127,-0.0908693321428571,0.1838040964829771,2.2857142857142856,0.1071791388888888,0.0118029485592185,-0.0609537266666666,0.1444617840350819,2.033333333333333,0.0999580864814814,-0.0015480748436534,53.214260240429965,0.0141518830950456,-0.0131555068824333,0.2333771646334676,-0.3986487213001343,5.138267736123872,6.439021965844143,0.0,0.607189,0.0,0.0,0.0,0.0,0.5,0.999701,0.0,0.0,0.0,0.0,0.0,0.0,0.75,0.0,0.1699775,0.0,0.0,0.0,0.0,0.113344,0.113344,0.0,0.0,0.0,0.0,0.0,0.0,0.1699775,0.0,0.161924412958,0.0,0.0,0.0,0.0,0.056672,0.113310110144,0.0,0.0,0.0,0.0,0.0,0.0,0.283283,0.08498875,0.1699775,0.5,2
2025-03-07,-0.0557736666666666,0.362723739197386,3,-0.471605,0.195521,0.064652,0.193956,0.1809556666666666,0.3252139852655991,3,1,neutral,-0.2257511666666666,0.1852773131904795,-0.0036058790973333,0.0472984259259259,0.1141456201741955,2.0,0.0573185925925925,-0.0417325555555555,-0.0612779285714285,0.1852773131904795,2.142857142857143,0.1067245873015872,0.0578157817460317,-0.0894172130952381,0.1840099174604,2.2857142857142856,0.104678496031746,0.013292473028083,-0.0568192322222222,0.142707146342517,2.0,0.0988273198148148,-0.0023343431936719,50.37136993786384,0.0123531986961127,-0.0080537637171778,0.2306949614423414,-0.3993314181090081,-1.328123820309551,-6.466391556433423,0.0,0.451494,0.0,0.0,0.0,0.5,0.0,0.134913,0.0,0.0,0.0,0.0,0.0,0.5,0.75,0.0,-0.471605,0.0,0.0,0.0,-0.471605,0.0,-0.181421,0.0,0.0,0.0,0.0,0.0,-0.181421,0.152142,0.0,-0.21292682787,0.0,0.0,0.0,-0.2358025,0.0,-0.064467660858,0.0,0.0,0.0,0.0,0.0,-0.181421,0.2499025,-0.0278868333333333,-0.0836605,0.5,1
2025-03-10,0.0503696666666666,0.2328885041502335,3,-0.199773,0.260931,0.0451736666666666,0.135521,0.223656,0.3507097600053354,3,2,neutral,0.1061433333333333,0.0929143934026619,0.0022753825321111,0.0548578333333333,0.1129424855528741,1.6666666666666667,0.0431535555555555,-0.0598039166666666,0.0069713095238095,0.0929143934026619,2.2857142857142856,0.0643075396825396,0.0174784424603174,-0.0868621297619047,0.185804933129898,2.2142857142857144,0.1005873888888888,0.0207154733211233,-0.05492039,0.1437734613726825,1.9666666666666663,0.0977820487037037,-0.0012964320331232,50.64978008568858,0.0192251074314042,-0.0025979877340426,0.243144219123462,-0.398294734123462,-1.9031083964355944,-0.5749845761260435,0.0,0.678485,0.0,0.0,0.0,0.0,0.0,0.6071885,0.158519,0.333333,0.0,0.0,0.333333,0.333333,0.333333,0.0,-0.054911,0.0,0.0,0.0,0.0,0.0,-0.054911,0.089951,-0.054911,0.0,0.0,0.089951,-0.054911,-0.199773,0.0,-0.008747839186,0.0,0.0,0.0,0.0,0.0,0.047123973855,0.014258942569,-0.036607296726,0.0,0.0,0.029983636683,-0.036607296726,-0.066590933409,0.0311815666666666,0.0935447,0.5666666666666667,2
2025-03-11,-0.1278865,0.3633857103856727,2,-0.384839,0.129066,0.0719755,0.143951,0.020703,0.3736408800332212,2,1,neutral,-0.1782561666666667,0.1010477077437856,-0.00920469478075,-0.0444301666666666,0.0896678397356664,1.3333333333333333,0.0606003888888888,-0.0360564166666666,0.0008445238095238,0.1010477077437856,2.2857142857142856,0.0660703253968253,-0.0101092242063492,-0.0886048797619047,0.1860870784971089,2.2142857142857144,0.1007063531746031,0.0189952428449328,-0.06003704,0.1435397891183834,1.9333333333333331,0.097034792037037,-0.0012117784402422,49.56628422526587,0.010240099139114,-3.0369699250785384e-05,0.2428419349545633,-0.3917472499545633,-3.538958632510307,-1.6358502360747127,0.0,0.158519,0.0,0.0,0.158519,0.5,0.0,0.161647,0.0,0.0,0.333333,0.0,0.0,0.333333,0.4166665,0.0,-0.384839,0.0,0.0,-0.384839,0.129066,0.0,-0.384839,0.0,0.0,-0.384839,0.0,0.0,-0.384839,-0.1278865,0.0,-0.0610042934409999,0.0,0.0,-0.0610042934409999,0.064533,0.0,-0.062208069833,0.0,0.0,-0.1282795383869999,0.0,0.0,-0.1282795383869999,-0.0637465383869999,-0.06394325,-0.1278865,0.5,1
2025-03-12,-0.0429446666666666,0.150675079111754,3,-0.21043,0.081596,0.0614406666666666,0.1843219999999999,0.144946,0.2700082622421025,3,2,neutral,0.0849418333333333,0.1010534695590593,-0.0026385489497777,-0.0401538333333333,0.0891608479193333,1.6666666666666667,0.0595299444444444,-0.0466571666666666,-0.010091365079365,0.1010534695590593,1.8571428571428572,0.0640514206349206,-0.0101206329365079,-0.0734452607142857,0.1800191485474162,2.142857142857143,0.0994442817460317,0.0148083548595848,-0.0641953622222222,0.1410747779637402,1.9666666666666663,0.0923226142592592,-0.0001232840983809,53.86446176132536,0.0098290947826935,0.001941523602733,0.2459963880352824,-0.388333369701949,-0.6641970288758652,2.8747616036344414,0.0,0.348394,0.0,0.0,0.0,0.0,0.333333,0.5808225,0.0,0.0,0.333333,0.0,0.0,0.5,0.6111110000000001,0.0,-0.064417,0.0,0.0,0.0,0.0,0.081596,-0.064417,0.0,0.0,0.081596,0.0,0.0,-0.21043,-0.0429446666666666,0.0,0.0105634441539999,0.0,0.0,0.0,0.0,0.027198639468,0.047580458598,0.0,0.0,0.027198639468,0.0,0.0,-0.105215,-0.078016360532,-0.0160326,-0.0480978,0.5666666666666667,2
2025-03-13,-0.071194625,0.1018491449700241,8,-0.224447,0.122962,0.099527875,0.796223,0.056310625,0.1539251240867617,8,3,neutral,-0.0282499583333333,0.0985064407048336,-0.0070858497376718,-0.0806752638888888,0.0432572612148887,2.0,0.0776480138888888,0.0283459374999999,-0.0071086924603174,0.0985064407048336,2.0,0.0642962123015873,-0.0283791205357142,-0.0500526625,0.1538852977655697,2.2857142857142856,0.0982024156746031,0.0041502717277167,-0.0598383830555555,0.1386730860550736,2.033333333333333,0.0928843100925926,-0.0011181553757261,56.22446767296014,0.0071510343475946,0.0029834259231508,0.2383415540438327,-0.3899594482104994,0.6578222751758076,1.3220193040516728,0.0,0.259367,0.158519,0.0,0.6512100000000001,0.0,1.0,0.5038006,0.0,0.0,0.6666666666666666,0.0,0.0,0.5,0.75,0.0,-0.170824,-0.109331,0.0,-0.09932275,0.0,-0.044905,-0.1106026,0.0,0.0,-0.0374076666666666,0.0,0.0,-0.224447,-0.0029029999999999,0.0,-0.0777966722079999,-0.017331040789,0.0,-0.264542924715,0.0,-0.044905,-0.229733899849,0.0,0.0,-0.0614805,0.0,0.0,-0.1122235,-0.0672869999999999,-0.0355973125,-0.2847785,0.5,3
2025-03-14,-0.1285235,0.1349503460414237,6,-0.379246,0.0,0.0850185,0.510111,-0.0726473333333333,0.1298786079655409,6,2,neutral,-0.057328875,0.1066657245116993,-0.01092687518475,-0.0808875972222222,0.0436050394054314,2.3333333333333335,0.0819956805555555,-0.0427894166666667,-0.029425113095238,0.1066657245116993,1.8571428571428572,0.0639176011904762,-0.0364164017857143,-0.0587073232142857,0.1547044623291814,2.2857142857142856,0.0968055228174603,0.0033157559035409,-0.0636309663888888,0.1389528983349657,2.033333333333333,0.0930009434259259,-0.0012503032103571,47.36220428890957,0.0004161624379622,0.002469973158522,0.230276907553585,-0.3950893017202517,0.805241617608071,0.1474193424322634,0.0,0.584995,0.0,0.0,0.6547345,0.5,0.0,0.3877408333333333,0.0,0.0,0.58333325,0.0,0.0,0.333333,0.6111110000000001,0.0,-0.1342626666666666,0.0,0.0,-0.0826725,0.0,0.0,-0.1285235,0.0,0.0,-0.1283215,0.0,0.0,-0.379246,-0.1729466666666667,0.0,-0.297494746612,0.0,0.0,-0.067588123221,0.0,0.0,-0.212248545705,0.0,0.0,-0.248684206918,0.0,0.0,-0.126415206918,-0.254238206918,-0.0650464833333333,-0.3902789,0.5333333333333333,2
2025-03-15,-0.192744,0.1349503460414237,1,-0.192744,-0.192744,0.187463,0.187463,-0.07753,0.1298786079655409,1,1,bearish,-0.0642204999999999,0.0778693862774312,-0.036132368472,-0.1308207083333333,0.0608072406487725,2.0,0.1240031249999999,-0.0607746875,-0.0812424702380952,0.0778693862774312,1.7142857142857142,0.0878930297619047,-0.0254287663690476,-0.0843532232142857,0.1439191314769939,2.0,0.0989793799603174,0.0069039142551892,-0.0721924730555555,0.1387238658756029,2.0,0.0969395967592592,-0.00120237903164,41.79247796985024,-0.0099692659870484,-1.7874932593059603e-05,0.2282774683876633,-0.4047539292209967,0.4996790470225287,-0.3055625705855422,0.0,0.0,0.0,0.0,0.0,0.0,0.0,0.108179,0.0,0.0,0.0,0.0,0.0,0.0,0.0,0.0,0.0,0.0,0.0,0.0,0.0,0.0,-0.192744,0.0,0.0,0.0,0.0,0.0,0.0,0.0,0.0,0.0,0.0,0.0,0.0,0.0,0.0,-0.020850853176,0.0,0.0,0.0,0.0,0.0,0.0,0.0,-0.096372,-0.096372,0.5,1
2025-03-17,-0.0908645,0.1658186615085889,2,-0.208116,0.026387,0.1077555,0.215511,-0.041519,0.041354432990914,2,2,neutral,0.1018795,0.0770820579044585,-0.00979114962975,-0.1373773333333333,0.051513599210144,1.6666666666666667,0.1267456666666666,0.0188295,-0.0862554464285714,0.0770820579044585,1.8571428571428572,0.0940506726190476,-0.0228212976190476,-0.0737666875,0.1369445496984032,2.0,0.1003876299603174,0.0016171268925518,-0.0723940563888888,0.1387472354213715,2.033333333333333,0.0978082134259259,-0.0014099094246693,53.933880138976875,-0.0098922440649124,-0.0019927489254397,0.2192827415503322,-0.4063055023836656,-0.5285741709210143,-1.028253217943543,0.0,0.158519,0.0,0.0,0.928139,0.333333,0.333333,0.580705,0.0,0.0,0.333333,0.0,0.0,0.0,0.333333,0.0,-0.208116,0.0,0.0,0.026387,-0.208116,0.026387,-0.0908645,0.0,0.0,-0.0908645,0.0,0.0,0.0,-0.0908645,0.0,-0.032990340204,0.0,0.0,0.024490803793,-0.069371930628,0.008795657871,-0.0072605807709999,0.0,0.0,-0.060576272757,0.0,0.0,0.0,-0.060576272757,-0.04543225,-0.0908645,0.5,2
2025-03-18,0.0439469999999999,0.2041188741807087,6,-0.196892,0.275512,0.1001218333333333,0.600731,0.1239851666666666,0.1669083929710147,6,2,neutral,0.1348115,0.0751999828045513,0.0044000542094999,-0.0798871666666666,0.1187267187939739,1.6666666666666667,0.1317801111111111,0.1183455,-0.0871729702380952,0.0751999828045513,1.8571428571428572,0.1019004107142857,0.010646837797619,-0.0401008303571428,0.0947668152047816,2.0714285714285716,0.0831039751984127,-0.0066770417887667,-0.0718043119444444,0.1392178027732122,2.033333333333333,0.0983380134259259,2.1014056976892015e-05,62.875573920805486,0.0010014798796452,-0.0013939031240606,0.2325581120318516,-0.404837372865185,-1.4836542324009927,-0.9550800614799784,0.0,0.158519,0.0,0.0,0.0,0.25,0.24583325,0.34839475,0.0,0.2,0.3966666,0.0,0.0,0.2,0.3966666,0.0,-0.1965015,0.0,0.0,0.0,-0.196111,-0.00707725,0.01580525,0.0,0.182347,0.0494406,0.0,0.0,0.182347,-0.002366,0.0,-0.062298442557,0.0,0.0,0.0,-0.04902775,-0.041719551036,0.2210932357789999,0.0,0.0729388,0.2337924489639999,0.0,0.0,0.0729388,-0.025240551036,0.0219734999999999,0.1318409999999999,0.5,2
2025-03-19,-0.2673226666666666,0.1074710239894146,3,-0.390808,-0.194924,0.098678,0.296034,-0.0055153333333333,0.2001003338586253,3,1,bearish,-0.3112696666666666,0.1016112313496582,-0.0263788661013333,-0.1047467222222222,0.1560984894772042,1.6666666666666667,0.1021851111111111,-0.0882290833333333,-0.1070924226190476,0.1016112313496582,1.8571428571428572,0.1057150535714285,-0.0144711339285714,-0.0531239494047619,0.1123145428199609,2.0714285714285716,0.0858926894841269,-0.0146492536935286,-0.0845217675,0.1390663129277859,2.0,0.0975164134259259,4.240057162279126e-05,44.93317018984914,-0.0152340929267035,-0.0041619412338415,0.2333501260291438,-0.4068437201958105,-7.082842211451673,-5.599187979050681,0.0,0.158519,0.0,0.0,0.849,0.0,1.0,0.3422506666666667,0.0,0.0,0.333333,0.0,0.0,0.333333,0.333333,0.0,-0.390808,0.0,0.0,-0.2055799999999999,0.0,-0.216236,-0.2673226666666666,0.0,0.0,-0.390808,0.0,0.0,-0.390808,-0.390808,0.0,-0.0619504933519999,0.0,0.0,-0.350761450368,0.0,-0.216236,-0.24567096162,0.0,0.0,-0.130269203064,0.0,0.0,-0.130269203064,-0.130269203064,-0.1336613333333333,-0.400984,0.5,1
2025-03-20,0.021009,0.2286782180171517,5,-0.230483,0.28594,0.0812,0.406,0.130941,0.2447402608307427,5,1,neutral,0.2883316666666666,0.1107999683934446,0.0017059308,-0.0674555555555555,0.1734695493132035,1.3333333333333333,0.0933332777777777,-0.0114689999999999,-0.0979561845238095,0.1107999683934446,1.7142857142857142,0.1085378154761904,0.0084179836309523,-0.0540237748015873,0.1116145196549574,1.7857142857142858,0.0862946180555555,-0.009671922008547,-0.0830839786111111,0.1399538187302981,1.9666666666666663,0.0978276134259259,0.0011535690662464,49.68008887467287,-0.0048409286989072,-0.0042977387327124,0.2215815377896322,-0.3531051319562989,-1.078590417572771,6.004251793878902,0.0,0.259367,0.0,0.158519,0.451494,0.5,0.0,0.2656565,0.0,0.0,0.8333333333333334,0.0,0.0,0.0,1.0,0.0,-0.0614115,0.0,0.078641,-0.201464,-0.201464,0.0,-0.0452237499999999,0.0,0.0,-0.1177686666666666,0.0,0.0,0.0,0.2291755,0.0,-0.0036082040009999,0.0,0.012466092679,-0.090959787216,-0.100732,0.0,-0.148024816337,0.0,0.0,-0.2525739999999999,0.0,0.0,0.0,0.458351,0.0105045,0.0525225,0.5,1
2025-03-21,-0.16660375,0.1922104069336083,4,-0.37827,0.076726,0.0774465,0.309786,0.0729797499999999,0.2831252282205114,4,1,bearish,-0.18761275,0.1128093455835863,-0.012902877324375,-0.1376391388888888,0.1463318113853166,1.0,0.0857748333333333,0.0503594583333333,-0.1115860595238095,0.1128093455835863,1.4285714285714286,0.1053833333333333,0.0048859672619047,-0.0593473759920634,0.1152859737508328,1.7142857142857142,0.0848397728174603,-0.0141428737789987,-0.0858211119444444,0.1407827733622854,1.9333333333333331,0.0963193217592592,0.0006050368563836,48.16504175001138,-0.0115723556796908,-0.0057526621723156,0.2156234993318025,-0.3630716434984692,-8.930113284782708,-7.851522867209937,0.0,0.614606,0.0,0.0,0.682689,0.333333,0.0,0.29672025,0.0,0.0,0.70833325,0.0,0.5,0.333333,0.0,0.0,-0.37827,0.0,0.0,-0.37827,-0.37827,0.0,-0.16660375,0.0,0.0,-0.16660375,0.0,-0.126216,-0.37827,0.0,0.0,-0.23248701162,0.0,0.0,-0.25824076803,-0.1260898739099999,0.0,-0.200877943232,0.0,0.0,-0.3511268739099999,0.0,-0.063108,-0.1260898739099999,0.0,-0.083301875,-0.3332075,0.5,1
2025-03-22,-0.049199,0.1922104069336083,1,-0.049199,-0.049199,0.103331,0.103331,-0.048928,0.2831252282205114,1,1,neutral,0.11740475,0.1147911495659902,-0.005083781869,-0.0649312499999999,0.0947906311730623,1.0,0.0873258333333333,-0.035104,-0.1002539880952381,0.1147911495659902,1.2857142857142858,0.1079994047619047,0.0091506607142857,-0.064839550595238,0.1126212379868241,1.5714285714285714,0.0859585029761904,-0.0109835085164835,-0.0811164619444444,0.1395222354940384,1.9333333333333331,0.0966273550925926,0.0001204989735508,48.104734783402826,-0.0073700634604675,-0.0060761424388763,0.1823927927416178,-0.3513906969082845,-0.7046945221821237,8.225418762600585,0.0,0.0,0.0,0.0,0.0,0.0,0.0,0.266143,0.0,0.0,0.0,0.0,0.0,0.0,1.0,0.0,0.0,0.0,0.0,0.0,0.0,0.0,-0.049199,0.0,0.0,0.0,0.0,0.0,0.0,-0.049199,0.0,0.0,0.0,0.0,0.0,0.0,0.0,-0.013093969457,0.0,0.0,0.0,0.0,0.0,0.0,-0.049199,-0.0245995,-0.0245995,0.5,1
2025-03-23,-0.050649,0.1922104069336083,1,-0.050649,-0.050649,0.099476,0.099476,-0.06176,0.2831252282205114,1,1,neutral,-0.00145,0.1080770355273678,-0.005038359924,-0.0888172499999999,0.0673689862747506,1.0,0.0934178333333333,0.0579773749999999,-0.0799547023809523,0.1080770355273678,1.2857142857142858,0.0954298333333333,0.0012526220238095,-0.0805985863095238,0.0904992672205076,1.5,0.091661431547619,-0.0028368427655677,-0.0791838286111111,0.1395295668930478,1.9,0.097045099537037,0.0001273284989494,44.15605898333997,-0.0041091671362591,-0.0056827473696645,0.1819600708513923,-0.3321152750180589,0.0294721437427589,0.7341666659248827,0.0,0.0,0.0,0.0,0.0,0.0,0.0,0.266143,0.0,0.0,0.0,0.0,0.0,0.0,1.0,0.0,0.0,0.0,0.0,0.0,0.0,0.0,-0.049199,0.0,0.0,0.0,0.0,0.0,0.0,-0.049199,0.0,0.0,0.0,0.0,0.0,0.0,0.0,-0.013093969457,0.0,0.0,0.0,0.0,0.0,0.0,-0.049199,-0.0253245,-0.0253245,0.5,1
2025-03-24,-0.0732135999999999,0.0916467319291855,5,-0.207804,0.042226,0.088105,0.440525,0.1267126,0.1589229381376395,5,1,neutral,-0.0225645999999999,0.1079859440502579,-0.0064504842279999,-0.0576871999999999,0.0134657880467518,1.0,0.0969706666666666,-0.0120073,-0.0774331452380952,0.1079859440502579,1.1428571428571428,0.092622619047619,0.0004163404761904,-0.0818442958333333,0.0902509586879848,1.5,0.0933366458333333,-0.0018074392124542,-0.0823447652777777,0.1382354433371631,1.8666666666666667,0.0981496662037037,0.0008610069898652,49.482330226570646,-0.0033040386152583,-0.0052070056103776,0.1391492433817925,-0.2538883075484592,0.4455092894232855,0.4160371456805265,0.0,0.6496135000000001,0.0,0.0,0.0,0.25,1.0,0.3607628,0.158519,0.0,0.75,0.161647,0.25,0.0,0.25,0.0,-0.082789,0.0,0.0,0.0,-0.207804,0.042226,-0.0732135999999999,0.042226,0.0,-0.123456,0.042226,-0.207804,0.0,-0.207804,0.0,-0.0988087788779999,0.0,0.0,0.0,-0.051951,0.042226,-0.037575677973,0.006693623294,0.0,-0.214515,0.006825706222,-0.051951,0.0,-0.051951,-0.0366067999999999,-0.1830339999999999,0.5,1
2025-03-25,-0.0918625,0.2387920588903659,6,-0.467507,0.192406,0.1367021666666666,0.8202130000000001,0.0961,0.2174654777319839,6,1,neutral,-0.0186489,0.0938136119143375,-0.0125578027854166,-0.0719083666666666,0.0206377293107399,1.0,0.1080943888888888,-0.02060675,-0.0968345023809523,0.0938136119143375,1.0,0.0978483809523809,0.0162103589285714,-0.0920037363095238,0.0818360910493223,1.4285714285714286,0.0998743958333333,0.0022650284432234,-0.0855208986111111,0.1372882942457159,1.8333333333333333,0.1002858384259259,0.0013910937343962,45.54681342508483,-0.0041205409598641,-0.0049897126772035,0.1390330600647216,-0.2544584742313883,0.2547190685883498,-0.1907902208349357,0.0,0.158519,0.0,0.451494,0.0,0.0,1.0,0.1614996,0.0,0.0,0.6111110000000001,0.0,0.0,0.4166665,0.7777776666666667,0.0,-0.167805,0.0,-0.467507,0.0,0.0,-0.467507,-0.1063445999999999,0.0,0.0,-0.1286873333333333,0.0,0.0,-0.0936285,0.0448629999999999,0.0,-0.026600280795,0.0,-0.211076605458,0.0,0.0,-0.467507,-0.055154986277,0.0,0.0,-0.264465944065,0.0,0.0,-0.065660944065,0.246459055935,-0.04593125,-0.2755875,0.5,1
2025-03-26,-0.0471096666666666,0.2778847149634779,3,-0.366516,0.139138,0.1033129999999999,0.3099389999999999,0.1965206666666666,0.1271590438204586,3,2,neutral,0.0447528333333333,0.0566930728290261,-0.0048670409923333,-0.0707285888888888,0.0224796682139011,1.3333333333333333,0.1093733888888888,0.0130519666666666,-0.0653755023809523,0.0566930728290261,1.1428571428571428,0.0985105238095238,-0.0028174321428571,-0.0862339625,0.0819590592348853,1.5,0.1021127886904762,0.0023647678937728,-0.0845544430555555,0.137458822358772,1.8666666666666667,0.1004075717592592,0.0017038568600914,52.759775756297486,-0.00114926460321,-0.0042216230537194,0.1303669742307275,-0.2538640106196164,-0.4871719508323128,-0.7418910194206626,0.0,0.2346809999999999,0.158519,0.0,0.0,0.0,0.0,0.476047,0.0,0.0,0.333333,0.0,0.0,0.333333,0.333333,0.0,-0.113689,-0.366516,0.0,0.0,0.0,0.0,-0.0471096666666666,0.0,0.0,-0.366516,0.0,0.0,-0.366516,-0.366516,0.0,-0.0148496764699999,-0.058099749804,0.0,0.0,0.0,0.0,0.076178323519,0.0,0.0,-0.122171877828,0.0,0.0,-0.122171877828,-0.122171877828,-0.0142789666666666,-0.0428369,0.5666666666666667,2
2025-03-27,0.0079371428571428,0.2105137156358452,7,-0.382878,0.170394,0.1101541428571428,0.771079,0.1653134285714285,0.2339530942602649,7,2,neutral,0.0550468095238095,0.0534987199975351,0.0008743091681632,-0.0436783412698412,0.0499882253544526,1.6666666666666667,0.1167231031746031,0.0498998214285714,-0.0672429105442176,0.0534987199975351,1.2857142857142858,0.1026468299319727,0.0173781373299319,-0.0825995475340135,0.085094537662119,1.5,0.1055923227040816,0.0064824905468341,-0.0847764882936508,0.1372984184690523,1.8333333333333333,0.1006644042989418,0.0029843901695887,51.77465096060313,0.0055760475026954,-0.00226208892471,0.137241215145152,-0.2507372039149933,-1.1684822546782936,-0.6813103038459808,0.0,0.430767,0.838487,0.158519,0.310843,0.0,0.6666666666666666,0.388121,0.0,0.0,0.4166665,0.0,0.333333,0.5,0.58333325,0.0,-0.0548524,0.067118,0.067118,0.067118,0.0,-0.0086856666666666,0.0079371428571428,0.0,0.0,-0.1241025,0.0,0.134673,0.067118,-0.0684405,0.0,-0.136600885364,0.0562775704659999,0.0106394782419999,0.0208631604739999,0.0,0.0328765,0.1136341262089999,0.0,0.0,-0.146548044891,0.0,0.0448909551089999,0.033559,-0.079612544891,0.0039685714285714,0.0277799999999999,0.5,2
2025-03-28,0.0481896,0.2663634888198831,5,-0.319486,0.352256,0.0647324,0.323662,0.1841704,0.2115614594740734,5,2,neutral,0.0402524571428571,0.0483630075687024,0.00311942846304,0.003005692063492,0.0478406413209398,2.0,0.0927331809523809,0.0476496333333333,-0.0365581462585034,0.0483630075687024,1.4285714285714286,0.1008305299319727,0.0155515006802721,-0.0740721028911564,0.0920249677256694,1.4285714285714286,0.103106931632653,0.0105953097906855,-0.0797205682936507,0.1393628117742806,1.8666666666666667,0.1004784842989418,0.0037131909921959,54.129299442401155,0.013987883198219,0.000987905523396,0.1403499314154959,-0.2517961046297816,5.071403887688989,6.239886142367283,0.0,0.7663735,0.0,0.0,0.0,0.0,0.5,0.2391865,0.0,0.0,0.0,0.0,0.5,0.0,0.75,0.0,-0.2084515,0.0,0.0,0.0,0.0,-0.097417,-0.2084515,0.0,0.0,0.0,0.0,-0.319486,0.0,0.042247,0.0,-0.285800554313,0.0,0.0,0.0,0.0,-0.0487085,-0.082498450184,0.0,0.0,0.0,0.0,-0.159743,0.0,0.3774395,0.0240948,0.120474,0.5,2
2025-03-29,-0.044307,0.2663634888198831,1,-0.044307,-0.044307,0.100729,0.100729,-0.041449,0.2115614594740734,1,1,neutral,-0.0924966,0.048184917675542,-0.004462999803,0.0039399142857143,0.0463776738321279,1.6666666666666667,0.0918718476190476,-0.0261220714285714,-0.0358592891156462,0.048184917675542,1.4285714285714286,0.1004588156462585,0.0129154301020408,-0.0680566386054421,0.0909379062280473,1.3571428571428572,0.1042291102040816,0.0096506402982731,-0.072691490515873,0.1354715786990572,1.8,0.1011991287433862,0.0027316051777989,52.843725296740764,0.0130500349644601,0.0034003314255758,0.0986818892113819,-0.2315565124256676,-1.919430748543254,-6.990834636232243,0.0,0.7663735,0.0,0.0,0.0,0.0,0.5,0.2391865,0.0,0.0,0.0,0.0,0.5,0.0,0.75,0.0,-0.2084515,0.0,0.0,0.0,0.0,-0.097417,-0.2084515,0.0,0.0,0.0,0.0,-0.319486,0.0,0.042247,0.0,-0.285800554313,0.0,0.0,0.0,0.0,-0.0487085,-0.082498450184,0.0,0.0,0.0,0.0,-0.159743,0.0,0.3774395,-0.0221535,-0.0221535,0.5,1
2025-03-31,-0.0760571666666666,0.2011873832171556,6,-0.387451,0.154367,0.0850821666666666,0.510493,-0.0006606666666666,0.1870567037180615,6,1,neutral,-0.0317501666666666,0.0503911807255272,-0.0064711085305277,-0.0240581888888888,0.0645509529003284,1.3333333333333333,0.0835145222222222,-0.0621233833333333,-0.0394890272108843,0.0503911807255272,1.4285714285714286,0.0984025537414966,0.0064956988095238,-0.0597218647959183,0.0836892825847598,1.3571428571428572,0.0969161935374149,0.0053114814285714,-0.0619370294047619,0.1207005135262594,1.8,0.1001380676322751,0.0004616186589155,54.02848419424654,0.0096368821279239,0.0046476415718225,0.0976411011599973,-0.232544074374283,0.7165948194792395,2.6360255680224935,0.0,0.2626104999999999,0.0,0.0,0.310843,0.0,0.5,0.6904576666666666,0.158519,0.0,0.6666666666666666,0.0,0.0,1.0,0.75,0.0,-0.304367,0.0,0.0,-0.387451,0.0,-0.070029,-0.0466933333333333,0.093004,0.0,-0.2262543333333333,0.0,0.0,0.093004,-0.1165419999999999,0.0,-0.167874638167,0.0,0.0,-0.1204364311929999,0.0,-0.0350145,0.173130671167,0.014742901076,0.0,-0.450023,0.0,0.0,0.093004,-0.0393584999999999,-0.0380285833333333,-0.2281715,0.5,1
2025-04-01,0.04285475,0.1862667773473228,8,-0.36469,0.209296,0.16755925,1.340474,0.224125375,0.2081127584864495,8,2,neutral,0.1189119166666666,0.0562053166362156,0.0071807097689374,-0.0258364722222222,0.061570133008037,1.3333333333333333,0.1177901388888889,0.043580875,-0.0229078343537414,0.0562053166362156,1.5714285714285714,0.1097531608843537,0.010500450255102,-0.0501704897959183,0.0874095328933513,1.3571428571428572,0.1011878899659863,0.0072155615698587,-0.0602632627380952,0.1218263651357451,1.8,0.1022375426322751,0.0015141000302805,54.562848177745785,0.0163279137381946,0.0069836960137529,0.0961668239482118,-0.2318212888291642,-1.5634544629806966,-2.2800492824599363,0.0,0.158519,0.0,0.0,0.0,0.0,1.0,0.6281904,0.451494,0.0,0.6666665,0.0,0.0,0.4166665,0.7666666,0.0,-0.0412526666666666,0.0,0.0,0.0,0.0,0.1998,-0.0166848,0.041132,0.0,-0.1459475,0.0,0.0,-0.077697,0.0256652,0.0,-0.019617994402,0.0,0.0,0.0,0.0,0.1998,0.1069700808879999,0.018570851208,0.0,-0.04876821177,0.0,0.0,-0.0169152117699999,0.26680478823,0.026348225,0.2107858,0.55,2
2025-04-02,0.0959184999999999,0.1800515860316148,10,-0.345521,0.281689,0.0984007,0.984007,0.2143753,0.1345607369233107,10,3,neutral,0.0530637499999999,0.0622920423629435,0.00943844754295,0.0209053611111111,0.0880638361406538,2.0,0.1170140388888889,0.0859878333333333,0.0039180227891156,0.0622920423629435,1.8571428571428572,0.1042815227891156,0.0133811767006802,-0.0464582397959183,0.0926600501342541,1.4285714285714286,0.1010649518707482,0.0144923070957613,-0.0626092660714285,0.1179283223913155,1.7333333333333334,0.1002832659656084,0.0040842199111005,51.87818445530223,0.0256125010615036,0.0107094570343472,0.1201458789536547,-0.2334198438346071,1.238223300800961,2.8016777637816577,0.0,0.158519,0.0,0.0,0.158519,0.5,0.2,0.1188726,0.0,0.2,0.4714285714285714,0.0,0.0,0.26,0.26,0.0,-0.031916,0.0,0.0,-0.060878,-0.060878,0.179257,0.0690658,0.0,0.179257,0.1268718571428571,0.0,0.0,0.0743013999999999,0.0743013999999999,0.0,-0.010118584808,0.0,0.0,-0.0096503196819999,-0.030439,0.1434056,0.0188830290629999,0.0,0.1434056,0.3449196,0.0,0.0,-0.0293549,-0.0293549,0.04552413,0.4552413,0.54,3
2025-04-03,0.0652547142857142,0.186103123854056,7,-0.202859,0.403973,0.083576,0.585032,0.1733437142857143,0.191916148358004,7,2,neutral,-0.0306637857142857,0.0614226840899974,0.0054537280011428,0.0680093214285714,0.026638905503029,2.3333333333333335,0.1165119833333333,0.0111999821428571,0.0199700772108843,0.0614226840899974,1.8571428571428572,0.1014619513605442,0.0126632951530612,-0.022702712585034,0.0720120938620912,1.5,0.099986237585034,0.0104028609419152,-0.0524649089285714,0.1152848103271693,1.7333333333333334,0.1001344659656084,0.0036921368585023,65.07670718191522,0.0301510241286039,0.0145977704624194,0.1337524200644723,-0.2362064468501866,-0.3196858344770372,-1.5579091352779983,0.0,0.5697205,0.0,0.0,0.0,0.5,0.0,0.50469625,0.998626,0.0,0.8333333333333334,0.0,1.0,0.0,1.0,0.0,-0.1014295,0.0,0.0,0.0,-0.202859,0.0,-0.04963225,0.0,0.0,0.077243,0.0,0.130851,0.0,0.060244,0.0,-0.032157005821,0.0,0.0,0.0,-0.1014295,0.0,-0.049488939422,0.0,0.0,0.3331585,0.0,0.130851,0.0,0.120488,0.0326273571428571,0.2283915,0.5285714285714286,2
2025-04-04,-0.1314636666666666,0.1777539075726138,3,-0.271365,0.068553,0.0809066666666666,0.24272,0.0065043333333333,0.2557449825750905,3,1,neutral,-0.1967183809523809,0.0843087385048608,-0.0106362870577777,0.0099031825396825,0.1233835745935453,2.0,0.0876277888888888,-0.1136910833333333,5.5675850340132704e-05,0.0843087385048608,1.7142857142857142,0.0972837404761904,-0.0052807394557823,-0.0335936173469387,0.076295129210094,1.5,0.0999652852040816,0.0087364505808477,-0.0426011978174603,0.0925112259177683,1.7333333333333334,0.0914282548544973,0.0005968806187651,42.46183215227384,0.0176848243118278,0.0152151812334724,0.1340427497840804,-0.2425236807364614,-3.01462328209821,-2.6949374476211725,0.0,0.310843,0.0,0.0,0.0,0.0,0.0,0.4665285,0.0,0.0,0.5,0.0,1.0,0.0,0.5,0.0,-0.271365,0.0,0.0,0.0,0.0,0.0,-0.231472,0.0,0.0,-0.271365,0.0,0.068553,0.0,-0.271365,0.0,-0.084351910695,0.0,0.0,0.0,0.0,0.0,-0.191651294545,0.0,0.0,-0.1356825,0.0,0.068553,0.0,-0.1356825,-0.0657318333333333,-0.1971955,0.5,1
2025-04-07,-0.0326962857142857,0.1723969030558208,7,-0.384839,0.115673,0.0654545714285714,0.458182,0.1462528571428571,0.1950068075892297,7,3,neutral,0.0987673809523809,0.0821268835583111,-0.0021401213687346,-0.0329684126984126,0.0983594728074179,2.0,0.076645746031746,-0.0489755,-0.0114994506802721,0.0821268835583111,1.8571428571428572,0.0973869078231292,-0.0019136033163265,-0.0240287984693877,0.066042303929919,1.6428571428571428,0.099108718877551,0.004377139199372,-0.0408577740079365,0.0921768967538478,1.8,0.0916222072354497,0.0003683846417536,57.25791748032573,0.015588631151058,0.0152898712171029,0.1357263415871418,-0.2346245511109513,-0.751290325735483,2.263332956362727,0.0,0.209511,0.0,0.158519,0.0,0.0,0.0,0.3494494,0.310843,0.0,0.6111110000000001,0.0,0.0,0.4166665,0.6666665,0.0,-0.2296885,0.0,0.08903,0.0,0.0,0.0,-0.080741,-0.0667695,0.0,-0.1182699999999999,0.0,0.0,-0.22192,-0.2296885,0.0,-0.1276879555789999,0.0,0.01411294657,0.0,0.0,0.0,-0.040537033177,-0.0415096633769999,0.0,-0.0687500383869999,0.0,0.0,-0.157780038387,-0.2028175383869999,-0.0184777999999999,-0.1293445999999999,0.5285714285714286,3
2025-04-08,-0.0119268888888888,0.1654906497037253,9,-0.323104,0.160869,0.0695643333333333,0.6260789999999999,0.1076313333333333,0.1355948189967079,9,3,neutral,0.0207693968253968,0.0808733740408923,-0.0008296860742962,-0.0586956137566137,0.0638688821286465,2.3333333333333335,0.0719751904761904,0.0597683888888888,-0.0068737205215419,0.0808733740408923,2.142857142857143,0.092934812585034,-0.0066461930272108,-0.0213665048185941,0.0656999617576715,1.7857142857142858,0.0966968141156462,0.0038931211808826,-0.0423755554894179,0.0912789922723812,1.7333333333333334,0.0914219183465608,0.0010685826139272,52.2565717862797,0.0154241836503034,0.0153167337037756,0.1325639064289906,-0.213380404841689,-0.6352219027839675,0.1160684229515155,0.0,0.158519,0.0,0.158519,0.0,0.0,0.0,0.3549106,0.2346809999999999,0.25,0.7916666666666666,0.0,0.0,0.375,0.625,0.0,-0.1799675,0.0,0.087296,0.0,0.0,0.0,-0.0352242,-0.0440165,-0.323104,-0.0145226666666666,0.0,0.0,-0.1799675,-0.2702245,0.0,-0.057056536265,0.0,0.027676149248,0.0,0.0,0.0,-0.085737420962,-0.019565148371,-0.080776,0.1736074999999999,0.0,0.0,-0.0991915,-0.298121,-0.0059634444444444,-0.0536709999999999,0.5,3
2025-04-09,-0.1171995,0.2789769597018721,2,-0.314466,0.080067,0.0952595,0.190519,0.0152209999999999,0.2537325405067312,2,1,neutral,-0.1052726111111111,0.0879267034570795,-0.01116436577025,-0.0539408915343915,0.0557591303723131,2.3333333333333335,0.0767594682539682,-0.0422516071428571,-0.0127511967120181,0.0879267034570795,2.142857142857143,0.0943887173469387,-0.0283501617063492,-0.0261201119614512,0.0702328260878405,1.7857142857142858,0.0963956355442176,0.0001896786202686,-0.0432130943783068,0.0918641215253997,1.7,0.0913367572354497,0.0002431041925772,46.42078298827996,0.0067278114714556,0.013598949255643,0.1332537229963044,-0.2167037214090028,8.826493823480094,9.461715726264062,0.0,0.451494,0.0,0.0,0.0,0.25,0.0,0.161647,0.0,0.0,0.25,0.0,0.0,0.25,0.625,0.0,-0.314466,0.0,0.0,0.0,-0.314466,0.0,-0.314466,0.0,0.0,-0.314466,0.0,0.0,-0.314466,-0.1171995,0.0,-0.141979512204,0.0,0.0,0.0,-0.0786165,0.0,-0.050832485502,0.0,0.0,-0.0786165,0.0,0.0,-0.0786165,0.0014504999999999,-0.05859975,-0.1171995,0.5,1
2025-04-10,0.0255944285714285,0.218128446125868,7,-0.333625,0.308755,0.090691,0.634837,0.1276545714285714,0.2222261720551513,7,3,neutral,0.1427939285714285,0.0863350420743953,0.0023211843215714,-0.0345106534391534,0.0740273349862194,2.3333333333333335,0.0851716111111111,0.0187606587301587,-0.0152169569160997,0.0863350420743953,2.2857142857142856,0.0834075387755102,-0.0162979951814059,-0.0190623956349206,0.0701008538487185,1.9285714285714288,0.0965803498299319,0.0001147043485086,-0.0432829949074074,0.0918090903191492,1.7,0.0914374979761904,0.001176020514946,54.7055524021284,0.011221131725106,0.0131233857491661,0.1306285323194655,-0.215913787875021,-1.2183834280131618,-10.044877251493256,0.0,0.158519,0.158519,0.158519,0.838487,0.0,0.75,0.6759464,0.0,0.0,0.4166665,0.108179,0.0,0.4444443333333334,0.58333325,0.0,-0.333625,-0.11969,-0.11969,-0.11969,0.0,0.0945324999999999,-0.0765052,0.0,0.0,-0.178401,-0.023177,0.0,-0.0346233333333333,0.07112025,0.0,-0.0528859013749999,-0.01897313911,-0.01897313911,-0.10035850903,0.0,0.0346874999999999,-0.2961658315,0.0,0.0,-0.122796722125,-0.002507264683,0.0,0.003669277875,0.226054277875,0.0059577857142857,0.0417044999999999,0.5571428571428572,3
2025-04-11,-0.07803225,0.2563491778068539,4,-0.326311,0.147437,0.129838,0.519352,0.0378007499999999,0.285056278426296,4,1,neutral,-0.1036266785714285,0.0730232992796492,-0.0101315512755,-0.0565457738095238,0.0737819625892977,1.6666666666666667,0.1052628333333333,0.0195836249999999,-0.0400670640589569,0.0730232992796492,2.0,0.087898581632653,-0.0071517113095238,-0.0180745206349206,0.0690861291901446,1.9285714285714288,0.0960900522108843,-0.0039701520739577,-0.051549986574074,0.0826533142620421,1.6666666666666667,0.0951109313095238,0.0024225938062573,50.60932294159227,0.0063522346792448,0.01176915553434,0.1056807864240155,-0.1720370003129044,-4.048798287573748,-2.8304148595605856,0.0,0.158519,0.0,0.0,0.310843,0.0,0.333333,0.4989983333333334,0.0,0.0,0.333333,0.0,0.0,0.0,0.6666665,0.0,-0.326311,0.0,0.0,-0.326311,0.0,-0.326311,-0.0133559999999999,0.0,0.0,-0.326311,0.0,0.0,0.0,-0.299186,0.0,-0.051726493409,0.0,0.0,-0.101431490173,0.0,-0.108770224563,0.138223545008,0.0,0.0,-0.108770224563,0.0,0.0,0.0,-0.380831224563,-0.039016125,-0.1560645,0.5,1
2025-04-12,-0.019123,0.2563491778068539,1,-0.019123,-0.019123,0.242285,0.242285,0.098682,0.285056278426296,1,1,neutral,0.0589092499999999,0.0581998063108479,-0.004633216055,-0.0238536071428571,0.0519750527743035,1.6666666666666667,0.1542713333333333,-0.0223587142857142,-0.0521210232426303,0.0581998063108479,1.8571428571428572,0.1105712959183673,0.0101382638888889,-0.016075473015873,0.0685844370823488,1.8571428571428572,0.1060166236394557,-0.0049573112436769,-0.0503282976851851,0.0828593396123838,1.6666666666666667,0.1010320313095238,0.0026026713430266,51.217824916984306,0.0071618173914463,0.010847687905303,0.1015203446479678,-0.1718897585368567,-0.7549346584264839,3.2938636291472636,0.0,0.0,0.0,0.0,0.0,0.0,0.0,0.538269,0.0,0.0,0.0,0.0,0.0,0.0,0.0,0.0,0.0,0.0,0.0,0.0,0.0,0.0,-0.019123,0.0,0.0,0.0,0.0,0.0,0.0,0.0,0.0,0.0,0.0,0.0,0.0,0.0,0.0,-0.010293318087,0.0,0.0,0.0,0.0,0.0,0.0,0.0,-0.0095615,-0.0095615,0.5,1
2025-04-14,-0.1781628,0.1426095610634153,5,-0.33022,0.017392,0.0890328,0.445164,-0.0409656,0.0913888149025907,5,2,bearish,-0.1590398,0.0702412924612707,-0.01586233293984,-0.0917726833333333,0.0804053115605609,1.3333333333333333,0.1537186,-0.050065275,-0.0587923280045351,0.0702412924612707,2.0,0.1117321721088435,-0.0147008755385487,-0.0293683260770975,0.0805613105182471,1.8571428571428572,0.104507956292517,-0.0087967530298273,-0.057946046574074,0.0837823764865847,1.6666666666666667,0.1024940024206349,0.0024724013380828,42.57403907255134,-0.0049657094340165,0.0076850084361807,0.1033581721759169,-0.1748834910648058,8.31667625372588,9.071610912152364,0.0,0.650727,0.0,0.0,0.158519,0.0,0.75,0.197922,0.0,0.0,0.0,0.0,0.0,0.0,0.5,0.0,-0.33022,0.0,0.0,-0.33022,0.0,-0.3135635,-0.1973405,0.0,0.0,0.0,0.0,0.0,0.0,-0.296907,0.0,-0.21488306994,0.0,0.0,-0.05234614418,0.0,-0.4786735,-0.114540208122,0.0,0.0,0.0,0.0,0.0,0.0,-0.1484535,-0.08769004,-0.4384502,0.58,2
2025-04-15,-0.038654625,0.1672444894654337,8,-0.413221,0.129912,0.0910105,0.728084,0.13461475,0.132657177872407,8,1,neutral,0.139508175,0.0699076616832786,-0.0035179767485624,-0.0786468083333333,0.0867349153561312,1.3333333333333333,0.1407761,-0.0097658125,-0.0596435193310657,0.0699076616832786,1.7142857142857142,0.115383019047619,-0.0088152584608843,-0.0355714850056689,0.0774119433749023,1.7857142857142858,0.1063849634353741,-0.0065052211503575,-0.0549716507407407,0.0827918438191329,1.6666666666666667,0.1031285024206349,0.0021145141677701,46.78899836376511,-0.0032873015344545,0.0054905464413552,0.1037508490732211,-0.17422173046211,-0.7830376206480815,-9.09971387437396,0.0,0.682689,0.158519,0.0,0.890401,0.333333,0.6666665,0.2155842,0.0,0.0,0.0,0.0,0.0,0.0,0.7777776666666667,0.0,-0.413221,-0.020135,0.0,-0.020135,-0.413221,-0.1490095,-0.0685568,0.0,0.0,0.0,0.0,0.0,0.0,-0.0966553333333333,0.0,-0.282101431269,-0.0031917800649999,0.0,-0.017928224135,-0.137740195593,-0.0225381955929999,-0.060889858098,0.0,0.0,0.0,0.0,0.0,0.0,-0.0144851955929999,-0.0193273125,-0.1546185,0.5,1
2025-04-16,-0.08157375,0.213864679250494,4,-0.31782,0.191012,0.09945525,0.397821,0.14821225,0.2637175981466728,4,2,neutral,-0.042919125,0.0668749954904188,-0.0081129376996875,-0.0994637249999999,0.0714539790850247,1.6666666666666667,0.0931661833333333,0.0482945249999999,-0.0695930709183673,0.0668749954904188,1.5714285714285714,0.11965315,-0.0043482645408163,-0.0382333957199546,0.0783702333126889,1.8571428571428572,0.106293981292517,-0.0081075555895691,-0.0562592868518518,0.082898665981243,1.6666666666666667,0.1043956551984126,0.0020258324386884,48.5696499730152,-0.0053570391807964,0.0033210293163724,0.1036076231086523,-0.1771709794975412,1.110323150205183,1.8933607708532645,0.0,0.43902,0.0,0.0,0.0,0.0,0.5,0.134913,0.158519,0.5,0.5,0.0,0.0,0.0,0.5,0.0,-0.180412,0.0,0.0,0.0,0.0,-0.31782,-0.180412,-0.043004,-0.31782,0.191012,0.0,0.0,0.0,0.191012,0.0,-0.249329352736,0.0,0.0,0.0,0.0,-0.15891,-0.056026779256,-0.006816951076,-0.15891,0.095506,0.0,0.0,0.0,0.095506,-0.040786875,-0.1631475,0.5,2
2025-04-17,-0.1914315,0.1489456794959155,2,-0.296752,-0.086111,0.0670115,0.134023,-0.171956,0.0235537268813239,2,1,bearish,-0.10985775,0.0802336403843498,-0.01282811196225,-0.1038866249999999,0.0787946170545022,1.3333333333333333,0.0858257499999999,-0.0763884375,-0.0801976423469387,0.0802336403843498,1.5714285714285714,0.1156177214285714,-0.024203300382653,-0.0464744195294784,0.0881139271195891,1.8571428571428572,0.1050032193877551,-0.0137315817870225,-0.0602671826851851,0.08647503961859,1.6,0.103311776031746,0.0010507513121281,45.82225879819334,-0.0156774476327263,-0.0004786660742212,0.1132487109553,-0.1986338573441889,1.3467291867788354,0.2364060365736526,0.0,0.360215,0.0,0.0,0.451494,0.0,0.333333,0.3964,0.0,0.333333,0.333333,0.0,0.0,0.0,1.0,0.0,-0.296752,0.0,0.0,-0.296752,0.0,-0.296752,-0.1914315,0.0,-0.296752,-0.296752,0.0,0.0,0.0,-0.086111,0.0,-0.10689452168,0.0,0.0,-0.133981747488,0.0,-0.098917234416,-0.212478052861,0.0,-0.098917234416,-0.098917234416,0.0,0.0,0.0,-0.086111,-0.09571575,-0.1914315,0.5,1
2025-04-18,0.020843,0.1489456794959155,1,0.020843,0.020843,0.108958,0.108958,0.244644,0.0235537268813239,1,1,neutral,0.2122745,0.0792029526798963,0.002271011594,-0.0840540833333333,0.1061589839704858,1.3333333333333333,0.09180825,0.051208375,-0.0808764178571428,0.0792029526798963,1.2857142857142858,0.1182272928571428,0.0017356357142857,-0.0480466873866213,0.0865804028536696,1.7857142857142858,0.1008174158163265,-0.0088633092665271,-0.0552882993518518,0.0867092446923665,1.5666666666666669,0.1041097593650793,0.001103309590462,49.253426222755905,-0.0066575662179921,-0.0017144461031768,0.1195467686737394,-0.1936613650626283,-1.108879677587022,-2.4556088643658573,0.0,0.0,0.0,0.0,0.0,0.0,0.0,0.0,0.158519,0.0,0.0,0.0,0.0,1.0,0.0,0.0,0.0,0.0,0.0,0.0,0.0,0.0,0.0,0.020843,0.0,0.0,0.0,0.0,0.020843,0.0,0.0,0.0,0.0,0.0,0.0,0.0,0.0,0.0,0.003304011517,0.0,0.0,0.0,0.0,0.020843,0.0,0.0104215,0.0104215,0.5,1
2025-04-19,0.0944305,0.1065928117299661,2,0.019058,0.169803,0.1279315,0.255863,0.139537,0.0013604734470029,2,1,neutral,0.0735875,0.1033715106420735,0.01208063551075,-0.0253859999999999,0.1484321767399173,1.0,0.1013003333333333,0.142931,-0.0562388821428571,0.1033715106420735,1.2857142857142858,0.1179549357142857,0.0209248294642857,-0.048152973100907,0.0863907828288425,1.6428571428571428,0.1029267586734693,-4.642740537240808e-05,-0.0457158160185185,0.0868627487441277,1.5666666666666669,0.102125376031746,0.0011212669789183,49.95022440040194,0.0063532363122761,-0.0001009096198758,0.1371498330223725,-0.1971104127445947,3.530561819315837,4.639441496902859,0.0,0.0,0.0,0.0,0.0,0.0,0.0,0.108179,0.158519,0.0,0.333333,0.0,0.0,0.333333,0.333333,0.0,0.0,0.0,0.0,0.0,0.0,0.0,0.019058,0.019058,0.0,0.019058,0.0,0.0,0.019058,0.019058,0.0,0.0,0.0,0.0,0.0,0.0,0.0,0.002061675382,0.0030210551019999,0.0,0.0063526603139999,0.0,0.0,0.0063526603139999,0.0063526603139999,0.04721525,0.0944305,0.5,1
2025-04-21,-0.039793,0.2158056813302189,6,-0.45318,0.189279,0.118016,0.7080960000000001,0.1674185,0.2480003507608407,6,3,neutral,-0.1342235,0.102425467251084,-0.004696210688,0.0251601666666666,0.0672158123813393,1.6666666666666667,0.1183018333333333,-0.0303179999999999,-0.0591917392857142,0.102425467251084,1.5714285714285714,0.1002022214285714,0.0279891571428571,-0.0556563812641723,0.0801172915966168,1.7142857142857142,0.1053867586734693,0.0039311439377289,-0.0440134326851851,0.0864468561635133,1.6,0.1024673926984127,0.0008481084608118,46.713701463132125,0.0057707357439054,0.0010734194530028,0.1338441783958454,-0.1985777724037819,-1.4213998655095548,-4.951961684825392,0.0,0.3020224999999999,0.0,0.0,0.0,0.0,0.333333,0.545409,0.451494,0.333333,0.4166665,0.0,0.0,0.0,0.8333333333333334,0.0,-0.2305915,0.0,0.0,0.0,0.0,-0.45318,-0.2305915,-0.008003,-0.45318,-0.1319505,0.0,0.0,0.0,0.0604253333333333,0.0,-0.225582310417,0.0,0.0,0.0,0.0,-0.15105984894,-0.398900746334,-0.003613306482,-0.15105984894,-0.0564203489399999,0.0,0.0,0.0,0.0866365,-0.0179535333333333,-0.1077212,0.6666666666666666,3
2025-04-22,-0.0154044999999999,0.2190217195569121,4,-0.342365,0.113378,0.078427,0.313708,0.2017725,0.3186997489869317,4,1,neutral,0.0243885,0.0884352339535907,-0.0012081287214999,0.0130776666666666,0.0715011353167444,1.6666666666666667,0.1081248333333333,-0.0549174999999999,-0.0359405535714285,0.0884352339535907,1.4285714285714286,0.0986871071428571,0.0156847812499999,-0.0473664407879818,0.0776359805601323,1.7142857142857142,0.1052096396258503,0.0025820564111285,-0.0459918160185185,0.0850319863890807,1.5666666666666669,0.1017442315873016,0.001639305893762,54.0695724095474,0.0071935134399066,0.0022974382504857,0.1265581396871627,-0.1976511436950992,-0.6128841756087757,0.808515689900779,0.0,0.451494,0.0,0.0,0.158519,0.0,0.375,0.134913,0.0,0.25,0.375,0.0,0.0,0.0,0.25,0.0,-0.342365,0.0,0.0,-0.342365,0.0,-0.1392534999999999,-0.1194269999999999,0.0,-0.342365,-0.1392534999999999,0.0,0.0,0.0,-0.342365,0.0,-0.1545757433099999,0.0,0.0,-0.0542713574349999,0.0,-0.0536622499999999,-0.044144558686,0.0,-0.08559125,-0.0536622499999999,0.0,0.0,0.0,-0.08559125,-0.0077022499999999,-0.0308089999999999,0.5,1
2025-04-23,-0.0646665,0.4041730437380751,2,-0.35046,0.221127,0.0793585,0.158717,0.1076695,0.1418944106739233,2,2,neutral,-0.049262,0.0891121931219792,-0.00513183644025,-0.0399546666666666,0.0246313979116773,2.0,0.0919338333333333,-0.01243675,-0.0396565357142857,0.0891121931219792,1.5714285714285714,0.0970225357142857,0.0122192767857142,-0.0496500275226757,0.0776414654527894,1.6428571428571428,0.1062027773809523,0.0025714004910169,-0.0392366104629629,0.0742026899965857,1.6,0.1011002482539682,-7.595598018963197e-06,48.83865684332159,0.0042976368823166,0.0026974779768786,0.1260267754769469,-0.1991557294848834,3.1978967184913527,3.810780894100128,0.0,0.2346809999999999,0.0,0.0,0.0,0.0,0.5,0.214378,0.0,0.333333,0.333333,0.0,0.0,0.5,0.333333,0.0,-0.0646665,0.0,0.0,0.0,0.0,0.221127,-0.35046,0.0,-0.35046,-0.35046,0.0,0.0,0.221127,-0.35046,0.0,0.0131812113209999,0.0,0.0,0.0,0.0,0.1105635,-0.07513091388,0.0,-0.11681988318,-0.11681988318,0.0,0.0,0.1105635,-0.11681988318,-0.01022055,-0.0204411,0.6,2
2025-04-24,-0.113392,0.1531573225885723,5,-0.26538,0.131831,0.1012142,0.506071,0.0273246,0.1876808453113956,5,2,neutral,-0.0487255,0.092359023109999,-0.0114768805664,-0.0644876666666666,0.0489939947859263,1.6666666666666667,0.0863332333333333,-0.04899375,-0.044202,0.092359023109999,1.5714285714285714,0.0972738142857142,-0.0016691249999999,-0.0568975354591836,0.0785793071794333,1.5714285714285714,0.1084634821428571,0.001993821232339,-0.0437166437962963,0.0744965873174516,1.6333333333333333,0.1017673882539682,-7.053049728975971e-05,46.38757052917654,-0.0019060828045227,0.0017767658205491,0.1269033380602525,-0.2037657754015224,0.7534890553841633,-2.4444076631071896,0.0,0.3271925,0.310843,0.0,0.99489,0.0,1.0,0.697012,0.576289,0.333333,0.4166665,0.0,0.5,0.0,0.4444443333333334,0.0,-0.1343475,-0.074843,0.0,-0.074843,0.0,-0.074843,-0.178025,-0.26538,-0.193852,-0.229616,0.0,0.131831,0.0,-0.1091336666666666,0.0,-0.107988653349,-0.023264422649,0.0,-0.07446055227,0.0,-0.074843,-0.352820609212,-0.15293557482,-0.064617268716,-0.197307268716,0.0,0.0659155,0.0,-0.131391768716,-0.056696,-0.28348,0.5,2
2025-04-25,-0.1015636666666666,0.1525620217284323,6,-0.246561,0.162556,0.1020976666666666,0.612586,0.0579803333333333,0.1187029738796238,6,4,neutral,0.0118283333333333,0.0726191242607401,-0.0103694133847777,-0.0932073888888888,0.025414840571742,2.6666666666666665,0.0942234555555555,-0.0184485833333333,-0.031363738095238,0.0726191242607401,2.0,0.1022861238095238,-0.0288478035714285,-0.0557806902210884,0.0777631864959036,1.7857142857142858,0.1089519226190476,-0.0012703307980115,-0.0415486410185185,0.0716905549107593,1.7333333333333334,0.1025890938095238,-0.0012912343806169,50.59635754414346,-0.005801470398921,0.0002611185765903,0.1173326274098486,-0.2086369064177852,-0.1043136494050139,-0.8578027047891773,0.451494,0.5920616666666666,0.0,0.0,0.310843,0.25,0.5,0.3789683333333333,0.576289,0.25,0.65,0.0,0.0,0.25,0.5,-0.21867,-0.1022356666666666,0.0,0.0,-0.21867,-0.191204,-0.059189,-0.1015636666666666,-0.246561,-0.191204,-0.1543876,0.0,0.0,-0.191204,-0.246561,-0.09872819298,-0.151027566315,0.0,0.0,-0.06797203881,-0.047801,-0.0295945,-0.181903259782,-0.142090392129,-0.047801,-0.47566,0.0,0.0,-0.047801,-0.1232805,-0.0527548,-0.3165288,0.5333333333333333,4
2025-04-27,0.185596,0.1525620217284323,1,0.185596,0.185596,0.328455,0.328455,-0.051911,0.1187029738796238,1,1,bullish,0.2871596666666667,0.1096278230788513,0.06095993418,-0.0097865555555555,0.1693095822123662,2.3333333333333335,0.1772556222222222,0.149494,-0.0078275952380952,0.1096278230788513,2.0,0.1336428380952381,0.001855988095238,-0.044352006547619,0.0993922534276083,1.6428571428571428,0.1259350654761904,0.0083088422893772,-0.0337221410185185,0.0827845294397681,1.7333333333333334,0.1100932271428571,0.0001214538198527,55.49716351847776,0.0141148118606474,0.0030318572334964,0.1419109625348885,-0.224247491542825,-2.8273857777223483,-2.7230721283173343,0.0,0.0,0.0,0.0,0.158519,0.0,0.0,0.0,0.0,0.0,0.0,0.0,0.0,0.0,0.0,0.0,0.0,0.0,0.0,0.185596,0.0,0.0,0.0,0.0,0.0,0.0,0.0,0.0,0.0,0.0,0.0,0.0,0.0,0.0,0.029420492324,0.0,0.0,0.0,0.0,0.0,0.0,0.0,0.0,0.0,0.0,0.1670364,0.1670364,0.9,1
2025-04-28,-0.0238085,0.1979041563148687,6,-0.401144,0.146729,0.0881195,0.528717,0.055309,0.0879984135266085,6,3,neutral,-0.2094045,0.0999258225733484,-0.00209799311575,0.0200746111111111,0.1485242879822032,2.6666666666666665,0.1728907222222222,0.0388775833333333,-0.0247188809523809,0.0999258225733484,2.2857142857142856,0.1279554095238095,0.0147520476190476,-0.040478881547619,0.0990346955671342,1.7857142857142858,0.1229551726190476,0.0077854619230769,-0.0328274576851851,0.0827403122983462,1.8,0.1097146771428571,6.867583567279255e-05,51.73672933641605,0.0128567310190013,0.0049968319906511,0.1307689398513888,-0.2220117902878968,-1.128281320718119,1.6991044570042293,0.451494,0.623348,0.158519,0.0,0.451494,0.2,0.0,0.4692728,0.0,0.2,0.35,0.0,0.0,0.2,0.675,0.116331,-0.1424065,0.0,0.0,0.116331,-0.401144,0.0,-0.0285702,0.0,-0.401144,-0.1424065,0.0,0.0,-0.401144,-0.061735,0.052522748514,-0.088607465274,0.0,0.0,0.052522748514,-0.0802288,0.0,0.14624005721,0.0,-0.0802288,-0.0220633,0.0,0.0,-0.0802288,0.0158096999999999,-0.00802655,-0.0481593,0.6,3
2025-04-29,-0.1424433333333333,0.1545985479632112,3,-0.320632,-0.044005,0.0805146666666666,0.2415439999999999,0.0754653333333333,0.1164160992918648,3,1,neutral,-0.1186348333333333,0.1095730646800857,-0.0114687775022222,0.0064480555555555,0.1660995045718358,1.6666666666666667,0.1656963888888889,-0.1640196666666667,-0.0393832142857142,0.1095730646800857,2.0,0.1225980761904762,-1.4732142857142942e-05,-0.0492874767857142,0.1024157135214121,1.7857142857142858,0.1114001488095238,0.0055762319230769,-0.0351351154629629,0.0848442102281802,1.8,0.109461666031746,-0.0009170484814697,46.195727658230425,0.0022626407504924,0.0044499937426074,0.1314092121644294,-0.223750029267604,4.98287726372234,6.111158584440459,0.0,0.5670915,0.0,0.0,0.0,0.0,0.0,0.558502,0.310843,0.333333,0.3888886666666666,0.0,0.0,0.3888886666666666,0.333333,0.0,-0.1823185,0.0,0.0,0.0,0.0,0.0,-0.1823185,-0.062693,-0.320632,-0.1424433333333333,0.0,0.0,-0.1424433333333333,-0.044005,0.0,-0.238759932918,0.0,0.0,0.0,0.0,0.0,-0.093869685689,-0.0194876801989999,-0.106877226456,-0.152892045121,0.0,0.0,-0.152892045121,-0.014668318665,-0.0712216666666666,-0.213665,0.5,1
2025-04-30,-0.1060649999999999,0.1656897921961398,4,-0.297802,0.098079,0.0738895,0.295558,0.0702235,0.1544043263307951,4,3,neutral,0.0363783333333333,0.1116055788344363,-0.0078370898174999,-0.0907722777777777,0.0607779272000248,2.3333333333333335,0.0808412222222222,-0.04112825,-0.0523347142857142,0.1116055788344363,2.2857142857142856,0.1219498619047619,-0.0037336785714285,-0.0441376339285714,0.097112252557272,1.8571428571428572,0.1103184845238095,-0.000294620054945,-0.0356085321296296,0.0852104876441137,1.8666666666666667,0.1073679104761904,-0.0017658839814079,52.40622412055082,-0.0031618887806749,0.0029276172379243,0.1295904496702952,-0.2292681382020412,-0.255388107551541,-5.238265371273881,0.158519,0.488883,0.310843,0.0,0.2346809999999999,0.0,0.0,0.7422093333333333,0.0,0.333333,0.333333,0.0,0.0,0.333333,0.333333,0.098079,-0.1186116666666666,0.098079,0.0,0.014827,0.0,0.0,-0.1186116666666666,0.0,-0.297802,-0.0998615,0.0,0.0,0.098079,-0.0998615,0.0155473850009999,-0.297749010649,0.030487170597,0.0,0.019640508022,0.0,0.0,-0.143243694057,0.0,-0.099267234066,-0.066574266759,0.0,0.0,0.032692967307,-0.066574266759,-0.0530324999999999,-0.2121299999999999,0.5,3
2025-05-01,-0.115884,0.2318348577069462,2,-0.279816,0.048048,0.0556969999999999,0.1113939999999999,0.0776144999999999,0.1445913159373688,2,1,neutral,-0.009819,0.1141975792689939,-0.006454391148,-0.121464111111111,0.0188201757174862,1.6666666666666667,0.0700337222222222,0.0132796666666666,-0.0596515,0.1141975792689939,2.142857142857143,0.1185696476190476,-0.0123042142857142,-0.0496540178571428,0.0989528697186373,1.8571428571428572,0.1077960916666666,-0.0021637576923076,-0.0379010099074074,0.0864467545804335,1.8333333333333333,0.1057807104761904,-0.0023631083949538,47.17824403551515,-0.0081589838424161,0.0007102970218252,0.1257859419370587,-0.2358593415799158,0.0925753075943998,0.3479634151459408,0.0,0.158519,0.0,0.0,0.0,0.0,0.0,0.266143,0.0,0.0,0.5,0.0,0.0,0.0,0.5,0.0,-0.279816,0.0,0.0,0.0,0.0,0.0,-0.279816,0.0,0.0,-0.115884,0.0,0.0,0.0,-0.115884,0.0,-0.044356152504,0.0,0.0,0.0,0.0,0.0,-0.074471069688,0.0,0.0,-0.115884,0.0,0.0,0.0,-0.115884,-0.057942,-0.115884,0.5,1
2025-05-02,-0.115035,0.1693238682190631,4,-0.359813,0.0,0.08896625,0.355865,0.0325464999999999,0.1938532627779751,4,2,neutral,0.000849,0.1143280570418721,-0.01023423256875,-0.1123279999999999,0.0054405033774482,2.0,0.0728509166666666,-0.004485,-0.0598862142857142,0.1143280570418721,2.142857142857143,0.1168199404761904,-0.0259153749999999,-0.0520441071428571,0.1001796630993069,1.8571428571428572,0.1070468773809523,-0.0050840846153846,-0.0420000813359788,0.0871112337916979,1.8333333333333333,0.1050744473809523,-0.0025446218492328,48.73863733816934,-0.0119133806765999,-0.001814438517888,0.1257400381284523,-0.2355969877713094,-0.0073262918090504,-0.0999015994034502,0.451494,0.4033544999999999,0.0,0.0,0.0,0.5,0.0,0.509668,0.0,0.0,1.0,0.0,0.0,0.0,0.75,-0.359813,-0.0486555,0.0,0.0,0.0,-0.097311,0.0,-0.0334423333333333,0.0,0.0,0.0,0.0,0.0,0.0,-0.0501635,-0.162453410622,-0.0302484431729999,0.0,0.0,0.0,-0.0486555,0.0,-0.028904742961,0.0,0.0,0.0,0.0,0.0,0.0,-0.0516714999999999,-0.0575175,-0.23007,0.5,2
2025-05-03,-0.124078,0.1693238682190631,1,-0.124078,-0.124078,0.092569,0.092569,0.145005,0.1938532627779751,1,1,neutral,-0.0090429999999999,0.1160004234742715,-0.0114857763819999,-0.1183323333333333,0.0049939677945854,1.3333333333333333,0.0790774166666666,-0.004097,-0.0631025476190476,0.1160004234742715,1.7142857142857142,0.1154587023809523,-0.0387469880952381,-0.0472331428571428,0.0944227583520818,1.8571428571428572,0.108872413095238,-0.0117373846153846,-0.0477423346693121,0.0866375817237114,1.8,0.106002334047619,-0.0024521590060384,52.74782555009072,-0.0154403611965427,-0.0045396230536434,0.1166044610745635,-0.2414286535745635,0.0786108575650887,0.0859371493741392,0.0,0.0,0.0,0.0,0.0,0.0,0.0,0.0,0.0,0.0,0.0,0.0,0.0,0.0,1.0,0.0,0.0,0.0,0.0,0.0,0.0,0.0,0.0,0.0,0.0,0.0,0.0,0.0,0.0,-0.124078,0.0,0.0,0.0,0.0,0.0,0.0,0.0,0.0,0.0,0.0,0.0,0.0,0.0,0.0,-0.124078,-0.062039,-0.062039,0.5,1
2025-05-04,-0.077628,0.1693238682190631,1,-0.077628,-0.077628,0.094576,0.094576,0.021814,0.1938532627779751,1,1,neutral,0.0464499999999999,0.0391545777954162,-0.007341745728,-0.1055803333333333,0.024626076957838,1.3333333333333333,0.0920370833333333,0.0187034999999999,-0.1007059761904761,0.0391545777954162,1.7142857142857142,0.0820474166666666,-0.0047749226190476,-0.0542667857142857,0.0926118538272862,1.8571428571428572,0.1078451273809523,-0.0103615406593406,-0.0488530346693121,0.0868054480004723,1.8,0.105797234047619,-0.0026212777868707,45.35406184015719,-0.0143227778943362,-0.006496254021796,0.116617338820683,-0.241401106320683,-0.3743612888666806,-0.4529721464317694,0.0,0.365926,0.451494,0.0,0.451494,0.0,0.0,0.684621,0.0,0.0,0.0,0.0,0.0,0.0,0.0,0.0,-0.077628,-0.077628,0.0,-0.077628,0.0,0.0,-0.077628,0.0,0.0,0.0,0.0,0.0,0.0,0.0,0.0,-0.028406103528,-0.035048576232,0.0,-0.035048576232,0.0,0.0,-0.053145758988,0.0,0.0,0.0,0.0,0.0,0.0,0.0,-0.0543396,-0.0543396,0.7,1
2025-05-05,0.0620092857142857,0.1222706490069118,7,-0.167468,0.17048,0.0734734285714285,0.514314,0.1618371428571428,0.0838575340968807,7,4,neutral,0.1396372857142857,0.0691729974771942,0.0045560348246938,-0.0465655714285714,0.0968544027274647,2.0,0.0868728095238095,0.0930436428571428,-0.0884462925170068,0.0691729974771942,1.8571428571428572,0.0799551207482993,0.0236442091836734,-0.0565825867346938,0.0889401622648996,2.0714285714285716,0.1039552651360544,-0.0021372588697017,-0.044250819589947,0.0889469749147989,1.9,0.1054102761111111,-0.0020936517136324,48.56008550084178,-0.0021461699347454,-0.0056262372043809,0.1283165401533529,-0.2449870790819243,-1.7988005064446555,-1.4244392175779748,0.0,0.6640194,0.0,0.0,0.3050065,0.0,0.0,0.3705388,0.158519,0.333333,0.333333,0.158519,0.333333,0.4444443333333334,0.6111110000000001,0.0,0.071798,0.0,0.0,0.0983415,0.0,0.0,0.071798,0.107423,-0.167468,-0.167468,0.08926,0.08926,0.1186593333333333,0.078894,0.0,0.356979015801,0.0,0.0,0.057328940977,0.0,0.0,0.1461762919629999,0.017028586537,-0.055822610844,-0.055822610844,0.01414940594,0.02975330358,0.16311230358,0.392143692736,0.0431598142857142,0.3021187,0.6142857142857142,4
2025-05-06,0.0972872,0.1624381202387543,5,-0.161854,0.235998,0.1457786,0.728893,0.1863544,0.1399143087743351,5,2,neutral,0.0352779142857142,0.0931670249409229,0.01418239181392,0.0272228285714285,0.0925008378241729,2.3333333333333335,0.1046093428571428,0.0874576,-0.0541990734693877,0.0931670249409229,2.0,0.0892785397959183,0.0358303632653061,-0.046791143877551,0.0980134959820484,2.0,0.1059383079931972,0.002812523610675,-0.042436404589947,0.0913089174423666,1.9,0.1046842544444444,-0.0005797751340113,56.67474070413381,0.0102322230680347,-0.0024545451498832,0.145479246090827,-0.2346047850193985,0.5689134115858225,2.367713918030478,0.451494,0.652312,0.0,0.0,0.0,0.0,1.0,0.2303493333333333,0.158519,0.0,0.5,0.0,0.5,1.0,1.0,0.221606,-0.0547234999999999,0.0,0.0,0.0,0.0,0.235998,0.0985833333333333,0.221606,0.0,-0.161854,0.0,-0.161854,0.221606,0.095343,0.100053779364,0.001769897945,0.0,0.0,0.0,0.0,0.235998,0.0556435089,0.035128761514,0.0,-0.080927,0.0,-0.080927,0.221606,0.190686,0.0486436,0.243218,0.5,2
2025-05-07,0.1074236,0.1772153385765464,5,-0.006016,0.419626,0.0958952,0.479476,0.1449076,0.1514404347005779,5,3,neutral,0.0101363999999999,0.1072390840163565,0.01030140760672,0.0889066952380952,0.0238388261153676,3.0,0.1050490761904762,0.0227071571428571,-0.0237007020408163,0.1072390840163565,2.0,0.0924222112244897,0.0457376602040816,-0.0380177081632653,0.1061949700047997,2.142857142857143,0.1071860365646258,0.0082533836734693,-0.0420529012566137,0.0919320894104608,1.9,0.1046007377777777,0.0013412353610713,56.06495163484651,0.0206222886082101,0.0021608216017523,0.1646003185470616,-0.239118034975633,0.1041904793230763,-0.4647229322627462,0.0,0.360215,0.0,0.0,0.0,0.0,0.0,0.577612,0.310843,1.0,0.5,0.0,0.5,0.0,0.0,0.0,0.034,0.0,0.0,0.0,0.0,0.0,0.029373,0.034,0.0278306666666666,0.034,0.0,0.034,0.0,0.0,0.0,0.01224731,0.0,0.0,0.0,0.0,0.0,0.04783483142,0.010568662,0.083492,0.017,0.0,0.017,0.0,0.0,0.0550717999999999,0.2753589999999999,0.54,3
2025-05-08,0.0509972857142857,0.1414178159305659,7,-0.163689,0.308563,0.1500955714285714,1.050669,0.0859032857142857,0.1548254075571516,7,4,neutral,-0.0564263142857142,0.1017389431281023,0.0076544667405918,0.0852360285714285,0.0300816436646712,3.0,0.1305897904761904,-0.0231449571428571,0.000139481632653,0.1017389431281023,2.4285714285714284,0.1059077214285714,0.0405719734693877,-0.0297560091836734,0.1084377748382827,2.2857142857142856,0.1122386845238095,0.0099181376138147,-0.0425281488756613,0.091393503121312,1.9666666666666663,0.1068180568253968,0.0026816116689619,55.67107173836015,0.0240268232326565,0.006534021927946,0.1737920827740924,-0.2350526956312352,-0.5252692544814574,-0.6294597338045338,0.0,0.3975513333333333,0.0,0.158519,0.451494,0.333333,0.333333,0.3996656666666667,0.158519,0.0,1.0,0.0,0.0,0.333333,1.0,0.0,0.0585573333333333,0.0,0.0871484999999999,-0.0783385,-0.163689,-0.163689,0.0767429999999999,0.0871484999999999,0.0,0.0580989999999999,0.0,0.0,-0.163689,0.030798,0.0,-0.015677102815,0.0,0.027629386143,-0.070738725438,-0.054562945437,-0.054562945437,-0.091785316193,0.027629386143,0.0,0.1742969999999999,0.0,0.0,-0.054562945437,0.030798,0.0254986428571428,0.1784905,0.5,4
2025-05-09,-0.0010266666666666,0.211079627964109,6,-0.265433,0.324919,0.1821556666666666,1.092934,0.11507,0.158302712588256,6,2,neutral,-0.0520239523809523,0.0884912717997107,-0.0001870131511111,0.0524647396825397,0.0542400235147401,3.0,0.1427154793650793,-0.0542251333333333,0.0164263863945578,0.0884912717997107,2.4285714285714284,0.1192204952380952,0.023993531632653,-0.0217299139455782,0.1058999180827941,2.2857142857142856,0.1180202178571428,0.0079817455049712,-0.0381802488756613,0.0901103001574033,2.0,0.1101930234920634,0.0023360147685258,55.491583880858286,0.0222706935161391,0.009681356245592,0.1690157048805347,-0.2112358344043442,-1.020131790394073,-0.4948625359126155,0.0,0.7879505,0.0,0.158519,0.0,0.333333,1.0,0.203298,0.0,0.0,0.7777776666666667,0.0,0.0,0.333333,1.0,0.0,-0.118556,0.0,0.085733,0.0,-0.162925,-0.074187,-0.0186533999999999,0.0,0.0,0.002847,0.0,0.0,-0.162925,-0.265433,0.0,-0.168050100769,0.0,0.027180618854,0.0,-0.0543082790249999,-0.074187,-0.0712229029159999,0.0,0.0,0.117157720975,0.0,0.0,-0.0543082790249999,-0.265433,-0.0005133333333333,-0.0030799999999999,0.5,2
2025-05-10,-0.0196843333333333,0.1036402528814617,3,-0.138949,0.048507,0.0612293333333333,0.183688,-0.0115053333333333,0.1852948787104849,3,2,neutral,-0.0186576666666666,0.0670694541396216,-0.0012052586071111,0.0100954285714285,0.0366298862905988,2.6666666666666665,0.1311601904761904,-0.0353408095238095,0.0313397673469387,0.0670694541396216,2.5714285714285716,0.1147434,5.24707482993309e-05,-0.0158813901360544,0.103382853639073,2.142857142857143,0.1151010511904761,0.0054083087074829,-0.0377465171296296,0.0901689030007173,1.9666666666666663,0.1100521822222222,0.0024931636914914,53.97511908624209,0.0191527733126217,0.0115756396590015,0.1659677944530983,-0.2122406573102412,18.173051948052123,19.19318373844619,0.0,0.0,0.0,0.0,0.0,0.5,0.0,0.3881265,0.0,0.0,0.0,0.0,0.0,0.0,0.5,0.0,0.0,0.0,0.0,0.0,-0.138949,0.0,0.039948,0.0,0.0,0.0,0.0,0.0,0.0,-0.138949,0.0,0.0,0.0,0.0,0.0,-0.0694745,0.0,0.034886630925,0.0,0.0,0.0,0.0,0.0,0.0,-0.0694745,-0.0283687,-0.0851061,0.6333333333333333,2
2025-05-11,0.094026,0.1036402528814617,1,0.094026,0.094026,0.062434,0.062434,0.199156,0.1852948787104849,1,1,neutral,0.1137103333333333,0.0497261837921398,0.005870419284,0.0244383333333333,0.060982453586622,1.6666666666666667,0.1019396666666666,0.0475263333333333,0.0558617673469387,0.0497261837921398,2.5714285714285716,0.1101516857142857,-0.0087979710884353,-0.0224221044217687,0.0919162453242474,2.142857142857143,0.0960995511904761,0.0151906316169544,-0.0342147541666666,0.0932378574070052,1.9,0.1098145044444444,0.0035213753649557,44.65408623892403,0.0255618982580699,0.0143728913788194,0.1658947055491021,-0.2122080184062449,-5.776692124024182,-23.949744072076307,0.0,0.158519,0.0,0.158519,0.0,0.0,0.333333,0.999822,0.0,0.0,0.333333,0.0,0.0,0.333333,0.0,0.0,0.094026,0.0,0.094026,0.0,0.0,0.094026,0.094026,0.0,0.0,0.094026,0.0,0.0,0.094026,0.0,0.0,0.0149049074939999,0.0,0.0149049074939999,0.0,0.0,0.031341968658,0.094009263372,0.0,0.0,0.031341968658,0.0,0.0,0.031341968658,0.0,0.0658182,0.0658182,0.7,1
2025-05-12,-0.0401546,0.1908260410276857,5,-0.316488,0.145659,0.1007776,0.503888,0.1622208,0.2047185728499004,5,1,neutral,-0.1341805999999999,0.0612732204888156,-0.0040466842169599,0.0113956888888889,0.0722882022884124,1.3333333333333333,0.0748136444444444,-0.0102351333333333,0.0412669265306122,0.0612732204888156,2.142857142857143,0.114052281632653,-0.0182072221088435,-0.0235896829931972,0.0920389482603133,2.0,0.0970037011904761,0.0146382835374149,-0.0316465908333333,0.0919251182141583,1.9,0.1099984411111111,0.0029107451869802,48.953815631091,0.0195888846923389,0.0154160900415245,0.1658833936362685,-0.2122328664934114,-1.427058473188267,4.349633650835915,0.310843,0.576289,0.0,0.0,0.0,0.25,0.0,0.214056,0.0,0.25,0.2916665,0.0,0.0,0.333333,0.5277776666666667,0.0,-0.316488,0.0,0.0,0.0,-0.316488,0.0,-0.1525783333333333,0.0,-0.316488,-0.1025925,0.0,0.0,0.111303,-0.1154773333333333,0.0,-0.182388553032,0.0,0.0,0.0,-0.079122,0.0,-0.107063219593,0.0,-0.079122,-0.042021037101,0.0,0.0,0.037100962899,-0.183268037101,-0.0200773,-0.1003864999999999,0.5,1
2025-05-13,0.0220772857142857,0.16043810908438,7,-0.256298,0.136848,0.0702937142857142,0.492056,0.1171787142857142,0.160851446713745,7,2,neutral,0.0622318857142857,0.0561965904701311,0.001551894414204,0.0253162285714285,0.067148912256372,1.3333333333333333,0.0778351047619047,-0.0359743571428571,0.0305226530612244,0.0561965904701311,2.142857142857143,0.1032687265306122,-0.0122603588435374,-0.0118382102040816,0.0860013891717,2.0714285714285716,0.0962736331632653,0.012024801862899,-0.0317638289285714,0.0918518112500633,1.8666666666666667,0.1093185315873015,0.0036521164931934,61.349040894484965,0.0196499761639172,0.0162628672660039,0.1688218968859938,-0.2114231911717081,-1.549807138267738,-0.1227486650794711,0.0,0.158519,0.158519,0.0,0.0,0.333333,0.0,0.187161,0.158519,0.0,0.333333,0.158519,0.5,0.5,0.333333,0.0,-0.15939,-0.15939,0.0,0.0,-0.15939,0.0,-0.052701,0.124055,0.0,-0.15939,-0.15939,0.124055,0.124055,-0.15939,0.0,-0.02526634341,-0.02526634341,0.0,0.0,-0.05312994687,0.0,-0.028386223856,0.0196650745449999,0.0,-0.05312994687,-0.02526634341,0.0620275,0.0620275,-0.05312994687,0.0110386428571428,0.0772704999999999,0.5,2
2025-05-14,0.0844176666666666,0.1376611008566569,6,-0.160252,0.251911,0.1670146666666666,1.002088,0.207029,0.1376488606563817,6,3,neutral,0.0623403809523809,0.0514192686162483,0.0140989884591111,0.0221134507936508,0.0622861412077564,2.0,0.1126953269841269,0.0622861333333333,0.0272360911564625,0.0514192686162483,2.142857142857143,0.113428650340136,0.004499956462585,0.0017676945578231,0.0850094669426976,2.0714285714285716,0.1029254307823129,0.011668592087912,-0.0263488317063492,0.0937979503030232,1.9333333333333331,0.1105577538095237,0.0040825819701785,62.68558828658692,0.0244466215167588,0.0178996181161561,0.1807547585396234,-0.208447636158671,2.8237339389978504,4.373541077265589,0.0,0.259367,0.0,0.158519,0.310843,0.25,0.25,0.469502,0.0,0.0,0.4166666666666667,0.0,0.0,0.0,0.5625,0.0,0.0033679999999999,0.0,0.0829785,-0.160252,-0.160252,-0.160252,0.029268,0.0,0.0,0.0019016666666666,0.0,0.0,0.0,0.064404,0.0,0.034748595632,0.0,0.0263073376829999,-0.0498132124359999,-0.040063,-0.040063,0.134222254368,0.0,0.0,0.0429155,0.0,0.0,0.0,0.2948265,0.0590029,0.3540174,0.5666666666666667,3
2025-05-15,-0.048655,0.0714411922772849,5,-0.163494,0.017583,0.1559434,0.779717,-0.0960284,0.1491659559711933,5,3,neutral,-0.1330726666666666,0.0572128430415968,-0.007587426127,0.0192799841269841,0.0665804199864514,2.6666666666666665,0.131083926984127,-0.0353661428571428,0.013000050340136,0.0572128430415968,2.0,0.1142640544217687,-0.000236775510204,0.0065697659863945,0.0795775439635567,2.2142857142857144,0.11008588792517,0.0063493163788592,-0.0273332317063492,0.0938744374425864,2.0,0.1076797004761904,0.0039885045291064,53.845888059252395,0.017311200112733,0.0177819345154714,0.1791123666200788,-0.2003315442391264,-1.5763603984947858,-4.400094337492636,0.0,0.158519,0.0,0.0,0.0,0.0,0.0,0.4923095,0.0,0.0,0.4166665,0.0,0.0,0.333333,0.70833325,0.0,-0.163494,0.0,0.0,0.0,0.0,0.0,-0.081747,0.0,0.0,-0.113774,0.0,0.0,-0.163494,-0.05249125,0.0,-0.025916905386,0.0,0.0,0.0,0.0,0.0,-0.14329268136,0.0,0.0,-0.0865249455019999,0.0,0.0,-0.0544979455019999,-0.068941945502,-0.0243275,-0.1216375,0.5,3
2025-05-16,-0.0684634,0.1763430209004598,5,-0.350021,0.135691,0.0542014,0.271007,0.0871614,0.2563313636960955,5,4,neutral,-0.0198084,0.0651021352935132,-0.00371081212876,-0.0109002444444444,0.0831397697349428,3.3333333333333335,0.1257198222222222,-0.0764405333333333,0.003366231292517,0.0651021352935132,2.2857142857142856,0.0959848734693877,-0.010968819047619,0.0098963088435374,0.0749414879481852,2.357142857142857,0.1076026843537415,0.000196563307169,-0.0236765850396825,0.0898467834276526,2.066666666666667,0.1065186538095238,0.0026829446853646,52.6076017293679,0.0099434199985903,0.0162142316120944,0.1779837113149334,-0.1958928622673144,0.4071195149522146,1.9834799134470005,0.890401,0.787822,0.0,0.0,0.158519,0.0,0.0,0.4410203333333333,0.158519,0.0,0.3888886666666666,0.0,0.0,0.333333,0.3888886666666666,-0.054622,-0.180992,0.0,0.0,-0.011963,0.0,0.0,-0.1411286666666666,-0.011963,0.0,-0.1411286666666666,0.0,0.0,-0.180992,-0.1411286666666666,-0.048635483422,-0.213668535934,0.0,0.0,-0.0018963627969999,0.0,0.0,-0.078465506302,-0.0018963627969999,0.0,-0.151362212672,0.0,0.0,-0.120661212672,-0.151362212672,-0.03471022,-0.1735511,0.54,4
2025-05-17,0.031003,0.0949314214420072,3,-0.037653,0.139336,0.1096736666666666,0.329021,0.006297,0.1403390232152126,3,2,neutral,0.0994664,0.0649296557556978,0.0034002126876666,-0.0287051333333333,0.0526487328171665,3.0,0.1066061555555555,0.039829,0.0106072789115646,0.0649296557556978,2.2857142857142856,0.1029054925170067,-0.0113006744897959,0.0209735231292516,0.0643245721199388,2.4285714285714284,0.1088244462585034,-0.0036171238304552,-0.0213546642063492,0.0903450599998542,2.1,0.1071407593650793,0.0029324193744372,57.88477804299729,0.0119918834955905,0.0153697619887933,0.1478213279173658,-0.1811897788697467,-1.4528404957977543,-1.8599600107499692,0.0,0.158519,0.0,0.0,0.0,0.0,0.0,0.161647,0.0,0.0,1.0,0.0,0.0,0.0,0.0,0.0,-0.008674,0.0,0.0,0.0,0.0,0.0,-0.008674,0.0,0.0,0.065331,0.0,0.0,0.0,0.0,0.0,-0.001374993806,0.0,0.0,0.0,0.0,0.0,-0.001402126078,0.0,0.0,0.130662,0.0,0.0,0.0,0.0,0.0104810999999999,0.0314432999999999,0.6333333333333333,2
2025-05-19,0.061549375,0.1249916748792694,8,-0.161026,0.195233,0.100380375,0.803043,0.186278,0.1462466670350375,8,2,neutral,0.030546375,0.0588513656363024,0.0061783493435156,0.0080296583333333,0.0679828010330574,2.6666666666666665,0.0880851472222222,0.0650063875,0.0059677610544217,0.0588513656363024,2.4285714285714284,0.1083264032312925,0.0060743673894557,0.0309147642006802,0.0583952059902949,2.5,0.1092390444727891,-0.005708413440607,-0.0165838933730158,0.0908330412155522,2.1,0.1071715968650793,0.0030519801035542,57.19250597851515,0.0158967809018514,0.015475165771405,0.1557003625993647,-0.1805330260517456,0.9852715866206498,2.4381120824184044,0.0,0.1966,0.0,0.158519,0.158519,0.4166665,0.0,0.373179,0.0,1.0,0.6111110000000001,0.0,0.0,1.0,0.6666665,0.0,0.036083,0.0,0.181434,0.195233,-0.04269,0.0,0.0190362499999999,0.0,-0.071309,0.0366176666666666,0.0,0.0,0.113247,-0.069013,0.0,-0.0016487601159999,0.0,0.028760736246,0.0309481399269999,-0.015852279658,0.0,0.160874455003,0.0,-0.071309,0.1793807203419999,0.0,0.0,0.113247,-0.030675279658,0.0319246875,0.2553975,0.55,2
2025-05-20,-0.0454613333333333,0.191006962990009,6,-0.351802,0.170689,0.0601898333333333,0.361139,0.1398319999999999,0.2812980473540475,6,3,neutral,-0.1070107083333333,0.0595742616740464,-0.0027363100764444,0.0156970138888889,0.0551228431108705,2.3333333333333335,0.0900812916666666,-0.0382321666666666,0.005209656292517,0.0595742616740464,2.7142857142857144,0.1025281508503401,-0.0060248014455782,0.0232382914115646,0.0609990194108153,2.4285714285714284,0.1082902162414966,-0.0068654935400313,-0.0117182211507936,0.0848569949015185,2.1666666666666665,0.1069442079761904,0.0016598284763493,44.25223184966561,0.0102389019964158,0.0144279130164069,0.1500231663216033,-0.1651576297739842,-1.738615677792558,-2.723887264413208,0.769861,0.2765256666666666,0.158519,0.158519,0.0,0.0,0.6,0.5945996666666667,0.0,0.2,0.5,0.0,0.35,0.6,0.7333333333333334,-0.058081,-0.1638033333333333,0.023891,0.023891,0.0,0.0,-0.2049415,-0.1638033333333333,0.0,-0.351802,0.023891,0.0,-0.1639555,-0.2576505,-0.0250263333333333,-0.044714296741,-0.1266669905019999,0.0037871774289999,0.0037871774289999,0.0,0.0,-0.1284414,-0.234862238254,0.0,-0.0703604,0.0119455,0.0,-0.0584149,-0.2338594,0.2063626,-0.0219343,-0.1316058,0.5333333333333333,3
2025-05-21,0.0692765714285714,0.2122371889756498,7,-0.341571,0.300312,0.089001,0.623007,0.1977001428571428,0.2031643928533644,7,1,neutral,0.1147379047619047,0.0642862807969479,0.0061656841337142,0.028454871031746,0.0641298007323166,2.0,0.0831904027777777,0.0038635982142857,0.0119524113945578,0.0642862807969479,2.5714285714285716,0.1052006202380952,0.0032491722363945,0.0212375322278911,0.0588032473197268,2.357142857142857,0.1042346733843537,-0.0031089413003663,-0.0101037687698412,0.0859515315574777,2.1666666666666665,0.1062789746428571,0.002406935671116,48.6192818602962,0.0148419355160674,0.014510717516339,0.1551861147155016,-0.1527864210250253,-2.5238570087819268,-0.7852413309893687,0.0,0.2346809999999999,0.0,0.0,0.0,0.0,0.5,0.1435786666666666,0.0,0.0,0.5,0.0,0.0,0.75,0.5,0.0,-0.062608,0.0,0.0,0.0,0.0,0.300312,0.0038243333333333,0.0,0.0,-0.032388,0.0,0.0,-0.082042,0.12808275,0.0,-0.071878576108,0.0,0.0,0.0,0.0,0.150156,-0.035033360962,0.0,0.0,-0.064776,0.0,0.0,0.0067014999999999,0.2561655,0.0346382857142857,0.242468,0.5,1
2025-05-22,0.0765092,0.2751447177390473,5,-0.368012,0.374131,0.1445932,0.722966,0.1879255999999999,0.2556988890654396,5,3,neutral,0.0072326285714285,0.0628540456011882,0.01106271005744,0.0334414793650793,0.0684274661068472,2.3333333333333335,0.0979280111111111,0.0609852666666666,0.0108226304421768,0.0628540456011882,2.5714285714285716,0.1019975535714285,0.020518150340136,0.0190293607993197,0.0558227547517517,2.357142857142857,0.1077131019557823,0.0013115481449502,-0.0107011454365079,0.0852594407313046,2.2333333333333334,0.1068343646428571,0.0036866550095344,48.47177242395142,0.0188561003317036,0.015379794079412,0.157891293899693,-0.1362522802092169,0.104402230397413,2.62825923917934,0.0,0.487274,0.2092936666666666,0.0,0.0,0.0,0.25,0.3256574,0.0,0.25,0.361111,0.0,0.0,0.4166665,0.2916665,0.0,0.0458663333333333,-0.0151753333333333,0.0,0.0,0.0,0.053941,0.0765092,0.0,0.053941,-0.0608636666666666,0.0,0.0,-0.118266,0.0927105,0.0,0.277758176264,0.012810823526,0.0,0.0,0.0,0.01348525,-0.02338708043,0.0,0.01348525,-0.12669412716,0.0,0.0,-0.14017937716,0.05731187284,0.0382546,0.191273,0.5,3
2025-05-23,-0.160252,0.2751447177390473,1,-0.160252,-0.160252,0.087503,0.087503,-0.007318,0.2556988890654396,1,1,bearish,-0.2367612,0.0891193953331176,-0.014022530756,-0.0048220761904761,0.1346548314788181,1.6666666666666667,0.1070324,-0.1147642857142857,-0.0051197981292517,0.0891193953331176,2.2857142857142856,0.0922203535714285,-0.0063080786989795,0.0039401261054421,0.0725590514846594,2.142857142857143,0.1032422039965986,-0.0027568888147566,-0.0147164454365079,0.089412148726472,2.1666666666666665,0.1058172646428571,0.0025211773067959,41.13724469651979,0.0028999100212366,0.0128838172677766,0.1648760800629024,-0.1477587663724262,-3.0945454925682143,-3.1989477229656273,0.0,0.310843,0.158519,0.0,0.0,0.25,0.0,0.161647,0.0,0.25,0.0,0.0,0.0,0.25,0.25,0.0,-0.160252,-0.160252,0.0,0.0,-0.160252,0.0,-0.160252,0.0,-0.160252,0.0,0.0,0.0,-0.160252,-0.160252,0.0,-0.0498132124359999,-0.025402986788,0.0,0.0,-0.040063,0.0,-0.025904255044,0.0,-0.040063,0.0,0.0,0.0,-0.040063,-0.040063,-0.080126,-0.080126,0.5,1
2025-05-24,-0.0251975,0.2587070367123785,2,-0.208131,0.157736,0.144384,0.288768,-0.0055245,0.0670485720988896,2,1,neutral,0.1350545,0.0854174867271732,-0.00363811584,-0.0363134333333333,0.1187713746521584,1.6666666666666667,0.1254934,-0.05085335,0.0010610447278911,0.0854174867271732,1.8571428571428572,0.1051035821428571,-0.0175083470238095,0.002213638010204,0.0729727077270423,2.0714285714285716,0.1005442278061224,-0.0037531328388278,-0.0150428787698412,0.0894326215613444,2.1666666666666665,0.1080158313095238,0.0024488123960485,49.05198413689844,0.0011388249173706,0.0105348187976952,0.157961765492197,-0.1309564018017208,-0.8427632728452686,2.2517822197229456,0.0,0.158519,0.0,0.0,0.0,0.0,0.0,0.360215,0.0,0.0,1.0,0.0,0.0,0.0,1.0,0.0,-0.208131,0.0,0.0,0.0,0.0,0.0,-0.208131,0.0,0.0,0.157736,0.0,0.0,0.0,-0.208131,0.0,-0.032992717989,0.0,0.0,0.0,0.0,0.0,-0.074971908165,0.0,0.0,0.157736,0.0,0.0,0.0,-0.208131,-0.01259875,-0.0251975,0.5,1
2025-05-25,0.349402,0.2587070367123785,1,0.349402,0.349402,0.460452,0.460452,0.264705,0.0670485720988896,1,1,bullish,0.3745995,0.1579763812567159,0.160882849704,0.0546508333333333,0.2640428320956345,1.0,0.2307796666666667,0.254827,0.0465466161564625,0.1579763812567159,1.7142857142857142,0.1552147726190476,0.0240913203656462,0.0285769475340136,0.1175241740287219,2.0,0.1290601325680272,0.0054446235034013,-0.0012405954365079,0.1108882779324442,2.1333333333333333,0.1207189479761904,0.0044578378078817,61.31643553441641,0.0296278078051442,0.0143534165991853,0.2372247888470412,-0.167516425156565,-14.86653437841055,-14.023771105565285,0.0,0.158519,0.0,0.0,0.0,0.0,0.0,0.684621,0.158519,0.0,0.5,0.0,0.0,0.5,0.0,0.0,0.349402,0.0,0.0,0.0,0.0,0.0,0.349402,0.349402,0.0,0.349402,0.0,0.0,0.349402,0.0,0.0,0.055386855638,0.0,0.0,0.0,0.0,0.0,0.239207946642,0.055386855638,0.0,0.174701,0.0,0.0,0.174701,0.0,0.174701,0.174701,0.5,1
2025-05-26,-0.203194,0.2587070367123785,1,-0.203194,-0.203194,0.099066,0.099066,-0.218678,0.0670485720988896,1,1,bearish,-0.552596,0.1834265487456621,-0.020129616804,0.0403368333333333,0.2820667411058656,1.0,0.234634,-0.08899825,0.0087261340136054,0.1834265487456621,1.5714285714285714,0.1550270047619047,-0.0005233515306122,0.0073469475340136,0.1308784880680879,2.0,0.1316767039965986,0.0009802575013082,-0.0042339954365079,0.115150354793693,2.1,0.1206473413095238,0.0023814546546427,42.81952121943576,0.0075300211482835,0.0129887375090048,0.249603133408141,-0.2064150982890934,-1.5815479018437215,13.284986476566829,0.0,0.158519,0.0,0.0,0.0,0.0,0.0,0.684621,0.158519,0.0,0.5,0.0,0.0,0.5,0.0,0.0,0.349402,0.0,0.0,0.0,0.0,0.0,0.349402,0.349402,0.0,0.349402,0.0,0.0,0.349402,0.0,0.0,0.055386855638,0.0,0.0,0.0,0.0,0.0,0.239207946642,0.055386855638,0.0,0.174701,0.0,0.0,0.174701,0.0,-0.101597,-0.101597,0.5,1
2025-05-27,0.014192125,0.1607450364703037,8,-0.352777,0.166471,0.08150325,0.652026,0.074119125,0.1811974026496576,8,3,neutral,0.217386125,0.1818685541779104,0.0011567043119062,0.0534667083333333,0.2783836462079001,1.6666666666666667,0.2136737499999999,-0.1676049374999999,0.017248056632653,0.1818685541779104,1.5714285714285714,0.1580717785714285,-0.0076787764030612,0.011228856462585,0.1301652242067308,2.142857142857143,0.1302999647108843,-0.0003901510832025,-0.000375469047619,0.113706872430529,2.066666666666667,0.1199608607539682,0.0018290937390751,51.262207293240984,0.0074720522440067,0.0118854004560052,0.2426520688553324,-0.2077735412362847,-1.0698451972007048,0.5117027046430167,0.0,0.6143658000000001,0.0,0.0,0.310843,0.25,0.25,0.4625144,0.310843,0.25,0.2916665,0.0,0.0,0.2777776666666666,0.2777776666666666,0.0,-0.0220667999999999,0.0,0.0,-0.0018614999999999,0.024466,-0.352777,-0.0280318,0.024466,0.024466,-0.190483,0.0,0.0,-0.1188333333333333,-0.1188333333333333,0.0,-0.163727783529,0.0,0.0,-0.0011572684889999,0.0061165,-0.08819425,-0.02371002061,0.007605084838,0.0061165,-0.097590573937,0.0,0.0,-0.091474073937,-0.091474073937,0.0070029875,0.0560239,0.55,3
2025-05-28,0.07400975,0.1618243345820296,4,-0.166482,0.184552,0.0677025,0.27081,0.27547125,0.1520974537730661,4,2,neutral,0.059817625,0.1821028779971245,0.005010645099375,-0.0383307083333333,0.1458748291157063,2.0,0.08275725,0.138601875,0.0179242249999999,0.1821028779971245,1.7142857142857142,0.1550291357142857,0.0058354785714285,0.0149383181972789,0.1312337677561925,2.142857142857143,0.1301148779761904,0.0017612292569335,-0.0040950107142857,0.1091473310060805,2.1,0.1112691107539682,0.0035915602335928,51.207489996902886,0.0121131513214212,0.0119309506290884,0.2386544523166113,-0.2071173096975637,4.214846261571118,5.284691458771823,0.0,0.310843,0.0,0.0,0.0,0.0,0.2,0.161647,0.0,0.2,0.2666665,0.0,0.0,0.2666665,0.511111,0.0,-0.166482,0.0,0.0,0.0,0.0,0.184552,-0.166482,0.0,0.184552,0.009035,0.0,0.0,0.009035,0.054208,0.0,-0.0517497643259999,0.0,0.0,0.0,0.0,0.0369104,-0.026911315854,0.0,0.0369104,-0.0185835445059999,0.0,0.0,-0.0185835445059999,0.125970455494,0.037004875,0.1480195,0.5,2
2025-05-29,-0.0275659999999999,0.1683030977938314,7,-0.371565,0.131754,0.0745027142857143,0.5215190000000001,0.1621147142857142,0.1722781638336813,7,3,neutral,-0.1015757499999999,0.1807662081919269,-0.002053741822,0.0202119583333333,0.0510547455388481,2.6666666666666665,0.0745694880952381,-0.0208790625,0.0030563392857142,0.1807662081919269,1.7142857142857142,0.1450162091836734,0.0093308080357143,0.0069394848639455,0.1300808689030033,2.142857142857143,0.123506881377551,0.0028373481371009,-0.0042202607142857,0.1091728858529116,2.1,0.1108152178968253,0.0033041793977435,47.44290504242629,0.0075085581909126,0.0110464721414532,0.2348812406854643,-0.2112004266378452,-1.372464438807049,-5.5873107003781675,0.158519,0.451494,0.0,0.158519,0.0,0.0,0.0,0.3785804,0.158519,0.0,0.7666666,0.0,0.0,0.4166665,0.333333,-0.055519,-0.371565,0.0,0.081814,0.0,0.0,0.0,-0.0816836,-0.003224,0.0,-0.0533359999999999,0.0,0.0,-0.1873945,-0.371565,-0.008800816361,-0.16775936811,0.0,0.025938146932,0.0,0.0,0.0,-0.117952645315,-0.000511065256,0.0,-0.0173578761449999,0.0,0.0,-0.125466876145,-0.1238548761449999,-0.0137829999999999,-0.0964809999999999,0.5,3
2025-05-30,-0.0091863333333333,0.1576669451607829,3,-0.162027,0.1529,0.0960333333333333,0.2881,0.124697,0.1264102950593819,3,1,neutral,0.0183796666666666,0.1664725613623263,-0.0008821942111111,0.0124191388888889,0.0541249071082308,2.0,0.0794128492063492,-0.0415980416666666,0.0246371488095238,0.1664725613623263,1.7142857142857142,0.1462348282312925,-0.0153106696428571,0.009758675340136,0.1292080753267481,2.0,0.1192275909013605,0.0005438252590266,0.0002216392857142,0.1060204893930056,2.1,0.1113325067857142,0.0023188776497695,50.95106468344279,0.0052815597551011,0.0098934896641827,0.2346021713332648,-0.2117373239523124,-0.6667513120027087,0.7057131268043404,0.0,0.714479,0.0,0.0,0.0,0.0,0.0,0.1260016666666666,0.0,0.333333,0.333333,0.0,0.0,0.6666665,1.0,0.0,-0.0045634999999999,0.0,0.0,0.0,0.0,0.0,-0.0091863333333333,0.0,-0.162027,-0.162027,0.0,0.0,-0.0045634999999999,-0.018432,0.0,-0.0065210498329999,0.0,0.0,0.0,0.0,0.0,-0.011644564697,0.0,-0.054008945991,-0.054008945991,0.0,0.0,0.098891054009,-0.018432,-0.0045931666666666,-0.0137795,0.5,1
2025-06-01,-0.004096,0.1576669451607829,1,-0.004096,-0.004096,0.074926,0.074926,0.0,0.1264102950593819,1,1,neutral,0.0050903333333333,0.1656085612048244,-0.000306896896,-0.013616111111111,0.012346150143686,1.6666666666666667,0.0818206825396825,0.0117349999999999,0.0276516488095238,0.1656085612048244,1.7142857142857142,0.1363122568027211,-0.0255084568452381,0.0143563467687074,0.1273422904820236,1.7857142857142858,0.1207079194727891,-0.0024307723443223,0.0036206059523809,0.1041128671449564,2.033333333333333,0.1113670567857142,0.0015580106070236,51.56212237931777,0.0038826310995093,0.008691317951248,0.2350326212158598,-0.2106089405015742,-0.5541202510976451,0.1126310609050635,0.0,0.0,0.0,0.0,0.0,0.0,0.0,0.0,0.0,0.0,1.0,0.0,0.0,0.0,0.0,0.0,0.0,0.0,0.0,0.0,0.0,0.0,0.0,0.0,0.0,-0.004096,0.0,0.0,0.0,0.0,0.0,0.0,0.0,0.0,0.0,0.0,0.0,0.0,0.0,0.0,-0.004096,0.0,0.0,0.0,0.0,-0.0036864,-0.0036864,0.9,1
2025-06-03,-0.0341235,0.0482579164956383,2,-0.068247,0.0,0.0456774999999999,0.0913549999999999,0.2320275,0.01700803940788,2,1,neutral,-0.0300275,0.0854760572639533,-0.0015586761712499,-0.0158019444444444,0.0160697673238494,1.0,0.0722122777777777,-0.0124685833333333,-0.0271377083333333,0.0854760572639533,1.7142857142857142,0.077058756802721,0.0138371130952381,0.0097044539115646,0.1278758379975426,1.7142857142857142,0.1161367647108843,-0.0032671200575614,0.0063459559523809,0.1019238432327671,2.033333333333333,0.1110330734523809,0.0004903305498172,48.36432633660092,0.0003470417635214,0.0070224627137027,0.2260747824870414,-0.2144660517727557,7.3309326171875,7.885052868285145,0.0,0.0,0.0,0.0,0.0,0.0,0.0,0.0,0.0,0.0,1.0,0.0,0.0,0.0,1.0,0.0,0.0,0.0,0.0,0.0,0.0,0.0,0.0,0.0,0.0,0.0,0.0,0.0,0.0,-0.068247,0.0,0.0,0.0,0.0,0.0,0.0,0.0,0.0,0.0,0.0,0.0,0.0,0.0,0.0,-0.068247,-0.01706175,-0.0341235,0.5,1
2025-06-04,0.0712316666666666,0.1682506299562253,6,-0.168207,0.308773,0.1081646666666666,0.648988,0.1968145,0.1525510197786301,6,2,neutral,0.1053551666666666,0.0442703097158773,0.0077047494811111,0.0110040555555555,0.0542764824226478,1.3333333333333333,0.0762560555555555,0.0376638333333333,0.0120659583333333,0.0442703097158773,1.8571428571428572,0.0783585663265306,-0.0007742098214285,0.0103960461734693,0.1282035626335682,1.7142857142857142,0.1166927855442176,0.0001999735295656,0.0125548448412698,0.0999285839316121,2.033333333333333,0.1116730206746031,7.18379972456148e-05,50.234367164963224,0.0059773099164549,0.0068134321542531,0.2323826946471271,-0.2096353372661747,-3.0874666041486565,-10.418399221336156,0.0,0.468252,0.158519,0.0,0.0,0.0,0.333333,0.2385735,0.0,0.0,0.5416665,0.0,0.0,0.5,0.333333,0.0,0.070283,-0.049122,0.0,0.0,0.0,0.0094334999999999,0.012657,0.0,0.0,0.00916775,0.0,0.0,-0.168207,0.0094334999999999,0.0,0.014288822372,-0.007786770318,0.0,0.0,0.0,0.0062889937109999,0.034842936596,0.0,0.0,0.108196493711,0.0,0.0,-0.0841035,0.0062889937109999,0.0356158333333333,0.213695,0.5,2
2025-06-05,0.0178847142857142,0.1848530074173479,7,-0.317008,0.202334,0.0669125714285714,0.468388,0.2141052857142857,0.1947670099843351,7,1,neutral,-0.0533469523809524,0.0443218369471708,0.0011967122221224,0.0183309603174603,0.0526790009157443,1.3333333333333333,0.0735849126984127,0.0260041071428571,0.0125934710884353,0.0443218369471708,1.5714285714285714,0.0762741836734693,0.0001529664115646,0.0149207638605442,0.1271944016238591,1.5714285714285714,0.1171729811224489,-0.001427516596023,0.0172869353174603,0.096539080441348,2.033333333333333,0.1108178063888888,-0.000836071229938,51.5742365847746,0.0060648336352378,0.00666371245045,0.232138269565831,-0.2098101693277358,-0.7489218612642183,2.338544742884438,0.0,0.360215,0.0,0.0,0.0,0.0,1.0,0.4287688,0.0,0.0,0.4166665,0.0,0.0,0.333333,0.70833325,0.0,-0.120887,0.0,0.0,0.0,0.0,0.056614,-0.0465496,0.0,0.0,-0.2332685,0.0,0.0,-0.317008,-0.058924,0.0,-0.08709062141,0.0,0.0,0.0,0.0,0.056614,-0.064514691638,0.0,0.0,-0.180433727664,0.0,0.0,-0.105669227664,0.0504072723359999,0.0089423571428571,0.0625965,0.5,1
2025-06-06,0.15577575,0.1757125393673333,4,-0.10718,0.25971,0.08700775,0.348031,0.33668075,0.1810545166855828,4,2,bullish,0.1378910357142857,0.0677749463248929,0.0135536975120624,0.0816307103174603,0.0695312125180342,1.6666666666666667,0.0873616626984127,0.0422720416666666,0.0242743282312925,0.0677749463248929,1.5714285714285714,0.0790320765306122,0.0242676789965986,0.0210992766156462,0.1320461872818443,1.6428571428571428,0.1170306061224489,0.0043888612794348,0.0250670603174603,0.0980197770362342,2.066666666666667,0.1105655313888888,-0.0005971807669897,52.125167909016845,0.0170640005099862,0.0087437700623573,0.2428743288023166,-0.2134104202308881,7.709993769619707,8.458915630883926,0.0,0.0,0.0,0.0,0.0,0.0,0.0,0.1612785,0.0,0.0,1.0,0.0,0.0,0.0,0.0,0.0,0.0,0.0,0.0,0.0,0.0,0.0,0.062031,0.0,0.0,-0.10718,0.0,0.0,0.0,0.0,0.0,0.0,0.0,0.0,0.0,0.0,0.0,0.002038494278,0.0,0.0,-0.10718,0.0,0.0,0.0,0.0,0.077887875,0.3115515,0.5,2
2025-06-08,-0.098844,0.1757125393673333,1,-0.098844,-0.098844,0.029839,0.029839,0.081183,0.1810545166855828,1,1,neutral,-0.25461975,0.080937805222186,-0.002949406116,0.0249388214285714,0.1274563634865003,1.3333333333333333,0.0612531071428571,-0.0583643571428571,0.014091756802721,0.080937805222186,1.2857142857142858,0.0726515459183673,0.0036706683673469,0.0085740480442176,0.1346763452386272,1.5,0.1088338775510204,0.0027886112899005,0.0197052841269841,0.1003021620337997,1.9666666666666663,0.1091110504365079,-0.0011418329943323,46.15874884717105,0.0051758197875495,0.0080301800073957,0.2443695194654519,-0.2199245108940233,-1.634527517922398,-9.344521287542106,0.158519,0.0,0.0,0.0,0.310843,0.0,0.0,0.0,0.0,0.333333,0.0,0.0,0.0,0.333333,0.333333,-0.098844,0.0,0.0,0.0,-0.098844,0.0,0.0,0.0,0.0,-0.098844,0.0,0.0,0.0,-0.098844,-0.098844,-0.015668652036,0.0,0.0,0.0,-0.030724965492,0.0,0.0,0.0,0.0,-0.0329479670519999,0.0,0.0,0.0,-0.0329479670519999,-0.0329479670519999,-0.049422,-0.049422,0.5,1
2025-06-09,0.096674,0.1273009913558485,12,-0.169166,0.251391,0.2219354166666667,2.663225,0.24040475,0.1064534967623507,12,2,neutral,0.195518,0.0856179610801727,0.0214553844708333,0.0512019166666666,0.1332613486518912,1.6666666666666667,0.1129273888888888,-0.0295508749999999,0.0292146615646258,0.0856179610801727,1.4285714285714286,0.0906375578231292,0.0091933244047619,0.0269259051870748,0.1271990056071853,1.5714285714285714,0.1184361930272109,-0.0002599411172161,0.0196848441269841,0.1002858680472614,1.9666666666666663,0.1116496109920635,-0.0001102129381852,55.73173661661428,0.0113994363085617,0.0087040312676289,0.2522898440797523,-0.2113310955083237,-1.978046214236575,-0.3435186963141765,0.0,0.2442355,0.0,0.158519,0.0,0.2,1.0,0.466096375,0.158519,0.2,0.2,0.158519,0.2,0.0,0.8,0.0,0.1983209999999999,0.0,0.121341,0.0,0.251391,0.145871,0.1146423749999999,0.251391,0.251391,0.251391,0.121341,0.251391,0.0,0.0008459999999999,0.0,0.2086841124569999,0.0,0.019234853979,0.0,0.0502781999999999,0.437613,0.514811513343,0.0398502499289999,0.0502781999999999,0.0502781999999999,0.019234853979,0.0502781999999999,0.0,-0.1977288,0.0457089666666666,0.5485076,0.5666666666666667,2
2025-06-10,0.18000375,0.1261516153744506,4,0.058336,0.307451,0.206498,0.825992,0.286083,0.1726217668835538,4,2,bullish,0.08332975,0.1006384152336513,0.0371704143674999,0.0592779166666666,0.1431358348091801,1.6666666666666667,0.1527574722222222,0.139423875,0.0555146258503401,0.1006384152336513,1.5714285714285714,0.1094335578231292,0.0205906322278911,0.0415831373299319,0.1324453228851459,1.6428571428571428,0.1228729073129251,0.0023953575745682,0.0221041824603174,0.1033055179166566,1.9333333333333331,0.1153363709920634,0.0015291974516658,54.68595895781981,0.0227928978228755,0.0115218045786782,0.2704919005887181,-0.2146330770172895,0.8619665059892008,2.8400127202257757,0.0,0.538269,0.0,0.0,0.0,0.0,0.0,0.465316,0.158519,0.0,0.5,0.0,0.5,1.0,0.0,0.0,0.058336,0.0,0.0,0.0,0.0,0.0,0.18000375,0.08579,0.0,0.058336,0.0,0.058336,0.177114,0.0,0.0,0.031400460384,0.0,0.0,0.0,0.0,0.0,0.4751484614949999,0.01359934501,0.0,0.029168,0.0,0.029168,0.354228,0.0,0.0929186749999999,0.3716746999999999,0.55,2
2025-06-11,-0.0127766666666666,0.0961670717050973,3,-0.123413,0.050776,0.2290803333333333,0.687241,0.2465183333333333,0.1787176148042865,3,1,neutral,-0.1927804166666666,0.0977515153909485,-0.0029268830588888,0.0879670277777778,0.0966846977887525,1.6666666666666667,0.21917125,-0.0547253333333333,0.0585641734693877,0.0977515153909485,1.5714285714285714,0.135633962585034,0.0004682614795918,0.0157132325680272,0.09879112957126,1.6428571428571428,0.1063463596938775,0.0109900949110413,0.019978384047619,0.1033466150759871,1.8333333333333333,0.1179691963888888,0.0015034224964245,40.980322551383985,0.0160813040488391,0.0124337044727104,0.266884266664316,-0.2184580472595541,-1.0709800027314245,-1.9329465087206252,0.0,0.684621,0.0,0.0,0.0,0.0,0.0,0.518786,0.0,0.0,0.0,0.0,0.0,0.0,1.0,0.0,-0.123413,0.0,0.0,0.0,0.0,0.0,-0.0445529999999999,0.0,0.0,0.0,0.0,0.0,0.0,0.050776,0.0,-0.084491131473,0.0,0.0,0.0,0.0,0.0,-0.110987881356,0.0,0.0,0.0,0.0,0.0,0.0,0.050776,-0.0063883333333333,-0.0191649999999999,0.5,1
2025-06-12,0.185789,0.0292697094143416,6,0.141535,0.225249,0.0555083333333333,0.33305,0.3138065,0.0670833770728635,6,4,bullish,0.1985656666666666,0.1091505647591318,0.0103128377416666,0.1176720277777778,0.1130089097862896,2.3333333333333335,0.1636955555555555,0.002892625,0.074929506802721,0.1091505647591318,1.8571428571428572,0.1281116292517007,0.0159091347789115,0.0434977325680272,0.0864129738741343,1.8571428571428572,0.1032350977891156,0.0086326805991627,0.0262055729365079,0.1075789644778269,1.9,0.1137476186111111,0.0024283059870755,61.7611061607234,0.0264795241198639,0.0152428684021411,0.286375972477391,-0.2148247197392957,-15.541273154187325,-14.470293151455898,0.0,0.818451,0.0,0.0,0.0,0.0,0.2,0.4768333333333334,0.576289,0.2,0.3,0.0,0.0,0.2,0.475,0.0,0.225249,0.0,0.0,0.0,0.0,0.1822195,0.1824153333333333,0.225249,0.1822195,0.168658,0.0,0.0,0.1822195,0.17899175,0.0,0.184355269299,0.0,0.0,0.0,0.0,0.0728878,0.287218643117,0.129808520961,0.0728878,0.1436552999999999,0.0,0.0,0.0728878,0.3536483,0.1119706666666666,0.671824,0.6,4
2025-06-13,0.0269404285714285,0.1091198107645248,7,-0.204722,0.1067,0.0756215714285714,0.529351,0.0906228571428571,0.1385573086902173,7,3,neutral,-0.1588485714285714,0.1084129473066505,0.0020372775435306,0.0666509206349206,0.1050703258757582,2.6666666666666665,0.1200700793650793,0.0198585476190476,0.0762231802721088,0.1084129473066505,2.142857142857143,0.1293557721088435,0.0026181917517006,0.0444083256802721,0.0861471656135874,1.8571428571428572,0.1028149778911564,0.0071934958398744,0.0277597316666666,0.1072293656028528,1.9333333333333331,0.1142273598809523,0.002116564878966,50.39959671706309,0.0216529401710261,0.0165248827559181,0.2837824366347547,-0.2164647981823738,-0.8549944906779812,14.68627866350934,0.769861,0.161647,0.0,0.158519,0.0,0.0,0.0,0.4036648333333333,0.0,0.0,0.9,0.0,0.0,0.0,0.75,-0.204722,0.020036,0.0,0.0866295,0.0,0.0,0.0,0.0167813333333333,0.0,0.0,0.0610114,0.0,0.0,0.0,0.097474,-0.157607483642,0.003238759292,0.0,0.0274648434209999,0.0,0.0,0.0,-0.0317559596559999,0.0,0.0,0.251707,0.0,0.0,0.0,0.141598,0.0134702142857142,0.0942915,0.5,3
2025-06-16,-0.0914076666666666,0.214471433121834,3,-0.238413,0.154693,0.093001,0.279003,0.0745336666666666,0.202778177850412,3,1,neutral,-0.1183480952380952,0.1180135388749051,-0.0085010044076666,0.0404405873015873,0.1390905773842443,2.6666666666666665,0.0747103015873015,-0.1385983333333333,0.0409112636054421,0.1180135388749051,2.0,0.1302119506802721,-0.0039776033163265,0.0325927959183673,0.0928574544076846,1.7857142857142858,0.1046220136054421,0.0042889100470957,0.0215786094444444,0.1086134288593625,1.9333333333333331,0.1152462598809523,0.0018047517013613,44.99849574007309,0.0081838706014948,0.0148566803250334,0.2805499479507904,-0.2300239961650761,-4.392955179770534,-3.537960689092553,0.0,0.0,0.0,0.0,0.158519,1.0,1.0,0.8064165000000001,0.0,0.0,0.0,0.310843,0.0,0.0,0.0,0.0,0.0,0.0,0.0,-0.238413,-0.238413,0.154693,-0.04186,0.0,0.0,0.0,0.154693,0.0,0.0,0.0,0.0,0.0,0.0,0.0,-0.037792990347,-0.238413,0.154693,-0.128715665967,0.0,0.0,0.0,0.0480852361989999,0.0,0.0,0.0,-0.0457038333333333,-0.1371115,0.5,1
2025-06-17,0.1915678,0.1295032112987936,5,0.066193,0.356341,0.1087747999999999,0.543874,0.2142287999999999,0.19686351685546,5,4,bullish,0.2829754666666667,0.1115650780847443,0.02083774913144,0.0423668539682539,0.1421170631352808,2.6666666666666665,0.0924657904761904,0.0823136857142857,0.0823986636054422,0.1115650780847443,2.4285714285714284,0.1414884935374149,-0.007800869217687,0.0482452102040816,0.1001216902200603,1.8571428571428572,0.1070700197278911,0.0068477960125588,0.0293026894444444,0.1122504779701176,2.033333333333333,0.1155128332142857,0.0024757098845277,55.97069973249692,0.0201112983797178,0.0159076039359703,0.2927452941238941,-0.2070373623381798,-3.0957519974619196,1.2972031823086143,0.158519,0.133349,0.0,0.0,0.0,0.0,0.0,0.981053,0.158519,0.25,0.625,0.0,0.0,0.375,0.375,0.298294,0.075961,0.0,0.0,0.0,0.0,0.0,0.1087375,0.151282,0.066193,0.075961,0.0,0.0,0.1087375,0.1087375,0.047285266586,0.019766925658,0.0,0.0,0.0,0.0,0.0,0.211742319892,0.0239810713579999,0.01654825,0.10227725,0.0,0.0,0.09218925,0.09218925,0.1044829,0.5224145,0.58,4
2025-06-18,0.0104138,0.0785343193527517,5,-0.124292,0.072224,0.0756928,0.378464,0.158393,0.1848045696255912,5,1,neutral,-0.181154,0.1144520719640289,0.00078824968064,0.0368579777777778,0.1433291651673223,2.0,0.0924895333333333,0.0509107333333333,0.0700757778911564,0.1144520719640289,2.2857142857142856,0.1205966911564625,-0.0134741994047619,0.0496452197278911,0.099391216186104,1.8571428571428572,0.1056171244897959,0.0038735509890109,0.0289139065873015,0.1122965552720604,2.0,0.1156928027380952,0.0023040157111075,50.49053048074652,0.0147760238248656,0.0156812879137494,0.2929869607656601,-0.2037178989799458,-0.945639089659118,2.150112907802802,0.0,0.0,0.0,0.0,0.0,0.0,0.0,0.65955,0.158519,0.0,0.5,0.0,0.0,0.0,0.8333333333333334,0.0,0.0,0.0,0.0,0.0,0.0,0.0,-0.0099759999999999,0.046872,0.0,0.009773,0.0,0.0,0.0,-0.0140983333333333,0.0,0.0,0.0,0.0,0.0,0.0,0.0,0.0566494267079999,0.0074301025679999,0.0,0.0048865,0.0,0.0,0.0,-0.0471815,0.0052069,0.0260345,0.5,1
2025-06-20,0.0869195,0.1214901373960043,2,0.001013,0.172826,0.037697,0.075394,0.147705,0.1844940587065068,2,2,neutral,0.0765057,0.1045286256632086,0.0032766043915,0.0963003666666667,0.0909406038222939,2.3333333333333335,0.0740548666666666,-0.05232415,0.0567780278911564,0.1045286256632086,2.2857142857142856,0.096482262585034,0.0040344811224489,0.0561463268707482,0.0985789538582336,1.9285714285714288,0.1029579102040816,0.003166841862899,0.028997301031746,0.1123401157044776,1.9666666666666663,0.1113822138492063,0.0030610298982996,52.199221773765544,0.0165305592627973,0.015851142183559,0.235901604595532,-0.1728807928098177,7.346568975782136,8.292208065441253,0.0,0.650727,0.0,0.0,0.0,0.25,0.25,0.108179,0.0,0.0,0.625,0.0,0.0,0.0,0.25,0.0,0.001013,0.0,0.0,0.0,0.172826,0.172826,0.001013,0.0,0.0,0.0869195,0.0,0.0,0.0,0.172826,0.0,0.000659186451,0.0,0.0,0.0,0.0432065,0.0432065,0.000109585327,0.0,0.0,0.0442195,0.0,0.0,0.0,0.0432065,0.04356105,0.0871221,0.6,2
2025-06-21,0.204351,0.1214901373960043,1,0.204351,0.204351,0.063933,0.063933,0.135456,0.1844940587065068,1,1,bullish,0.1174315,0.1123702291523504,0.013064772483,0.1005614333333333,0.0976856496357752,1.3333333333333333,0.0591076,0.0969686,0.0877962659863945,0.1123702291523504,2.2857142857142856,0.0728897863945578,0.0099094860544217,0.0731802197278911,0.1023137581097786,1.9285714285714288,0.1042618744897959,0.004425332736787,0.0374308343650793,0.1157545041426716,1.9,0.108315200515873,0.0036568109746278,55.52876638757349,0.0270845144268706,0.0180978166322213,0.2382195253501262,-0.1344442135644119,1.3510374541961236,-5.995531521586011,0.0,0.684621,0.0,0.0,0.310843,0.0,0.0,0.266143,0.0,0.0,0.5,0.0,0.5,0.0,0.0,0.0,0.204351,0.0,0.0,0.204351,0.0,0.0,0.204351,0.0,0.0,0.204351,0.0,0.204351,0.0,0.0,0.0,0.139902985971,0.0,0.0,0.063521077893,0.0,0.0,0.054386588193,0.0,0.0,0.1021755,0.0,0.1021755,0.0,0.0,0.1430457,0.1430457,0.7,1
2025-06-23,0.02812375,0.0585875362136293,4,-0.040611,0.099171,0.0477085,0.190834,0.28898625,0.1487204869060861,4,1,neutral,-0.17622725,0.1050154381445219,0.001341741926875,0.10646475,0.0897247095777556,1.3333333333333333,0.0497795,-0.029397875,0.0652726588435374,0.1050154381445219,1.8571428571428572,0.0717755244897959,0.0175149642006802,0.0701010828231292,0.1030231190294809,1.8571428571428572,0.0999435768707483,0.0030737670172684,0.040650406031746,0.1140381235930768,1.8,0.108098770515873,0.0028664602044599,49.03238830801668,0.0209866860332808,0.0186755905124332,0.2384262765479032,-0.1332578022621889,-0.8623752758733747,-2.213412730069498,0.0,0.360215,0.158519,0.0,0.0,0.0,0.5,0.6870946666666667,0.576289,0.0,0.0,0.108179,0.0,0.0,0.8333333333333334,0.0,0.010802,0.043133,0.0,0.0,0.0,-0.040611,0.0231206666666666,0.010802,0.0,0.0,-0.040611,0.0,0.0,0.0231206666666666,0.0,0.00389104243,0.0068374000269999,0.0,0.0,0.0,-0.0203055,-0.0176390959589999,0.006225073778,0.0,0.0,-0.004393257369,0.0,0.0,0.0896675,0.014061875,0.0562475,0.5,1
2025-06-24,-0.0106458,0.121315984728724,5,-0.139286,0.125741,0.0616901999999999,0.308451,0.1793776,0.160435822255505,5,2,neutral,-0.03876955,0.1082142074858705,-0.00065674153116,0.0739429833333333,0.1145882088611255,1.3333333333333333,0.0577772333333333,-0.1074984,0.0599031976190476,0.1082142074858705,1.7142857142857142,0.0697853285714285,0.0039048107142857,0.0680631889455782,0.1044083283928813,1.9285714285714288,0.099570550340136,-0.0009547055206698,0.0392621126984127,0.1144125208522146,1.8,0.1064993216269841,0.0024689831050373,49.355378022740354,0.0128773081585346,0.0175159340416535,0.2359864126414261,-0.1392834933557118,-1.3785341570736478,-0.5161588812002731,0.0,0.0,0.0,0.158519,0.0,1.0,1.0,0.8149486666666667,0.0,0.0,0.5,0.0,0.0,0.0,0.75,0.0,0.0,0.0,0.106013,0.0,-0.139286,0.115877,0.0644503333333333,0.0,0.0,-0.038403,0.0,0.0,0.0,-0.0728485,0.0,0.0,0.0,0.016805074747,0.0,-0.139286,0.231754,0.1401846159899999,0.0,0.0,-0.0192015,0.0,0.0,0.0,-0.1264955,-0.0053229,-0.0266145,0.5,2
2025-06-25,0.047508,0.1219314963760389,5,-0.161053,0.142037,0.0950008,0.475004,0.1147326,0.2177225323451846,5,3,neutral,0.0581538,0.0863749161589869,0.0045132980064,0.0216619833333333,0.0296105037942773,2.0,0.0681331666666666,0.009692125,0.0797482928571428,0.0863749161589869,2.0,0.0700710142857142,-0.0190390839285714,0.0603297782312925,0.1013774481595107,2.0,0.1001414824829931,0.0013496262585034,0.0387940668650793,0.1143469046509609,1.8333333333333333,0.1063200024603174,0.0026758876352031,47.46234873790733,0.0110160859755333,0.0162159644284294,0.2363179110781281,-0.1321075917924138,-5.462604970974469,-4.084070813900821,0.0,0.980716,0.0,0.0,0.0,0.0,0.0,0.4173166666666666,0.158519,0.0,0.5,0.0,0.0,0.0,0.75,0.0,0.060876,0.0,0.0,0.0,0.0,0.0,0.0855186666666666,0.060876,0.0,0.06792,0.0,0.0,0.0,0.064398,0.0,0.059702067216,0.0,0.0,0.0,0.0,0.0,0.0849592310679999,0.0096500026439999,0.0,0.03396,0.0,0.0,0.0,0.094836,0.0261890399999999,0.1309451999999999,0.54,3
2025-06-26,0.0880934,0.1961838285825312,5,-0.243942,0.280911,0.1453655999999999,0.7268279999999999,0.198092,0.217049104774703,5,2,neutral,0.0405854,0.0716475528667513,0.01280574994704,0.0416518666666667,0.0496294078886038,2.3333333333333335,0.1006855333333333,0.0493696,0.0649662357142857,0.0716475528667513,1.7142857142857142,0.0752982714285714,-0.00217075,0.0736824496598639,0.0905302517550075,2.0714285714285716,0.1083933824829932,-0.003104614599686,0.0432458913095238,0.1135505527785101,1.8,0.1091591946825396,0.0024128761234705,54.870208044891086,0.0126698922895312,0.0155067500006498,0.239497265853831,-0.1255589732347834,0.8542855940052205,6.316890564979689,0.0,0.158519,0.0,0.0,0.310843,0.0,1.0,0.18598275,0.0,0.0,0.5,0.0,0.0,0.0,0.8333333333333334,0.0,0.280911,0.0,0.0,-0.243942,0.0,-0.243942,0.17110225,0.0,0.0,0.134748,0.0,0.0,0.0,0.1344993333333333,0.0,0.044529730809,0.0,0.0,-0.0758276631059999,0.0,-0.243942,0.117354515216,0.0,0.0,0.067374,0.0,0.0,0.0,0.336124,0.0440467,0.2202335,0.5,2
2025-06-27,0.3123346666666666,0.3690070595562276,3,0.0,0.719503,0.3420803333333333,1.026241,0.2508703333333333,0.1975877802151067,3,2,bullish,0.2242412666666666,0.1125411685448998,0.1068435468848888,0.1493120222222222,0.1426326772676406,2.3333333333333335,0.1941489111111111,0.1324133333333333,0.1080977880952381,0.1125411685448998,1.8571428571428572,0.1133536333333333,0.0165398053571428,0.0890867829931972,0.1108181479082952,2.0714285714285716,0.1169751622448979,0.0044719833699633,0.0513478278174603,0.123690387176073,1.8333333333333333,0.1175951724603174,0.0043284546705333,55.53567552940712,0.031709346257607,0.0187472692520412,0.2854082617592869,-0.1398269024735725,2.545494516804512,1.6912089227992912,0.0,0.158519,0.0,0.0,0.0,0.0,0.0,0.423134,0.0,0.0,0.75,0.0,0.0,0.0,0.75,0.0,0.217501,0.0,0.0,0.0,0.0,0.0,0.1087505,0.0,0.0,0.3597515,0.0,0.0,0.0,0.468502,0.0,0.034478041019,0.0,0.0,0.0,0.0,0.0,0.035158384147,0.0,0.0,0.3597515,0.0,0.0,0.0,0.5772525,0.1561673333333333,0.468502,0.6333333333333333,2
2025-06-28,0.0063905,0.0633475752061592,2,-0.038403,0.051184,0.0543205,0.108641,0.1201059999999999,0.0294835243483542,2,2,neutral,-0.3059441666666666,0.1189975652059103,0.00034713515525,0.1356061888888889,0.158409460293066,2.0,0.1805888111111111,-0.04085145,0.0965936452380952,0.1189975652059103,1.8571428571428572,0.115728419047619,0.0026171261904761,0.0766858365646258,0.109568530186629,2.0714285714285716,0.1061053408163265,0.0051064950758765,0.0490105378174603,0.123860909679351,1.8,0.1145860824603174,0.0042119340989988,46.0006730611546,0.0218592211546744,0.0193696596325679,0.283887455397654,-0.1342546961119397,-0.9795395750711844,-3.525034091875696,0.0,0.0,0.451494,0.0,0.0,0.0,0.0,0.518786,0.0,0.0,0.5,0.0,0.0,0.0,0.5,0.0,0.0,0.051184,0.0,0.0,0.0,0.0,0.0063905,0.0,0.0,-0.038403,0.0,0.0,0.0,-0.038403,0.0,0.0,0.023109268896,0.0,0.0,0.0,0.0,-0.030154445443,0.0,0.0,-0.0192015,0.0,0.0,0.0,-0.0192015,0.01343205,0.0268641,0.7,2
2025-06-29,-0.038627,0.0633475752061592,1,-0.038627,-0.038627,0.072876,0.072876,0.115468,0.0294835243483542,1,1,neutral,-0.0450175,0.1177578408385829,-0.002814981252,0.0933660555555555,0.1909635654136918,1.6666666666666667,0.1564256111111111,-0.1754808333333333,0.0618825023809523,0.1177578408385829,1.8571428571428572,0.1170059904761904,0.0035231077380952,0.0748393841836734,0.1113947229370875,2.0714285714285716,0.0949478884353741,-0.0011374706907378,0.0530647044841269,0.1186563661676691,1.8,0.1140985157936508,0.0022033407132263,49.361015841032874,0.0103016512209266,0.0175560579502396,0.2844752892839345,-0.1458283966648868,-7.04444096706048,-6.064901391989296,0.0,0.0,0.0,0.0,0.0,0.0,0.0,0.918141,0.0,0.0,0.5,0.0,0.0,0.0,0.5,0.0,0.0,0.0,0.0,0.0,0.0,0.0,-0.038627,0.0,0.0,-0.038627,0.0,0.0,0.0,-0.038627,0.0,0.0,0.0,0.0,0.0,0.0,0.0,-0.035465032407,0.0,0.0,-0.0193135,0.0,0.0,0.0,-0.0193135,-0.0193135,-0.0193135,0.5,1
